[2026-08-04T07:54:06.185+0000] {processor.py:161} INFO - Started process (PID=178) to work on /home/airflow/.local/lib/python3.12/site-packages/airflow/example_dags/plugins/listener_plugin.py
[2026-08-04T07:54:06.190+0000] {processor.py:830} INFO - Processing file /home/airflow/.local/lib/python3.12/site-packages/airflow/example_dags/plugins/listener_plugin.py for tasks to queue
[2026-08-04T07:54:06.197+0000] {logging_mixin.py:188} INFO - [2026-08-04T07:54:06.196+0000] {dagbag.py:545} INFO - Filling up the DagBag from /home/airflow/.local/lib/python3.12/site-packages/airflow/example_dags/plugins/listener_plugin.py
[2026-08-04T07:54:06.211+0000] {processor.py:842} WARNING - No viable dags retrieved from /home/airflow/.local/lib/python3.12/site-packages/airflow/example_dags/plugins/listener_plugin.py
[2026-08-04T07:54:06.280+0000] {processor.py:183} INFO - Processing /home/airflow/.local/lib/python3.12/site-packages/airflow/example_dags/plugins/listener_plugin.py took 0.125 seconds
[2026-08-04T07:54:49.832+0000] {processor.py:161} INFO - Started process (PID=258) to work on /home/airflow/.local/lib/python3.12/site-packages/airflow/example_dags/plugins/listener_plugin.py
[2026-08-04T07:54:49.836+0000] {processor.py:830} INFO - Processing file /home/airflow/.local/lib/python3.12/site-packages/airflow/example_dags/plugins/listener_plugin.py for tasks to queue
[2026-08-04T07:54:49.892+0000] {logging_mixin.py:188} INFO - [2026-08-04T07:54:49.891+0000] {dagbag.py:545} INFO - Filling up the DagBag from /home/airflow/.local/lib/python3.12/site-packages/airflow/example_dags/plugins/listener_plugin.py
[2026-08-04T07:54:49.929+0000] {processor.py:842} WARNING - No viable dags retrieved from /home/airflow/.local/lib/python3.12/site-packages/airflow/example_dags/plugins/listener_plugin.py
[2026-08-04T07:54:50.015+0000] {processor.py:183} INFO - Processing /home/airflow/.local/lib/python3.12/site-packages/airflow/example_dags/plugins/listener_plugin.py took 0.202 seconds
[2026-08-04T07:55:36.036+0000] {processor.py:161} INFO - Started process (PID=330) to work on /home/airflow/.local/lib/python3.12/site-packages/airflow/example_dags/plugins/listener_plugin.py
[2026-08-04T07:55:36.042+0000] {processor.py:830} INFO - Processing file /home/airflow/.local/lib/python3.12/site-packages/airflow/example_dags/plugins/listener_plugin.py for tasks to queue
[2026-08-04T07:55:36.100+0000] {logging_mixin.py:188} INFO - [2026-08-04T07:55:36.091+0000] {dagbag.py:545} INFO - Filling up the DagBag from /home/airflow/.local/lib/python3.12/site-packages/airflow/example_dags/plugins/listener_plugin.py
[2026-08-04T07:55:36.161+0000] {processor.py:842} WARNING - No viable dags retrieved from /home/airflow/.local/lib/python3.12/site-packages/airflow/example_dags/plugins/listener_plugin.py
[2026-08-04T07:55:36.267+0000] {processor.py:183} INFO - Processing /home/airflow/.local/lib/python3.12/site-packages/airflow/example_dags/plugins/listener_plugin.py took 0.259 seconds
[2026-08-04T07:56:50.207+0000] {processor.py:161} INFO - Started process (PID=417) to work on /home/airflow/.local/lib/python3.12/site-packages/airflow/example_dags/plugins/listener_plugin.py
[2026-08-04T07:56:50.212+0000] {processor.py:830} INFO - Processing file /home/airflow/.local/lib/python3.12/site-packages/airflow/example_dags/plugins/listener_plugin.py for tasks to queue
[2026-08-04T07:56:50.230+0000] {logging_mixin.py:188} INFO - [2026-08-04T07:56:50.229+0000] {dagbag.py:545} INFO - Filling up the DagBag from /home/airflow/.local/lib/python3.12/site-packages/airflow/example_dags/plugins/listener_plugin.py
[2026-08-04T07:56:50.289+0000] {processor.py:842} WARNING - No viable dags retrieved from /home/airflow/.local/lib/python3.12/site-packages/airflow/example_dags/plugins/listener_plugin.py
[2026-08-04T07:56:50.435+0000] {processor.py:183} INFO - Processing /home/airflow/.local/lib/python3.12/site-packages/airflow/example_dags/plugins/listener_plugin.py took 0.253 seconds
[2026-08-04T07:57:33.311+0000] {processor.py:161} INFO - Started process (PID=499) to work on /home/airflow/.local/lib/python3.12/site-packages/airflow/example_dags/plugins/listener_plugin.py
[2026-08-04T07:57:33.326+0000] {processor.py:830} INFO - Processing file /home/airflow/.local/lib/python3.12/site-packages/airflow/example_dags/plugins/listener_plugin.py for tasks to queue
[2026-08-04T07:57:33.346+0000] {logging_mixin.py:188} INFO - [2026-08-04T07:57:33.345+0000] {dagbag.py:545} INFO - Filling up the DagBag from /home/airflow/.local/lib/python3.12/site-packages/airflow/example_dags/plugins/listener_plugin.py
[2026-08-04T07:57:33.394+0000] {processor.py:842} WARNING - No viable dags retrieved from /home/airflow/.local/lib/python3.12/site-packages/airflow/example_dags/plugins/listener_plugin.py
[2026-08-04T07:57:33.491+0000] {processor.py:183} INFO - Processing /home/airflow/.local/lib/python3.12/site-packages/airflow/example_dags/plugins/listener_plugin.py took 0.256 seconds
[2026-08-04T07:58:15.381+0000] {processor.py:161} INFO - Started process (PID=577) to work on /home/airflow/.local/lib/python3.12/site-packages/airflow/example_dags/plugins/listener_plugin.py
[2026-08-04T07:58:15.387+0000] {processor.py:830} INFO - Processing file /home/airflow/.local/lib/python3.12/site-packages/airflow/example_dags/plugins/listener_plugin.py for tasks to queue
[2026-08-04T07:58:15.434+0000] {logging_mixin.py:188} INFO - [2026-08-04T07:58:15.432+0000] {dagbag.py:545} INFO - Filling up the DagBag from /home/airflow/.local/lib/python3.12/site-packages/airflow/example_dags/plugins/listener_plugin.py
[2026-08-04T07:58:15.518+0000] {processor.py:842} WARNING - No viable dags retrieved from /home/airflow/.local/lib/python3.12/site-packages/airflow/example_dags/plugins/listener_plugin.py
[2026-08-04T07:58:15.771+0000] {processor.py:183} INFO - Processing /home/airflow/.local/lib/python3.12/site-packages/airflow/example_dags/plugins/listener_plugin.py took 0.460 seconds
[2026-08-04T07:58:52.060+0000] {processor.py:161} INFO - Started process (PID=645) to work on /home/airflow/.local/lib/python3.12/site-packages/airflow/example_dags/plugins/listener_plugin.py
[2026-08-04T07:58:52.065+0000] {processor.py:830} INFO - Processing file /home/airflow/.local/lib/python3.12/site-packages/airflow/example_dags/plugins/listener_plugin.py for tasks to queue
[2026-08-04T07:58:52.097+0000] {logging_mixin.py:188} INFO - [2026-08-04T07:58:52.096+0000] {dagbag.py:545} INFO - Filling up the DagBag from /home/airflow/.local/lib/python3.12/site-packages/airflow/example_dags/plugins/listener_plugin.py
[2026-08-04T07:58:52.106+0000] {processor.py:842} WARNING - No viable dags retrieved from /home/airflow/.local/lib/python3.12/site-packages/airflow/example_dags/plugins/listener_plugin.py
[2026-08-04T07:58:52.196+0000] {processor.py:183} INFO - Processing /home/airflow/.local/lib/python3.12/site-packages/airflow/example_dags/plugins/listener_plugin.py took 0.195 seconds
[2026-08-04T07:59:35.312+0000] {processor.py:161} INFO - Started process (PID=727) to work on /home/airflow/.local/lib/python3.12/site-packages/airflow/example_dags/plugins/listener_plugin.py
[2026-08-04T07:59:35.356+0000] {processor.py:830} INFO - Processing file /home/airflow/.local/lib/python3.12/site-packages/airflow/example_dags/plugins/listener_plugin.py for tasks to queue
[2026-08-04T07:59:35.368+0000] {logging_mixin.py:188} INFO - [2026-08-04T07:59:35.367+0000] {dagbag.py:545} INFO - Filling up the DagBag from /home/airflow/.local/lib/python3.12/site-packages/airflow/example_dags/plugins/listener_plugin.py
[2026-08-04T07:59:35.404+0000] {processor.py:842} WARNING - No viable dags retrieved from /home/airflow/.local/lib/python3.12/site-packages/airflow/example_dags/plugins/listener_plugin.py
[2026-08-04T07:59:35.498+0000] {processor.py:183} INFO - Processing /home/airflow/.local/lib/python3.12/site-packages/airflow/example_dags/plugins/listener_plugin.py took 0.244 seconds
[2026-08-04T08:00:10.270+0000] {processor.py:161} INFO - Started process (PID=799) to work on /home/airflow/.local/lib/python3.12/site-packages/airflow/example_dags/plugins/listener_plugin.py
[2026-08-04T08:00:10.274+0000] {processor.py:830} INFO - Processing file /home/airflow/.local/lib/python3.12/site-packages/airflow/example_dags/plugins/listener_plugin.py for tasks to queue
[2026-08-04T08:00:10.283+0000] {logging_mixin.py:188} INFO - [2026-08-04T08:00:10.282+0000] {dagbag.py:545} INFO - Filling up the DagBag from /home/airflow/.local/lib/python3.12/site-packages/airflow/example_dags/plugins/listener_plugin.py
[2026-08-04T08:00:10.293+0000] {processor.py:842} WARNING - No viable dags retrieved from /home/airflow/.local/lib/python3.12/site-packages/airflow/example_dags/plugins/listener_plugin.py
[2026-08-04T08:00:10.340+0000] {processor.py:183} INFO - Processing /home/airflow/.local/lib/python3.12/site-packages/airflow/example_dags/plugins/listener_plugin.py took 0.083 seconds
[2026-08-04T08:00:50.480+0000] {processor.py:161} INFO - Started process (PID=872) to work on /home/airflow/.local/lib/python3.12/site-packages/airflow/example_dags/plugins/listener_plugin.py
[2026-08-04T08:00:50.497+0000] {processor.py:830} INFO - Processing file /home/airflow/.local/lib/python3.12/site-packages/airflow/example_dags/plugins/listener_plugin.py for tasks to queue
[2026-08-04T08:00:50.538+0000] {logging_mixin.py:188} INFO - [2026-08-04T08:00:50.536+0000] {dagbag.py:545} INFO - Filling up the DagBag from /home/airflow/.local/lib/python3.12/site-packages/airflow/example_dags/plugins/listener_plugin.py
[2026-08-04T08:00:50.564+0000] {processor.py:842} WARNING - No viable dags retrieved from /home/airflow/.local/lib/python3.12/site-packages/airflow/example_dags/plugins/listener_plugin.py
[2026-08-04T08:00:50.610+0000] {processor.py:183} INFO - Processing /home/airflow/.local/lib/python3.12/site-packages/airflow/example_dags/plugins/listener_plugin.py took 0.208 seconds
[2026-08-04T08:01:24.219+0000] {processor.py:161} INFO - Started process (PID=944) to work on /home/airflow/.local/lib/python3.12/site-packages/airflow/example_dags/plugins/listener_plugin.py
[2026-08-04T08:01:24.228+0000] {processor.py:830} INFO - Processing file /home/airflow/.local/lib/python3.12/site-packages/airflow/example_dags/plugins/listener_plugin.py for tasks to queue
[2026-08-04T08:01:24.249+0000] {logging_mixin.py:188} INFO - [2026-08-04T08:01:24.248+0000] {dagbag.py:545} INFO - Filling up the DagBag from /home/airflow/.local/lib/python3.12/site-packages/airflow/example_dags/plugins/listener_plugin.py
[2026-08-04T08:01:24.264+0000] {processor.py:842} WARNING - No viable dags retrieved from /home/airflow/.local/lib/python3.12/site-packages/airflow/example_dags/plugins/listener_plugin.py
[2026-08-04T08:01:24.456+0000] {processor.py:183} INFO - Processing /home/airflow/.local/lib/python3.12/site-packages/airflow/example_dags/plugins/listener_plugin.py took 0.318 seconds
[2026-08-04T08:01:55.007+0000] {processor.py:161} INFO - Started process (PID=1009) to work on /home/airflow/.local/lib/python3.12/site-packages/airflow/example_dags/plugins/listener_plugin.py
[2026-08-04T08:01:55.053+0000] {processor.py:830} INFO - Processing file /home/airflow/.local/lib/python3.12/site-packages/airflow/example_dags/plugins/listener_plugin.py for tasks to queue
[2026-08-04T08:01:55.068+0000] {logging_mixin.py:188} INFO - [2026-08-04T08:01:55.068+0000] {dagbag.py:545} INFO - Filling up the DagBag from /home/airflow/.local/lib/python3.12/site-packages/airflow/example_dags/plugins/listener_plugin.py
[2026-08-04T08:01:55.083+0000] {processor.py:842} WARNING - No viable dags retrieved from /home/airflow/.local/lib/python3.12/site-packages/airflow/example_dags/plugins/listener_plugin.py
[2026-08-04T08:01:55.147+0000] {processor.py:183} INFO - Processing /home/airflow/.local/lib/python3.12/site-packages/airflow/example_dags/plugins/listener_plugin.py took 0.178 seconds
[2026-08-04T08:02:36.484+0000] {processor.py:161} INFO - Started process (PID=1082) to work on /home/airflow/.local/lib/python3.12/site-packages/airflow/example_dags/plugins/listener_plugin.py
[2026-08-04T08:02:36.490+0000] {processor.py:830} INFO - Processing file /home/airflow/.local/lib/python3.12/site-packages/airflow/example_dags/plugins/listener_plugin.py for tasks to queue
[2026-08-04T08:02:36.498+0000] {logging_mixin.py:188} INFO - [2026-08-04T08:02:36.497+0000] {dagbag.py:545} INFO - Filling up the DagBag from /home/airflow/.local/lib/python3.12/site-packages/airflow/example_dags/plugins/listener_plugin.py
[2026-08-04T08:02:36.536+0000] {processor.py:842} WARNING - No viable dags retrieved from /home/airflow/.local/lib/python3.12/site-packages/airflow/example_dags/plugins/listener_plugin.py
[2026-08-04T08:02:36.636+0000] {processor.py:183} INFO - Processing /home/airflow/.local/lib/python3.12/site-packages/airflow/example_dags/plugins/listener_plugin.py took 0.171 seconds
[2026-08-04T08:03:11.388+0000] {processor.py:161} INFO - Started process (PID=1155) to work on /home/airflow/.local/lib/python3.12/site-packages/airflow/example_dags/plugins/listener_plugin.py
[2026-08-04T08:03:11.399+0000] {processor.py:830} INFO - Processing file /home/airflow/.local/lib/python3.12/site-packages/airflow/example_dags/plugins/listener_plugin.py for tasks to queue
[2026-08-04T08:03:11.414+0000] {logging_mixin.py:188} INFO - [2026-08-04T08:03:11.413+0000] {dagbag.py:545} INFO - Filling up the DagBag from /home/airflow/.local/lib/python3.12/site-packages/airflow/example_dags/plugins/listener_plugin.py
[2026-08-04T08:03:11.436+0000] {processor.py:842} WARNING - No viable dags retrieved from /home/airflow/.local/lib/python3.12/site-packages/airflow/example_dags/plugins/listener_plugin.py
[2026-08-04T08:03:11.501+0000] {processor.py:183} INFO - Processing /home/airflow/.local/lib/python3.12/site-packages/airflow/example_dags/plugins/listener_plugin.py took 0.136 seconds
[2026-08-04T08:03:49.899+0000] {processor.py:161} INFO - Started process (PID=1226) to work on /home/airflow/.local/lib/python3.12/site-packages/airflow/example_dags/plugins/listener_plugin.py
[2026-08-04T08:03:49.903+0000] {processor.py:830} INFO - Processing file /home/airflow/.local/lib/python3.12/site-packages/airflow/example_dags/plugins/listener_plugin.py for tasks to queue
[2026-08-04T08:03:49.916+0000] {logging_mixin.py:188} INFO - [2026-08-04T08:03:49.915+0000] {dagbag.py:545} INFO - Filling up the DagBag from /home/airflow/.local/lib/python3.12/site-packages/airflow/example_dags/plugins/listener_plugin.py
[2026-08-04T08:03:49.929+0000] {processor.py:842} WARNING - No viable dags retrieved from /home/airflow/.local/lib/python3.12/site-packages/airflow/example_dags/plugins/listener_plugin.py
[2026-08-04T08:03:49.978+0000] {processor.py:183} INFO - Processing /home/airflow/.local/lib/python3.12/site-packages/airflow/example_dags/plugins/listener_plugin.py took 0.098 seconds
[2026-08-04T08:04:26.144+0000] {processor.py:161} INFO - Started process (PID=1299) to work on /home/airflow/.local/lib/python3.12/site-packages/airflow/example_dags/plugins/listener_plugin.py
[2026-08-04T08:04:26.153+0000] {processor.py:830} INFO - Processing file /home/airflow/.local/lib/python3.12/site-packages/airflow/example_dags/plugins/listener_plugin.py for tasks to queue
[2026-08-04T08:04:26.177+0000] {logging_mixin.py:188} INFO - [2026-08-04T08:04:26.172+0000] {dagbag.py:545} INFO - Filling up the DagBag from /home/airflow/.local/lib/python3.12/site-packages/airflow/example_dags/plugins/listener_plugin.py
[2026-08-04T08:04:26.216+0000] {processor.py:842} WARNING - No viable dags retrieved from /home/airflow/.local/lib/python3.12/site-packages/airflow/example_dags/plugins/listener_plugin.py
[2026-08-04T08:04:26.289+0000] {processor.py:183} INFO - Processing /home/airflow/.local/lib/python3.12/site-packages/airflow/example_dags/plugins/listener_plugin.py took 0.246 seconds
[2026-08-04T08:04:56.649+0000] {processor.py:161} INFO - Started process (PID=1363) to work on /home/airflow/.local/lib/python3.12/site-packages/airflow/example_dags/plugins/listener_plugin.py
[2026-08-04T08:04:56.653+0000] {processor.py:830} INFO - Processing file /home/airflow/.local/lib/python3.12/site-packages/airflow/example_dags/plugins/listener_plugin.py for tasks to queue
[2026-08-04T08:04:56.663+0000] {logging_mixin.py:188} INFO - [2026-08-04T08:04:56.662+0000] {dagbag.py:545} INFO - Filling up the DagBag from /home/airflow/.local/lib/python3.12/site-packages/airflow/example_dags/plugins/listener_plugin.py
[2026-08-04T08:04:56.672+0000] {processor.py:842} WARNING - No viable dags retrieved from /home/airflow/.local/lib/python3.12/site-packages/airflow/example_dags/plugins/listener_plugin.py
[2026-08-04T08:04:56.715+0000] {processor.py:183} INFO - Processing /home/airflow/.local/lib/python3.12/site-packages/airflow/example_dags/plugins/listener_plugin.py took 0.092 seconds
[2026-08-04T08:05:40.472+0000] {processor.py:161} INFO - Started process (PID=1441) to work on /home/airflow/.local/lib/python3.12/site-packages/airflow/example_dags/plugins/listener_plugin.py
[2026-08-04T08:05:40.510+0000] {processor.py:830} INFO - Processing file /home/airflow/.local/lib/python3.12/site-packages/airflow/example_dags/plugins/listener_plugin.py for tasks to queue
[2026-08-04T08:05:40.552+0000] {logging_mixin.py:188} INFO - [2026-08-04T08:05:40.541+0000] {dagbag.py:545} INFO - Filling up the DagBag from /home/airflow/.local/lib/python3.12/site-packages/airflow/example_dags/plugins/listener_plugin.py
[2026-08-04T08:05:40.581+0000] {processor.py:842} WARNING - No viable dags retrieved from /home/airflow/.local/lib/python3.12/site-packages/airflow/example_dags/plugins/listener_plugin.py
[2026-08-04T08:05:40.784+0000] {processor.py:183} INFO - Processing /home/airflow/.local/lib/python3.12/site-packages/airflow/example_dags/plugins/listener_plugin.py took 0.392 seconds
[2026-08-04T08:06:14.820+0000] {processor.py:161} INFO - Started process (PID=1506) to work on /home/airflow/.local/lib/python3.12/site-packages/airflow/example_dags/plugins/listener_plugin.py
[2026-08-04T08:06:14.825+0000] {processor.py:830} INFO - Processing file /home/airflow/.local/lib/python3.12/site-packages/airflow/example_dags/plugins/listener_plugin.py for tasks to queue
[2026-08-04T08:06:14.833+0000] {logging_mixin.py:188} INFO - [2026-08-04T08:06:14.832+0000] {dagbag.py:545} INFO - Filling up the DagBag from /home/airflow/.local/lib/python3.12/site-packages/airflow/example_dags/plugins/listener_plugin.py
[2026-08-04T08:06:14.850+0000] {processor.py:842} WARNING - No viable dags retrieved from /home/airflow/.local/lib/python3.12/site-packages/airflow/example_dags/plugins/listener_plugin.py
[2026-08-04T08:06:14.930+0000] {processor.py:183} INFO - Processing /home/airflow/.local/lib/python3.12/site-packages/airflow/example_dags/plugins/listener_plugin.py took 0.154 seconds
[2026-08-04T08:06:53.217+0000] {processor.py:161} INFO - Started process (PID=1579) to work on /home/airflow/.local/lib/python3.12/site-packages/airflow/example_dags/plugins/listener_plugin.py
[2026-08-04T08:06:53.251+0000] {processor.py:830} INFO - Processing file /home/airflow/.local/lib/python3.12/site-packages/airflow/example_dags/plugins/listener_plugin.py for tasks to queue
[2026-08-04T08:06:53.261+0000] {logging_mixin.py:188} INFO - [2026-08-04T08:06:53.258+0000] {dagbag.py:545} INFO - Filling up the DagBag from /home/airflow/.local/lib/python3.12/site-packages/airflow/example_dags/plugins/listener_plugin.py
[2026-08-04T08:06:53.277+0000] {processor.py:842} WARNING - No viable dags retrieved from /home/airflow/.local/lib/python3.12/site-packages/airflow/example_dags/plugins/listener_plugin.py
[2026-08-04T08:06:53.351+0000] {processor.py:183} INFO - Processing /home/airflow/.local/lib/python3.12/site-packages/airflow/example_dags/plugins/listener_plugin.py took 0.201 seconds
[2026-08-04T08:07:42.676+0000] {processor.py:161} INFO - Started process (PID=1662) to work on /home/airflow/.local/lib/python3.12/site-packages/airflow/example_dags/plugins/listener_plugin.py
[2026-08-04T08:07:42.685+0000] {processor.py:830} INFO - Processing file /home/airflow/.local/lib/python3.12/site-packages/airflow/example_dags/plugins/listener_plugin.py for tasks to queue
[2026-08-04T08:07:42.717+0000] {logging_mixin.py:188} INFO - [2026-08-04T08:07:42.716+0000] {dagbag.py:545} INFO - Filling up the DagBag from /home/airflow/.local/lib/python3.12/site-packages/airflow/example_dags/plugins/listener_plugin.py
[2026-08-04T08:07:42.760+0000] {processor.py:842} WARNING - No viable dags retrieved from /home/airflow/.local/lib/python3.12/site-packages/airflow/example_dags/plugins/listener_plugin.py
[2026-08-04T08:07:42.921+0000] {processor.py:183} INFO - Processing /home/airflow/.local/lib/python3.12/site-packages/airflow/example_dags/plugins/listener_plugin.py took 0.329 seconds
[2026-08-04T08:08:20.309+0000] {processor.py:161} INFO - Started process (PID=1728) to work on /home/airflow/.local/lib/python3.12/site-packages/airflow/example_dags/plugins/listener_plugin.py
[2026-08-04T08:08:20.313+0000] {processor.py:830} INFO - Processing file /home/airflow/.local/lib/python3.12/site-packages/airflow/example_dags/plugins/listener_plugin.py for tasks to queue
[2026-08-04T08:08:20.319+0000] {logging_mixin.py:188} INFO - [2026-08-04T08:08:20.318+0000] {dagbag.py:545} INFO - Filling up the DagBag from /home/airflow/.local/lib/python3.12/site-packages/airflow/example_dags/plugins/listener_plugin.py
[2026-08-04T08:08:20.329+0000] {processor.py:842} WARNING - No viable dags retrieved from /home/airflow/.local/lib/python3.12/site-packages/airflow/example_dags/plugins/listener_plugin.py
[2026-08-04T08:08:20.379+0000] {processor.py:183} INFO - Processing /home/airflow/.local/lib/python3.12/site-packages/airflow/example_dags/plugins/listener_plugin.py took 0.086 seconds
[2026-08-04T08:09:00.992+0000] {processor.py:161} INFO - Started process (PID=1800) to work on /home/airflow/.local/lib/python3.12/site-packages/airflow/example_dags/plugins/listener_plugin.py
[2026-08-04T08:09:00.995+0000] {processor.py:830} INFO - Processing file /home/airflow/.local/lib/python3.12/site-packages/airflow/example_dags/plugins/listener_plugin.py for tasks to queue
[2026-08-04T08:09:01.009+0000] {logging_mixin.py:188} INFO - [2026-08-04T08:09:01.008+0000] {dagbag.py:545} INFO - Filling up the DagBag from /home/airflow/.local/lib/python3.12/site-packages/airflow/example_dags/plugins/listener_plugin.py
[2026-08-04T08:09:01.031+0000] {processor.py:842} WARNING - No viable dags retrieved from /home/airflow/.local/lib/python3.12/site-packages/airflow/example_dags/plugins/listener_plugin.py
[2026-08-04T08:09:01.071+0000] {processor.py:183} INFO - Processing /home/airflow/.local/lib/python3.12/site-packages/airflow/example_dags/plugins/listener_plugin.py took 0.152 seconds
[2026-08-04T08:09:37.170+0000] {processor.py:161} INFO - Started process (PID=1875) to work on /home/airflow/.local/lib/python3.12/site-packages/airflow/example_dags/plugins/listener_plugin.py
[2026-08-04T08:09:37.174+0000] {processor.py:830} INFO - Processing file /home/airflow/.local/lib/python3.12/site-packages/airflow/example_dags/plugins/listener_plugin.py for tasks to queue
[2026-08-04T08:09:37.181+0000] {logging_mixin.py:188} INFO - [2026-08-04T08:09:37.180+0000] {dagbag.py:545} INFO - Filling up the DagBag from /home/airflow/.local/lib/python3.12/site-packages/airflow/example_dags/plugins/listener_plugin.py
[2026-08-04T08:09:37.190+0000] {processor.py:842} WARNING - No viable dags retrieved from /home/airflow/.local/lib/python3.12/site-packages/airflow/example_dags/plugins/listener_plugin.py
[2026-08-04T08:09:37.226+0000] {processor.py:183} INFO - Processing /home/airflow/.local/lib/python3.12/site-packages/airflow/example_dags/plugins/listener_plugin.py took 0.072 seconds
[2026-08-04T08:10:21.401+0000] {processor.py:161} INFO - Started process (PID=1955) to work on /home/airflow/.local/lib/python3.12/site-packages/airflow/example_dags/plugins/listener_plugin.py
[2026-08-04T08:10:21.408+0000] {processor.py:830} INFO - Processing file /home/airflow/.local/lib/python3.12/site-packages/airflow/example_dags/plugins/listener_plugin.py for tasks to queue
[2026-08-04T08:10:21.420+0000] {logging_mixin.py:188} INFO - [2026-08-04T08:10:21.419+0000] {dagbag.py:545} INFO - Filling up the DagBag from /home/airflow/.local/lib/python3.12/site-packages/airflow/example_dags/plugins/listener_plugin.py
[2026-08-04T08:10:21.432+0000] {processor.py:842} WARNING - No viable dags retrieved from /home/airflow/.local/lib/python3.12/site-packages/airflow/example_dags/plugins/listener_plugin.py
[2026-08-04T08:10:21.491+0000] {processor.py:183} INFO - Processing /home/airflow/.local/lib/python3.12/site-packages/airflow/example_dags/plugins/listener_plugin.py took 0.133 seconds
[2026-08-04T08:10:56.683+0000] {processor.py:161} INFO - Started process (PID=2029) to work on /home/airflow/.local/lib/python3.12/site-packages/airflow/example_dags/plugins/listener_plugin.py
[2026-08-04T08:10:56.687+0000] {processor.py:830} INFO - Processing file /home/airflow/.local/lib/python3.12/site-packages/airflow/example_dags/plugins/listener_plugin.py for tasks to queue
[2026-08-04T08:10:56.725+0000] {logging_mixin.py:188} INFO - [2026-08-04T08:10:56.723+0000] {dagbag.py:545} INFO - Filling up the DagBag from /home/airflow/.local/lib/python3.12/site-packages/airflow/example_dags/plugins/listener_plugin.py
[2026-08-04T08:10:56.741+0000] {processor.py:842} WARNING - No viable dags retrieved from /home/airflow/.local/lib/python3.12/site-packages/airflow/example_dags/plugins/listener_plugin.py
[2026-08-04T08:10:56.793+0000] {processor.py:183} INFO - Processing /home/airflow/.local/lib/python3.12/site-packages/airflow/example_dags/plugins/listener_plugin.py took 0.136 seconds
[2026-08-04T08:11:37.691+0000] {processor.py:161} INFO - Started process (PID=2111) to work on /home/airflow/.local/lib/python3.12/site-packages/airflow/example_dags/plugins/listener_plugin.py
[2026-08-04T08:11:37.699+0000] {processor.py:830} INFO - Processing file /home/airflow/.local/lib/python3.12/site-packages/airflow/example_dags/plugins/listener_plugin.py for tasks to queue
[2026-08-04T08:11:37.710+0000] {logging_mixin.py:188} INFO - [2026-08-04T08:11:37.709+0000] {dagbag.py:545} INFO - Filling up the DagBag from /home/airflow/.local/lib/python3.12/site-packages/airflow/example_dags/plugins/listener_plugin.py
[2026-08-04T08:11:37.729+0000] {processor.py:842} WARNING - No viable dags retrieved from /home/airflow/.local/lib/python3.12/site-packages/airflow/example_dags/plugins/listener_plugin.py
[2026-08-04T08:11:37.837+0000] {processor.py:183} INFO - Processing /home/airflow/.local/lib/python3.12/site-packages/airflow/example_dags/plugins/listener_plugin.py took 0.205 seconds
[2026-08-04T08:12:20.424+0000] {processor.py:161} INFO - Started process (PID=2198) to work on /home/airflow/.local/lib/python3.12/site-packages/airflow/example_dags/plugins/listener_plugin.py
[2026-08-04T08:12:20.429+0000] {processor.py:830} INFO - Processing file /home/airflow/.local/lib/python3.12/site-packages/airflow/example_dags/plugins/listener_plugin.py for tasks to queue
[2026-08-04T08:12:20.440+0000] {logging_mixin.py:188} INFO - [2026-08-04T08:12:20.439+0000] {dagbag.py:545} INFO - Filling up the DagBag from /home/airflow/.local/lib/python3.12/site-packages/airflow/example_dags/plugins/listener_plugin.py
[2026-08-04T08:12:20.459+0000] {processor.py:842} WARNING - No viable dags retrieved from /home/airflow/.local/lib/python3.12/site-packages/airflow/example_dags/plugins/listener_plugin.py
[2026-08-04T08:12:20.523+0000] {processor.py:183} INFO - Processing /home/airflow/.local/lib/python3.12/site-packages/airflow/example_dags/plugins/listener_plugin.py took 0.145 seconds
[2026-08-04T08:13:15.966+0000] {processor.py:161} INFO - Started process (PID=2286) to work on /home/airflow/.local/lib/python3.12/site-packages/airflow/example_dags/plugins/listener_plugin.py
[2026-08-04T08:13:15.978+0000] {processor.py:830} INFO - Processing file /home/airflow/.local/lib/python3.12/site-packages/airflow/example_dags/plugins/listener_plugin.py for tasks to queue
[2026-08-04T08:13:16.014+0000] {logging_mixin.py:188} INFO - [2026-08-04T08:13:16.008+0000] {dagbag.py:545} INFO - Filling up the DagBag from /home/airflow/.local/lib/python3.12/site-packages/airflow/example_dags/plugins/listener_plugin.py
[2026-08-04T08:13:16.047+0000] {processor.py:842} WARNING - No viable dags retrieved from /home/airflow/.local/lib/python3.12/site-packages/airflow/example_dags/plugins/listener_plugin.py
[2026-08-04T08:13:16.183+0000] {processor.py:183} INFO - Processing /home/airflow/.local/lib/python3.12/site-packages/airflow/example_dags/plugins/listener_plugin.py took 0.264 seconds
[2026-08-04T08:13:59.925+0000] {processor.py:161} INFO - Started process (PID=2364) to work on /home/airflow/.local/lib/python3.12/site-packages/airflow/example_dags/plugins/listener_plugin.py
[2026-08-04T08:13:59.966+0000] {processor.py:830} INFO - Processing file /home/airflow/.local/lib/python3.12/site-packages/airflow/example_dags/plugins/listener_plugin.py for tasks to queue
[2026-08-04T08:13:59.985+0000] {logging_mixin.py:188} INFO - [2026-08-04T08:13:59.984+0000] {dagbag.py:545} INFO - Filling up the DagBag from /home/airflow/.local/lib/python3.12/site-packages/airflow/example_dags/plugins/listener_plugin.py
[2026-08-04T08:14:00.002+0000] {processor.py:842} WARNING - No viable dags retrieved from /home/airflow/.local/lib/python3.12/site-packages/airflow/example_dags/plugins/listener_plugin.py
[2026-08-04T08:14:00.068+0000] {processor.py:183} INFO - Processing /home/airflow/.local/lib/python3.12/site-packages/airflow/example_dags/plugins/listener_plugin.py took 0.241 seconds
[2026-08-04T08:14:32.686+0000] {processor.py:161} INFO - Started process (PID=2437) to work on /home/airflow/.local/lib/python3.12/site-packages/airflow/example_dags/plugins/listener_plugin.py
[2026-08-04T08:14:32.699+0000] {processor.py:830} INFO - Processing file /home/airflow/.local/lib/python3.12/site-packages/airflow/example_dags/plugins/listener_plugin.py for tasks to queue
[2026-08-04T08:14:32.717+0000] {logging_mixin.py:188} INFO - [2026-08-04T08:14:32.716+0000] {dagbag.py:545} INFO - Filling up the DagBag from /home/airflow/.local/lib/python3.12/site-packages/airflow/example_dags/plugins/listener_plugin.py
[2026-08-04T08:14:32.744+0000] {processor.py:842} WARNING - No viable dags retrieved from /home/airflow/.local/lib/python3.12/site-packages/airflow/example_dags/plugins/listener_plugin.py
[2026-08-04T08:14:32.871+0000] {processor.py:183} INFO - Processing /home/airflow/.local/lib/python3.12/site-packages/airflow/example_dags/plugins/listener_plugin.py took 0.361 seconds
[2026-08-04T08:15:03.273+0000] {processor.py:161} INFO - Started process (PID=2503) to work on /home/airflow/.local/lib/python3.12/site-packages/airflow/example_dags/plugins/listener_plugin.py
[2026-08-04T08:15:03.276+0000] {processor.py:830} INFO - Processing file /home/airflow/.local/lib/python3.12/site-packages/airflow/example_dags/plugins/listener_plugin.py for tasks to queue
[2026-08-04T08:15:03.283+0000] {logging_mixin.py:188} INFO - [2026-08-04T08:15:03.282+0000] {dagbag.py:545} INFO - Filling up the DagBag from /home/airflow/.local/lib/python3.12/site-packages/airflow/example_dags/plugins/listener_plugin.py
[2026-08-04T08:15:03.292+0000] {processor.py:842} WARNING - No viable dags retrieved from /home/airflow/.local/lib/python3.12/site-packages/airflow/example_dags/plugins/listener_plugin.py
[2026-08-04T08:15:03.343+0000] {processor.py:183} INFO - Processing /home/airflow/.local/lib/python3.12/site-packages/airflow/example_dags/plugins/listener_plugin.py took 0.089 seconds
[2026-08-04T08:15:37.541+0000] {processor.py:161} INFO - Started process (PID=2576) to work on /home/airflow/.local/lib/python3.12/site-packages/airflow/example_dags/plugins/listener_plugin.py
[2026-08-04T08:15:37.552+0000] {processor.py:830} INFO - Processing file /home/airflow/.local/lib/python3.12/site-packages/airflow/example_dags/plugins/listener_plugin.py for tasks to queue
[2026-08-04T08:15:37.574+0000] {logging_mixin.py:188} INFO - [2026-08-04T08:15:37.573+0000] {dagbag.py:545} INFO - Filling up the DagBag from /home/airflow/.local/lib/python3.12/site-packages/airflow/example_dags/plugins/listener_plugin.py
[2026-08-04T08:15:37.609+0000] {processor.py:842} WARNING - No viable dags retrieved from /home/airflow/.local/lib/python3.12/site-packages/airflow/example_dags/plugins/listener_plugin.py
[2026-08-04T08:15:37.743+0000] {processor.py:183} INFO - Processing /home/airflow/.local/lib/python3.12/site-packages/airflow/example_dags/plugins/listener_plugin.py took 0.290 seconds
[2026-08-04T08:16:10.008+0000] {processor.py:161} INFO - Started process (PID=2650) to work on /home/airflow/.local/lib/python3.12/site-packages/airflow/example_dags/plugins/listener_plugin.py
[2026-08-04T08:16:10.022+0000] {processor.py:830} INFO - Processing file /home/airflow/.local/lib/python3.12/site-packages/airflow/example_dags/plugins/listener_plugin.py for tasks to queue
[2026-08-04T08:16:10.042+0000] {logging_mixin.py:188} INFO - [2026-08-04T08:16:10.041+0000] {dagbag.py:545} INFO - Filling up the DagBag from /home/airflow/.local/lib/python3.12/site-packages/airflow/example_dags/plugins/listener_plugin.py
[2026-08-04T08:16:10.055+0000] {processor.py:842} WARNING - No viable dags retrieved from /home/airflow/.local/lib/python3.12/site-packages/airflow/example_dags/plugins/listener_plugin.py
[2026-08-04T08:16:10.136+0000] {processor.py:183} INFO - Processing /home/airflow/.local/lib/python3.12/site-packages/airflow/example_dags/plugins/listener_plugin.py took 0.281 seconds
[2026-08-04T08:16:41.294+0000] {processor.py:161} INFO - Started process (PID=2713) to work on /home/airflow/.local/lib/python3.12/site-packages/airflow/example_dags/plugins/listener_plugin.py
[2026-08-04T08:16:41.299+0000] {processor.py:830} INFO - Processing file /home/airflow/.local/lib/python3.12/site-packages/airflow/example_dags/plugins/listener_plugin.py for tasks to queue
[2026-08-04T08:16:41.308+0000] {logging_mixin.py:188} INFO - [2026-08-04T08:16:41.307+0000] {dagbag.py:545} INFO - Filling up the DagBag from /home/airflow/.local/lib/python3.12/site-packages/airflow/example_dags/plugins/listener_plugin.py
[2026-08-04T08:16:41.320+0000] {processor.py:842} WARNING - No viable dags retrieved from /home/airflow/.local/lib/python3.12/site-packages/airflow/example_dags/plugins/listener_plugin.py
[2026-08-04T08:16:41.393+0000] {processor.py:183} INFO - Processing /home/airflow/.local/lib/python3.12/site-packages/airflow/example_dags/plugins/listener_plugin.py took 0.139 seconds
[2026-08-04T08:17:14.394+0000] {processor.py:161} INFO - Started process (PID=2786) to work on /home/airflow/.local/lib/python3.12/site-packages/airflow/example_dags/plugins/listener_plugin.py
[2026-08-04T08:17:14.404+0000] {processor.py:830} INFO - Processing file /home/airflow/.local/lib/python3.12/site-packages/airflow/example_dags/plugins/listener_plugin.py for tasks to queue
[2026-08-04T08:17:14.415+0000] {logging_mixin.py:188} INFO - [2026-08-04T08:17:14.414+0000] {dagbag.py:545} INFO - Filling up the DagBag from /home/airflow/.local/lib/python3.12/site-packages/airflow/example_dags/plugins/listener_plugin.py
[2026-08-04T08:17:14.429+0000] {processor.py:842} WARNING - No viable dags retrieved from /home/airflow/.local/lib/python3.12/site-packages/airflow/example_dags/plugins/listener_plugin.py
[2026-08-04T08:17:14.541+0000] {processor.py:183} INFO - Processing /home/airflow/.local/lib/python3.12/site-packages/airflow/example_dags/plugins/listener_plugin.py took 0.183 seconds
[2026-08-04T08:17:45.111+0000] {processor.py:161} INFO - Started process (PID=2851) to work on /home/airflow/.local/lib/python3.12/site-packages/airflow/example_dags/plugins/listener_plugin.py
[2026-08-04T08:17:45.115+0000] {processor.py:830} INFO - Processing file /home/airflow/.local/lib/python3.12/site-packages/airflow/example_dags/plugins/listener_plugin.py for tasks to queue
[2026-08-04T08:17:45.137+0000] {logging_mixin.py:188} INFO - [2026-08-04T08:17:45.132+0000] {dagbag.py:545} INFO - Filling up the DagBag from /home/airflow/.local/lib/python3.12/site-packages/airflow/example_dags/plugins/listener_plugin.py
[2026-08-04T08:17:45.156+0000] {processor.py:842} WARNING - No viable dags retrieved from /home/airflow/.local/lib/python3.12/site-packages/airflow/example_dags/plugins/listener_plugin.py
[2026-08-04T08:17:45.262+0000] {processor.py:183} INFO - Processing /home/airflow/.local/lib/python3.12/site-packages/airflow/example_dags/plugins/listener_plugin.py took 0.189 seconds
[2026-08-04T08:18:17.768+0000] {processor.py:161} INFO - Started process (PID=2923) to work on /home/airflow/.local/lib/python3.12/site-packages/airflow/example_dags/plugins/listener_plugin.py
[2026-08-04T08:18:17.793+0000] {processor.py:830} INFO - Processing file /home/airflow/.local/lib/python3.12/site-packages/airflow/example_dags/plugins/listener_plugin.py for tasks to queue
[2026-08-04T08:18:17.818+0000] {logging_mixin.py:188} INFO - [2026-08-04T08:18:17.817+0000] {dagbag.py:545} INFO - Filling up the DagBag from /home/airflow/.local/lib/python3.12/site-packages/airflow/example_dags/plugins/listener_plugin.py
[2026-08-04T08:18:17.839+0000] {processor.py:842} WARNING - No viable dags retrieved from /home/airflow/.local/lib/python3.12/site-packages/airflow/example_dags/plugins/listener_plugin.py
[2026-08-04T08:18:17.970+0000] {processor.py:183} INFO - Processing /home/airflow/.local/lib/python3.12/site-packages/airflow/example_dags/plugins/listener_plugin.py took 0.272 seconds
[2026-08-04T08:18:48.427+0000] {processor.py:161} INFO - Started process (PID=2988) to work on /home/airflow/.local/lib/python3.12/site-packages/airflow/example_dags/plugins/listener_plugin.py
[2026-08-04T08:18:48.430+0000] {processor.py:830} INFO - Processing file /home/airflow/.local/lib/python3.12/site-packages/airflow/example_dags/plugins/listener_plugin.py for tasks to queue
[2026-08-04T08:18:48.438+0000] {logging_mixin.py:188} INFO - [2026-08-04T08:18:48.437+0000] {dagbag.py:545} INFO - Filling up the DagBag from /home/airflow/.local/lib/python3.12/site-packages/airflow/example_dags/plugins/listener_plugin.py
[2026-08-04T08:18:48.448+0000] {processor.py:842} WARNING - No viable dags retrieved from /home/airflow/.local/lib/python3.12/site-packages/airflow/example_dags/plugins/listener_plugin.py
[2026-08-04T08:18:48.496+0000] {processor.py:183} INFO - Processing /home/airflow/.local/lib/python3.12/site-packages/airflow/example_dags/plugins/listener_plugin.py took 0.090 seconds
[2026-08-04T08:19:23.295+0000] {processor.py:161} INFO - Started process (PID=3065) to work on /home/airflow/.local/lib/python3.12/site-packages/airflow/example_dags/plugins/listener_plugin.py
[2026-08-04T08:19:23.299+0000] {processor.py:830} INFO - Processing file /home/airflow/.local/lib/python3.12/site-packages/airflow/example_dags/plugins/listener_plugin.py for tasks to queue
[2026-08-04T08:19:23.308+0000] {logging_mixin.py:188} INFO - [2026-08-04T08:19:23.307+0000] {dagbag.py:545} INFO - Filling up the DagBag from /home/airflow/.local/lib/python3.12/site-packages/airflow/example_dags/plugins/listener_plugin.py
[2026-08-04T08:19:23.317+0000] {processor.py:842} WARNING - No viable dags retrieved from /home/airflow/.local/lib/python3.12/site-packages/airflow/example_dags/plugins/listener_plugin.py
[2026-08-04T08:19:23.357+0000] {processor.py:183} INFO - Processing /home/airflow/.local/lib/python3.12/site-packages/airflow/example_dags/plugins/listener_plugin.py took 0.081 seconds
[2026-08-04T08:20:01.284+0000] {processor.py:161} INFO - Started process (PID=3140) to work on /home/airflow/.local/lib/python3.12/site-packages/airflow/example_dags/plugins/listener_plugin.py
[2026-08-04T08:20:01.288+0000] {processor.py:830} INFO - Processing file /home/airflow/.local/lib/python3.12/site-packages/airflow/example_dags/plugins/listener_plugin.py for tasks to queue
[2026-08-04T08:20:01.301+0000] {logging_mixin.py:188} INFO - [2026-08-04T08:20:01.299+0000] {dagbag.py:545} INFO - Filling up the DagBag from /home/airflow/.local/lib/python3.12/site-packages/airflow/example_dags/plugins/listener_plugin.py
[2026-08-04T08:20:01.315+0000] {processor.py:842} WARNING - No viable dags retrieved from /home/airflow/.local/lib/python3.12/site-packages/airflow/example_dags/plugins/listener_plugin.py
[2026-08-04T08:20:01.366+0000] {processor.py:183} INFO - Processing /home/airflow/.local/lib/python3.12/site-packages/airflow/example_dags/plugins/listener_plugin.py took 0.106 seconds
[2026-08-04T08:20:35.189+0000] {processor.py:161} INFO - Started process (PID=3215) to work on /home/airflow/.local/lib/python3.12/site-packages/airflow/example_dags/plugins/listener_plugin.py
[2026-08-04T08:20:35.199+0000] {processor.py:830} INFO - Processing file /home/airflow/.local/lib/python3.12/site-packages/airflow/example_dags/plugins/listener_plugin.py for tasks to queue
[2026-08-04T08:20:35.224+0000] {logging_mixin.py:188} INFO - [2026-08-04T08:20:35.217+0000] {dagbag.py:545} INFO - Filling up the DagBag from /home/airflow/.local/lib/python3.12/site-packages/airflow/example_dags/plugins/listener_plugin.py
[2026-08-04T08:20:35.239+0000] {processor.py:842} WARNING - No viable dags retrieved from /home/airflow/.local/lib/python3.12/site-packages/airflow/example_dags/plugins/listener_plugin.py
[2026-08-04T08:20:35.298+0000] {processor.py:183} INFO - Processing /home/airflow/.local/lib/python3.12/site-packages/airflow/example_dags/plugins/listener_plugin.py took 0.157 seconds
[2026-08-04T08:21:07.607+0000] {processor.py:161} INFO - Started process (PID=3283) to work on /home/airflow/.local/lib/python3.12/site-packages/airflow/example_dags/plugins/listener_plugin.py
[2026-08-04T08:21:07.625+0000] {processor.py:830} INFO - Processing file /home/airflow/.local/lib/python3.12/site-packages/airflow/example_dags/plugins/listener_plugin.py for tasks to queue
[2026-08-04T08:21:07.647+0000] {logging_mixin.py:188} INFO - [2026-08-04T08:21:07.645+0000] {dagbag.py:545} INFO - Filling up the DagBag from /home/airflow/.local/lib/python3.12/site-packages/airflow/example_dags/plugins/listener_plugin.py
[2026-08-04T08:21:07.663+0000] {processor.py:842} WARNING - No viable dags retrieved from /home/airflow/.local/lib/python3.12/site-packages/airflow/example_dags/plugins/listener_plugin.py
[2026-08-04T08:21:07.726+0000] {processor.py:183} INFO - Processing /home/airflow/.local/lib/python3.12/site-packages/airflow/example_dags/plugins/listener_plugin.py took 0.143 seconds
[2026-08-04T08:21:42.024+0000] {processor.py:161} INFO - Started process (PID=3359) to work on /home/airflow/.local/lib/python3.12/site-packages/airflow/example_dags/plugins/listener_plugin.py
[2026-08-04T08:21:42.028+0000] {processor.py:830} INFO - Processing file /home/airflow/.local/lib/python3.12/site-packages/airflow/example_dags/plugins/listener_plugin.py for tasks to queue
[2026-08-04T08:21:42.035+0000] {logging_mixin.py:188} INFO - [2026-08-04T08:21:42.034+0000] {dagbag.py:545} INFO - Filling up the DagBag from /home/airflow/.local/lib/python3.12/site-packages/airflow/example_dags/plugins/listener_plugin.py
[2026-08-04T08:21:42.047+0000] {processor.py:842} WARNING - No viable dags retrieved from /home/airflow/.local/lib/python3.12/site-packages/airflow/example_dags/plugins/listener_plugin.py
[2026-08-04T08:21:42.105+0000] {processor.py:183} INFO - Processing /home/airflow/.local/lib/python3.12/site-packages/airflow/example_dags/plugins/listener_plugin.py took 0.100 seconds
[2026-08-04T08:22:12.963+0000] {processor.py:161} INFO - Started process (PID=3424) to work on /home/airflow/.local/lib/python3.12/site-packages/airflow/example_dags/plugins/listener_plugin.py
[2026-08-04T08:22:12.966+0000] {processor.py:830} INFO - Processing file /home/airflow/.local/lib/python3.12/site-packages/airflow/example_dags/plugins/listener_plugin.py for tasks to queue
[2026-08-04T08:22:12.975+0000] {logging_mixin.py:188} INFO - [2026-08-04T08:22:12.975+0000] {dagbag.py:545} INFO - Filling up the DagBag from /home/airflow/.local/lib/python3.12/site-packages/airflow/example_dags/plugins/listener_plugin.py
[2026-08-04T08:22:12.983+0000] {processor.py:842} WARNING - No viable dags retrieved from /home/airflow/.local/lib/python3.12/site-packages/airflow/example_dags/plugins/listener_plugin.py
[2026-08-04T08:22:13.048+0000] {processor.py:183} INFO - Processing /home/airflow/.local/lib/python3.12/site-packages/airflow/example_dags/plugins/listener_plugin.py took 0.104 seconds
[2026-08-04T08:22:48.072+0000] {processor.py:161} INFO - Started process (PID=3498) to work on /home/airflow/.local/lib/python3.12/site-packages/airflow/example_dags/plugins/listener_plugin.py
[2026-08-04T08:22:48.102+0000] {processor.py:830} INFO - Processing file /home/airflow/.local/lib/python3.12/site-packages/airflow/example_dags/plugins/listener_plugin.py for tasks to queue
[2026-08-04T08:22:48.120+0000] {logging_mixin.py:188} INFO - [2026-08-04T08:22:48.119+0000] {dagbag.py:545} INFO - Filling up the DagBag from /home/airflow/.local/lib/python3.12/site-packages/airflow/example_dags/plugins/listener_plugin.py
[2026-08-04T08:22:48.133+0000] {processor.py:842} WARNING - No viable dags retrieved from /home/airflow/.local/lib/python3.12/site-packages/airflow/example_dags/plugins/listener_plugin.py
[2026-08-04T08:22:48.209+0000] {processor.py:183} INFO - Processing /home/airflow/.local/lib/python3.12/site-packages/airflow/example_dags/plugins/listener_plugin.py took 0.168 seconds
[2026-08-04T08:23:20.607+0000] {processor.py:161} INFO - Started process (PID=3571) to work on /home/airflow/.local/lib/python3.12/site-packages/airflow/example_dags/plugins/listener_plugin.py
[2026-08-04T08:23:20.617+0000] {processor.py:830} INFO - Processing file /home/airflow/.local/lib/python3.12/site-packages/airflow/example_dags/plugins/listener_plugin.py for tasks to queue
[2026-08-04T08:23:20.626+0000] {logging_mixin.py:188} INFO - [2026-08-04T08:23:20.625+0000] {dagbag.py:545} INFO - Filling up the DagBag from /home/airflow/.local/lib/python3.12/site-packages/airflow/example_dags/plugins/listener_plugin.py
[2026-08-04T08:23:20.643+0000] {processor.py:842} WARNING - No viable dags retrieved from /home/airflow/.local/lib/python3.12/site-packages/airflow/example_dags/plugins/listener_plugin.py
[2026-08-04T08:23:20.745+0000] {processor.py:183} INFO - Processing /home/airflow/.local/lib/python3.12/site-packages/airflow/example_dags/plugins/listener_plugin.py took 0.170 seconds
[2026-08-04T08:23:52.971+0000] {processor.py:161} INFO - Started process (PID=3638) to work on /home/airflow/.local/lib/python3.12/site-packages/airflow/example_dags/plugins/listener_plugin.py
[2026-08-04T08:23:52.976+0000] {processor.py:830} INFO - Processing file /home/airflow/.local/lib/python3.12/site-packages/airflow/example_dags/plugins/listener_plugin.py for tasks to queue
[2026-08-04T08:23:53.000+0000] {logging_mixin.py:188} INFO - [2026-08-04T08:23:52.999+0000] {dagbag.py:545} INFO - Filling up the DagBag from /home/airflow/.local/lib/python3.12/site-packages/airflow/example_dags/plugins/listener_plugin.py
[2026-08-04T08:23:53.017+0000] {processor.py:842} WARNING - No viable dags retrieved from /home/airflow/.local/lib/python3.12/site-packages/airflow/example_dags/plugins/listener_plugin.py
[2026-08-04T08:23:53.125+0000] {processor.py:183} INFO - Processing /home/airflow/.local/lib/python3.12/site-packages/airflow/example_dags/plugins/listener_plugin.py took 0.189 seconds
[2026-08-04T08:24:27.513+0000] {processor.py:161} INFO - Started process (PID=3714) to work on /home/airflow/.local/lib/python3.12/site-packages/airflow/example_dags/plugins/listener_plugin.py
[2026-08-04T08:24:27.521+0000] {processor.py:830} INFO - Processing file /home/airflow/.local/lib/python3.12/site-packages/airflow/example_dags/plugins/listener_plugin.py for tasks to queue
[2026-08-04T08:24:27.533+0000] {logging_mixin.py:188} INFO - [2026-08-04T08:24:27.532+0000] {dagbag.py:545} INFO - Filling up the DagBag from /home/airflow/.local/lib/python3.12/site-packages/airflow/example_dags/plugins/listener_plugin.py
[2026-08-04T08:24:27.571+0000] {processor.py:842} WARNING - No viable dags retrieved from /home/airflow/.local/lib/python3.12/site-packages/airflow/example_dags/plugins/listener_plugin.py
[2026-08-04T08:24:27.627+0000] {processor.py:183} INFO - Processing /home/airflow/.local/lib/python3.12/site-packages/airflow/example_dags/plugins/listener_plugin.py took 0.163 seconds
[2026-08-04T08:24:58.379+0000] {processor.py:161} INFO - Started process (PID=3788) to work on /home/airflow/.local/lib/python3.12/site-packages/airflow/example_dags/plugins/listener_plugin.py
[2026-08-04T08:24:58.386+0000] {processor.py:830} INFO - Processing file /home/airflow/.local/lib/python3.12/site-packages/airflow/example_dags/plugins/listener_plugin.py for tasks to queue
[2026-08-04T08:24:58.399+0000] {logging_mixin.py:188} INFO - [2026-08-04T08:24:58.398+0000] {dagbag.py:545} INFO - Filling up the DagBag from /home/airflow/.local/lib/python3.12/site-packages/airflow/example_dags/plugins/listener_plugin.py
[2026-08-04T08:24:58.410+0000] {processor.py:842} WARNING - No viable dags retrieved from /home/airflow/.local/lib/python3.12/site-packages/airflow/example_dags/plugins/listener_plugin.py
[2026-08-04T08:24:58.489+0000] {processor.py:183} INFO - Processing /home/airflow/.local/lib/python3.12/site-packages/airflow/example_dags/plugins/listener_plugin.py took 0.143 seconds
[2026-08-04T08:25:33.474+0000] {processor.py:161} INFO - Started process (PID=3853) to work on /home/airflow/.local/lib/python3.12/site-packages/airflow/example_dags/plugins/listener_plugin.py
[2026-08-04T08:25:33.477+0000] {processor.py:830} INFO - Processing file /home/airflow/.local/lib/python3.12/site-packages/airflow/example_dags/plugins/listener_plugin.py for tasks to queue
[2026-08-04T08:25:33.481+0000] {logging_mixin.py:188} INFO - [2026-08-04T08:25:33.481+0000] {dagbag.py:545} INFO - Filling up the DagBag from /home/airflow/.local/lib/python3.12/site-packages/airflow/example_dags/plugins/listener_plugin.py
[2026-08-04T08:25:33.487+0000] {processor.py:842} WARNING - No viable dags retrieved from /home/airflow/.local/lib/python3.12/site-packages/airflow/example_dags/plugins/listener_plugin.py
[2026-08-04T08:25:33.524+0000] {processor.py:183} INFO - Processing /home/airflow/.local/lib/python3.12/site-packages/airflow/example_dags/plugins/listener_plugin.py took 0.059 seconds
[2026-08-04T08:26:07.400+0000] {processor.py:161} INFO - Started process (PID=3925) to work on /home/airflow/.local/lib/python3.12/site-packages/airflow/example_dags/plugins/listener_plugin.py
[2026-08-04T08:26:07.415+0000] {processor.py:830} INFO - Processing file /home/airflow/.local/lib/python3.12/site-packages/airflow/example_dags/plugins/listener_plugin.py for tasks to queue
[2026-08-04T08:26:07.432+0000] {logging_mixin.py:188} INFO - [2026-08-04T08:26:07.431+0000] {dagbag.py:545} INFO - Filling up the DagBag from /home/airflow/.local/lib/python3.12/site-packages/airflow/example_dags/plugins/listener_plugin.py
[2026-08-04T08:26:07.458+0000] {processor.py:842} WARNING - No viable dags retrieved from /home/airflow/.local/lib/python3.12/site-packages/airflow/example_dags/plugins/listener_plugin.py
[2026-08-04T08:26:07.631+0000] {processor.py:183} INFO - Processing /home/airflow/.local/lib/python3.12/site-packages/airflow/example_dags/plugins/listener_plugin.py took 0.357 seconds
[2026-08-04T08:26:38.885+0000] {processor.py:161} INFO - Started process (PID=3998) to work on /home/airflow/.local/lib/python3.12/site-packages/airflow/example_dags/plugins/listener_plugin.py
[2026-08-04T08:26:38.902+0000] {processor.py:830} INFO - Processing file /home/airflow/.local/lib/python3.12/site-packages/airflow/example_dags/plugins/listener_plugin.py for tasks to queue
[2026-08-04T08:26:38.919+0000] {logging_mixin.py:188} INFO - [2026-08-04T08:26:38.918+0000] {dagbag.py:545} INFO - Filling up the DagBag from /home/airflow/.local/lib/python3.12/site-packages/airflow/example_dags/plugins/listener_plugin.py
[2026-08-04T08:26:38.944+0000] {processor.py:842} WARNING - No viable dags retrieved from /home/airflow/.local/lib/python3.12/site-packages/airflow/example_dags/plugins/listener_plugin.py
[2026-08-04T08:26:39.035+0000] {processor.py:183} INFO - Processing /home/airflow/.local/lib/python3.12/site-packages/airflow/example_dags/plugins/listener_plugin.py took 0.188 seconds
[2026-08-04T08:27:09.822+0000] {processor.py:161} INFO - Started process (PID=4061) to work on /home/airflow/.local/lib/python3.12/site-packages/airflow/example_dags/plugins/listener_plugin.py
[2026-08-04T08:27:09.829+0000] {processor.py:830} INFO - Processing file /home/airflow/.local/lib/python3.12/site-packages/airflow/example_dags/plugins/listener_plugin.py for tasks to queue
[2026-08-04T08:27:09.844+0000] {logging_mixin.py:188} INFO - [2026-08-04T08:27:09.841+0000] {dagbag.py:545} INFO - Filling up the DagBag from /home/airflow/.local/lib/python3.12/site-packages/airflow/example_dags/plugins/listener_plugin.py
[2026-08-04T08:27:09.857+0000] {processor.py:842} WARNING - No viable dags retrieved from /home/airflow/.local/lib/python3.12/site-packages/airflow/example_dags/plugins/listener_plugin.py
[2026-08-04T08:27:09.961+0000] {processor.py:183} INFO - Processing /home/airflow/.local/lib/python3.12/site-packages/airflow/example_dags/plugins/listener_plugin.py took 0.191 seconds
[2026-08-04T08:27:40.914+0000] {processor.py:161} INFO - Started process (PID=4135) to work on /home/airflow/.local/lib/python3.12/site-packages/airflow/example_dags/plugins/listener_plugin.py
[2026-08-04T08:27:40.919+0000] {processor.py:830} INFO - Processing file /home/airflow/.local/lib/python3.12/site-packages/airflow/example_dags/plugins/listener_plugin.py for tasks to queue
[2026-08-04T08:27:40.928+0000] {logging_mixin.py:188} INFO - [2026-08-04T08:27:40.927+0000] {dagbag.py:545} INFO - Filling up the DagBag from /home/airflow/.local/lib/python3.12/site-packages/airflow/example_dags/plugins/listener_plugin.py
[2026-08-04T08:27:40.939+0000] {processor.py:842} WARNING - No viable dags retrieved from /home/airflow/.local/lib/python3.12/site-packages/airflow/example_dags/plugins/listener_plugin.py
[2026-08-04T08:27:41.046+0000] {processor.py:183} INFO - Processing /home/airflow/.local/lib/python3.12/site-packages/airflow/example_dags/plugins/listener_plugin.py took 0.166 seconds
[2026-08-04T08:28:15.366+0000] {processor.py:161} INFO - Started process (PID=4200) to work on /home/airflow/.local/lib/python3.12/site-packages/airflow/example_dags/plugins/listener_plugin.py
[2026-08-04T08:28:15.374+0000] {processor.py:830} INFO - Processing file /home/airflow/.local/lib/python3.12/site-packages/airflow/example_dags/plugins/listener_plugin.py for tasks to queue
[2026-08-04T08:28:15.383+0000] {logging_mixin.py:188} INFO - [2026-08-04T08:28:15.382+0000] {dagbag.py:545} INFO - Filling up the DagBag from /home/airflow/.local/lib/python3.12/site-packages/airflow/example_dags/plugins/listener_plugin.py
[2026-08-04T08:28:15.398+0000] {processor.py:842} WARNING - No viable dags retrieved from /home/airflow/.local/lib/python3.12/site-packages/airflow/example_dags/plugins/listener_plugin.py
[2026-08-04T08:28:15.450+0000] {processor.py:183} INFO - Processing /home/airflow/.local/lib/python3.12/site-packages/airflow/example_dags/plugins/listener_plugin.py took 0.115 seconds
[2026-08-04T08:28:48.183+0000] {processor.py:161} INFO - Started process (PID=4275) to work on /home/airflow/.local/lib/python3.12/site-packages/airflow/example_dags/plugins/listener_plugin.py
[2026-08-04T08:28:48.199+0000] {processor.py:830} INFO - Processing file /home/airflow/.local/lib/python3.12/site-packages/airflow/example_dags/plugins/listener_plugin.py for tasks to queue
[2026-08-04T08:28:48.214+0000] {logging_mixin.py:188} INFO - [2026-08-04T08:28:48.212+0000] {dagbag.py:545} INFO - Filling up the DagBag from /home/airflow/.local/lib/python3.12/site-packages/airflow/example_dags/plugins/listener_plugin.py
[2026-08-04T08:28:48.228+0000] {processor.py:842} WARNING - No viable dags retrieved from /home/airflow/.local/lib/python3.12/site-packages/airflow/example_dags/plugins/listener_plugin.py
[2026-08-04T08:28:48.330+0000] {processor.py:183} INFO - Processing /home/airflow/.local/lib/python3.12/site-packages/airflow/example_dags/plugins/listener_plugin.py took 0.197 seconds
[2026-08-04T08:29:18.806+0000] {processor.py:161} INFO - Started process (PID=4347) to work on /home/airflow/.local/lib/python3.12/site-packages/airflow/example_dags/plugins/listener_plugin.py
[2026-08-04T08:29:18.818+0000] {processor.py:830} INFO - Processing file /home/airflow/.local/lib/python3.12/site-packages/airflow/example_dags/plugins/listener_plugin.py for tasks to queue
[2026-08-04T08:29:18.848+0000] {logging_mixin.py:188} INFO - [2026-08-04T08:29:18.847+0000] {dagbag.py:545} INFO - Filling up the DagBag from /home/airflow/.local/lib/python3.12/site-packages/airflow/example_dags/plugins/listener_plugin.py
[2026-08-04T08:29:18.864+0000] {processor.py:842} WARNING - No viable dags retrieved from /home/airflow/.local/lib/python3.12/site-packages/airflow/example_dags/plugins/listener_plugin.py
[2026-08-04T08:29:18.906+0000] {processor.py:183} INFO - Processing /home/airflow/.local/lib/python3.12/site-packages/airflow/example_dags/plugins/listener_plugin.py took 0.156 seconds
[2026-08-04T08:29:51.482+0000] {processor.py:161} INFO - Started process (PID=4413) to work on /home/airflow/.local/lib/python3.12/site-packages/airflow/example_dags/plugins/listener_plugin.py
[2026-08-04T08:29:51.486+0000] {processor.py:830} INFO - Processing file /home/airflow/.local/lib/python3.12/site-packages/airflow/example_dags/plugins/listener_plugin.py for tasks to queue
[2026-08-04T08:29:51.502+0000] {logging_mixin.py:188} INFO - [2026-08-04T08:29:51.501+0000] {dagbag.py:545} INFO - Filling up the DagBag from /home/airflow/.local/lib/python3.12/site-packages/airflow/example_dags/plugins/listener_plugin.py
[2026-08-04T08:29:51.577+0000] {processor.py:842} WARNING - No viable dags retrieved from /home/airflow/.local/lib/python3.12/site-packages/airflow/example_dags/plugins/listener_plugin.py
[2026-08-04T08:29:51.710+0000] {processor.py:183} INFO - Processing /home/airflow/.local/lib/python3.12/site-packages/airflow/example_dags/plugins/listener_plugin.py took 0.266 seconds
[2026-08-04T08:30:23.565+0000] {processor.py:161} INFO - Started process (PID=4486) to work on /home/airflow/.local/lib/python3.12/site-packages/airflow/example_dags/plugins/listener_plugin.py
[2026-08-04T08:30:23.572+0000] {processor.py:830} INFO - Processing file /home/airflow/.local/lib/python3.12/site-packages/airflow/example_dags/plugins/listener_plugin.py for tasks to queue
[2026-08-04T08:30:23.578+0000] {logging_mixin.py:188} INFO - [2026-08-04T08:30:23.577+0000] {dagbag.py:545} INFO - Filling up the DagBag from /home/airflow/.local/lib/python3.12/site-packages/airflow/example_dags/plugins/listener_plugin.py
[2026-08-04T08:30:23.592+0000] {processor.py:842} WARNING - No viable dags retrieved from /home/airflow/.local/lib/python3.12/site-packages/airflow/example_dags/plugins/listener_plugin.py
[2026-08-04T08:30:23.675+0000] {processor.py:183} INFO - Processing /home/airflow/.local/lib/python3.12/site-packages/airflow/example_dags/plugins/listener_plugin.py took 0.131 seconds
[2026-08-04T08:30:54.047+0000] {processor.py:161} INFO - Started process (PID=4549) to work on /home/airflow/.local/lib/python3.12/site-packages/airflow/example_dags/plugins/listener_plugin.py
[2026-08-04T08:30:54.053+0000] {processor.py:830} INFO - Processing file /home/airflow/.local/lib/python3.12/site-packages/airflow/example_dags/plugins/listener_plugin.py for tasks to queue
[2026-08-04T08:30:54.060+0000] {logging_mixin.py:188} INFO - [2026-08-04T08:30:54.059+0000] {dagbag.py:545} INFO - Filling up the DagBag from /home/airflow/.local/lib/python3.12/site-packages/airflow/example_dags/plugins/listener_plugin.py
[2026-08-04T08:30:54.073+0000] {processor.py:842} WARNING - No viable dags retrieved from /home/airflow/.local/lib/python3.12/site-packages/airflow/example_dags/plugins/listener_plugin.py
[2026-08-04T08:30:54.137+0000] {processor.py:183} INFO - Processing /home/airflow/.local/lib/python3.12/site-packages/airflow/example_dags/plugins/listener_plugin.py took 0.109 seconds
[2026-08-04T08:31:24.388+0000] {processor.py:161} INFO - Started process (PID=4621) to work on /home/airflow/.local/lib/python3.12/site-packages/airflow/example_dags/plugins/listener_plugin.py
[2026-08-04T08:31:24.392+0000] {processor.py:830} INFO - Processing file /home/airflow/.local/lib/python3.12/site-packages/airflow/example_dags/plugins/listener_plugin.py for tasks to queue
[2026-08-04T08:31:24.401+0000] {logging_mixin.py:188} INFO - [2026-08-04T08:31:24.399+0000] {dagbag.py:545} INFO - Filling up the DagBag from /home/airflow/.local/lib/python3.12/site-packages/airflow/example_dags/plugins/listener_plugin.py
[2026-08-04T08:31:24.424+0000] {processor.py:842} WARNING - No viable dags retrieved from /home/airflow/.local/lib/python3.12/site-packages/airflow/example_dags/plugins/listener_plugin.py
[2026-08-04T08:31:24.512+0000] {processor.py:183} INFO - Processing /home/airflow/.local/lib/python3.12/site-packages/airflow/example_dags/plugins/listener_plugin.py took 0.164 seconds
[2026-08-04T08:31:59.669+0000] {processor.py:161} INFO - Started process (PID=4692) to work on /home/airflow/.local/lib/python3.12/site-packages/airflow/example_dags/plugins/listener_plugin.py
[2026-08-04T08:31:59.673+0000] {processor.py:830} INFO - Processing file /home/airflow/.local/lib/python3.12/site-packages/airflow/example_dags/plugins/listener_plugin.py for tasks to queue
[2026-08-04T08:31:59.679+0000] {logging_mixin.py:188} INFO - [2026-08-04T08:31:59.678+0000] {dagbag.py:545} INFO - Filling up the DagBag from /home/airflow/.local/lib/python3.12/site-packages/airflow/example_dags/plugins/listener_plugin.py
[2026-08-04T08:31:59.698+0000] {processor.py:842} WARNING - No viable dags retrieved from /home/airflow/.local/lib/python3.12/site-packages/airflow/example_dags/plugins/listener_plugin.py
[2026-08-04T08:31:59.775+0000] {processor.py:183} INFO - Processing /home/airflow/.local/lib/python3.12/site-packages/airflow/example_dags/plugins/listener_plugin.py took 0.121 seconds
[2026-08-04T08:32:35.622+0000] {processor.py:161} INFO - Started process (PID=4769) to work on /home/airflow/.local/lib/python3.12/site-packages/airflow/example_dags/plugins/listener_plugin.py
[2026-08-04T08:32:35.642+0000] {processor.py:830} INFO - Processing file /home/airflow/.local/lib/python3.12/site-packages/airflow/example_dags/plugins/listener_plugin.py for tasks to queue
[2026-08-04T08:32:35.669+0000] {logging_mixin.py:188} INFO - [2026-08-04T08:32:35.665+0000] {dagbag.py:545} INFO - Filling up the DagBag from /home/airflow/.local/lib/python3.12/site-packages/airflow/example_dags/plugins/listener_plugin.py
[2026-08-04T08:32:35.689+0000] {processor.py:842} WARNING - No viable dags retrieved from /home/airflow/.local/lib/python3.12/site-packages/airflow/example_dags/plugins/listener_plugin.py
[2026-08-04T08:32:35.785+0000] {processor.py:183} INFO - Processing /home/airflow/.local/lib/python3.12/site-packages/airflow/example_dags/plugins/listener_plugin.py took 0.203 seconds
[2026-08-04T08:33:06.942+0000] {processor.py:161} INFO - Started process (PID=4836) to work on /home/airflow/.local/lib/python3.12/site-packages/airflow/example_dags/plugins/listener_plugin.py
[2026-08-04T08:33:06.956+0000] {processor.py:830} INFO - Processing file /home/airflow/.local/lib/python3.12/site-packages/airflow/example_dags/plugins/listener_plugin.py for tasks to queue
[2026-08-04T08:33:06.978+0000] {logging_mixin.py:188} INFO - [2026-08-04T08:33:06.977+0000] {dagbag.py:545} INFO - Filling up the DagBag from /home/airflow/.local/lib/python3.12/site-packages/airflow/example_dags/plugins/listener_plugin.py
[2026-08-04T08:33:07.009+0000] {processor.py:842} WARNING - No viable dags retrieved from /home/airflow/.local/lib/python3.12/site-packages/airflow/example_dags/plugins/listener_plugin.py
[2026-08-04T08:33:07.109+0000] {processor.py:183} INFO - Processing /home/airflow/.local/lib/python3.12/site-packages/airflow/example_dags/plugins/listener_plugin.py took 0.200 seconds
[2026-08-04T08:33:40.259+0000] {processor.py:161} INFO - Started process (PID=4908) to work on /home/airflow/.local/lib/python3.12/site-packages/airflow/example_dags/plugins/listener_plugin.py
[2026-08-04T08:33:40.272+0000] {processor.py:830} INFO - Processing file /home/airflow/.local/lib/python3.12/site-packages/airflow/example_dags/plugins/listener_plugin.py for tasks to queue
[2026-08-04T08:33:40.286+0000] {logging_mixin.py:188} INFO - [2026-08-04T08:33:40.284+0000] {dagbag.py:545} INFO - Filling up the DagBag from /home/airflow/.local/lib/python3.12/site-packages/airflow/example_dags/plugins/listener_plugin.py
[2026-08-04T08:33:40.296+0000] {processor.py:842} WARNING - No viable dags retrieved from /home/airflow/.local/lib/python3.12/site-packages/airflow/example_dags/plugins/listener_plugin.py
[2026-08-04T08:33:40.362+0000] {processor.py:183} INFO - Processing /home/airflow/.local/lib/python3.12/site-packages/airflow/example_dags/plugins/listener_plugin.py took 0.144 seconds
[2026-08-04T08:34:13.727+0000] {processor.py:161} INFO - Started process (PID=4974) to work on /home/airflow/.local/lib/python3.12/site-packages/airflow/example_dags/plugins/listener_plugin.py
[2026-08-04T08:34:13.741+0000] {processor.py:830} INFO - Processing file /home/airflow/.local/lib/python3.12/site-packages/airflow/example_dags/plugins/listener_plugin.py for tasks to queue
[2026-08-04T08:34:13.753+0000] {logging_mixin.py:188} INFO - [2026-08-04T08:34:13.753+0000] {dagbag.py:545} INFO - Filling up the DagBag from /home/airflow/.local/lib/python3.12/site-packages/airflow/example_dags/plugins/listener_plugin.py
[2026-08-04T08:34:13.786+0000] {processor.py:842} WARNING - No viable dags retrieved from /home/airflow/.local/lib/python3.12/site-packages/airflow/example_dags/plugins/listener_plugin.py
[2026-08-04T08:34:13.879+0000] {processor.py:183} INFO - Processing /home/airflow/.local/lib/python3.12/site-packages/airflow/example_dags/plugins/listener_plugin.py took 0.220 seconds
[2026-08-04T08:34:44.674+0000] {processor.py:161} INFO - Started process (PID=5047) to work on /home/airflow/.local/lib/python3.12/site-packages/airflow/example_dags/plugins/listener_plugin.py
[2026-08-04T08:34:44.678+0000] {processor.py:830} INFO - Processing file /home/airflow/.local/lib/python3.12/site-packages/airflow/example_dags/plugins/listener_plugin.py for tasks to queue
[2026-08-04T08:34:44.693+0000] {logging_mixin.py:188} INFO - [2026-08-04T08:34:44.684+0000] {dagbag.py:545} INFO - Filling up the DagBag from /home/airflow/.local/lib/python3.12/site-packages/airflow/example_dags/plugins/listener_plugin.py
[2026-08-04T08:34:44.702+0000] {processor.py:842} WARNING - No viable dags retrieved from /home/airflow/.local/lib/python3.12/site-packages/airflow/example_dags/plugins/listener_plugin.py
[2026-08-04T08:34:44.779+0000] {processor.py:183} INFO - Processing /home/airflow/.local/lib/python3.12/site-packages/airflow/example_dags/plugins/listener_plugin.py took 0.136 seconds
[2026-08-04T08:35:21.463+0000] {processor.py:161} INFO - Started process (PID=5124) to work on /home/airflow/.local/lib/python3.12/site-packages/airflow/example_dags/plugins/listener_plugin.py
[2026-08-04T08:35:21.467+0000] {processor.py:830} INFO - Processing file /home/airflow/.local/lib/python3.12/site-packages/airflow/example_dags/plugins/listener_plugin.py for tasks to queue
[2026-08-04T08:35:21.497+0000] {logging_mixin.py:188} INFO - [2026-08-04T08:35:21.493+0000] {dagbag.py:545} INFO - Filling up the DagBag from /home/airflow/.local/lib/python3.12/site-packages/airflow/example_dags/plugins/listener_plugin.py
[2026-08-04T08:35:21.523+0000] {processor.py:842} WARNING - No viable dags retrieved from /home/airflow/.local/lib/python3.12/site-packages/airflow/example_dags/plugins/listener_plugin.py
[2026-08-04T08:35:21.574+0000] {processor.py:183} INFO - Processing /home/airflow/.local/lib/python3.12/site-packages/airflow/example_dags/plugins/listener_plugin.py took 0.131 seconds
[2026-08-04T08:35:54.632+0000] {processor.py:161} INFO - Started process (PID=5190) to work on /home/airflow/.local/lib/python3.12/site-packages/airflow/example_dags/plugins/listener_plugin.py
[2026-08-04T08:35:54.636+0000] {processor.py:830} INFO - Processing file /home/airflow/.local/lib/python3.12/site-packages/airflow/example_dags/plugins/listener_plugin.py for tasks to queue
[2026-08-04T08:35:54.650+0000] {logging_mixin.py:188} INFO - [2026-08-04T08:35:54.649+0000] {dagbag.py:545} INFO - Filling up the DagBag from /home/airflow/.local/lib/python3.12/site-packages/airflow/example_dags/plugins/listener_plugin.py
[2026-08-04T08:35:54.667+0000] {processor.py:842} WARNING - No viable dags retrieved from /home/airflow/.local/lib/python3.12/site-packages/airflow/example_dags/plugins/listener_plugin.py
[2026-08-04T08:35:54.715+0000] {processor.py:183} INFO - Processing /home/airflow/.local/lib/python3.12/site-packages/airflow/example_dags/plugins/listener_plugin.py took 0.111 seconds
[2026-08-04T08:36:25.445+0000] {processor.py:161} INFO - Started process (PID=5263) to work on /home/airflow/.local/lib/python3.12/site-packages/airflow/example_dags/plugins/listener_plugin.py
[2026-08-04T08:36:25.449+0000] {processor.py:830} INFO - Processing file /home/airflow/.local/lib/python3.12/site-packages/airflow/example_dags/plugins/listener_plugin.py for tasks to queue
[2026-08-04T08:36:25.460+0000] {logging_mixin.py:188} INFO - [2026-08-04T08:36:25.459+0000] {dagbag.py:545} INFO - Filling up the DagBag from /home/airflow/.local/lib/python3.12/site-packages/airflow/example_dags/plugins/listener_plugin.py
[2026-08-04T08:36:25.475+0000] {processor.py:842} WARNING - No viable dags retrieved from /home/airflow/.local/lib/python3.12/site-packages/airflow/example_dags/plugins/listener_plugin.py
[2026-08-04T08:36:25.561+0000] {processor.py:183} INFO - Processing /home/airflow/.local/lib/python3.12/site-packages/airflow/example_dags/plugins/listener_plugin.py took 0.179 seconds
[2026-08-04T08:37:01.059+0000] {processor.py:161} INFO - Started process (PID=5337) to work on /home/airflow/.local/lib/python3.12/site-packages/airflow/example_dags/plugins/listener_plugin.py
[2026-08-04T08:37:01.064+0000] {processor.py:830} INFO - Processing file /home/airflow/.local/lib/python3.12/site-packages/airflow/example_dags/plugins/listener_plugin.py for tasks to queue
[2026-08-04T08:37:01.090+0000] {logging_mixin.py:188} INFO - [2026-08-04T08:37:01.089+0000] {dagbag.py:545} INFO - Filling up the DagBag from /home/airflow/.local/lib/python3.12/site-packages/airflow/example_dags/plugins/listener_plugin.py
[2026-08-04T08:37:01.116+0000] {processor.py:842} WARNING - No viable dags retrieved from /home/airflow/.local/lib/python3.12/site-packages/airflow/example_dags/plugins/listener_plugin.py
[2026-08-04T08:37:01.173+0000] {processor.py:183} INFO - Processing /home/airflow/.local/lib/python3.12/site-packages/airflow/example_dags/plugins/listener_plugin.py took 0.136 seconds
[2026-08-04T08:37:33.362+0000] {processor.py:161} INFO - Started process (PID=5403) to work on /home/airflow/.local/lib/python3.12/site-packages/airflow/example_dags/plugins/listener_plugin.py
[2026-08-04T08:37:33.371+0000] {processor.py:830} INFO - Processing file /home/airflow/.local/lib/python3.12/site-packages/airflow/example_dags/plugins/listener_plugin.py for tasks to queue
[2026-08-04T08:37:33.378+0000] {logging_mixin.py:188} INFO - [2026-08-04T08:37:33.377+0000] {dagbag.py:545} INFO - Filling up the DagBag from /home/airflow/.local/lib/python3.12/site-packages/airflow/example_dags/plugins/listener_plugin.py
[2026-08-04T08:37:33.387+0000] {processor.py:842} WARNING - No viable dags retrieved from /home/airflow/.local/lib/python3.12/site-packages/airflow/example_dags/plugins/listener_plugin.py
[2026-08-04T08:37:33.474+0000] {processor.py:183} INFO - Processing /home/airflow/.local/lib/python3.12/site-packages/airflow/example_dags/plugins/listener_plugin.py took 0.189 seconds
[2026-08-04T08:38:04.042+0000] {processor.py:161} INFO - Started process (PID=5472) to work on /home/airflow/.local/lib/python3.12/site-packages/airflow/example_dags/plugins/listener_plugin.py
[2026-08-04T08:38:04.064+0000] {processor.py:830} INFO - Processing file /home/airflow/.local/lib/python3.12/site-packages/airflow/example_dags/plugins/listener_plugin.py for tasks to queue
[2026-08-04T08:38:04.081+0000] {logging_mixin.py:188} INFO - [2026-08-04T08:38:04.080+0000] {dagbag.py:545} INFO - Filling up the DagBag from /home/airflow/.local/lib/python3.12/site-packages/airflow/example_dags/plugins/listener_plugin.py
[2026-08-04T08:38:04.106+0000] {processor.py:842} WARNING - No viable dags retrieved from /home/airflow/.local/lib/python3.12/site-packages/airflow/example_dags/plugins/listener_plugin.py
[2026-08-04T08:38:04.207+0000] {processor.py:183} INFO - Processing /home/airflow/.local/lib/python3.12/site-packages/airflow/example_dags/plugins/listener_plugin.py took 0.207 seconds
[2026-08-04T08:38:37.124+0000] {processor.py:161} INFO - Started process (PID=5543) to work on /home/airflow/.local/lib/python3.12/site-packages/airflow/example_dags/plugins/listener_plugin.py
[2026-08-04T08:38:37.132+0000] {processor.py:830} INFO - Processing file /home/airflow/.local/lib/python3.12/site-packages/airflow/example_dags/plugins/listener_plugin.py for tasks to queue
[2026-08-04T08:38:37.176+0000] {logging_mixin.py:188} INFO - [2026-08-04T08:38:37.162+0000] {dagbag.py:545} INFO - Filling up the DagBag from /home/airflow/.local/lib/python3.12/site-packages/airflow/example_dags/plugins/listener_plugin.py
[2026-08-04T08:38:37.205+0000] {processor.py:842} WARNING - No viable dags retrieved from /home/airflow/.local/lib/python3.12/site-packages/airflow/example_dags/plugins/listener_plugin.py
[2026-08-04T08:38:37.307+0000] {processor.py:183} INFO - Processing /home/airflow/.local/lib/python3.12/site-packages/airflow/example_dags/plugins/listener_plugin.py took 0.240 seconds
[2026-08-04T08:39:08.348+0000] {processor.py:161} INFO - Started process (PID=5606) to work on /home/airflow/.local/lib/python3.12/site-packages/airflow/example_dags/plugins/listener_plugin.py
[2026-08-04T08:39:08.355+0000] {processor.py:830} INFO - Processing file /home/airflow/.local/lib/python3.12/site-packages/airflow/example_dags/plugins/listener_plugin.py for tasks to queue
[2026-08-04T08:39:08.368+0000] {logging_mixin.py:188} INFO - [2026-08-04T08:39:08.367+0000] {dagbag.py:545} INFO - Filling up the DagBag from /home/airflow/.local/lib/python3.12/site-packages/airflow/example_dags/plugins/listener_plugin.py
[2026-08-04T08:39:08.386+0000] {processor.py:842} WARNING - No viable dags retrieved from /home/airflow/.local/lib/python3.12/site-packages/airflow/example_dags/plugins/listener_plugin.py
[2026-08-04T08:39:08.450+0000] {processor.py:183} INFO - Processing /home/airflow/.local/lib/python3.12/site-packages/airflow/example_dags/plugins/listener_plugin.py took 0.118 seconds
[2026-08-04T08:39:41.860+0000] {processor.py:161} INFO - Started process (PID=5678) to work on /home/airflow/.local/lib/python3.12/site-packages/airflow/example_dags/plugins/listener_plugin.py
[2026-08-04T08:39:41.864+0000] {processor.py:830} INFO - Processing file /home/airflow/.local/lib/python3.12/site-packages/airflow/example_dags/plugins/listener_plugin.py for tasks to queue
[2026-08-04T08:39:41.875+0000] {logging_mixin.py:188} INFO - [2026-08-04T08:39:41.874+0000] {dagbag.py:545} INFO - Filling up the DagBag from /home/airflow/.local/lib/python3.12/site-packages/airflow/example_dags/plugins/listener_plugin.py
[2026-08-04T08:39:41.886+0000] {processor.py:842} WARNING - No viable dags retrieved from /home/airflow/.local/lib/python3.12/site-packages/airflow/example_dags/plugins/listener_plugin.py
[2026-08-04T08:39:41.963+0000] {processor.py:183} INFO - Processing /home/airflow/.local/lib/python3.12/site-packages/airflow/example_dags/plugins/listener_plugin.py took 0.186 seconds
[2026-08-04T08:40:14.021+0000] {processor.py:161} INFO - Started process (PID=5744) to work on /home/airflow/.local/lib/python3.12/site-packages/airflow/example_dags/plugins/listener_plugin.py
[2026-08-04T08:40:14.036+0000] {processor.py:830} INFO - Processing file /home/airflow/.local/lib/python3.12/site-packages/airflow/example_dags/plugins/listener_plugin.py for tasks to queue
[2026-08-04T08:40:14.053+0000] {logging_mixin.py:188} INFO - [2026-08-04T08:40:14.052+0000] {dagbag.py:545} INFO - Filling up the DagBag from /home/airflow/.local/lib/python3.12/site-packages/airflow/example_dags/plugins/listener_plugin.py
[2026-08-04T08:40:14.074+0000] {processor.py:842} WARNING - No viable dags retrieved from /home/airflow/.local/lib/python3.12/site-packages/airflow/example_dags/plugins/listener_plugin.py
[2026-08-04T08:40:14.204+0000] {processor.py:183} INFO - Processing /home/airflow/.local/lib/python3.12/site-packages/airflow/example_dags/plugins/listener_plugin.py took 0.227 seconds
[2026-08-04T08:41:00.785+0000] {processor.py:161} INFO - Started process (PID=5829) to work on /home/airflow/.local/lib/python3.12/site-packages/airflow/example_dags/plugins/listener_plugin.py
[2026-08-04T08:41:00.789+0000] {processor.py:830} INFO - Processing file /home/airflow/.local/lib/python3.12/site-packages/airflow/example_dags/plugins/listener_plugin.py for tasks to queue
[2026-08-04T08:41:00.802+0000] {logging_mixin.py:188} INFO - [2026-08-04T08:41:00.801+0000] {dagbag.py:545} INFO - Filling up the DagBag from /home/airflow/.local/lib/python3.12/site-packages/airflow/example_dags/plugins/listener_plugin.py
[2026-08-04T08:41:00.874+0000] {processor.py:842} WARNING - No viable dags retrieved from /home/airflow/.local/lib/python3.12/site-packages/airflow/example_dags/plugins/listener_plugin.py
[2026-08-04T08:41:01.122+0000] {processor.py:183} INFO - Processing /home/airflow/.local/lib/python3.12/site-packages/airflow/example_dags/plugins/listener_plugin.py took 0.376 seconds
[2026-08-04T08:41:32.586+0000] {processor.py:161} INFO - Started process (PID=5895) to work on /home/airflow/.local/lib/python3.12/site-packages/airflow/example_dags/plugins/listener_plugin.py
[2026-08-04T08:41:32.594+0000] {processor.py:830} INFO - Processing file /home/airflow/.local/lib/python3.12/site-packages/airflow/example_dags/plugins/listener_plugin.py for tasks to queue
[2026-08-04T08:41:32.612+0000] {logging_mixin.py:188} INFO - [2026-08-04T08:41:32.611+0000] {dagbag.py:545} INFO - Filling up the DagBag from /home/airflow/.local/lib/python3.12/site-packages/airflow/example_dags/plugins/listener_plugin.py
[2026-08-04T08:41:32.621+0000] {processor.py:842} WARNING - No viable dags retrieved from /home/airflow/.local/lib/python3.12/site-packages/airflow/example_dags/plugins/listener_plugin.py
[2026-08-04T08:41:32.674+0000] {processor.py:183} INFO - Processing /home/airflow/.local/lib/python3.12/site-packages/airflow/example_dags/plugins/listener_plugin.py took 0.131 seconds
[2026-08-04T08:42:05.698+0000] {processor.py:161} INFO - Started process (PID=5969) to work on /home/airflow/.local/lib/python3.12/site-packages/airflow/example_dags/plugins/listener_plugin.py
[2026-08-04T08:42:05.715+0000] {processor.py:830} INFO - Processing file /home/airflow/.local/lib/python3.12/site-packages/airflow/example_dags/plugins/listener_plugin.py for tasks to queue
[2026-08-04T08:42:05.722+0000] {logging_mixin.py:188} INFO - [2026-08-04T08:42:05.720+0000] {dagbag.py:545} INFO - Filling up the DagBag from /home/airflow/.local/lib/python3.12/site-packages/airflow/example_dags/plugins/listener_plugin.py
[2026-08-04T08:42:05.732+0000] {processor.py:842} WARNING - No viable dags retrieved from /home/airflow/.local/lib/python3.12/site-packages/airflow/example_dags/plugins/listener_plugin.py
[2026-08-04T08:42:05.793+0000] {processor.py:183} INFO - Processing /home/airflow/.local/lib/python3.12/site-packages/airflow/example_dags/plugins/listener_plugin.py took 0.184 seconds
[2026-08-04T08:42:44.606+0000] {processor.py:161} INFO - Started process (PID=6046) to work on /home/airflow/.local/lib/python3.12/site-packages/airflow/example_dags/plugins/listener_plugin.py
[2026-08-04T08:42:44.610+0000] {processor.py:830} INFO - Processing file /home/airflow/.local/lib/python3.12/site-packages/airflow/example_dags/plugins/listener_plugin.py for tasks to queue
[2026-08-04T08:42:44.616+0000] {logging_mixin.py:188} INFO - [2026-08-04T08:42:44.616+0000] {dagbag.py:545} INFO - Filling up the DagBag from /home/airflow/.local/lib/python3.12/site-packages/airflow/example_dags/plugins/listener_plugin.py
[2026-08-04T08:42:44.624+0000] {processor.py:842} WARNING - No viable dags retrieved from /home/airflow/.local/lib/python3.12/site-packages/airflow/example_dags/plugins/listener_plugin.py
[2026-08-04T08:42:44.677+0000] {processor.py:183} INFO - Processing /home/airflow/.local/lib/python3.12/site-packages/airflow/example_dags/plugins/listener_plugin.py took 0.087 seconds
[2026-08-04T08:43:18.434+0000] {processor.py:161} INFO - Started process (PID=6111) to work on /home/airflow/.local/lib/python3.12/site-packages/airflow/example_dags/plugins/listener_plugin.py
[2026-08-04T08:43:18.462+0000] {processor.py:830} INFO - Processing file /home/airflow/.local/lib/python3.12/site-packages/airflow/example_dags/plugins/listener_plugin.py for tasks to queue
[2026-08-04T08:43:18.481+0000] {logging_mixin.py:188} INFO - [2026-08-04T08:43:18.480+0000] {dagbag.py:545} INFO - Filling up the DagBag from /home/airflow/.local/lib/python3.12/site-packages/airflow/example_dags/plugins/listener_plugin.py
[2026-08-04T08:43:18.506+0000] {processor.py:842} WARNING - No viable dags retrieved from /home/airflow/.local/lib/python3.12/site-packages/airflow/example_dags/plugins/listener_plugin.py
[2026-08-04T08:43:18.562+0000] {processor.py:183} INFO - Processing /home/airflow/.local/lib/python3.12/site-packages/airflow/example_dags/plugins/listener_plugin.py took 0.161 seconds
[2026-08-04T08:43:59.797+0000] {processor.py:161} INFO - Started process (PID=6187) to work on /home/airflow/.local/lib/python3.12/site-packages/airflow/example_dags/plugins/listener_plugin.py
[2026-08-04T08:43:59.845+0000] {processor.py:830} INFO - Processing file /home/airflow/.local/lib/python3.12/site-packages/airflow/example_dags/plugins/listener_plugin.py for tasks to queue
[2026-08-04T08:43:59.910+0000] {logging_mixin.py:188} INFO - [2026-08-04T08:43:59.909+0000] {dagbag.py:545} INFO - Filling up the DagBag from /home/airflow/.local/lib/python3.12/site-packages/airflow/example_dags/plugins/listener_plugin.py
[2026-08-04T08:44:00.007+0000] {processor.py:842} WARNING - No viable dags retrieved from /home/airflow/.local/lib/python3.12/site-packages/airflow/example_dags/plugins/listener_plugin.py
[2026-08-04T08:44:00.238+0000] {processor.py:183} INFO - Processing /home/airflow/.local/lib/python3.12/site-packages/airflow/example_dags/plugins/listener_plugin.py took 0.520 seconds
[2026-08-04T08:44:34.698+0000] {processor.py:161} INFO - Started process (PID=6260) to work on /home/airflow/.local/lib/python3.12/site-packages/airflow/example_dags/plugins/listener_plugin.py
[2026-08-04T08:44:34.704+0000] {processor.py:830} INFO - Processing file /home/airflow/.local/lib/python3.12/site-packages/airflow/example_dags/plugins/listener_plugin.py for tasks to queue
[2026-08-04T08:44:34.717+0000] {logging_mixin.py:188} INFO - [2026-08-04T08:44:34.712+0000] {dagbag.py:545} INFO - Filling up the DagBag from /home/airflow/.local/lib/python3.12/site-packages/airflow/example_dags/plugins/listener_plugin.py
[2026-08-04T08:44:34.732+0000] {processor.py:842} WARNING - No viable dags retrieved from /home/airflow/.local/lib/python3.12/site-packages/airflow/example_dags/plugins/listener_plugin.py
[2026-08-04T08:44:34.874+0000] {processor.py:183} INFO - Processing /home/airflow/.local/lib/python3.12/site-packages/airflow/example_dags/plugins/listener_plugin.py took 0.211 seconds
[2026-08-04T08:45:09.239+0000] {processor.py:161} INFO - Started process (PID=6333) to work on /home/airflow/.local/lib/python3.12/site-packages/airflow/example_dags/plugins/listener_plugin.py
[2026-08-04T08:45:09.248+0000] {processor.py:830} INFO - Processing file /home/airflow/.local/lib/python3.12/site-packages/airflow/example_dags/plugins/listener_plugin.py for tasks to queue
[2026-08-04T08:45:09.278+0000] {logging_mixin.py:188} INFO - [2026-08-04T08:45:09.277+0000] {dagbag.py:545} INFO - Filling up the DagBag from /home/airflow/.local/lib/python3.12/site-packages/airflow/example_dags/plugins/listener_plugin.py
[2026-08-04T08:45:09.304+0000] {processor.py:842} WARNING - No viable dags retrieved from /home/airflow/.local/lib/python3.12/site-packages/airflow/example_dags/plugins/listener_plugin.py
[2026-08-04T08:45:09.348+0000] {processor.py:183} INFO - Processing /home/airflow/.local/lib/python3.12/site-packages/airflow/example_dags/plugins/listener_plugin.py took 0.172 seconds
[2026-08-04T08:45:50.483+0000] {processor.py:161} INFO - Started process (PID=6415) to work on /home/airflow/.local/lib/python3.12/site-packages/airflow/example_dags/plugins/listener_plugin.py
[2026-08-04T08:45:50.486+0000] {processor.py:830} INFO - Processing file /home/airflow/.local/lib/python3.12/site-packages/airflow/example_dags/plugins/listener_plugin.py for tasks to queue
[2026-08-04T08:45:50.502+0000] {logging_mixin.py:188} INFO - [2026-08-04T08:45:50.501+0000] {dagbag.py:545} INFO - Filling up the DagBag from /home/airflow/.local/lib/python3.12/site-packages/airflow/example_dags/plugins/listener_plugin.py
[2026-08-04T08:45:50.509+0000] {processor.py:842} WARNING - No viable dags retrieved from /home/airflow/.local/lib/python3.12/site-packages/airflow/example_dags/plugins/listener_plugin.py
[2026-08-04T08:45:50.595+0000] {processor.py:183} INFO - Processing /home/airflow/.local/lib/python3.12/site-packages/airflow/example_dags/plugins/listener_plugin.py took 0.133 seconds
[2026-08-04T08:46:38.328+0000] {processor.py:161} INFO - Started process (PID=6495) to work on /home/airflow/.local/lib/python3.12/site-packages/airflow/example_dags/plugins/listener_plugin.py
[2026-08-04T08:46:38.338+0000] {processor.py:830} INFO - Processing file /home/airflow/.local/lib/python3.12/site-packages/airflow/example_dags/plugins/listener_plugin.py for tasks to queue
[2026-08-04T08:46:38.360+0000] {logging_mixin.py:188} INFO - [2026-08-04T08:46:38.357+0000] {dagbag.py:545} INFO - Filling up the DagBag from /home/airflow/.local/lib/python3.12/site-packages/airflow/example_dags/plugins/listener_plugin.py
[2026-08-04T08:46:38.386+0000] {processor.py:842} WARNING - No viable dags retrieved from /home/airflow/.local/lib/python3.12/site-packages/airflow/example_dags/plugins/listener_plugin.py
[2026-08-04T08:46:38.500+0000] {processor.py:183} INFO - Processing /home/airflow/.local/lib/python3.12/site-packages/airflow/example_dags/plugins/listener_plugin.py took 0.198 seconds
[2026-08-04T08:47:13.477+0000] {processor.py:161} INFO - Started process (PID=6568) to work on /home/airflow/.local/lib/python3.12/site-packages/airflow/example_dags/plugins/listener_plugin.py
[2026-08-04T08:47:13.486+0000] {processor.py:830} INFO - Processing file /home/airflow/.local/lib/python3.12/site-packages/airflow/example_dags/plugins/listener_plugin.py for tasks to queue
[2026-08-04T08:47:13.494+0000] {logging_mixin.py:188} INFO - [2026-08-04T08:47:13.493+0000] {dagbag.py:545} INFO - Filling up the DagBag from /home/airflow/.local/lib/python3.12/site-packages/airflow/example_dags/plugins/listener_plugin.py
[2026-08-04T08:47:13.513+0000] {processor.py:842} WARNING - No viable dags retrieved from /home/airflow/.local/lib/python3.12/site-packages/airflow/example_dags/plugins/listener_plugin.py
[2026-08-04T08:47:13.566+0000] {processor.py:183} INFO - Processing /home/airflow/.local/lib/python3.12/site-packages/airflow/example_dags/plugins/listener_plugin.py took 0.110 seconds
[2026-08-04T08:47:50.286+0000] {processor.py:161} INFO - Started process (PID=6642) to work on /home/airflow/.local/lib/python3.12/site-packages/airflow/example_dags/plugins/listener_plugin.py
[2026-08-04T08:47:50.289+0000] {processor.py:830} INFO - Processing file /home/airflow/.local/lib/python3.12/site-packages/airflow/example_dags/plugins/listener_plugin.py for tasks to queue
[2026-08-04T08:47:50.294+0000] {logging_mixin.py:188} INFO - [2026-08-04T08:47:50.293+0000] {dagbag.py:545} INFO - Filling up the DagBag from /home/airflow/.local/lib/python3.12/site-packages/airflow/example_dags/plugins/listener_plugin.py
[2026-08-04T08:47:50.307+0000] {processor.py:842} WARNING - No viable dags retrieved from /home/airflow/.local/lib/python3.12/site-packages/airflow/example_dags/plugins/listener_plugin.py
[2026-08-04T08:47:50.357+0000] {processor.py:183} INFO - Processing /home/airflow/.local/lib/python3.12/site-packages/airflow/example_dags/plugins/listener_plugin.py took 0.085 seconds
[2026-08-04T08:48:27.617+0000] {processor.py:161} INFO - Started process (PID=6708) to work on /home/airflow/.local/lib/python3.12/site-packages/airflow/example_dags/plugins/listener_plugin.py
[2026-08-04T08:48:27.630+0000] {processor.py:830} INFO - Processing file /home/airflow/.local/lib/python3.12/site-packages/airflow/example_dags/plugins/listener_plugin.py for tasks to queue
[2026-08-04T08:48:27.659+0000] {logging_mixin.py:188} INFO - [2026-08-04T08:48:27.658+0000] {dagbag.py:545} INFO - Filling up the DagBag from /home/airflow/.local/lib/python3.12/site-packages/airflow/example_dags/plugins/listener_plugin.py
[2026-08-04T08:48:27.708+0000] {processor.py:842} WARNING - No viable dags retrieved from /home/airflow/.local/lib/python3.12/site-packages/airflow/example_dags/plugins/listener_plugin.py
[2026-08-04T08:48:27.890+0000] {processor.py:183} INFO - Processing /home/airflow/.local/lib/python3.12/site-packages/airflow/example_dags/plugins/listener_plugin.py took 0.356 seconds
[2026-08-04T08:49:06.666+0000] {processor.py:161} INFO - Started process (PID=6780) to work on /home/airflow/.local/lib/python3.12/site-packages/airflow/example_dags/plugins/listener_plugin.py
[2026-08-04T08:49:06.676+0000] {processor.py:830} INFO - Processing file /home/airflow/.local/lib/python3.12/site-packages/airflow/example_dags/plugins/listener_plugin.py for tasks to queue
[2026-08-04T08:49:06.700+0000] {logging_mixin.py:188} INFO - [2026-08-04T08:49:06.699+0000] {dagbag.py:545} INFO - Filling up the DagBag from /home/airflow/.local/lib/python3.12/site-packages/airflow/example_dags/plugins/listener_plugin.py
[2026-08-04T08:49:06.725+0000] {processor.py:842} WARNING - No viable dags retrieved from /home/airflow/.local/lib/python3.12/site-packages/airflow/example_dags/plugins/listener_plugin.py
[2026-08-04T08:49:06.834+0000] {processor.py:183} INFO - Processing /home/airflow/.local/lib/python3.12/site-packages/airflow/example_dags/plugins/listener_plugin.py took 0.201 seconds
[2026-08-04T08:49:54.599+0000] {processor.py:161} INFO - Started process (PID=6869) to work on /home/airflow/.local/lib/python3.12/site-packages/airflow/example_dags/plugins/listener_plugin.py
[2026-08-04T08:49:54.613+0000] {processor.py:830} INFO - Processing file /home/airflow/.local/lib/python3.12/site-packages/airflow/example_dags/plugins/listener_plugin.py for tasks to queue
[2026-08-04T08:49:54.634+0000] {logging_mixin.py:188} INFO - [2026-08-04T08:49:54.633+0000] {dagbag.py:545} INFO - Filling up the DagBag from /home/airflow/.local/lib/python3.12/site-packages/airflow/example_dags/plugins/listener_plugin.py
[2026-08-04T08:49:54.648+0000] {processor.py:842} WARNING - No viable dags retrieved from /home/airflow/.local/lib/python3.12/site-packages/airflow/example_dags/plugins/listener_plugin.py
[2026-08-04T08:49:54.701+0000] {processor.py:183} INFO - Processing /home/airflow/.local/lib/python3.12/site-packages/airflow/example_dags/plugins/listener_plugin.py took 0.197 seconds
[2026-08-04T08:50:35.014+0000] {processor.py:161} INFO - Started process (PID=6942) to work on /home/airflow/.local/lib/python3.12/site-packages/airflow/example_dags/plugins/listener_plugin.py
[2026-08-04T08:50:35.023+0000] {processor.py:830} INFO - Processing file /home/airflow/.local/lib/python3.12/site-packages/airflow/example_dags/plugins/listener_plugin.py for tasks to queue
[2026-08-04T08:50:35.037+0000] {logging_mixin.py:188} INFO - [2026-08-04T08:50:35.036+0000] {dagbag.py:545} INFO - Filling up the DagBag from /home/airflow/.local/lib/python3.12/site-packages/airflow/example_dags/plugins/listener_plugin.py
[2026-08-04T08:50:35.050+0000] {processor.py:842} WARNING - No viable dags retrieved from /home/airflow/.local/lib/python3.12/site-packages/airflow/example_dags/plugins/listener_plugin.py
[2026-08-04T08:50:35.095+0000] {processor.py:183} INFO - Processing /home/airflow/.local/lib/python3.12/site-packages/airflow/example_dags/plugins/listener_plugin.py took 0.124 seconds
[2026-08-04T08:51:10.070+0000] {processor.py:161} INFO - Started process (PID=7014) to work on /home/airflow/.local/lib/python3.12/site-packages/airflow/example_dags/plugins/listener_plugin.py
[2026-08-04T08:51:10.080+0000] {processor.py:830} INFO - Processing file /home/airflow/.local/lib/python3.12/site-packages/airflow/example_dags/plugins/listener_plugin.py for tasks to queue
[2026-08-04T08:51:10.092+0000] {logging_mixin.py:188} INFO - [2026-08-04T08:51:10.091+0000] {dagbag.py:545} INFO - Filling up the DagBag from /home/airflow/.local/lib/python3.12/site-packages/airflow/example_dags/plugins/listener_plugin.py
[2026-08-04T08:51:10.102+0000] {processor.py:842} WARNING - No viable dags retrieved from /home/airflow/.local/lib/python3.12/site-packages/airflow/example_dags/plugins/listener_plugin.py
[2026-08-04T08:51:10.147+0000] {processor.py:183} INFO - Processing /home/airflow/.local/lib/python3.12/site-packages/airflow/example_dags/plugins/listener_plugin.py took 0.151 seconds
[2026-08-04T08:51:52.778+0000] {processor.py:161} INFO - Started process (PID=7087) to work on /home/airflow/.local/lib/python3.12/site-packages/airflow/example_dags/plugins/listener_plugin.py
[2026-08-04T08:51:52.792+0000] {processor.py:830} INFO - Processing file /home/airflow/.local/lib/python3.12/site-packages/airflow/example_dags/plugins/listener_plugin.py for tasks to queue
[2026-08-04T08:51:52.828+0000] {logging_mixin.py:188} INFO - [2026-08-04T08:51:52.827+0000] {dagbag.py:545} INFO - Filling up the DagBag from /home/airflow/.local/lib/python3.12/site-packages/airflow/example_dags/plugins/listener_plugin.py
[2026-08-04T08:51:52.863+0000] {processor.py:842} WARNING - No viable dags retrieved from /home/airflow/.local/lib/python3.12/site-packages/airflow/example_dags/plugins/listener_plugin.py
[2026-08-04T08:51:53.024+0000] {processor.py:183} INFO - Processing /home/airflow/.local/lib/python3.12/site-packages/airflow/example_dags/plugins/listener_plugin.py took 0.367 seconds
[2026-08-04T08:52:32.486+0000] {processor.py:161} INFO - Started process (PID=7162) to work on /home/airflow/.local/lib/python3.12/site-packages/airflow/example_dags/plugins/listener_plugin.py
[2026-08-04T08:52:32.490+0000] {processor.py:830} INFO - Processing file /home/airflow/.local/lib/python3.12/site-packages/airflow/example_dags/plugins/listener_plugin.py for tasks to queue
[2026-08-04T08:52:32.503+0000] {logging_mixin.py:188} INFO - [2026-08-04T08:52:32.502+0000] {dagbag.py:545} INFO - Filling up the DagBag from /home/airflow/.local/lib/python3.12/site-packages/airflow/example_dags/plugins/listener_plugin.py
[2026-08-04T08:52:32.514+0000] {processor.py:842} WARNING - No viable dags retrieved from /home/airflow/.local/lib/python3.12/site-packages/airflow/example_dags/plugins/listener_plugin.py
[2026-08-04T08:52:32.567+0000] {processor.py:183} INFO - Processing /home/airflow/.local/lib/python3.12/site-packages/airflow/example_dags/plugins/listener_plugin.py took 0.103 seconds
[2026-08-04T08:53:16.044+0000] {processor.py:161} INFO - Started process (PID=7246) to work on /home/airflow/.local/lib/python3.12/site-packages/airflow/example_dags/plugins/listener_plugin.py
[2026-08-04T08:53:16.078+0000] {processor.py:830} INFO - Processing file /home/airflow/.local/lib/python3.12/site-packages/airflow/example_dags/plugins/listener_plugin.py for tasks to queue
[2026-08-04T08:53:16.160+0000] {logging_mixin.py:188} INFO - [2026-08-04T08:53:16.159+0000] {dagbag.py:545} INFO - Filling up the DagBag from /home/airflow/.local/lib/python3.12/site-packages/airflow/example_dags/plugins/listener_plugin.py
[2026-08-04T08:53:16.196+0000] {processor.py:842} WARNING - No viable dags retrieved from /home/airflow/.local/lib/python3.12/site-packages/airflow/example_dags/plugins/listener_plugin.py
[2026-08-04T08:53:16.388+0000] {processor.py:183} INFO - Processing /home/airflow/.local/lib/python3.12/site-packages/airflow/example_dags/plugins/listener_plugin.py took 0.394 seconds
[2026-08-04T08:53:57.963+0000] {processor.py:161} INFO - Started process (PID=7328) to work on /home/airflow/.local/lib/python3.12/site-packages/airflow/example_dags/plugins/listener_plugin.py
[2026-08-04T08:53:57.967+0000] {processor.py:830} INFO - Processing file /home/airflow/.local/lib/python3.12/site-packages/airflow/example_dags/plugins/listener_plugin.py for tasks to queue
[2026-08-04T08:53:57.973+0000] {logging_mixin.py:188} INFO - [2026-08-04T08:53:57.972+0000] {dagbag.py:545} INFO - Filling up the DagBag from /home/airflow/.local/lib/python3.12/site-packages/airflow/example_dags/plugins/listener_plugin.py
[2026-08-04T08:53:57.980+0000] {processor.py:842} WARNING - No viable dags retrieved from /home/airflow/.local/lib/python3.12/site-packages/airflow/example_dags/plugins/listener_plugin.py
[2026-08-04T08:53:58.051+0000] {processor.py:183} INFO - Processing /home/airflow/.local/lib/python3.12/site-packages/airflow/example_dags/plugins/listener_plugin.py took 0.105 seconds
[2026-08-04T08:54:38.893+0000] {processor.py:161} INFO - Started process (PID=7410) to work on /home/airflow/.local/lib/python3.12/site-packages/airflow/example_dags/plugins/listener_plugin.py
[2026-08-04T08:54:38.923+0000] {processor.py:830} INFO - Processing file /home/airflow/.local/lib/python3.12/site-packages/airflow/example_dags/plugins/listener_plugin.py for tasks to queue
[2026-08-04T08:54:38.941+0000] {logging_mixin.py:188} INFO - [2026-08-04T08:54:38.940+0000] {dagbag.py:545} INFO - Filling up the DagBag from /home/airflow/.local/lib/python3.12/site-packages/airflow/example_dags/plugins/listener_plugin.py
[2026-08-04T08:54:38.966+0000] {processor.py:842} WARNING - No viable dags retrieved from /home/airflow/.local/lib/python3.12/site-packages/airflow/example_dags/plugins/listener_plugin.py
[2026-08-04T08:54:39.167+0000] {processor.py:183} INFO - Processing /home/airflow/.local/lib/python3.12/site-packages/airflow/example_dags/plugins/listener_plugin.py took 0.357 seconds
[2026-08-04T08:55:14.636+0000] {processor.py:161} INFO - Started process (PID=7481) to work on /home/airflow/.local/lib/python3.12/site-packages/airflow/example_dags/plugins/listener_plugin.py
[2026-08-04T08:55:14.641+0000] {processor.py:830} INFO - Processing file /home/airflow/.local/lib/python3.12/site-packages/airflow/example_dags/plugins/listener_plugin.py for tasks to queue
[2026-08-04T08:55:14.650+0000] {logging_mixin.py:188} INFO - [2026-08-04T08:55:14.649+0000] {dagbag.py:545} INFO - Filling up the DagBag from /home/airflow/.local/lib/python3.12/site-packages/airflow/example_dags/plugins/listener_plugin.py
[2026-08-04T08:55:14.659+0000] {processor.py:842} WARNING - No viable dags retrieved from /home/airflow/.local/lib/python3.12/site-packages/airflow/example_dags/plugins/listener_plugin.py
[2026-08-04T08:55:14.701+0000] {processor.py:183} INFO - Processing /home/airflow/.local/lib/python3.12/site-packages/airflow/example_dags/plugins/listener_plugin.py took 0.087 seconds
[2026-08-04T08:55:53.346+0000] {processor.py:161} INFO - Started process (PID=7550) to work on /home/airflow/.local/lib/python3.12/site-packages/airflow/example_dags/plugins/listener_plugin.py
[2026-08-04T08:55:53.350+0000] {processor.py:830} INFO - Processing file /home/airflow/.local/lib/python3.12/site-packages/airflow/example_dags/plugins/listener_plugin.py for tasks to queue
[2026-08-04T08:55:53.358+0000] {logging_mixin.py:188} INFO - [2026-08-04T08:55:53.357+0000] {dagbag.py:545} INFO - Filling up the DagBag from /home/airflow/.local/lib/python3.12/site-packages/airflow/example_dags/plugins/listener_plugin.py
[2026-08-04T08:55:53.378+0000] {processor.py:842} WARNING - No viable dags retrieved from /home/airflow/.local/lib/python3.12/site-packages/airflow/example_dags/plugins/listener_plugin.py
[2026-08-04T08:55:53.448+0000] {processor.py:183} INFO - Processing /home/airflow/.local/lib/python3.12/site-packages/airflow/example_dags/plugins/listener_plugin.py took 0.117 seconds
[2026-08-04T08:56:29.968+0000] {processor.py:161} INFO - Started process (PID=7623) to work on /home/airflow/.local/lib/python3.12/site-packages/airflow/example_dags/plugins/listener_plugin.py
[2026-08-04T08:56:29.977+0000] {processor.py:830} INFO - Processing file /home/airflow/.local/lib/python3.12/site-packages/airflow/example_dags/plugins/listener_plugin.py for tasks to queue
[2026-08-04T08:56:29.999+0000] {logging_mixin.py:188} INFO - [2026-08-04T08:56:29.998+0000] {dagbag.py:545} INFO - Filling up the DagBag from /home/airflow/.local/lib/python3.12/site-packages/airflow/example_dags/plugins/listener_plugin.py
[2026-08-04T08:56:30.046+0000] {processor.py:842} WARNING - No viable dags retrieved from /home/airflow/.local/lib/python3.12/site-packages/airflow/example_dags/plugins/listener_plugin.py
[2026-08-04T08:56:30.143+0000] {processor.py:183} INFO - Processing /home/airflow/.local/lib/python3.12/site-packages/airflow/example_dags/plugins/listener_plugin.py took 0.192 seconds
[2026-08-04T08:57:08.258+0000] {processor.py:161} INFO - Started process (PID=7697) to work on /home/airflow/.local/lib/python3.12/site-packages/airflow/example_dags/plugins/listener_plugin.py
[2026-08-04T08:57:08.270+0000] {processor.py:830} INFO - Processing file /home/airflow/.local/lib/python3.12/site-packages/airflow/example_dags/plugins/listener_plugin.py for tasks to queue
[2026-08-04T08:57:08.287+0000] {logging_mixin.py:188} INFO - [2026-08-04T08:57:08.286+0000] {dagbag.py:545} INFO - Filling up the DagBag from /home/airflow/.local/lib/python3.12/site-packages/airflow/example_dags/plugins/listener_plugin.py
[2026-08-04T08:57:08.331+0000] {processor.py:842} WARNING - No viable dags retrieved from /home/airflow/.local/lib/python3.12/site-packages/airflow/example_dags/plugins/listener_plugin.py
[2026-08-04T08:57:08.390+0000] {processor.py:183} INFO - Processing /home/airflow/.local/lib/python3.12/site-packages/airflow/example_dags/plugins/listener_plugin.py took 0.176 seconds
[2026-08-04T08:57:43.116+0000] {processor.py:161} INFO - Started process (PID=7771) to work on /home/airflow/.local/lib/python3.12/site-packages/airflow/example_dags/plugins/listener_plugin.py
[2026-08-04T08:57:43.120+0000] {processor.py:830} INFO - Processing file /home/airflow/.local/lib/python3.12/site-packages/airflow/example_dags/plugins/listener_plugin.py for tasks to queue
[2026-08-04T08:57:43.133+0000] {logging_mixin.py:188} INFO - [2026-08-04T08:57:43.132+0000] {dagbag.py:545} INFO - Filling up the DagBag from /home/airflow/.local/lib/python3.12/site-packages/airflow/example_dags/plugins/listener_plugin.py
[2026-08-04T08:57:43.142+0000] {processor.py:842} WARNING - No viable dags retrieved from /home/airflow/.local/lib/python3.12/site-packages/airflow/example_dags/plugins/listener_plugin.py
[2026-08-04T08:57:43.276+0000] {processor.py:183} INFO - Processing /home/airflow/.local/lib/python3.12/site-packages/airflow/example_dags/plugins/listener_plugin.py took 0.199 seconds
[2026-08-04T08:58:18.029+0000] {processor.py:161} INFO - Started process (PID=7836) to work on /home/airflow/.local/lib/python3.12/site-packages/airflow/example_dags/plugins/listener_plugin.py
[2026-08-04T08:58:18.034+0000] {processor.py:830} INFO - Processing file /home/airflow/.local/lib/python3.12/site-packages/airflow/example_dags/plugins/listener_plugin.py for tasks to queue
[2026-08-04T08:58:18.046+0000] {logging_mixin.py:188} INFO - [2026-08-04T08:58:18.041+0000] {dagbag.py:545} INFO - Filling up the DagBag from /home/airflow/.local/lib/python3.12/site-packages/airflow/example_dags/plugins/listener_plugin.py
[2026-08-04T08:58:18.059+0000] {processor.py:842} WARNING - No viable dags retrieved from /home/airflow/.local/lib/python3.12/site-packages/airflow/example_dags/plugins/listener_plugin.py
[2026-08-04T08:58:18.133+0000] {processor.py:183} INFO - Processing /home/airflow/.local/lib/python3.12/site-packages/airflow/example_dags/plugins/listener_plugin.py took 0.135 seconds
[2026-08-04T08:58:53.577+0000] {processor.py:161} INFO - Started process (PID=7910) to work on /home/airflow/.local/lib/python3.12/site-packages/airflow/example_dags/plugins/listener_plugin.py
[2026-08-04T08:58:53.585+0000] {processor.py:830} INFO - Processing file /home/airflow/.local/lib/python3.12/site-packages/airflow/example_dags/plugins/listener_plugin.py for tasks to queue
[2026-08-04T08:58:53.596+0000] {logging_mixin.py:188} INFO - [2026-08-04T08:58:53.595+0000] {dagbag.py:545} INFO - Filling up the DagBag from /home/airflow/.local/lib/python3.12/site-packages/airflow/example_dags/plugins/listener_plugin.py
[2026-08-04T08:58:53.634+0000] {processor.py:842} WARNING - No viable dags retrieved from /home/airflow/.local/lib/python3.12/site-packages/airflow/example_dags/plugins/listener_plugin.py
[2026-08-04T08:58:53.843+0000] {processor.py:183} INFO - Processing /home/airflow/.local/lib/python3.12/site-packages/airflow/example_dags/plugins/listener_plugin.py took 0.326 seconds
[2026-08-04T08:59:31.766+0000] {processor.py:161} INFO - Started process (PID=7983) to work on /home/airflow/.local/lib/python3.12/site-packages/airflow/example_dags/plugins/listener_plugin.py
[2026-08-04T08:59:31.780+0000] {processor.py:830} INFO - Processing file /home/airflow/.local/lib/python3.12/site-packages/airflow/example_dags/plugins/listener_plugin.py for tasks to queue
[2026-08-04T08:59:31.804+0000] {logging_mixin.py:188} INFO - [2026-08-04T08:59:31.799+0000] {dagbag.py:545} INFO - Filling up the DagBag from /home/airflow/.local/lib/python3.12/site-packages/airflow/example_dags/plugins/listener_plugin.py
[2026-08-04T08:59:31.838+0000] {processor.py:842} WARNING - No viable dags retrieved from /home/airflow/.local/lib/python3.12/site-packages/airflow/example_dags/plugins/listener_plugin.py
[2026-08-04T08:59:32.008+0000] {processor.py:183} INFO - Processing /home/airflow/.local/lib/python3.12/site-packages/airflow/example_dags/plugins/listener_plugin.py took 0.352 seconds
[2026-08-04T09:00:07.984+0000] {processor.py:161} INFO - Started process (PID=8057) to work on /home/airflow/.local/lib/python3.12/site-packages/airflow/example_dags/plugins/listener_plugin.py
[2026-08-04T09:00:08.000+0000] {processor.py:830} INFO - Processing file /home/airflow/.local/lib/python3.12/site-packages/airflow/example_dags/plugins/listener_plugin.py for tasks to queue
[2026-08-04T09:00:08.018+0000] {logging_mixin.py:188} INFO - [2026-08-04T09:00:08.017+0000] {dagbag.py:545} INFO - Filling up the DagBag from /home/airflow/.local/lib/python3.12/site-packages/airflow/example_dags/plugins/listener_plugin.py
[2026-08-04T09:00:08.046+0000] {processor.py:842} WARNING - No viable dags retrieved from /home/airflow/.local/lib/python3.12/site-packages/airflow/example_dags/plugins/listener_plugin.py
[2026-08-04T09:00:08.206+0000] {processor.py:183} INFO - Processing /home/airflow/.local/lib/python3.12/site-packages/airflow/example_dags/plugins/listener_plugin.py took 0.253 seconds
[2026-08-04T09:00:48.517+0000] {processor.py:161} INFO - Started process (PID=8129) to work on /home/airflow/.local/lib/python3.12/site-packages/airflow/example_dags/plugins/listener_plugin.py
[2026-08-04T09:00:48.524+0000] {processor.py:830} INFO - Processing file /home/airflow/.local/lib/python3.12/site-packages/airflow/example_dags/plugins/listener_plugin.py for tasks to queue
[2026-08-04T09:00:48.536+0000] {logging_mixin.py:188} INFO - [2026-08-04T09:00:48.535+0000] {dagbag.py:545} INFO - Filling up the DagBag from /home/airflow/.local/lib/python3.12/site-packages/airflow/example_dags/plugins/listener_plugin.py
[2026-08-04T09:00:48.561+0000] {processor.py:842} WARNING - No viable dags retrieved from /home/airflow/.local/lib/python3.12/site-packages/airflow/example_dags/plugins/listener_plugin.py
[2026-08-04T09:00:48.637+0000] {processor.py:183} INFO - Processing /home/airflow/.local/lib/python3.12/site-packages/airflow/example_dags/plugins/listener_plugin.py took 0.142 seconds
[2026-08-04T09:01:32.151+0000] {processor.py:161} INFO - Started process (PID=8202) to work on /home/airflow/.local/lib/python3.12/site-packages/airflow/example_dags/plugins/listener_plugin.py
[2026-08-04T09:01:32.163+0000] {processor.py:830} INFO - Processing file /home/airflow/.local/lib/python3.12/site-packages/airflow/example_dags/plugins/listener_plugin.py for tasks to queue
[2026-08-04T09:01:32.206+0000] {logging_mixin.py:188} INFO - [2026-08-04T09:01:32.205+0000] {dagbag.py:545} INFO - Filling up the DagBag from /home/airflow/.local/lib/python3.12/site-packages/airflow/example_dags/plugins/listener_plugin.py
[2026-08-04T09:01:32.251+0000] {processor.py:842} WARNING - No viable dags retrieved from /home/airflow/.local/lib/python3.12/site-packages/airflow/example_dags/plugins/listener_plugin.py
[2026-08-04T09:01:32.470+0000] {processor.py:183} INFO - Processing /home/airflow/.local/lib/python3.12/site-packages/airflow/example_dags/plugins/listener_plugin.py took 0.349 seconds
[2026-08-04T09:02:21.965+0000] {processor.py:161} INFO - Started process (PID=8282) to work on /home/airflow/.local/lib/python3.12/site-packages/airflow/example_dags/plugins/listener_plugin.py
[2026-08-04T09:02:21.972+0000] {processor.py:830} INFO - Processing file /home/airflow/.local/lib/python3.12/site-packages/airflow/example_dags/plugins/listener_plugin.py for tasks to queue
[2026-08-04T09:02:21.979+0000] {logging_mixin.py:188} INFO - [2026-08-04T09:02:21.978+0000] {dagbag.py:545} INFO - Filling up the DagBag from /home/airflow/.local/lib/python3.12/site-packages/airflow/example_dags/plugins/listener_plugin.py
[2026-08-04T09:02:21.988+0000] {processor.py:842} WARNING - No viable dags retrieved from /home/airflow/.local/lib/python3.12/site-packages/airflow/example_dags/plugins/listener_plugin.py
[2026-08-04T09:02:22.027+0000] {processor.py:183} INFO - Processing /home/airflow/.local/lib/python3.12/site-packages/airflow/example_dags/plugins/listener_plugin.py took 0.079 seconds
[2026-08-04T18:27:26.830+0000] {processor.py:161} INFO - Started process (PID=173) to work on /home/airflow/.local/lib/python3.12/site-packages/airflow/example_dags/plugins/listener_plugin.py
[2026-08-04T18:27:26.873+0000] {processor.py:830} INFO - Processing file /home/airflow/.local/lib/python3.12/site-packages/airflow/example_dags/plugins/listener_plugin.py for tasks to queue
[2026-08-04T18:27:26.883+0000] {logging_mixin.py:188} INFO - [2026-08-04T18:27:26.883+0000] {dagbag.py:545} INFO - Filling up the DagBag from /home/airflow/.local/lib/python3.12/site-packages/airflow/example_dags/plugins/listener_plugin.py
[2026-08-04T18:27:26.925+0000] {processor.py:842} WARNING - No viable dags retrieved from /home/airflow/.local/lib/python3.12/site-packages/airflow/example_dags/plugins/listener_plugin.py
[2026-08-04T18:27:27.051+0000] {processor.py:183} INFO - Processing /home/airflow/.local/lib/python3.12/site-packages/airflow/example_dags/plugins/listener_plugin.py took 0.783 seconds
[2026-08-04T18:28:21.864+0000] {processor.py:161} INFO - Started process (PID=246) to work on /home/airflow/.local/lib/python3.12/site-packages/airflow/example_dags/plugins/listener_plugin.py
[2026-08-04T18:28:21.870+0000] {processor.py:830} INFO - Processing file /home/airflow/.local/lib/python3.12/site-packages/airflow/example_dags/plugins/listener_plugin.py for tasks to queue
[2026-08-04T18:28:21.878+0000] {logging_mixin.py:188} INFO - [2026-08-04T18:28:21.877+0000] {dagbag.py:545} INFO - Filling up the DagBag from /home/airflow/.local/lib/python3.12/site-packages/airflow/example_dags/plugins/listener_plugin.py
[2026-08-04T18:28:21.907+0000] {processor.py:842} WARNING - No viable dags retrieved from /home/airflow/.local/lib/python3.12/site-packages/airflow/example_dags/plugins/listener_plugin.py
[2026-08-04T18:28:21.988+0000] {processor.py:183} INFO - Processing /home/airflow/.local/lib/python3.12/site-packages/airflow/example_dags/plugins/listener_plugin.py took 0.187 seconds
[2026-08-04T18:29:21.334+0000] {processor.py:161} INFO - Started process (PID=334) to work on /home/airflow/.local/lib/python3.12/site-packages/airflow/example_dags/plugins/listener_plugin.py
[2026-08-04T18:29:21.340+0000] {processor.py:830} INFO - Processing file /home/airflow/.local/lib/python3.12/site-packages/airflow/example_dags/plugins/listener_plugin.py for tasks to queue
[2026-08-04T18:29:21.350+0000] {logging_mixin.py:188} INFO - [2026-08-04T18:29:21.346+0000] {dagbag.py:545} INFO - Filling up the DagBag from /home/airflow/.local/lib/python3.12/site-packages/airflow/example_dags/plugins/listener_plugin.py
[2026-08-04T18:29:21.363+0000] {processor.py:842} WARNING - No viable dags retrieved from /home/airflow/.local/lib/python3.12/site-packages/airflow/example_dags/plugins/listener_plugin.py
[2026-08-04T18:29:21.533+0000] {processor.py:183} INFO - Processing /home/airflow/.local/lib/python3.12/site-packages/airflow/example_dags/plugins/listener_plugin.py took 0.248 seconds
[2026-08-04T18:56:48.487+0000] {processor.py:161} INFO - Started process (PID=147) to work on /home/airflow/.local/lib/python3.12/site-packages/airflow/example_dags/plugins/listener_plugin.py
[2026-08-04T18:56:48.506+0000] {processor.py:830} INFO - Processing file /home/airflow/.local/lib/python3.12/site-packages/airflow/example_dags/plugins/listener_plugin.py for tasks to queue
[2026-08-04T18:56:48.621+0000] {logging_mixin.py:188} INFO - [2026-08-04T18:56:48.608+0000] {dagbag.py:545} INFO - Filling up the DagBag from /home/airflow/.local/lib/python3.12/site-packages/airflow/example_dags/plugins/listener_plugin.py
[2026-08-04T18:56:48.645+0000] {processor.py:842} WARNING - No viable dags retrieved from /home/airflow/.local/lib/python3.12/site-packages/airflow/example_dags/plugins/listener_plugin.py
[2026-08-04T18:56:48.848+0000] {processor.py:183} INFO - Processing /home/airflow/.local/lib/python3.12/site-packages/airflow/example_dags/plugins/listener_plugin.py took 0.457 seconds
[2026-08-04T18:57:49.637+0000] {processor.py:161} INFO - Started process (PID=227) to work on /home/airflow/.local/lib/python3.12/site-packages/airflow/example_dags/plugins/listener_plugin.py
[2026-08-04T18:57:49.659+0000] {processor.py:830} INFO - Processing file /home/airflow/.local/lib/python3.12/site-packages/airflow/example_dags/plugins/listener_plugin.py for tasks to queue
[2026-08-04T18:57:49.694+0000] {logging_mixin.py:188} INFO - [2026-08-04T18:57:49.693+0000] {dagbag.py:545} INFO - Filling up the DagBag from /home/airflow/.local/lib/python3.12/site-packages/airflow/example_dags/plugins/listener_plugin.py
[2026-08-04T18:57:49.786+0000] {processor.py:842} WARNING - No viable dags retrieved from /home/airflow/.local/lib/python3.12/site-packages/airflow/example_dags/plugins/listener_plugin.py
[2026-08-04T18:57:49.869+0000] {processor.py:183} INFO - Processing /home/airflow/.local/lib/python3.12/site-packages/airflow/example_dags/plugins/listener_plugin.py took 0.331 seconds
[2026-08-04T18:58:44.942+0000] {processor.py:161} INFO - Started process (PID=305) to work on /home/airflow/.local/lib/python3.12/site-packages/airflow/example_dags/plugins/listener_plugin.py
[2026-08-04T18:58:44.946+0000] {processor.py:830} INFO - Processing file /home/airflow/.local/lib/python3.12/site-packages/airflow/example_dags/plugins/listener_plugin.py for tasks to queue
[2026-08-04T18:58:44.952+0000] {logging_mixin.py:188} INFO - [2026-08-04T18:58:44.951+0000] {dagbag.py:545} INFO - Filling up the DagBag from /home/airflow/.local/lib/python3.12/site-packages/airflow/example_dags/plugins/listener_plugin.py
[2026-08-04T18:58:44.968+0000] {processor.py:842} WARNING - No viable dags retrieved from /home/airflow/.local/lib/python3.12/site-packages/airflow/example_dags/plugins/listener_plugin.py
[2026-08-04T18:58:45.025+0000] {processor.py:183} INFO - Processing /home/airflow/.local/lib/python3.12/site-packages/airflow/example_dags/plugins/listener_plugin.py took 0.111 seconds
[2026-08-04T18:59:25.940+0000] {processor.py:161} INFO - Started process (PID=376) to work on /home/airflow/.local/lib/python3.12/site-packages/airflow/example_dags/plugins/listener_plugin.py
[2026-08-04T18:59:25.945+0000] {processor.py:830} INFO - Processing file /home/airflow/.local/lib/python3.12/site-packages/airflow/example_dags/plugins/listener_plugin.py for tasks to queue
[2026-08-04T18:59:25.954+0000] {logging_mixin.py:188} INFO - [2026-08-04T18:59:25.952+0000] {dagbag.py:545} INFO - Filling up the DagBag from /home/airflow/.local/lib/python3.12/site-packages/airflow/example_dags/plugins/listener_plugin.py
[2026-08-04T18:59:25.982+0000] {processor.py:842} WARNING - No viable dags retrieved from /home/airflow/.local/lib/python3.12/site-packages/airflow/example_dags/plugins/listener_plugin.py
[2026-08-04T18:59:26.180+0000] {processor.py:183} INFO - Processing /home/airflow/.local/lib/python3.12/site-packages/airflow/example_dags/plugins/listener_plugin.py took 0.261 seconds
[2026-08-04T19:00:03.610+0000] {processor.py:161} INFO - Started process (PID=454) to work on /home/airflow/.local/lib/python3.12/site-packages/airflow/example_dags/plugins/listener_plugin.py
[2026-08-04T19:00:03.619+0000] {processor.py:830} INFO - Processing file /home/airflow/.local/lib/python3.12/site-packages/airflow/example_dags/plugins/listener_plugin.py for tasks to queue
[2026-08-04T19:00:03.631+0000] {logging_mixin.py:188} INFO - [2026-08-04T19:00:03.627+0000] {dagbag.py:545} INFO - Filling up the DagBag from /home/airflow/.local/lib/python3.12/site-packages/airflow/example_dags/plugins/listener_plugin.py
[2026-08-04T19:00:03.649+0000] {processor.py:842} WARNING - No viable dags retrieved from /home/airflow/.local/lib/python3.12/site-packages/airflow/example_dags/plugins/listener_plugin.py
[2026-08-04T19:00:03.704+0000] {processor.py:183} INFO - Processing /home/airflow/.local/lib/python3.12/site-packages/airflow/example_dags/plugins/listener_plugin.py took 0.112 seconds
[2026-08-04T19:00:45.541+0000] {processor.py:161} INFO - Started process (PID=532) to work on /home/airflow/.local/lib/python3.12/site-packages/airflow/example_dags/plugins/listener_plugin.py
[2026-08-04T19:00:45.545+0000] {processor.py:830} INFO - Processing file /home/airflow/.local/lib/python3.12/site-packages/airflow/example_dags/plugins/listener_plugin.py for tasks to queue
[2026-08-04T19:00:45.551+0000] {logging_mixin.py:188} INFO - [2026-08-04T19:00:45.550+0000] {dagbag.py:545} INFO - Filling up the DagBag from /home/airflow/.local/lib/python3.12/site-packages/airflow/example_dags/plugins/listener_plugin.py
[2026-08-04T19:00:45.559+0000] {processor.py:842} WARNING - No viable dags retrieved from /home/airflow/.local/lib/python3.12/site-packages/airflow/example_dags/plugins/listener_plugin.py
[2026-08-04T19:00:45.595+0000] {processor.py:183} INFO - Processing /home/airflow/.local/lib/python3.12/site-packages/airflow/example_dags/plugins/listener_plugin.py took 0.068 seconds
[2026-08-04T19:01:28.581+0000] {processor.py:161} INFO - Started process (PID=625) to work on /home/airflow/.local/lib/python3.12/site-packages/airflow/example_dags/plugins/listener_plugin.py
[2026-08-04T19:01:28.600+0000] {processor.py:830} INFO - Processing file /home/airflow/.local/lib/python3.12/site-packages/airflow/example_dags/plugins/listener_plugin.py for tasks to queue
[2026-08-04T19:01:28.637+0000] {logging_mixin.py:188} INFO - [2026-08-04T19:01:28.625+0000] {dagbag.py:545} INFO - Filling up the DagBag from /home/airflow/.local/lib/python3.12/site-packages/airflow/example_dags/plugins/listener_plugin.py
[2026-08-04T19:01:28.740+0000] {processor.py:842} WARNING - No viable dags retrieved from /home/airflow/.local/lib/python3.12/site-packages/airflow/example_dags/plugins/listener_plugin.py
[2026-08-04T19:01:28.852+0000] {processor.py:183} INFO - Processing /home/airflow/.local/lib/python3.12/site-packages/airflow/example_dags/plugins/listener_plugin.py took 0.356 seconds
[2026-08-04T19:02:06.642+0000] {processor.py:161} INFO - Started process (PID=696) to work on /home/airflow/.local/lib/python3.12/site-packages/airflow/example_dags/plugins/listener_plugin.py
[2026-08-04T19:02:06.647+0000] {processor.py:830} INFO - Processing file /home/airflow/.local/lib/python3.12/site-packages/airflow/example_dags/plugins/listener_plugin.py for tasks to queue
[2026-08-04T19:02:06.659+0000] {logging_mixin.py:188} INFO - [2026-08-04T19:02:06.657+0000] {dagbag.py:545} INFO - Filling up the DagBag from /home/airflow/.local/lib/python3.12/site-packages/airflow/example_dags/plugins/listener_plugin.py
[2026-08-04T19:02:06.670+0000] {processor.py:842} WARNING - No viable dags retrieved from /home/airflow/.local/lib/python3.12/site-packages/airflow/example_dags/plugins/listener_plugin.py
[2026-08-04T19:02:06.722+0000] {processor.py:183} INFO - Processing /home/airflow/.local/lib/python3.12/site-packages/airflow/example_dags/plugins/listener_plugin.py took 0.106 seconds
[2026-08-04T19:02:45.549+0000] {processor.py:161} INFO - Started process (PID=773) to work on /home/airflow/.local/lib/python3.12/site-packages/airflow/example_dags/plugins/listener_plugin.py
[2026-08-04T19:02:45.553+0000] {processor.py:830} INFO - Processing file /home/airflow/.local/lib/python3.12/site-packages/airflow/example_dags/plugins/listener_plugin.py for tasks to queue
[2026-08-04T19:02:45.559+0000] {logging_mixin.py:188} INFO - [2026-08-04T19:02:45.558+0000] {dagbag.py:545} INFO - Filling up the DagBag from /home/airflow/.local/lib/python3.12/site-packages/airflow/example_dags/plugins/listener_plugin.py
[2026-08-04T19:02:45.569+0000] {processor.py:842} WARNING - No viable dags retrieved from /home/airflow/.local/lib/python3.12/site-packages/airflow/example_dags/plugins/listener_plugin.py
[2026-08-04T19:02:45.604+0000] {processor.py:183} INFO - Processing /home/airflow/.local/lib/python3.12/site-packages/airflow/example_dags/plugins/listener_plugin.py took 0.069 seconds
[2026-08-04T19:03:19.826+0000] {processor.py:161} INFO - Started process (PID=846) to work on /home/airflow/.local/lib/python3.12/site-packages/airflow/example_dags/plugins/listener_plugin.py
[2026-08-04T19:03:19.838+0000] {processor.py:830} INFO - Processing file /home/airflow/.local/lib/python3.12/site-packages/airflow/example_dags/plugins/listener_plugin.py for tasks to queue
[2026-08-04T19:03:19.866+0000] {logging_mixin.py:188} INFO - [2026-08-04T19:03:19.865+0000] {dagbag.py:545} INFO - Filling up the DagBag from /home/airflow/.local/lib/python3.12/site-packages/airflow/example_dags/plugins/listener_plugin.py
[2026-08-04T19:03:19.919+0000] {processor.py:842} WARNING - No viable dags retrieved from /home/airflow/.local/lib/python3.12/site-packages/airflow/example_dags/plugins/listener_plugin.py
[2026-08-04T19:03:20.048+0000] {processor.py:183} INFO - Processing /home/airflow/.local/lib/python3.12/site-packages/airflow/example_dags/plugins/listener_plugin.py took 0.263 seconds
[2026-08-04T19:03:51.096+0000] {processor.py:161} INFO - Started process (PID=917) to work on /home/airflow/.local/lib/python3.12/site-packages/airflow/example_dags/plugins/listener_plugin.py
[2026-08-04T19:03:51.109+0000] {processor.py:830} INFO - Processing file /home/airflow/.local/lib/python3.12/site-packages/airflow/example_dags/plugins/listener_plugin.py for tasks to queue
[2026-08-04T19:03:51.121+0000] {logging_mixin.py:188} INFO - [2026-08-04T19:03:51.120+0000] {dagbag.py:545} INFO - Filling up the DagBag from /home/airflow/.local/lib/python3.12/site-packages/airflow/example_dags/plugins/listener_plugin.py
[2026-08-04T19:03:51.151+0000] {processor.py:842} WARNING - No viable dags retrieved from /home/airflow/.local/lib/python3.12/site-packages/airflow/example_dags/plugins/listener_plugin.py
[2026-08-04T19:03:51.347+0000] {processor.py:183} INFO - Processing /home/airflow/.local/lib/python3.12/site-packages/airflow/example_dags/plugins/listener_plugin.py took 0.307 seconds
[2026-08-04T19:04:27.057+0000] {processor.py:161} INFO - Started process (PID=986) to work on /home/airflow/.local/lib/python3.12/site-packages/airflow/example_dags/plugins/listener_plugin.py
[2026-08-04T19:04:27.061+0000] {processor.py:830} INFO - Processing file /home/airflow/.local/lib/python3.12/site-packages/airflow/example_dags/plugins/listener_plugin.py for tasks to queue
[2026-08-04T19:04:27.068+0000] {logging_mixin.py:188} INFO - [2026-08-04T19:04:27.067+0000] {dagbag.py:545} INFO - Filling up the DagBag from /home/airflow/.local/lib/python3.12/site-packages/airflow/example_dags/plugins/listener_plugin.py
[2026-08-04T19:04:27.078+0000] {processor.py:842} WARNING - No viable dags retrieved from /home/airflow/.local/lib/python3.12/site-packages/airflow/example_dags/plugins/listener_plugin.py
[2026-08-04T19:04:27.130+0000] {processor.py:183} INFO - Processing /home/airflow/.local/lib/python3.12/site-packages/airflow/example_dags/plugins/listener_plugin.py took 0.094 seconds
[2026-08-04T19:05:13.421+0000] {processor.py:161} INFO - Started process (PID=1070) to work on /home/airflow/.local/lib/python3.12/site-packages/airflow/example_dags/plugins/listener_plugin.py
[2026-08-04T19:05:13.446+0000] {processor.py:830} INFO - Processing file /home/airflow/.local/lib/python3.12/site-packages/airflow/example_dags/plugins/listener_plugin.py for tasks to queue
[2026-08-04T19:05:13.499+0000] {logging_mixin.py:188} INFO - [2026-08-04T19:05:13.489+0000] {dagbag.py:545} INFO - Filling up the DagBag from /home/airflow/.local/lib/python3.12/site-packages/airflow/example_dags/plugins/listener_plugin.py
[2026-08-04T19:05:13.515+0000] {processor.py:842} WARNING - No viable dags retrieved from /home/airflow/.local/lib/python3.12/site-packages/airflow/example_dags/plugins/listener_plugin.py
[2026-08-04T19:05:13.601+0000] {processor.py:183} INFO - Processing /home/airflow/.local/lib/python3.12/site-packages/airflow/example_dags/plugins/listener_plugin.py took 0.300 seconds
[2026-08-04T19:05:47.900+0000] {processor.py:161} INFO - Started process (PID=1136) to work on /home/airflow/.local/lib/python3.12/site-packages/airflow/example_dags/plugins/listener_plugin.py
[2026-08-04T19:05:47.905+0000] {processor.py:830} INFO - Processing file /home/airflow/.local/lib/python3.12/site-packages/airflow/example_dags/plugins/listener_plugin.py for tasks to queue
[2026-08-04T19:05:47.913+0000] {logging_mixin.py:188} INFO - [2026-08-04T19:05:47.912+0000] {dagbag.py:545} INFO - Filling up the DagBag from /home/airflow/.local/lib/python3.12/site-packages/airflow/example_dags/plugins/listener_plugin.py
[2026-08-04T19:05:47.929+0000] {processor.py:842} WARNING - No viable dags retrieved from /home/airflow/.local/lib/python3.12/site-packages/airflow/example_dags/plugins/listener_plugin.py
[2026-08-04T19:05:48.024+0000] {processor.py:183} INFO - Processing /home/airflow/.local/lib/python3.12/site-packages/airflow/example_dags/plugins/listener_plugin.py took 0.148 seconds
[2026-08-04T19:06:28.299+0000] {processor.py:161} INFO - Started process (PID=1214) to work on /home/airflow/.local/lib/python3.12/site-packages/airflow/example_dags/plugins/listener_plugin.py
[2026-08-04T19:06:28.303+0000] {processor.py:830} INFO - Processing file /home/airflow/.local/lib/python3.12/site-packages/airflow/example_dags/plugins/listener_plugin.py for tasks to queue
[2026-08-04T19:06:28.313+0000] {logging_mixin.py:188} INFO - [2026-08-04T19:06:28.310+0000] {dagbag.py:545} INFO - Filling up the DagBag from /home/airflow/.local/lib/python3.12/site-packages/airflow/example_dags/plugins/listener_plugin.py
[2026-08-04T19:06:28.323+0000] {processor.py:842} WARNING - No viable dags retrieved from /home/airflow/.local/lib/python3.12/site-packages/airflow/example_dags/plugins/listener_plugin.py
[2026-08-04T19:06:28.390+0000] {processor.py:183} INFO - Processing /home/airflow/.local/lib/python3.12/site-packages/airflow/example_dags/plugins/listener_plugin.py took 0.122 seconds
[2026-08-04T19:07:11.337+0000] {processor.py:161} INFO - Started process (PID=1299) to work on /home/airflow/.local/lib/python3.12/site-packages/airflow/example_dags/plugins/listener_plugin.py
[2026-08-04T19:07:11.342+0000] {processor.py:830} INFO - Processing file /home/airflow/.local/lib/python3.12/site-packages/airflow/example_dags/plugins/listener_plugin.py for tasks to queue
[2026-08-04T19:07:11.375+0000] {logging_mixin.py:188} INFO - [2026-08-04T19:07:11.373+0000] {dagbag.py:545} INFO - Filling up the DagBag from /home/airflow/.local/lib/python3.12/site-packages/airflow/example_dags/plugins/listener_plugin.py
[2026-08-04T19:07:11.405+0000] {processor.py:842} WARNING - No viable dags retrieved from /home/airflow/.local/lib/python3.12/site-packages/airflow/example_dags/plugins/listener_plugin.py
[2026-08-04T19:07:11.503+0000] {processor.py:183} INFO - Processing /home/airflow/.local/lib/python3.12/site-packages/airflow/example_dags/plugins/listener_plugin.py took 0.231 seconds
[2026-08-04T19:07:54.802+0000] {processor.py:161} INFO - Started process (PID=1379) to work on /home/airflow/.local/lib/python3.12/site-packages/airflow/example_dags/plugins/listener_plugin.py
[2026-08-04T19:07:54.847+0000] {processor.py:830} INFO - Processing file /home/airflow/.local/lib/python3.12/site-packages/airflow/example_dags/plugins/listener_plugin.py for tasks to queue
[2026-08-04T19:07:54.915+0000] {logging_mixin.py:188} INFO - [2026-08-04T19:07:54.897+0000] {dagbag.py:545} INFO - Filling up the DagBag from /home/airflow/.local/lib/python3.12/site-packages/airflow/example_dags/plugins/listener_plugin.py
[2026-08-04T19:07:55.033+0000] {processor.py:842} WARNING - No viable dags retrieved from /home/airflow/.local/lib/python3.12/site-packages/airflow/example_dags/plugins/listener_plugin.py
[2026-08-04T19:07:55.337+0000] {processor.py:183} INFO - Processing /home/airflow/.local/lib/python3.12/site-packages/airflow/example_dags/plugins/listener_plugin.py took 0.598 seconds
[2026-08-04T19:08:33.582+0000] {processor.py:161} INFO - Started process (PID=1456) to work on /home/airflow/.local/lib/python3.12/site-packages/airflow/example_dags/plugins/listener_plugin.py
[2026-08-04T19:08:33.587+0000] {processor.py:830} INFO - Processing file /home/airflow/.local/lib/python3.12/site-packages/airflow/example_dags/plugins/listener_plugin.py for tasks to queue
[2026-08-04T19:08:33.603+0000] {logging_mixin.py:188} INFO - [2026-08-04T19:08:33.601+0000] {dagbag.py:545} INFO - Filling up the DagBag from /home/airflow/.local/lib/python3.12/site-packages/airflow/example_dags/plugins/listener_plugin.py
[2026-08-04T19:08:33.618+0000] {processor.py:842} WARNING - No viable dags retrieved from /home/airflow/.local/lib/python3.12/site-packages/airflow/example_dags/plugins/listener_plugin.py
[2026-08-04T19:08:33.686+0000] {processor.py:183} INFO - Processing /home/airflow/.local/lib/python3.12/site-packages/airflow/example_dags/plugins/listener_plugin.py took 0.131 seconds
[2026-08-04T19:09:12.131+0000] {processor.py:161} INFO - Started process (PID=1528) to work on /home/airflow/.local/lib/python3.12/site-packages/airflow/example_dags/plugins/listener_plugin.py
[2026-08-04T19:09:12.135+0000] {processor.py:830} INFO - Processing file /home/airflow/.local/lib/python3.12/site-packages/airflow/example_dags/plugins/listener_plugin.py for tasks to queue
[2026-08-04T19:09:12.144+0000] {logging_mixin.py:188} INFO - [2026-08-04T19:09:12.143+0000] {dagbag.py:545} INFO - Filling up the DagBag from /home/airflow/.local/lib/python3.12/site-packages/airflow/example_dags/plugins/listener_plugin.py
[2026-08-04T19:09:12.153+0000] {processor.py:842} WARNING - No viable dags retrieved from /home/airflow/.local/lib/python3.12/site-packages/airflow/example_dags/plugins/listener_plugin.py
[2026-08-04T19:09:12.216+0000] {processor.py:183} INFO - Processing /home/airflow/.local/lib/python3.12/site-packages/airflow/example_dags/plugins/listener_plugin.py took 0.107 seconds
[2026-08-04T19:09:50.295+0000] {processor.py:161} INFO - Started process (PID=1599) to work on /home/airflow/.local/lib/python3.12/site-packages/airflow/example_dags/plugins/listener_plugin.py
[2026-08-04T19:09:50.329+0000] {processor.py:830} INFO - Processing file /home/airflow/.local/lib/python3.12/site-packages/airflow/example_dags/plugins/listener_plugin.py for tasks to queue
[2026-08-04T19:09:50.380+0000] {logging_mixin.py:188} INFO - [2026-08-04T19:09:50.379+0000] {dagbag.py:545} INFO - Filling up the DagBag from /home/airflow/.local/lib/python3.12/site-packages/airflow/example_dags/plugins/listener_plugin.py
[2026-08-04T19:09:50.420+0000] {processor.py:842} WARNING - No viable dags retrieved from /home/airflow/.local/lib/python3.12/site-packages/airflow/example_dags/plugins/listener_plugin.py
[2026-08-04T19:09:50.514+0000] {processor.py:183} INFO - Processing /home/airflow/.local/lib/python3.12/site-packages/airflow/example_dags/plugins/listener_plugin.py took 0.277 seconds
[2026-08-04T19:10:30.245+0000] {processor.py:161} INFO - Started process (PID=1680) to work on /home/airflow/.local/lib/python3.12/site-packages/airflow/example_dags/plugins/listener_plugin.py
[2026-08-04T19:10:30.249+0000] {processor.py:830} INFO - Processing file /home/airflow/.local/lib/python3.12/site-packages/airflow/example_dags/plugins/listener_plugin.py for tasks to queue
[2026-08-04T19:10:30.256+0000] {logging_mixin.py:188} INFO - [2026-08-04T19:10:30.255+0000] {dagbag.py:545} INFO - Filling up the DagBag from /home/airflow/.local/lib/python3.12/site-packages/airflow/example_dags/plugins/listener_plugin.py
[2026-08-04T19:10:30.263+0000] {processor.py:842} WARNING - No viable dags retrieved from /home/airflow/.local/lib/python3.12/site-packages/airflow/example_dags/plugins/listener_plugin.py
[2026-08-04T19:10:30.296+0000] {processor.py:183} INFO - Processing /home/airflow/.local/lib/python3.12/site-packages/airflow/example_dags/plugins/listener_plugin.py took 0.071 seconds
[2026-08-04T19:11:11.265+0000] {processor.py:161} INFO - Started process (PID=1766) to work on /home/airflow/.local/lib/python3.12/site-packages/airflow/example_dags/plugins/listener_plugin.py
[2026-08-04T19:11:11.269+0000] {processor.py:830} INFO - Processing file /home/airflow/.local/lib/python3.12/site-packages/airflow/example_dags/plugins/listener_plugin.py for tasks to queue
[2026-08-04T19:11:11.282+0000] {logging_mixin.py:188} INFO - [2026-08-04T19:11:11.281+0000] {dagbag.py:545} INFO - Filling up the DagBag from /home/airflow/.local/lib/python3.12/site-packages/airflow/example_dags/plugins/listener_plugin.py
[2026-08-04T19:11:11.294+0000] {processor.py:842} WARNING - No viable dags retrieved from /home/airflow/.local/lib/python3.12/site-packages/airflow/example_dags/plugins/listener_plugin.py
[2026-08-04T19:11:11.338+0000] {processor.py:183} INFO - Processing /home/airflow/.local/lib/python3.12/site-packages/airflow/example_dags/plugins/listener_plugin.py took 0.094 seconds
[2026-08-04T19:11:50.446+0000] {processor.py:161} INFO - Started process (PID=1844) to work on /home/airflow/.local/lib/python3.12/site-packages/airflow/example_dags/plugins/listener_plugin.py
[2026-08-04T19:11:50.451+0000] {processor.py:830} INFO - Processing file /home/airflow/.local/lib/python3.12/site-packages/airflow/example_dags/plugins/listener_plugin.py for tasks to queue
[2026-08-04T19:11:50.458+0000] {logging_mixin.py:188} INFO - [2026-08-04T19:11:50.457+0000] {dagbag.py:545} INFO - Filling up the DagBag from /home/airflow/.local/lib/python3.12/site-packages/airflow/example_dags/plugins/listener_plugin.py
[2026-08-04T19:11:50.467+0000] {processor.py:842} WARNING - No viable dags retrieved from /home/airflow/.local/lib/python3.12/site-packages/airflow/example_dags/plugins/listener_plugin.py
[2026-08-04T19:11:50.506+0000] {processor.py:183} INFO - Processing /home/airflow/.local/lib/python3.12/site-packages/airflow/example_dags/plugins/listener_plugin.py took 0.083 seconds
[2026-08-04T19:12:25.506+0000] {processor.py:161} INFO - Started process (PID=1918) to work on /home/airflow/.local/lib/python3.12/site-packages/airflow/example_dags/plugins/listener_plugin.py
[2026-08-04T19:12:25.513+0000] {processor.py:830} INFO - Processing file /home/airflow/.local/lib/python3.12/site-packages/airflow/example_dags/plugins/listener_plugin.py for tasks to queue
[2026-08-04T19:12:25.538+0000] {logging_mixin.py:188} INFO - [2026-08-04T19:12:25.537+0000] {dagbag.py:545} INFO - Filling up the DagBag from /home/airflow/.local/lib/python3.12/site-packages/airflow/example_dags/plugins/listener_plugin.py
[2026-08-04T19:12:25.561+0000] {processor.py:842} WARNING - No viable dags retrieved from /home/airflow/.local/lib/python3.12/site-packages/airflow/example_dags/plugins/listener_plugin.py
[2026-08-04T19:12:25.636+0000] {processor.py:183} INFO - Processing /home/airflow/.local/lib/python3.12/site-packages/airflow/example_dags/plugins/listener_plugin.py took 0.171 seconds
[2026-08-04T19:13:00.986+0000] {processor.py:161} INFO - Started process (PID=1991) to work on /home/airflow/.local/lib/python3.12/site-packages/airflow/example_dags/plugins/listener_plugin.py
[2026-08-04T19:13:00.995+0000] {processor.py:830} INFO - Processing file /home/airflow/.local/lib/python3.12/site-packages/airflow/example_dags/plugins/listener_plugin.py for tasks to queue
[2026-08-04T19:13:01.017+0000] {logging_mixin.py:188} INFO - [2026-08-04T19:13:01.016+0000] {dagbag.py:545} INFO - Filling up the DagBag from /home/airflow/.local/lib/python3.12/site-packages/airflow/example_dags/plugins/listener_plugin.py
[2026-08-04T19:13:01.053+0000] {processor.py:842} WARNING - No viable dags retrieved from /home/airflow/.local/lib/python3.12/site-packages/airflow/example_dags/plugins/listener_plugin.py
[2026-08-04T19:13:01.304+0000] {processor.py:183} INFO - Processing /home/airflow/.local/lib/python3.12/site-packages/airflow/example_dags/plugins/listener_plugin.py took 0.393 seconds
[2026-08-04T19:13:31.516+0000] {processor.py:161} INFO - Started process (PID=2057) to work on /home/airflow/.local/lib/python3.12/site-packages/airflow/example_dags/plugins/listener_plugin.py
[2026-08-04T19:13:31.521+0000] {processor.py:830} INFO - Processing file /home/airflow/.local/lib/python3.12/site-packages/airflow/example_dags/plugins/listener_plugin.py for tasks to queue
[2026-08-04T19:13:31.528+0000] {logging_mixin.py:188} INFO - [2026-08-04T19:13:31.527+0000] {dagbag.py:545} INFO - Filling up the DagBag from /home/airflow/.local/lib/python3.12/site-packages/airflow/example_dags/plugins/listener_plugin.py
[2026-08-04T19:13:31.538+0000] {processor.py:842} WARNING - No viable dags retrieved from /home/airflow/.local/lib/python3.12/site-packages/airflow/example_dags/plugins/listener_plugin.py
[2026-08-04T19:13:31.588+0000] {processor.py:183} INFO - Processing /home/airflow/.local/lib/python3.12/site-packages/airflow/example_dags/plugins/listener_plugin.py took 0.091 seconds
[2026-08-04T19:14:08.752+0000] {processor.py:161} INFO - Started process (PID=2132) to work on /home/airflow/.local/lib/python3.12/site-packages/airflow/example_dags/plugins/listener_plugin.py
[2026-08-04T19:14:08.755+0000] {processor.py:830} INFO - Processing file /home/airflow/.local/lib/python3.12/site-packages/airflow/example_dags/plugins/listener_plugin.py for tasks to queue
[2026-08-04T19:14:08.761+0000] {logging_mixin.py:188} INFO - [2026-08-04T19:14:08.759+0000] {dagbag.py:545} INFO - Filling up the DagBag from /home/airflow/.local/lib/python3.12/site-packages/airflow/example_dags/plugins/listener_plugin.py
[2026-08-04T19:14:08.768+0000] {processor.py:842} WARNING - No viable dags retrieved from /home/airflow/.local/lib/python3.12/site-packages/airflow/example_dags/plugins/listener_plugin.py
[2026-08-04T19:14:08.809+0000] {processor.py:183} INFO - Processing /home/airflow/.local/lib/python3.12/site-packages/airflow/example_dags/plugins/listener_plugin.py took 0.071 seconds
[2026-08-04T19:14:54.974+0000] {processor.py:161} INFO - Started process (PID=2224) to work on /home/airflow/.local/lib/python3.12/site-packages/airflow/example_dags/plugins/listener_plugin.py
[2026-08-04T19:14:54.978+0000] {processor.py:830} INFO - Processing file /home/airflow/.local/lib/python3.12/site-packages/airflow/example_dags/plugins/listener_plugin.py for tasks to queue
[2026-08-04T19:14:54.987+0000] {logging_mixin.py:188} INFO - [2026-08-04T19:14:54.986+0000] {dagbag.py:545} INFO - Filling up the DagBag from /home/airflow/.local/lib/python3.12/site-packages/airflow/example_dags/plugins/listener_plugin.py
[2026-08-04T19:14:54.997+0000] {processor.py:842} WARNING - No viable dags retrieved from /home/airflow/.local/lib/python3.12/site-packages/airflow/example_dags/plugins/listener_plugin.py
[2026-08-04T19:14:55.040+0000] {processor.py:183} INFO - Processing /home/airflow/.local/lib/python3.12/site-packages/airflow/example_dags/plugins/listener_plugin.py took 0.094 seconds
[2026-08-04T19:15:37.745+0000] {processor.py:161} INFO - Started process (PID=2300) to work on /home/airflow/.local/lib/python3.12/site-packages/airflow/example_dags/plugins/listener_plugin.py
[2026-08-04T19:15:37.753+0000] {processor.py:830} INFO - Processing file /home/airflow/.local/lib/python3.12/site-packages/airflow/example_dags/plugins/listener_plugin.py for tasks to queue
[2026-08-04T19:15:37.775+0000] {logging_mixin.py:188} INFO - [2026-08-04T19:15:37.771+0000] {dagbag.py:545} INFO - Filling up the DagBag from /home/airflow/.local/lib/python3.12/site-packages/airflow/example_dags/plugins/listener_plugin.py
[2026-08-04T19:15:37.801+0000] {processor.py:842} WARNING - No viable dags retrieved from /home/airflow/.local/lib/python3.12/site-packages/airflow/example_dags/plugins/listener_plugin.py
[2026-08-04T19:15:37.998+0000] {processor.py:183} INFO - Processing /home/airflow/.local/lib/python3.12/site-packages/airflow/example_dags/plugins/listener_plugin.py took 0.282 seconds
[2026-08-04T19:16:23.925+0000] {processor.py:161} INFO - Started process (PID=2373) to work on /home/airflow/.local/lib/python3.12/site-packages/airflow/example_dags/plugins/listener_plugin.py
[2026-08-04T19:16:23.943+0000] {processor.py:830} INFO - Processing file /home/airflow/.local/lib/python3.12/site-packages/airflow/example_dags/plugins/listener_plugin.py for tasks to queue
[2026-08-04T19:16:23.972+0000] {logging_mixin.py:188} INFO - [2026-08-04T19:16:23.971+0000] {dagbag.py:545} INFO - Filling up the DagBag from /home/airflow/.local/lib/python3.12/site-packages/airflow/example_dags/plugins/listener_plugin.py
[2026-08-04T19:16:24.014+0000] {processor.py:842} WARNING - No viable dags retrieved from /home/airflow/.local/lib/python3.12/site-packages/airflow/example_dags/plugins/listener_plugin.py
[2026-08-04T19:16:24.215+0000] {processor.py:183} INFO - Processing /home/airflow/.local/lib/python3.12/site-packages/airflow/example_dags/plugins/listener_plugin.py took 0.334 seconds
[2026-08-04T19:16:55.002+0000] {processor.py:161} INFO - Started process (PID=2443) to work on /home/airflow/.local/lib/python3.12/site-packages/airflow/example_dags/plugins/listener_plugin.py
[2026-08-04T19:16:55.006+0000] {processor.py:830} INFO - Processing file /home/airflow/.local/lib/python3.12/site-packages/airflow/example_dags/plugins/listener_plugin.py for tasks to queue
[2026-08-04T19:16:55.011+0000] {logging_mixin.py:188} INFO - [2026-08-04T19:16:55.010+0000] {dagbag.py:545} INFO - Filling up the DagBag from /home/airflow/.local/lib/python3.12/site-packages/airflow/example_dags/plugins/listener_plugin.py
[2026-08-04T19:16:55.018+0000] {processor.py:842} WARNING - No viable dags retrieved from /home/airflow/.local/lib/python3.12/site-packages/airflow/example_dags/plugins/listener_plugin.py
[2026-08-04T19:16:55.053+0000] {processor.py:183} INFO - Processing /home/airflow/.local/lib/python3.12/site-packages/airflow/example_dags/plugins/listener_plugin.py took 0.062 seconds
[2026-08-04T19:17:42.873+0000] {processor.py:161} INFO - Started process (PID=2523) to work on /home/airflow/.local/lib/python3.12/site-packages/airflow/example_dags/plugins/listener_plugin.py
[2026-08-04T19:17:42.877+0000] {processor.py:830} INFO - Processing file /home/airflow/.local/lib/python3.12/site-packages/airflow/example_dags/plugins/listener_plugin.py for tasks to queue
[2026-08-04T19:17:42.887+0000] {logging_mixin.py:188} INFO - [2026-08-04T19:17:42.886+0000] {dagbag.py:545} INFO - Filling up the DagBag from /home/airflow/.local/lib/python3.12/site-packages/airflow/example_dags/plugins/listener_plugin.py
[2026-08-04T19:17:42.905+0000] {processor.py:842} WARNING - No viable dags retrieved from /home/airflow/.local/lib/python3.12/site-packages/airflow/example_dags/plugins/listener_plugin.py
[2026-08-04T19:17:43.076+0000] {processor.py:183} INFO - Processing /home/airflow/.local/lib/python3.12/site-packages/airflow/example_dags/plugins/listener_plugin.py took 0.290 seconds
[2026-08-04T19:18:15.912+0000] {processor.py:161} INFO - Started process (PID=2591) to work on /home/airflow/.local/lib/python3.12/site-packages/airflow/example_dags/plugins/listener_plugin.py
[2026-08-04T19:18:15.915+0000] {processor.py:830} INFO - Processing file /home/airflow/.local/lib/python3.12/site-packages/airflow/example_dags/plugins/listener_plugin.py for tasks to queue
[2026-08-04T19:18:15.921+0000] {logging_mixin.py:188} INFO - [2026-08-04T19:18:15.920+0000] {dagbag.py:545} INFO - Filling up the DagBag from /home/airflow/.local/lib/python3.12/site-packages/airflow/example_dags/plugins/listener_plugin.py
[2026-08-04T19:18:15.932+0000] {processor.py:842} WARNING - No viable dags retrieved from /home/airflow/.local/lib/python3.12/site-packages/airflow/example_dags/plugins/listener_plugin.py
[2026-08-04T19:18:15.976+0000] {processor.py:183} INFO - Processing /home/airflow/.local/lib/python3.12/site-packages/airflow/example_dags/plugins/listener_plugin.py took 0.076 seconds
[2026-08-04T19:18:53.781+0000] {processor.py:161} INFO - Started process (PID=2668) to work on /home/airflow/.local/lib/python3.12/site-packages/airflow/example_dags/plugins/listener_plugin.py
[2026-08-04T19:18:53.785+0000] {processor.py:830} INFO - Processing file /home/airflow/.local/lib/python3.12/site-packages/airflow/example_dags/plugins/listener_plugin.py for tasks to queue
[2026-08-04T19:18:53.792+0000] {logging_mixin.py:188} INFO - [2026-08-04T19:18:53.791+0000] {dagbag.py:545} INFO - Filling up the DagBag from /home/airflow/.local/lib/python3.12/site-packages/airflow/example_dags/plugins/listener_plugin.py
[2026-08-04T19:18:53.801+0000] {processor.py:842} WARNING - No viable dags retrieved from /home/airflow/.local/lib/python3.12/site-packages/airflow/example_dags/plugins/listener_plugin.py
[2026-08-04T19:18:53.852+0000] {processor.py:183} INFO - Processing /home/airflow/.local/lib/python3.12/site-packages/airflow/example_dags/plugins/listener_plugin.py took 0.090 seconds
[2026-08-04T19:19:26.039+0000] {processor.py:161} INFO - Started process (PID=2741) to work on /home/airflow/.local/lib/python3.12/site-packages/airflow/example_dags/plugins/listener_plugin.py
[2026-08-04T19:19:26.045+0000] {processor.py:830} INFO - Processing file /home/airflow/.local/lib/python3.12/site-packages/airflow/example_dags/plugins/listener_plugin.py for tasks to queue
[2026-08-04T19:19:26.354+0000] {logging_mixin.py:188} INFO - [2026-08-04T19:19:26.353+0000] {dagbag.py:545} INFO - Filling up the DagBag from /home/airflow/.local/lib/python3.12/site-packages/airflow/example_dags/plugins/listener_plugin.py
[2026-08-04T19:19:26.690+0000] {processor.py:842} WARNING - No viable dags retrieved from /home/airflow/.local/lib/python3.12/site-packages/airflow/example_dags/plugins/listener_plugin.py
[2026-08-04T19:19:26.930+0000] {processor.py:183} INFO - Processing /home/airflow/.local/lib/python3.12/site-packages/airflow/example_dags/plugins/listener_plugin.py took 1.035 seconds
[2026-08-04T19:19:57.557+0000] {processor.py:161} INFO - Started process (PID=2808) to work on /home/airflow/.local/lib/python3.12/site-packages/airflow/example_dags/plugins/listener_plugin.py
[2026-08-04T19:19:57.561+0000] {processor.py:830} INFO - Processing file /home/airflow/.local/lib/python3.12/site-packages/airflow/example_dags/plugins/listener_plugin.py for tasks to queue
[2026-08-04T19:19:57.568+0000] {logging_mixin.py:188} INFO - [2026-08-04T19:19:57.565+0000] {dagbag.py:545} INFO - Filling up the DagBag from /home/airflow/.local/lib/python3.12/site-packages/airflow/example_dags/plugins/listener_plugin.py
[2026-08-04T19:19:57.577+0000] {processor.py:842} WARNING - No viable dags retrieved from /home/airflow/.local/lib/python3.12/site-packages/airflow/example_dags/plugins/listener_plugin.py
[2026-08-04T19:19:57.649+0000] {processor.py:183} INFO - Processing /home/airflow/.local/lib/python3.12/site-packages/airflow/example_dags/plugins/listener_plugin.py took 0.106 seconds
[2026-08-04T19:20:32.888+0000] {processor.py:161} INFO - Started process (PID=2885) to work on /home/airflow/.local/lib/python3.12/site-packages/airflow/example_dags/plugins/listener_plugin.py
[2026-08-04T19:20:32.892+0000] {processor.py:830} INFO - Processing file /home/airflow/.local/lib/python3.12/site-packages/airflow/example_dags/plugins/listener_plugin.py for tasks to queue
[2026-08-04T19:20:32.903+0000] {logging_mixin.py:188} INFO - [2026-08-04T19:20:32.902+0000] {dagbag.py:545} INFO - Filling up the DagBag from /home/airflow/.local/lib/python3.12/site-packages/airflow/example_dags/plugins/listener_plugin.py
[2026-08-04T19:20:32.916+0000] {processor.py:842} WARNING - No viable dags retrieved from /home/airflow/.local/lib/python3.12/site-packages/airflow/example_dags/plugins/listener_plugin.py
[2026-08-04T19:20:33.054+0000] {processor.py:183} INFO - Processing /home/airflow/.local/lib/python3.12/site-packages/airflow/example_dags/plugins/listener_plugin.py took 0.184 seconds
[2026-08-04T19:21:04.324+0000] {processor.py:161} INFO - Started process (PID=2958) to work on /home/airflow/.local/lib/python3.12/site-packages/airflow/example_dags/plugins/listener_plugin.py
[2026-08-04T19:21:04.336+0000] {processor.py:830} INFO - Processing file /home/airflow/.local/lib/python3.12/site-packages/airflow/example_dags/plugins/listener_plugin.py for tasks to queue
[2026-08-04T19:21:04.343+0000] {logging_mixin.py:188} INFO - [2026-08-04T19:21:04.342+0000] {dagbag.py:545} INFO - Filling up the DagBag from /home/airflow/.local/lib/python3.12/site-packages/airflow/example_dags/plugins/listener_plugin.py
[2026-08-04T19:21:04.353+0000] {processor.py:842} WARNING - No viable dags retrieved from /home/airflow/.local/lib/python3.12/site-packages/airflow/example_dags/plugins/listener_plugin.py
[2026-08-04T19:21:04.422+0000] {processor.py:183} INFO - Processing /home/airflow/.local/lib/python3.12/site-packages/airflow/example_dags/plugins/listener_plugin.py took 0.139 seconds
[2026-08-04T19:21:38.764+0000] {processor.py:161} INFO - Started process (PID=3028) to work on /home/airflow/.local/lib/python3.12/site-packages/airflow/example_dags/plugins/listener_plugin.py
[2026-08-04T19:21:38.768+0000] {processor.py:830} INFO - Processing file /home/airflow/.local/lib/python3.12/site-packages/airflow/example_dags/plugins/listener_plugin.py for tasks to queue
[2026-08-04T19:21:38.778+0000] {logging_mixin.py:188} INFO - [2026-08-04T19:21:38.777+0000] {dagbag.py:545} INFO - Filling up the DagBag from /home/airflow/.local/lib/python3.12/site-packages/airflow/example_dags/plugins/listener_plugin.py
[2026-08-04T19:21:38.796+0000] {processor.py:842} WARNING - No viable dags retrieved from /home/airflow/.local/lib/python3.12/site-packages/airflow/example_dags/plugins/listener_plugin.py
[2026-08-04T19:21:38.856+0000] {processor.py:183} INFO - Processing /home/airflow/.local/lib/python3.12/site-packages/airflow/example_dags/plugins/listener_plugin.py took 0.113 seconds
[2026-08-04T19:22:14.453+0000] {processor.py:161} INFO - Started process (PID=3104) to work on /home/airflow/.local/lib/python3.12/site-packages/airflow/example_dags/plugins/listener_plugin.py
[2026-08-04T19:22:14.485+0000] {processor.py:830} INFO - Processing file /home/airflow/.local/lib/python3.12/site-packages/airflow/example_dags/plugins/listener_plugin.py for tasks to queue
[2026-08-04T19:22:14.492+0000] {logging_mixin.py:188} INFO - [2026-08-04T19:22:14.491+0000] {dagbag.py:545} INFO - Filling up the DagBag from /home/airflow/.local/lib/python3.12/site-packages/airflow/example_dags/plugins/listener_plugin.py
[2026-08-04T19:22:14.514+0000] {processor.py:842} WARNING - No viable dags retrieved from /home/airflow/.local/lib/python3.12/site-packages/airflow/example_dags/plugins/listener_plugin.py
[2026-08-04T19:22:14.577+0000] {processor.py:183} INFO - Processing /home/airflow/.local/lib/python3.12/site-packages/airflow/example_dags/plugins/listener_plugin.py took 0.143 seconds
[2026-08-04T19:22:46.000+0000] {processor.py:161} INFO - Started process (PID=3178) to work on /home/airflow/.local/lib/python3.12/site-packages/airflow/example_dags/plugins/listener_plugin.py
[2026-08-04T19:22:46.006+0000] {processor.py:830} INFO - Processing file /home/airflow/.local/lib/python3.12/site-packages/airflow/example_dags/plugins/listener_plugin.py for tasks to queue
[2026-08-04T19:22:46.024+0000] {logging_mixin.py:188} INFO - [2026-08-04T19:22:46.023+0000] {dagbag.py:545} INFO - Filling up the DagBag from /home/airflow/.local/lib/python3.12/site-packages/airflow/example_dags/plugins/listener_plugin.py
[2026-08-04T19:22:46.056+0000] {processor.py:842} WARNING - No viable dags retrieved from /home/airflow/.local/lib/python3.12/site-packages/airflow/example_dags/plugins/listener_plugin.py
[2026-08-04T19:22:46.113+0000] {processor.py:183} INFO - Processing /home/airflow/.local/lib/python3.12/site-packages/airflow/example_dags/plugins/listener_plugin.py took 0.153 seconds
[2026-08-04T19:23:29.349+0000] {processor.py:161} INFO - Started process (PID=3259) to work on /home/airflow/.local/lib/python3.12/site-packages/airflow/example_dags/plugins/listener_plugin.py
[2026-08-04T19:23:29.353+0000] {processor.py:830} INFO - Processing file /home/airflow/.local/lib/python3.12/site-packages/airflow/example_dags/plugins/listener_plugin.py for tasks to queue
[2026-08-04T19:23:29.360+0000] {logging_mixin.py:188} INFO - [2026-08-04T19:23:29.359+0000] {dagbag.py:545} INFO - Filling up the DagBag from /home/airflow/.local/lib/python3.12/site-packages/airflow/example_dags/plugins/listener_plugin.py
[2026-08-04T19:23:29.369+0000] {processor.py:842} WARNING - No viable dags retrieved from /home/airflow/.local/lib/python3.12/site-packages/airflow/example_dags/plugins/listener_plugin.py
[2026-08-04T19:23:29.428+0000] {processor.py:183} INFO - Processing /home/airflow/.local/lib/python3.12/site-packages/airflow/example_dags/plugins/listener_plugin.py took 0.100 seconds
[2026-08-04T19:24:01.901+0000] {processor.py:161} INFO - Started process (PID=3333) to work on /home/airflow/.local/lib/python3.12/site-packages/airflow/example_dags/plugins/listener_plugin.py
[2026-08-04T19:24:01.905+0000] {processor.py:830} INFO - Processing file /home/airflow/.local/lib/python3.12/site-packages/airflow/example_dags/plugins/listener_plugin.py for tasks to queue
[2026-08-04T19:24:01.914+0000] {logging_mixin.py:188} INFO - [2026-08-04T19:24:01.912+0000] {dagbag.py:545} INFO - Filling up the DagBag from /home/airflow/.local/lib/python3.12/site-packages/airflow/example_dags/plugins/listener_plugin.py
[2026-08-04T19:24:01.926+0000] {processor.py:842} WARNING - No viable dags retrieved from /home/airflow/.local/lib/python3.12/site-packages/airflow/example_dags/plugins/listener_plugin.py
[2026-08-04T19:24:01.984+0000] {processor.py:183} INFO - Processing /home/airflow/.local/lib/python3.12/site-packages/airflow/example_dags/plugins/listener_plugin.py took 0.106 seconds
[2026-08-04T19:24:36.514+0000] {processor.py:161} INFO - Started process (PID=3397) to work on /home/airflow/.local/lib/python3.12/site-packages/airflow/example_dags/plugins/listener_plugin.py
[2026-08-04T19:24:36.525+0000] {processor.py:830} INFO - Processing file /home/airflow/.local/lib/python3.12/site-packages/airflow/example_dags/plugins/listener_plugin.py for tasks to queue
[2026-08-04T19:24:36.544+0000] {logging_mixin.py:188} INFO - [2026-08-04T19:24:36.543+0000] {dagbag.py:545} INFO - Filling up the DagBag from /home/airflow/.local/lib/python3.12/site-packages/airflow/example_dags/plugins/listener_plugin.py
[2026-08-04T19:24:36.568+0000] {processor.py:842} WARNING - No viable dags retrieved from /home/airflow/.local/lib/python3.12/site-packages/airflow/example_dags/plugins/listener_plugin.py
[2026-08-04T19:24:36.644+0000] {processor.py:183} INFO - Processing /home/airflow/.local/lib/python3.12/site-packages/airflow/example_dags/plugins/listener_plugin.py took 0.163 seconds
[2026-08-04T19:25:09.242+0000] {processor.py:161} INFO - Started process (PID=3470) to work on /home/airflow/.local/lib/python3.12/site-packages/airflow/example_dags/plugins/listener_plugin.py
[2026-08-04T19:25:09.249+0000] {processor.py:830} INFO - Processing file /home/airflow/.local/lib/python3.12/site-packages/airflow/example_dags/plugins/listener_plugin.py for tasks to queue
[2026-08-04T19:25:09.280+0000] {logging_mixin.py:188} INFO - [2026-08-04T19:25:09.275+0000] {dagbag.py:545} INFO - Filling up the DagBag from /home/airflow/.local/lib/python3.12/site-packages/airflow/example_dags/plugins/listener_plugin.py
[2026-08-04T19:25:09.302+0000] {processor.py:842} WARNING - No viable dags retrieved from /home/airflow/.local/lib/python3.12/site-packages/airflow/example_dags/plugins/listener_plugin.py
[2026-08-04T19:25:09.482+0000] {processor.py:183} INFO - Processing /home/airflow/.local/lib/python3.12/site-packages/airflow/example_dags/plugins/listener_plugin.py took 0.336 seconds
[2026-08-04T19:25:41.604+0000] {processor.py:161} INFO - Started process (PID=3536) to work on /home/airflow/.local/lib/python3.12/site-packages/airflow/example_dags/plugins/listener_plugin.py
[2026-08-04T19:25:41.620+0000] {processor.py:830} INFO - Processing file /home/airflow/.local/lib/python3.12/site-packages/airflow/example_dags/plugins/listener_plugin.py for tasks to queue
[2026-08-04T19:25:41.630+0000] {logging_mixin.py:188} INFO - [2026-08-04T19:25:41.629+0000] {dagbag.py:545} INFO - Filling up the DagBag from /home/airflow/.local/lib/python3.12/site-packages/airflow/example_dags/plugins/listener_plugin.py
[2026-08-04T19:25:41.648+0000] {processor.py:842} WARNING - No viable dags retrieved from /home/airflow/.local/lib/python3.12/site-packages/airflow/example_dags/plugins/listener_plugin.py
[2026-08-04T19:25:41.698+0000] {processor.py:183} INFO - Processing /home/airflow/.local/lib/python3.12/site-packages/airflow/example_dags/plugins/listener_plugin.py took 0.119 seconds
[2026-08-04T19:26:22.509+0000] {processor.py:161} INFO - Started process (PID=3614) to work on /home/airflow/.local/lib/python3.12/site-packages/airflow/example_dags/plugins/listener_plugin.py
[2026-08-04T19:26:22.513+0000] {processor.py:830} INFO - Processing file /home/airflow/.local/lib/python3.12/site-packages/airflow/example_dags/plugins/listener_plugin.py for tasks to queue
[2026-08-04T19:26:22.527+0000] {logging_mixin.py:188} INFO - [2026-08-04T19:26:22.526+0000] {dagbag.py:545} INFO - Filling up the DagBag from /home/airflow/.local/lib/python3.12/site-packages/airflow/example_dags/plugins/listener_plugin.py
[2026-08-04T19:26:22.540+0000] {processor.py:842} WARNING - No viable dags retrieved from /home/airflow/.local/lib/python3.12/site-packages/airflow/example_dags/plugins/listener_plugin.py
[2026-08-04T19:26:22.640+0000] {processor.py:183} INFO - Processing /home/airflow/.local/lib/python3.12/site-packages/airflow/example_dags/plugins/listener_plugin.py took 0.149 seconds
[2026-08-04T19:26:56.795+0000] {processor.py:161} INFO - Started process (PID=3688) to work on /home/airflow/.local/lib/python3.12/site-packages/airflow/example_dags/plugins/listener_plugin.py
[2026-08-04T19:26:56.804+0000] {processor.py:830} INFO - Processing file /home/airflow/.local/lib/python3.12/site-packages/airflow/example_dags/plugins/listener_plugin.py for tasks to queue
[2026-08-04T19:26:56.836+0000] {logging_mixin.py:188} INFO - [2026-08-04T19:26:56.835+0000] {dagbag.py:545} INFO - Filling up the DagBag from /home/airflow/.local/lib/python3.12/site-packages/airflow/example_dags/plugins/listener_plugin.py
[2026-08-04T19:26:56.861+0000] {processor.py:842} WARNING - No viable dags retrieved from /home/airflow/.local/lib/python3.12/site-packages/airflow/example_dags/plugins/listener_plugin.py
[2026-08-04T19:26:57.044+0000] {processor.py:183} INFO - Processing /home/airflow/.local/lib/python3.12/site-packages/airflow/example_dags/plugins/listener_plugin.py took 0.342 seconds
[2026-08-04T19:27:27.766+0000] {processor.py:161} INFO - Started process (PID=3760) to work on /home/airflow/.local/lib/python3.12/site-packages/airflow/example_dags/plugins/listener_plugin.py
[2026-08-04T19:27:27.777+0000] {processor.py:830} INFO - Processing file /home/airflow/.local/lib/python3.12/site-packages/airflow/example_dags/plugins/listener_plugin.py for tasks to queue
[2026-08-04T19:27:27.794+0000] {logging_mixin.py:188} INFO - [2026-08-04T19:27:27.793+0000] {dagbag.py:545} INFO - Filling up the DagBag from /home/airflow/.local/lib/python3.12/site-packages/airflow/example_dags/plugins/listener_plugin.py
[2026-08-04T19:27:27.830+0000] {processor.py:842} WARNING - No viable dags retrieved from /home/airflow/.local/lib/python3.12/site-packages/airflow/example_dags/plugins/listener_plugin.py
[2026-08-04T19:27:27.922+0000] {processor.py:183} INFO - Processing /home/airflow/.local/lib/python3.12/site-packages/airflow/example_dags/plugins/listener_plugin.py took 0.187 seconds
[2026-08-04T19:28:03.729+0000] {processor.py:161} INFO - Started process (PID=3828) to work on /home/airflow/.local/lib/python3.12/site-packages/airflow/example_dags/plugins/listener_plugin.py
[2026-08-04T19:28:03.746+0000] {processor.py:830} INFO - Processing file /home/airflow/.local/lib/python3.12/site-packages/airflow/example_dags/plugins/listener_plugin.py for tasks to queue
[2026-08-04T19:28:03.764+0000] {logging_mixin.py:188} INFO - [2026-08-04T19:28:03.763+0000] {dagbag.py:545} INFO - Filling up the DagBag from /home/airflow/.local/lib/python3.12/site-packages/airflow/example_dags/plugins/listener_plugin.py
[2026-08-04T19:28:03.784+0000] {processor.py:842} WARNING - No viable dags retrieved from /home/airflow/.local/lib/python3.12/site-packages/airflow/example_dags/plugins/listener_plugin.py
[2026-08-04T19:28:03.832+0000] {processor.py:183} INFO - Processing /home/airflow/.local/lib/python3.12/site-packages/airflow/example_dags/plugins/listener_plugin.py took 0.156 seconds
[2026-08-04T19:28:36.185+0000] {processor.py:161} INFO - Started process (PID=3901) to work on /home/airflow/.local/lib/python3.12/site-packages/airflow/example_dags/plugins/listener_plugin.py
[2026-08-04T19:28:36.198+0000] {processor.py:830} INFO - Processing file /home/airflow/.local/lib/python3.12/site-packages/airflow/example_dags/plugins/listener_plugin.py for tasks to queue
[2026-08-04T19:28:36.220+0000] {logging_mixin.py:188} INFO - [2026-08-04T19:28:36.219+0000] {dagbag.py:545} INFO - Filling up the DagBag from /home/airflow/.local/lib/python3.12/site-packages/airflow/example_dags/plugins/listener_plugin.py
[2026-08-04T19:28:36.245+0000] {processor.py:842} WARNING - No viable dags retrieved from /home/airflow/.local/lib/python3.12/site-packages/airflow/example_dags/plugins/listener_plugin.py
[2026-08-04T19:28:36.355+0000] {processor.py:183} INFO - Processing /home/airflow/.local/lib/python3.12/site-packages/airflow/example_dags/plugins/listener_plugin.py took 0.217 seconds
[2026-08-04T19:29:09.127+0000] {processor.py:161} INFO - Started process (PID=3973) to work on /home/airflow/.local/lib/python3.12/site-packages/airflow/example_dags/plugins/listener_plugin.py
[2026-08-04T19:29:09.132+0000] {processor.py:830} INFO - Processing file /home/airflow/.local/lib/python3.12/site-packages/airflow/example_dags/plugins/listener_plugin.py for tasks to queue
[2026-08-04T19:29:09.143+0000] {logging_mixin.py:188} INFO - [2026-08-04T19:29:09.142+0000] {dagbag.py:545} INFO - Filling up the DagBag from /home/airflow/.local/lib/python3.12/site-packages/airflow/example_dags/plugins/listener_plugin.py
[2026-08-04T19:29:09.158+0000] {processor.py:842} WARNING - No viable dags retrieved from /home/airflow/.local/lib/python3.12/site-packages/airflow/example_dags/plugins/listener_plugin.py
[2026-08-04T19:29:09.219+0000] {processor.py:183} INFO - Processing /home/airflow/.local/lib/python3.12/site-packages/airflow/example_dags/plugins/listener_plugin.py took 0.131 seconds
[2026-08-04T19:29:48.106+0000] {processor.py:161} INFO - Started process (PID=4049) to work on /home/airflow/.local/lib/python3.12/site-packages/airflow/example_dags/plugins/listener_plugin.py
[2026-08-04T19:29:48.124+0000] {processor.py:830} INFO - Processing file /home/airflow/.local/lib/python3.12/site-packages/airflow/example_dags/plugins/listener_plugin.py for tasks to queue
[2026-08-04T19:29:48.135+0000] {logging_mixin.py:188} INFO - [2026-08-04T19:29:48.134+0000] {dagbag.py:545} INFO - Filling up the DagBag from /home/airflow/.local/lib/python3.12/site-packages/airflow/example_dags/plugins/listener_plugin.py
[2026-08-04T19:29:48.152+0000] {processor.py:842} WARNING - No viable dags retrieved from /home/airflow/.local/lib/python3.12/site-packages/airflow/example_dags/plugins/listener_plugin.py
[2026-08-04T19:29:48.219+0000] {processor.py:183} INFO - Processing /home/airflow/.local/lib/python3.12/site-packages/airflow/example_dags/plugins/listener_plugin.py took 0.156 seconds
[2026-08-04T19:30:22.097+0000] {processor.py:161} INFO - Started process (PID=4115) to work on /home/airflow/.local/lib/python3.12/site-packages/airflow/example_dags/plugins/listener_plugin.py
[2026-08-04T19:30:22.102+0000] {processor.py:830} INFO - Processing file /home/airflow/.local/lib/python3.12/site-packages/airflow/example_dags/plugins/listener_plugin.py for tasks to queue
[2026-08-04T19:30:22.108+0000] {logging_mixin.py:188} INFO - [2026-08-04T19:30:22.108+0000] {dagbag.py:545} INFO - Filling up the DagBag from /home/airflow/.local/lib/python3.12/site-packages/airflow/example_dags/plugins/listener_plugin.py
[2026-08-04T19:30:22.116+0000] {processor.py:842} WARNING - No viable dags retrieved from /home/airflow/.local/lib/python3.12/site-packages/airflow/example_dags/plugins/listener_plugin.py
[2026-08-04T19:30:22.163+0000] {processor.py:183} INFO - Processing /home/airflow/.local/lib/python3.12/site-packages/airflow/example_dags/plugins/listener_plugin.py took 0.079 seconds
[2026-08-04T19:30:53.140+0000] {processor.py:161} INFO - Started process (PID=4186) to work on /home/airflow/.local/lib/python3.12/site-packages/airflow/example_dags/plugins/listener_plugin.py
[2026-08-04T19:30:53.146+0000] {processor.py:830} INFO - Processing file /home/airflow/.local/lib/python3.12/site-packages/airflow/example_dags/plugins/listener_plugin.py for tasks to queue
[2026-08-04T19:30:53.162+0000] {logging_mixin.py:188} INFO - [2026-08-04T19:30:53.161+0000] {dagbag.py:545} INFO - Filling up the DagBag from /home/airflow/.local/lib/python3.12/site-packages/airflow/example_dags/plugins/listener_plugin.py
[2026-08-04T19:30:53.198+0000] {processor.py:842} WARNING - No viable dags retrieved from /home/airflow/.local/lib/python3.12/site-packages/airflow/example_dags/plugins/listener_plugin.py
[2026-08-04T19:30:53.256+0000] {processor.py:183} INFO - Processing /home/airflow/.local/lib/python3.12/site-packages/airflow/example_dags/plugins/listener_plugin.py took 0.144 seconds
[2026-08-04T19:31:27.816+0000] {processor.py:161} INFO - Started process (PID=4264) to work on /home/airflow/.local/lib/python3.12/site-packages/airflow/example_dags/plugins/listener_plugin.py
[2026-08-04T19:31:27.823+0000] {processor.py:830} INFO - Processing file /home/airflow/.local/lib/python3.12/site-packages/airflow/example_dags/plugins/listener_plugin.py for tasks to queue
[2026-08-04T19:31:27.831+0000] {logging_mixin.py:188} INFO - [2026-08-04T19:31:27.830+0000] {dagbag.py:545} INFO - Filling up the DagBag from /home/airflow/.local/lib/python3.12/site-packages/airflow/example_dags/plugins/listener_plugin.py
[2026-08-04T19:31:27.847+0000] {processor.py:842} WARNING - No viable dags retrieved from /home/airflow/.local/lib/python3.12/site-packages/airflow/example_dags/plugins/listener_plugin.py
[2026-08-04T19:31:27.889+0000] {processor.py:183} INFO - Processing /home/airflow/.local/lib/python3.12/site-packages/airflow/example_dags/plugins/listener_plugin.py took 0.090 seconds
[2026-08-04T19:34:34.141+0000] {processor.py:161} INFO - Started process (PID=4348) to work on /home/airflow/.local/lib/python3.12/site-packages/airflow/example_dags/plugins/listener_plugin.py
[2026-08-04T19:34:34.213+0000] {processor.py:830} INFO - Processing file /home/airflow/.local/lib/python3.12/site-packages/airflow/example_dags/plugins/listener_plugin.py for tasks to queue
[2026-08-04T19:34:34.244+0000] {logging_mixin.py:188} INFO - [2026-08-04T19:34:34.242+0000] {dagbag.py:545} INFO - Filling up the DagBag from /home/airflow/.local/lib/python3.12/site-packages/airflow/example_dags/plugins/listener_plugin.py
[2026-08-04T19:34:34.266+0000] {processor.py:842} WARNING - No viable dags retrieved from /home/airflow/.local/lib/python3.12/site-packages/airflow/example_dags/plugins/listener_plugin.py
[2026-08-04T19:34:34.391+0000] {processor.py:183} INFO - Processing /home/airflow/.local/lib/python3.12/site-packages/airflow/example_dags/plugins/listener_plugin.py took 0.462 seconds
[2026-08-04T19:35:05.237+0000] {processor.py:161} INFO - Started process (PID=4420) to work on /home/airflow/.local/lib/python3.12/site-packages/airflow/example_dags/plugins/listener_plugin.py
[2026-08-04T19:35:05.242+0000] {processor.py:830} INFO - Processing file /home/airflow/.local/lib/python3.12/site-packages/airflow/example_dags/plugins/listener_plugin.py for tasks to queue
[2026-08-04T19:35:05.289+0000] {logging_mixin.py:188} INFO - [2026-08-04T19:35:05.288+0000] {dagbag.py:545} INFO - Filling up the DagBag from /home/airflow/.local/lib/python3.12/site-packages/airflow/example_dags/plugins/listener_plugin.py
[2026-08-04T19:35:05.333+0000] {processor.py:842} WARNING - No viable dags retrieved from /home/airflow/.local/lib/python3.12/site-packages/airflow/example_dags/plugins/listener_plugin.py
[2026-08-04T19:35:05.473+0000] {processor.py:183} INFO - Processing /home/airflow/.local/lib/python3.12/site-packages/airflow/example_dags/plugins/listener_plugin.py took 0.274 seconds
[2026-08-04T19:35:38.214+0000] {processor.py:161} INFO - Started process (PID=4486) to work on /home/airflow/.local/lib/python3.12/site-packages/airflow/example_dags/plugins/listener_plugin.py
[2026-08-04T19:35:38.219+0000] {processor.py:830} INFO - Processing file /home/airflow/.local/lib/python3.12/site-packages/airflow/example_dags/plugins/listener_plugin.py for tasks to queue
[2026-08-04T19:35:38.232+0000] {logging_mixin.py:188} INFO - [2026-08-04T19:35:38.232+0000] {dagbag.py:545} INFO - Filling up the DagBag from /home/airflow/.local/lib/python3.12/site-packages/airflow/example_dags/plugins/listener_plugin.py
[2026-08-04T19:35:38.246+0000] {processor.py:842} WARNING - No viable dags retrieved from /home/airflow/.local/lib/python3.12/site-packages/airflow/example_dags/plugins/listener_plugin.py
[2026-08-04T19:35:38.311+0000] {processor.py:183} INFO - Processing /home/airflow/.local/lib/python3.12/site-packages/airflow/example_dags/plugins/listener_plugin.py took 0.152 seconds
[2026-08-04T19:36:09.961+0000] {processor.py:161} INFO - Started process (PID=4559) to work on /home/airflow/.local/lib/python3.12/site-packages/airflow/example_dags/plugins/listener_plugin.py
[2026-08-04T19:36:09.965+0000] {processor.py:830} INFO - Processing file /home/airflow/.local/lib/python3.12/site-packages/airflow/example_dags/plugins/listener_plugin.py for tasks to queue
[2026-08-04T19:36:09.980+0000] {logging_mixin.py:188} INFO - [2026-08-04T19:36:09.979+0000] {dagbag.py:545} INFO - Filling up the DagBag from /home/airflow/.local/lib/python3.12/site-packages/airflow/example_dags/plugins/listener_plugin.py
[2026-08-04T19:36:09.988+0000] {processor.py:842} WARNING - No viable dags retrieved from /home/airflow/.local/lib/python3.12/site-packages/airflow/example_dags/plugins/listener_plugin.py
[2026-08-04T19:36:10.143+0000] {processor.py:183} INFO - Processing /home/airflow/.local/lib/python3.12/site-packages/airflow/example_dags/plugins/listener_plugin.py took 0.291 seconds
[2026-08-04T19:36:41.888+0000] {processor.py:161} INFO - Started process (PID=4633) to work on /home/airflow/.local/lib/python3.12/site-packages/airflow/example_dags/plugins/listener_plugin.py
[2026-08-04T19:36:41.909+0000] {processor.py:830} INFO - Processing file /home/airflow/.local/lib/python3.12/site-packages/airflow/example_dags/plugins/listener_plugin.py for tasks to queue
[2026-08-04T19:36:41.923+0000] {logging_mixin.py:188} INFO - [2026-08-04T19:36:41.922+0000] {dagbag.py:545} INFO - Filling up the DagBag from /home/airflow/.local/lib/python3.12/site-packages/airflow/example_dags/plugins/listener_plugin.py
[2026-08-04T19:36:41.939+0000] {processor.py:842} WARNING - No viable dags retrieved from /home/airflow/.local/lib/python3.12/site-packages/airflow/example_dags/plugins/listener_plugin.py
[2026-08-04T19:36:42.002+0000] {processor.py:183} INFO - Processing /home/airflow/.local/lib/python3.12/site-packages/airflow/example_dags/plugins/listener_plugin.py took 0.136 seconds
[2026-08-04T19:37:15.379+0000] {processor.py:161} INFO - Started process (PID=4698) to work on /home/airflow/.local/lib/python3.12/site-packages/airflow/example_dags/plugins/listener_plugin.py
[2026-08-04T19:37:15.383+0000] {processor.py:830} INFO - Processing file /home/airflow/.local/lib/python3.12/site-packages/airflow/example_dags/plugins/listener_plugin.py for tasks to queue
[2026-08-04T19:37:15.396+0000] {logging_mixin.py:188} INFO - [2026-08-04T19:37:15.395+0000] {dagbag.py:545} INFO - Filling up the DagBag from /home/airflow/.local/lib/python3.12/site-packages/airflow/example_dags/plugins/listener_plugin.py
[2026-08-04T19:37:15.411+0000] {processor.py:842} WARNING - No viable dags retrieved from /home/airflow/.local/lib/python3.12/site-packages/airflow/example_dags/plugins/listener_plugin.py
[2026-08-04T19:37:15.478+0000] {processor.py:183} INFO - Processing /home/airflow/.local/lib/python3.12/site-packages/airflow/example_dags/plugins/listener_plugin.py took 0.150 seconds
[2026-08-04T19:43:26.733+0000] {processor.py:161} INFO - Started process (PID=4787) to work on /home/airflow/.local/lib/python3.12/site-packages/airflow/example_dags/plugins/listener_plugin.py
[2026-08-04T19:43:26.737+0000] {processor.py:830} INFO - Processing file /home/airflow/.local/lib/python3.12/site-packages/airflow/example_dags/plugins/listener_plugin.py for tasks to queue
[2026-08-04T19:43:26.743+0000] {logging_mixin.py:188} INFO - [2026-08-04T19:43:26.740+0000] {dagbag.py:545} INFO - Filling up the DagBag from /home/airflow/.local/lib/python3.12/site-packages/airflow/example_dags/plugins/listener_plugin.py
[2026-08-04T19:43:26.755+0000] {processor.py:842} WARNING - No viable dags retrieved from /home/airflow/.local/lib/python3.12/site-packages/airflow/example_dags/plugins/listener_plugin.py
[2026-08-04T19:43:26.809+0000] {processor.py:183} INFO - Processing /home/airflow/.local/lib/python3.12/site-packages/airflow/example_dags/plugins/listener_plugin.py took 0.102 seconds
[2026-08-04T19:44:05.395+0000] {processor.py:161} INFO - Started process (PID=4860) to work on /home/airflow/.local/lib/python3.12/site-packages/airflow/example_dags/plugins/listener_plugin.py
[2026-08-04T19:44:05.400+0000] {processor.py:830} INFO - Processing file /home/airflow/.local/lib/python3.12/site-packages/airflow/example_dags/plugins/listener_plugin.py for tasks to queue
[2026-08-04T19:44:05.404+0000] {logging_mixin.py:188} INFO - [2026-08-04T19:44:05.403+0000] {dagbag.py:545} INFO - Filling up the DagBag from /home/airflow/.local/lib/python3.12/site-packages/airflow/example_dags/plugins/listener_plugin.py
[2026-08-04T19:44:05.416+0000] {processor.py:842} WARNING - No viable dags retrieved from /home/airflow/.local/lib/python3.12/site-packages/airflow/example_dags/plugins/listener_plugin.py
[2026-08-04T19:44:05.474+0000] {processor.py:183} INFO - Processing /home/airflow/.local/lib/python3.12/site-packages/airflow/example_dags/plugins/listener_plugin.py took 0.110 seconds
[2026-08-04T19:44:37.708+0000] {processor.py:161} INFO - Started process (PID=4926) to work on /home/airflow/.local/lib/python3.12/site-packages/airflow/example_dags/plugins/listener_plugin.py
[2026-08-04T19:44:37.712+0000] {processor.py:830} INFO - Processing file /home/airflow/.local/lib/python3.12/site-packages/airflow/example_dags/plugins/listener_plugin.py for tasks to queue
[2026-08-04T19:44:37.721+0000] {logging_mixin.py:188} INFO - [2026-08-04T19:44:37.720+0000] {dagbag.py:545} INFO - Filling up the DagBag from /home/airflow/.local/lib/python3.12/site-packages/airflow/example_dags/plugins/listener_plugin.py
[2026-08-04T19:44:37.778+0000] {processor.py:842} WARNING - No viable dags retrieved from /home/airflow/.local/lib/python3.12/site-packages/airflow/example_dags/plugins/listener_plugin.py
[2026-08-04T19:44:38.030+0000] {processor.py:183} INFO - Processing /home/airflow/.local/lib/python3.12/site-packages/airflow/example_dags/plugins/listener_plugin.py took 0.338 seconds
[2026-08-04T19:45:11.488+0000] {processor.py:161} INFO - Started process (PID=5001) to work on /home/airflow/.local/lib/python3.12/site-packages/airflow/example_dags/plugins/listener_plugin.py
[2026-08-04T19:45:11.491+0000] {processor.py:830} INFO - Processing file /home/airflow/.local/lib/python3.12/site-packages/airflow/example_dags/plugins/listener_plugin.py for tasks to queue
[2026-08-04T19:45:11.497+0000] {logging_mixin.py:188} INFO - [2026-08-04T19:45:11.496+0000] {dagbag.py:545} INFO - Filling up the DagBag from /home/airflow/.local/lib/python3.12/site-packages/airflow/example_dags/plugins/listener_plugin.py
[2026-08-04T19:45:11.515+0000] {processor.py:842} WARNING - No viable dags retrieved from /home/airflow/.local/lib/python3.12/site-packages/airflow/example_dags/plugins/listener_plugin.py
[2026-08-04T19:45:11.551+0000] {processor.py:183} INFO - Processing /home/airflow/.local/lib/python3.12/site-packages/airflow/example_dags/plugins/listener_plugin.py took 0.078 seconds
[2026-08-04T19:46:00.132+0000] {processor.py:161} INFO - Started process (PID=5077) to work on /home/airflow/.local/lib/python3.12/site-packages/airflow/example_dags/plugins/listener_plugin.py
[2026-08-04T19:46:00.209+0000] {processor.py:830} INFO - Processing file /home/airflow/.local/lib/python3.12/site-packages/airflow/example_dags/plugins/listener_plugin.py for tasks to queue
[2026-08-04T19:46:00.215+0000] {logging_mixin.py:188} INFO - [2026-08-04T19:46:00.214+0000] {dagbag.py:545} INFO - Filling up the DagBag from /home/airflow/.local/lib/python3.12/site-packages/airflow/example_dags/plugins/listener_plugin.py
[2026-08-04T19:46:00.275+0000] {processor.py:842} WARNING - No viable dags retrieved from /home/airflow/.local/lib/python3.12/site-packages/airflow/example_dags/plugins/listener_plugin.py
[2026-08-04T19:46:00.425+0000] {processor.py:183} INFO - Processing /home/airflow/.local/lib/python3.12/site-packages/airflow/example_dags/plugins/listener_plugin.py took 0.368 seconds
[2026-08-04T19:46:31.543+0000] {processor.py:161} INFO - Started process (PID=5149) to work on /home/airflow/.local/lib/python3.12/site-packages/airflow/example_dags/plugins/listener_plugin.py
[2026-08-04T19:46:31.546+0000] {processor.py:830} INFO - Processing file /home/airflow/.local/lib/python3.12/site-packages/airflow/example_dags/plugins/listener_plugin.py for tasks to queue
[2026-08-04T19:46:31.550+0000] {logging_mixin.py:188} INFO - [2026-08-04T19:46:31.549+0000] {dagbag.py:545} INFO - Filling up the DagBag from /home/airflow/.local/lib/python3.12/site-packages/airflow/example_dags/plugins/listener_plugin.py
[2026-08-04T19:46:31.558+0000] {processor.py:842} WARNING - No viable dags retrieved from /home/airflow/.local/lib/python3.12/site-packages/airflow/example_dags/plugins/listener_plugin.py
[2026-08-04T19:46:31.626+0000] {processor.py:183} INFO - Processing /home/airflow/.local/lib/python3.12/site-packages/airflow/example_dags/plugins/listener_plugin.py took 0.100 seconds
[2026-08-04T19:47:06.339+0000] {processor.py:161} INFO - Started process (PID=5222) to work on /home/airflow/.local/lib/python3.12/site-packages/airflow/example_dags/plugins/listener_plugin.py
[2026-08-04T19:47:06.357+0000] {processor.py:830} INFO - Processing file /home/airflow/.local/lib/python3.12/site-packages/airflow/example_dags/plugins/listener_plugin.py for tasks to queue
[2026-08-04T19:47:06.373+0000] {logging_mixin.py:188} INFO - [2026-08-04T19:47:06.368+0000] {dagbag.py:545} INFO - Filling up the DagBag from /home/airflow/.local/lib/python3.12/site-packages/airflow/example_dags/plugins/listener_plugin.py
[2026-08-04T19:47:06.415+0000] {processor.py:842} WARNING - No viable dags retrieved from /home/airflow/.local/lib/python3.12/site-packages/airflow/example_dags/plugins/listener_plugin.py
[2026-08-04T19:47:06.475+0000] {processor.py:183} INFO - Processing /home/airflow/.local/lib/python3.12/site-packages/airflow/example_dags/plugins/listener_plugin.py took 0.161 seconds
[2026-08-04T19:47:39.515+0000] {processor.py:161} INFO - Started process (PID=5288) to work on /home/airflow/.local/lib/python3.12/site-packages/airflow/example_dags/plugins/listener_plugin.py
[2026-08-04T19:47:39.520+0000] {processor.py:830} INFO - Processing file /home/airflow/.local/lib/python3.12/site-packages/airflow/example_dags/plugins/listener_plugin.py for tasks to queue
[2026-08-04T19:47:39.527+0000] {logging_mixin.py:188} INFO - [2026-08-04T19:47:39.526+0000] {dagbag.py:545} INFO - Filling up the DagBag from /home/airflow/.local/lib/python3.12/site-packages/airflow/example_dags/plugins/listener_plugin.py
[2026-08-04T19:47:39.543+0000] {processor.py:842} WARNING - No viable dags retrieved from /home/airflow/.local/lib/python3.12/site-packages/airflow/example_dags/plugins/listener_plugin.py
[2026-08-04T19:47:39.613+0000] {processor.py:183} INFO - Processing /home/airflow/.local/lib/python3.12/site-packages/airflow/example_dags/plugins/listener_plugin.py took 0.159 seconds
[2026-08-04T19:48:10.206+0000] {processor.py:161} INFO - Started process (PID=5360) to work on /home/airflow/.local/lib/python3.12/site-packages/airflow/example_dags/plugins/listener_plugin.py
[2026-08-04T19:48:10.210+0000] {processor.py:830} INFO - Processing file /home/airflow/.local/lib/python3.12/site-packages/airflow/example_dags/plugins/listener_plugin.py for tasks to queue
[2026-08-04T19:48:10.213+0000] {logging_mixin.py:188} INFO - [2026-08-04T19:48:10.212+0000] {dagbag.py:545} INFO - Filling up the DagBag from /home/airflow/.local/lib/python3.12/site-packages/airflow/example_dags/plugins/listener_plugin.py
[2026-08-04T19:48:10.221+0000] {processor.py:842} WARNING - No viable dags retrieved from /home/airflow/.local/lib/python3.12/site-packages/airflow/example_dags/plugins/listener_plugin.py
[2026-08-04T19:48:10.311+0000] {processor.py:183} INFO - Processing /home/airflow/.local/lib/python3.12/site-packages/airflow/example_dags/plugins/listener_plugin.py took 0.122 seconds
[2026-08-04T19:48:46.037+0000] {processor.py:161} INFO - Started process (PID=5434) to work on /home/airflow/.local/lib/python3.12/site-packages/airflow/example_dags/plugins/listener_plugin.py
[2026-08-04T19:48:46.043+0000] {processor.py:830} INFO - Processing file /home/airflow/.local/lib/python3.12/site-packages/airflow/example_dags/plugins/listener_plugin.py for tasks to queue
[2026-08-04T19:48:46.051+0000] {logging_mixin.py:188} INFO - [2026-08-04T19:48:46.051+0000] {dagbag.py:545} INFO - Filling up the DagBag from /home/airflow/.local/lib/python3.12/site-packages/airflow/example_dags/plugins/listener_plugin.py
[2026-08-04T19:48:46.058+0000] {processor.py:842} WARNING - No viable dags retrieved from /home/airflow/.local/lib/python3.12/site-packages/airflow/example_dags/plugins/listener_plugin.py
[2026-08-04T19:48:46.093+0000] {processor.py:183} INFO - Processing /home/airflow/.local/lib/python3.12/site-packages/airflow/example_dags/plugins/listener_plugin.py took 0.071 seconds
[2026-08-04T19:49:19.996+0000] {processor.py:161} INFO - Started process (PID=5500) to work on /home/airflow/.local/lib/python3.12/site-packages/airflow/example_dags/plugins/listener_plugin.py
[2026-08-04T19:49:20.019+0000] {processor.py:830} INFO - Processing file /home/airflow/.local/lib/python3.12/site-packages/airflow/example_dags/plugins/listener_plugin.py for tasks to queue
[2026-08-04T19:49:20.051+0000] {logging_mixin.py:188} INFO - [2026-08-04T19:49:20.036+0000] {dagbag.py:545} INFO - Filling up the DagBag from /home/airflow/.local/lib/python3.12/site-packages/airflow/example_dags/plugins/listener_plugin.py
[2026-08-04T19:49:20.089+0000] {processor.py:842} WARNING - No viable dags retrieved from /home/airflow/.local/lib/python3.12/site-packages/airflow/example_dags/plugins/listener_plugin.py
[2026-08-04T19:49:20.462+0000] {processor.py:183} INFO - Processing /home/airflow/.local/lib/python3.12/site-packages/airflow/example_dags/plugins/listener_plugin.py took 0.510 seconds
[2026-08-04T19:49:51.495+0000] {processor.py:161} INFO - Started process (PID=5573) to work on /home/airflow/.local/lib/python3.12/site-packages/airflow/example_dags/plugins/listener_plugin.py
[2026-08-04T19:49:51.515+0000] {processor.py:830} INFO - Processing file /home/airflow/.local/lib/python3.12/site-packages/airflow/example_dags/plugins/listener_plugin.py for tasks to queue
[2026-08-04T19:49:51.524+0000] {logging_mixin.py:188} INFO - [2026-08-04T19:49:51.518+0000] {dagbag.py:545} INFO - Filling up the DagBag from /home/airflow/.local/lib/python3.12/site-packages/airflow/example_dags/plugins/listener_plugin.py
[2026-08-04T19:49:51.536+0000] {processor.py:842} WARNING - No viable dags retrieved from /home/airflow/.local/lib/python3.12/site-packages/airflow/example_dags/plugins/listener_plugin.py
[2026-08-04T19:49:51.633+0000] {processor.py:183} INFO - Processing /home/airflow/.local/lib/python3.12/site-packages/airflow/example_dags/plugins/listener_plugin.py took 0.220 seconds
[2026-08-04T19:50:26.074+0000] {processor.py:161} INFO - Started process (PID=5648) to work on /home/airflow/.local/lib/python3.12/site-packages/airflow/example_dags/plugins/listener_plugin.py
[2026-08-04T19:50:26.077+0000] {processor.py:830} INFO - Processing file /home/airflow/.local/lib/python3.12/site-packages/airflow/example_dags/plugins/listener_plugin.py for tasks to queue
[2026-08-04T19:50:26.083+0000] {logging_mixin.py:188} INFO - [2026-08-04T19:50:26.082+0000] {dagbag.py:545} INFO - Filling up the DagBag from /home/airflow/.local/lib/python3.12/site-packages/airflow/example_dags/plugins/listener_plugin.py
[2026-08-04T19:50:26.111+0000] {processor.py:842} WARNING - No viable dags retrieved from /home/airflow/.local/lib/python3.12/site-packages/airflow/example_dags/plugins/listener_plugin.py
[2026-08-04T19:50:26.149+0000] {processor.py:183} INFO - Processing /home/airflow/.local/lib/python3.12/site-packages/airflow/example_dags/plugins/listener_plugin.py took 0.089 seconds
[2026-08-04T19:51:03.137+0000] {processor.py:161} INFO - Started process (PID=5721) to work on /home/airflow/.local/lib/python3.12/site-packages/airflow/example_dags/plugins/listener_plugin.py
[2026-08-04T19:51:03.145+0000] {processor.py:830} INFO - Processing file /home/airflow/.local/lib/python3.12/site-packages/airflow/example_dags/plugins/listener_plugin.py for tasks to queue
[2026-08-04T19:51:03.149+0000] {logging_mixin.py:188} INFO - [2026-08-04T19:51:03.148+0000] {dagbag.py:545} INFO - Filling up the DagBag from /home/airflow/.local/lib/python3.12/site-packages/airflow/example_dags/plugins/listener_plugin.py
[2026-08-04T19:51:03.198+0000] {processor.py:842} WARNING - No viable dags retrieved from /home/airflow/.local/lib/python3.12/site-packages/airflow/example_dags/plugins/listener_plugin.py
[2026-08-04T19:51:03.255+0000] {processor.py:183} INFO - Processing /home/airflow/.local/lib/python3.12/site-packages/airflow/example_dags/plugins/listener_plugin.py took 0.206 seconds
[2026-08-04T19:51:35.515+0000] {processor.py:161} INFO - Started process (PID=5786) to work on /home/airflow/.local/lib/python3.12/site-packages/airflow/example_dags/plugins/listener_plugin.py
[2026-08-04T19:51:35.519+0000] {processor.py:830} INFO - Processing file /home/airflow/.local/lib/python3.12/site-packages/airflow/example_dags/plugins/listener_plugin.py for tasks to queue
[2026-08-04T19:51:35.523+0000] {logging_mixin.py:188} INFO - [2026-08-04T19:51:35.526+0000] {dagbag.py:545} INFO - Filling up the DagBag from /home/airflow/.local/lib/python3.12/site-packages/airflow/example_dags/plugins/listener_plugin.py
[2026-08-04T19:51:35.535+0000] {processor.py:842} WARNING - No viable dags retrieved from /home/airflow/.local/lib/python3.12/site-packages/airflow/example_dags/plugins/listener_plugin.py
[2026-08-04T19:51:35.702+0000] {processor.py:183} INFO - Processing /home/airflow/.local/lib/python3.12/site-packages/airflow/example_dags/plugins/listener_plugin.py took 0.248 seconds
[2026-08-04T19:52:14.260+0000] {processor.py:161} INFO - Started process (PID=5866) to work on /home/airflow/.local/lib/python3.12/site-packages/airflow/example_dags/plugins/listener_plugin.py
[2026-08-04T19:52:14.265+0000] {processor.py:830} INFO - Processing file /home/airflow/.local/lib/python3.12/site-packages/airflow/example_dags/plugins/listener_plugin.py for tasks to queue
[2026-08-04T19:52:14.269+0000] {logging_mixin.py:188} INFO - [2026-08-04T19:52:14.268+0000] {dagbag.py:545} INFO - Filling up the DagBag from /home/airflow/.local/lib/python3.12/site-packages/airflow/example_dags/plugins/listener_plugin.py
[2026-08-04T19:52:14.277+0000] {processor.py:842} WARNING - No viable dags retrieved from /home/airflow/.local/lib/python3.12/site-packages/airflow/example_dags/plugins/listener_plugin.py
[2026-08-04T19:52:14.348+0000] {processor.py:183} INFO - Processing /home/airflow/.local/lib/python3.12/site-packages/airflow/example_dags/plugins/listener_plugin.py took 0.125 seconds
[2026-08-04T19:52:49.645+0000] {processor.py:161} INFO - Started process (PID=5938) to work on /home/airflow/.local/lib/python3.12/site-packages/airflow/example_dags/plugins/listener_plugin.py
[2026-08-04T19:52:49.649+0000] {processor.py:830} INFO - Processing file /home/airflow/.local/lib/python3.12/site-packages/airflow/example_dags/plugins/listener_plugin.py for tasks to queue
[2026-08-04T19:52:49.655+0000] {logging_mixin.py:188} INFO - [2026-08-04T19:52:49.654+0000] {dagbag.py:545} INFO - Filling up the DagBag from /home/airflow/.local/lib/python3.12/site-packages/airflow/example_dags/plugins/listener_plugin.py
[2026-08-04T19:52:49.675+0000] {processor.py:842} WARNING - No viable dags retrieved from /home/airflow/.local/lib/python3.12/site-packages/airflow/example_dags/plugins/listener_plugin.py
[2026-08-04T19:52:49.750+0000] {processor.py:183} INFO - Processing /home/airflow/.local/lib/python3.12/site-packages/airflow/example_dags/plugins/listener_plugin.py took 0.177 seconds
[2026-08-04T19:53:23.538+0000] {processor.py:161} INFO - Started process (PID=6007) to work on /home/airflow/.local/lib/python3.12/site-packages/airflow/example_dags/plugins/listener_plugin.py
[2026-08-04T19:53:23.571+0000] {processor.py:830} INFO - Processing file /home/airflow/.local/lib/python3.12/site-packages/airflow/example_dags/plugins/listener_plugin.py for tasks to queue
[2026-08-04T19:53:23.576+0000] {logging_mixin.py:188} INFO - [2026-08-04T19:53:23.576+0000] {dagbag.py:545} INFO - Filling up the DagBag from /home/airflow/.local/lib/python3.12/site-packages/airflow/example_dags/plugins/listener_plugin.py
[2026-08-04T19:53:23.601+0000] {processor.py:842} WARNING - No viable dags retrieved from /home/airflow/.local/lib/python3.12/site-packages/airflow/example_dags/plugins/listener_plugin.py
[2026-08-04T19:53:23.741+0000] {processor.py:183} INFO - Processing /home/airflow/.local/lib/python3.12/site-packages/airflow/example_dags/plugins/listener_plugin.py took 0.262 seconds
[2026-08-04T19:53:57.485+0000] {processor.py:161} INFO - Started process (PID=6080) to work on /home/airflow/.local/lib/python3.12/site-packages/airflow/example_dags/plugins/listener_plugin.py
[2026-08-04T19:53:57.503+0000] {processor.py:830} INFO - Processing file /home/airflow/.local/lib/python3.12/site-packages/airflow/example_dags/plugins/listener_plugin.py for tasks to queue
[2026-08-04T19:53:57.520+0000] {logging_mixin.py:188} INFO - [2026-08-04T19:53:57.519+0000] {dagbag.py:545} INFO - Filling up the DagBag from /home/airflow/.local/lib/python3.12/site-packages/airflow/example_dags/plugins/listener_plugin.py
[2026-08-04T19:53:57.572+0000] {processor.py:842} WARNING - No viable dags retrieved from /home/airflow/.local/lib/python3.12/site-packages/airflow/example_dags/plugins/listener_plugin.py
[2026-08-04T19:53:57.700+0000] {processor.py:183} INFO - Processing /home/airflow/.local/lib/python3.12/site-packages/airflow/example_dags/plugins/listener_plugin.py took 0.287 seconds
[2026-08-04T19:54:31.861+0000] {processor.py:161} INFO - Started process (PID=6154) to work on /home/airflow/.local/lib/python3.12/site-packages/airflow/example_dags/plugins/listener_plugin.py
[2026-08-04T19:54:31.867+0000] {processor.py:830} INFO - Processing file /home/airflow/.local/lib/python3.12/site-packages/airflow/example_dags/plugins/listener_plugin.py for tasks to queue
[2026-08-04T19:54:31.871+0000] {logging_mixin.py:188} INFO - [2026-08-04T19:54:31.870+0000] {dagbag.py:545} INFO - Filling up the DagBag from /home/airflow/.local/lib/python3.12/site-packages/airflow/example_dags/plugins/listener_plugin.py
[2026-08-04T19:54:31.880+0000] {processor.py:842} WARNING - No viable dags retrieved from /home/airflow/.local/lib/python3.12/site-packages/airflow/example_dags/plugins/listener_plugin.py
[2026-08-04T19:54:31.932+0000] {processor.py:183} INFO - Processing /home/airflow/.local/lib/python3.12/site-packages/airflow/example_dags/plugins/listener_plugin.py took 0.092 seconds
[2026-08-04T19:55:16.088+0000] {processor.py:161} INFO - Started process (PID=6237) to work on /home/airflow/.local/lib/python3.12/site-packages/airflow/example_dags/plugins/listener_plugin.py
[2026-08-04T19:55:16.092+0000] {processor.py:830} INFO - Processing file /home/airflow/.local/lib/python3.12/site-packages/airflow/example_dags/plugins/listener_plugin.py for tasks to queue
[2026-08-04T19:55:16.098+0000] {logging_mixin.py:188} INFO - [2026-08-04T19:55:16.097+0000] {dagbag.py:545} INFO - Filling up the DagBag from /home/airflow/.local/lib/python3.12/site-packages/airflow/example_dags/plugins/listener_plugin.py
[2026-08-04T19:55:16.106+0000] {processor.py:842} WARNING - No viable dags retrieved from /home/airflow/.local/lib/python3.12/site-packages/airflow/example_dags/plugins/listener_plugin.py
[2026-08-04T19:55:16.209+0000] {processor.py:183} INFO - Processing /home/airflow/.local/lib/python3.12/site-packages/airflow/example_dags/plugins/listener_plugin.py took 0.135 seconds
[2026-08-04T19:55:54.145+0000] {processor.py:161} INFO - Started process (PID=6309) to work on /home/airflow/.local/lib/python3.12/site-packages/airflow/example_dags/plugins/listener_plugin.py
[2026-08-04T19:55:54.149+0000] {processor.py:830} INFO - Processing file /home/airflow/.local/lib/python3.12/site-packages/airflow/example_dags/plugins/listener_plugin.py for tasks to queue
[2026-08-04T19:55:54.165+0000] {logging_mixin.py:188} INFO - [2026-08-04T19:55:54.163+0000] {dagbag.py:545} INFO - Filling up the DagBag from /home/airflow/.local/lib/python3.12/site-packages/airflow/example_dags/plugins/listener_plugin.py
[2026-08-04T19:55:54.176+0000] {processor.py:842} WARNING - No viable dags retrieved from /home/airflow/.local/lib/python3.12/site-packages/airflow/example_dags/plugins/listener_plugin.py
[2026-08-04T19:55:54.231+0000] {processor.py:183} INFO - Processing /home/airflow/.local/lib/python3.12/site-packages/airflow/example_dags/plugins/listener_plugin.py took 0.111 seconds
[2026-08-04T19:56:34.073+0000] {processor.py:161} INFO - Started process (PID=6384) to work on /home/airflow/.local/lib/python3.12/site-packages/airflow/example_dags/plugins/listener_plugin.py
[2026-08-04T19:56:34.079+0000] {processor.py:830} INFO - Processing file /home/airflow/.local/lib/python3.12/site-packages/airflow/example_dags/plugins/listener_plugin.py for tasks to queue
[2026-08-04T19:56:34.087+0000] {logging_mixin.py:188} INFO - [2026-08-04T19:56:34.086+0000] {dagbag.py:545} INFO - Filling up the DagBag from /home/airflow/.local/lib/python3.12/site-packages/airflow/example_dags/plugins/listener_plugin.py
[2026-08-04T19:56:34.102+0000] {processor.py:842} WARNING - No viable dags retrieved from /home/airflow/.local/lib/python3.12/site-packages/airflow/example_dags/plugins/listener_plugin.py
[2026-08-04T19:56:34.154+0000] {processor.py:183} INFO - Processing /home/airflow/.local/lib/python3.12/site-packages/airflow/example_dags/plugins/listener_plugin.py took 0.103 seconds
[2026-08-04T19:57:11.621+0000] {processor.py:161} INFO - Started process (PID=6460) to work on /home/airflow/.local/lib/python3.12/site-packages/airflow/example_dags/plugins/listener_plugin.py
[2026-08-04T19:57:11.629+0000] {processor.py:830} INFO - Processing file /home/airflow/.local/lib/python3.12/site-packages/airflow/example_dags/plugins/listener_plugin.py for tasks to queue
[2026-08-04T19:57:11.633+0000] {logging_mixin.py:188} INFO - [2026-08-04T19:57:11.632+0000] {dagbag.py:545} INFO - Filling up the DagBag from /home/airflow/.local/lib/python3.12/site-packages/airflow/example_dags/plugins/listener_plugin.py
[2026-08-04T19:57:11.647+0000] {processor.py:842} WARNING - No viable dags retrieved from /home/airflow/.local/lib/python3.12/site-packages/airflow/example_dags/plugins/listener_plugin.py
[2026-08-04T19:57:11.761+0000] {processor.py:183} INFO - Processing /home/airflow/.local/lib/python3.12/site-packages/airflow/example_dags/plugins/listener_plugin.py took 0.181 seconds
[2026-08-04T19:57:43.459+0000] {processor.py:161} INFO - Started process (PID=6525) to work on /home/airflow/.local/lib/python3.12/site-packages/airflow/example_dags/plugins/listener_plugin.py
[2026-08-04T19:57:43.474+0000] {processor.py:830} INFO - Processing file /home/airflow/.local/lib/python3.12/site-packages/airflow/example_dags/plugins/listener_plugin.py for tasks to queue
[2026-08-04T19:57:43.505+0000] {logging_mixin.py:188} INFO - [2026-08-04T19:57:43.504+0000] {dagbag.py:545} INFO - Filling up the DagBag from /home/airflow/.local/lib/python3.12/site-packages/airflow/example_dags/plugins/listener_plugin.py
[2026-08-04T19:57:43.568+0000] {processor.py:842} WARNING - No viable dags retrieved from /home/airflow/.local/lib/python3.12/site-packages/airflow/example_dags/plugins/listener_plugin.py
[2026-08-04T19:57:43.792+0000] {processor.py:183} INFO - Processing /home/airflow/.local/lib/python3.12/site-packages/airflow/example_dags/plugins/listener_plugin.py took 0.463 seconds
[2026-08-04T19:58:21.172+0000] {processor.py:161} INFO - Started process (PID=6601) to work on /home/airflow/.local/lib/python3.12/site-packages/airflow/example_dags/plugins/listener_plugin.py
[2026-08-04T19:58:21.210+0000] {processor.py:830} INFO - Processing file /home/airflow/.local/lib/python3.12/site-packages/airflow/example_dags/plugins/listener_plugin.py for tasks to queue
[2026-08-04T19:58:21.239+0000] {logging_mixin.py:188} INFO - [2026-08-04T19:58:21.238+0000] {dagbag.py:545} INFO - Filling up the DagBag from /home/airflow/.local/lib/python3.12/site-packages/airflow/example_dags/plugins/listener_plugin.py
[2026-08-04T19:58:21.271+0000] {processor.py:842} WARNING - No viable dags retrieved from /home/airflow/.local/lib/python3.12/site-packages/airflow/example_dags/plugins/listener_plugin.py
[2026-08-04T19:58:21.514+0000] {processor.py:183} INFO - Processing /home/airflow/.local/lib/python3.12/site-packages/airflow/example_dags/plugins/listener_plugin.py took 0.505 seconds
[2026-08-04T19:58:58.496+0000] {processor.py:161} INFO - Started process (PID=6674) to work on /home/airflow/.local/lib/python3.12/site-packages/airflow/example_dags/plugins/listener_plugin.py
[2026-08-04T19:58:58.500+0000] {processor.py:830} INFO - Processing file /home/airflow/.local/lib/python3.12/site-packages/airflow/example_dags/plugins/listener_plugin.py for tasks to queue
[2026-08-04T19:58:58.505+0000] {logging_mixin.py:188} INFO - [2026-08-04T19:58:58.504+0000] {dagbag.py:545} INFO - Filling up the DagBag from /home/airflow/.local/lib/python3.12/site-packages/airflow/example_dags/plugins/listener_plugin.py
[2026-08-04T19:58:58.519+0000] {processor.py:842} WARNING - No viable dags retrieved from /home/airflow/.local/lib/python3.12/site-packages/airflow/example_dags/plugins/listener_plugin.py
[2026-08-04T19:58:58.569+0000] {processor.py:183} INFO - Processing /home/airflow/.local/lib/python3.12/site-packages/airflow/example_dags/plugins/listener_plugin.py took 0.104 seconds
[2026-08-04T19:59:37.956+0000] {processor.py:161} INFO - Started process (PID=6754) to work on /home/airflow/.local/lib/python3.12/site-packages/airflow/example_dags/plugins/listener_plugin.py
[2026-08-04T19:59:37.965+0000] {processor.py:830} INFO - Processing file /home/airflow/.local/lib/python3.12/site-packages/airflow/example_dags/plugins/listener_plugin.py for tasks to queue
[2026-08-04T19:59:37.968+0000] {logging_mixin.py:188} INFO - [2026-08-04T19:59:37.968+0000] {dagbag.py:545} INFO - Filling up the DagBag from /home/airflow/.local/lib/python3.12/site-packages/airflow/example_dags/plugins/listener_plugin.py
[2026-08-04T19:59:37.976+0000] {processor.py:842} WARNING - No viable dags retrieved from /home/airflow/.local/lib/python3.12/site-packages/airflow/example_dags/plugins/listener_plugin.py
[2026-08-04T19:59:38.015+0000] {processor.py:183} INFO - Processing /home/airflow/.local/lib/python3.12/site-packages/airflow/example_dags/plugins/listener_plugin.py took 0.084 seconds
[2026-08-04T20:00:11.333+0000] {processor.py:161} INFO - Started process (PID=6828) to work on /home/airflow/.local/lib/python3.12/site-packages/airflow/example_dags/plugins/listener_plugin.py
[2026-08-04T20:00:11.353+0000] {processor.py:830} INFO - Processing file /home/airflow/.local/lib/python3.12/site-packages/airflow/example_dags/plugins/listener_plugin.py for tasks to queue
[2026-08-04T20:00:11.363+0000] {logging_mixin.py:188} INFO - [2026-08-04T20:00:11.362+0000] {dagbag.py:545} INFO - Filling up the DagBag from /home/airflow/.local/lib/python3.12/site-packages/airflow/example_dags/plugins/listener_plugin.py
[2026-08-04T20:00:11.379+0000] {processor.py:842} WARNING - No viable dags retrieved from /home/airflow/.local/lib/python3.12/site-packages/airflow/example_dags/plugins/listener_plugin.py
[2026-08-04T20:00:11.426+0000] {processor.py:183} INFO - Processing /home/airflow/.local/lib/python3.12/site-packages/airflow/example_dags/plugins/listener_plugin.py took 0.123 seconds
[2026-08-04T20:00:50.335+0000] {processor.py:161} INFO - Started process (PID=6900) to work on /home/airflow/.local/lib/python3.12/site-packages/airflow/example_dags/plugins/listener_plugin.py
[2026-08-04T20:00:50.347+0000] {processor.py:830} INFO - Processing file /home/airflow/.local/lib/python3.12/site-packages/airflow/example_dags/plugins/listener_plugin.py for tasks to queue
[2026-08-04T20:00:50.354+0000] {logging_mixin.py:188} INFO - [2026-08-04T20:00:50.353+0000] {dagbag.py:545} INFO - Filling up the DagBag from /home/airflow/.local/lib/python3.12/site-packages/airflow/example_dags/plugins/listener_plugin.py
[2026-08-04T20:00:50.375+0000] {processor.py:842} WARNING - No viable dags retrieved from /home/airflow/.local/lib/python3.12/site-packages/airflow/example_dags/plugins/listener_plugin.py
[2026-08-04T20:00:50.424+0000] {processor.py:183} INFO - Processing /home/airflow/.local/lib/python3.12/site-packages/airflow/example_dags/plugins/listener_plugin.py took 0.148 seconds
[2026-08-04T20:01:35.407+0000] {processor.py:161} INFO - Started process (PID=6988) to work on /home/airflow/.local/lib/python3.12/site-packages/airflow/example_dags/plugins/listener_plugin.py
[2026-08-04T20:01:35.427+0000] {processor.py:830} INFO - Processing file /home/airflow/.local/lib/python3.12/site-packages/airflow/example_dags/plugins/listener_plugin.py for tasks to queue
[2026-08-04T20:01:35.441+0000] {logging_mixin.py:188} INFO - [2026-08-04T20:01:35.437+0000] {dagbag.py:545} INFO - Filling up the DagBag from /home/airflow/.local/lib/python3.12/site-packages/airflow/example_dags/plugins/listener_plugin.py
[2026-08-04T20:01:35.455+0000] {processor.py:842} WARNING - No viable dags retrieved from /home/airflow/.local/lib/python3.12/site-packages/airflow/example_dags/plugins/listener_plugin.py
[2026-08-04T20:01:35.523+0000] {processor.py:183} INFO - Processing /home/airflow/.local/lib/python3.12/site-packages/airflow/example_dags/plugins/listener_plugin.py took 0.223 seconds
[2026-08-04T20:06:37.606+0000] {processor.py:161} INFO - Started process (PID=125) to work on /home/airflow/.local/lib/python3.12/site-packages/airflow/example_dags/plugins/listener_plugin.py
[2026-08-04T20:06:37.610+0000] {processor.py:830} INFO - Processing file /home/airflow/.local/lib/python3.12/site-packages/airflow/example_dags/plugins/listener_plugin.py for tasks to queue
[2026-08-04T20:06:37.616+0000] {logging_mixin.py:188} INFO - [2026-08-04T20:06:37.615+0000] {dagbag.py:545} INFO - Filling up the DagBag from /home/airflow/.local/lib/python3.12/site-packages/airflow/example_dags/plugins/listener_plugin.py
[2026-08-04T20:06:37.626+0000] {processor.py:842} WARNING - No viable dags retrieved from /home/airflow/.local/lib/python3.12/site-packages/airflow/example_dags/plugins/listener_plugin.py
[2026-08-04T20:06:37.669+0000] {processor.py:183} INFO - Processing /home/airflow/.local/lib/python3.12/site-packages/airflow/example_dags/plugins/listener_plugin.py took 0.077 seconds
[2026-08-04T20:07:09.604+0000] {processor.py:161} INFO - Started process (PID=198) to work on /home/airflow/.local/lib/python3.12/site-packages/airflow/example_dags/plugins/listener_plugin.py
[2026-08-04T20:07:09.612+0000] {processor.py:830} INFO - Processing file /home/airflow/.local/lib/python3.12/site-packages/airflow/example_dags/plugins/listener_plugin.py for tasks to queue
[2026-08-04T20:07:09.621+0000] {logging_mixin.py:188} INFO - [2026-08-04T20:07:09.621+0000] {dagbag.py:545} INFO - Filling up the DagBag from /home/airflow/.local/lib/python3.12/site-packages/airflow/example_dags/plugins/listener_plugin.py
[2026-08-04T20:07:09.656+0000] {processor.py:842} WARNING - No viable dags retrieved from /home/airflow/.local/lib/python3.12/site-packages/airflow/example_dags/plugins/listener_plugin.py
[2026-08-04T20:07:09.731+0000] {processor.py:183} INFO - Processing /home/airflow/.local/lib/python3.12/site-packages/airflow/example_dags/plugins/listener_plugin.py took 0.176 seconds
[2026-08-04T20:07:39.851+0000] {processor.py:161} INFO - Started process (PID=266) to work on /home/airflow/.local/lib/python3.12/site-packages/airflow/example_dags/plugins/listener_plugin.py
[2026-08-04T20:07:39.853+0000] {processor.py:830} INFO - Processing file /home/airflow/.local/lib/python3.12/site-packages/airflow/example_dags/plugins/listener_plugin.py for tasks to queue
[2026-08-04T20:07:39.858+0000] {logging_mixin.py:188} INFO - [2026-08-04T20:07:39.857+0000] {dagbag.py:545} INFO - Filling up the DagBag from /home/airflow/.local/lib/python3.12/site-packages/airflow/example_dags/plugins/listener_plugin.py
[2026-08-04T20:07:39.866+0000] {processor.py:842} WARNING - No viable dags retrieved from /home/airflow/.local/lib/python3.12/site-packages/airflow/example_dags/plugins/listener_plugin.py
[2026-08-04T20:07:39.899+0000] {processor.py:183} INFO - Processing /home/airflow/.local/lib/python3.12/site-packages/airflow/example_dags/plugins/listener_plugin.py took 0.059 seconds
[2026-08-04T20:08:12.127+0000] {processor.py:161} INFO - Started process (PID=339) to work on /home/airflow/.local/lib/python3.12/site-packages/airflow/example_dags/plugins/listener_plugin.py
[2026-08-04T20:08:12.131+0000] {processor.py:830} INFO - Processing file /home/airflow/.local/lib/python3.12/site-packages/airflow/example_dags/plugins/listener_plugin.py for tasks to queue
[2026-08-04T20:08:12.138+0000] {logging_mixin.py:188} INFO - [2026-08-04T20:08:12.137+0000] {dagbag.py:545} INFO - Filling up the DagBag from /home/airflow/.local/lib/python3.12/site-packages/airflow/example_dags/plugins/listener_plugin.py
[2026-08-04T20:08:12.153+0000] {processor.py:842} WARNING - No viable dags retrieved from /home/airflow/.local/lib/python3.12/site-packages/airflow/example_dags/plugins/listener_plugin.py
[2026-08-04T20:08:12.205+0000] {processor.py:183} INFO - Processing /home/airflow/.local/lib/python3.12/site-packages/airflow/example_dags/plugins/listener_plugin.py took 0.101 seconds
[2026-08-04T20:08:43.827+0000] {processor.py:161} INFO - Started process (PID=410) to work on /home/airflow/.local/lib/python3.12/site-packages/airflow/example_dags/plugins/listener_plugin.py
[2026-08-04T20:08:43.836+0000] {processor.py:830} INFO - Processing file /home/airflow/.local/lib/python3.12/site-packages/airflow/example_dags/plugins/listener_plugin.py for tasks to queue
[2026-08-04T20:08:43.847+0000] {logging_mixin.py:188} INFO - [2026-08-04T20:08:43.842+0000] {dagbag.py:545} INFO - Filling up the DagBag from /home/airflow/.local/lib/python3.12/site-packages/airflow/example_dags/plugins/listener_plugin.py
[2026-08-04T20:08:43.859+0000] {processor.py:842} WARNING - No viable dags retrieved from /home/airflow/.local/lib/python3.12/site-packages/airflow/example_dags/plugins/listener_plugin.py
[2026-08-04T20:08:43.955+0000] {processor.py:183} INFO - Processing /home/airflow/.local/lib/python3.12/site-packages/airflow/example_dags/plugins/listener_plugin.py took 0.156 seconds
