[2026-07-22 12:21:06,162] {processor.py:163} INFO - Started process (PID=389) to work on /home/airflow/.local/lib/python3.6/site-packages/airflow/example_dags/subdags/subdag.py
[2026-07-22 12:21:06,165] {processor.py:642} INFO - Processing file /home/airflow/.local/lib/python3.6/site-packages/airflow/example_dags/subdags/subdag.py for tasks to queue
[2026-07-22 12:21:06,168] {logging_mixin.py:109} INFO - [2026-07-22 12:21:06,167] {dagbag.py:500} INFO - Filling up the DagBag from /home/airflow/.local/lib/python3.6/site-packages/airflow/example_dags/subdags/subdag.py
[2026-07-22 12:21:06,210] {processor.py:656} WARNING - No viable dags retrieved from /home/airflow/.local/lib/python3.6/site-packages/airflow/example_dags/subdags/subdag.py
[2026-07-22 12:21:06,218] {processor.py:171} INFO - Processing /home/airflow/.local/lib/python3.6/site-packages/airflow/example_dags/subdags/subdag.py took 0.061 seconds
[2026-07-22 12:21:36,917] {processor.py:163} INFO - Started process (PID=456) to work on /home/airflow/.local/lib/python3.6/site-packages/airflow/example_dags/subdags/subdag.py
[2026-07-22 12:21:36,926] {processor.py:642} INFO - Processing file /home/airflow/.local/lib/python3.6/site-packages/airflow/example_dags/subdags/subdag.py for tasks to queue
[2026-07-22 12:21:36,935] {logging_mixin.py:109} INFO - [2026-07-22 12:21:36,935] {dagbag.py:500} INFO - Filling up the DagBag from /home/airflow/.local/lib/python3.6/site-packages/airflow/example_dags/subdags/subdag.py
[2026-07-22 12:21:37,003] {processor.py:656} WARNING - No viable dags retrieved from /home/airflow/.local/lib/python3.6/site-packages/airflow/example_dags/subdags/subdag.py
[2026-07-22 12:21:37,018] {processor.py:171} INFO - Processing /home/airflow/.local/lib/python3.6/site-packages/airflow/example_dags/subdags/subdag.py took 0.120 seconds
[2026-07-22 12:22:07,089] {processor.py:163} INFO - Started process (PID=500) to work on /home/airflow/.local/lib/python3.6/site-packages/airflow/example_dags/subdags/subdag.py
[2026-07-22 12:22:07,092] {processor.py:642} INFO - Processing file /home/airflow/.local/lib/python3.6/site-packages/airflow/example_dags/subdags/subdag.py for tasks to queue
[2026-07-22 12:22:07,095] {logging_mixin.py:109} INFO - [2026-07-22 12:22:07,095] {dagbag.py:500} INFO - Filling up the DagBag from /home/airflow/.local/lib/python3.6/site-packages/airflow/example_dags/subdags/subdag.py
[2026-07-22 12:22:07,134] {processor.py:656} WARNING - No viable dags retrieved from /home/airflow/.local/lib/python3.6/site-packages/airflow/example_dags/subdags/subdag.py
[2026-07-22 12:22:07,142] {processor.py:171} INFO - Processing /home/airflow/.local/lib/python3.6/site-packages/airflow/example_dags/subdags/subdag.py took 0.059 seconds
[2026-07-22 12:22:37,350] {processor.py:163} INFO - Started process (PID=552) to work on /home/airflow/.local/lib/python3.6/site-packages/airflow/example_dags/subdags/subdag.py
[2026-07-22 12:22:37,352] {processor.py:642} INFO - Processing file /home/airflow/.local/lib/python3.6/site-packages/airflow/example_dags/subdags/subdag.py for tasks to queue
[2026-07-22 12:22:37,354] {logging_mixin.py:109} INFO - [2026-07-22 12:22:37,354] {dagbag.py:500} INFO - Filling up the DagBag from /home/airflow/.local/lib/python3.6/site-packages/airflow/example_dags/subdags/subdag.py
[2026-07-22 12:22:37,389] {processor.py:656} WARNING - No viable dags retrieved from /home/airflow/.local/lib/python3.6/site-packages/airflow/example_dags/subdags/subdag.py
[2026-07-22 12:22:37,397] {processor.py:171} INFO - Processing /home/airflow/.local/lib/python3.6/site-packages/airflow/example_dags/subdags/subdag.py took 0.053 seconds
[2026-07-22 12:23:07,954] {processor.py:163} INFO - Started process (PID=604) to work on /home/airflow/.local/lib/python3.6/site-packages/airflow/example_dags/subdags/subdag.py
[2026-07-22 12:23:07,957] {processor.py:642} INFO - Processing file /home/airflow/.local/lib/python3.6/site-packages/airflow/example_dags/subdags/subdag.py for tasks to queue
[2026-07-22 12:23:07,960] {logging_mixin.py:109} INFO - [2026-07-22 12:23:07,960] {dagbag.py:500} INFO - Filling up the DagBag from /home/airflow/.local/lib/python3.6/site-packages/airflow/example_dags/subdags/subdag.py
[2026-07-22 12:23:07,998] {processor.py:656} WARNING - No viable dags retrieved from /home/airflow/.local/lib/python3.6/site-packages/airflow/example_dags/subdags/subdag.py
[2026-07-22 12:23:08,004] {processor.py:171} INFO - Processing /home/airflow/.local/lib/python3.6/site-packages/airflow/example_dags/subdags/subdag.py took 0.055 seconds
[2026-07-22 12:23:38,563] {processor.py:163} INFO - Started process (PID=656) to work on /home/airflow/.local/lib/python3.6/site-packages/airflow/example_dags/subdags/subdag.py
[2026-07-22 12:23:38,566] {processor.py:642} INFO - Processing file /home/airflow/.local/lib/python3.6/site-packages/airflow/example_dags/subdags/subdag.py for tasks to queue
[2026-07-22 12:23:38,568] {logging_mixin.py:109} INFO - [2026-07-22 12:23:38,568] {dagbag.py:500} INFO - Filling up the DagBag from /home/airflow/.local/lib/python3.6/site-packages/airflow/example_dags/subdags/subdag.py
[2026-07-22 12:23:38,598] {processor.py:656} WARNING - No viable dags retrieved from /home/airflow/.local/lib/python3.6/site-packages/airflow/example_dags/subdags/subdag.py
[2026-07-22 12:23:38,606] {processor.py:171} INFO - Processing /home/airflow/.local/lib/python3.6/site-packages/airflow/example_dags/subdags/subdag.py took 0.050 seconds
[2026-07-22 12:24:09,125] {processor.py:163} INFO - Started process (PID=708) to work on /home/airflow/.local/lib/python3.6/site-packages/airflow/example_dags/subdags/subdag.py
[2026-07-22 12:24:09,129] {processor.py:642} INFO - Processing file /home/airflow/.local/lib/python3.6/site-packages/airflow/example_dags/subdags/subdag.py for tasks to queue
[2026-07-22 12:24:09,136] {logging_mixin.py:109} INFO - [2026-07-22 12:24:09,136] {dagbag.py:500} INFO - Filling up the DagBag from /home/airflow/.local/lib/python3.6/site-packages/airflow/example_dags/subdags/subdag.py
[2026-07-22 12:24:09,180] {processor.py:656} WARNING - No viable dags retrieved from /home/airflow/.local/lib/python3.6/site-packages/airflow/example_dags/subdags/subdag.py
[2026-07-22 12:24:09,191] {processor.py:171} INFO - Processing /home/airflow/.local/lib/python3.6/site-packages/airflow/example_dags/subdags/subdag.py took 0.074 seconds
[2026-07-22 12:24:40,082] {processor.py:163} INFO - Started process (PID=761) to work on /home/airflow/.local/lib/python3.6/site-packages/airflow/example_dags/subdags/subdag.py
[2026-07-22 12:24:40,084] {processor.py:642} INFO - Processing file /home/airflow/.local/lib/python3.6/site-packages/airflow/example_dags/subdags/subdag.py for tasks to queue
[2026-07-22 12:24:40,086] {logging_mixin.py:109} INFO - [2026-07-22 12:24:40,086] {dagbag.py:500} INFO - Filling up the DagBag from /home/airflow/.local/lib/python3.6/site-packages/airflow/example_dags/subdags/subdag.py
[2026-07-22 12:24:40,113] {processor.py:656} WARNING - No viable dags retrieved from /home/airflow/.local/lib/python3.6/site-packages/airflow/example_dags/subdags/subdag.py
[2026-07-22 12:24:40,118] {processor.py:171} INFO - Processing /home/airflow/.local/lib/python3.6/site-packages/airflow/example_dags/subdags/subdag.py took 0.040 seconds
[2026-07-22 12:25:10,452] {processor.py:163} INFO - Started process (PID=814) to work on /home/airflow/.local/lib/python3.6/site-packages/airflow/example_dags/subdags/subdag.py
[2026-07-22 12:25:10,454] {processor.py:642} INFO - Processing file /home/airflow/.local/lib/python3.6/site-packages/airflow/example_dags/subdags/subdag.py for tasks to queue
[2026-07-22 12:25:10,456] {logging_mixin.py:109} INFO - [2026-07-22 12:25:10,456] {dagbag.py:500} INFO - Filling up the DagBag from /home/airflow/.local/lib/python3.6/site-packages/airflow/example_dags/subdags/subdag.py
[2026-07-22 12:25:10,480] {processor.py:656} WARNING - No viable dags retrieved from /home/airflow/.local/lib/python3.6/site-packages/airflow/example_dags/subdags/subdag.py
[2026-07-22 12:25:10,486] {processor.py:171} INFO - Processing /home/airflow/.local/lib/python3.6/site-packages/airflow/example_dags/subdags/subdag.py took 0.038 seconds
[2026-07-22 12:25:41,549] {processor.py:163} INFO - Started process (PID=866) to work on /home/airflow/.local/lib/python3.6/site-packages/airflow/example_dags/subdags/subdag.py
[2026-07-22 12:25:41,553] {processor.py:642} INFO - Processing file /home/airflow/.local/lib/python3.6/site-packages/airflow/example_dags/subdags/subdag.py for tasks to queue
[2026-07-22 12:25:41,561] {logging_mixin.py:109} INFO - [2026-07-22 12:25:41,560] {dagbag.py:500} INFO - Filling up the DagBag from /home/airflow/.local/lib/python3.6/site-packages/airflow/example_dags/subdags/subdag.py
[2026-07-22 12:25:41,619] {processor.py:656} WARNING - No viable dags retrieved from /home/airflow/.local/lib/python3.6/site-packages/airflow/example_dags/subdags/subdag.py
[2026-07-22 12:25:41,628] {processor.py:171} INFO - Processing /home/airflow/.local/lib/python3.6/site-packages/airflow/example_dags/subdags/subdag.py took 0.087 seconds
[2026-07-22 12:26:13,059] {processor.py:163} INFO - Started process (PID=921) to work on /home/airflow/.local/lib/python3.6/site-packages/airflow/example_dags/subdags/subdag.py
[2026-07-22 12:26:13,062] {processor.py:642} INFO - Processing file /home/airflow/.local/lib/python3.6/site-packages/airflow/example_dags/subdags/subdag.py for tasks to queue
[2026-07-22 12:26:13,066] {logging_mixin.py:109} INFO - [2026-07-22 12:26:13,065] {dagbag.py:500} INFO - Filling up the DagBag from /home/airflow/.local/lib/python3.6/site-packages/airflow/example_dags/subdags/subdag.py
[2026-07-22 12:26:13,108] {processor.py:656} WARNING - No viable dags retrieved from /home/airflow/.local/lib/python3.6/site-packages/airflow/example_dags/subdags/subdag.py
[2026-07-22 12:26:13,116] {processor.py:171} INFO - Processing /home/airflow/.local/lib/python3.6/site-packages/airflow/example_dags/subdags/subdag.py took 0.063 seconds
[2026-07-22 12:26:44,509] {processor.py:163} INFO - Started process (PID=983) to work on /home/airflow/.local/lib/python3.6/site-packages/airflow/example_dags/subdags/subdag.py
[2026-07-22 12:26:44,514] {processor.py:642} INFO - Processing file /home/airflow/.local/lib/python3.6/site-packages/airflow/example_dags/subdags/subdag.py for tasks to queue
[2026-07-22 12:26:44,517] {logging_mixin.py:109} INFO - [2026-07-22 12:26:44,516] {dagbag.py:500} INFO - Filling up the DagBag from /home/airflow/.local/lib/python3.6/site-packages/airflow/example_dags/subdags/subdag.py
[2026-07-22 12:26:44,570] {processor.py:656} WARNING - No viable dags retrieved from /home/airflow/.local/lib/python3.6/site-packages/airflow/example_dags/subdags/subdag.py
[2026-07-22 12:26:44,581] {processor.py:171} INFO - Processing /home/airflow/.local/lib/python3.6/site-packages/airflow/example_dags/subdags/subdag.py took 0.087 seconds
[2026-07-22 12:27:15,526] {processor.py:163} INFO - Started process (PID=1035) to work on /home/airflow/.local/lib/python3.6/site-packages/airflow/example_dags/subdags/subdag.py
[2026-07-22 12:27:15,529] {processor.py:642} INFO - Processing file /home/airflow/.local/lib/python3.6/site-packages/airflow/example_dags/subdags/subdag.py for tasks to queue
[2026-07-22 12:27:15,532] {logging_mixin.py:109} INFO - [2026-07-22 12:27:15,532] {dagbag.py:500} INFO - Filling up the DagBag from /home/airflow/.local/lib/python3.6/site-packages/airflow/example_dags/subdags/subdag.py
[2026-07-22 12:27:15,577] {processor.py:656} WARNING - No viable dags retrieved from /home/airflow/.local/lib/python3.6/site-packages/airflow/example_dags/subdags/subdag.py
[2026-07-22 12:27:15,593] {processor.py:171} INFO - Processing /home/airflow/.local/lib/python3.6/site-packages/airflow/example_dags/subdags/subdag.py took 0.074 seconds
[2026-07-22 12:27:45,902] {processor.py:163} INFO - Started process (PID=1077) to work on /home/airflow/.local/lib/python3.6/site-packages/airflow/example_dags/subdags/subdag.py
[2026-07-22 12:27:45,908] {processor.py:642} INFO - Processing file /home/airflow/.local/lib/python3.6/site-packages/airflow/example_dags/subdags/subdag.py for tasks to queue
[2026-07-22 12:27:45,910] {logging_mixin.py:109} INFO - [2026-07-22 12:27:45,910] {dagbag.py:500} INFO - Filling up the DagBag from /home/airflow/.local/lib/python3.6/site-packages/airflow/example_dags/subdags/subdag.py
[2026-07-22 12:27:45,943] {processor.py:656} WARNING - No viable dags retrieved from /home/airflow/.local/lib/python3.6/site-packages/airflow/example_dags/subdags/subdag.py
[2026-07-22 12:27:45,949] {processor.py:171} INFO - Processing /home/airflow/.local/lib/python3.6/site-packages/airflow/example_dags/subdags/subdag.py took 0.054 seconds
[2026-07-22 12:28:17,459] {processor.py:163} INFO - Started process (PID=1132) to work on /home/airflow/.local/lib/python3.6/site-packages/airflow/example_dags/subdags/subdag.py
[2026-07-22 12:28:17,462] {processor.py:642} INFO - Processing file /home/airflow/.local/lib/python3.6/site-packages/airflow/example_dags/subdags/subdag.py for tasks to queue
[2026-07-22 12:28:17,465] {logging_mixin.py:109} INFO - [2026-07-22 12:28:17,464] {dagbag.py:500} INFO - Filling up the DagBag from /home/airflow/.local/lib/python3.6/site-packages/airflow/example_dags/subdags/subdag.py
[2026-07-22 12:28:17,528] {processor.py:656} WARNING - No viable dags retrieved from /home/airflow/.local/lib/python3.6/site-packages/airflow/example_dags/subdags/subdag.py
[2026-07-22 12:28:17,538] {processor.py:171} INFO - Processing /home/airflow/.local/lib/python3.6/site-packages/airflow/example_dags/subdags/subdag.py took 0.091 seconds
[2026-07-22 12:28:47,687] {processor.py:163} INFO - Started process (PID=1192) to work on /home/airflow/.local/lib/python3.6/site-packages/airflow/example_dags/subdags/subdag.py
[2026-07-22 12:28:47,690] {processor.py:642} INFO - Processing file /home/airflow/.local/lib/python3.6/site-packages/airflow/example_dags/subdags/subdag.py for tasks to queue
[2026-07-22 12:28:47,693] {logging_mixin.py:109} INFO - [2026-07-22 12:28:47,693] {dagbag.py:500} INFO - Filling up the DagBag from /home/airflow/.local/lib/python3.6/site-packages/airflow/example_dags/subdags/subdag.py
[2026-07-22 12:28:47,726] {processor.py:656} WARNING - No viable dags retrieved from /home/airflow/.local/lib/python3.6/site-packages/airflow/example_dags/subdags/subdag.py
[2026-07-22 12:28:47,732] {processor.py:171} INFO - Processing /home/airflow/.local/lib/python3.6/site-packages/airflow/example_dags/subdags/subdag.py took 0.052 seconds
[2026-07-22 12:29:18,201] {processor.py:163} INFO - Started process (PID=1247) to work on /home/airflow/.local/lib/python3.6/site-packages/airflow/example_dags/subdags/subdag.py
[2026-07-22 12:29:18,205] {processor.py:642} INFO - Processing file /home/airflow/.local/lib/python3.6/site-packages/airflow/example_dags/subdags/subdag.py for tasks to queue
[2026-07-22 12:29:18,207] {logging_mixin.py:109} INFO - [2026-07-22 12:29:18,207] {dagbag.py:500} INFO - Filling up the DagBag from /home/airflow/.local/lib/python3.6/site-packages/airflow/example_dags/subdags/subdag.py
[2026-07-22 12:29:18,248] {processor.py:656} WARNING - No viable dags retrieved from /home/airflow/.local/lib/python3.6/site-packages/airflow/example_dags/subdags/subdag.py
[2026-07-22 12:29:18,256] {processor.py:171} INFO - Processing /home/airflow/.local/lib/python3.6/site-packages/airflow/example_dags/subdags/subdag.py took 0.062 seconds
[2026-07-22 12:29:48,474] {processor.py:163} INFO - Started process (PID=1300) to work on /home/airflow/.local/lib/python3.6/site-packages/airflow/example_dags/subdags/subdag.py
[2026-07-22 12:29:48,477] {processor.py:642} INFO - Processing file /home/airflow/.local/lib/python3.6/site-packages/airflow/example_dags/subdags/subdag.py for tasks to queue
[2026-07-22 12:29:48,479] {logging_mixin.py:109} INFO - [2026-07-22 12:29:48,478] {dagbag.py:500} INFO - Filling up the DagBag from /home/airflow/.local/lib/python3.6/site-packages/airflow/example_dags/subdags/subdag.py
[2026-07-22 12:29:48,520] {processor.py:656} WARNING - No viable dags retrieved from /home/airflow/.local/lib/python3.6/site-packages/airflow/example_dags/subdags/subdag.py
[2026-07-22 12:29:48,528] {processor.py:171} INFO - Processing /home/airflow/.local/lib/python3.6/site-packages/airflow/example_dags/subdags/subdag.py took 0.061 seconds
[2026-07-22 12:30:18,961] {processor.py:163} INFO - Started process (PID=1352) to work on /home/airflow/.local/lib/python3.6/site-packages/airflow/example_dags/subdags/subdag.py
[2026-07-22 12:30:18,964] {processor.py:642} INFO - Processing file /home/airflow/.local/lib/python3.6/site-packages/airflow/example_dags/subdags/subdag.py for tasks to queue
[2026-07-22 12:30:18,966] {logging_mixin.py:109} INFO - [2026-07-22 12:30:18,966] {dagbag.py:500} INFO - Filling up the DagBag from /home/airflow/.local/lib/python3.6/site-packages/airflow/example_dags/subdags/subdag.py
[2026-07-22 12:30:18,994] {processor.py:656} WARNING - No viable dags retrieved from /home/airflow/.local/lib/python3.6/site-packages/airflow/example_dags/subdags/subdag.py
[2026-07-22 12:30:19,001] {processor.py:171} INFO - Processing /home/airflow/.local/lib/python3.6/site-packages/airflow/example_dags/subdags/subdag.py took 0.044 seconds
[2026-07-22 12:30:49,158] {processor.py:163} INFO - Started process (PID=1404) to work on /home/airflow/.local/lib/python3.6/site-packages/airflow/example_dags/subdags/subdag.py
[2026-07-22 12:30:49,161] {processor.py:642} INFO - Processing file /home/airflow/.local/lib/python3.6/site-packages/airflow/example_dags/subdags/subdag.py for tasks to queue
[2026-07-22 12:30:49,164] {logging_mixin.py:109} INFO - [2026-07-22 12:30:49,163] {dagbag.py:500} INFO - Filling up the DagBag from /home/airflow/.local/lib/python3.6/site-packages/airflow/example_dags/subdags/subdag.py
[2026-07-22 12:30:49,197] {processor.py:656} WARNING - No viable dags retrieved from /home/airflow/.local/lib/python3.6/site-packages/airflow/example_dags/subdags/subdag.py
[2026-07-22 12:30:49,203] {processor.py:171} INFO - Processing /home/airflow/.local/lib/python3.6/site-packages/airflow/example_dags/subdags/subdag.py took 0.051 seconds
[2026-07-22 12:31:19,540] {processor.py:163} INFO - Started process (PID=1456) to work on /home/airflow/.local/lib/python3.6/site-packages/airflow/example_dags/subdags/subdag.py
[2026-07-22 12:31:19,542] {processor.py:642} INFO - Processing file /home/airflow/.local/lib/python3.6/site-packages/airflow/example_dags/subdags/subdag.py for tasks to queue
[2026-07-22 12:31:19,544] {logging_mixin.py:109} INFO - [2026-07-22 12:31:19,544] {dagbag.py:500} INFO - Filling up the DagBag from /home/airflow/.local/lib/python3.6/site-packages/airflow/example_dags/subdags/subdag.py
[2026-07-22 12:31:19,572] {processor.py:656} WARNING - No viable dags retrieved from /home/airflow/.local/lib/python3.6/site-packages/airflow/example_dags/subdags/subdag.py
[2026-07-22 12:31:19,579] {processor.py:171} INFO - Processing /home/airflow/.local/lib/python3.6/site-packages/airflow/example_dags/subdags/subdag.py took 0.043 seconds
[2026-07-22 12:31:49,701] {processor.py:163} INFO - Started process (PID=1507) to work on /home/airflow/.local/lib/python3.6/site-packages/airflow/example_dags/subdags/subdag.py
[2026-07-22 12:31:49,705] {processor.py:642} INFO - Processing file /home/airflow/.local/lib/python3.6/site-packages/airflow/example_dags/subdags/subdag.py for tasks to queue
[2026-07-22 12:31:49,708] {logging_mixin.py:109} INFO - [2026-07-22 12:31:49,708] {dagbag.py:500} INFO - Filling up the DagBag from /home/airflow/.local/lib/python3.6/site-packages/airflow/example_dags/subdags/subdag.py
[2026-07-22 12:31:49,757] {processor.py:656} WARNING - No viable dags retrieved from /home/airflow/.local/lib/python3.6/site-packages/airflow/example_dags/subdags/subdag.py
[2026-07-22 12:31:49,766] {processor.py:171} INFO - Processing /home/airflow/.local/lib/python3.6/site-packages/airflow/example_dags/subdags/subdag.py took 0.075 seconds
[2026-07-22 12:32:20,807] {processor.py:163} INFO - Started process (PID=1560) to work on /home/airflow/.local/lib/python3.6/site-packages/airflow/example_dags/subdags/subdag.py
[2026-07-22 12:32:20,810] {processor.py:642} INFO - Processing file /home/airflow/.local/lib/python3.6/site-packages/airflow/example_dags/subdags/subdag.py for tasks to queue
[2026-07-22 12:32:20,812] {logging_mixin.py:109} INFO - [2026-07-22 12:32:20,811] {dagbag.py:500} INFO - Filling up the DagBag from /home/airflow/.local/lib/python3.6/site-packages/airflow/example_dags/subdags/subdag.py
[2026-07-22 12:32:20,840] {processor.py:656} WARNING - No viable dags retrieved from /home/airflow/.local/lib/python3.6/site-packages/airflow/example_dags/subdags/subdag.py
[2026-07-22 12:32:20,847] {processor.py:171} INFO - Processing /home/airflow/.local/lib/python3.6/site-packages/airflow/example_dags/subdags/subdag.py took 0.046 seconds
[2026-07-22 12:32:51,597] {processor.py:163} INFO - Started process (PID=1623) to work on /home/airflow/.local/lib/python3.6/site-packages/airflow/example_dags/subdags/subdag.py
[2026-07-22 12:32:51,599] {processor.py:642} INFO - Processing file /home/airflow/.local/lib/python3.6/site-packages/airflow/example_dags/subdags/subdag.py for tasks to queue
[2026-07-22 12:32:51,601] {logging_mixin.py:109} INFO - [2026-07-22 12:32:51,601] {dagbag.py:500} INFO - Filling up the DagBag from /home/airflow/.local/lib/python3.6/site-packages/airflow/example_dags/subdags/subdag.py
[2026-07-22 12:32:51,627] {processor.py:656} WARNING - No viable dags retrieved from /home/airflow/.local/lib/python3.6/site-packages/airflow/example_dags/subdags/subdag.py
[2026-07-22 12:32:51,632] {processor.py:171} INFO - Processing /home/airflow/.local/lib/python3.6/site-packages/airflow/example_dags/subdags/subdag.py took 0.039 seconds
[2026-07-22 12:33:21,972] {processor.py:163} INFO - Started process (PID=1675) to work on /home/airflow/.local/lib/python3.6/site-packages/airflow/example_dags/subdags/subdag.py
[2026-07-22 12:33:21,974] {processor.py:642} INFO - Processing file /home/airflow/.local/lib/python3.6/site-packages/airflow/example_dags/subdags/subdag.py for tasks to queue
[2026-07-22 12:33:21,976] {logging_mixin.py:109} INFO - [2026-07-22 12:33:21,976] {dagbag.py:500} INFO - Filling up the DagBag from /home/airflow/.local/lib/python3.6/site-packages/airflow/example_dags/subdags/subdag.py
[2026-07-22 12:33:22,007] {processor.py:656} WARNING - No viable dags retrieved from /home/airflow/.local/lib/python3.6/site-packages/airflow/example_dags/subdags/subdag.py
[2026-07-22 12:33:22,014] {processor.py:171} INFO - Processing /home/airflow/.local/lib/python3.6/site-packages/airflow/example_dags/subdags/subdag.py took 0.049 seconds
[2026-07-22 12:33:52,478] {processor.py:163} INFO - Started process (PID=1727) to work on /home/airflow/.local/lib/python3.6/site-packages/airflow/example_dags/subdags/subdag.py
[2026-07-22 12:33:52,480] {processor.py:642} INFO - Processing file /home/airflow/.local/lib/python3.6/site-packages/airflow/example_dags/subdags/subdag.py for tasks to queue
[2026-07-22 12:33:52,483] {logging_mixin.py:109} INFO - [2026-07-22 12:33:52,482] {dagbag.py:500} INFO - Filling up the DagBag from /home/airflow/.local/lib/python3.6/site-packages/airflow/example_dags/subdags/subdag.py
[2026-07-22 12:33:52,517] {processor.py:656} WARNING - No viable dags retrieved from /home/airflow/.local/lib/python3.6/site-packages/airflow/example_dags/subdags/subdag.py
[2026-07-22 12:33:52,523] {processor.py:171} INFO - Processing /home/airflow/.local/lib/python3.6/site-packages/airflow/example_dags/subdags/subdag.py took 0.050 seconds
[2026-07-22 12:34:23,644] {processor.py:163} INFO - Started process (PID=1786) to work on /home/airflow/.local/lib/python3.6/site-packages/airflow/example_dags/subdags/subdag.py
[2026-07-22 12:34:23,649] {processor.py:642} INFO - Processing file /home/airflow/.local/lib/python3.6/site-packages/airflow/example_dags/subdags/subdag.py for tasks to queue
[2026-07-22 12:34:23,652] {logging_mixin.py:109} INFO - [2026-07-22 12:34:23,652] {dagbag.py:500} INFO - Filling up the DagBag from /home/airflow/.local/lib/python3.6/site-packages/airflow/example_dags/subdags/subdag.py
[2026-07-22 12:34:23,707] {processor.py:656} WARNING - No viable dags retrieved from /home/airflow/.local/lib/python3.6/site-packages/airflow/example_dags/subdags/subdag.py
[2026-07-22 12:34:23,719] {processor.py:171} INFO - Processing /home/airflow/.local/lib/python3.6/site-packages/airflow/example_dags/subdags/subdag.py took 0.086 seconds
[2026-07-22 12:34:54,231] {processor.py:163} INFO - Started process (PID=1842) to work on /home/airflow/.local/lib/python3.6/site-packages/airflow/example_dags/subdags/subdag.py
[2026-07-22 12:34:54,234] {processor.py:642} INFO - Processing file /home/airflow/.local/lib/python3.6/site-packages/airflow/example_dags/subdags/subdag.py for tasks to queue
[2026-07-22 12:34:54,237] {logging_mixin.py:109} INFO - [2026-07-22 12:34:54,237] {dagbag.py:500} INFO - Filling up the DagBag from /home/airflow/.local/lib/python3.6/site-packages/airflow/example_dags/subdags/subdag.py
[2026-07-22 12:34:54,282] {processor.py:656} WARNING - No viable dags retrieved from /home/airflow/.local/lib/python3.6/site-packages/airflow/example_dags/subdags/subdag.py
[2026-07-22 12:34:54,292] {processor.py:171} INFO - Processing /home/airflow/.local/lib/python3.6/site-packages/airflow/example_dags/subdags/subdag.py took 0.068 seconds
[2026-07-22 12:35:24,998] {processor.py:163} INFO - Started process (PID=1894) to work on /home/airflow/.local/lib/python3.6/site-packages/airflow/example_dags/subdags/subdag.py
[2026-07-22 12:35:25,000] {processor.py:642} INFO - Processing file /home/airflow/.local/lib/python3.6/site-packages/airflow/example_dags/subdags/subdag.py for tasks to queue
[2026-07-22 12:35:25,002] {logging_mixin.py:109} INFO - [2026-07-22 12:35:25,002] {dagbag.py:500} INFO - Filling up the DagBag from /home/airflow/.local/lib/python3.6/site-packages/airflow/example_dags/subdags/subdag.py
[2026-07-22 12:35:25,027] {processor.py:656} WARNING - No viable dags retrieved from /home/airflow/.local/lib/python3.6/site-packages/airflow/example_dags/subdags/subdag.py
[2026-07-22 12:35:25,033] {processor.py:171} INFO - Processing /home/airflow/.local/lib/python3.6/site-packages/airflow/example_dags/subdags/subdag.py took 0.040 seconds
[2026-07-22 12:35:55,249] {processor.py:163} INFO - Started process (PID=1946) to work on /home/airflow/.local/lib/python3.6/site-packages/airflow/example_dags/subdags/subdag.py
[2026-07-22 12:35:55,252] {processor.py:642} INFO - Processing file /home/airflow/.local/lib/python3.6/site-packages/airflow/example_dags/subdags/subdag.py for tasks to queue
[2026-07-22 12:35:55,254] {logging_mixin.py:109} INFO - [2026-07-22 12:35:55,253] {dagbag.py:500} INFO - Filling up the DagBag from /home/airflow/.local/lib/python3.6/site-packages/airflow/example_dags/subdags/subdag.py
[2026-07-22 12:35:55,277] {processor.py:656} WARNING - No viable dags retrieved from /home/airflow/.local/lib/python3.6/site-packages/airflow/example_dags/subdags/subdag.py
[2026-07-22 12:35:55,282] {processor.py:171} INFO - Processing /home/airflow/.local/lib/python3.6/site-packages/airflow/example_dags/subdags/subdag.py took 0.037 seconds
[2026-07-22 12:36:25,576] {processor.py:163} INFO - Started process (PID=1999) to work on /home/airflow/.local/lib/python3.6/site-packages/airflow/example_dags/subdags/subdag.py
[2026-07-22 12:36:25,578] {processor.py:642} INFO - Processing file /home/airflow/.local/lib/python3.6/site-packages/airflow/example_dags/subdags/subdag.py for tasks to queue
[2026-07-22 12:36:25,580] {logging_mixin.py:109} INFO - [2026-07-22 12:36:25,580] {dagbag.py:500} INFO - Filling up the DagBag from /home/airflow/.local/lib/python3.6/site-packages/airflow/example_dags/subdags/subdag.py
[2026-07-22 12:36:25,604] {processor.py:656} WARNING - No viable dags retrieved from /home/airflow/.local/lib/python3.6/site-packages/airflow/example_dags/subdags/subdag.py
[2026-07-22 12:36:25,611] {processor.py:171} INFO - Processing /home/airflow/.local/lib/python3.6/site-packages/airflow/example_dags/subdags/subdag.py took 0.038 seconds
[2026-07-22 12:36:55,900] {processor.py:163} INFO - Started process (PID=2051) to work on /home/airflow/.local/lib/python3.6/site-packages/airflow/example_dags/subdags/subdag.py
[2026-07-22 12:36:55,902] {processor.py:642} INFO - Processing file /home/airflow/.local/lib/python3.6/site-packages/airflow/example_dags/subdags/subdag.py for tasks to queue
[2026-07-22 12:36:55,904] {logging_mixin.py:109} INFO - [2026-07-22 12:36:55,904] {dagbag.py:500} INFO - Filling up the DagBag from /home/airflow/.local/lib/python3.6/site-packages/airflow/example_dags/subdags/subdag.py
[2026-07-22 12:36:55,931] {processor.py:656} WARNING - No viable dags retrieved from /home/airflow/.local/lib/python3.6/site-packages/airflow/example_dags/subdags/subdag.py
[2026-07-22 12:36:55,938] {processor.py:171} INFO - Processing /home/airflow/.local/lib/python3.6/site-packages/airflow/example_dags/subdags/subdag.py took 0.043 seconds
[2026-07-22 12:37:27,142] {processor.py:163} INFO - Started process (PID=2115) to work on /home/airflow/.local/lib/python3.6/site-packages/airflow/example_dags/subdags/subdag.py
[2026-07-22 12:37:27,144] {processor.py:642} INFO - Processing file /home/airflow/.local/lib/python3.6/site-packages/airflow/example_dags/subdags/subdag.py for tasks to queue
[2026-07-22 12:37:27,146] {logging_mixin.py:109} INFO - [2026-07-22 12:37:27,146] {dagbag.py:500} INFO - Filling up the DagBag from /home/airflow/.local/lib/python3.6/site-packages/airflow/example_dags/subdags/subdag.py
[2026-07-22 12:37:27,170] {processor.py:656} WARNING - No viable dags retrieved from /home/airflow/.local/lib/python3.6/site-packages/airflow/example_dags/subdags/subdag.py
[2026-07-22 12:37:27,175] {processor.py:171} INFO - Processing /home/airflow/.local/lib/python3.6/site-packages/airflow/example_dags/subdags/subdag.py took 0.037 seconds
[2026-07-22 12:37:57,842] {processor.py:163} INFO - Started process (PID=2167) to work on /home/airflow/.local/lib/python3.6/site-packages/airflow/example_dags/subdags/subdag.py
[2026-07-22 12:37:57,845] {processor.py:642} INFO - Processing file /home/airflow/.local/lib/python3.6/site-packages/airflow/example_dags/subdags/subdag.py for tasks to queue
[2026-07-22 12:37:57,847] {logging_mixin.py:109} INFO - [2026-07-22 12:37:57,847] {dagbag.py:500} INFO - Filling up the DagBag from /home/airflow/.local/lib/python3.6/site-packages/airflow/example_dags/subdags/subdag.py
[2026-07-22 12:37:57,879] {processor.py:656} WARNING - No viable dags retrieved from /home/airflow/.local/lib/python3.6/site-packages/airflow/example_dags/subdags/subdag.py
[2026-07-22 12:37:57,884] {processor.py:171} INFO - Processing /home/airflow/.local/lib/python3.6/site-packages/airflow/example_dags/subdags/subdag.py took 0.046 seconds
[2026-07-22 12:38:28,985] {processor.py:163} INFO - Started process (PID=2219) to work on /home/airflow/.local/lib/python3.6/site-packages/airflow/example_dags/subdags/subdag.py
[2026-07-22 12:38:28,987] {processor.py:642} INFO - Processing file /home/airflow/.local/lib/python3.6/site-packages/airflow/example_dags/subdags/subdag.py for tasks to queue
[2026-07-22 12:38:28,989] {logging_mixin.py:109} INFO - [2026-07-22 12:38:28,989] {dagbag.py:500} INFO - Filling up the DagBag from /home/airflow/.local/lib/python3.6/site-packages/airflow/example_dags/subdags/subdag.py
[2026-07-22 12:38:29,029] {processor.py:656} WARNING - No viable dags retrieved from /home/airflow/.local/lib/python3.6/site-packages/airflow/example_dags/subdags/subdag.py
[2026-07-22 12:38:29,037] {processor.py:171} INFO - Processing /home/airflow/.local/lib/python3.6/site-packages/airflow/example_dags/subdags/subdag.py took 0.059 seconds
[2026-07-22 12:39:00,199] {processor.py:163} INFO - Started process (PID=2271) to work on /home/airflow/.local/lib/python3.6/site-packages/airflow/example_dags/subdags/subdag.py
[2026-07-22 12:39:00,202] {processor.py:642} INFO - Processing file /home/airflow/.local/lib/python3.6/site-packages/airflow/example_dags/subdags/subdag.py for tasks to queue
[2026-07-22 12:39:00,204] {logging_mixin.py:109} INFO - [2026-07-22 12:39:00,204] {dagbag.py:500} INFO - Filling up the DagBag from /home/airflow/.local/lib/python3.6/site-packages/airflow/example_dags/subdags/subdag.py
[2026-07-22 12:39:00,242] {processor.py:656} WARNING - No viable dags retrieved from /home/airflow/.local/lib/python3.6/site-packages/airflow/example_dags/subdags/subdag.py
[2026-07-22 12:39:00,249] {processor.py:171} INFO - Processing /home/airflow/.local/lib/python3.6/site-packages/airflow/example_dags/subdags/subdag.py took 0.055 seconds
[2026-07-22 12:39:30,655] {processor.py:163} INFO - Started process (PID=2324) to work on /home/airflow/.local/lib/python3.6/site-packages/airflow/example_dags/subdags/subdag.py
[2026-07-22 12:39:30,658] {processor.py:642} INFO - Processing file /home/airflow/.local/lib/python3.6/site-packages/airflow/example_dags/subdags/subdag.py for tasks to queue
[2026-07-22 12:39:30,662] {logging_mixin.py:109} INFO - [2026-07-22 12:39:30,662] {dagbag.py:500} INFO - Filling up the DagBag from /home/airflow/.local/lib/python3.6/site-packages/airflow/example_dags/subdags/subdag.py
[2026-07-22 12:39:30,706] {processor.py:656} WARNING - No viable dags retrieved from /home/airflow/.local/lib/python3.6/site-packages/airflow/example_dags/subdags/subdag.py
[2026-07-22 12:39:30,714] {processor.py:171} INFO - Processing /home/airflow/.local/lib/python3.6/site-packages/airflow/example_dags/subdags/subdag.py took 0.066 seconds
[2026-07-22 12:40:01,319] {processor.py:163} INFO - Started process (PID=2385) to work on /home/airflow/.local/lib/python3.6/site-packages/airflow/example_dags/subdags/subdag.py
[2026-07-22 12:40:01,322] {processor.py:642} INFO - Processing file /home/airflow/.local/lib/python3.6/site-packages/airflow/example_dags/subdags/subdag.py for tasks to queue
[2026-07-22 12:40:01,325] {logging_mixin.py:109} INFO - [2026-07-22 12:40:01,325] {dagbag.py:500} INFO - Filling up the DagBag from /home/airflow/.local/lib/python3.6/site-packages/airflow/example_dags/subdags/subdag.py
[2026-07-22 12:40:01,364] {processor.py:656} WARNING - No viable dags retrieved from /home/airflow/.local/lib/python3.6/site-packages/airflow/example_dags/subdags/subdag.py
[2026-07-22 12:40:01,372] {processor.py:171} INFO - Processing /home/airflow/.local/lib/python3.6/site-packages/airflow/example_dags/subdags/subdag.py took 0.059 seconds
[2026-07-22 12:40:31,651] {processor.py:163} INFO - Started process (PID=2437) to work on /home/airflow/.local/lib/python3.6/site-packages/airflow/example_dags/subdags/subdag.py
[2026-07-22 12:40:31,655] {processor.py:642} INFO - Processing file /home/airflow/.local/lib/python3.6/site-packages/airflow/example_dags/subdags/subdag.py for tasks to queue
[2026-07-22 12:40:31,658] {logging_mixin.py:109} INFO - [2026-07-22 12:40:31,658] {dagbag.py:500} INFO - Filling up the DagBag from /home/airflow/.local/lib/python3.6/site-packages/airflow/example_dags/subdags/subdag.py
[2026-07-22 12:40:31,707] {processor.py:656} WARNING - No viable dags retrieved from /home/airflow/.local/lib/python3.6/site-packages/airflow/example_dags/subdags/subdag.py
[2026-07-22 12:40:31,718] {processor.py:171} INFO - Processing /home/airflow/.local/lib/python3.6/site-packages/airflow/example_dags/subdags/subdag.py took 0.076 seconds
[2026-07-22 12:41:02,680] {processor.py:163} INFO - Started process (PID=2489) to work on /home/airflow/.local/lib/python3.6/site-packages/airflow/example_dags/subdags/subdag.py
[2026-07-22 12:41:02,685] {processor.py:642} INFO - Processing file /home/airflow/.local/lib/python3.6/site-packages/airflow/example_dags/subdags/subdag.py for tasks to queue
[2026-07-22 12:41:02,688] {logging_mixin.py:109} INFO - [2026-07-22 12:41:02,688] {dagbag.py:500} INFO - Filling up the DagBag from /home/airflow/.local/lib/python3.6/site-packages/airflow/example_dags/subdags/subdag.py
[2026-07-22 12:41:02,766] {processor.py:656} WARNING - No viable dags retrieved from /home/airflow/.local/lib/python3.6/site-packages/airflow/example_dags/subdags/subdag.py
[2026-07-22 12:41:02,786] {processor.py:171} INFO - Processing /home/airflow/.local/lib/python3.6/site-packages/airflow/example_dags/subdags/subdag.py took 0.114 seconds
[2026-07-22 12:41:33,227] {processor.py:163} INFO - Started process (PID=2541) to work on /home/airflow/.local/lib/python3.6/site-packages/airflow/example_dags/subdags/subdag.py
[2026-07-22 12:41:33,229] {processor.py:642} INFO - Processing file /home/airflow/.local/lib/python3.6/site-packages/airflow/example_dags/subdags/subdag.py for tasks to queue
[2026-07-22 12:41:33,232] {logging_mixin.py:109} INFO - [2026-07-22 12:41:33,232] {dagbag.py:500} INFO - Filling up the DagBag from /home/airflow/.local/lib/python3.6/site-packages/airflow/example_dags/subdags/subdag.py
[2026-07-22 12:41:33,285] {processor.py:656} WARNING - No viable dags retrieved from /home/airflow/.local/lib/python3.6/site-packages/airflow/example_dags/subdags/subdag.py
[2026-07-22 12:41:33,293] {processor.py:171} INFO - Processing /home/airflow/.local/lib/python3.6/site-packages/airflow/example_dags/subdags/subdag.py took 0.072 seconds
[2026-07-22 12:42:04,128] {processor.py:163} INFO - Started process (PID=2594) to work on /home/airflow/.local/lib/python3.6/site-packages/airflow/example_dags/subdags/subdag.py
[2026-07-22 12:42:04,148] {processor.py:642} INFO - Processing file /home/airflow/.local/lib/python3.6/site-packages/airflow/example_dags/subdags/subdag.py for tasks to queue
[2026-07-22 12:42:04,155] {logging_mixin.py:109} INFO - [2026-07-22 12:42:04,155] {dagbag.py:500} INFO - Filling up the DagBag from /home/airflow/.local/lib/python3.6/site-packages/airflow/example_dags/subdags/subdag.py
[2026-07-22 12:42:04,250] {processor.py:656} WARNING - No viable dags retrieved from /home/airflow/.local/lib/python3.6/site-packages/airflow/example_dags/subdags/subdag.py
[2026-07-22 12:42:04,267] {processor.py:171} INFO - Processing /home/airflow/.local/lib/python3.6/site-packages/airflow/example_dags/subdags/subdag.py took 0.146 seconds
[2026-07-22 12:42:35,460] {processor.py:163} INFO - Started process (PID=2647) to work on /home/airflow/.local/lib/python3.6/site-packages/airflow/example_dags/subdags/subdag.py
[2026-07-22 12:42:35,464] {processor.py:642} INFO - Processing file /home/airflow/.local/lib/python3.6/site-packages/airflow/example_dags/subdags/subdag.py for tasks to queue
[2026-07-22 12:42:35,468] {logging_mixin.py:109} INFO - [2026-07-22 12:42:35,468] {dagbag.py:500} INFO - Filling up the DagBag from /home/airflow/.local/lib/python3.6/site-packages/airflow/example_dags/subdags/subdag.py
[2026-07-22 12:42:35,518] {processor.py:656} WARNING - No viable dags retrieved from /home/airflow/.local/lib/python3.6/site-packages/airflow/example_dags/subdags/subdag.py
[2026-07-22 12:42:35,529] {processor.py:171} INFO - Processing /home/airflow/.local/lib/python3.6/site-packages/airflow/example_dags/subdags/subdag.py took 0.079 seconds
[2026-07-22 12:43:06,157] {processor.py:163} INFO - Started process (PID=2707) to work on /home/airflow/.local/lib/python3.6/site-packages/airflow/example_dags/subdags/subdag.py
[2026-07-22 12:43:06,160] {processor.py:642} INFO - Processing file /home/airflow/.local/lib/python3.6/site-packages/airflow/example_dags/subdags/subdag.py for tasks to queue
[2026-07-22 12:43:06,162] {logging_mixin.py:109} INFO - [2026-07-22 12:43:06,162] {dagbag.py:500} INFO - Filling up the DagBag from /home/airflow/.local/lib/python3.6/site-packages/airflow/example_dags/subdags/subdag.py
[2026-07-22 12:43:06,195] {processor.py:656} WARNING - No viable dags retrieved from /home/airflow/.local/lib/python3.6/site-packages/airflow/example_dags/subdags/subdag.py
[2026-07-22 12:43:06,201] {processor.py:171} INFO - Processing /home/airflow/.local/lib/python3.6/site-packages/airflow/example_dags/subdags/subdag.py took 0.049 seconds
[2026-07-22 12:43:37,042] {processor.py:163} INFO - Started process (PID=2753) to work on /home/airflow/.local/lib/python3.6/site-packages/airflow/example_dags/subdags/subdag.py
[2026-07-22 12:43:37,046] {processor.py:642} INFO - Processing file /home/airflow/.local/lib/python3.6/site-packages/airflow/example_dags/subdags/subdag.py for tasks to queue
[2026-07-22 12:43:37,050] {logging_mixin.py:109} INFO - [2026-07-22 12:43:37,050] {dagbag.py:500} INFO - Filling up the DagBag from /home/airflow/.local/lib/python3.6/site-packages/airflow/example_dags/subdags/subdag.py
[2026-07-22 12:43:37,097] {processor.py:656} WARNING - No viable dags retrieved from /home/airflow/.local/lib/python3.6/site-packages/airflow/example_dags/subdags/subdag.py
[2026-07-22 12:43:37,104] {processor.py:171} INFO - Processing /home/airflow/.local/lib/python3.6/site-packages/airflow/example_dags/subdags/subdag.py took 0.070 seconds
[2026-07-22 12:44:07,906] {processor.py:163} INFO - Started process (PID=2815) to work on /home/airflow/.local/lib/python3.6/site-packages/airflow/example_dags/subdags/subdag.py
[2026-07-22 12:44:07,909] {processor.py:642} INFO - Processing file /home/airflow/.local/lib/python3.6/site-packages/airflow/example_dags/subdags/subdag.py for tasks to queue
[2026-07-22 12:44:07,911] {logging_mixin.py:109} INFO - [2026-07-22 12:44:07,911] {dagbag.py:500} INFO - Filling up the DagBag from /home/airflow/.local/lib/python3.6/site-packages/airflow/example_dags/subdags/subdag.py
[2026-07-22 12:44:07,942] {processor.py:656} WARNING - No viable dags retrieved from /home/airflow/.local/lib/python3.6/site-packages/airflow/example_dags/subdags/subdag.py
[2026-07-22 12:44:07,948] {processor.py:171} INFO - Processing /home/airflow/.local/lib/python3.6/site-packages/airflow/example_dags/subdags/subdag.py took 0.047 seconds
[2026-07-22 12:44:38,059] {processor.py:163} INFO - Started process (PID=2868) to work on /home/airflow/.local/lib/python3.6/site-packages/airflow/example_dags/subdags/subdag.py
[2026-07-22 12:44:38,062] {processor.py:642} INFO - Processing file /home/airflow/.local/lib/python3.6/site-packages/airflow/example_dags/subdags/subdag.py for tasks to queue
[2026-07-22 12:44:38,063] {logging_mixin.py:109} INFO - [2026-07-22 12:44:38,063] {dagbag.py:500} INFO - Filling up the DagBag from /home/airflow/.local/lib/python3.6/site-packages/airflow/example_dags/subdags/subdag.py
[2026-07-22 12:44:38,092] {processor.py:656} WARNING - No viable dags retrieved from /home/airflow/.local/lib/python3.6/site-packages/airflow/example_dags/subdags/subdag.py
[2026-07-22 12:44:38,097] {processor.py:171} INFO - Processing /home/airflow/.local/lib/python3.6/site-packages/airflow/example_dags/subdags/subdag.py took 0.042 seconds
[2026-07-22 12:45:08,448] {processor.py:163} INFO - Started process (PID=2920) to work on /home/airflow/.local/lib/python3.6/site-packages/airflow/example_dags/subdags/subdag.py
[2026-07-22 12:45:08,451] {processor.py:642} INFO - Processing file /home/airflow/.local/lib/python3.6/site-packages/airflow/example_dags/subdags/subdag.py for tasks to queue
[2026-07-22 12:45:08,455] {logging_mixin.py:109} INFO - [2026-07-22 12:45:08,455] {dagbag.py:500} INFO - Filling up the DagBag from /home/airflow/.local/lib/python3.6/site-packages/airflow/example_dags/subdags/subdag.py
[2026-07-22 12:45:08,490] {processor.py:656} WARNING - No viable dags retrieved from /home/airflow/.local/lib/python3.6/site-packages/airflow/example_dags/subdags/subdag.py
[2026-07-22 12:45:08,497] {processor.py:171} INFO - Processing /home/airflow/.local/lib/python3.6/site-packages/airflow/example_dags/subdags/subdag.py took 0.055 seconds
[2026-07-22 12:45:39,469] {processor.py:163} INFO - Started process (PID=2982) to work on /home/airflow/.local/lib/python3.6/site-packages/airflow/example_dags/subdags/subdag.py
[2026-07-22 12:45:39,472] {processor.py:642} INFO - Processing file /home/airflow/.local/lib/python3.6/site-packages/airflow/example_dags/subdags/subdag.py for tasks to queue
[2026-07-22 12:45:39,474] {logging_mixin.py:109} INFO - [2026-07-22 12:45:39,474] {dagbag.py:500} INFO - Filling up the DagBag from /home/airflow/.local/lib/python3.6/site-packages/airflow/example_dags/subdags/subdag.py
[2026-07-22 12:45:39,516] {processor.py:656} WARNING - No viable dags retrieved from /home/airflow/.local/lib/python3.6/site-packages/airflow/example_dags/subdags/subdag.py
[2026-07-22 12:45:39,523] {processor.py:171} INFO - Processing /home/airflow/.local/lib/python3.6/site-packages/airflow/example_dags/subdags/subdag.py took 0.061 seconds
[2026-07-22 12:46:10,143] {processor.py:163} INFO - Started process (PID=3035) to work on /home/airflow/.local/lib/python3.6/site-packages/airflow/example_dags/subdags/subdag.py
[2026-07-22 12:46:10,146] {processor.py:642} INFO - Processing file /home/airflow/.local/lib/python3.6/site-packages/airflow/example_dags/subdags/subdag.py for tasks to queue
[2026-07-22 12:46:10,149] {logging_mixin.py:109} INFO - [2026-07-22 12:46:10,148] {dagbag.py:500} INFO - Filling up the DagBag from /home/airflow/.local/lib/python3.6/site-packages/airflow/example_dags/subdags/subdag.py
[2026-07-22 12:46:10,188] {processor.py:656} WARNING - No viable dags retrieved from /home/airflow/.local/lib/python3.6/site-packages/airflow/example_dags/subdags/subdag.py
[2026-07-22 12:46:10,196] {processor.py:171} INFO - Processing /home/airflow/.local/lib/python3.6/site-packages/airflow/example_dags/subdags/subdag.py took 0.059 seconds
[2026-07-22 12:46:40,782] {processor.py:163} INFO - Started process (PID=3087) to work on /home/airflow/.local/lib/python3.6/site-packages/airflow/example_dags/subdags/subdag.py
[2026-07-22 12:46:40,785] {processor.py:642} INFO - Processing file /home/airflow/.local/lib/python3.6/site-packages/airflow/example_dags/subdags/subdag.py for tasks to queue
[2026-07-22 12:46:40,787] {logging_mixin.py:109} INFO - [2026-07-22 12:46:40,787] {dagbag.py:500} INFO - Filling up the DagBag from /home/airflow/.local/lib/python3.6/site-packages/airflow/example_dags/subdags/subdag.py
[2026-07-22 12:46:40,820] {processor.py:656} WARNING - No viable dags retrieved from /home/airflow/.local/lib/python3.6/site-packages/airflow/example_dags/subdags/subdag.py
[2026-07-22 12:46:40,830] {processor.py:171} INFO - Processing /home/airflow/.local/lib/python3.6/site-packages/airflow/example_dags/subdags/subdag.py took 0.054 seconds
[2026-07-22 12:47:11,162] {processor.py:163} INFO - Started process (PID=3139) to work on /home/airflow/.local/lib/python3.6/site-packages/airflow/example_dags/subdags/subdag.py
[2026-07-22 12:47:11,164] {processor.py:642} INFO - Processing file /home/airflow/.local/lib/python3.6/site-packages/airflow/example_dags/subdags/subdag.py for tasks to queue
[2026-07-22 12:47:11,166] {logging_mixin.py:109} INFO - [2026-07-22 12:47:11,166] {dagbag.py:500} INFO - Filling up the DagBag from /home/airflow/.local/lib/python3.6/site-packages/airflow/example_dags/subdags/subdag.py
[2026-07-22 12:47:11,199] {processor.py:656} WARNING - No viable dags retrieved from /home/airflow/.local/lib/python3.6/site-packages/airflow/example_dags/subdags/subdag.py
[2026-07-22 12:47:11,205] {processor.py:171} INFO - Processing /home/airflow/.local/lib/python3.6/site-packages/airflow/example_dags/subdags/subdag.py took 0.047 seconds
[2026-07-22 12:47:41,424] {processor.py:163} INFO - Started process (PID=3191) to work on /home/airflow/.local/lib/python3.6/site-packages/airflow/example_dags/subdags/subdag.py
[2026-07-22 12:47:41,427] {processor.py:642} INFO - Processing file /home/airflow/.local/lib/python3.6/site-packages/airflow/example_dags/subdags/subdag.py for tasks to queue
[2026-07-22 12:47:41,429] {logging_mixin.py:109} INFO - [2026-07-22 12:47:41,428] {dagbag.py:500} INFO - Filling up the DagBag from /home/airflow/.local/lib/python3.6/site-packages/airflow/example_dags/subdags/subdag.py
[2026-07-22 12:47:41,463] {processor.py:656} WARNING - No viable dags retrieved from /home/airflow/.local/lib/python3.6/site-packages/airflow/example_dags/subdags/subdag.py
[2026-07-22 12:47:41,470] {processor.py:171} INFO - Processing /home/airflow/.local/lib/python3.6/site-packages/airflow/example_dags/subdags/subdag.py took 0.050 seconds
[2026-07-22 12:48:12,251] {processor.py:163} INFO - Started process (PID=3253) to work on /home/airflow/.local/lib/python3.6/site-packages/airflow/example_dags/subdags/subdag.py
[2026-07-22 12:48:12,254] {processor.py:642} INFO - Processing file /home/airflow/.local/lib/python3.6/site-packages/airflow/example_dags/subdags/subdag.py for tasks to queue
[2026-07-22 12:48:12,256] {logging_mixin.py:109} INFO - [2026-07-22 12:48:12,256] {dagbag.py:500} INFO - Filling up the DagBag from /home/airflow/.local/lib/python3.6/site-packages/airflow/example_dags/subdags/subdag.py
[2026-07-22 12:48:12,292] {processor.py:656} WARNING - No viable dags retrieved from /home/airflow/.local/lib/python3.6/site-packages/airflow/example_dags/subdags/subdag.py
[2026-07-22 12:48:12,298] {processor.py:171} INFO - Processing /home/airflow/.local/lib/python3.6/site-packages/airflow/example_dags/subdags/subdag.py took 0.052 seconds
[2026-07-22 12:48:42,900] {processor.py:163} INFO - Started process (PID=3306) to work on /home/airflow/.local/lib/python3.6/site-packages/airflow/example_dags/subdags/subdag.py
[2026-07-22 12:48:42,902] {processor.py:642} INFO - Processing file /home/airflow/.local/lib/python3.6/site-packages/airflow/example_dags/subdags/subdag.py for tasks to queue
[2026-07-22 12:48:42,904] {logging_mixin.py:109} INFO - [2026-07-22 12:48:42,904] {dagbag.py:500} INFO - Filling up the DagBag from /home/airflow/.local/lib/python3.6/site-packages/airflow/example_dags/subdags/subdag.py
[2026-07-22 12:48:42,931] {processor.py:656} WARNING - No viable dags retrieved from /home/airflow/.local/lib/python3.6/site-packages/airflow/example_dags/subdags/subdag.py
[2026-07-22 12:48:42,936] {processor.py:171} INFO - Processing /home/airflow/.local/lib/python3.6/site-packages/airflow/example_dags/subdags/subdag.py took 0.040 seconds
[2026-07-22 12:49:13,109] {processor.py:163} INFO - Started process (PID=3358) to work on /home/airflow/.local/lib/python3.6/site-packages/airflow/example_dags/subdags/subdag.py
[2026-07-22 12:49:13,112] {processor.py:642} INFO - Processing file /home/airflow/.local/lib/python3.6/site-packages/airflow/example_dags/subdags/subdag.py for tasks to queue
[2026-07-22 12:49:13,114] {logging_mixin.py:109} INFO - [2026-07-22 12:49:13,114] {dagbag.py:500} INFO - Filling up the DagBag from /home/airflow/.local/lib/python3.6/site-packages/airflow/example_dags/subdags/subdag.py
[2026-07-22 12:49:13,142] {processor.py:656} WARNING - No viable dags retrieved from /home/airflow/.local/lib/python3.6/site-packages/airflow/example_dags/subdags/subdag.py
[2026-07-22 12:49:13,148] {processor.py:171} INFO - Processing /home/airflow/.local/lib/python3.6/site-packages/airflow/example_dags/subdags/subdag.py took 0.043 seconds
[2026-07-22 12:49:44,055] {processor.py:163} INFO - Started process (PID=3411) to work on /home/airflow/.local/lib/python3.6/site-packages/airflow/example_dags/subdags/subdag.py
[2026-07-22 12:49:44,056] {processor.py:642} INFO - Processing file /home/airflow/.local/lib/python3.6/site-packages/airflow/example_dags/subdags/subdag.py for tasks to queue
[2026-07-22 12:49:44,058] {logging_mixin.py:109} INFO - [2026-07-22 12:49:44,058] {dagbag.py:500} INFO - Filling up the DagBag from /home/airflow/.local/lib/python3.6/site-packages/airflow/example_dags/subdags/subdag.py
[2026-07-22 12:49:44,084] {processor.py:656} WARNING - No viable dags retrieved from /home/airflow/.local/lib/python3.6/site-packages/airflow/example_dags/subdags/subdag.py
[2026-07-22 12:49:44,089] {processor.py:171} INFO - Processing /home/airflow/.local/lib/python3.6/site-packages/airflow/example_dags/subdags/subdag.py took 0.038 seconds
[2026-07-22 12:50:14,333] {processor.py:163} INFO - Started process (PID=3470) to work on /home/airflow/.local/lib/python3.6/site-packages/airflow/example_dags/subdags/subdag.py
[2026-07-22 12:50:14,338] {processor.py:642} INFO - Processing file /home/airflow/.local/lib/python3.6/site-packages/airflow/example_dags/subdags/subdag.py for tasks to queue
[2026-07-22 12:50:14,341] {logging_mixin.py:109} INFO - [2026-07-22 12:50:14,341] {dagbag.py:500} INFO - Filling up the DagBag from /home/airflow/.local/lib/python3.6/site-packages/airflow/example_dags/subdags/subdag.py
[2026-07-22 12:50:14,392] {processor.py:656} WARNING - No viable dags retrieved from /home/airflow/.local/lib/python3.6/site-packages/airflow/example_dags/subdags/subdag.py
[2026-07-22 12:50:14,406] {processor.py:171} INFO - Processing /home/airflow/.local/lib/python3.6/site-packages/airflow/example_dags/subdags/subdag.py took 0.081 seconds
[2026-07-22 12:50:44,801] {processor.py:163} INFO - Started process (PID=3526) to work on /home/airflow/.local/lib/python3.6/site-packages/airflow/example_dags/subdags/subdag.py
[2026-07-22 12:50:44,804] {processor.py:642} INFO - Processing file /home/airflow/.local/lib/python3.6/site-packages/airflow/example_dags/subdags/subdag.py for tasks to queue
[2026-07-22 12:50:44,806] {logging_mixin.py:109} INFO - [2026-07-22 12:50:44,806] {dagbag.py:500} INFO - Filling up the DagBag from /home/airflow/.local/lib/python3.6/site-packages/airflow/example_dags/subdags/subdag.py
[2026-07-22 12:50:44,839] {processor.py:656} WARNING - No viable dags retrieved from /home/airflow/.local/lib/python3.6/site-packages/airflow/example_dags/subdags/subdag.py
[2026-07-22 12:50:44,844] {processor.py:171} INFO - Processing /home/airflow/.local/lib/python3.6/site-packages/airflow/example_dags/subdags/subdag.py took 0.050 seconds
[2026-07-22 12:51:15,642] {processor.py:163} INFO - Started process (PID=3578) to work on /home/airflow/.local/lib/python3.6/site-packages/airflow/example_dags/subdags/subdag.py
[2026-07-22 12:51:15,644] {processor.py:642} INFO - Processing file /home/airflow/.local/lib/python3.6/site-packages/airflow/example_dags/subdags/subdag.py for tasks to queue
[2026-07-22 12:51:15,646] {logging_mixin.py:109} INFO - [2026-07-22 12:51:15,646] {dagbag.py:500} INFO - Filling up the DagBag from /home/airflow/.local/lib/python3.6/site-packages/airflow/example_dags/subdags/subdag.py
[2026-07-22 12:51:15,672] {processor.py:656} WARNING - No viable dags retrieved from /home/airflow/.local/lib/python3.6/site-packages/airflow/example_dags/subdags/subdag.py
[2026-07-22 12:51:15,678] {processor.py:171} INFO - Processing /home/airflow/.local/lib/python3.6/site-packages/airflow/example_dags/subdags/subdag.py took 0.040 seconds
[2026-07-22 12:51:45,874] {processor.py:163} INFO - Started process (PID=3630) to work on /home/airflow/.local/lib/python3.6/site-packages/airflow/example_dags/subdags/subdag.py
[2026-07-22 12:51:45,882] {processor.py:642} INFO - Processing file /home/airflow/.local/lib/python3.6/site-packages/airflow/example_dags/subdags/subdag.py for tasks to queue
[2026-07-22 12:51:45,885] {logging_mixin.py:109} INFO - [2026-07-22 12:51:45,885] {dagbag.py:500} INFO - Filling up the DagBag from /home/airflow/.local/lib/python3.6/site-packages/airflow/example_dags/subdags/subdag.py
[2026-07-22 12:51:45,914] {processor.py:656} WARNING - No viable dags retrieved from /home/airflow/.local/lib/python3.6/site-packages/airflow/example_dags/subdags/subdag.py
[2026-07-22 12:51:45,919] {processor.py:171} INFO - Processing /home/airflow/.local/lib/python3.6/site-packages/airflow/example_dags/subdags/subdag.py took 0.050 seconds
[2026-07-22 12:52:16,464] {processor.py:163} INFO - Started process (PID=3690) to work on /home/airflow/.local/lib/python3.6/site-packages/airflow/example_dags/subdags/subdag.py
[2026-07-22 12:52:16,468] {processor.py:642} INFO - Processing file /home/airflow/.local/lib/python3.6/site-packages/airflow/example_dags/subdags/subdag.py for tasks to queue
[2026-07-22 12:52:16,473] {logging_mixin.py:109} INFO - [2026-07-22 12:52:16,472] {dagbag.py:500} INFO - Filling up the DagBag from /home/airflow/.local/lib/python3.6/site-packages/airflow/example_dags/subdags/subdag.py
[2026-07-22 12:52:16,521] {processor.py:656} WARNING - No viable dags retrieved from /home/airflow/.local/lib/python3.6/site-packages/airflow/example_dags/subdags/subdag.py
[2026-07-22 12:52:16,528] {processor.py:171} INFO - Processing /home/airflow/.local/lib/python3.6/site-packages/airflow/example_dags/subdags/subdag.py took 0.072 seconds
[2026-07-22 12:52:46,781] {processor.py:163} INFO - Started process (PID=3745) to work on /home/airflow/.local/lib/python3.6/site-packages/airflow/example_dags/subdags/subdag.py
[2026-07-22 12:52:46,786] {processor.py:642} INFO - Processing file /home/airflow/.local/lib/python3.6/site-packages/airflow/example_dags/subdags/subdag.py for tasks to queue
[2026-07-22 12:52:46,790] {logging_mixin.py:109} INFO - [2026-07-22 12:52:46,789] {dagbag.py:500} INFO - Filling up the DagBag from /home/airflow/.local/lib/python3.6/site-packages/airflow/example_dags/subdags/subdag.py
[2026-07-22 12:52:46,839] {processor.py:656} WARNING - No viable dags retrieved from /home/airflow/.local/lib/python3.6/site-packages/airflow/example_dags/subdags/subdag.py
[2026-07-22 12:52:46,850] {processor.py:171} INFO - Processing /home/airflow/.local/lib/python3.6/site-packages/airflow/example_dags/subdags/subdag.py took 0.090 seconds
[2026-07-22 12:53:17,115] {processor.py:163} INFO - Started process (PID=3797) to work on /home/airflow/.local/lib/python3.6/site-packages/airflow/example_dags/subdags/subdag.py
[2026-07-22 12:53:17,118] {processor.py:642} INFO - Processing file /home/airflow/.local/lib/python3.6/site-packages/airflow/example_dags/subdags/subdag.py for tasks to queue
[2026-07-22 12:53:17,120] {logging_mixin.py:109} INFO - [2026-07-22 12:53:17,120] {dagbag.py:500} INFO - Filling up the DagBag from /home/airflow/.local/lib/python3.6/site-packages/airflow/example_dags/subdags/subdag.py
[2026-07-22 12:53:17,152] {processor.py:656} WARNING - No viable dags retrieved from /home/airflow/.local/lib/python3.6/site-packages/airflow/example_dags/subdags/subdag.py
[2026-07-22 12:53:17,158] {processor.py:171} INFO - Processing /home/airflow/.local/lib/python3.6/site-packages/airflow/example_dags/subdags/subdag.py took 0.047 seconds
[2026-07-22 12:53:47,442] {processor.py:163} INFO - Started process (PID=3848) to work on /home/airflow/.local/lib/python3.6/site-packages/airflow/example_dags/subdags/subdag.py
[2026-07-22 12:53:47,448] {processor.py:642} INFO - Processing file /home/airflow/.local/lib/python3.6/site-packages/airflow/example_dags/subdags/subdag.py for tasks to queue
[2026-07-22 12:53:47,451] {logging_mixin.py:109} INFO - [2026-07-22 12:53:47,450] {dagbag.py:500} INFO - Filling up the DagBag from /home/airflow/.local/lib/python3.6/site-packages/airflow/example_dags/subdags/subdag.py
[2026-07-22 12:53:47,485] {processor.py:656} WARNING - No viable dags retrieved from /home/airflow/.local/lib/python3.6/site-packages/airflow/example_dags/subdags/subdag.py
[2026-07-22 12:53:47,491] {processor.py:171} INFO - Processing /home/airflow/.local/lib/python3.6/site-packages/airflow/example_dags/subdags/subdag.py took 0.056 seconds
[2026-07-22 12:54:19,175] {processor.py:163} INFO - Started process (PID=3908) to work on /home/airflow/.local/lib/python3.6/site-packages/airflow/example_dags/subdags/subdag.py
[2026-07-22 12:54:19,177] {processor.py:642} INFO - Processing file /home/airflow/.local/lib/python3.6/site-packages/airflow/example_dags/subdags/subdag.py for tasks to queue
[2026-07-22 12:54:19,180] {logging_mixin.py:109} INFO - [2026-07-22 12:54:19,180] {dagbag.py:500} INFO - Filling up the DagBag from /home/airflow/.local/lib/python3.6/site-packages/airflow/example_dags/subdags/subdag.py
[2026-07-22 12:54:19,219] {processor.py:656} WARNING - No viable dags retrieved from /home/airflow/.local/lib/python3.6/site-packages/airflow/example_dags/subdags/subdag.py
[2026-07-22 12:54:19,226] {processor.py:171} INFO - Processing /home/airflow/.local/lib/python3.6/site-packages/airflow/example_dags/subdags/subdag.py took 0.055 seconds
[2026-07-22 12:54:50,411] {processor.py:163} INFO - Started process (PID=3963) to work on /home/airflow/.local/lib/python3.6/site-packages/airflow/example_dags/subdags/subdag.py
[2026-07-22 12:54:50,414] {processor.py:642} INFO - Processing file /home/airflow/.local/lib/python3.6/site-packages/airflow/example_dags/subdags/subdag.py for tasks to queue
[2026-07-22 12:54:50,416] {logging_mixin.py:109} INFO - [2026-07-22 12:54:50,416] {dagbag.py:500} INFO - Filling up the DagBag from /home/airflow/.local/lib/python3.6/site-packages/airflow/example_dags/subdags/subdag.py
[2026-07-22 12:54:50,450] {processor.py:656} WARNING - No viable dags retrieved from /home/airflow/.local/lib/python3.6/site-packages/airflow/example_dags/subdags/subdag.py
[2026-07-22 12:54:50,457] {processor.py:171} INFO - Processing /home/airflow/.local/lib/python3.6/site-packages/airflow/example_dags/subdags/subdag.py took 0.051 seconds
[2026-07-22 12:55:21,084] {processor.py:163} INFO - Started process (PID=4014) to work on /home/airflow/.local/lib/python3.6/site-packages/airflow/example_dags/subdags/subdag.py
[2026-07-22 12:55:21,087] {processor.py:642} INFO - Processing file /home/airflow/.local/lib/python3.6/site-packages/airflow/example_dags/subdags/subdag.py for tasks to queue
[2026-07-22 12:55:21,089] {logging_mixin.py:109} INFO - [2026-07-22 12:55:21,088] {dagbag.py:500} INFO - Filling up the DagBag from /home/airflow/.local/lib/python3.6/site-packages/airflow/example_dags/subdags/subdag.py
[2026-07-22 12:55:21,113] {processor.py:656} WARNING - No viable dags retrieved from /home/airflow/.local/lib/python3.6/site-packages/airflow/example_dags/subdags/subdag.py
[2026-07-22 12:55:21,119] {processor.py:171} INFO - Processing /home/airflow/.local/lib/python3.6/site-packages/airflow/example_dags/subdags/subdag.py took 0.038 seconds
[2026-07-22 12:55:52,578] {processor.py:163} INFO - Started process (PID=4067) to work on /home/airflow/.local/lib/python3.6/site-packages/airflow/example_dags/subdags/subdag.py
[2026-07-22 12:55:52,581] {processor.py:642} INFO - Processing file /home/airflow/.local/lib/python3.6/site-packages/airflow/example_dags/subdags/subdag.py for tasks to queue
[2026-07-22 12:55:52,583] {logging_mixin.py:109} INFO - [2026-07-22 12:55:52,582] {dagbag.py:500} INFO - Filling up the DagBag from /home/airflow/.local/lib/python3.6/site-packages/airflow/example_dags/subdags/subdag.py
[2026-07-22 12:55:52,612] {processor.py:656} WARNING - No viable dags retrieved from /home/airflow/.local/lib/python3.6/site-packages/airflow/example_dags/subdags/subdag.py
[2026-07-22 12:55:52,617] {processor.py:171} INFO - Processing /home/airflow/.local/lib/python3.6/site-packages/airflow/example_dags/subdags/subdag.py took 0.044 seconds
[2026-07-22 12:56:23,055] {processor.py:163} INFO - Started process (PID=4129) to work on /home/airflow/.local/lib/python3.6/site-packages/airflow/example_dags/subdags/subdag.py
[2026-07-22 12:56:23,058] {processor.py:642} INFO - Processing file /home/airflow/.local/lib/python3.6/site-packages/airflow/example_dags/subdags/subdag.py for tasks to queue
[2026-07-22 12:56:23,059] {logging_mixin.py:109} INFO - [2026-07-22 12:56:23,059] {dagbag.py:500} INFO - Filling up the DagBag from /home/airflow/.local/lib/python3.6/site-packages/airflow/example_dags/subdags/subdag.py
[2026-07-22 12:56:23,086] {processor.py:656} WARNING - No viable dags retrieved from /home/airflow/.local/lib/python3.6/site-packages/airflow/example_dags/subdags/subdag.py
[2026-07-22 12:56:23,091] {processor.py:171} INFO - Processing /home/airflow/.local/lib/python3.6/site-packages/airflow/example_dags/subdags/subdag.py took 0.040 seconds
[2026-07-22 12:56:53,797] {processor.py:163} INFO - Started process (PID=4182) to work on /home/airflow/.local/lib/python3.6/site-packages/airflow/example_dags/subdags/subdag.py
[2026-07-22 12:56:53,801] {processor.py:642} INFO - Processing file /home/airflow/.local/lib/python3.6/site-packages/airflow/example_dags/subdags/subdag.py for tasks to queue
[2026-07-22 12:56:53,804] {logging_mixin.py:109} INFO - [2026-07-22 12:56:53,803] {dagbag.py:500} INFO - Filling up the DagBag from /home/airflow/.local/lib/python3.6/site-packages/airflow/example_dags/subdags/subdag.py
[2026-07-22 12:56:53,835] {processor.py:656} WARNING - No viable dags retrieved from /home/airflow/.local/lib/python3.6/site-packages/airflow/example_dags/subdags/subdag.py
[2026-07-22 12:56:53,841] {processor.py:171} INFO - Processing /home/airflow/.local/lib/python3.6/site-packages/airflow/example_dags/subdags/subdag.py took 0.048 seconds
[2026-07-22 12:57:24,172] {processor.py:163} INFO - Started process (PID=4234) to work on /home/airflow/.local/lib/python3.6/site-packages/airflow/example_dags/subdags/subdag.py
[2026-07-22 12:57:24,174] {processor.py:642} INFO - Processing file /home/airflow/.local/lib/python3.6/site-packages/airflow/example_dags/subdags/subdag.py for tasks to queue
[2026-07-22 12:57:24,177] {logging_mixin.py:109} INFO - [2026-07-22 12:57:24,176] {dagbag.py:500} INFO - Filling up the DagBag from /home/airflow/.local/lib/python3.6/site-packages/airflow/example_dags/subdags/subdag.py
[2026-07-22 12:57:24,209] {processor.py:656} WARNING - No viable dags retrieved from /home/airflow/.local/lib/python3.6/site-packages/airflow/example_dags/subdags/subdag.py
[2026-07-22 12:57:24,216] {processor.py:171} INFO - Processing /home/airflow/.local/lib/python3.6/site-packages/airflow/example_dags/subdags/subdag.py took 0.047 seconds
[2026-07-22 12:57:55,174] {processor.py:163} INFO - Started process (PID=4286) to work on /home/airflow/.local/lib/python3.6/site-packages/airflow/example_dags/subdags/subdag.py
[2026-07-22 12:57:55,177] {processor.py:642} INFO - Processing file /home/airflow/.local/lib/python3.6/site-packages/airflow/example_dags/subdags/subdag.py for tasks to queue
[2026-07-22 12:57:55,179] {logging_mixin.py:109} INFO - [2026-07-22 12:57:55,179] {dagbag.py:500} INFO - Filling up the DagBag from /home/airflow/.local/lib/python3.6/site-packages/airflow/example_dags/subdags/subdag.py
[2026-07-22 12:57:55,222] {processor.py:656} WARNING - No viable dags retrieved from /home/airflow/.local/lib/python3.6/site-packages/airflow/example_dags/subdags/subdag.py
[2026-07-22 12:57:55,227] {processor.py:171} INFO - Processing /home/airflow/.local/lib/python3.6/site-packages/airflow/example_dags/subdags/subdag.py took 0.056 seconds
[2026-07-22 12:58:25,777] {processor.py:163} INFO - Started process (PID=4339) to work on /home/airflow/.local/lib/python3.6/site-packages/airflow/example_dags/subdags/subdag.py
[2026-07-22 12:58:25,783] {processor.py:642} INFO - Processing file /home/airflow/.local/lib/python3.6/site-packages/airflow/example_dags/subdags/subdag.py for tasks to queue
[2026-07-22 12:58:25,789] {logging_mixin.py:109} INFO - [2026-07-22 12:58:25,789] {dagbag.py:500} INFO - Filling up the DagBag from /home/airflow/.local/lib/python3.6/site-packages/airflow/example_dags/subdags/subdag.py
[2026-07-22 12:58:25,855] {processor.py:656} WARNING - No viable dags retrieved from /home/airflow/.local/lib/python3.6/site-packages/airflow/example_dags/subdags/subdag.py
[2026-07-22 12:58:25,862] {processor.py:171} INFO - Processing /home/airflow/.local/lib/python3.6/site-packages/airflow/example_dags/subdags/subdag.py took 0.102 seconds
[2026-07-22 12:58:56,824] {processor.py:163} INFO - Started process (PID=4391) to work on /home/airflow/.local/lib/python3.6/site-packages/airflow/example_dags/subdags/subdag.py
[2026-07-22 12:58:56,830] {processor.py:642} INFO - Processing file /home/airflow/.local/lib/python3.6/site-packages/airflow/example_dags/subdags/subdag.py for tasks to queue
[2026-07-22 12:58:56,833] {logging_mixin.py:109} INFO - [2026-07-22 12:58:56,833] {dagbag.py:500} INFO - Filling up the DagBag from /home/airflow/.local/lib/python3.6/site-packages/airflow/example_dags/subdags/subdag.py
[2026-07-22 12:58:56,874] {processor.py:656} WARNING - No viable dags retrieved from /home/airflow/.local/lib/python3.6/site-packages/airflow/example_dags/subdags/subdag.py
[2026-07-22 12:58:56,881] {processor.py:171} INFO - Processing /home/airflow/.local/lib/python3.6/site-packages/airflow/example_dags/subdags/subdag.py took 0.064 seconds
[2026-07-22 12:59:28,090] {processor.py:163} INFO - Started process (PID=4453) to work on /home/airflow/.local/lib/python3.6/site-packages/airflow/example_dags/subdags/subdag.py
[2026-07-22 12:59:28,092] {processor.py:642} INFO - Processing file /home/airflow/.local/lib/python3.6/site-packages/airflow/example_dags/subdags/subdag.py for tasks to queue
[2026-07-22 12:59:28,094] {logging_mixin.py:109} INFO - [2026-07-22 12:59:28,094] {dagbag.py:500} INFO - Filling up the DagBag from /home/airflow/.local/lib/python3.6/site-packages/airflow/example_dags/subdags/subdag.py
[2026-07-22 12:59:28,127] {processor.py:656} WARNING - No viable dags retrieved from /home/airflow/.local/lib/python3.6/site-packages/airflow/example_dags/subdags/subdag.py
[2026-07-22 12:59:28,133] {processor.py:171} INFO - Processing /home/airflow/.local/lib/python3.6/site-packages/airflow/example_dags/subdags/subdag.py took 0.047 seconds
[2026-07-22 12:59:59,616] {processor.py:163} INFO - Started process (PID=4505) to work on /home/airflow/.local/lib/python3.6/site-packages/airflow/example_dags/subdags/subdag.py
[2026-07-22 12:59:59,620] {processor.py:642} INFO - Processing file /home/airflow/.local/lib/python3.6/site-packages/airflow/example_dags/subdags/subdag.py for tasks to queue
[2026-07-22 12:59:59,623] {logging_mixin.py:109} INFO - [2026-07-22 12:59:59,622] {dagbag.py:500} INFO - Filling up the DagBag from /home/airflow/.local/lib/python3.6/site-packages/airflow/example_dags/subdags/subdag.py
[2026-07-22 12:59:59,663] {processor.py:656} WARNING - No viable dags retrieved from /home/airflow/.local/lib/python3.6/site-packages/airflow/example_dags/subdags/subdag.py
[2026-07-22 12:59:59,671] {processor.py:171} INFO - Processing /home/airflow/.local/lib/python3.6/site-packages/airflow/example_dags/subdags/subdag.py took 0.063 seconds
[2026-07-22 13:00:30,800] {processor.py:163} INFO - Started process (PID=4557) to work on /home/airflow/.local/lib/python3.6/site-packages/airflow/example_dags/subdags/subdag.py
[2026-07-22 13:00:30,803] {processor.py:642} INFO - Processing file /home/airflow/.local/lib/python3.6/site-packages/airflow/example_dags/subdags/subdag.py for tasks to queue
[2026-07-22 13:00:30,805] {logging_mixin.py:109} INFO - [2026-07-22 13:00:30,805] {dagbag.py:500} INFO - Filling up the DagBag from /home/airflow/.local/lib/python3.6/site-packages/airflow/example_dags/subdags/subdag.py
[2026-07-22 13:00:30,842] {processor.py:656} WARNING - No viable dags retrieved from /home/airflow/.local/lib/python3.6/site-packages/airflow/example_dags/subdags/subdag.py
[2026-07-22 13:00:30,853] {processor.py:171} INFO - Processing /home/airflow/.local/lib/python3.6/site-packages/airflow/example_dags/subdags/subdag.py took 0.056 seconds
[2026-07-22 13:01:02,594] {processor.py:163} INFO - Started process (PID=4610) to work on /home/airflow/.local/lib/python3.6/site-packages/airflow/example_dags/subdags/subdag.py
[2026-07-22 13:01:02,603] {processor.py:642} INFO - Processing file /home/airflow/.local/lib/python3.6/site-packages/airflow/example_dags/subdags/subdag.py for tasks to queue
[2026-07-22 13:01:02,614] {logging_mixin.py:109} INFO - [2026-07-22 13:01:02,614] {dagbag.py:500} INFO - Filling up the DagBag from /home/airflow/.local/lib/python3.6/site-packages/airflow/example_dags/subdags/subdag.py
[2026-07-22 13:01:02,696] {processor.py:656} WARNING - No viable dags retrieved from /home/airflow/.local/lib/python3.6/site-packages/airflow/example_dags/subdags/subdag.py
[2026-07-22 13:01:02,714] {processor.py:171} INFO - Processing /home/airflow/.local/lib/python3.6/site-packages/airflow/example_dags/subdags/subdag.py took 0.130 seconds
[2026-07-22 13:01:33,567] {processor.py:163} INFO - Started process (PID=4661) to work on /home/airflow/.local/lib/python3.6/site-packages/airflow/example_dags/subdags/subdag.py
[2026-07-22 13:01:33,571] {processor.py:642} INFO - Processing file /home/airflow/.local/lib/python3.6/site-packages/airflow/example_dags/subdags/subdag.py for tasks to queue
[2026-07-22 13:01:33,574] {logging_mixin.py:109} INFO - [2026-07-22 13:01:33,573] {dagbag.py:500} INFO - Filling up the DagBag from /home/airflow/.local/lib/python3.6/site-packages/airflow/example_dags/subdags/subdag.py
[2026-07-22 13:01:33,613] {processor.py:656} WARNING - No viable dags retrieved from /home/airflow/.local/lib/python3.6/site-packages/airflow/example_dags/subdags/subdag.py
[2026-07-22 13:01:33,622] {processor.py:171} INFO - Processing /home/airflow/.local/lib/python3.6/site-packages/airflow/example_dags/subdags/subdag.py took 0.066 seconds
[2026-07-22 13:02:04,061] {processor.py:163} INFO - Started process (PID=4715) to work on /home/airflow/.local/lib/python3.6/site-packages/airflow/example_dags/subdags/subdag.py
[2026-07-22 13:02:04,064] {processor.py:642} INFO - Processing file /home/airflow/.local/lib/python3.6/site-packages/airflow/example_dags/subdags/subdag.py for tasks to queue
[2026-07-22 13:02:04,067] {logging_mixin.py:109} INFO - [2026-07-22 13:02:04,067] {dagbag.py:500} INFO - Filling up the DagBag from /home/airflow/.local/lib/python3.6/site-packages/airflow/example_dags/subdags/subdag.py
[2026-07-22 13:02:04,119] {processor.py:656} WARNING - No viable dags retrieved from /home/airflow/.local/lib/python3.6/site-packages/airflow/example_dags/subdags/subdag.py
[2026-07-22 13:02:04,127] {processor.py:171} INFO - Processing /home/airflow/.local/lib/python3.6/site-packages/airflow/example_dags/subdags/subdag.py took 0.079 seconds
[2026-07-22 13:09:21,700] {processor.py:163} INFO - Started process (PID=144) to work on /home/airflow/.local/lib/python3.6/site-packages/airflow/example_dags/subdags/subdag.py
[2026-07-22 13:09:21,710] {processor.py:642} INFO - Processing file /home/airflow/.local/lib/python3.6/site-packages/airflow/example_dags/subdags/subdag.py for tasks to queue
[2026-07-22 13:09:21,716] {logging_mixin.py:109} INFO - [2026-07-22 13:09:21,716] {dagbag.py:500} INFO - Filling up the DagBag from /home/airflow/.local/lib/python3.6/site-packages/airflow/example_dags/subdags/subdag.py
[2026-07-22 13:09:21,791] {processor.py:656} WARNING - No viable dags retrieved from /home/airflow/.local/lib/python3.6/site-packages/airflow/example_dags/subdags/subdag.py
[2026-07-22 13:09:21,811] {processor.py:171} INFO - Processing /home/airflow/.local/lib/python3.6/site-packages/airflow/example_dags/subdags/subdag.py took 0.129 seconds
[2026-07-22 13:09:52,588] {processor.py:163} INFO - Started process (PID=229) to work on /home/airflow/.local/lib/python3.6/site-packages/airflow/example_dags/subdags/subdag.py
[2026-07-22 13:09:52,591] {processor.py:642} INFO - Processing file /home/airflow/.local/lib/python3.6/site-packages/airflow/example_dags/subdags/subdag.py for tasks to queue
[2026-07-22 13:09:52,593] {logging_mixin.py:109} INFO - [2026-07-22 13:09:52,593] {dagbag.py:500} INFO - Filling up the DagBag from /home/airflow/.local/lib/python3.6/site-packages/airflow/example_dags/subdags/subdag.py
[2026-07-22 13:09:52,629] {processor.py:656} WARNING - No viable dags retrieved from /home/airflow/.local/lib/python3.6/site-packages/airflow/example_dags/subdags/subdag.py
[2026-07-22 13:09:52,639] {processor.py:171} INFO - Processing /home/airflow/.local/lib/python3.6/site-packages/airflow/example_dags/subdags/subdag.py took 0.055 seconds
[2026-07-22 13:10:22,727] {processor.py:163} INFO - Started process (PID=313) to work on /home/airflow/.local/lib/python3.6/site-packages/airflow/example_dags/subdags/subdag.py
[2026-07-22 13:10:22,730] {processor.py:642} INFO - Processing file /home/airflow/.local/lib/python3.6/site-packages/airflow/example_dags/subdags/subdag.py for tasks to queue
[2026-07-22 13:10:22,733] {logging_mixin.py:109} INFO - [2026-07-22 13:10:22,732] {dagbag.py:500} INFO - Filling up the DagBag from /home/airflow/.local/lib/python3.6/site-packages/airflow/example_dags/subdags/subdag.py
[2026-07-22 13:10:22,770] {processor.py:656} WARNING - No viable dags retrieved from /home/airflow/.local/lib/python3.6/site-packages/airflow/example_dags/subdags/subdag.py
[2026-07-22 13:10:22,777] {processor.py:171} INFO - Processing /home/airflow/.local/lib/python3.6/site-packages/airflow/example_dags/subdags/subdag.py took 0.055 seconds
[2026-07-22 13:10:53,321] {processor.py:163} INFO - Started process (PID=398) to work on /home/airflow/.local/lib/python3.6/site-packages/airflow/example_dags/subdags/subdag.py
[2026-07-22 13:10:53,324] {processor.py:642} INFO - Processing file /home/airflow/.local/lib/python3.6/site-packages/airflow/example_dags/subdags/subdag.py for tasks to queue
[2026-07-22 13:10:53,327] {logging_mixin.py:109} INFO - [2026-07-22 13:10:53,327] {dagbag.py:500} INFO - Filling up the DagBag from /home/airflow/.local/lib/python3.6/site-packages/airflow/example_dags/subdags/subdag.py
[2026-07-22 13:10:53,362] {processor.py:656} WARNING - No viable dags retrieved from /home/airflow/.local/lib/python3.6/site-packages/airflow/example_dags/subdags/subdag.py
[2026-07-22 13:10:53,369] {processor.py:171} INFO - Processing /home/airflow/.local/lib/python3.6/site-packages/airflow/example_dags/subdags/subdag.py took 0.053 seconds
[2026-07-22 13:11:23,734] {processor.py:163} INFO - Started process (PID=483) to work on /home/airflow/.local/lib/python3.6/site-packages/airflow/example_dags/subdags/subdag.py
[2026-07-22 13:11:23,737] {processor.py:642} INFO - Processing file /home/airflow/.local/lib/python3.6/site-packages/airflow/example_dags/subdags/subdag.py for tasks to queue
[2026-07-22 13:11:23,739] {logging_mixin.py:109} INFO - [2026-07-22 13:11:23,739] {dagbag.py:500} INFO - Filling up the DagBag from /home/airflow/.local/lib/python3.6/site-packages/airflow/example_dags/subdags/subdag.py
[2026-07-22 13:11:23,771] {processor.py:656} WARNING - No viable dags retrieved from /home/airflow/.local/lib/python3.6/site-packages/airflow/example_dags/subdags/subdag.py
[2026-07-22 13:11:23,777] {processor.py:171} INFO - Processing /home/airflow/.local/lib/python3.6/site-packages/airflow/example_dags/subdags/subdag.py took 0.047 seconds
[2026-07-22 13:11:54,126] {processor.py:163} INFO - Started process (PID=575) to work on /home/airflow/.local/lib/python3.6/site-packages/airflow/example_dags/subdags/subdag.py
[2026-07-22 13:11:54,130] {processor.py:642} INFO - Processing file /home/airflow/.local/lib/python3.6/site-packages/airflow/example_dags/subdags/subdag.py for tasks to queue
[2026-07-22 13:11:54,135] {logging_mixin.py:109} INFO - [2026-07-22 13:11:54,134] {dagbag.py:500} INFO - Filling up the DagBag from /home/airflow/.local/lib/python3.6/site-packages/airflow/example_dags/subdags/subdag.py
[2026-07-22 13:11:54,182] {processor.py:656} WARNING - No viable dags retrieved from /home/airflow/.local/lib/python3.6/site-packages/airflow/example_dags/subdags/subdag.py
[2026-07-22 13:11:54,191] {processor.py:171} INFO - Processing /home/airflow/.local/lib/python3.6/site-packages/airflow/example_dags/subdags/subdag.py took 0.070 seconds
[2026-07-22 13:12:24,832] {processor.py:163} INFO - Started process (PID=660) to work on /home/airflow/.local/lib/python3.6/site-packages/airflow/example_dags/subdags/subdag.py
[2026-07-22 13:12:24,837] {processor.py:642} INFO - Processing file /home/airflow/.local/lib/python3.6/site-packages/airflow/example_dags/subdags/subdag.py for tasks to queue
[2026-07-22 13:12:24,840] {logging_mixin.py:109} INFO - [2026-07-22 13:12:24,840] {dagbag.py:500} INFO - Filling up the DagBag from /home/airflow/.local/lib/python3.6/site-packages/airflow/example_dags/subdags/subdag.py
[2026-07-22 13:12:24,956] {processor.py:656} WARNING - No viable dags retrieved from /home/airflow/.local/lib/python3.6/site-packages/airflow/example_dags/subdags/subdag.py
[2026-07-22 13:12:24,971] {processor.py:171} INFO - Processing /home/airflow/.local/lib/python3.6/site-packages/airflow/example_dags/subdags/subdag.py took 0.148 seconds
[2026-07-22 13:12:55,296] {processor.py:163} INFO - Started process (PID=746) to work on /home/airflow/.local/lib/python3.6/site-packages/airflow/example_dags/subdags/subdag.py
[2026-07-22 13:12:55,299] {processor.py:642} INFO - Processing file /home/airflow/.local/lib/python3.6/site-packages/airflow/example_dags/subdags/subdag.py for tasks to queue
[2026-07-22 13:12:55,303] {logging_mixin.py:109} INFO - [2026-07-22 13:12:55,303] {dagbag.py:500} INFO - Filling up the DagBag from /home/airflow/.local/lib/python3.6/site-packages/airflow/example_dags/subdags/subdag.py
[2026-07-22 13:12:55,345] {processor.py:656} WARNING - No viable dags retrieved from /home/airflow/.local/lib/python3.6/site-packages/airflow/example_dags/subdags/subdag.py
[2026-07-22 13:12:55,353] {processor.py:171} INFO - Processing /home/airflow/.local/lib/python3.6/site-packages/airflow/example_dags/subdags/subdag.py took 0.064 seconds
[2026-07-22 13:13:26,065] {processor.py:163} INFO - Started process (PID=831) to work on /home/airflow/.local/lib/python3.6/site-packages/airflow/example_dags/subdags/subdag.py
[2026-07-22 13:13:26,068] {processor.py:642} INFO - Processing file /home/airflow/.local/lib/python3.6/site-packages/airflow/example_dags/subdags/subdag.py for tasks to queue
[2026-07-22 13:13:26,071] {logging_mixin.py:109} INFO - [2026-07-22 13:13:26,070] {dagbag.py:500} INFO - Filling up the DagBag from /home/airflow/.local/lib/python3.6/site-packages/airflow/example_dags/subdags/subdag.py
[2026-07-22 13:13:26,110] {processor.py:656} WARNING - No viable dags retrieved from /home/airflow/.local/lib/python3.6/site-packages/airflow/example_dags/subdags/subdag.py
[2026-07-22 13:13:26,118] {processor.py:171} INFO - Processing /home/airflow/.local/lib/python3.6/site-packages/airflow/example_dags/subdags/subdag.py took 0.059 seconds
[2026-07-22 13:13:56,525] {processor.py:163} INFO - Started process (PID=914) to work on /home/airflow/.local/lib/python3.6/site-packages/airflow/example_dags/subdags/subdag.py
[2026-07-22 13:13:56,527] {processor.py:642} INFO - Processing file /home/airflow/.local/lib/python3.6/site-packages/airflow/example_dags/subdags/subdag.py for tasks to queue
[2026-07-22 13:13:56,530] {logging_mixin.py:109} INFO - [2026-07-22 13:13:56,529] {dagbag.py:500} INFO - Filling up the DagBag from /home/airflow/.local/lib/python3.6/site-packages/airflow/example_dags/subdags/subdag.py
[2026-07-22 13:13:56,562] {processor.py:656} WARNING - No viable dags retrieved from /home/airflow/.local/lib/python3.6/site-packages/airflow/example_dags/subdags/subdag.py
[2026-07-22 13:13:56,570] {processor.py:171} INFO - Processing /home/airflow/.local/lib/python3.6/site-packages/airflow/example_dags/subdags/subdag.py took 0.049 seconds
[2026-07-22 13:14:26,834] {processor.py:163} INFO - Started process (PID=997) to work on /home/airflow/.local/lib/python3.6/site-packages/airflow/example_dags/subdags/subdag.py
[2026-07-22 13:14:26,838] {processor.py:642} INFO - Processing file /home/airflow/.local/lib/python3.6/site-packages/airflow/example_dags/subdags/subdag.py for tasks to queue
[2026-07-22 13:14:26,840] {logging_mixin.py:109} INFO - [2026-07-22 13:14:26,840] {dagbag.py:500} INFO - Filling up the DagBag from /home/airflow/.local/lib/python3.6/site-packages/airflow/example_dags/subdags/subdag.py
[2026-07-22 13:14:26,884] {processor.py:656} WARNING - No viable dags retrieved from /home/airflow/.local/lib/python3.6/site-packages/airflow/example_dags/subdags/subdag.py
[2026-07-22 13:14:26,892] {processor.py:171} INFO - Processing /home/airflow/.local/lib/python3.6/site-packages/airflow/example_dags/subdags/subdag.py took 0.065 seconds
[2026-07-22 13:14:57,017] {processor.py:163} INFO - Started process (PID=1079) to work on /home/airflow/.local/lib/python3.6/site-packages/airflow/example_dags/subdags/subdag.py
[2026-07-22 13:14:57,020] {processor.py:642} INFO - Processing file /home/airflow/.local/lib/python3.6/site-packages/airflow/example_dags/subdags/subdag.py for tasks to queue
[2026-07-22 13:14:57,021] {logging_mixin.py:109} INFO - [2026-07-22 13:14:57,021] {dagbag.py:500} INFO - Filling up the DagBag from /home/airflow/.local/lib/python3.6/site-packages/airflow/example_dags/subdags/subdag.py
[2026-07-22 13:14:57,067] {processor.py:656} WARNING - No viable dags retrieved from /home/airflow/.local/lib/python3.6/site-packages/airflow/example_dags/subdags/subdag.py
[2026-07-22 13:14:57,074] {processor.py:171} INFO - Processing /home/airflow/.local/lib/python3.6/site-packages/airflow/example_dags/subdags/subdag.py took 0.063 seconds
[2026-07-22 13:15:27,766] {processor.py:163} INFO - Started process (PID=1172) to work on /home/airflow/.local/lib/python3.6/site-packages/airflow/example_dags/subdags/subdag.py
[2026-07-22 13:15:27,770] {processor.py:642} INFO - Processing file /home/airflow/.local/lib/python3.6/site-packages/airflow/example_dags/subdags/subdag.py for tasks to queue
[2026-07-22 13:15:27,774] {logging_mixin.py:109} INFO - [2026-07-22 13:15:27,774] {dagbag.py:500} INFO - Filling up the DagBag from /home/airflow/.local/lib/python3.6/site-packages/airflow/example_dags/subdags/subdag.py
[2026-07-22 13:15:27,823] {processor.py:656} WARNING - No viable dags retrieved from /home/airflow/.local/lib/python3.6/site-packages/airflow/example_dags/subdags/subdag.py
[2026-07-22 13:15:27,832] {processor.py:171} INFO - Processing /home/airflow/.local/lib/python3.6/site-packages/airflow/example_dags/subdags/subdag.py took 0.075 seconds
[2026-07-22 13:15:58,197] {processor.py:163} INFO - Started process (PID=1258) to work on /home/airflow/.local/lib/python3.6/site-packages/airflow/example_dags/subdags/subdag.py
[2026-07-22 13:15:58,200] {processor.py:642} INFO - Processing file /home/airflow/.local/lib/python3.6/site-packages/airflow/example_dags/subdags/subdag.py for tasks to queue
[2026-07-22 13:15:58,203] {logging_mixin.py:109} INFO - [2026-07-22 13:15:58,203] {dagbag.py:500} INFO - Filling up the DagBag from /home/airflow/.local/lib/python3.6/site-packages/airflow/example_dags/subdags/subdag.py
[2026-07-22 13:15:58,243] {processor.py:656} WARNING - No viable dags retrieved from /home/airflow/.local/lib/python3.6/site-packages/airflow/example_dags/subdags/subdag.py
[2026-07-22 13:15:58,251] {processor.py:171} INFO - Processing /home/airflow/.local/lib/python3.6/site-packages/airflow/example_dags/subdags/subdag.py took 0.059 seconds
[2026-07-22 13:16:29,082] {processor.py:163} INFO - Started process (PID=1343) to work on /home/airflow/.local/lib/python3.6/site-packages/airflow/example_dags/subdags/subdag.py
[2026-07-22 13:16:29,086] {processor.py:642} INFO - Processing file /home/airflow/.local/lib/python3.6/site-packages/airflow/example_dags/subdags/subdag.py for tasks to queue
[2026-07-22 13:16:29,089] {logging_mixin.py:109} INFO - [2026-07-22 13:16:29,089] {dagbag.py:500} INFO - Filling up the DagBag from /home/airflow/.local/lib/python3.6/site-packages/airflow/example_dags/subdags/subdag.py
[2026-07-22 13:16:29,133] {processor.py:656} WARNING - No viable dags retrieved from /home/airflow/.local/lib/python3.6/site-packages/airflow/example_dags/subdags/subdag.py
[2026-07-22 13:16:29,145] {processor.py:171} INFO - Processing /home/airflow/.local/lib/python3.6/site-packages/airflow/example_dags/subdags/subdag.py took 0.070 seconds
[2026-07-22 13:16:59,921] {processor.py:163} INFO - Started process (PID=1419) to work on /home/airflow/.local/lib/python3.6/site-packages/airflow/example_dags/subdags/subdag.py
[2026-07-22 13:16:59,925] {processor.py:642} INFO - Processing file /home/airflow/.local/lib/python3.6/site-packages/airflow/example_dags/subdags/subdag.py for tasks to queue
[2026-07-22 13:16:59,928] {logging_mixin.py:109} INFO - [2026-07-22 13:16:59,928] {dagbag.py:500} INFO - Filling up the DagBag from /home/airflow/.local/lib/python3.6/site-packages/airflow/example_dags/subdags/subdag.py
[2026-07-22 13:16:59,973] {processor.py:656} WARNING - No viable dags retrieved from /home/airflow/.local/lib/python3.6/site-packages/airflow/example_dags/subdags/subdag.py
[2026-07-22 13:16:59,983] {processor.py:171} INFO - Processing /home/airflow/.local/lib/python3.6/site-packages/airflow/example_dags/subdags/subdag.py took 0.068 seconds
[2026-07-22 13:17:30,446] {processor.py:163} INFO - Started process (PID=1503) to work on /home/airflow/.local/lib/python3.6/site-packages/airflow/example_dags/subdags/subdag.py
[2026-07-22 13:17:30,449] {processor.py:642} INFO - Processing file /home/airflow/.local/lib/python3.6/site-packages/airflow/example_dags/subdags/subdag.py for tasks to queue
[2026-07-22 13:17:30,451] {logging_mixin.py:109} INFO - [2026-07-22 13:17:30,451] {dagbag.py:500} INFO - Filling up the DagBag from /home/airflow/.local/lib/python3.6/site-packages/airflow/example_dags/subdags/subdag.py
[2026-07-22 13:17:30,486] {processor.py:656} WARNING - No viable dags retrieved from /home/airflow/.local/lib/python3.6/site-packages/airflow/example_dags/subdags/subdag.py
[2026-07-22 13:17:30,496] {processor.py:171} INFO - Processing /home/airflow/.local/lib/python3.6/site-packages/airflow/example_dags/subdags/subdag.py took 0.055 seconds
[2026-07-22 13:18:01,062] {processor.py:163} INFO - Started process (PID=1586) to work on /home/airflow/.local/lib/python3.6/site-packages/airflow/example_dags/subdags/subdag.py
[2026-07-22 13:18:01,064] {processor.py:642} INFO - Processing file /home/airflow/.local/lib/python3.6/site-packages/airflow/example_dags/subdags/subdag.py for tasks to queue
[2026-07-22 13:18:01,067] {logging_mixin.py:109} INFO - [2026-07-22 13:18:01,066] {dagbag.py:500} INFO - Filling up the DagBag from /home/airflow/.local/lib/python3.6/site-packages/airflow/example_dags/subdags/subdag.py
[2026-07-22 13:18:01,102] {processor.py:656} WARNING - No viable dags retrieved from /home/airflow/.local/lib/python3.6/site-packages/airflow/example_dags/subdags/subdag.py
[2026-07-22 13:18:01,108] {processor.py:171} INFO - Processing /home/airflow/.local/lib/python3.6/site-packages/airflow/example_dags/subdags/subdag.py took 0.050 seconds
[2026-07-22 13:18:31,816] {processor.py:163} INFO - Started process (PID=1672) to work on /home/airflow/.local/lib/python3.6/site-packages/airflow/example_dags/subdags/subdag.py
[2026-07-22 13:18:31,819] {processor.py:642} INFO - Processing file /home/airflow/.local/lib/python3.6/site-packages/airflow/example_dags/subdags/subdag.py for tasks to queue
[2026-07-22 13:18:31,821] {logging_mixin.py:109} INFO - [2026-07-22 13:18:31,821] {dagbag.py:500} INFO - Filling up the DagBag from /home/airflow/.local/lib/python3.6/site-packages/airflow/example_dags/subdags/subdag.py
[2026-07-22 13:18:31,851] {processor.py:656} WARNING - No viable dags retrieved from /home/airflow/.local/lib/python3.6/site-packages/airflow/example_dags/subdags/subdag.py
[2026-07-22 13:18:31,860] {processor.py:171} INFO - Processing /home/airflow/.local/lib/python3.6/site-packages/airflow/example_dags/subdags/subdag.py took 0.047 seconds
[2026-07-22 13:19:02,728] {processor.py:163} INFO - Started process (PID=1766) to work on /home/airflow/.local/lib/python3.6/site-packages/airflow/example_dags/subdags/subdag.py
[2026-07-22 13:19:02,730] {processor.py:642} INFO - Processing file /home/airflow/.local/lib/python3.6/site-packages/airflow/example_dags/subdags/subdag.py for tasks to queue
[2026-07-22 13:19:02,733] {logging_mixin.py:109} INFO - [2026-07-22 13:19:02,732] {dagbag.py:500} INFO - Filling up the DagBag from /home/airflow/.local/lib/python3.6/site-packages/airflow/example_dags/subdags/subdag.py
[2026-07-22 13:19:02,764] {processor.py:656} WARNING - No viable dags retrieved from /home/airflow/.local/lib/python3.6/site-packages/airflow/example_dags/subdags/subdag.py
[2026-07-22 13:19:02,771] {processor.py:171} INFO - Processing /home/airflow/.local/lib/python3.6/site-packages/airflow/example_dags/subdags/subdag.py took 0.047 seconds
[2026-07-22 13:19:33,014] {processor.py:163} INFO - Started process (PID=1850) to work on /home/airflow/.local/lib/python3.6/site-packages/airflow/example_dags/subdags/subdag.py
[2026-07-22 13:19:33,016] {processor.py:642} INFO - Processing file /home/airflow/.local/lib/python3.6/site-packages/airflow/example_dags/subdags/subdag.py for tasks to queue
[2026-07-22 13:19:33,018] {logging_mixin.py:109} INFO - [2026-07-22 13:19:33,018] {dagbag.py:500} INFO - Filling up the DagBag from /home/airflow/.local/lib/python3.6/site-packages/airflow/example_dags/subdags/subdag.py
[2026-07-22 13:19:33,046] {processor.py:656} WARNING - No viable dags retrieved from /home/airflow/.local/lib/python3.6/site-packages/airflow/example_dags/subdags/subdag.py
[2026-07-22 13:19:33,053] {processor.py:171} INFO - Processing /home/airflow/.local/lib/python3.6/site-packages/airflow/example_dags/subdags/subdag.py took 0.043 seconds
[2026-07-22 13:20:03,907] {processor.py:163} INFO - Started process (PID=1935) to work on /home/airflow/.local/lib/python3.6/site-packages/airflow/example_dags/subdags/subdag.py
[2026-07-22 13:20:03,909] {processor.py:642} INFO - Processing file /home/airflow/.local/lib/python3.6/site-packages/airflow/example_dags/subdags/subdag.py for tasks to queue
[2026-07-22 13:20:03,911] {logging_mixin.py:109} INFO - [2026-07-22 13:20:03,911] {dagbag.py:500} INFO - Filling up the DagBag from /home/airflow/.local/lib/python3.6/site-packages/airflow/example_dags/subdags/subdag.py
[2026-07-22 13:20:03,939] {processor.py:656} WARNING - No viable dags retrieved from /home/airflow/.local/lib/python3.6/site-packages/airflow/example_dags/subdags/subdag.py
[2026-07-22 13:20:03,944] {processor.py:171} INFO - Processing /home/airflow/.local/lib/python3.6/site-packages/airflow/example_dags/subdags/subdag.py took 0.041 seconds
[2026-07-22 13:20:34,849] {processor.py:163} INFO - Started process (PID=2020) to work on /home/airflow/.local/lib/python3.6/site-packages/airflow/example_dags/subdags/subdag.py
[2026-07-22 13:20:34,851] {processor.py:642} INFO - Processing file /home/airflow/.local/lib/python3.6/site-packages/airflow/example_dags/subdags/subdag.py for tasks to queue
[2026-07-22 13:20:34,853] {logging_mixin.py:109} INFO - [2026-07-22 13:20:34,853] {dagbag.py:500} INFO - Filling up the DagBag from /home/airflow/.local/lib/python3.6/site-packages/airflow/example_dags/subdags/subdag.py
[2026-07-22 13:20:34,878] {processor.py:656} WARNING - No viable dags retrieved from /home/airflow/.local/lib/python3.6/site-packages/airflow/example_dags/subdags/subdag.py
[2026-07-22 13:20:34,884] {processor.py:171} INFO - Processing /home/airflow/.local/lib/python3.6/site-packages/airflow/example_dags/subdags/subdag.py took 0.038 seconds
[2026-07-22 13:21:05,404] {processor.py:163} INFO - Started process (PID=2104) to work on /home/airflow/.local/lib/python3.6/site-packages/airflow/example_dags/subdags/subdag.py
[2026-07-22 13:21:05,406] {processor.py:642} INFO - Processing file /home/airflow/.local/lib/python3.6/site-packages/airflow/example_dags/subdags/subdag.py for tasks to queue
[2026-07-22 13:21:05,409] {logging_mixin.py:109} INFO - [2026-07-22 13:21:05,409] {dagbag.py:500} INFO - Filling up the DagBag from /home/airflow/.local/lib/python3.6/site-packages/airflow/example_dags/subdags/subdag.py
[2026-07-22 13:21:05,443] {processor.py:656} WARNING - No viable dags retrieved from /home/airflow/.local/lib/python3.6/site-packages/airflow/example_dags/subdags/subdag.py
[2026-07-22 13:21:05,449] {processor.py:171} INFO - Processing /home/airflow/.local/lib/python3.6/site-packages/airflow/example_dags/subdags/subdag.py took 0.052 seconds
[2026-07-22 13:21:35,634] {processor.py:163} INFO - Started process (PID=2198) to work on /home/airflow/.local/lib/python3.6/site-packages/airflow/example_dags/subdags/subdag.py
[2026-07-22 13:21:35,636] {processor.py:642} INFO - Processing file /home/airflow/.local/lib/python3.6/site-packages/airflow/example_dags/subdags/subdag.py for tasks to queue
[2026-07-22 13:21:35,639] {logging_mixin.py:109} INFO - [2026-07-22 13:21:35,638] {dagbag.py:500} INFO - Filling up the DagBag from /home/airflow/.local/lib/python3.6/site-packages/airflow/example_dags/subdags/subdag.py
[2026-07-22 13:21:35,676] {processor.py:656} WARNING - No viable dags retrieved from /home/airflow/.local/lib/python3.6/site-packages/airflow/example_dags/subdags/subdag.py
[2026-07-22 13:21:35,683] {processor.py:171} INFO - Processing /home/airflow/.local/lib/python3.6/site-packages/airflow/example_dags/subdags/subdag.py took 0.056 seconds
[2026-07-22 13:22:06,500] {processor.py:163} INFO - Started process (PID=2282) to work on /home/airflow/.local/lib/python3.6/site-packages/airflow/example_dags/subdags/subdag.py
[2026-07-22 13:22:06,503] {processor.py:642} INFO - Processing file /home/airflow/.local/lib/python3.6/site-packages/airflow/example_dags/subdags/subdag.py for tasks to queue
[2026-07-22 13:22:06,506] {logging_mixin.py:109} INFO - [2026-07-22 13:22:06,506] {dagbag.py:500} INFO - Filling up the DagBag from /home/airflow/.local/lib/python3.6/site-packages/airflow/example_dags/subdags/subdag.py
[2026-07-22 13:22:06,543] {processor.py:656} WARNING - No viable dags retrieved from /home/airflow/.local/lib/python3.6/site-packages/airflow/example_dags/subdags/subdag.py
[2026-07-22 13:22:06,549] {processor.py:171} INFO - Processing /home/airflow/.local/lib/python3.6/site-packages/airflow/example_dags/subdags/subdag.py took 0.056 seconds
[2026-07-22 13:22:37,802] {processor.py:163} INFO - Started process (PID=2369) to work on /home/airflow/.local/lib/python3.6/site-packages/airflow/example_dags/subdags/subdag.py
[2026-07-22 13:22:37,804] {processor.py:642} INFO - Processing file /home/airflow/.local/lib/python3.6/site-packages/airflow/example_dags/subdags/subdag.py for tasks to queue
[2026-07-22 13:22:37,807] {logging_mixin.py:109} INFO - [2026-07-22 13:22:37,807] {dagbag.py:500} INFO - Filling up the DagBag from /home/airflow/.local/lib/python3.6/site-packages/airflow/example_dags/subdags/subdag.py
[2026-07-22 13:22:37,842] {processor.py:656} WARNING - No viable dags retrieved from /home/airflow/.local/lib/python3.6/site-packages/airflow/example_dags/subdags/subdag.py
[2026-07-22 13:22:37,848] {processor.py:171} INFO - Processing /home/airflow/.local/lib/python3.6/site-packages/airflow/example_dags/subdags/subdag.py took 0.051 seconds
[2026-07-22 13:23:08,395] {processor.py:163} INFO - Started process (PID=2453) to work on /home/airflow/.local/lib/python3.6/site-packages/airflow/example_dags/subdags/subdag.py
[2026-07-22 13:23:08,397] {processor.py:642} INFO - Processing file /home/airflow/.local/lib/python3.6/site-packages/airflow/example_dags/subdags/subdag.py for tasks to queue
[2026-07-22 13:23:08,399] {logging_mixin.py:109} INFO - [2026-07-22 13:23:08,399] {dagbag.py:500} INFO - Filling up the DagBag from /home/airflow/.local/lib/python3.6/site-packages/airflow/example_dags/subdags/subdag.py
[2026-07-22 13:23:08,432] {processor.py:656} WARNING - No viable dags retrieved from /home/airflow/.local/lib/python3.6/site-packages/airflow/example_dags/subdags/subdag.py
[2026-07-22 13:23:08,437] {processor.py:171} INFO - Processing /home/airflow/.local/lib/python3.6/site-packages/airflow/example_dags/subdags/subdag.py took 0.046 seconds
[2026-07-22 13:23:39,036] {processor.py:163} INFO - Started process (PID=2537) to work on /home/airflow/.local/lib/python3.6/site-packages/airflow/example_dags/subdags/subdag.py
[2026-07-22 13:23:39,038] {processor.py:642} INFO - Processing file /home/airflow/.local/lib/python3.6/site-packages/airflow/example_dags/subdags/subdag.py for tasks to queue
[2026-07-22 13:23:39,040] {logging_mixin.py:109} INFO - [2026-07-22 13:23:39,040] {dagbag.py:500} INFO - Filling up the DagBag from /home/airflow/.local/lib/python3.6/site-packages/airflow/example_dags/subdags/subdag.py
[2026-07-22 13:23:39,067] {processor.py:656} WARNING - No viable dags retrieved from /home/airflow/.local/lib/python3.6/site-packages/airflow/example_dags/subdags/subdag.py
[2026-07-22 13:23:39,073] {processor.py:171} INFO - Processing /home/airflow/.local/lib/python3.6/site-packages/airflow/example_dags/subdags/subdag.py took 0.040 seconds
[2026-07-22 13:24:09,719] {processor.py:163} INFO - Started process (PID=2628) to work on /home/airflow/.local/lib/python3.6/site-packages/airflow/example_dags/subdags/subdag.py
[2026-07-22 13:24:09,721] {processor.py:642} INFO - Processing file /home/airflow/.local/lib/python3.6/site-packages/airflow/example_dags/subdags/subdag.py for tasks to queue
[2026-07-22 13:24:09,724] {logging_mixin.py:109} INFO - [2026-07-22 13:24:09,723] {dagbag.py:500} INFO - Filling up the DagBag from /home/airflow/.local/lib/python3.6/site-packages/airflow/example_dags/subdags/subdag.py
[2026-07-22 13:24:09,756] {processor.py:656} WARNING - No viable dags retrieved from /home/airflow/.local/lib/python3.6/site-packages/airflow/example_dags/subdags/subdag.py
[2026-07-22 13:24:09,762] {processor.py:171} INFO - Processing /home/airflow/.local/lib/python3.6/site-packages/airflow/example_dags/subdags/subdag.py took 0.047 seconds
[2026-07-22 13:24:40,416] {processor.py:163} INFO - Started process (PID=2715) to work on /home/airflow/.local/lib/python3.6/site-packages/airflow/example_dags/subdags/subdag.py
[2026-07-22 13:24:40,423] {processor.py:642} INFO - Processing file /home/airflow/.local/lib/python3.6/site-packages/airflow/example_dags/subdags/subdag.py for tasks to queue
[2026-07-22 13:24:40,425] {logging_mixin.py:109} INFO - [2026-07-22 13:24:40,425] {dagbag.py:500} INFO - Filling up the DagBag from /home/airflow/.local/lib/python3.6/site-packages/airflow/example_dags/subdags/subdag.py
[2026-07-22 13:24:40,456] {processor.py:656} WARNING - No viable dags retrieved from /home/airflow/.local/lib/python3.6/site-packages/airflow/example_dags/subdags/subdag.py
[2026-07-22 13:24:40,461] {processor.py:171} INFO - Processing /home/airflow/.local/lib/python3.6/site-packages/airflow/example_dags/subdags/subdag.py took 0.051 seconds
[2026-07-22 13:25:12,115] {processor.py:163} INFO - Started process (PID=2791) to work on /home/airflow/.local/lib/python3.6/site-packages/airflow/example_dags/subdags/subdag.py
[2026-07-22 13:25:12,121] {processor.py:642} INFO - Processing file /home/airflow/.local/lib/python3.6/site-packages/airflow/example_dags/subdags/subdag.py for tasks to queue
[2026-07-22 13:25:12,124] {logging_mixin.py:109} INFO - [2026-07-22 13:25:12,123] {dagbag.py:500} INFO - Filling up the DagBag from /home/airflow/.local/lib/python3.6/site-packages/airflow/example_dags/subdags/subdag.py
[2026-07-22 13:25:12,178] {processor.py:656} WARNING - No viable dags retrieved from /home/airflow/.local/lib/python3.6/site-packages/airflow/example_dags/subdags/subdag.py
[2026-07-22 13:25:12,187] {processor.py:171} INFO - Processing /home/airflow/.local/lib/python3.6/site-packages/airflow/example_dags/subdags/subdag.py took 0.083 seconds
[2026-07-22 13:25:43,065] {processor.py:163} INFO - Started process (PID=2875) to work on /home/airflow/.local/lib/python3.6/site-packages/airflow/example_dags/subdags/subdag.py
[2026-07-22 13:25:43,068] {processor.py:642} INFO - Processing file /home/airflow/.local/lib/python3.6/site-packages/airflow/example_dags/subdags/subdag.py for tasks to queue
[2026-07-22 13:25:43,070] {logging_mixin.py:109} INFO - [2026-07-22 13:25:43,070] {dagbag.py:500} INFO - Filling up the DagBag from /home/airflow/.local/lib/python3.6/site-packages/airflow/example_dags/subdags/subdag.py
[2026-07-22 13:25:43,104] {processor.py:656} WARNING - No viable dags retrieved from /home/airflow/.local/lib/python3.6/site-packages/airflow/example_dags/subdags/subdag.py
[2026-07-22 13:25:43,111] {processor.py:171} INFO - Processing /home/airflow/.local/lib/python3.6/site-packages/airflow/example_dags/subdags/subdag.py took 0.050 seconds
[2026-07-22 13:26:14,249] {processor.py:163} INFO - Started process (PID=2959) to work on /home/airflow/.local/lib/python3.6/site-packages/airflow/example_dags/subdags/subdag.py
[2026-07-22 13:26:14,252] {processor.py:642} INFO - Processing file /home/airflow/.local/lib/python3.6/site-packages/airflow/example_dags/subdags/subdag.py for tasks to queue
[2026-07-22 13:26:14,254] {logging_mixin.py:109} INFO - [2026-07-22 13:26:14,253] {dagbag.py:500} INFO - Filling up the DagBag from /home/airflow/.local/lib/python3.6/site-packages/airflow/example_dags/subdags/subdag.py
[2026-07-22 13:26:14,293] {processor.py:656} WARNING - No viable dags retrieved from /home/airflow/.local/lib/python3.6/site-packages/airflow/example_dags/subdags/subdag.py
[2026-07-22 13:26:14,302] {processor.py:171} INFO - Processing /home/airflow/.local/lib/python3.6/site-packages/airflow/example_dags/subdags/subdag.py took 0.058 seconds
[2026-07-22 13:26:45,571] {processor.py:163} INFO - Started process (PID=3053) to work on /home/airflow/.local/lib/python3.6/site-packages/airflow/example_dags/subdags/subdag.py
[2026-07-22 13:26:45,575] {processor.py:642} INFO - Processing file /home/airflow/.local/lib/python3.6/site-packages/airflow/example_dags/subdags/subdag.py for tasks to queue
[2026-07-22 13:26:45,580] {logging_mixin.py:109} INFO - [2026-07-22 13:26:45,580] {dagbag.py:500} INFO - Filling up the DagBag from /home/airflow/.local/lib/python3.6/site-packages/airflow/example_dags/subdags/subdag.py
[2026-07-22 13:26:45,654] {processor.py:656} WARNING - No viable dags retrieved from /home/airflow/.local/lib/python3.6/site-packages/airflow/example_dags/subdags/subdag.py
[2026-07-22 13:26:45,670] {processor.py:171} INFO - Processing /home/airflow/.local/lib/python3.6/site-packages/airflow/example_dags/subdags/subdag.py took 0.108 seconds
[2026-07-22 13:27:16,037] {processor.py:163} INFO - Started process (PID=3130) to work on /home/airflow/.local/lib/python3.6/site-packages/airflow/example_dags/subdags/subdag.py
[2026-07-22 13:27:16,040] {processor.py:642} INFO - Processing file /home/airflow/.local/lib/python3.6/site-packages/airflow/example_dags/subdags/subdag.py for tasks to queue
[2026-07-22 13:27:16,042] {logging_mixin.py:109} INFO - [2026-07-22 13:27:16,042] {dagbag.py:500} INFO - Filling up the DagBag from /home/airflow/.local/lib/python3.6/site-packages/airflow/example_dags/subdags/subdag.py
[2026-07-22 13:27:16,081] {processor.py:656} WARNING - No viable dags retrieved from /home/airflow/.local/lib/python3.6/site-packages/airflow/example_dags/subdags/subdag.py
[2026-07-22 13:27:16,088] {processor.py:171} INFO - Processing /home/airflow/.local/lib/python3.6/site-packages/airflow/example_dags/subdags/subdag.py took 0.055 seconds
[2026-07-22 13:27:46,414] {processor.py:163} INFO - Started process (PID=3215) to work on /home/airflow/.local/lib/python3.6/site-packages/airflow/example_dags/subdags/subdag.py
[2026-07-22 13:27:46,417] {processor.py:642} INFO - Processing file /home/airflow/.local/lib/python3.6/site-packages/airflow/example_dags/subdags/subdag.py for tasks to queue
[2026-07-22 13:27:46,419] {logging_mixin.py:109} INFO - [2026-07-22 13:27:46,419] {dagbag.py:500} INFO - Filling up the DagBag from /home/airflow/.local/lib/python3.6/site-packages/airflow/example_dags/subdags/subdag.py
[2026-07-22 13:27:46,462] {processor.py:656} WARNING - No viable dags retrieved from /home/airflow/.local/lib/python3.6/site-packages/airflow/example_dags/subdags/subdag.py
[2026-07-22 13:27:46,474] {processor.py:171} INFO - Processing /home/airflow/.local/lib/python3.6/site-packages/airflow/example_dags/subdags/subdag.py took 0.066 seconds
[2026-07-22 13:28:17,223] {processor.py:163} INFO - Started process (PID=3299) to work on /home/airflow/.local/lib/python3.6/site-packages/airflow/example_dags/subdags/subdag.py
[2026-07-22 13:28:17,227] {processor.py:642} INFO - Processing file /home/airflow/.local/lib/python3.6/site-packages/airflow/example_dags/subdags/subdag.py for tasks to queue
[2026-07-22 13:28:17,229] {logging_mixin.py:109} INFO - [2026-07-22 13:28:17,229] {dagbag.py:500} INFO - Filling up the DagBag from /home/airflow/.local/lib/python3.6/site-packages/airflow/example_dags/subdags/subdag.py
[2026-07-22 13:28:17,270] {processor.py:656} WARNING - No viable dags retrieved from /home/airflow/.local/lib/python3.6/site-packages/airflow/example_dags/subdags/subdag.py
[2026-07-22 13:28:17,278] {processor.py:171} INFO - Processing /home/airflow/.local/lib/python3.6/site-packages/airflow/example_dags/subdags/subdag.py took 0.062 seconds
[2026-07-22 13:28:47,472] {processor.py:163} INFO - Started process (PID=3383) to work on /home/airflow/.local/lib/python3.6/site-packages/airflow/example_dags/subdags/subdag.py
[2026-07-22 13:28:47,475] {processor.py:642} INFO - Processing file /home/airflow/.local/lib/python3.6/site-packages/airflow/example_dags/subdags/subdag.py for tasks to queue
[2026-07-22 13:28:47,477] {logging_mixin.py:109} INFO - [2026-07-22 13:28:47,477] {dagbag.py:500} INFO - Filling up the DagBag from /home/airflow/.local/lib/python3.6/site-packages/airflow/example_dags/subdags/subdag.py
[2026-07-22 13:28:47,515] {processor.py:656} WARNING - No viable dags retrieved from /home/airflow/.local/lib/python3.6/site-packages/airflow/example_dags/subdags/subdag.py
[2026-07-22 13:28:47,523] {processor.py:171} INFO - Processing /home/airflow/.local/lib/python3.6/site-packages/airflow/example_dags/subdags/subdag.py took 0.057 seconds
[2026-07-22 13:29:17,733] {processor.py:163} INFO - Started process (PID=3467) to work on /home/airflow/.local/lib/python3.6/site-packages/airflow/example_dags/subdags/subdag.py
[2026-07-22 13:29:17,736] {processor.py:642} INFO - Processing file /home/airflow/.local/lib/python3.6/site-packages/airflow/example_dags/subdags/subdag.py for tasks to queue
[2026-07-22 13:29:17,739] {logging_mixin.py:109} INFO - [2026-07-22 13:29:17,738] {dagbag.py:500} INFO - Filling up the DagBag from /home/airflow/.local/lib/python3.6/site-packages/airflow/example_dags/subdags/subdag.py
[2026-07-22 13:29:17,778] {processor.py:656} WARNING - No viable dags retrieved from /home/airflow/.local/lib/python3.6/site-packages/airflow/example_dags/subdags/subdag.py
[2026-07-22 13:29:17,786] {processor.py:171} INFO - Processing /home/airflow/.local/lib/python3.6/site-packages/airflow/example_dags/subdags/subdag.py took 0.059 seconds
[2026-07-22 13:29:48,088] {processor.py:163} INFO - Started process (PID=3563) to work on /home/airflow/.local/lib/python3.6/site-packages/airflow/example_dags/subdags/subdag.py
[2026-07-22 13:29:48,091] {processor.py:642} INFO - Processing file /home/airflow/.local/lib/python3.6/site-packages/airflow/example_dags/subdags/subdag.py for tasks to queue
[2026-07-22 13:29:48,094] {logging_mixin.py:109} INFO - [2026-07-22 13:29:48,093] {dagbag.py:500} INFO - Filling up the DagBag from /home/airflow/.local/lib/python3.6/site-packages/airflow/example_dags/subdags/subdag.py
[2026-07-22 13:29:48,135] {processor.py:656} WARNING - No viable dags retrieved from /home/airflow/.local/lib/python3.6/site-packages/airflow/example_dags/subdags/subdag.py
[2026-07-22 13:29:48,143] {processor.py:171} INFO - Processing /home/airflow/.local/lib/python3.6/site-packages/airflow/example_dags/subdags/subdag.py took 0.059 seconds
[2026-07-22 13:30:18,539] {processor.py:163} INFO - Started process (PID=3647) to work on /home/airflow/.local/lib/python3.6/site-packages/airflow/example_dags/subdags/subdag.py
[2026-07-22 13:30:18,542] {processor.py:642} INFO - Processing file /home/airflow/.local/lib/python3.6/site-packages/airflow/example_dags/subdags/subdag.py for tasks to queue
[2026-07-22 13:30:18,545] {logging_mixin.py:109} INFO - [2026-07-22 13:30:18,545] {dagbag.py:500} INFO - Filling up the DagBag from /home/airflow/.local/lib/python3.6/site-packages/airflow/example_dags/subdags/subdag.py
[2026-07-22 13:30:18,575] {processor.py:656} WARNING - No viable dags retrieved from /home/airflow/.local/lib/python3.6/site-packages/airflow/example_dags/subdags/subdag.py
[2026-07-22 13:30:18,583] {processor.py:171} INFO - Processing /home/airflow/.local/lib/python3.6/site-packages/airflow/example_dags/subdags/subdag.py took 0.048 seconds
[2026-07-22 13:30:49,164] {processor.py:163} INFO - Started process (PID=3732) to work on /home/airflow/.local/lib/python3.6/site-packages/airflow/example_dags/subdags/subdag.py
[2026-07-22 13:30:49,167] {processor.py:642} INFO - Processing file /home/airflow/.local/lib/python3.6/site-packages/airflow/example_dags/subdags/subdag.py for tasks to queue
[2026-07-22 13:30:49,170] {logging_mixin.py:109} INFO - [2026-07-22 13:30:49,170] {dagbag.py:500} INFO - Filling up the DagBag from /home/airflow/.local/lib/python3.6/site-packages/airflow/example_dags/subdags/subdag.py
[2026-07-22 13:30:49,221] {processor.py:656} WARNING - No viable dags retrieved from /home/airflow/.local/lib/python3.6/site-packages/airflow/example_dags/subdags/subdag.py
[2026-07-22 13:30:49,236] {processor.py:171} INFO - Processing /home/airflow/.local/lib/python3.6/site-packages/airflow/example_dags/subdags/subdag.py took 0.078 seconds
[2026-07-22 13:31:19,882] {processor.py:163} INFO - Started process (PID=3817) to work on /home/airflow/.local/lib/python3.6/site-packages/airflow/example_dags/subdags/subdag.py
[2026-07-22 13:31:19,885] {processor.py:642} INFO - Processing file /home/airflow/.local/lib/python3.6/site-packages/airflow/example_dags/subdags/subdag.py for tasks to queue
[2026-07-22 13:31:19,887] {logging_mixin.py:109} INFO - [2026-07-22 13:31:19,887] {dagbag.py:500} INFO - Filling up the DagBag from /home/airflow/.local/lib/python3.6/site-packages/airflow/example_dags/subdags/subdag.py
[2026-07-22 13:31:19,921] {processor.py:656} WARNING - No viable dags retrieved from /home/airflow/.local/lib/python3.6/site-packages/airflow/example_dags/subdags/subdag.py
[2026-07-22 13:31:19,933] {processor.py:171} INFO - Processing /home/airflow/.local/lib/python3.6/site-packages/airflow/example_dags/subdags/subdag.py took 0.055 seconds
[2026-07-22 13:31:50,682] {processor.py:163} INFO - Started process (PID=3902) to work on /home/airflow/.local/lib/python3.6/site-packages/airflow/example_dags/subdags/subdag.py
[2026-07-22 13:31:50,690] {processor.py:642} INFO - Processing file /home/airflow/.local/lib/python3.6/site-packages/airflow/example_dags/subdags/subdag.py for tasks to queue
[2026-07-22 13:31:50,693] {logging_mixin.py:109} INFO - [2026-07-22 13:31:50,693] {dagbag.py:500} INFO - Filling up the DagBag from /home/airflow/.local/lib/python3.6/site-packages/airflow/example_dags/subdags/subdag.py
[2026-07-22 13:31:50,761] {processor.py:656} WARNING - No viable dags retrieved from /home/airflow/.local/lib/python3.6/site-packages/airflow/example_dags/subdags/subdag.py
[2026-07-22 13:31:50,786] {processor.py:171} INFO - Processing /home/airflow/.local/lib/python3.6/site-packages/airflow/example_dags/subdags/subdag.py took 0.112 seconds
[2026-07-22 13:32:21,191] {processor.py:163} INFO - Started process (PID=3986) to work on /home/airflow/.local/lib/python3.6/site-packages/airflow/example_dags/subdags/subdag.py
[2026-07-22 13:32:21,193] {processor.py:642} INFO - Processing file /home/airflow/.local/lib/python3.6/site-packages/airflow/example_dags/subdags/subdag.py for tasks to queue
[2026-07-22 13:32:21,195] {logging_mixin.py:109} INFO - [2026-07-22 13:32:21,195] {dagbag.py:500} INFO - Filling up the DagBag from /home/airflow/.local/lib/python3.6/site-packages/airflow/example_dags/subdags/subdag.py
[2026-07-22 13:32:21,227] {processor.py:656} WARNING - No viable dags retrieved from /home/airflow/.local/lib/python3.6/site-packages/airflow/example_dags/subdags/subdag.py
[2026-07-22 13:32:21,234] {processor.py:171} INFO - Processing /home/airflow/.local/lib/python3.6/site-packages/airflow/example_dags/subdags/subdag.py took 0.048 seconds
[2026-07-22 13:32:52,207] {processor.py:163} INFO - Started process (PID=4071) to work on /home/airflow/.local/lib/python3.6/site-packages/airflow/example_dags/subdags/subdag.py
[2026-07-22 13:32:52,210] {processor.py:642} INFO - Processing file /home/airflow/.local/lib/python3.6/site-packages/airflow/example_dags/subdags/subdag.py for tasks to queue
[2026-07-22 13:32:52,213] {logging_mixin.py:109} INFO - [2026-07-22 13:32:52,212] {dagbag.py:500} INFO - Filling up the DagBag from /home/airflow/.local/lib/python3.6/site-packages/airflow/example_dags/subdags/subdag.py
[2026-07-22 13:32:52,246] {processor.py:656} WARNING - No viable dags retrieved from /home/airflow/.local/lib/python3.6/site-packages/airflow/example_dags/subdags/subdag.py
[2026-07-22 13:32:52,253] {processor.py:171} INFO - Processing /home/airflow/.local/lib/python3.6/site-packages/airflow/example_dags/subdags/subdag.py took 0.051 seconds
[2026-07-22 13:33:22,348] {processor.py:163} INFO - Started process (PID=4155) to work on /home/airflow/.local/lib/python3.6/site-packages/airflow/example_dags/subdags/subdag.py
[2026-07-22 13:33:22,350] {processor.py:642} INFO - Processing file /home/airflow/.local/lib/python3.6/site-packages/airflow/example_dags/subdags/subdag.py for tasks to queue
[2026-07-22 13:33:22,353] {logging_mixin.py:109} INFO - [2026-07-22 13:33:22,352] {dagbag.py:500} INFO - Filling up the DagBag from /home/airflow/.local/lib/python3.6/site-packages/airflow/example_dags/subdags/subdag.py
[2026-07-22 13:33:22,390] {processor.py:656} WARNING - No viable dags retrieved from /home/airflow/.local/lib/python3.6/site-packages/airflow/example_dags/subdags/subdag.py
[2026-07-22 13:33:22,398] {processor.py:171} INFO - Processing /home/airflow/.local/lib/python3.6/site-packages/airflow/example_dags/subdags/subdag.py took 0.057 seconds
[2026-07-22 13:33:53,723] {processor.py:163} INFO - Started process (PID=4240) to work on /home/airflow/.local/lib/python3.6/site-packages/airflow/example_dags/subdags/subdag.py
[2026-07-22 13:33:53,725] {processor.py:642} INFO - Processing file /home/airflow/.local/lib/python3.6/site-packages/airflow/example_dags/subdags/subdag.py for tasks to queue
[2026-07-22 13:33:53,727] {logging_mixin.py:109} INFO - [2026-07-22 13:33:53,727] {dagbag.py:500} INFO - Filling up the DagBag from /home/airflow/.local/lib/python3.6/site-packages/airflow/example_dags/subdags/subdag.py
[2026-07-22 13:33:53,764] {processor.py:656} WARNING - No viable dags retrieved from /home/airflow/.local/lib/python3.6/site-packages/airflow/example_dags/subdags/subdag.py
[2026-07-22 13:33:53,775] {processor.py:171} INFO - Processing /home/airflow/.local/lib/python3.6/site-packages/airflow/example_dags/subdags/subdag.py took 0.056 seconds
[2026-07-22 13:34:25,370] {processor.py:163} INFO - Started process (PID=4324) to work on /home/airflow/.local/lib/python3.6/site-packages/airflow/example_dags/subdags/subdag.py
[2026-07-22 13:34:25,373] {processor.py:642} INFO - Processing file /home/airflow/.local/lib/python3.6/site-packages/airflow/example_dags/subdags/subdag.py for tasks to queue
[2026-07-22 13:34:25,376] {logging_mixin.py:109} INFO - [2026-07-22 13:34:25,376] {dagbag.py:500} INFO - Filling up the DagBag from /home/airflow/.local/lib/python3.6/site-packages/airflow/example_dags/subdags/subdag.py
[2026-07-22 13:34:25,416] {processor.py:656} WARNING - No viable dags retrieved from /home/airflow/.local/lib/python3.6/site-packages/airflow/example_dags/subdags/subdag.py
[2026-07-22 13:34:25,426] {processor.py:171} INFO - Processing /home/airflow/.local/lib/python3.6/site-packages/airflow/example_dags/subdags/subdag.py took 0.061 seconds
[2026-07-22 13:34:56,790] {processor.py:163} INFO - Started process (PID=4408) to work on /home/airflow/.local/lib/python3.6/site-packages/airflow/example_dags/subdags/subdag.py
[2026-07-22 13:34:56,800] {processor.py:642} INFO - Processing file /home/airflow/.local/lib/python3.6/site-packages/airflow/example_dags/subdags/subdag.py for tasks to queue
[2026-07-22 13:34:56,810] {logging_mixin.py:109} INFO - [2026-07-22 13:34:56,810] {dagbag.py:500} INFO - Filling up the DagBag from /home/airflow/.local/lib/python3.6/site-packages/airflow/example_dags/subdags/subdag.py
[2026-07-22 13:34:56,902] {processor.py:656} WARNING - No viable dags retrieved from /home/airflow/.local/lib/python3.6/site-packages/airflow/example_dags/subdags/subdag.py
[2026-07-22 13:34:56,912] {processor.py:171} INFO - Processing /home/airflow/.local/lib/python3.6/site-packages/airflow/example_dags/subdags/subdag.py took 0.131 seconds
[2026-07-22 13:35:28,217] {processor.py:163} INFO - Started process (PID=4500) to work on /home/airflow/.local/lib/python3.6/site-packages/airflow/example_dags/subdags/subdag.py
[2026-07-22 13:35:28,220] {processor.py:642} INFO - Processing file /home/airflow/.local/lib/python3.6/site-packages/airflow/example_dags/subdags/subdag.py for tasks to queue
[2026-07-22 13:35:28,223] {logging_mixin.py:109} INFO - [2026-07-22 13:35:28,222] {dagbag.py:500} INFO - Filling up the DagBag from /home/airflow/.local/lib/python3.6/site-packages/airflow/example_dags/subdags/subdag.py
[2026-07-22 13:35:28,263] {processor.py:656} WARNING - No viable dags retrieved from /home/airflow/.local/lib/python3.6/site-packages/airflow/example_dags/subdags/subdag.py
[2026-07-22 13:35:28,278] {processor.py:171} INFO - Processing /home/airflow/.local/lib/python3.6/site-packages/airflow/example_dags/subdags/subdag.py took 0.065 seconds
[2026-07-22 13:36:00,320] {processor.py:163} INFO - Started process (PID=4584) to work on /home/airflow/.local/lib/python3.6/site-packages/airflow/example_dags/subdags/subdag.py
[2026-07-22 13:36:00,331] {processor.py:642} INFO - Processing file /home/airflow/.local/lib/python3.6/site-packages/airflow/example_dags/subdags/subdag.py for tasks to queue
[2026-07-22 13:36:00,338] {logging_mixin.py:109} INFO - [2026-07-22 13:36:00,338] {dagbag.py:500} INFO - Filling up the DagBag from /home/airflow/.local/lib/python3.6/site-packages/airflow/example_dags/subdags/subdag.py
[2026-07-22 13:36:00,394] {processor.py:656} WARNING - No viable dags retrieved from /home/airflow/.local/lib/python3.6/site-packages/airflow/example_dags/subdags/subdag.py
[2026-07-22 13:36:00,406] {processor.py:171} INFO - Processing /home/airflow/.local/lib/python3.6/site-packages/airflow/example_dags/subdags/subdag.py took 0.092 seconds
[2026-07-22 13:36:30,848] {processor.py:163} INFO - Started process (PID=4659) to work on /home/airflow/.local/lib/python3.6/site-packages/airflow/example_dags/subdags/subdag.py
[2026-07-22 13:36:30,850] {processor.py:642} INFO - Processing file /home/airflow/.local/lib/python3.6/site-packages/airflow/example_dags/subdags/subdag.py for tasks to queue
[2026-07-22 13:36:30,852] {logging_mixin.py:109} INFO - [2026-07-22 13:36:30,852] {dagbag.py:500} INFO - Filling up the DagBag from /home/airflow/.local/lib/python3.6/site-packages/airflow/example_dags/subdags/subdag.py
[2026-07-22 13:36:30,886] {processor.py:656} WARNING - No viable dags retrieved from /home/airflow/.local/lib/python3.6/site-packages/airflow/example_dags/subdags/subdag.py
[2026-07-22 13:36:30,894] {processor.py:171} INFO - Processing /home/airflow/.local/lib/python3.6/site-packages/airflow/example_dags/subdags/subdag.py took 0.051 seconds
[2026-07-22 13:37:01,011] {processor.py:163} INFO - Started process (PID=4742) to work on /home/airflow/.local/lib/python3.6/site-packages/airflow/example_dags/subdags/subdag.py
[2026-07-22 13:37:01,014] {processor.py:642} INFO - Processing file /home/airflow/.local/lib/python3.6/site-packages/airflow/example_dags/subdags/subdag.py for tasks to queue
[2026-07-22 13:37:01,016] {logging_mixin.py:109} INFO - [2026-07-22 13:37:01,016] {dagbag.py:500} INFO - Filling up the DagBag from /home/airflow/.local/lib/python3.6/site-packages/airflow/example_dags/subdags/subdag.py
[2026-07-22 13:37:01,041] {processor.py:656} WARNING - No viable dags retrieved from /home/airflow/.local/lib/python3.6/site-packages/airflow/example_dags/subdags/subdag.py
[2026-07-22 13:37:01,047] {processor.py:171} INFO - Processing /home/airflow/.local/lib/python3.6/site-packages/airflow/example_dags/subdags/subdag.py took 0.039 seconds
[2026-07-22 13:37:32,796] {processor.py:163} INFO - Started process (PID=4837) to work on /home/airflow/.local/lib/python3.6/site-packages/airflow/example_dags/subdags/subdag.py
[2026-07-22 13:37:32,799] {processor.py:642} INFO - Processing file /home/airflow/.local/lib/python3.6/site-packages/airflow/example_dags/subdags/subdag.py for tasks to queue
[2026-07-22 13:37:32,802] {logging_mixin.py:109} INFO - [2026-07-22 13:37:32,801] {dagbag.py:500} INFO - Filling up the DagBag from /home/airflow/.local/lib/python3.6/site-packages/airflow/example_dags/subdags/subdag.py
[2026-07-22 13:37:32,837] {processor.py:656} WARNING - No viable dags retrieved from /home/airflow/.local/lib/python3.6/site-packages/airflow/example_dags/subdags/subdag.py
[2026-07-22 13:37:32,845] {processor.py:171} INFO - Processing /home/airflow/.local/lib/python3.6/site-packages/airflow/example_dags/subdags/subdag.py took 0.054 seconds
[2026-07-22 13:38:03,563] {processor.py:163} INFO - Started process (PID=4921) to work on /home/airflow/.local/lib/python3.6/site-packages/airflow/example_dags/subdags/subdag.py
[2026-07-22 13:38:03,566] {processor.py:642} INFO - Processing file /home/airflow/.local/lib/python3.6/site-packages/airflow/example_dags/subdags/subdag.py for tasks to queue
[2026-07-22 13:38:03,569] {logging_mixin.py:109} INFO - [2026-07-22 13:38:03,569] {dagbag.py:500} INFO - Filling up the DagBag from /home/airflow/.local/lib/python3.6/site-packages/airflow/example_dags/subdags/subdag.py
[2026-07-22 13:38:03,604] {processor.py:656} WARNING - No viable dags retrieved from /home/airflow/.local/lib/python3.6/site-packages/airflow/example_dags/subdags/subdag.py
[2026-07-22 13:38:03,611] {processor.py:171} INFO - Processing /home/airflow/.local/lib/python3.6/site-packages/airflow/example_dags/subdags/subdag.py took 0.052 seconds
[2026-07-22 13:38:34,358] {processor.py:163} INFO - Started process (PID=5006) to work on /home/airflow/.local/lib/python3.6/site-packages/airflow/example_dags/subdags/subdag.py
[2026-07-22 13:38:34,360] {processor.py:642} INFO - Processing file /home/airflow/.local/lib/python3.6/site-packages/airflow/example_dags/subdags/subdag.py for tasks to queue
[2026-07-22 13:38:34,362] {logging_mixin.py:109} INFO - [2026-07-22 13:38:34,362] {dagbag.py:500} INFO - Filling up the DagBag from /home/airflow/.local/lib/python3.6/site-packages/airflow/example_dags/subdags/subdag.py
[2026-07-22 13:38:34,389] {processor.py:656} WARNING - No viable dags retrieved from /home/airflow/.local/lib/python3.6/site-packages/airflow/example_dags/subdags/subdag.py
[2026-07-22 13:38:34,395] {processor.py:171} INFO - Processing /home/airflow/.local/lib/python3.6/site-packages/airflow/example_dags/subdags/subdag.py took 0.041 seconds
[2026-07-22 13:39:06,591] {processor.py:163} INFO - Started process (PID=5090) to work on /home/airflow/.local/lib/python3.6/site-packages/airflow/example_dags/subdags/subdag.py
[2026-07-22 13:39:06,595] {processor.py:642} INFO - Processing file /home/airflow/.local/lib/python3.6/site-packages/airflow/example_dags/subdags/subdag.py for tasks to queue
[2026-07-22 13:39:06,597] {logging_mixin.py:109} INFO - [2026-07-22 13:39:06,597] {dagbag.py:500} INFO - Filling up the DagBag from /home/airflow/.local/lib/python3.6/site-packages/airflow/example_dags/subdags/subdag.py
[2026-07-22 13:39:06,648] {processor.py:656} WARNING - No viable dags retrieved from /home/airflow/.local/lib/python3.6/site-packages/airflow/example_dags/subdags/subdag.py
[2026-07-22 13:39:06,657] {processor.py:171} INFO - Processing /home/airflow/.local/lib/python3.6/site-packages/airflow/example_dags/subdags/subdag.py took 0.075 seconds
[2026-07-22 13:39:38,087] {processor.py:163} INFO - Started process (PID=5174) to work on /home/airflow/.local/lib/python3.6/site-packages/airflow/example_dags/subdags/subdag.py
[2026-07-22 13:39:38,092] {processor.py:642} INFO - Processing file /home/airflow/.local/lib/python3.6/site-packages/airflow/example_dags/subdags/subdag.py for tasks to queue
[2026-07-22 13:39:38,095] {logging_mixin.py:109} INFO - [2026-07-22 13:39:38,095] {dagbag.py:500} INFO - Filling up the DagBag from /home/airflow/.local/lib/python3.6/site-packages/airflow/example_dags/subdags/subdag.py
[2026-07-22 13:39:38,136] {processor.py:656} WARNING - No viable dags retrieved from /home/airflow/.local/lib/python3.6/site-packages/airflow/example_dags/subdags/subdag.py
[2026-07-22 13:39:38,145] {processor.py:171} INFO - Processing /home/airflow/.local/lib/python3.6/site-packages/airflow/example_dags/subdags/subdag.py took 0.063 seconds
[2026-07-22 13:40:09,299] {processor.py:163} INFO - Started process (PID=5258) to work on /home/airflow/.local/lib/python3.6/site-packages/airflow/example_dags/subdags/subdag.py
[2026-07-22 13:40:09,302] {processor.py:642} INFO - Processing file /home/airflow/.local/lib/python3.6/site-packages/airflow/example_dags/subdags/subdag.py for tasks to queue
[2026-07-22 13:40:09,304] {logging_mixin.py:109} INFO - [2026-07-22 13:40:09,304] {dagbag.py:500} INFO - Filling up the DagBag from /home/airflow/.local/lib/python3.6/site-packages/airflow/example_dags/subdags/subdag.py
[2026-07-22 13:40:09,347] {processor.py:656} WARNING - No viable dags retrieved from /home/airflow/.local/lib/python3.6/site-packages/airflow/example_dags/subdags/subdag.py
[2026-07-22 13:40:09,355] {processor.py:171} INFO - Processing /home/airflow/.local/lib/python3.6/site-packages/airflow/example_dags/subdags/subdag.py took 0.062 seconds
[2026-07-22 13:40:40,604] {processor.py:163} INFO - Started process (PID=5342) to work on /home/airflow/.local/lib/python3.6/site-packages/airflow/example_dags/subdags/subdag.py
[2026-07-22 13:40:40,607] {processor.py:642} INFO - Processing file /home/airflow/.local/lib/python3.6/site-packages/airflow/example_dags/subdags/subdag.py for tasks to queue
[2026-07-22 13:40:40,612] {logging_mixin.py:109} INFO - [2026-07-22 13:40:40,612] {dagbag.py:500} INFO - Filling up the DagBag from /home/airflow/.local/lib/python3.6/site-packages/airflow/example_dags/subdags/subdag.py
[2026-07-22 13:40:40,685] {processor.py:656} WARNING - No viable dags retrieved from /home/airflow/.local/lib/python3.6/site-packages/airflow/example_dags/subdags/subdag.py
[2026-07-22 13:40:40,695] {processor.py:171} INFO - Processing /home/airflow/.local/lib/python3.6/site-packages/airflow/example_dags/subdags/subdag.py took 0.104 seconds
[2026-07-22 13:41:11,255] {processor.py:163} INFO - Started process (PID=5427) to work on /home/airflow/.local/lib/python3.6/site-packages/airflow/example_dags/subdags/subdag.py
[2026-07-22 13:41:11,258] {processor.py:642} INFO - Processing file /home/airflow/.local/lib/python3.6/site-packages/airflow/example_dags/subdags/subdag.py for tasks to queue
[2026-07-22 13:41:11,260] {logging_mixin.py:109} INFO - [2026-07-22 13:41:11,259] {dagbag.py:500} INFO - Filling up the DagBag from /home/airflow/.local/lib/python3.6/site-packages/airflow/example_dags/subdags/subdag.py
[2026-07-22 13:41:11,289] {processor.py:656} WARNING - No viable dags retrieved from /home/airflow/.local/lib/python3.6/site-packages/airflow/example_dags/subdags/subdag.py
[2026-07-22 13:41:11,296] {processor.py:171} INFO - Processing /home/airflow/.local/lib/python3.6/site-packages/airflow/example_dags/subdags/subdag.py took 0.044 seconds
[2026-07-22 13:41:42,180] {processor.py:163} INFO - Started process (PID=5511) to work on /home/airflow/.local/lib/python3.6/site-packages/airflow/example_dags/subdags/subdag.py
[2026-07-22 13:41:42,184] {processor.py:642} INFO - Processing file /home/airflow/.local/lib/python3.6/site-packages/airflow/example_dags/subdags/subdag.py for tasks to queue
[2026-07-22 13:41:42,186] {logging_mixin.py:109} INFO - [2026-07-22 13:41:42,186] {dagbag.py:500} INFO - Filling up the DagBag from /home/airflow/.local/lib/python3.6/site-packages/airflow/example_dags/subdags/subdag.py
[2026-07-22 13:41:42,231] {processor.py:656} WARNING - No viable dags retrieved from /home/airflow/.local/lib/python3.6/site-packages/airflow/example_dags/subdags/subdag.py
[2026-07-22 13:41:42,238] {processor.py:171} INFO - Processing /home/airflow/.local/lib/python3.6/site-packages/airflow/example_dags/subdags/subdag.py took 0.064 seconds
[2026-07-22 13:42:13,121] {processor.py:163} INFO - Started process (PID=5605) to work on /home/airflow/.local/lib/python3.6/site-packages/airflow/example_dags/subdags/subdag.py
[2026-07-22 13:42:13,125] {processor.py:642} INFO - Processing file /home/airflow/.local/lib/python3.6/site-packages/airflow/example_dags/subdags/subdag.py for tasks to queue
[2026-07-22 13:42:13,127] {logging_mixin.py:109} INFO - [2026-07-22 13:42:13,127] {dagbag.py:500} INFO - Filling up the DagBag from /home/airflow/.local/lib/python3.6/site-packages/airflow/example_dags/subdags/subdag.py
[2026-07-22 13:42:13,181] {processor.py:656} WARNING - No viable dags retrieved from /home/airflow/.local/lib/python3.6/site-packages/airflow/example_dags/subdags/subdag.py
[2026-07-22 13:42:13,192] {processor.py:171} INFO - Processing /home/airflow/.local/lib/python3.6/site-packages/airflow/example_dags/subdags/subdag.py took 0.079 seconds
[2026-07-22 13:42:44,216] {processor.py:163} INFO - Started process (PID=5690) to work on /home/airflow/.local/lib/python3.6/site-packages/airflow/example_dags/subdags/subdag.py
[2026-07-22 13:42:44,220] {processor.py:642} INFO - Processing file /home/airflow/.local/lib/python3.6/site-packages/airflow/example_dags/subdags/subdag.py for tasks to queue
[2026-07-22 13:42:44,222] {logging_mixin.py:109} INFO - [2026-07-22 13:42:44,222] {dagbag.py:500} INFO - Filling up the DagBag from /home/airflow/.local/lib/python3.6/site-packages/airflow/example_dags/subdags/subdag.py
[2026-07-22 13:42:44,277] {processor.py:656} WARNING - No viable dags retrieved from /home/airflow/.local/lib/python3.6/site-packages/airflow/example_dags/subdags/subdag.py
[2026-07-22 13:42:44,287] {processor.py:171} INFO - Processing /home/airflow/.local/lib/python3.6/site-packages/airflow/example_dags/subdags/subdag.py took 0.076 seconds
[2026-07-22 13:43:17,487] {processor.py:163} INFO - Started process (PID=5778) to work on /home/airflow/.local/lib/python3.6/site-packages/airflow/example_dags/subdags/subdag.py
[2026-07-22 13:43:17,497] {processor.py:642} INFO - Processing file /home/airflow/.local/lib/python3.6/site-packages/airflow/example_dags/subdags/subdag.py for tasks to queue
[2026-07-22 13:43:17,511] {logging_mixin.py:109} INFO - [2026-07-22 13:43:17,511] {dagbag.py:500} INFO - Filling up the DagBag from /home/airflow/.local/lib/python3.6/site-packages/airflow/example_dags/subdags/subdag.py
[2026-07-22 13:43:17,595] {processor.py:656} WARNING - No viable dags retrieved from /home/airflow/.local/lib/python3.6/site-packages/airflow/example_dags/subdags/subdag.py
[2026-07-22 13:43:17,610] {processor.py:171} INFO - Processing /home/airflow/.local/lib/python3.6/site-packages/airflow/example_dags/subdags/subdag.py took 0.147 seconds
[2026-07-22 13:43:48,430] {processor.py:163} INFO - Started process (PID=5852) to work on /home/airflow/.local/lib/python3.6/site-packages/airflow/example_dags/subdags/subdag.py
[2026-07-22 13:43:48,434] {processor.py:642} INFO - Processing file /home/airflow/.local/lib/python3.6/site-packages/airflow/example_dags/subdags/subdag.py for tasks to queue
[2026-07-22 13:43:48,436] {logging_mixin.py:109} INFO - [2026-07-22 13:43:48,436] {dagbag.py:500} INFO - Filling up the DagBag from /home/airflow/.local/lib/python3.6/site-packages/airflow/example_dags/subdags/subdag.py
[2026-07-22 13:43:48,489] {processor.py:656} WARNING - No viable dags retrieved from /home/airflow/.local/lib/python3.6/site-packages/airflow/example_dags/subdags/subdag.py
[2026-07-22 13:43:48,500] {processor.py:171} INFO - Processing /home/airflow/.local/lib/python3.6/site-packages/airflow/example_dags/subdags/subdag.py took 0.077 seconds
[2026-07-22 13:44:19,096] {processor.py:163} INFO - Started process (PID=5937) to work on /home/airflow/.local/lib/python3.6/site-packages/airflow/example_dags/subdags/subdag.py
[2026-07-22 13:44:19,101] {processor.py:642} INFO - Processing file /home/airflow/.local/lib/python3.6/site-packages/airflow/example_dags/subdags/subdag.py for tasks to queue
[2026-07-22 13:44:19,105] {logging_mixin.py:109} INFO - [2026-07-22 13:44:19,104] {dagbag.py:500} INFO - Filling up the DagBag from /home/airflow/.local/lib/python3.6/site-packages/airflow/example_dags/subdags/subdag.py
[2026-07-22 13:44:19,162] {processor.py:656} WARNING - No viable dags retrieved from /home/airflow/.local/lib/python3.6/site-packages/airflow/example_dags/subdags/subdag.py
[2026-07-22 13:44:19,170] {processor.py:171} INFO - Processing /home/airflow/.local/lib/python3.6/site-packages/airflow/example_dags/subdags/subdag.py took 0.081 seconds
[2026-07-22 13:44:49,778] {processor.py:163} INFO - Started process (PID=6020) to work on /home/airflow/.local/lib/python3.6/site-packages/airflow/example_dags/subdags/subdag.py
[2026-07-22 13:44:49,781] {processor.py:642} INFO - Processing file /home/airflow/.local/lib/python3.6/site-packages/airflow/example_dags/subdags/subdag.py for tasks to queue
[2026-07-22 13:44:49,783] {logging_mixin.py:109} INFO - [2026-07-22 13:44:49,783] {dagbag.py:500} INFO - Filling up the DagBag from /home/airflow/.local/lib/python3.6/site-packages/airflow/example_dags/subdags/subdag.py
[2026-07-22 13:44:49,822] {processor.py:656} WARNING - No viable dags retrieved from /home/airflow/.local/lib/python3.6/site-packages/airflow/example_dags/subdags/subdag.py
[2026-07-22 13:44:49,830] {processor.py:171} INFO - Processing /home/airflow/.local/lib/python3.6/site-packages/airflow/example_dags/subdags/subdag.py took 0.057 seconds
[2026-07-22 13:45:20,774] {processor.py:163} INFO - Started process (PID=6104) to work on /home/airflow/.local/lib/python3.6/site-packages/airflow/example_dags/subdags/subdag.py
[2026-07-22 13:45:20,778] {processor.py:642} INFO - Processing file /home/airflow/.local/lib/python3.6/site-packages/airflow/example_dags/subdags/subdag.py for tasks to queue
[2026-07-22 13:45:20,782] {logging_mixin.py:109} INFO - [2026-07-22 13:45:20,781] {dagbag.py:500} INFO - Filling up the DagBag from /home/airflow/.local/lib/python3.6/site-packages/airflow/example_dags/subdags/subdag.py
[2026-07-22 13:45:20,811] {processor.py:656} WARNING - No viable dags retrieved from /home/airflow/.local/lib/python3.6/site-packages/airflow/example_dags/subdags/subdag.py
[2026-07-22 13:45:20,817] {processor.py:171} INFO - Processing /home/airflow/.local/lib/python3.6/site-packages/airflow/example_dags/subdags/subdag.py took 0.050 seconds
[2026-07-22 13:45:51,119] {processor.py:163} INFO - Started process (PID=6189) to work on /home/airflow/.local/lib/python3.6/site-packages/airflow/example_dags/subdags/subdag.py
[2026-07-22 13:45:51,121] {processor.py:642} INFO - Processing file /home/airflow/.local/lib/python3.6/site-packages/airflow/example_dags/subdags/subdag.py for tasks to queue
[2026-07-22 13:45:51,123] {logging_mixin.py:109} INFO - [2026-07-22 13:45:51,123] {dagbag.py:500} INFO - Filling up the DagBag from /home/airflow/.local/lib/python3.6/site-packages/airflow/example_dags/subdags/subdag.py
[2026-07-22 13:45:51,155] {processor.py:656} WARNING - No viable dags retrieved from /home/airflow/.local/lib/python3.6/site-packages/airflow/example_dags/subdags/subdag.py
[2026-07-22 13:45:51,161] {processor.py:171} INFO - Processing /home/airflow/.local/lib/python3.6/site-packages/airflow/example_dags/subdags/subdag.py took 0.046 seconds
[2026-07-22 13:46:22,407] {processor.py:163} INFO - Started process (PID=6273) to work on /home/airflow/.local/lib/python3.6/site-packages/airflow/example_dags/subdags/subdag.py
[2026-07-22 13:46:22,412] {processor.py:642} INFO - Processing file /home/airflow/.local/lib/python3.6/site-packages/airflow/example_dags/subdags/subdag.py for tasks to queue
[2026-07-22 13:46:22,415] {logging_mixin.py:109} INFO - [2026-07-22 13:46:22,415] {dagbag.py:500} INFO - Filling up the DagBag from /home/airflow/.local/lib/python3.6/site-packages/airflow/example_dags/subdags/subdag.py
[2026-07-22 13:46:22,461] {processor.py:656} WARNING - No viable dags retrieved from /home/airflow/.local/lib/python3.6/site-packages/airflow/example_dags/subdags/subdag.py
[2026-07-22 13:46:22,470] {processor.py:171} INFO - Processing /home/airflow/.local/lib/python3.6/site-packages/airflow/example_dags/subdags/subdag.py took 0.071 seconds
[2026-07-22 13:46:53,448] {processor.py:163} INFO - Started process (PID=6358) to work on /home/airflow/.local/lib/python3.6/site-packages/airflow/example_dags/subdags/subdag.py
[2026-07-22 13:46:53,450] {processor.py:642} INFO - Processing file /home/airflow/.local/lib/python3.6/site-packages/airflow/example_dags/subdags/subdag.py for tasks to queue
[2026-07-22 13:46:53,452] {logging_mixin.py:109} INFO - [2026-07-22 13:46:53,452] {dagbag.py:500} INFO - Filling up the DagBag from /home/airflow/.local/lib/python3.6/site-packages/airflow/example_dags/subdags/subdag.py
[2026-07-22 13:46:53,488] {processor.py:656} WARNING - No viable dags retrieved from /home/airflow/.local/lib/python3.6/site-packages/airflow/example_dags/subdags/subdag.py
[2026-07-22 13:46:53,496] {processor.py:171} INFO - Processing /home/airflow/.local/lib/python3.6/site-packages/airflow/example_dags/subdags/subdag.py took 0.054 seconds
[2026-07-22 13:47:24,384] {processor.py:163} INFO - Started process (PID=6444) to work on /home/airflow/.local/lib/python3.6/site-packages/airflow/example_dags/subdags/subdag.py
[2026-07-22 13:47:24,387] {processor.py:642} INFO - Processing file /home/airflow/.local/lib/python3.6/site-packages/airflow/example_dags/subdags/subdag.py for tasks to queue
[2026-07-22 13:47:24,390] {logging_mixin.py:109} INFO - [2026-07-22 13:47:24,390] {dagbag.py:500} INFO - Filling up the DagBag from /home/airflow/.local/lib/python3.6/site-packages/airflow/example_dags/subdags/subdag.py
[2026-07-22 13:47:24,434] {processor.py:656} WARNING - No viable dags retrieved from /home/airflow/.local/lib/python3.6/site-packages/airflow/example_dags/subdags/subdag.py
[2026-07-22 13:47:24,443] {processor.py:171} INFO - Processing /home/airflow/.local/lib/python3.6/site-packages/airflow/example_dags/subdags/subdag.py took 0.065 seconds
[2026-07-22 13:47:56,165] {processor.py:163} INFO - Started process (PID=6542) to work on /home/airflow/.local/lib/python3.6/site-packages/airflow/example_dags/subdags/subdag.py
[2026-07-22 13:47:56,168] {processor.py:642} INFO - Processing file /home/airflow/.local/lib/python3.6/site-packages/airflow/example_dags/subdags/subdag.py for tasks to queue
[2026-07-22 13:47:56,171] {logging_mixin.py:109} INFO - [2026-07-22 13:47:56,171] {dagbag.py:500} INFO - Filling up the DagBag from /home/airflow/.local/lib/python3.6/site-packages/airflow/example_dags/subdags/subdag.py
[2026-07-22 13:47:56,217] {processor.py:656} WARNING - No viable dags retrieved from /home/airflow/.local/lib/python3.6/site-packages/airflow/example_dags/subdags/subdag.py
[2026-07-22 13:47:56,225] {processor.py:171} INFO - Processing /home/airflow/.local/lib/python3.6/site-packages/airflow/example_dags/subdags/subdag.py took 0.065 seconds
[2026-07-22 13:48:27,814] {processor.py:163} INFO - Started process (PID=6627) to work on /home/airflow/.local/lib/python3.6/site-packages/airflow/example_dags/subdags/subdag.py
[2026-07-22 13:48:27,819] {processor.py:642} INFO - Processing file /home/airflow/.local/lib/python3.6/site-packages/airflow/example_dags/subdags/subdag.py for tasks to queue
[2026-07-22 13:48:27,834] {logging_mixin.py:109} INFO - [2026-07-22 13:48:27,833] {dagbag.py:500} INFO - Filling up the DagBag from /home/airflow/.local/lib/python3.6/site-packages/airflow/example_dags/subdags/subdag.py
[2026-07-22 13:48:27,911] {processor.py:656} WARNING - No viable dags retrieved from /home/airflow/.local/lib/python3.6/site-packages/airflow/example_dags/subdags/subdag.py
[2026-07-22 13:48:27,922] {processor.py:171} INFO - Processing /home/airflow/.local/lib/python3.6/site-packages/airflow/example_dags/subdags/subdag.py took 0.117 seconds
[2026-07-22 13:48:58,585] {processor.py:163} INFO - Started process (PID=6712) to work on /home/airflow/.local/lib/python3.6/site-packages/airflow/example_dags/subdags/subdag.py
[2026-07-22 13:48:58,588] {processor.py:642} INFO - Processing file /home/airflow/.local/lib/python3.6/site-packages/airflow/example_dags/subdags/subdag.py for tasks to queue
[2026-07-22 13:48:58,590] {logging_mixin.py:109} INFO - [2026-07-22 13:48:58,590] {dagbag.py:500} INFO - Filling up the DagBag from /home/airflow/.local/lib/python3.6/site-packages/airflow/example_dags/subdags/subdag.py
[2026-07-22 13:48:58,619] {processor.py:656} WARNING - No viable dags retrieved from /home/airflow/.local/lib/python3.6/site-packages/airflow/example_dags/subdags/subdag.py
[2026-07-22 13:48:58,626] {processor.py:171} INFO - Processing /home/airflow/.local/lib/python3.6/site-packages/airflow/example_dags/subdags/subdag.py took 0.045 seconds
[2026-07-22 13:49:29,736] {processor.py:163} INFO - Started process (PID=6796) to work on /home/airflow/.local/lib/python3.6/site-packages/airflow/example_dags/subdags/subdag.py
[2026-07-22 13:49:29,741] {processor.py:642} INFO - Processing file /home/airflow/.local/lib/python3.6/site-packages/airflow/example_dags/subdags/subdag.py for tasks to queue
[2026-07-22 13:49:29,747] {logging_mixin.py:109} INFO - [2026-07-22 13:49:29,747] {dagbag.py:500} INFO - Filling up the DagBag from /home/airflow/.local/lib/python3.6/site-packages/airflow/example_dags/subdags/subdag.py
[2026-07-22 13:49:29,802] {processor.py:656} WARNING - No viable dags retrieved from /home/airflow/.local/lib/python3.6/site-packages/airflow/example_dags/subdags/subdag.py
[2026-07-22 13:49:29,812] {processor.py:171} INFO - Processing /home/airflow/.local/lib/python3.6/site-packages/airflow/example_dags/subdags/subdag.py took 0.084 seconds
[2026-07-22 13:50:00,809] {processor.py:163} INFO - Started process (PID=6880) to work on /home/airflow/.local/lib/python3.6/site-packages/airflow/example_dags/subdags/subdag.py
[2026-07-22 13:50:00,811] {processor.py:642} INFO - Processing file /home/airflow/.local/lib/python3.6/site-packages/airflow/example_dags/subdags/subdag.py for tasks to queue
[2026-07-22 13:50:00,814] {logging_mixin.py:109} INFO - [2026-07-22 13:50:00,814] {dagbag.py:500} INFO - Filling up the DagBag from /home/airflow/.local/lib/python3.6/site-packages/airflow/example_dags/subdags/subdag.py
[2026-07-22 13:50:00,857] {processor.py:656} WARNING - No viable dags retrieved from /home/airflow/.local/lib/python3.6/site-packages/airflow/example_dags/subdags/subdag.py
[2026-07-22 13:50:00,866] {processor.py:171} INFO - Processing /home/airflow/.local/lib/python3.6/site-packages/airflow/example_dags/subdags/subdag.py took 0.064 seconds
[2026-07-22 13:50:31,688] {processor.py:163} INFO - Started process (PID=6971) to work on /home/airflow/.local/lib/python3.6/site-packages/airflow/example_dags/subdags/subdag.py
[2026-07-22 13:50:31,690] {processor.py:642} INFO - Processing file /home/airflow/.local/lib/python3.6/site-packages/airflow/example_dags/subdags/subdag.py for tasks to queue
[2026-07-22 13:50:31,693] {logging_mixin.py:109} INFO - [2026-07-22 13:50:31,693] {dagbag.py:500} INFO - Filling up the DagBag from /home/airflow/.local/lib/python3.6/site-packages/airflow/example_dags/subdags/subdag.py
[2026-07-22 13:50:31,729] {processor.py:656} WARNING - No viable dags retrieved from /home/airflow/.local/lib/python3.6/site-packages/airflow/example_dags/subdags/subdag.py
[2026-07-22 13:50:31,737] {processor.py:171} INFO - Processing /home/airflow/.local/lib/python3.6/site-packages/airflow/example_dags/subdags/subdag.py took 0.054 seconds
[2026-07-22 13:51:02,156] {processor.py:163} INFO - Started process (PID=7057) to work on /home/airflow/.local/lib/python3.6/site-packages/airflow/example_dags/subdags/subdag.py
[2026-07-22 13:51:02,158] {processor.py:642} INFO - Processing file /home/airflow/.local/lib/python3.6/site-packages/airflow/example_dags/subdags/subdag.py for tasks to queue
[2026-07-22 13:51:02,160] {logging_mixin.py:109} INFO - [2026-07-22 13:51:02,160] {dagbag.py:500} INFO - Filling up the DagBag from /home/airflow/.local/lib/python3.6/site-packages/airflow/example_dags/subdags/subdag.py
[2026-07-22 13:51:02,187] {processor.py:656} WARNING - No viable dags retrieved from /home/airflow/.local/lib/python3.6/site-packages/airflow/example_dags/subdags/subdag.py
[2026-07-22 13:51:02,192] {processor.py:171} INFO - Processing /home/airflow/.local/lib/python3.6/site-packages/airflow/example_dags/subdags/subdag.py took 0.040 seconds
[2026-07-22 13:51:32,524] {processor.py:163} INFO - Started process (PID=7141) to work on /home/airflow/.local/lib/python3.6/site-packages/airflow/example_dags/subdags/subdag.py
[2026-07-22 13:51:32,527] {processor.py:642} INFO - Processing file /home/airflow/.local/lib/python3.6/site-packages/airflow/example_dags/subdags/subdag.py for tasks to queue
[2026-07-22 13:51:32,529] {logging_mixin.py:109} INFO - [2026-07-22 13:51:32,529] {dagbag.py:500} INFO - Filling up the DagBag from /home/airflow/.local/lib/python3.6/site-packages/airflow/example_dags/subdags/subdag.py
[2026-07-22 13:51:32,563] {processor.py:656} WARNING - No viable dags retrieved from /home/airflow/.local/lib/python3.6/site-packages/airflow/example_dags/subdags/subdag.py
[2026-07-22 13:51:32,573] {processor.py:171} INFO - Processing /home/airflow/.local/lib/python3.6/site-packages/airflow/example_dags/subdags/subdag.py took 0.052 seconds
[2026-07-22 13:52:03,446] {processor.py:163} INFO - Started process (PID=7225) to work on /home/airflow/.local/lib/python3.6/site-packages/airflow/example_dags/subdags/subdag.py
[2026-07-22 13:52:03,449] {processor.py:642} INFO - Processing file /home/airflow/.local/lib/python3.6/site-packages/airflow/example_dags/subdags/subdag.py for tasks to queue
[2026-07-22 13:52:03,451] {logging_mixin.py:109} INFO - [2026-07-22 13:52:03,451] {dagbag.py:500} INFO - Filling up the DagBag from /home/airflow/.local/lib/python3.6/site-packages/airflow/example_dags/subdags/subdag.py
[2026-07-22 13:52:03,485] {processor.py:656} WARNING - No viable dags retrieved from /home/airflow/.local/lib/python3.6/site-packages/airflow/example_dags/subdags/subdag.py
[2026-07-22 13:52:03,491] {processor.py:171} INFO - Processing /home/airflow/.local/lib/python3.6/site-packages/airflow/example_dags/subdags/subdag.py took 0.050 seconds
[2026-07-22 13:52:33,791] {processor.py:163} INFO - Started process (PID=7310) to work on /home/airflow/.local/lib/python3.6/site-packages/airflow/example_dags/subdags/subdag.py
[2026-07-22 13:52:33,793] {processor.py:642} INFO - Processing file /home/airflow/.local/lib/python3.6/site-packages/airflow/example_dags/subdags/subdag.py for tasks to queue
[2026-07-22 13:52:33,796] {logging_mixin.py:109} INFO - [2026-07-22 13:52:33,795] {dagbag.py:500} INFO - Filling up the DagBag from /home/airflow/.local/lib/python3.6/site-packages/airflow/example_dags/subdags/subdag.py
[2026-07-22 13:52:33,824] {processor.py:656} WARNING - No viable dags retrieved from /home/airflow/.local/lib/python3.6/site-packages/airflow/example_dags/subdags/subdag.py
[2026-07-22 13:52:33,831] {processor.py:171} INFO - Processing /home/airflow/.local/lib/python3.6/site-packages/airflow/example_dags/subdags/subdag.py took 0.045 seconds
[2026-07-22 13:53:04,805] {processor.py:163} INFO - Started process (PID=7394) to work on /home/airflow/.local/lib/python3.6/site-packages/airflow/example_dags/subdags/subdag.py
[2026-07-22 13:53:04,807] {processor.py:642} INFO - Processing file /home/airflow/.local/lib/python3.6/site-packages/airflow/example_dags/subdags/subdag.py for tasks to queue
[2026-07-22 13:53:04,810] {logging_mixin.py:109} INFO - [2026-07-22 13:53:04,810] {dagbag.py:500} INFO - Filling up the DagBag from /home/airflow/.local/lib/python3.6/site-packages/airflow/example_dags/subdags/subdag.py
[2026-07-22 13:53:04,841] {processor.py:656} WARNING - No viable dags retrieved from /home/airflow/.local/lib/python3.6/site-packages/airflow/example_dags/subdags/subdag.py
[2026-07-22 13:53:04,848] {processor.py:171} INFO - Processing /home/airflow/.local/lib/python3.6/site-packages/airflow/example_dags/subdags/subdag.py took 0.047 seconds
[2026-07-22 13:53:35,770] {processor.py:163} INFO - Started process (PID=7488) to work on /home/airflow/.local/lib/python3.6/site-packages/airflow/example_dags/subdags/subdag.py
[2026-07-22 13:53:35,773] {processor.py:642} INFO - Processing file /home/airflow/.local/lib/python3.6/site-packages/airflow/example_dags/subdags/subdag.py for tasks to queue
[2026-07-22 13:53:35,775] {logging_mixin.py:109} INFO - [2026-07-22 13:53:35,775] {dagbag.py:500} INFO - Filling up the DagBag from /home/airflow/.local/lib/python3.6/site-packages/airflow/example_dags/subdags/subdag.py
[2026-07-22 13:53:35,805] {processor.py:656} WARNING - No viable dags retrieved from /home/airflow/.local/lib/python3.6/site-packages/airflow/example_dags/subdags/subdag.py
[2026-07-22 13:53:35,810] {processor.py:171} INFO - Processing /home/airflow/.local/lib/python3.6/site-packages/airflow/example_dags/subdags/subdag.py took 0.044 seconds
[2026-07-22 13:54:06,044] {processor.py:163} INFO - Started process (PID=7568) to work on /home/airflow/.local/lib/python3.6/site-packages/airflow/example_dags/subdags/subdag.py
[2026-07-22 13:54:06,047] {processor.py:642} INFO - Processing file /home/airflow/.local/lib/python3.6/site-packages/airflow/example_dags/subdags/subdag.py for tasks to queue
[2026-07-22 13:54:06,049] {logging_mixin.py:109} INFO - [2026-07-22 13:54:06,049] {dagbag.py:500} INFO - Filling up the DagBag from /home/airflow/.local/lib/python3.6/site-packages/airflow/example_dags/subdags/subdag.py
[2026-07-22 13:54:06,081] {processor.py:656} WARNING - No viable dags retrieved from /home/airflow/.local/lib/python3.6/site-packages/airflow/example_dags/subdags/subdag.py
[2026-07-22 13:54:06,087] {processor.py:171} INFO - Processing /home/airflow/.local/lib/python3.6/site-packages/airflow/example_dags/subdags/subdag.py took 0.046 seconds
[2026-07-22 13:54:36,497] {processor.py:163} INFO - Started process (PID=7652) to work on /home/airflow/.local/lib/python3.6/site-packages/airflow/example_dags/subdags/subdag.py
[2026-07-22 13:54:36,500] {processor.py:642} INFO - Processing file /home/airflow/.local/lib/python3.6/site-packages/airflow/example_dags/subdags/subdag.py for tasks to queue
[2026-07-22 13:54:36,502] {logging_mixin.py:109} INFO - [2026-07-22 13:54:36,502] {dagbag.py:500} INFO - Filling up the DagBag from /home/airflow/.local/lib/python3.6/site-packages/airflow/example_dags/subdags/subdag.py
[2026-07-22 13:54:36,531] {processor.py:656} WARNING - No viable dags retrieved from /home/airflow/.local/lib/python3.6/site-packages/airflow/example_dags/subdags/subdag.py
[2026-07-22 13:54:36,536] {processor.py:171} INFO - Processing /home/airflow/.local/lib/python3.6/site-packages/airflow/example_dags/subdags/subdag.py took 0.044 seconds
[2026-07-22 13:55:07,850] {processor.py:163} INFO - Started process (PID=7736) to work on /home/airflow/.local/lib/python3.6/site-packages/airflow/example_dags/subdags/subdag.py
[2026-07-22 13:55:07,857] {processor.py:642} INFO - Processing file /home/airflow/.local/lib/python3.6/site-packages/airflow/example_dags/subdags/subdag.py for tasks to queue
[2026-07-22 13:55:07,864] {logging_mixin.py:109} INFO - [2026-07-22 13:55:07,864] {dagbag.py:500} INFO - Filling up the DagBag from /home/airflow/.local/lib/python3.6/site-packages/airflow/example_dags/subdags/subdag.py
[2026-07-22 13:55:07,956] {processor.py:656} WARNING - No viable dags retrieved from /home/airflow/.local/lib/python3.6/site-packages/airflow/example_dags/subdags/subdag.py
[2026-07-22 13:55:07,975] {processor.py:171} INFO - Processing /home/airflow/.local/lib/python3.6/site-packages/airflow/example_dags/subdags/subdag.py took 0.133 seconds
[2026-07-22 13:55:38,678] {processor.py:163} INFO - Started process (PID=7819) to work on /home/airflow/.local/lib/python3.6/site-packages/airflow/example_dags/subdags/subdag.py
[2026-07-22 13:55:38,687] {processor.py:642} INFO - Processing file /home/airflow/.local/lib/python3.6/site-packages/airflow/example_dags/subdags/subdag.py for tasks to queue
[2026-07-22 13:55:38,691] {logging_mixin.py:109} INFO - [2026-07-22 13:55:38,690] {dagbag.py:500} INFO - Filling up the DagBag from /home/airflow/.local/lib/python3.6/site-packages/airflow/example_dags/subdags/subdag.py
[2026-07-22 13:55:38,727] {processor.py:656} WARNING - No viable dags retrieved from /home/airflow/.local/lib/python3.6/site-packages/airflow/example_dags/subdags/subdag.py
[2026-07-22 13:55:38,735] {processor.py:171} INFO - Processing /home/airflow/.local/lib/python3.6/site-packages/airflow/example_dags/subdags/subdag.py took 0.063 seconds
[2026-07-22 13:56:11,877] {processor.py:163} INFO - Started process (PID=7912) to work on /home/airflow/.local/lib/python3.6/site-packages/airflow/example_dags/subdags/subdag.py
[2026-07-22 13:56:11,880] {processor.py:642} INFO - Processing file /home/airflow/.local/lib/python3.6/site-packages/airflow/example_dags/subdags/subdag.py for tasks to queue
[2026-07-22 13:56:11,883] {logging_mixin.py:109} INFO - [2026-07-22 13:56:11,883] {dagbag.py:500} INFO - Filling up the DagBag from /home/airflow/.local/lib/python3.6/site-packages/airflow/example_dags/subdags/subdag.py
[2026-07-22 13:56:11,937] {processor.py:656} WARNING - No viable dags retrieved from /home/airflow/.local/lib/python3.6/site-packages/airflow/example_dags/subdags/subdag.py
[2026-07-22 13:56:11,943] {processor.py:171} INFO - Processing /home/airflow/.local/lib/python3.6/site-packages/airflow/example_dags/subdags/subdag.py took 0.073 seconds
[2026-07-22 13:56:42,839] {processor.py:163} INFO - Started process (PID=7996) to work on /home/airflow/.local/lib/python3.6/site-packages/airflow/example_dags/subdags/subdag.py
[2026-07-22 13:56:42,843] {processor.py:642} INFO - Processing file /home/airflow/.local/lib/python3.6/site-packages/airflow/example_dags/subdags/subdag.py for tasks to queue
[2026-07-22 13:56:42,846] {logging_mixin.py:109} INFO - [2026-07-22 13:56:42,845] {dagbag.py:500} INFO - Filling up the DagBag from /home/airflow/.local/lib/python3.6/site-packages/airflow/example_dags/subdags/subdag.py
[2026-07-22 13:56:42,893] {processor.py:656} WARNING - No viable dags retrieved from /home/airflow/.local/lib/python3.6/site-packages/airflow/example_dags/subdags/subdag.py
[2026-07-22 13:56:42,900] {processor.py:171} INFO - Processing /home/airflow/.local/lib/python3.6/site-packages/airflow/example_dags/subdags/subdag.py took 0.068 seconds
[2026-07-22 13:57:13,645] {processor.py:163} INFO - Started process (PID=8080) to work on /home/airflow/.local/lib/python3.6/site-packages/airflow/example_dags/subdags/subdag.py
[2026-07-22 13:57:13,648] {processor.py:642} INFO - Processing file /home/airflow/.local/lib/python3.6/site-packages/airflow/example_dags/subdags/subdag.py for tasks to queue
[2026-07-22 13:57:13,652] {logging_mixin.py:109} INFO - [2026-07-22 13:57:13,651] {dagbag.py:500} INFO - Filling up the DagBag from /home/airflow/.local/lib/python3.6/site-packages/airflow/example_dags/subdags/subdag.py
[2026-07-22 13:57:13,700] {processor.py:656} WARNING - No viable dags retrieved from /home/airflow/.local/lib/python3.6/site-packages/airflow/example_dags/subdags/subdag.py
[2026-07-22 13:57:13,707] {processor.py:171} INFO - Processing /home/airflow/.local/lib/python3.6/site-packages/airflow/example_dags/subdags/subdag.py took 0.069 seconds
[2026-07-22 13:57:44,245] {processor.py:163} INFO - Started process (PID=8164) to work on /home/airflow/.local/lib/python3.6/site-packages/airflow/example_dags/subdags/subdag.py
[2026-07-22 13:57:44,250] {processor.py:642} INFO - Processing file /home/airflow/.local/lib/python3.6/site-packages/airflow/example_dags/subdags/subdag.py for tasks to queue
[2026-07-22 13:57:44,254] {logging_mixin.py:109} INFO - [2026-07-22 13:57:44,254] {dagbag.py:500} INFO - Filling up the DagBag from /home/airflow/.local/lib/python3.6/site-packages/airflow/example_dags/subdags/subdag.py
[2026-07-22 13:57:44,290] {processor.py:656} WARNING - No viable dags retrieved from /home/airflow/.local/lib/python3.6/site-packages/airflow/example_dags/subdags/subdag.py
[2026-07-22 13:57:44,297] {processor.py:171} INFO - Processing /home/airflow/.local/lib/python3.6/site-packages/airflow/example_dags/subdags/subdag.py took 0.057 seconds
[2026-07-22 18:50:08,554] {processor.py:163} INFO - Started process (PID=136) to work on /home/airflow/.local/lib/python3.6/site-packages/airflow/example_dags/subdags/subdag.py
[2026-07-22 18:50:08,579] {processor.py:642} INFO - Processing file /home/airflow/.local/lib/python3.6/site-packages/airflow/example_dags/subdags/subdag.py for tasks to queue
[2026-07-22 18:50:08,584] {logging_mixin.py:109} INFO - [2026-07-22 18:50:08,584] {dagbag.py:500} INFO - Filling up the DagBag from /home/airflow/.local/lib/python3.6/site-packages/airflow/example_dags/subdags/subdag.py
[2026-07-22 18:50:08,717] {processor.py:656} WARNING - No viable dags retrieved from /home/airflow/.local/lib/python3.6/site-packages/airflow/example_dags/subdags/subdag.py
[2026-07-22 18:50:08,748] {processor.py:171} INFO - Processing /home/airflow/.local/lib/python3.6/site-packages/airflow/example_dags/subdags/subdag.py took 0.266 seconds
[2026-07-22 18:50:39,552] {processor.py:163} INFO - Started process (PID=211) to work on /home/airflow/.local/lib/python3.6/site-packages/airflow/example_dags/subdags/subdag.py
[2026-07-22 18:50:39,556] {processor.py:642} INFO - Processing file /home/airflow/.local/lib/python3.6/site-packages/airflow/example_dags/subdags/subdag.py for tasks to queue
[2026-07-22 18:50:39,562] {logging_mixin.py:109} INFO - [2026-07-22 18:50:39,561] {dagbag.py:500} INFO - Filling up the DagBag from /home/airflow/.local/lib/python3.6/site-packages/airflow/example_dags/subdags/subdag.py
[2026-07-22 18:50:39,610] {processor.py:656} WARNING - No viable dags retrieved from /home/airflow/.local/lib/python3.6/site-packages/airflow/example_dags/subdags/subdag.py
[2026-07-22 18:50:39,617] {processor.py:171} INFO - Processing /home/airflow/.local/lib/python3.6/site-packages/airflow/example_dags/subdags/subdag.py took 0.073 seconds
[2026-07-22 18:51:10,067] {processor.py:163} INFO - Started process (PID=295) to work on /home/airflow/.local/lib/python3.6/site-packages/airflow/example_dags/subdags/subdag.py
[2026-07-22 18:51:10,070] {processor.py:642} INFO - Processing file /home/airflow/.local/lib/python3.6/site-packages/airflow/example_dags/subdags/subdag.py for tasks to queue
[2026-07-22 18:51:10,072] {logging_mixin.py:109} INFO - [2026-07-22 18:51:10,072] {dagbag.py:500} INFO - Filling up the DagBag from /home/airflow/.local/lib/python3.6/site-packages/airflow/example_dags/subdags/subdag.py
[2026-07-22 18:51:10,104] {processor.py:656} WARNING - No viable dags retrieved from /home/airflow/.local/lib/python3.6/site-packages/airflow/example_dags/subdags/subdag.py
[2026-07-22 18:51:10,111] {processor.py:171} INFO - Processing /home/airflow/.local/lib/python3.6/site-packages/airflow/example_dags/subdags/subdag.py took 0.049 seconds
[2026-07-22 18:51:40,607] {processor.py:163} INFO - Started process (PID=388) to work on /home/airflow/.local/lib/python3.6/site-packages/airflow/example_dags/subdags/subdag.py
[2026-07-22 18:51:40,610] {processor.py:642} INFO - Processing file /home/airflow/.local/lib/python3.6/site-packages/airflow/example_dags/subdags/subdag.py for tasks to queue
[2026-07-22 18:51:40,613] {logging_mixin.py:109} INFO - [2026-07-22 18:51:40,613] {dagbag.py:500} INFO - Filling up the DagBag from /home/airflow/.local/lib/python3.6/site-packages/airflow/example_dags/subdags/subdag.py
[2026-07-22 18:51:40,675] {processor.py:656} WARNING - No viable dags retrieved from /home/airflow/.local/lib/python3.6/site-packages/airflow/example_dags/subdags/subdag.py
[2026-07-22 18:51:40,688] {processor.py:171} INFO - Processing /home/airflow/.local/lib/python3.6/site-packages/airflow/example_dags/subdags/subdag.py took 0.086 seconds
[2026-07-22 18:52:11,402] {processor.py:163} INFO - Started process (PID=463) to work on /home/airflow/.local/lib/python3.6/site-packages/airflow/example_dags/subdags/subdag.py
[2026-07-22 18:52:11,405] {processor.py:642} INFO - Processing file /home/airflow/.local/lib/python3.6/site-packages/airflow/example_dags/subdags/subdag.py for tasks to queue
[2026-07-22 18:52:11,407] {logging_mixin.py:109} INFO - [2026-07-22 18:52:11,407] {dagbag.py:500} INFO - Filling up the DagBag from /home/airflow/.local/lib/python3.6/site-packages/airflow/example_dags/subdags/subdag.py
[2026-07-22 18:52:11,439] {processor.py:656} WARNING - No viable dags retrieved from /home/airflow/.local/lib/python3.6/site-packages/airflow/example_dags/subdags/subdag.py
[2026-07-22 18:52:11,446] {processor.py:171} INFO - Processing /home/airflow/.local/lib/python3.6/site-packages/airflow/example_dags/subdags/subdag.py took 0.048 seconds
[2026-07-22 18:52:41,587] {processor.py:163} INFO - Started process (PID=553) to work on /home/airflow/.local/lib/python3.6/site-packages/airflow/example_dags/subdags/subdag.py
[2026-07-22 18:52:41,592] {processor.py:642} INFO - Processing file /home/airflow/.local/lib/python3.6/site-packages/airflow/example_dags/subdags/subdag.py for tasks to queue
[2026-07-22 18:52:41,595] {logging_mixin.py:109} INFO - [2026-07-22 18:52:41,595] {dagbag.py:500} INFO - Filling up the DagBag from /home/airflow/.local/lib/python3.6/site-packages/airflow/example_dags/subdags/subdag.py
[2026-07-22 18:52:41,629] {processor.py:656} WARNING - No viable dags retrieved from /home/airflow/.local/lib/python3.6/site-packages/airflow/example_dags/subdags/subdag.py
[2026-07-22 18:52:41,636] {processor.py:171} INFO - Processing /home/airflow/.local/lib/python3.6/site-packages/airflow/example_dags/subdags/subdag.py took 0.055 seconds
[2026-07-22 18:53:12,350] {processor.py:163} INFO - Started process (PID=637) to work on /home/airflow/.local/lib/python3.6/site-packages/airflow/example_dags/subdags/subdag.py
[2026-07-22 18:53:12,352] {processor.py:642} INFO - Processing file /home/airflow/.local/lib/python3.6/site-packages/airflow/example_dags/subdags/subdag.py for tasks to queue
[2026-07-22 18:53:12,354] {logging_mixin.py:109} INFO - [2026-07-22 18:53:12,354] {dagbag.py:500} INFO - Filling up the DagBag from /home/airflow/.local/lib/python3.6/site-packages/airflow/example_dags/subdags/subdag.py
[2026-07-22 18:53:12,383] {processor.py:656} WARNING - No viable dags retrieved from /home/airflow/.local/lib/python3.6/site-packages/airflow/example_dags/subdags/subdag.py
[2026-07-22 18:53:12,390] {processor.py:171} INFO - Processing /home/airflow/.local/lib/python3.6/site-packages/airflow/example_dags/subdags/subdag.py took 0.045 seconds
[2026-07-22 18:53:42,982] {processor.py:163} INFO - Started process (PID=724) to work on /home/airflow/.local/lib/python3.6/site-packages/airflow/example_dags/subdags/subdag.py
[2026-07-22 18:53:42,984] {processor.py:642} INFO - Processing file /home/airflow/.local/lib/python3.6/site-packages/airflow/example_dags/subdags/subdag.py for tasks to queue
[2026-07-22 18:53:42,987] {logging_mixin.py:109} INFO - [2026-07-22 18:53:42,986] {dagbag.py:500} INFO - Filling up the DagBag from /home/airflow/.local/lib/python3.6/site-packages/airflow/example_dags/subdags/subdag.py
[2026-07-22 18:53:43,019] {processor.py:656} WARNING - No viable dags retrieved from /home/airflow/.local/lib/python3.6/site-packages/airflow/example_dags/subdags/subdag.py
[2026-07-22 18:53:43,025] {processor.py:171} INFO - Processing /home/airflow/.local/lib/python3.6/site-packages/airflow/example_dags/subdags/subdag.py took 0.048 seconds
[2026-07-22 18:54:14,658] {processor.py:163} INFO - Started process (PID=807) to work on /home/airflow/.local/lib/python3.6/site-packages/airflow/example_dags/subdags/subdag.py
[2026-07-22 18:54:14,663] {processor.py:642} INFO - Processing file /home/airflow/.local/lib/python3.6/site-packages/airflow/example_dags/subdags/subdag.py for tasks to queue
[2026-07-22 18:54:14,668] {logging_mixin.py:109} INFO - [2026-07-22 18:54:14,668] {dagbag.py:500} INFO - Filling up the DagBag from /home/airflow/.local/lib/python3.6/site-packages/airflow/example_dags/subdags/subdag.py
[2026-07-22 18:54:14,734] {processor.py:656} WARNING - No viable dags retrieved from /home/airflow/.local/lib/python3.6/site-packages/airflow/example_dags/subdags/subdag.py
[2026-07-22 18:54:14,745] {processor.py:171} INFO - Processing /home/airflow/.local/lib/python3.6/site-packages/airflow/example_dags/subdags/subdag.py took 0.093 seconds
[2026-07-22 18:54:55,694] {processor.py:163} INFO - Started process (PID=894) to work on /home/airflow/.local/lib/python3.6/site-packages/airflow/example_dags/subdags/subdag.py
[2026-07-22 18:54:55,709] {processor.py:642} INFO - Processing file /home/airflow/.local/lib/python3.6/site-packages/airflow/example_dags/subdags/subdag.py for tasks to queue
[2026-07-22 18:54:55,712] {logging_mixin.py:109} INFO - [2026-07-22 18:54:55,712] {dagbag.py:500} INFO - Filling up the DagBag from /home/airflow/.local/lib/python3.6/site-packages/airflow/example_dags/subdags/subdag.py
[2026-07-22 18:54:55,831] {processor.py:656} WARNING - No viable dags retrieved from /home/airflow/.local/lib/python3.6/site-packages/airflow/example_dags/subdags/subdag.py
[2026-07-22 18:54:55,869] {processor.py:171} INFO - Processing /home/airflow/.local/lib/python3.6/site-packages/airflow/example_dags/subdags/subdag.py took 0.193 seconds
[2026-07-22 18:55:36,244] {processor.py:163} INFO - Started process (PID=977) to work on /home/airflow/.local/lib/python3.6/site-packages/airflow/example_dags/subdags/subdag.py
[2026-07-22 18:55:36,248] {processor.py:642} INFO - Processing file /home/airflow/.local/lib/python3.6/site-packages/airflow/example_dags/subdags/subdag.py for tasks to queue
[2026-07-22 18:55:36,259] {logging_mixin.py:109} INFO - [2026-07-22 18:55:36,259] {dagbag.py:500} INFO - Filling up the DagBag from /home/airflow/.local/lib/python3.6/site-packages/airflow/example_dags/subdags/subdag.py
[2026-07-22 18:55:36,345] {processor.py:656} WARNING - No viable dags retrieved from /home/airflow/.local/lib/python3.6/site-packages/airflow/example_dags/subdags/subdag.py
[2026-07-22 18:55:36,360] {processor.py:171} INFO - Processing /home/airflow/.local/lib/python3.6/site-packages/airflow/example_dags/subdags/subdag.py took 0.128 seconds
[2026-07-22 18:56:07,641] {processor.py:163} INFO - Started process (PID=1052) to work on /home/airflow/.local/lib/python3.6/site-packages/airflow/example_dags/subdags/subdag.py
[2026-07-22 18:56:07,646] {processor.py:642} INFO - Processing file /home/airflow/.local/lib/python3.6/site-packages/airflow/example_dags/subdags/subdag.py for tasks to queue
[2026-07-22 18:56:07,659] {logging_mixin.py:109} INFO - [2026-07-22 18:56:07,659] {dagbag.py:500} INFO - Filling up the DagBag from /home/airflow/.local/lib/python3.6/site-packages/airflow/example_dags/subdags/subdag.py
[2026-07-22 18:56:07,733] {processor.py:656} WARNING - No viable dags retrieved from /home/airflow/.local/lib/python3.6/site-packages/airflow/example_dags/subdags/subdag.py
[2026-07-22 18:56:07,757] {processor.py:171} INFO - Processing /home/airflow/.local/lib/python3.6/site-packages/airflow/example_dags/subdags/subdag.py took 0.139 seconds
[2026-07-22 18:59:06,867] {processor.py:163} INFO - Started process (PID=136) to work on /home/airflow/.local/lib/python3.6/site-packages/airflow/example_dags/subdags/subdag.py
[2026-07-22 18:59:06,879] {processor.py:642} INFO - Processing file /home/airflow/.local/lib/python3.6/site-packages/airflow/example_dags/subdags/subdag.py for tasks to queue
[2026-07-22 18:59:06,883] {logging_mixin.py:109} INFO - [2026-07-22 18:59:06,883] {dagbag.py:500} INFO - Filling up the DagBag from /home/airflow/.local/lib/python3.6/site-packages/airflow/example_dags/subdags/subdag.py
[2026-07-22 18:59:06,958] {processor.py:656} WARNING - No viable dags retrieved from /home/airflow/.local/lib/python3.6/site-packages/airflow/example_dags/subdags/subdag.py
[2026-07-22 18:59:06,968] {processor.py:171} INFO - Processing /home/airflow/.local/lib/python3.6/site-packages/airflow/example_dags/subdags/subdag.py took 0.133 seconds
[2026-07-22 18:59:43,400] {processor.py:163} INFO - Started process (PID=221) to work on /home/airflow/.local/lib/python3.6/site-packages/airflow/example_dags/subdags/subdag.py
[2026-07-22 18:59:43,407] {processor.py:642} INFO - Processing file /home/airflow/.local/lib/python3.6/site-packages/airflow/example_dags/subdags/subdag.py for tasks to queue
[2026-07-22 18:59:43,411] {logging_mixin.py:109} INFO - [2026-07-22 18:59:43,411] {dagbag.py:500} INFO - Filling up the DagBag from /home/airflow/.local/lib/python3.6/site-packages/airflow/example_dags/subdags/subdag.py
[2026-07-22 18:59:43,509] {processor.py:656} WARNING - No viable dags retrieved from /home/airflow/.local/lib/python3.6/site-packages/airflow/example_dags/subdags/subdag.py
[2026-07-22 18:59:43,527] {processor.py:171} INFO - Processing /home/airflow/.local/lib/python3.6/site-packages/airflow/example_dags/subdags/subdag.py took 0.142 seconds
[2026-07-22 19:00:14,179] {processor.py:163} INFO - Started process (PID=296) to work on /home/airflow/.local/lib/python3.6/site-packages/airflow/example_dags/subdags/subdag.py
[2026-07-22 19:00:14,182] {processor.py:642} INFO - Processing file /home/airflow/.local/lib/python3.6/site-packages/airflow/example_dags/subdags/subdag.py for tasks to queue
[2026-07-22 19:00:14,184] {logging_mixin.py:109} INFO - [2026-07-22 19:00:14,184] {dagbag.py:500} INFO - Filling up the DagBag from /home/airflow/.local/lib/python3.6/site-packages/airflow/example_dags/subdags/subdag.py
[2026-07-22 19:00:14,228] {processor.py:656} WARNING - No viable dags retrieved from /home/airflow/.local/lib/python3.6/site-packages/airflow/example_dags/subdags/subdag.py
[2026-07-22 19:00:14,235] {processor.py:171} INFO - Processing /home/airflow/.local/lib/python3.6/site-packages/airflow/example_dags/subdags/subdag.py took 0.062 seconds
[2026-07-22 19:00:44,887] {processor.py:163} INFO - Started process (PID=390) to work on /home/airflow/.local/lib/python3.6/site-packages/airflow/example_dags/subdags/subdag.py
[2026-07-22 19:00:44,889] {processor.py:642} INFO - Processing file /home/airflow/.local/lib/python3.6/site-packages/airflow/example_dags/subdags/subdag.py for tasks to queue
[2026-07-22 19:00:44,891] {logging_mixin.py:109} INFO - [2026-07-22 19:00:44,891] {dagbag.py:500} INFO - Filling up the DagBag from /home/airflow/.local/lib/python3.6/site-packages/airflow/example_dags/subdags/subdag.py
[2026-07-22 19:00:44,924] {processor.py:656} WARNING - No viable dags retrieved from /home/airflow/.local/lib/python3.6/site-packages/airflow/example_dags/subdags/subdag.py
[2026-07-22 19:00:44,931] {processor.py:171} INFO - Processing /home/airflow/.local/lib/python3.6/site-packages/airflow/example_dags/subdags/subdag.py took 0.050 seconds
[2026-07-22 19:01:15,747] {processor.py:163} INFO - Started process (PID=474) to work on /home/airflow/.local/lib/python3.6/site-packages/airflow/example_dags/subdags/subdag.py
[2026-07-22 19:01:15,750] {processor.py:642} INFO - Processing file /home/airflow/.local/lib/python3.6/site-packages/airflow/example_dags/subdags/subdag.py for tasks to queue
[2026-07-22 19:01:15,752] {logging_mixin.py:109} INFO - [2026-07-22 19:01:15,752] {dagbag.py:500} INFO - Filling up the DagBag from /home/airflow/.local/lib/python3.6/site-packages/airflow/example_dags/subdags/subdag.py
[2026-07-22 19:01:15,798] {processor.py:656} WARNING - No viable dags retrieved from /home/airflow/.local/lib/python3.6/site-packages/airflow/example_dags/subdags/subdag.py
[2026-07-22 19:01:15,805] {processor.py:171} INFO - Processing /home/airflow/.local/lib/python3.6/site-packages/airflow/example_dags/subdags/subdag.py took 0.065 seconds
[2026-07-22 19:01:47,314] {processor.py:163} INFO - Started process (PID=558) to work on /home/airflow/.local/lib/python3.6/site-packages/airflow/example_dags/subdags/subdag.py
[2026-07-22 19:01:47,318] {processor.py:642} INFO - Processing file /home/airflow/.local/lib/python3.6/site-packages/airflow/example_dags/subdags/subdag.py for tasks to queue
[2026-07-22 19:01:47,321] {logging_mixin.py:109} INFO - [2026-07-22 19:01:47,321] {dagbag.py:500} INFO - Filling up the DagBag from /home/airflow/.local/lib/python3.6/site-packages/airflow/example_dags/subdags/subdag.py
[2026-07-22 19:01:47,363] {processor.py:656} WARNING - No viable dags retrieved from /home/airflow/.local/lib/python3.6/site-packages/airflow/example_dags/subdags/subdag.py
[2026-07-22 19:01:47,371] {processor.py:171} INFO - Processing /home/airflow/.local/lib/python3.6/site-packages/airflow/example_dags/subdags/subdag.py took 0.062 seconds
[2026-07-22 19:02:17,749] {processor.py:163} INFO - Started process (PID=642) to work on /home/airflow/.local/lib/python3.6/site-packages/airflow/example_dags/subdags/subdag.py
[2026-07-22 19:02:17,753] {processor.py:642} INFO - Processing file /home/airflow/.local/lib/python3.6/site-packages/airflow/example_dags/subdags/subdag.py for tasks to queue
[2026-07-22 19:02:17,756] {logging_mixin.py:109} INFO - [2026-07-22 19:02:17,756] {dagbag.py:500} INFO - Filling up the DagBag from /home/airflow/.local/lib/python3.6/site-packages/airflow/example_dags/subdags/subdag.py
[2026-07-22 19:02:17,793] {processor.py:656} WARNING - No viable dags retrieved from /home/airflow/.local/lib/python3.6/site-packages/airflow/example_dags/subdags/subdag.py
[2026-07-22 19:02:17,799] {processor.py:171} INFO - Processing /home/airflow/.local/lib/python3.6/site-packages/airflow/example_dags/subdags/subdag.py took 0.056 seconds
[2026-07-22 19:02:47,998] {processor.py:163} INFO - Started process (PID=725) to work on /home/airflow/.local/lib/python3.6/site-packages/airflow/example_dags/subdags/subdag.py
[2026-07-22 19:02:48,002] {processor.py:642} INFO - Processing file /home/airflow/.local/lib/python3.6/site-packages/airflow/example_dags/subdags/subdag.py for tasks to queue
[2026-07-22 19:02:48,004] {logging_mixin.py:109} INFO - [2026-07-22 19:02:48,004] {dagbag.py:500} INFO - Filling up the DagBag from /home/airflow/.local/lib/python3.6/site-packages/airflow/example_dags/subdags/subdag.py
[2026-07-22 19:02:48,043] {processor.py:656} WARNING - No viable dags retrieved from /home/airflow/.local/lib/python3.6/site-packages/airflow/example_dags/subdags/subdag.py
[2026-07-22 19:02:48,051] {processor.py:171} INFO - Processing /home/airflow/.local/lib/python3.6/site-packages/airflow/example_dags/subdags/subdag.py took 0.058 seconds
[2026-07-22 19:03:18,777] {processor.py:163} INFO - Started process (PID=808) to work on /home/airflow/.local/lib/python3.6/site-packages/airflow/example_dags/subdags/subdag.py
[2026-07-22 19:03:18,788] {processor.py:642} INFO - Processing file /home/airflow/.local/lib/python3.6/site-packages/airflow/example_dags/subdags/subdag.py for tasks to queue
[2026-07-22 19:03:18,791] {logging_mixin.py:109} INFO - [2026-07-22 19:03:18,791] {dagbag.py:500} INFO - Filling up the DagBag from /home/airflow/.local/lib/python3.6/site-packages/airflow/example_dags/subdags/subdag.py
[2026-07-22 19:03:18,851] {processor.py:656} WARNING - No viable dags retrieved from /home/airflow/.local/lib/python3.6/site-packages/airflow/example_dags/subdags/subdag.py
[2026-07-22 19:03:18,862] {processor.py:171} INFO - Processing /home/airflow/.local/lib/python3.6/site-packages/airflow/example_dags/subdags/subdag.py took 0.099 seconds
[2026-07-22 19:03:49,426] {processor.py:163} INFO - Started process (PID=884) to work on /home/airflow/.local/lib/python3.6/site-packages/airflow/example_dags/subdags/subdag.py
[2026-07-22 19:03:49,429] {processor.py:642} INFO - Processing file /home/airflow/.local/lib/python3.6/site-packages/airflow/example_dags/subdags/subdag.py for tasks to queue
[2026-07-22 19:03:49,431] {logging_mixin.py:109} INFO - [2026-07-22 19:03:49,431] {dagbag.py:500} INFO - Filling up the DagBag from /home/airflow/.local/lib/python3.6/site-packages/airflow/example_dags/subdags/subdag.py
[2026-07-22 19:03:49,471] {processor.py:656} WARNING - No viable dags retrieved from /home/airflow/.local/lib/python3.6/site-packages/airflow/example_dags/subdags/subdag.py
[2026-07-22 19:03:49,480] {processor.py:171} INFO - Processing /home/airflow/.local/lib/python3.6/site-packages/airflow/example_dags/subdags/subdag.py took 0.060 seconds
[2026-07-22 19:04:19,744] {processor.py:163} INFO - Started process (PID=968) to work on /home/airflow/.local/lib/python3.6/site-packages/airflow/example_dags/subdags/subdag.py
[2026-07-22 19:04:19,746] {processor.py:642} INFO - Processing file /home/airflow/.local/lib/python3.6/site-packages/airflow/example_dags/subdags/subdag.py for tasks to queue
[2026-07-22 19:04:19,748] {logging_mixin.py:109} INFO - [2026-07-22 19:04:19,748] {dagbag.py:500} INFO - Filling up the DagBag from /home/airflow/.local/lib/python3.6/site-packages/airflow/example_dags/subdags/subdag.py
[2026-07-22 19:04:19,777] {processor.py:656} WARNING - No viable dags retrieved from /home/airflow/.local/lib/python3.6/site-packages/airflow/example_dags/subdags/subdag.py
[2026-07-22 19:04:19,783] {processor.py:171} INFO - Processing /home/airflow/.local/lib/python3.6/site-packages/airflow/example_dags/subdags/subdag.py took 0.044 seconds
[2026-07-22 19:04:50,781] {processor.py:163} INFO - Started process (PID=1053) to work on /home/airflow/.local/lib/python3.6/site-packages/airflow/example_dags/subdags/subdag.py
[2026-07-22 19:04:50,785] {processor.py:642} INFO - Processing file /home/airflow/.local/lib/python3.6/site-packages/airflow/example_dags/subdags/subdag.py for tasks to queue
[2026-07-22 19:04:50,787] {logging_mixin.py:109} INFO - [2026-07-22 19:04:50,787] {dagbag.py:500} INFO - Filling up the DagBag from /home/airflow/.local/lib/python3.6/site-packages/airflow/example_dags/subdags/subdag.py
[2026-07-22 19:04:50,821] {processor.py:656} WARNING - No viable dags retrieved from /home/airflow/.local/lib/python3.6/site-packages/airflow/example_dags/subdags/subdag.py
[2026-07-22 19:04:50,827] {processor.py:171} INFO - Processing /home/airflow/.local/lib/python3.6/site-packages/airflow/example_dags/subdags/subdag.py took 0.054 seconds
[2026-07-22 19:05:21,803] {processor.py:163} INFO - Started process (PID=1137) to work on /home/airflow/.local/lib/python3.6/site-packages/airflow/example_dags/subdags/subdag.py
[2026-07-22 19:05:21,806] {processor.py:642} INFO - Processing file /home/airflow/.local/lib/python3.6/site-packages/airflow/example_dags/subdags/subdag.py for tasks to queue
[2026-07-22 19:05:21,809] {logging_mixin.py:109} INFO - [2026-07-22 19:05:21,809] {dagbag.py:500} INFO - Filling up the DagBag from /home/airflow/.local/lib/python3.6/site-packages/airflow/example_dags/subdags/subdag.py
[2026-07-22 19:05:21,841] {processor.py:656} WARNING - No viable dags retrieved from /home/airflow/.local/lib/python3.6/site-packages/airflow/example_dags/subdags/subdag.py
[2026-07-22 19:05:21,848] {processor.py:171} INFO - Processing /home/airflow/.local/lib/python3.6/site-packages/airflow/example_dags/subdags/subdag.py took 0.052 seconds
[2026-07-22 19:05:53,064] {processor.py:163} INFO - Started process (PID=1221) to work on /home/airflow/.local/lib/python3.6/site-packages/airflow/example_dags/subdags/subdag.py
[2026-07-22 19:05:53,067] {processor.py:642} INFO - Processing file /home/airflow/.local/lib/python3.6/site-packages/airflow/example_dags/subdags/subdag.py for tasks to queue
[2026-07-22 19:05:53,070] {logging_mixin.py:109} INFO - [2026-07-22 19:05:53,070] {dagbag.py:500} INFO - Filling up the DagBag from /home/airflow/.local/lib/python3.6/site-packages/airflow/example_dags/subdags/subdag.py
[2026-07-22 19:05:53,114] {processor.py:656} WARNING - No viable dags retrieved from /home/airflow/.local/lib/python3.6/site-packages/airflow/example_dags/subdags/subdag.py
[2026-07-22 19:05:53,130] {processor.py:171} INFO - Processing /home/airflow/.local/lib/python3.6/site-packages/airflow/example_dags/subdags/subdag.py took 0.072 seconds
[2026-07-22 19:06:24,282] {processor.py:163} INFO - Started process (PID=1315) to work on /home/airflow/.local/lib/python3.6/site-packages/airflow/example_dags/subdags/subdag.py
[2026-07-22 19:06:24,285] {processor.py:642} INFO - Processing file /home/airflow/.local/lib/python3.6/site-packages/airflow/example_dags/subdags/subdag.py for tasks to queue
[2026-07-22 19:06:24,289] {logging_mixin.py:109} INFO - [2026-07-22 19:06:24,289] {dagbag.py:500} INFO - Filling up the DagBag from /home/airflow/.local/lib/python3.6/site-packages/airflow/example_dags/subdags/subdag.py
[2026-07-22 19:06:24,323] {processor.py:656} WARNING - No viable dags retrieved from /home/airflow/.local/lib/python3.6/site-packages/airflow/example_dags/subdags/subdag.py
[2026-07-22 19:06:24,330] {processor.py:171} INFO - Processing /home/airflow/.local/lib/python3.6/site-packages/airflow/example_dags/subdags/subdag.py took 0.052 seconds
[2026-07-22 19:06:54,838] {processor.py:163} INFO - Started process (PID=1399) to work on /home/airflow/.local/lib/python3.6/site-packages/airflow/example_dags/subdags/subdag.py
[2026-07-22 19:06:54,841] {processor.py:642} INFO - Processing file /home/airflow/.local/lib/python3.6/site-packages/airflow/example_dags/subdags/subdag.py for tasks to queue
[2026-07-22 19:06:54,843] {logging_mixin.py:109} INFO - [2026-07-22 19:06:54,843] {dagbag.py:500} INFO - Filling up the DagBag from /home/airflow/.local/lib/python3.6/site-packages/airflow/example_dags/subdags/subdag.py
[2026-07-22 19:06:54,877] {processor.py:656} WARNING - No viable dags retrieved from /home/airflow/.local/lib/python3.6/site-packages/airflow/example_dags/subdags/subdag.py
[2026-07-22 19:06:54,883] {processor.py:171} INFO - Processing /home/airflow/.local/lib/python3.6/site-packages/airflow/example_dags/subdags/subdag.py took 0.051 seconds
[2026-07-22 19:07:25,884] {processor.py:163} INFO - Started process (PID=1484) to work on /home/airflow/.local/lib/python3.6/site-packages/airflow/example_dags/subdags/subdag.py
[2026-07-22 19:07:25,887] {processor.py:642} INFO - Processing file /home/airflow/.local/lib/python3.6/site-packages/airflow/example_dags/subdags/subdag.py for tasks to queue
[2026-07-22 19:07:25,891] {logging_mixin.py:109} INFO - [2026-07-22 19:07:25,891] {dagbag.py:500} INFO - Filling up the DagBag from /home/airflow/.local/lib/python3.6/site-packages/airflow/example_dags/subdags/subdag.py
[2026-07-22 19:07:25,922] {processor.py:656} WARNING - No viable dags retrieved from /home/airflow/.local/lib/python3.6/site-packages/airflow/example_dags/subdags/subdag.py
[2026-07-22 19:07:25,929] {processor.py:171} INFO - Processing /home/airflow/.local/lib/python3.6/site-packages/airflow/example_dags/subdags/subdag.py took 0.051 seconds
[2026-07-22 19:07:58,379] {processor.py:163} INFO - Started process (PID=1568) to work on /home/airflow/.local/lib/python3.6/site-packages/airflow/example_dags/subdags/subdag.py
[2026-07-22 19:07:58,388] {processor.py:642} INFO - Processing file /home/airflow/.local/lib/python3.6/site-packages/airflow/example_dags/subdags/subdag.py for tasks to queue
[2026-07-22 19:07:58,391] {logging_mixin.py:109} INFO - [2026-07-22 19:07:58,391] {dagbag.py:500} INFO - Filling up the DagBag from /home/airflow/.local/lib/python3.6/site-packages/airflow/example_dags/subdags/subdag.py
[2026-07-22 19:07:58,452] {processor.py:656} WARNING - No viable dags retrieved from /home/airflow/.local/lib/python3.6/site-packages/airflow/example_dags/subdags/subdag.py
[2026-07-22 19:07:58,464] {processor.py:171} INFO - Processing /home/airflow/.local/lib/python3.6/site-packages/airflow/example_dags/subdags/subdag.py took 0.102 seconds
[2026-07-22 19:08:29,331] {processor.py:163} INFO - Started process (PID=1652) to work on /home/airflow/.local/lib/python3.6/site-packages/airflow/example_dags/subdags/subdag.py
[2026-07-22 19:08:29,334] {processor.py:642} INFO - Processing file /home/airflow/.local/lib/python3.6/site-packages/airflow/example_dags/subdags/subdag.py for tasks to queue
[2026-07-22 19:08:29,337] {logging_mixin.py:109} INFO - [2026-07-22 19:08:29,337] {dagbag.py:500} INFO - Filling up the DagBag from /home/airflow/.local/lib/python3.6/site-packages/airflow/example_dags/subdags/subdag.py
[2026-07-22 19:08:29,373] {processor.py:656} WARNING - No viable dags retrieved from /home/airflow/.local/lib/python3.6/site-packages/airflow/example_dags/subdags/subdag.py
[2026-07-22 19:08:29,381] {processor.py:171} INFO - Processing /home/airflow/.local/lib/python3.6/site-packages/airflow/example_dags/subdags/subdag.py took 0.056 seconds
[2026-07-22 19:09:00,315] {processor.py:163} INFO - Started process (PID=1736) to work on /home/airflow/.local/lib/python3.6/site-packages/airflow/example_dags/subdags/subdag.py
[2026-07-22 19:09:00,322] {processor.py:642} INFO - Processing file /home/airflow/.local/lib/python3.6/site-packages/airflow/example_dags/subdags/subdag.py for tasks to queue
[2026-07-22 19:09:00,325] {logging_mixin.py:109} INFO - [2026-07-22 19:09:00,324] {dagbag.py:500} INFO - Filling up the DagBag from /home/airflow/.local/lib/python3.6/site-packages/airflow/example_dags/subdags/subdag.py
[2026-07-22 19:09:00,368] {processor.py:656} WARNING - No viable dags retrieved from /home/airflow/.local/lib/python3.6/site-packages/airflow/example_dags/subdags/subdag.py
[2026-07-22 19:09:00,383] {processor.py:171} INFO - Processing /home/airflow/.local/lib/python3.6/site-packages/airflow/example_dags/subdags/subdag.py took 0.078 seconds
[2026-07-22 19:11:07,226] {processor.py:163} INFO - Started process (PID=132) to work on /home/airflow/.local/lib/python3.6/site-packages/airflow/example_dags/subdags/subdag.py
[2026-07-22 19:11:07,258] {processor.py:642} INFO - Processing file /home/airflow/.local/lib/python3.6/site-packages/airflow/example_dags/subdags/subdag.py for tasks to queue
[2026-07-22 19:11:08,256] {logging_mixin.py:109} INFO - [2026-07-22 19:11:08,256] {dagbag.py:500} INFO - Filling up the DagBag from /home/airflow/.local/lib/python3.6/site-packages/airflow/example_dags/subdags/subdag.py
[2026-07-22 19:11:09,472] {processor.py:656} WARNING - No viable dags retrieved from /home/airflow/.local/lib/python3.6/site-packages/airflow/example_dags/subdags/subdag.py
[2026-07-22 19:11:09,634] {processor.py:171} INFO - Processing /home/airflow/.local/lib/python3.6/site-packages/airflow/example_dags/subdags/subdag.py took 2.598 seconds
[2026-07-22 19:11:41,561] {processor.py:163} INFO - Started process (PID=216) to work on /home/airflow/.local/lib/python3.6/site-packages/airflow/example_dags/subdags/subdag.py
[2026-07-22 19:11:41,593] {processor.py:642} INFO - Processing file /home/airflow/.local/lib/python3.6/site-packages/airflow/example_dags/subdags/subdag.py for tasks to queue
[2026-07-22 19:11:41,633] {logging_mixin.py:109} INFO - [2026-07-22 19:11:41,633] {dagbag.py:500} INFO - Filling up the DagBag from /home/airflow/.local/lib/python3.6/site-packages/airflow/example_dags/subdags/subdag.py
[2026-07-22 19:11:41,741] {processor.py:656} WARNING - No viable dags retrieved from /home/airflow/.local/lib/python3.6/site-packages/airflow/example_dags/subdags/subdag.py
[2026-07-22 19:11:41,758] {processor.py:171} INFO - Processing /home/airflow/.local/lib/python3.6/site-packages/airflow/example_dags/subdags/subdag.py took 0.216 seconds
[2026-07-22 19:12:12,389] {processor.py:163} INFO - Started process (PID=299) to work on /home/airflow/.local/lib/python3.6/site-packages/airflow/example_dags/subdags/subdag.py
[2026-07-22 19:12:12,415] {processor.py:642} INFO - Processing file /home/airflow/.local/lib/python3.6/site-packages/airflow/example_dags/subdags/subdag.py for tasks to queue
[2026-07-22 19:12:12,431] {logging_mixin.py:109} INFO - [2026-07-22 19:12:12,431] {dagbag.py:500} INFO - Filling up the DagBag from /home/airflow/.local/lib/python3.6/site-packages/airflow/example_dags/subdags/subdag.py
[2026-07-22 19:12:12,533] {processor.py:656} WARNING - No viable dags retrieved from /home/airflow/.local/lib/python3.6/site-packages/airflow/example_dags/subdags/subdag.py
[2026-07-22 19:12:12,543] {processor.py:171} INFO - Processing /home/airflow/.local/lib/python3.6/site-packages/airflow/example_dags/subdags/subdag.py took 0.167 seconds
[2026-07-22 19:12:42,943] {processor.py:163} INFO - Started process (PID=383) to work on /home/airflow/.local/lib/python3.6/site-packages/airflow/example_dags/subdags/subdag.py
[2026-07-22 19:12:42,946] {processor.py:642} INFO - Processing file /home/airflow/.local/lib/python3.6/site-packages/airflow/example_dags/subdags/subdag.py for tasks to queue
[2026-07-22 19:12:42,949] {logging_mixin.py:109} INFO - [2026-07-22 19:12:42,948] {dagbag.py:500} INFO - Filling up the DagBag from /home/airflow/.local/lib/python3.6/site-packages/airflow/example_dags/subdags/subdag.py
[2026-07-22 19:12:42,984] {processor.py:656} WARNING - No viable dags retrieved from /home/airflow/.local/lib/python3.6/site-packages/airflow/example_dags/subdags/subdag.py
[2026-07-22 19:12:42,993] {processor.py:171} INFO - Processing /home/airflow/.local/lib/python3.6/site-packages/airflow/example_dags/subdags/subdag.py took 0.056 seconds
[2026-07-22 19:13:14,442] {processor.py:163} INFO - Started process (PID=467) to work on /home/airflow/.local/lib/python3.6/site-packages/airflow/example_dags/subdags/subdag.py
[2026-07-22 19:13:14,449] {processor.py:642} INFO - Processing file /home/airflow/.local/lib/python3.6/site-packages/airflow/example_dags/subdags/subdag.py for tasks to queue
[2026-07-22 19:13:14,461] {logging_mixin.py:109} INFO - [2026-07-22 19:13:14,457] {dagbag.py:500} INFO - Filling up the DagBag from /home/airflow/.local/lib/python3.6/site-packages/airflow/example_dags/subdags/subdag.py
[2026-07-22 19:13:14,517] {processor.py:656} WARNING - No viable dags retrieved from /home/airflow/.local/lib/python3.6/site-packages/airflow/example_dags/subdags/subdag.py
[2026-07-22 19:13:14,528] {processor.py:171} INFO - Processing /home/airflow/.local/lib/python3.6/site-packages/airflow/example_dags/subdags/subdag.py took 0.096 seconds
[2026-07-22 19:13:46,145] {processor.py:163} INFO - Started process (PID=550) to work on /home/airflow/.local/lib/python3.6/site-packages/airflow/example_dags/subdags/subdag.py
[2026-07-22 19:13:46,149] {processor.py:642} INFO - Processing file /home/airflow/.local/lib/python3.6/site-packages/airflow/example_dags/subdags/subdag.py for tasks to queue
[2026-07-22 19:13:46,153] {logging_mixin.py:109} INFO - [2026-07-22 19:13:46,152] {dagbag.py:500} INFO - Filling up the DagBag from /home/airflow/.local/lib/python3.6/site-packages/airflow/example_dags/subdags/subdag.py
[2026-07-22 19:13:46,215] {processor.py:656} WARNING - No viable dags retrieved from /home/airflow/.local/lib/python3.6/site-packages/airflow/example_dags/subdags/subdag.py
[2026-07-22 19:13:46,222] {processor.py:171} INFO - Processing /home/airflow/.local/lib/python3.6/site-packages/airflow/example_dags/subdags/subdag.py took 0.091 seconds
[2026-07-22 19:14:17,306] {processor.py:163} INFO - Started process (PID=634) to work on /home/airflow/.local/lib/python3.6/site-packages/airflow/example_dags/subdags/subdag.py
[2026-07-22 19:14:17,310] {processor.py:642} INFO - Processing file /home/airflow/.local/lib/python3.6/site-packages/airflow/example_dags/subdags/subdag.py for tasks to queue
[2026-07-22 19:14:17,319] {logging_mixin.py:109} INFO - [2026-07-22 19:14:17,318] {dagbag.py:500} INFO - Filling up the DagBag from /home/airflow/.local/lib/python3.6/site-packages/airflow/example_dags/subdags/subdag.py
[2026-07-22 19:14:17,370] {processor.py:656} WARNING - No viable dags retrieved from /home/airflow/.local/lib/python3.6/site-packages/airflow/example_dags/subdags/subdag.py
[2026-07-22 19:14:17,383] {processor.py:171} INFO - Processing /home/airflow/.local/lib/python3.6/site-packages/airflow/example_dags/subdags/subdag.py took 0.084 seconds
[2026-07-22 19:14:49,788] {processor.py:163} INFO - Started process (PID=726) to work on /home/airflow/.local/lib/python3.6/site-packages/airflow/example_dags/subdags/subdag.py
[2026-07-22 19:14:49,795] {processor.py:642} INFO - Processing file /home/airflow/.local/lib/python3.6/site-packages/airflow/example_dags/subdags/subdag.py for tasks to queue
[2026-07-22 19:14:49,798] {logging_mixin.py:109} INFO - [2026-07-22 19:14:49,798] {dagbag.py:500} INFO - Filling up the DagBag from /home/airflow/.local/lib/python3.6/site-packages/airflow/example_dags/subdags/subdag.py
[2026-07-22 19:14:49,848] {processor.py:656} WARNING - No viable dags retrieved from /home/airflow/.local/lib/python3.6/site-packages/airflow/example_dags/subdags/subdag.py
[2026-07-22 19:14:49,857] {processor.py:171} INFO - Processing /home/airflow/.local/lib/python3.6/site-packages/airflow/example_dags/subdags/subdag.py took 0.076 seconds
[2026-07-22 19:15:20,923] {processor.py:163} INFO - Started process (PID=813) to work on /home/airflow/.local/lib/python3.6/site-packages/airflow/example_dags/subdags/subdag.py
[2026-07-22 19:15:20,927] {processor.py:642} INFO - Processing file /home/airflow/.local/lib/python3.6/site-packages/airflow/example_dags/subdags/subdag.py for tasks to queue
[2026-07-22 19:15:20,929] {logging_mixin.py:109} INFO - [2026-07-22 19:15:20,929] {dagbag.py:500} INFO - Filling up the DagBag from /home/airflow/.local/lib/python3.6/site-packages/airflow/example_dags/subdags/subdag.py
[2026-07-22 19:15:20,983] {processor.py:656} WARNING - No viable dags retrieved from /home/airflow/.local/lib/python3.6/site-packages/airflow/example_dags/subdags/subdag.py
[2026-07-22 19:15:20,996] {processor.py:171} INFO - Processing /home/airflow/.local/lib/python3.6/site-packages/airflow/example_dags/subdags/subdag.py took 0.083 seconds
[2026-07-22 19:15:51,710] {processor.py:163} INFO - Started process (PID=898) to work on /home/airflow/.local/lib/python3.6/site-packages/airflow/example_dags/subdags/subdag.py
[2026-07-22 19:15:51,714] {processor.py:642} INFO - Processing file /home/airflow/.local/lib/python3.6/site-packages/airflow/example_dags/subdags/subdag.py for tasks to queue
[2026-07-22 19:15:51,717] {logging_mixin.py:109} INFO - [2026-07-22 19:15:51,717] {dagbag.py:500} INFO - Filling up the DagBag from /home/airflow/.local/lib/python3.6/site-packages/airflow/example_dags/subdags/subdag.py
[2026-07-22 19:15:51,759] {processor.py:656} WARNING - No viable dags retrieved from /home/airflow/.local/lib/python3.6/site-packages/airflow/example_dags/subdags/subdag.py
[2026-07-22 19:15:51,767] {processor.py:171} INFO - Processing /home/airflow/.local/lib/python3.6/site-packages/airflow/example_dags/subdags/subdag.py took 0.064 seconds
[2026-07-22 19:16:22,687] {processor.py:163} INFO - Started process (PID=983) to work on /home/airflow/.local/lib/python3.6/site-packages/airflow/example_dags/subdags/subdag.py
[2026-07-22 19:16:22,693] {processor.py:642} INFO - Processing file /home/airflow/.local/lib/python3.6/site-packages/airflow/example_dags/subdags/subdag.py for tasks to queue
[2026-07-22 19:16:22,696] {logging_mixin.py:109} INFO - [2026-07-22 19:16:22,696] {dagbag.py:500} INFO - Filling up the DagBag from /home/airflow/.local/lib/python3.6/site-packages/airflow/example_dags/subdags/subdag.py
[2026-07-22 19:16:22,751] {processor.py:656} WARNING - No viable dags retrieved from /home/airflow/.local/lib/python3.6/site-packages/airflow/example_dags/subdags/subdag.py
[2026-07-22 19:16:22,761] {processor.py:171} INFO - Processing /home/airflow/.local/lib/python3.6/site-packages/airflow/example_dags/subdags/subdag.py took 0.084 seconds
[2026-07-22 19:16:54,316] {processor.py:163} INFO - Started process (PID=1067) to work on /home/airflow/.local/lib/python3.6/site-packages/airflow/example_dags/subdags/subdag.py
[2026-07-22 19:16:54,322] {processor.py:642} INFO - Processing file /home/airflow/.local/lib/python3.6/site-packages/airflow/example_dags/subdags/subdag.py for tasks to queue
[2026-07-22 19:16:54,329] {logging_mixin.py:109} INFO - [2026-07-22 19:16:54,329] {dagbag.py:500} INFO - Filling up the DagBag from /home/airflow/.local/lib/python3.6/site-packages/airflow/example_dags/subdags/subdag.py
[2026-07-22 19:16:54,379] {processor.py:656} WARNING - No viable dags retrieved from /home/airflow/.local/lib/python3.6/site-packages/airflow/example_dags/subdags/subdag.py
[2026-07-22 19:16:54,391] {processor.py:171} INFO - Processing /home/airflow/.local/lib/python3.6/site-packages/airflow/example_dags/subdags/subdag.py took 0.083 seconds
[2026-07-22 19:17:25,733] {processor.py:163} INFO - Started process (PID=1151) to work on /home/airflow/.local/lib/python3.6/site-packages/airflow/example_dags/subdags/subdag.py
[2026-07-22 19:17:25,737] {processor.py:642} INFO - Processing file /home/airflow/.local/lib/python3.6/site-packages/airflow/example_dags/subdags/subdag.py for tasks to queue
[2026-07-22 19:17:25,740] {logging_mixin.py:109} INFO - [2026-07-22 19:17:25,740] {dagbag.py:500} INFO - Filling up the DagBag from /home/airflow/.local/lib/python3.6/site-packages/airflow/example_dags/subdags/subdag.py
[2026-07-22 19:17:25,800] {processor.py:656} WARNING - No viable dags retrieved from /home/airflow/.local/lib/python3.6/site-packages/airflow/example_dags/subdags/subdag.py
[2026-07-22 19:17:25,813] {processor.py:171} INFO - Processing /home/airflow/.local/lib/python3.6/site-packages/airflow/example_dags/subdags/subdag.py took 0.084 seconds
[2026-07-22 19:17:56,485] {processor.py:163} INFO - Started process (PID=1235) to work on /home/airflow/.local/lib/python3.6/site-packages/airflow/example_dags/subdags/subdag.py
[2026-07-22 19:17:56,487] {processor.py:642} INFO - Processing file /home/airflow/.local/lib/python3.6/site-packages/airflow/example_dags/subdags/subdag.py for tasks to queue
[2026-07-22 19:17:56,490] {logging_mixin.py:109} INFO - [2026-07-22 19:17:56,489] {dagbag.py:500} INFO - Filling up the DagBag from /home/airflow/.local/lib/python3.6/site-packages/airflow/example_dags/subdags/subdag.py
[2026-07-22 19:17:56,527] {processor.py:656} WARNING - No viable dags retrieved from /home/airflow/.local/lib/python3.6/site-packages/airflow/example_dags/subdags/subdag.py
[2026-07-22 19:17:56,533] {processor.py:171} INFO - Processing /home/airflow/.local/lib/python3.6/site-packages/airflow/example_dags/subdags/subdag.py took 0.052 seconds
[2026-07-22 19:18:27,733] {processor.py:163} INFO - Started process (PID=1319) to work on /home/airflow/.local/lib/python3.6/site-packages/airflow/example_dags/subdags/subdag.py
[2026-07-22 19:18:27,736] {processor.py:642} INFO - Processing file /home/airflow/.local/lib/python3.6/site-packages/airflow/example_dags/subdags/subdag.py for tasks to queue
[2026-07-22 19:18:27,739] {logging_mixin.py:109} INFO - [2026-07-22 19:18:27,739] {dagbag.py:500} INFO - Filling up the DagBag from /home/airflow/.local/lib/python3.6/site-packages/airflow/example_dags/subdags/subdag.py
[2026-07-22 19:18:27,772] {processor.py:656} WARNING - No viable dags retrieved from /home/airflow/.local/lib/python3.6/site-packages/airflow/example_dags/subdags/subdag.py
[2026-07-22 19:18:27,778] {processor.py:171} INFO - Processing /home/airflow/.local/lib/python3.6/site-packages/airflow/example_dags/subdags/subdag.py took 0.050 seconds
[2026-07-22 19:18:58,676] {processor.py:163} INFO - Started process (PID=1412) to work on /home/airflow/.local/lib/python3.6/site-packages/airflow/example_dags/subdags/subdag.py
[2026-07-22 19:18:58,679] {processor.py:642} INFO - Processing file /home/airflow/.local/lib/python3.6/site-packages/airflow/example_dags/subdags/subdag.py for tasks to queue
[2026-07-22 19:18:58,681] {logging_mixin.py:109} INFO - [2026-07-22 19:18:58,681] {dagbag.py:500} INFO - Filling up the DagBag from /home/airflow/.local/lib/python3.6/site-packages/airflow/example_dags/subdags/subdag.py
[2026-07-22 19:18:58,712] {processor.py:656} WARNING - No viable dags retrieved from /home/airflow/.local/lib/python3.6/site-packages/airflow/example_dags/subdags/subdag.py
[2026-07-22 19:18:58,718] {processor.py:171} INFO - Processing /home/airflow/.local/lib/python3.6/site-packages/airflow/example_dags/subdags/subdag.py took 0.047 seconds
[2026-07-22 19:19:29,259] {processor.py:163} INFO - Started process (PID=1500) to work on /home/airflow/.local/lib/python3.6/site-packages/airflow/example_dags/subdags/subdag.py
[2026-07-22 19:19:29,263] {processor.py:642} INFO - Processing file /home/airflow/.local/lib/python3.6/site-packages/airflow/example_dags/subdags/subdag.py for tasks to queue
[2026-07-22 19:19:29,265] {logging_mixin.py:109} INFO - [2026-07-22 19:19:29,265] {dagbag.py:500} INFO - Filling up the DagBag from /home/airflow/.local/lib/python3.6/site-packages/airflow/example_dags/subdags/subdag.py
[2026-07-22 19:19:29,318] {processor.py:656} WARNING - No viable dags retrieved from /home/airflow/.local/lib/python3.6/site-packages/airflow/example_dags/subdags/subdag.py
[2026-07-22 19:19:29,330] {processor.py:171} INFO - Processing /home/airflow/.local/lib/python3.6/site-packages/airflow/example_dags/subdags/subdag.py took 0.079 seconds
[2026-07-22 19:20:00,177] {processor.py:163} INFO - Started process (PID=1584) to work on /home/airflow/.local/lib/python3.6/site-packages/airflow/example_dags/subdags/subdag.py
[2026-07-22 19:20:00,181] {processor.py:642} INFO - Processing file /home/airflow/.local/lib/python3.6/site-packages/airflow/example_dags/subdags/subdag.py for tasks to queue
[2026-07-22 19:20:00,184] {logging_mixin.py:109} INFO - [2026-07-22 19:20:00,184] {dagbag.py:500} INFO - Filling up the DagBag from /home/airflow/.local/lib/python3.6/site-packages/airflow/example_dags/subdags/subdag.py
[2026-07-22 19:20:00,244] {processor.py:656} WARNING - No viable dags retrieved from /home/airflow/.local/lib/python3.6/site-packages/airflow/example_dags/subdags/subdag.py
[2026-07-22 19:20:00,253] {processor.py:171} INFO - Processing /home/airflow/.local/lib/python3.6/site-packages/airflow/example_dags/subdags/subdag.py took 0.085 seconds
[2026-07-22 19:20:31,062] {processor.py:163} INFO - Started process (PID=1669) to work on /home/airflow/.local/lib/python3.6/site-packages/airflow/example_dags/subdags/subdag.py
[2026-07-22 19:20:31,067] {processor.py:642} INFO - Processing file /home/airflow/.local/lib/python3.6/site-packages/airflow/example_dags/subdags/subdag.py for tasks to queue
[2026-07-22 19:20:31,072] {logging_mixin.py:109} INFO - [2026-07-22 19:20:31,072] {dagbag.py:500} INFO - Filling up the DagBag from /home/airflow/.local/lib/python3.6/site-packages/airflow/example_dags/subdags/subdag.py
[2026-07-22 19:20:31,129] {processor.py:656} WARNING - No viable dags retrieved from /home/airflow/.local/lib/python3.6/site-packages/airflow/example_dags/subdags/subdag.py
[2026-07-22 19:20:31,143] {processor.py:171} INFO - Processing /home/airflow/.local/lib/python3.6/site-packages/airflow/example_dags/subdags/subdag.py took 0.090 seconds
[2026-07-22 19:21:01,776] {processor.py:163} INFO - Started process (PID=1754) to work on /home/airflow/.local/lib/python3.6/site-packages/airflow/example_dags/subdags/subdag.py
[2026-07-22 19:21:01,780] {processor.py:642} INFO - Processing file /home/airflow/.local/lib/python3.6/site-packages/airflow/example_dags/subdags/subdag.py for tasks to queue
[2026-07-22 19:21:01,783] {logging_mixin.py:109} INFO - [2026-07-22 19:21:01,782] {dagbag.py:500} INFO - Filling up the DagBag from /home/airflow/.local/lib/python3.6/site-packages/airflow/example_dags/subdags/subdag.py
[2026-07-22 19:21:01,822] {processor.py:656} WARNING - No viable dags retrieved from /home/airflow/.local/lib/python3.6/site-packages/airflow/example_dags/subdags/subdag.py
[2026-07-22 19:21:01,832] {processor.py:171} INFO - Processing /home/airflow/.local/lib/python3.6/site-packages/airflow/example_dags/subdags/subdag.py took 0.067 seconds
[2026-07-22 19:21:32,460] {processor.py:163} INFO - Started process (PID=1839) to work on /home/airflow/.local/lib/python3.6/site-packages/airflow/example_dags/subdags/subdag.py
[2026-07-22 19:21:32,463] {processor.py:642} INFO - Processing file /home/airflow/.local/lib/python3.6/site-packages/airflow/example_dags/subdags/subdag.py for tasks to queue
[2026-07-22 19:21:32,465] {logging_mixin.py:109} INFO - [2026-07-22 19:21:32,465] {dagbag.py:500} INFO - Filling up the DagBag from /home/airflow/.local/lib/python3.6/site-packages/airflow/example_dags/subdags/subdag.py
[2026-07-22 19:21:32,505] {processor.py:656} WARNING - No viable dags retrieved from /home/airflow/.local/lib/python3.6/site-packages/airflow/example_dags/subdags/subdag.py
[2026-07-22 19:21:32,514] {processor.py:171} INFO - Processing /home/airflow/.local/lib/python3.6/site-packages/airflow/example_dags/subdags/subdag.py took 0.065 seconds
[2026-07-22 19:22:03,681] {processor.py:163} INFO - Started process (PID=1923) to work on /home/airflow/.local/lib/python3.6/site-packages/airflow/example_dags/subdags/subdag.py
[2026-07-22 19:22:03,686] {processor.py:642} INFO - Processing file /home/airflow/.local/lib/python3.6/site-packages/airflow/example_dags/subdags/subdag.py for tasks to queue
[2026-07-22 19:22:03,691] {logging_mixin.py:109} INFO - [2026-07-22 19:22:03,691] {dagbag.py:500} INFO - Filling up the DagBag from /home/airflow/.local/lib/python3.6/site-packages/airflow/example_dags/subdags/subdag.py
[2026-07-22 19:22:03,729] {processor.py:656} WARNING - No viable dags retrieved from /home/airflow/.local/lib/python3.6/site-packages/airflow/example_dags/subdags/subdag.py
[2026-07-22 19:22:03,737] {processor.py:171} INFO - Processing /home/airflow/.local/lib/python3.6/site-packages/airflow/example_dags/subdags/subdag.py took 0.069 seconds
[2026-07-22 19:22:34,695] {processor.py:163} INFO - Started process (PID=2007) to work on /home/airflow/.local/lib/python3.6/site-packages/airflow/example_dags/subdags/subdag.py
[2026-07-22 19:22:34,699] {processor.py:642} INFO - Processing file /home/airflow/.local/lib/python3.6/site-packages/airflow/example_dags/subdags/subdag.py for tasks to queue
[2026-07-22 19:22:34,702] {logging_mixin.py:109} INFO - [2026-07-22 19:22:34,702] {dagbag.py:500} INFO - Filling up the DagBag from /home/airflow/.local/lib/python3.6/site-packages/airflow/example_dags/subdags/subdag.py
[2026-07-22 19:22:34,746] {processor.py:656} WARNING - No viable dags retrieved from /home/airflow/.local/lib/python3.6/site-packages/airflow/example_dags/subdags/subdag.py
[2026-07-22 19:22:34,755] {processor.py:171} INFO - Processing /home/airflow/.local/lib/python3.6/site-packages/airflow/example_dags/subdags/subdag.py took 0.068 seconds
[2026-07-22 19:23:05,415] {processor.py:163} INFO - Started process (PID=2091) to work on /home/airflow/.local/lib/python3.6/site-packages/airflow/example_dags/subdags/subdag.py
[2026-07-22 19:23:05,417] {processor.py:642} INFO - Processing file /home/airflow/.local/lib/python3.6/site-packages/airflow/example_dags/subdags/subdag.py for tasks to queue
[2026-07-22 19:23:05,420] {logging_mixin.py:109} INFO - [2026-07-22 19:23:05,420] {dagbag.py:500} INFO - Filling up the DagBag from /home/airflow/.local/lib/python3.6/site-packages/airflow/example_dags/subdags/subdag.py
[2026-07-22 19:23:05,450] {processor.py:656} WARNING - No viable dags retrieved from /home/airflow/.local/lib/python3.6/site-packages/airflow/example_dags/subdags/subdag.py
[2026-07-22 19:23:05,456] {processor.py:171} INFO - Processing /home/airflow/.local/lib/python3.6/site-packages/airflow/example_dags/subdags/subdag.py took 0.046 seconds
[2026-07-22 19:23:36,813] {processor.py:163} INFO - Started process (PID=2167) to work on /home/airflow/.local/lib/python3.6/site-packages/airflow/example_dags/subdags/subdag.py
[2026-07-22 19:23:36,828] {processor.py:642} INFO - Processing file /home/airflow/.local/lib/python3.6/site-packages/airflow/example_dags/subdags/subdag.py for tasks to queue
[2026-07-22 19:23:36,835] {logging_mixin.py:109} INFO - [2026-07-22 19:23:36,835] {dagbag.py:500} INFO - Filling up the DagBag from /home/airflow/.local/lib/python3.6/site-packages/airflow/example_dags/subdags/subdag.py
[2026-07-22 19:23:36,934] {processor.py:656} WARNING - No viable dags retrieved from /home/airflow/.local/lib/python3.6/site-packages/airflow/example_dags/subdags/subdag.py
[2026-07-22 19:23:36,946] {processor.py:171} INFO - Processing /home/airflow/.local/lib/python3.6/site-packages/airflow/example_dags/subdags/subdag.py took 0.142 seconds
[2026-07-22 19:24:07,536] {processor.py:163} INFO - Started process (PID=2262) to work on /home/airflow/.local/lib/python3.6/site-packages/airflow/example_dags/subdags/subdag.py
[2026-07-22 19:24:07,538] {processor.py:642} INFO - Processing file /home/airflow/.local/lib/python3.6/site-packages/airflow/example_dags/subdags/subdag.py for tasks to queue
[2026-07-22 19:24:07,541] {logging_mixin.py:109} INFO - [2026-07-22 19:24:07,540] {dagbag.py:500} INFO - Filling up the DagBag from /home/airflow/.local/lib/python3.6/site-packages/airflow/example_dags/subdags/subdag.py
[2026-07-22 19:24:07,579] {processor.py:656} WARNING - No viable dags retrieved from /home/airflow/.local/lib/python3.6/site-packages/airflow/example_dags/subdags/subdag.py
[2026-07-22 19:24:07,585] {processor.py:171} INFO - Processing /home/airflow/.local/lib/python3.6/site-packages/airflow/example_dags/subdags/subdag.py took 0.055 seconds
[2026-07-22 19:24:38,641] {processor.py:163} INFO - Started process (PID=2347) to work on /home/airflow/.local/lib/python3.6/site-packages/airflow/example_dags/subdags/subdag.py
[2026-07-22 19:24:38,646] {processor.py:642} INFO - Processing file /home/airflow/.local/lib/python3.6/site-packages/airflow/example_dags/subdags/subdag.py for tasks to queue
[2026-07-22 19:24:38,651] {logging_mixin.py:109} INFO - [2026-07-22 19:24:38,651] {dagbag.py:500} INFO - Filling up the DagBag from /home/airflow/.local/lib/python3.6/site-packages/airflow/example_dags/subdags/subdag.py
[2026-07-22 19:24:38,700] {processor.py:656} WARNING - No viable dags retrieved from /home/airflow/.local/lib/python3.6/site-packages/airflow/example_dags/subdags/subdag.py
[2026-07-22 19:24:38,708] {processor.py:171} INFO - Processing /home/airflow/.local/lib/python3.6/site-packages/airflow/example_dags/subdags/subdag.py took 0.077 seconds
[2026-07-22 19:25:09,193] {processor.py:163} INFO - Started process (PID=2414) to work on /home/airflow/.local/lib/python3.6/site-packages/airflow/example_dags/subdags/subdag.py
[2026-07-22 19:25:09,196] {processor.py:642} INFO - Processing file /home/airflow/.local/lib/python3.6/site-packages/airflow/example_dags/subdags/subdag.py for tasks to queue
[2026-07-22 19:25:09,199] {logging_mixin.py:109} INFO - [2026-07-22 19:25:09,198] {dagbag.py:500} INFO - Filling up the DagBag from /home/airflow/.local/lib/python3.6/site-packages/airflow/example_dags/subdags/subdag.py
[2026-07-22 19:25:09,232] {processor.py:656} WARNING - No viable dags retrieved from /home/airflow/.local/lib/python3.6/site-packages/airflow/example_dags/subdags/subdag.py
[2026-07-22 19:25:09,238] {processor.py:171} INFO - Processing /home/airflow/.local/lib/python3.6/site-packages/airflow/example_dags/subdags/subdag.py took 0.051 seconds
[2026-07-22 19:25:41,045] {processor.py:163} INFO - Started process (PID=2507) to work on /home/airflow/.local/lib/python3.6/site-packages/airflow/example_dags/subdags/subdag.py
[2026-07-22 19:25:41,057] {processor.py:642} INFO - Processing file /home/airflow/.local/lib/python3.6/site-packages/airflow/example_dags/subdags/subdag.py for tasks to queue
[2026-07-22 19:25:41,064] {logging_mixin.py:109} INFO - [2026-07-22 19:25:41,064] {dagbag.py:500} INFO - Filling up the DagBag from /home/airflow/.local/lib/python3.6/site-packages/airflow/example_dags/subdags/subdag.py
[2026-07-22 19:25:41,122] {processor.py:656} WARNING - No viable dags retrieved from /home/airflow/.local/lib/python3.6/site-packages/airflow/example_dags/subdags/subdag.py
[2026-07-22 19:25:41,131] {processor.py:171} INFO - Processing /home/airflow/.local/lib/python3.6/site-packages/airflow/example_dags/subdags/subdag.py took 0.094 seconds
[2026-07-22 19:26:11,945] {processor.py:163} INFO - Started process (PID=2590) to work on /home/airflow/.local/lib/python3.6/site-packages/airflow/example_dags/subdags/subdag.py
[2026-07-22 19:26:11,948] {processor.py:642} INFO - Processing file /home/airflow/.local/lib/python3.6/site-packages/airflow/example_dags/subdags/subdag.py for tasks to queue
[2026-07-22 19:26:11,951] {logging_mixin.py:109} INFO - [2026-07-22 19:26:11,950] {dagbag.py:500} INFO - Filling up the DagBag from /home/airflow/.local/lib/python3.6/site-packages/airflow/example_dags/subdags/subdag.py
[2026-07-22 19:26:12,003] {processor.py:656} WARNING - No viable dags retrieved from /home/airflow/.local/lib/python3.6/site-packages/airflow/example_dags/subdags/subdag.py
[2026-07-22 19:26:12,013] {processor.py:171} INFO - Processing /home/airflow/.local/lib/python3.6/site-packages/airflow/example_dags/subdags/subdag.py took 0.075 seconds
[2026-07-22 19:26:43,354] {processor.py:163} INFO - Started process (PID=2675) to work on /home/airflow/.local/lib/python3.6/site-packages/airflow/example_dags/subdags/subdag.py
[2026-07-22 19:26:43,357] {processor.py:642} INFO - Processing file /home/airflow/.local/lib/python3.6/site-packages/airflow/example_dags/subdags/subdag.py for tasks to queue
[2026-07-22 19:26:43,359] {logging_mixin.py:109} INFO - [2026-07-22 19:26:43,359] {dagbag.py:500} INFO - Filling up the DagBag from /home/airflow/.local/lib/python3.6/site-packages/airflow/example_dags/subdags/subdag.py
[2026-07-22 19:26:43,393] {processor.py:656} WARNING - No viable dags retrieved from /home/airflow/.local/lib/python3.6/site-packages/airflow/example_dags/subdags/subdag.py
[2026-07-22 19:26:43,401] {processor.py:171} INFO - Processing /home/airflow/.local/lib/python3.6/site-packages/airflow/example_dags/subdags/subdag.py took 0.051 seconds
[2026-07-22 19:27:14,512] {processor.py:163} INFO - Started process (PID=2762) to work on /home/airflow/.local/lib/python3.6/site-packages/airflow/example_dags/subdags/subdag.py
[2026-07-22 19:27:14,516] {processor.py:642} INFO - Processing file /home/airflow/.local/lib/python3.6/site-packages/airflow/example_dags/subdags/subdag.py for tasks to queue
[2026-07-22 19:27:14,519] {logging_mixin.py:109} INFO - [2026-07-22 19:27:14,518] {dagbag.py:500} INFO - Filling up the DagBag from /home/airflow/.local/lib/python3.6/site-packages/airflow/example_dags/subdags/subdag.py
[2026-07-22 19:27:14,551] {processor.py:656} WARNING - No viable dags retrieved from /home/airflow/.local/lib/python3.6/site-packages/airflow/example_dags/subdags/subdag.py
[2026-07-22 19:27:14,559] {processor.py:171} INFO - Processing /home/airflow/.local/lib/python3.6/site-packages/airflow/example_dags/subdags/subdag.py took 0.053 seconds
[2026-07-22 19:27:45,611] {processor.py:163} INFO - Started process (PID=2848) to work on /home/airflow/.local/lib/python3.6/site-packages/airflow/example_dags/subdags/subdag.py
[2026-07-22 19:27:45,615] {processor.py:642} INFO - Processing file /home/airflow/.local/lib/python3.6/site-packages/airflow/example_dags/subdags/subdag.py for tasks to queue
[2026-07-22 19:27:45,619] {logging_mixin.py:109} INFO - [2026-07-22 19:27:45,619] {dagbag.py:500} INFO - Filling up the DagBag from /home/airflow/.local/lib/python3.6/site-packages/airflow/example_dags/subdags/subdag.py
[2026-07-22 19:27:45,671] {processor.py:656} WARNING - No viable dags retrieved from /home/airflow/.local/lib/python3.6/site-packages/airflow/example_dags/subdags/subdag.py
[2026-07-22 19:27:45,679] {processor.py:171} INFO - Processing /home/airflow/.local/lib/python3.6/site-packages/airflow/example_dags/subdags/subdag.py took 0.075 seconds
[2026-07-22 19:28:17,531] {processor.py:163} INFO - Started process (PID=2933) to work on /home/airflow/.local/lib/python3.6/site-packages/airflow/example_dags/subdags/subdag.py
[2026-07-22 19:28:17,535] {processor.py:642} INFO - Processing file /home/airflow/.local/lib/python3.6/site-packages/airflow/example_dags/subdags/subdag.py for tasks to queue
[2026-07-22 19:28:17,539] {logging_mixin.py:109} INFO - [2026-07-22 19:28:17,538] {dagbag.py:500} INFO - Filling up the DagBag from /home/airflow/.local/lib/python3.6/site-packages/airflow/example_dags/subdags/subdag.py
[2026-07-22 19:28:17,600] {processor.py:656} WARNING - No viable dags retrieved from /home/airflow/.local/lib/python3.6/site-packages/airflow/example_dags/subdags/subdag.py
[2026-07-22 19:28:17,611] {processor.py:171} INFO - Processing /home/airflow/.local/lib/python3.6/site-packages/airflow/example_dags/subdags/subdag.py took 0.089 seconds
[2026-07-22 19:28:48,355] {processor.py:163} INFO - Started process (PID=3019) to work on /home/airflow/.local/lib/python3.6/site-packages/airflow/example_dags/subdags/subdag.py
[2026-07-22 19:28:48,358] {processor.py:642} INFO - Processing file /home/airflow/.local/lib/python3.6/site-packages/airflow/example_dags/subdags/subdag.py for tasks to queue
[2026-07-22 19:28:48,360] {logging_mixin.py:109} INFO - [2026-07-22 19:28:48,360] {dagbag.py:500} INFO - Filling up the DagBag from /home/airflow/.local/lib/python3.6/site-packages/airflow/example_dags/subdags/subdag.py
[2026-07-22 19:28:48,394] {processor.py:656} WARNING - No viable dags retrieved from /home/airflow/.local/lib/python3.6/site-packages/airflow/example_dags/subdags/subdag.py
[2026-07-22 19:28:48,400] {processor.py:171} INFO - Processing /home/airflow/.local/lib/python3.6/site-packages/airflow/example_dags/subdags/subdag.py took 0.051 seconds
[2026-07-22 19:29:19,794] {processor.py:163} INFO - Started process (PID=3103) to work on /home/airflow/.local/lib/python3.6/site-packages/airflow/example_dags/subdags/subdag.py
[2026-07-22 19:29:19,797] {processor.py:642} INFO - Processing file /home/airflow/.local/lib/python3.6/site-packages/airflow/example_dags/subdags/subdag.py for tasks to queue
[2026-07-22 19:29:19,799] {logging_mixin.py:109} INFO - [2026-07-22 19:29:19,799] {dagbag.py:500} INFO - Filling up the DagBag from /home/airflow/.local/lib/python3.6/site-packages/airflow/example_dags/subdags/subdag.py
[2026-07-22 19:29:19,830] {processor.py:656} WARNING - No viable dags retrieved from /home/airflow/.local/lib/python3.6/site-packages/airflow/example_dags/subdags/subdag.py
[2026-07-22 19:29:19,836] {processor.py:171} INFO - Processing /home/airflow/.local/lib/python3.6/site-packages/airflow/example_dags/subdags/subdag.py took 0.047 seconds
[2026-07-22 19:29:50,696] {processor.py:163} INFO - Started process (PID=3188) to work on /home/airflow/.local/lib/python3.6/site-packages/airflow/example_dags/subdags/subdag.py
[2026-07-22 19:29:50,699] {processor.py:642} INFO - Processing file /home/airflow/.local/lib/python3.6/site-packages/airflow/example_dags/subdags/subdag.py for tasks to queue
[2026-07-22 19:29:50,701] {logging_mixin.py:109} INFO - [2026-07-22 19:29:50,701] {dagbag.py:500} INFO - Filling up the DagBag from /home/airflow/.local/lib/python3.6/site-packages/airflow/example_dags/subdags/subdag.py
[2026-07-22 19:29:50,732] {processor.py:656} WARNING - No viable dags retrieved from /home/airflow/.local/lib/python3.6/site-packages/airflow/example_dags/subdags/subdag.py
[2026-07-22 19:29:50,740] {processor.py:171} INFO - Processing /home/airflow/.local/lib/python3.6/site-packages/airflow/example_dags/subdags/subdag.py took 0.049 seconds
[2026-07-22 19:30:21,250] {processor.py:163} INFO - Started process (PID=3272) to work on /home/airflow/.local/lib/python3.6/site-packages/airflow/example_dags/subdags/subdag.py
[2026-07-22 19:30:21,252] {processor.py:642} INFO - Processing file /home/airflow/.local/lib/python3.6/site-packages/airflow/example_dags/subdags/subdag.py for tasks to queue
[2026-07-22 19:30:21,254] {logging_mixin.py:109} INFO - [2026-07-22 19:30:21,254] {dagbag.py:500} INFO - Filling up the DagBag from /home/airflow/.local/lib/python3.6/site-packages/airflow/example_dags/subdags/subdag.py
[2026-07-22 19:30:21,290] {processor.py:656} WARNING - No viable dags retrieved from /home/airflow/.local/lib/python3.6/site-packages/airflow/example_dags/subdags/subdag.py
[2026-07-22 19:30:21,302] {processor.py:171} INFO - Processing /home/airflow/.local/lib/python3.6/site-packages/airflow/example_dags/subdags/subdag.py took 0.060 seconds
[2026-07-22 19:30:51,962] {processor.py:163} INFO - Started process (PID=3348) to work on /home/airflow/.local/lib/python3.6/site-packages/airflow/example_dags/subdags/subdag.py
[2026-07-22 19:30:51,965] {processor.py:642} INFO - Processing file /home/airflow/.local/lib/python3.6/site-packages/airflow/example_dags/subdags/subdag.py for tasks to queue
[2026-07-22 19:30:51,967] {logging_mixin.py:109} INFO - [2026-07-22 19:30:51,967] {dagbag.py:500} INFO - Filling up the DagBag from /home/airflow/.local/lib/python3.6/site-packages/airflow/example_dags/subdags/subdag.py
[2026-07-22 19:30:52,045] {processor.py:656} WARNING - No viable dags retrieved from /home/airflow/.local/lib/python3.6/site-packages/airflow/example_dags/subdags/subdag.py
[2026-07-22 19:30:52,065] {processor.py:171} INFO - Processing /home/airflow/.local/lib/python3.6/site-packages/airflow/example_dags/subdags/subdag.py took 0.110 seconds
[2026-07-22 19:31:22,266] {processor.py:163} INFO - Started process (PID=3441) to work on /home/airflow/.local/lib/python3.6/site-packages/airflow/example_dags/subdags/subdag.py
[2026-07-22 19:31:22,269] {processor.py:642} INFO - Processing file /home/airflow/.local/lib/python3.6/site-packages/airflow/example_dags/subdags/subdag.py for tasks to queue
[2026-07-22 19:31:22,272] {logging_mixin.py:109} INFO - [2026-07-22 19:31:22,271] {dagbag.py:500} INFO - Filling up the DagBag from /home/airflow/.local/lib/python3.6/site-packages/airflow/example_dags/subdags/subdag.py
[2026-07-22 19:31:22,323] {processor.py:656} WARNING - No viable dags retrieved from /home/airflow/.local/lib/python3.6/site-packages/airflow/example_dags/subdags/subdag.py
[2026-07-22 19:31:22,333] {processor.py:171} INFO - Processing /home/airflow/.local/lib/python3.6/site-packages/airflow/example_dags/subdags/subdag.py took 0.074 seconds
[2026-07-22 19:31:52,861] {processor.py:163} INFO - Started process (PID=3525) to work on /home/airflow/.local/lib/python3.6/site-packages/airflow/example_dags/subdags/subdag.py
[2026-07-22 19:31:52,866] {processor.py:642} INFO - Processing file /home/airflow/.local/lib/python3.6/site-packages/airflow/example_dags/subdags/subdag.py for tasks to queue
[2026-07-22 19:31:52,870] {logging_mixin.py:109} INFO - [2026-07-22 19:31:52,870] {dagbag.py:500} INFO - Filling up the DagBag from /home/airflow/.local/lib/python3.6/site-packages/airflow/example_dags/subdags/subdag.py
[2026-07-22 19:31:52,938] {processor.py:656} WARNING - No viable dags retrieved from /home/airflow/.local/lib/python3.6/site-packages/airflow/example_dags/subdags/subdag.py
[2026-07-22 19:31:52,972] {processor.py:171} INFO - Processing /home/airflow/.local/lib/python3.6/site-packages/airflow/example_dags/subdags/subdag.py took 0.123 seconds
[2026-07-22 19:32:23,872] {processor.py:163} INFO - Started process (PID=3610) to work on /home/airflow/.local/lib/python3.6/site-packages/airflow/example_dags/subdags/subdag.py
[2026-07-22 19:32:23,876] {processor.py:642} INFO - Processing file /home/airflow/.local/lib/python3.6/site-packages/airflow/example_dags/subdags/subdag.py for tasks to queue
[2026-07-22 19:32:23,881] {logging_mixin.py:109} INFO - [2026-07-22 19:32:23,880] {dagbag.py:500} INFO - Filling up the DagBag from /home/airflow/.local/lib/python3.6/site-packages/airflow/example_dags/subdags/subdag.py
[2026-07-22 19:32:23,923] {processor.py:656} WARNING - No viable dags retrieved from /home/airflow/.local/lib/python3.6/site-packages/airflow/example_dags/subdags/subdag.py
[2026-07-22 19:32:23,935] {processor.py:171} INFO - Processing /home/airflow/.local/lib/python3.6/site-packages/airflow/example_dags/subdags/subdag.py took 0.069 seconds
[2026-07-22 19:32:54,290] {processor.py:163} INFO - Started process (PID=3695) to work on /home/airflow/.local/lib/python3.6/site-packages/airflow/example_dags/subdags/subdag.py
[2026-07-22 19:32:54,293] {processor.py:642} INFO - Processing file /home/airflow/.local/lib/python3.6/site-packages/airflow/example_dags/subdags/subdag.py for tasks to queue
[2026-07-22 19:32:54,295] {logging_mixin.py:109} INFO - [2026-07-22 19:32:54,295] {dagbag.py:500} INFO - Filling up the DagBag from /home/airflow/.local/lib/python3.6/site-packages/airflow/example_dags/subdags/subdag.py
[2026-07-22 19:32:54,331] {processor.py:656} WARNING - No viable dags retrieved from /home/airflow/.local/lib/python3.6/site-packages/airflow/example_dags/subdags/subdag.py
[2026-07-22 19:32:54,338] {processor.py:171} INFO - Processing /home/airflow/.local/lib/python3.6/site-packages/airflow/example_dags/subdags/subdag.py took 0.053 seconds
[2026-07-22 19:33:24,470] {processor.py:163} INFO - Started process (PID=3778) to work on /home/airflow/.local/lib/python3.6/site-packages/airflow/example_dags/subdags/subdag.py
[2026-07-22 19:33:24,472] {processor.py:642} INFO - Processing file /home/airflow/.local/lib/python3.6/site-packages/airflow/example_dags/subdags/subdag.py for tasks to queue
[2026-07-22 19:33:24,474] {logging_mixin.py:109} INFO - [2026-07-22 19:33:24,474] {dagbag.py:500} INFO - Filling up the DagBag from /home/airflow/.local/lib/python3.6/site-packages/airflow/example_dags/subdags/subdag.py
[2026-07-22 19:33:24,512] {processor.py:656} WARNING - No viable dags retrieved from /home/airflow/.local/lib/python3.6/site-packages/airflow/example_dags/subdags/subdag.py
[2026-07-22 19:33:24,524] {processor.py:171} INFO - Processing /home/airflow/.local/lib/python3.6/site-packages/airflow/example_dags/subdags/subdag.py took 0.058 seconds
[2026-07-22 19:33:54,970] {processor.py:163} INFO - Started process (PID=3872) to work on /home/airflow/.local/lib/python3.6/site-packages/airflow/example_dags/subdags/subdag.py
[2026-07-22 19:33:54,973] {processor.py:642} INFO - Processing file /home/airflow/.local/lib/python3.6/site-packages/airflow/example_dags/subdags/subdag.py for tasks to queue
[2026-07-22 19:33:54,978] {logging_mixin.py:109} INFO - [2026-07-22 19:33:54,977] {dagbag.py:500} INFO - Filling up the DagBag from /home/airflow/.local/lib/python3.6/site-packages/airflow/example_dags/subdags/subdag.py
[2026-07-22 19:33:55,025] {processor.py:656} WARNING - No viable dags retrieved from /home/airflow/.local/lib/python3.6/site-packages/airflow/example_dags/subdags/subdag.py
[2026-07-22 19:33:55,034] {processor.py:171} INFO - Processing /home/airflow/.local/lib/python3.6/site-packages/airflow/example_dags/subdags/subdag.py took 0.071 seconds
[2026-07-22 19:34:25,231] {processor.py:163} INFO - Started process (PID=3956) to work on /home/airflow/.local/lib/python3.6/site-packages/airflow/example_dags/subdags/subdag.py
[2026-07-22 19:34:25,238] {processor.py:642} INFO - Processing file /home/airflow/.local/lib/python3.6/site-packages/airflow/example_dags/subdags/subdag.py for tasks to queue
[2026-07-22 19:34:25,242] {logging_mixin.py:109} INFO - [2026-07-22 19:34:25,242] {dagbag.py:500} INFO - Filling up the DagBag from /home/airflow/.local/lib/python3.6/site-packages/airflow/example_dags/subdags/subdag.py
[2026-07-22 19:34:25,279] {processor.py:656} WARNING - No viable dags retrieved from /home/airflow/.local/lib/python3.6/site-packages/airflow/example_dags/subdags/subdag.py
[2026-07-22 19:34:25,287] {processor.py:171} INFO - Processing /home/airflow/.local/lib/python3.6/site-packages/airflow/example_dags/subdags/subdag.py took 0.063 seconds
[2026-07-22 19:34:56,575] {processor.py:163} INFO - Started process (PID=4041) to work on /home/airflow/.local/lib/python3.6/site-packages/airflow/example_dags/subdags/subdag.py
[2026-07-22 19:34:56,578] {processor.py:642} INFO - Processing file /home/airflow/.local/lib/python3.6/site-packages/airflow/example_dags/subdags/subdag.py for tasks to queue
[2026-07-22 19:34:56,581] {logging_mixin.py:109} INFO - [2026-07-22 19:34:56,581] {dagbag.py:500} INFO - Filling up the DagBag from /home/airflow/.local/lib/python3.6/site-packages/airflow/example_dags/subdags/subdag.py
[2026-07-22 19:34:56,620] {processor.py:656} WARNING - No viable dags retrieved from /home/airflow/.local/lib/python3.6/site-packages/airflow/example_dags/subdags/subdag.py
[2026-07-22 19:34:56,627] {processor.py:171} INFO - Processing /home/airflow/.local/lib/python3.6/site-packages/airflow/example_dags/subdags/subdag.py took 0.058 seconds
[2026-07-22 19:35:27,245] {processor.py:163} INFO - Started process (PID=4125) to work on /home/airflow/.local/lib/python3.6/site-packages/airflow/example_dags/subdags/subdag.py
[2026-07-22 19:35:27,247] {processor.py:642} INFO - Processing file /home/airflow/.local/lib/python3.6/site-packages/airflow/example_dags/subdags/subdag.py for tasks to queue
[2026-07-22 19:35:27,249] {logging_mixin.py:109} INFO - [2026-07-22 19:35:27,249] {dagbag.py:500} INFO - Filling up the DagBag from /home/airflow/.local/lib/python3.6/site-packages/airflow/example_dags/subdags/subdag.py
[2026-07-22 19:35:27,285] {processor.py:656} WARNING - No viable dags retrieved from /home/airflow/.local/lib/python3.6/site-packages/airflow/example_dags/subdags/subdag.py
[2026-07-22 19:35:27,291] {processor.py:171} INFO - Processing /home/airflow/.local/lib/python3.6/site-packages/airflow/example_dags/subdags/subdag.py took 0.050 seconds
[2026-07-22 19:35:58,577] {processor.py:163} INFO - Started process (PID=4210) to work on /home/airflow/.local/lib/python3.6/site-packages/airflow/example_dags/subdags/subdag.py
[2026-07-22 19:35:58,581] {processor.py:642} INFO - Processing file /home/airflow/.local/lib/python3.6/site-packages/airflow/example_dags/subdags/subdag.py for tasks to queue
[2026-07-22 19:35:58,583] {logging_mixin.py:109} INFO - [2026-07-22 19:35:58,583] {dagbag.py:500} INFO - Filling up the DagBag from /home/airflow/.local/lib/python3.6/site-packages/airflow/example_dags/subdags/subdag.py
[2026-07-22 19:35:58,633] {processor.py:656} WARNING - No viable dags retrieved from /home/airflow/.local/lib/python3.6/site-packages/airflow/example_dags/subdags/subdag.py
[2026-07-22 19:35:58,642] {processor.py:171} INFO - Processing /home/airflow/.local/lib/python3.6/site-packages/airflow/example_dags/subdags/subdag.py took 0.069 seconds
[2026-07-22 19:36:30,291] {processor.py:163} INFO - Started process (PID=4294) to work on /home/airflow/.local/lib/python3.6/site-packages/airflow/example_dags/subdags/subdag.py
[2026-07-22 19:36:30,299] {processor.py:642} INFO - Processing file /home/airflow/.local/lib/python3.6/site-packages/airflow/example_dags/subdags/subdag.py for tasks to queue
[2026-07-22 19:36:30,302] {logging_mixin.py:109} INFO - [2026-07-22 19:36:30,302] {dagbag.py:500} INFO - Filling up the DagBag from /home/airflow/.local/lib/python3.6/site-packages/airflow/example_dags/subdags/subdag.py
[2026-07-22 19:36:30,356] {processor.py:656} WARNING - No viable dags retrieved from /home/airflow/.local/lib/python3.6/site-packages/airflow/example_dags/subdags/subdag.py
[2026-07-22 19:36:30,363] {processor.py:171} INFO - Processing /home/airflow/.local/lib/python3.6/site-packages/airflow/example_dags/subdags/subdag.py took 0.081 seconds
[2026-07-22 19:37:01,557] {processor.py:163} INFO - Started process (PID=4388) to work on /home/airflow/.local/lib/python3.6/site-packages/airflow/example_dags/subdags/subdag.py
[2026-07-22 19:37:01,561] {processor.py:642} INFO - Processing file /home/airflow/.local/lib/python3.6/site-packages/airflow/example_dags/subdags/subdag.py for tasks to queue
[2026-07-22 19:37:01,564] {logging_mixin.py:109} INFO - [2026-07-22 19:37:01,564] {dagbag.py:500} INFO - Filling up the DagBag from /home/airflow/.local/lib/python3.6/site-packages/airflow/example_dags/subdags/subdag.py
[2026-07-22 19:37:01,608] {processor.py:656} WARNING - No viable dags retrieved from /home/airflow/.local/lib/python3.6/site-packages/airflow/example_dags/subdags/subdag.py
[2026-07-22 19:37:01,617] {processor.py:171} INFO - Processing /home/airflow/.local/lib/python3.6/site-packages/airflow/example_dags/subdags/subdag.py took 0.065 seconds
[2026-07-22 19:37:31,773] {processor.py:163} INFO - Started process (PID=4465) to work on /home/airflow/.local/lib/python3.6/site-packages/airflow/example_dags/subdags/subdag.py
[2026-07-22 19:37:31,778] {processor.py:642} INFO - Processing file /home/airflow/.local/lib/python3.6/site-packages/airflow/example_dags/subdags/subdag.py for tasks to queue
[2026-07-22 19:37:31,782] {logging_mixin.py:109} INFO - [2026-07-22 19:37:31,782] {dagbag.py:500} INFO - Filling up the DagBag from /home/airflow/.local/lib/python3.6/site-packages/airflow/example_dags/subdags/subdag.py
[2026-07-22 19:37:31,850] {processor.py:656} WARNING - No viable dags retrieved from /home/airflow/.local/lib/python3.6/site-packages/airflow/example_dags/subdags/subdag.py
[2026-07-22 19:37:31,861] {processor.py:171} INFO - Processing /home/airflow/.local/lib/python3.6/site-packages/airflow/example_dags/subdags/subdag.py took 0.092 seconds
[2026-07-22 19:38:02,633] {processor.py:163} INFO - Started process (PID=4549) to work on /home/airflow/.local/lib/python3.6/site-packages/airflow/example_dags/subdags/subdag.py
[2026-07-22 19:38:02,637] {processor.py:642} INFO - Processing file /home/airflow/.local/lib/python3.6/site-packages/airflow/example_dags/subdags/subdag.py for tasks to queue
[2026-07-22 19:38:02,640] {logging_mixin.py:109} INFO - [2026-07-22 19:38:02,640] {dagbag.py:500} INFO - Filling up the DagBag from /home/airflow/.local/lib/python3.6/site-packages/airflow/example_dags/subdags/subdag.py
[2026-07-22 19:38:02,680] {processor.py:656} WARNING - No viable dags retrieved from /home/airflow/.local/lib/python3.6/site-packages/airflow/example_dags/subdags/subdag.py
[2026-07-22 19:38:02,687] {processor.py:171} INFO - Processing /home/airflow/.local/lib/python3.6/site-packages/airflow/example_dags/subdags/subdag.py took 0.064 seconds
[2026-07-22 19:38:32,876] {processor.py:163} INFO - Started process (PID=4632) to work on /home/airflow/.local/lib/python3.6/site-packages/airflow/example_dags/subdags/subdag.py
[2026-07-22 19:38:32,879] {processor.py:642} INFO - Processing file /home/airflow/.local/lib/python3.6/site-packages/airflow/example_dags/subdags/subdag.py for tasks to queue
[2026-07-22 19:38:32,881] {logging_mixin.py:109} INFO - [2026-07-22 19:38:32,881] {dagbag.py:500} INFO - Filling up the DagBag from /home/airflow/.local/lib/python3.6/site-packages/airflow/example_dags/subdags/subdag.py
[2026-07-22 19:38:32,909] {processor.py:656} WARNING - No viable dags retrieved from /home/airflow/.local/lib/python3.6/site-packages/airflow/example_dags/subdags/subdag.py
[2026-07-22 19:38:32,915] {processor.py:171} INFO - Processing /home/airflow/.local/lib/python3.6/site-packages/airflow/example_dags/subdags/subdag.py took 0.043 seconds
[2026-07-22 19:39:03,316] {processor.py:163} INFO - Started process (PID=4716) to work on /home/airflow/.local/lib/python3.6/site-packages/airflow/example_dags/subdags/subdag.py
[2026-07-22 19:39:03,320] {processor.py:642} INFO - Processing file /home/airflow/.local/lib/python3.6/site-packages/airflow/example_dags/subdags/subdag.py for tasks to queue
[2026-07-22 19:39:03,323] {logging_mixin.py:109} INFO - [2026-07-22 19:39:03,323] {dagbag.py:500} INFO - Filling up the DagBag from /home/airflow/.local/lib/python3.6/site-packages/airflow/example_dags/subdags/subdag.py
[2026-07-22 19:39:03,378] {processor.py:656} WARNING - No viable dags retrieved from /home/airflow/.local/lib/python3.6/site-packages/airflow/example_dags/subdags/subdag.py
[2026-07-22 19:39:03,392] {processor.py:171} INFO - Processing /home/airflow/.local/lib/python3.6/site-packages/airflow/example_dags/subdags/subdag.py took 0.083 seconds
[2026-07-22 19:39:33,822] {processor.py:163} INFO - Started process (PID=4801) to work on /home/airflow/.local/lib/python3.6/site-packages/airflow/example_dags/subdags/subdag.py
[2026-07-22 19:39:33,825] {processor.py:642} INFO - Processing file /home/airflow/.local/lib/python3.6/site-packages/airflow/example_dags/subdags/subdag.py for tasks to queue
[2026-07-22 19:39:33,827] {logging_mixin.py:109} INFO - [2026-07-22 19:39:33,826] {dagbag.py:500} INFO - Filling up the DagBag from /home/airflow/.local/lib/python3.6/site-packages/airflow/example_dags/subdags/subdag.py
[2026-07-22 19:39:33,853] {processor.py:656} WARNING - No viable dags retrieved from /home/airflow/.local/lib/python3.6/site-packages/airflow/example_dags/subdags/subdag.py
[2026-07-22 19:39:33,859] {processor.py:171} INFO - Processing /home/airflow/.local/lib/python3.6/site-packages/airflow/example_dags/subdags/subdag.py took 0.040 seconds
[2026-07-22 19:40:04,455] {processor.py:163} INFO - Started process (PID=4885) to work on /home/airflow/.local/lib/python3.6/site-packages/airflow/example_dags/subdags/subdag.py
[2026-07-22 19:40:04,458] {processor.py:642} INFO - Processing file /home/airflow/.local/lib/python3.6/site-packages/airflow/example_dags/subdags/subdag.py for tasks to queue
[2026-07-22 19:40:04,460] {logging_mixin.py:109} INFO - [2026-07-22 19:40:04,460] {dagbag.py:500} INFO - Filling up the DagBag from /home/airflow/.local/lib/python3.6/site-packages/airflow/example_dags/subdags/subdag.py
[2026-07-22 19:40:04,486] {processor.py:656} WARNING - No viable dags retrieved from /home/airflow/.local/lib/python3.6/site-packages/airflow/example_dags/subdags/subdag.py
[2026-07-22 19:40:04,492] {processor.py:171} INFO - Processing /home/airflow/.local/lib/python3.6/site-packages/airflow/example_dags/subdags/subdag.py took 0.042 seconds
[2026-07-22 19:40:34,563] {processor.py:163} INFO - Started process (PID=4979) to work on /home/airflow/.local/lib/python3.6/site-packages/airflow/example_dags/subdags/subdag.py
[2026-07-22 19:40:34,565] {processor.py:642} INFO - Processing file /home/airflow/.local/lib/python3.6/site-packages/airflow/example_dags/subdags/subdag.py for tasks to queue
[2026-07-22 19:40:34,568] {logging_mixin.py:109} INFO - [2026-07-22 19:40:34,567] {dagbag.py:500} INFO - Filling up the DagBag from /home/airflow/.local/lib/python3.6/site-packages/airflow/example_dags/subdags/subdag.py
[2026-07-22 19:40:34,596] {processor.py:656} WARNING - No viable dags retrieved from /home/airflow/.local/lib/python3.6/site-packages/airflow/example_dags/subdags/subdag.py
[2026-07-22 19:40:34,604] {processor.py:171} INFO - Processing /home/airflow/.local/lib/python3.6/site-packages/airflow/example_dags/subdags/subdag.py took 0.046 seconds
[2026-07-22 19:41:04,981] {processor.py:163} INFO - Started process (PID=5064) to work on /home/airflow/.local/lib/python3.6/site-packages/airflow/example_dags/subdags/subdag.py
[2026-07-22 19:41:04,983] {processor.py:642} INFO - Processing file /home/airflow/.local/lib/python3.6/site-packages/airflow/example_dags/subdags/subdag.py for tasks to queue
[2026-07-22 19:41:04,985] {logging_mixin.py:109} INFO - [2026-07-22 19:41:04,984] {dagbag.py:500} INFO - Filling up the DagBag from /home/airflow/.local/lib/python3.6/site-packages/airflow/example_dags/subdags/subdag.py
[2026-07-22 19:41:05,010] {processor.py:656} WARNING - No viable dags retrieved from /home/airflow/.local/lib/python3.6/site-packages/airflow/example_dags/subdags/subdag.py
[2026-07-22 19:41:05,015] {processor.py:171} INFO - Processing /home/airflow/.local/lib/python3.6/site-packages/airflow/example_dags/subdags/subdag.py took 0.038 seconds
[2026-07-22 19:41:35,592] {processor.py:163} INFO - Started process (PID=5148) to work on /home/airflow/.local/lib/python3.6/site-packages/airflow/example_dags/subdags/subdag.py
[2026-07-22 19:41:35,601] {processor.py:642} INFO - Processing file /home/airflow/.local/lib/python3.6/site-packages/airflow/example_dags/subdags/subdag.py for tasks to queue
[2026-07-22 19:41:35,606] {logging_mixin.py:109} INFO - [2026-07-22 19:41:35,605] {dagbag.py:500} INFO - Filling up the DagBag from /home/airflow/.local/lib/python3.6/site-packages/airflow/example_dags/subdags/subdag.py
[2026-07-22 19:41:35,671] {processor.py:656} WARNING - No viable dags retrieved from /home/airflow/.local/lib/python3.6/site-packages/airflow/example_dags/subdags/subdag.py
[2026-07-22 19:41:35,678] {processor.py:171} INFO - Processing /home/airflow/.local/lib/python3.6/site-packages/airflow/example_dags/subdags/subdag.py took 0.090 seconds
[2026-07-22 19:42:06,233] {processor.py:163} INFO - Started process (PID=5232) to work on /home/airflow/.local/lib/python3.6/site-packages/airflow/example_dags/subdags/subdag.py
[2026-07-22 19:42:06,236] {processor.py:642} INFO - Processing file /home/airflow/.local/lib/python3.6/site-packages/airflow/example_dags/subdags/subdag.py for tasks to queue
[2026-07-22 19:42:06,238] {logging_mixin.py:109} INFO - [2026-07-22 19:42:06,238] {dagbag.py:500} INFO - Filling up the DagBag from /home/airflow/.local/lib/python3.6/site-packages/airflow/example_dags/subdags/subdag.py
[2026-07-22 19:42:06,265] {processor.py:656} WARNING - No viable dags retrieved from /home/airflow/.local/lib/python3.6/site-packages/airflow/example_dags/subdags/subdag.py
[2026-07-22 19:42:06,272] {processor.py:171} INFO - Processing /home/airflow/.local/lib/python3.6/site-packages/airflow/example_dags/subdags/subdag.py took 0.043 seconds
[2026-07-22 19:42:37,152] {processor.py:163} INFO - Started process (PID=5316) to work on /home/airflow/.local/lib/python3.6/site-packages/airflow/example_dags/subdags/subdag.py
[2026-07-22 19:42:37,155] {processor.py:642} INFO - Processing file /home/airflow/.local/lib/python3.6/site-packages/airflow/example_dags/subdags/subdag.py for tasks to queue
[2026-07-22 19:42:37,156] {logging_mixin.py:109} INFO - [2026-07-22 19:42:37,156] {dagbag.py:500} INFO - Filling up the DagBag from /home/airflow/.local/lib/python3.6/site-packages/airflow/example_dags/subdags/subdag.py
[2026-07-22 19:42:37,182] {processor.py:656} WARNING - No viable dags retrieved from /home/airflow/.local/lib/python3.6/site-packages/airflow/example_dags/subdags/subdag.py
[2026-07-22 19:42:37,187] {processor.py:171} INFO - Processing /home/airflow/.local/lib/python3.6/site-packages/airflow/example_dags/subdags/subdag.py took 0.039 seconds
[2026-07-22 19:43:07,524] {processor.py:163} INFO - Started process (PID=5400) to work on /home/airflow/.local/lib/python3.6/site-packages/airflow/example_dags/subdags/subdag.py
[2026-07-22 19:43:07,526] {processor.py:642} INFO - Processing file /home/airflow/.local/lib/python3.6/site-packages/airflow/example_dags/subdags/subdag.py for tasks to queue
[2026-07-22 19:43:07,528] {logging_mixin.py:109} INFO - [2026-07-22 19:43:07,528] {dagbag.py:500} INFO - Filling up the DagBag from /home/airflow/.local/lib/python3.6/site-packages/airflow/example_dags/subdags/subdag.py
[2026-07-22 19:43:07,556] {processor.py:656} WARNING - No viable dags retrieved from /home/airflow/.local/lib/python3.6/site-packages/airflow/example_dags/subdags/subdag.py
[2026-07-22 19:43:07,561] {processor.py:171} INFO - Processing /home/airflow/.local/lib/python3.6/site-packages/airflow/example_dags/subdags/subdag.py took 0.042 seconds
[2026-07-22 19:43:38,296] {processor.py:163} INFO - Started process (PID=5494) to work on /home/airflow/.local/lib/python3.6/site-packages/airflow/example_dags/subdags/subdag.py
[2026-07-22 19:43:38,299] {processor.py:642} INFO - Processing file /home/airflow/.local/lib/python3.6/site-packages/airflow/example_dags/subdags/subdag.py for tasks to queue
[2026-07-22 19:43:38,301] {logging_mixin.py:109} INFO - [2026-07-22 19:43:38,301] {dagbag.py:500} INFO - Filling up the DagBag from /home/airflow/.local/lib/python3.6/site-packages/airflow/example_dags/subdags/subdag.py
[2026-07-22 19:43:38,345] {processor.py:656} WARNING - No viable dags retrieved from /home/airflow/.local/lib/python3.6/site-packages/airflow/example_dags/subdags/subdag.py
[2026-07-22 19:43:38,364] {processor.py:171} INFO - Processing /home/airflow/.local/lib/python3.6/site-packages/airflow/example_dags/subdags/subdag.py took 0.074 seconds
[2026-07-22 19:44:09,197] {processor.py:163} INFO - Started process (PID=5579) to work on /home/airflow/.local/lib/python3.6/site-packages/airflow/example_dags/subdags/subdag.py
[2026-07-22 19:44:09,206] {processor.py:642} INFO - Processing file /home/airflow/.local/lib/python3.6/site-packages/airflow/example_dags/subdags/subdag.py for tasks to queue
[2026-07-22 19:44:09,211] {logging_mixin.py:109} INFO - [2026-07-22 19:44:09,210] {dagbag.py:500} INFO - Filling up the DagBag from /home/airflow/.local/lib/python3.6/site-packages/airflow/example_dags/subdags/subdag.py
[2026-07-22 19:44:09,276] {processor.py:656} WARNING - No viable dags retrieved from /home/airflow/.local/lib/python3.6/site-packages/airflow/example_dags/subdags/subdag.py
[2026-07-22 19:44:09,286] {processor.py:171} INFO - Processing /home/airflow/.local/lib/python3.6/site-packages/airflow/example_dags/subdags/subdag.py took 0.096 seconds
[2026-07-22 19:44:39,504] {processor.py:163} INFO - Started process (PID=5663) to work on /home/airflow/.local/lib/python3.6/site-packages/airflow/example_dags/subdags/subdag.py
[2026-07-22 19:44:39,506] {processor.py:642} INFO - Processing file /home/airflow/.local/lib/python3.6/site-packages/airflow/example_dags/subdags/subdag.py for tasks to queue
[2026-07-22 19:44:39,509] {logging_mixin.py:109} INFO - [2026-07-22 19:44:39,509] {dagbag.py:500} INFO - Filling up the DagBag from /home/airflow/.local/lib/python3.6/site-packages/airflow/example_dags/subdags/subdag.py
[2026-07-22 19:44:39,548] {processor.py:656} WARNING - No viable dags retrieved from /home/airflow/.local/lib/python3.6/site-packages/airflow/example_dags/subdags/subdag.py
[2026-07-22 19:44:39,558] {processor.py:171} INFO - Processing /home/airflow/.local/lib/python3.6/site-packages/airflow/example_dags/subdags/subdag.py took 0.060 seconds
[2026-07-22 19:45:10,520] {processor.py:163} INFO - Started process (PID=5747) to work on /home/airflow/.local/lib/python3.6/site-packages/airflow/example_dags/subdags/subdag.py
[2026-07-22 19:45:10,523] {processor.py:642} INFO - Processing file /home/airflow/.local/lib/python3.6/site-packages/airflow/example_dags/subdags/subdag.py for tasks to queue
[2026-07-22 19:45:10,525] {logging_mixin.py:109} INFO - [2026-07-22 19:45:10,524] {dagbag.py:500} INFO - Filling up the DagBag from /home/airflow/.local/lib/python3.6/site-packages/airflow/example_dags/subdags/subdag.py
[2026-07-22 19:45:10,551] {processor.py:656} WARNING - No viable dags retrieved from /home/airflow/.local/lib/python3.6/site-packages/airflow/example_dags/subdags/subdag.py
[2026-07-22 19:45:10,557] {processor.py:171} INFO - Processing /home/airflow/.local/lib/python3.6/site-packages/airflow/example_dags/subdags/subdag.py took 0.041 seconds
[2026-07-22 19:45:40,740] {processor.py:163} INFO - Started process (PID=5832) to work on /home/airflow/.local/lib/python3.6/site-packages/airflow/example_dags/subdags/subdag.py
[2026-07-22 19:45:40,744] {processor.py:642} INFO - Processing file /home/airflow/.local/lib/python3.6/site-packages/airflow/example_dags/subdags/subdag.py for tasks to queue
[2026-07-22 19:45:40,749] {logging_mixin.py:109} INFO - [2026-07-22 19:45:40,749] {dagbag.py:500} INFO - Filling up the DagBag from /home/airflow/.local/lib/python3.6/site-packages/airflow/example_dags/subdags/subdag.py
[2026-07-22 19:45:40,786] {processor.py:656} WARNING - No viable dags retrieved from /home/airflow/.local/lib/python3.6/site-packages/airflow/example_dags/subdags/subdag.py
[2026-07-22 19:45:40,792] {processor.py:171} INFO - Processing /home/airflow/.local/lib/python3.6/site-packages/airflow/example_dags/subdags/subdag.py took 0.057 seconds
[2026-07-22 19:46:11,538] {processor.py:163} INFO - Started process (PID=5916) to work on /home/airflow/.local/lib/python3.6/site-packages/airflow/example_dags/subdags/subdag.py
[2026-07-22 19:46:11,542] {processor.py:642} INFO - Processing file /home/airflow/.local/lib/python3.6/site-packages/airflow/example_dags/subdags/subdag.py for tasks to queue
[2026-07-22 19:46:11,544] {logging_mixin.py:109} INFO - [2026-07-22 19:46:11,544] {dagbag.py:500} INFO - Filling up the DagBag from /home/airflow/.local/lib/python3.6/site-packages/airflow/example_dags/subdags/subdag.py
[2026-07-22 19:46:11,575] {processor.py:656} WARNING - No viable dags retrieved from /home/airflow/.local/lib/python3.6/site-packages/airflow/example_dags/subdags/subdag.py
[2026-07-22 19:46:11,581] {processor.py:171} INFO - Processing /home/airflow/.local/lib/python3.6/site-packages/airflow/example_dags/subdags/subdag.py took 0.048 seconds
[2026-07-22 19:46:42,731] {processor.py:163} INFO - Started process (PID=6010) to work on /home/airflow/.local/lib/python3.6/site-packages/airflow/example_dags/subdags/subdag.py
[2026-07-22 19:46:42,734] {processor.py:642} INFO - Processing file /home/airflow/.local/lib/python3.6/site-packages/airflow/example_dags/subdags/subdag.py for tasks to queue
[2026-07-22 19:46:42,737] {logging_mixin.py:109} INFO - [2026-07-22 19:46:42,737] {dagbag.py:500} INFO - Filling up the DagBag from /home/airflow/.local/lib/python3.6/site-packages/airflow/example_dags/subdags/subdag.py
[2026-07-22 19:46:42,778] {processor.py:656} WARNING - No viable dags retrieved from /home/airflow/.local/lib/python3.6/site-packages/airflow/example_dags/subdags/subdag.py
[2026-07-22 19:46:42,786] {processor.py:171} INFO - Processing /home/airflow/.local/lib/python3.6/site-packages/airflow/example_dags/subdags/subdag.py took 0.061 seconds
[2026-07-22 19:47:13,581] {processor.py:163} INFO - Started process (PID=6094) to work on /home/airflow/.local/lib/python3.6/site-packages/airflow/example_dags/subdags/subdag.py
[2026-07-22 19:47:13,585] {processor.py:642} INFO - Processing file /home/airflow/.local/lib/python3.6/site-packages/airflow/example_dags/subdags/subdag.py for tasks to queue
[2026-07-22 19:47:13,588] {logging_mixin.py:109} INFO - [2026-07-22 19:47:13,587] {dagbag.py:500} INFO - Filling up the DagBag from /home/airflow/.local/lib/python3.6/site-packages/airflow/example_dags/subdags/subdag.py
[2026-07-22 19:47:13,617] {processor.py:656} WARNING - No viable dags retrieved from /home/airflow/.local/lib/python3.6/site-packages/airflow/example_dags/subdags/subdag.py
[2026-07-22 19:47:13,624] {processor.py:171} INFO - Processing /home/airflow/.local/lib/python3.6/site-packages/airflow/example_dags/subdags/subdag.py took 0.048 seconds
[2026-07-22 19:47:44,017] {processor.py:163} INFO - Started process (PID=6171) to work on /home/airflow/.local/lib/python3.6/site-packages/airflow/example_dags/subdags/subdag.py
[2026-07-22 19:47:44,019] {processor.py:642} INFO - Processing file /home/airflow/.local/lib/python3.6/site-packages/airflow/example_dags/subdags/subdag.py for tasks to queue
[2026-07-22 19:47:44,021] {logging_mixin.py:109} INFO - [2026-07-22 19:47:44,021] {dagbag.py:500} INFO - Filling up the DagBag from /home/airflow/.local/lib/python3.6/site-packages/airflow/example_dags/subdags/subdag.py
[2026-07-22 19:47:44,053] {processor.py:656} WARNING - No viable dags retrieved from /home/airflow/.local/lib/python3.6/site-packages/airflow/example_dags/subdags/subdag.py
[2026-07-22 19:47:44,060] {processor.py:171} INFO - Processing /home/airflow/.local/lib/python3.6/site-packages/airflow/example_dags/subdags/subdag.py took 0.048 seconds
[2026-07-22 19:48:14,661] {processor.py:163} INFO - Started process (PID=6255) to work on /home/airflow/.local/lib/python3.6/site-packages/airflow/example_dags/subdags/subdag.py
[2026-07-22 19:48:14,665] {processor.py:642} INFO - Processing file /home/airflow/.local/lib/python3.6/site-packages/airflow/example_dags/subdags/subdag.py for tasks to queue
[2026-07-22 19:48:14,668] {logging_mixin.py:109} INFO - [2026-07-22 19:48:14,668] {dagbag.py:500} INFO - Filling up the DagBag from /home/airflow/.local/lib/python3.6/site-packages/airflow/example_dags/subdags/subdag.py
[2026-07-22 19:48:14,702] {processor.py:656} WARNING - No viable dags retrieved from /home/airflow/.local/lib/python3.6/site-packages/airflow/example_dags/subdags/subdag.py
[2026-07-22 19:48:14,710] {processor.py:171} INFO - Processing /home/airflow/.local/lib/python3.6/site-packages/airflow/example_dags/subdags/subdag.py took 0.053 seconds
[2026-07-22 19:48:44,829] {processor.py:163} INFO - Started process (PID=6331) to work on /home/airflow/.local/lib/python3.6/site-packages/airflow/example_dags/subdags/subdag.py
[2026-07-22 19:48:44,832] {processor.py:642} INFO - Processing file /home/airflow/.local/lib/python3.6/site-packages/airflow/example_dags/subdags/subdag.py for tasks to queue
[2026-07-22 19:48:44,834] {logging_mixin.py:109} INFO - [2026-07-22 19:48:44,834] {dagbag.py:500} INFO - Filling up the DagBag from /home/airflow/.local/lib/python3.6/site-packages/airflow/example_dags/subdags/subdag.py
[2026-07-22 19:48:44,873] {processor.py:656} WARNING - No viable dags retrieved from /home/airflow/.local/lib/python3.6/site-packages/airflow/example_dags/subdags/subdag.py
[2026-07-22 19:48:44,880] {processor.py:171} INFO - Processing /home/airflow/.local/lib/python3.6/site-packages/airflow/example_dags/subdags/subdag.py took 0.055 seconds
[2026-07-22 19:49:15,317] {processor.py:163} INFO - Started process (PID=6415) to work on /home/airflow/.local/lib/python3.6/site-packages/airflow/example_dags/subdags/subdag.py
[2026-07-22 19:49:15,320] {processor.py:642} INFO - Processing file /home/airflow/.local/lib/python3.6/site-packages/airflow/example_dags/subdags/subdag.py for tasks to queue
[2026-07-22 19:49:15,323] {logging_mixin.py:109} INFO - [2026-07-22 19:49:15,322] {dagbag.py:500} INFO - Filling up the DagBag from /home/airflow/.local/lib/python3.6/site-packages/airflow/example_dags/subdags/subdag.py
[2026-07-22 19:49:15,363] {processor.py:656} WARNING - No viable dags retrieved from /home/airflow/.local/lib/python3.6/site-packages/airflow/example_dags/subdags/subdag.py
[2026-07-22 19:49:15,370] {processor.py:171} INFO - Processing /home/airflow/.local/lib/python3.6/site-packages/airflow/example_dags/subdags/subdag.py took 0.058 seconds
[2026-07-22 19:49:45,916] {processor.py:163} INFO - Started process (PID=6510) to work on /home/airflow/.local/lib/python3.6/site-packages/airflow/example_dags/subdags/subdag.py
[2026-07-22 19:49:45,919] {processor.py:642} INFO - Processing file /home/airflow/.local/lib/python3.6/site-packages/airflow/example_dags/subdags/subdag.py for tasks to queue
[2026-07-22 19:49:45,922] {logging_mixin.py:109} INFO - [2026-07-22 19:49:45,921] {dagbag.py:500} INFO - Filling up the DagBag from /home/airflow/.local/lib/python3.6/site-packages/airflow/example_dags/subdags/subdag.py
[2026-07-22 19:49:45,967] {processor.py:656} WARNING - No viable dags retrieved from /home/airflow/.local/lib/python3.6/site-packages/airflow/example_dags/subdags/subdag.py
[2026-07-22 19:49:45,975] {processor.py:171} INFO - Processing /home/airflow/.local/lib/python3.6/site-packages/airflow/example_dags/subdags/subdag.py took 0.064 seconds
[2026-07-22 19:50:16,830] {processor.py:163} INFO - Started process (PID=6595) to work on /home/airflow/.local/lib/python3.6/site-packages/airflow/example_dags/subdags/subdag.py
[2026-07-22 19:50:16,833] {processor.py:642} INFO - Processing file /home/airflow/.local/lib/python3.6/site-packages/airflow/example_dags/subdags/subdag.py for tasks to queue
[2026-07-22 19:50:16,836] {logging_mixin.py:109} INFO - [2026-07-22 19:50:16,836] {dagbag.py:500} INFO - Filling up the DagBag from /home/airflow/.local/lib/python3.6/site-packages/airflow/example_dags/subdags/subdag.py
[2026-07-22 19:50:16,876] {processor.py:656} WARNING - No viable dags retrieved from /home/airflow/.local/lib/python3.6/site-packages/airflow/example_dags/subdags/subdag.py
[2026-07-22 19:50:16,884] {processor.py:171} INFO - Processing /home/airflow/.local/lib/python3.6/site-packages/airflow/example_dags/subdags/subdag.py took 0.061 seconds
[2026-07-22 19:50:47,506] {processor.py:163} INFO - Started process (PID=6679) to work on /home/airflow/.local/lib/python3.6/site-packages/airflow/example_dags/subdags/subdag.py
[2026-07-22 19:50:47,509] {processor.py:642} INFO - Processing file /home/airflow/.local/lib/python3.6/site-packages/airflow/example_dags/subdags/subdag.py for tasks to queue
[2026-07-22 19:50:47,511] {logging_mixin.py:109} INFO - [2026-07-22 19:50:47,511] {dagbag.py:500} INFO - Filling up the DagBag from /home/airflow/.local/lib/python3.6/site-packages/airflow/example_dags/subdags/subdag.py
[2026-07-22 19:50:47,545] {processor.py:656} WARNING - No viable dags retrieved from /home/airflow/.local/lib/python3.6/site-packages/airflow/example_dags/subdags/subdag.py
[2026-07-22 19:50:47,551] {processor.py:171} INFO - Processing /home/airflow/.local/lib/python3.6/site-packages/airflow/example_dags/subdags/subdag.py took 0.050 seconds
[2026-07-22 19:51:18,672] {processor.py:163} INFO - Started process (PID=6763) to work on /home/airflow/.local/lib/python3.6/site-packages/airflow/example_dags/subdags/subdag.py
[2026-07-22 19:51:18,675] {processor.py:642} INFO - Processing file /home/airflow/.local/lib/python3.6/site-packages/airflow/example_dags/subdags/subdag.py for tasks to queue
[2026-07-22 19:51:18,680] {logging_mixin.py:109} INFO - [2026-07-22 19:51:18,679] {dagbag.py:500} INFO - Filling up the DagBag from /home/airflow/.local/lib/python3.6/site-packages/airflow/example_dags/subdags/subdag.py
[2026-07-22 19:51:18,722] {processor.py:656} WARNING - No viable dags retrieved from /home/airflow/.local/lib/python3.6/site-packages/airflow/example_dags/subdags/subdag.py
[2026-07-22 19:51:18,729] {processor.py:171} INFO - Processing /home/airflow/.local/lib/python3.6/site-packages/airflow/example_dags/subdags/subdag.py took 0.061 seconds
[2026-07-22 19:51:49,548] {processor.py:163} INFO - Started process (PID=6847) to work on /home/airflow/.local/lib/python3.6/site-packages/airflow/example_dags/subdags/subdag.py
[2026-07-22 19:51:49,551] {processor.py:642} INFO - Processing file /home/airflow/.local/lib/python3.6/site-packages/airflow/example_dags/subdags/subdag.py for tasks to queue
[2026-07-22 19:51:49,554] {logging_mixin.py:109} INFO - [2026-07-22 19:51:49,554] {dagbag.py:500} INFO - Filling up the DagBag from /home/airflow/.local/lib/python3.6/site-packages/airflow/example_dags/subdags/subdag.py
[2026-07-22 19:51:49,592] {processor.py:656} WARNING - No viable dags retrieved from /home/airflow/.local/lib/python3.6/site-packages/airflow/example_dags/subdags/subdag.py
[2026-07-22 19:51:49,600] {processor.py:171} INFO - Processing /home/airflow/.local/lib/python3.6/site-packages/airflow/example_dags/subdags/subdag.py took 0.056 seconds
[2026-07-22 19:52:20,247] {processor.py:163} INFO - Started process (PID=6940) to work on /home/airflow/.local/lib/python3.6/site-packages/airflow/example_dags/subdags/subdag.py
[2026-07-22 19:52:20,249] {processor.py:642} INFO - Processing file /home/airflow/.local/lib/python3.6/site-packages/airflow/example_dags/subdags/subdag.py for tasks to queue
[2026-07-22 19:52:20,252] {logging_mixin.py:109} INFO - [2026-07-22 19:52:20,251] {dagbag.py:500} INFO - Filling up the DagBag from /home/airflow/.local/lib/python3.6/site-packages/airflow/example_dags/subdags/subdag.py
[2026-07-22 19:52:20,289] {processor.py:656} WARNING - No viable dags retrieved from /home/airflow/.local/lib/python3.6/site-packages/airflow/example_dags/subdags/subdag.py
[2026-07-22 19:52:20,297] {processor.py:171} INFO - Processing /home/airflow/.local/lib/python3.6/site-packages/airflow/example_dags/subdags/subdag.py took 0.056 seconds
[2026-07-22 19:52:51,200] {processor.py:163} INFO - Started process (PID=7024) to work on /home/airflow/.local/lib/python3.6/site-packages/airflow/example_dags/subdags/subdag.py
[2026-07-22 19:52:51,203] {processor.py:642} INFO - Processing file /home/airflow/.local/lib/python3.6/site-packages/airflow/example_dags/subdags/subdag.py for tasks to queue
[2026-07-22 19:52:51,206] {logging_mixin.py:109} INFO - [2026-07-22 19:52:51,206] {dagbag.py:500} INFO - Filling up the DagBag from /home/airflow/.local/lib/python3.6/site-packages/airflow/example_dags/subdags/subdag.py
[2026-07-22 19:52:51,252] {processor.py:656} WARNING - No viable dags retrieved from /home/airflow/.local/lib/python3.6/site-packages/airflow/example_dags/subdags/subdag.py
[2026-07-22 19:52:51,261] {processor.py:171} INFO - Processing /home/airflow/.local/lib/python3.6/site-packages/airflow/example_dags/subdags/subdag.py took 0.068 seconds
[2026-07-22 19:53:21,605] {processor.py:163} INFO - Started process (PID=7107) to work on /home/airflow/.local/lib/python3.6/site-packages/airflow/example_dags/subdags/subdag.py
[2026-07-22 19:53:21,609] {processor.py:642} INFO - Processing file /home/airflow/.local/lib/python3.6/site-packages/airflow/example_dags/subdags/subdag.py for tasks to queue
[2026-07-22 19:53:21,612] {logging_mixin.py:109} INFO - [2026-07-22 19:53:21,612] {dagbag.py:500} INFO - Filling up the DagBag from /home/airflow/.local/lib/python3.6/site-packages/airflow/example_dags/subdags/subdag.py
[2026-07-22 19:53:21,667] {processor.py:656} WARNING - No viable dags retrieved from /home/airflow/.local/lib/python3.6/site-packages/airflow/example_dags/subdags/subdag.py
[2026-07-22 19:53:21,680] {processor.py:171} INFO - Processing /home/airflow/.local/lib/python3.6/site-packages/airflow/example_dags/subdags/subdag.py took 0.081 seconds
[2026-07-22 19:53:51,963] {processor.py:163} INFO - Started process (PID=7191) to work on /home/airflow/.local/lib/python3.6/site-packages/airflow/example_dags/subdags/subdag.py
[2026-07-22 19:53:51,966] {processor.py:642} INFO - Processing file /home/airflow/.local/lib/python3.6/site-packages/airflow/example_dags/subdags/subdag.py for tasks to queue
[2026-07-22 19:53:51,968] {logging_mixin.py:109} INFO - [2026-07-22 19:53:51,968] {dagbag.py:500} INFO - Filling up the DagBag from /home/airflow/.local/lib/python3.6/site-packages/airflow/example_dags/subdags/subdag.py
[2026-07-22 19:53:52,007] {processor.py:656} WARNING - No viable dags retrieved from /home/airflow/.local/lib/python3.6/site-packages/airflow/example_dags/subdags/subdag.py
[2026-07-22 19:53:52,014] {processor.py:171} INFO - Processing /home/airflow/.local/lib/python3.6/site-packages/airflow/example_dags/subdags/subdag.py took 0.058 seconds
[2026-07-22 19:54:23,120] {processor.py:163} INFO - Started process (PID=7276) to work on /home/airflow/.local/lib/python3.6/site-packages/airflow/example_dags/subdags/subdag.py
[2026-07-22 19:54:23,123] {processor.py:642} INFO - Processing file /home/airflow/.local/lib/python3.6/site-packages/airflow/example_dags/subdags/subdag.py for tasks to queue
[2026-07-22 19:54:23,125] {logging_mixin.py:109} INFO - [2026-07-22 19:54:23,125] {dagbag.py:500} INFO - Filling up the DagBag from /home/airflow/.local/lib/python3.6/site-packages/airflow/example_dags/subdags/subdag.py
[2026-07-22 19:54:23,163] {processor.py:656} WARNING - No viable dags retrieved from /home/airflow/.local/lib/python3.6/site-packages/airflow/example_dags/subdags/subdag.py
[2026-07-22 19:54:23,171] {processor.py:171} INFO - Processing /home/airflow/.local/lib/python3.6/site-packages/airflow/example_dags/subdags/subdag.py took 0.055 seconds
[2026-07-22 19:54:54,608] {processor.py:163} INFO - Started process (PID=7369) to work on /home/airflow/.local/lib/python3.6/site-packages/airflow/example_dags/subdags/subdag.py
[2026-07-22 19:54:54,613] {processor.py:642} INFO - Processing file /home/airflow/.local/lib/python3.6/site-packages/airflow/example_dags/subdags/subdag.py for tasks to queue
[2026-07-22 19:54:54,617] {logging_mixin.py:109} INFO - [2026-07-22 19:54:54,617] {dagbag.py:500} INFO - Filling up the DagBag from /home/airflow/.local/lib/python3.6/site-packages/airflow/example_dags/subdags/subdag.py
[2026-07-22 19:54:54,804] {processor.py:656} WARNING - No viable dags retrieved from /home/airflow/.local/lib/python3.6/site-packages/airflow/example_dags/subdags/subdag.py
[2026-07-22 19:54:54,834] {processor.py:171} INFO - Processing /home/airflow/.local/lib/python3.6/site-packages/airflow/example_dags/subdags/subdag.py took 0.235 seconds
[2026-07-22 19:55:26,943] {processor.py:163} INFO - Started process (PID=7457) to work on /home/airflow/.local/lib/python3.6/site-packages/airflow/example_dags/subdags/subdag.py
[2026-07-22 19:55:26,947] {processor.py:642} INFO - Processing file /home/airflow/.local/lib/python3.6/site-packages/airflow/example_dags/subdags/subdag.py for tasks to queue
[2026-07-22 19:55:26,950] {logging_mixin.py:109} INFO - [2026-07-22 19:55:26,950] {dagbag.py:500} INFO - Filling up the DagBag from /home/airflow/.local/lib/python3.6/site-packages/airflow/example_dags/subdags/subdag.py
[2026-07-22 19:55:26,991] {processor.py:656} WARNING - No viable dags retrieved from /home/airflow/.local/lib/python3.6/site-packages/airflow/example_dags/subdags/subdag.py
[2026-07-22 19:55:27,001] {processor.py:171} INFO - Processing /home/airflow/.local/lib/python3.6/site-packages/airflow/example_dags/subdags/subdag.py took 0.067 seconds
[2026-07-22 19:55:58,568] {processor.py:163} INFO - Started process (PID=7542) to work on /home/airflow/.local/lib/python3.6/site-packages/airflow/example_dags/subdags/subdag.py
[2026-07-22 19:55:58,573] {processor.py:642} INFO - Processing file /home/airflow/.local/lib/python3.6/site-packages/airflow/example_dags/subdags/subdag.py for tasks to queue
[2026-07-22 19:55:58,575] {logging_mixin.py:109} INFO - [2026-07-22 19:55:58,575] {dagbag.py:500} INFO - Filling up the DagBag from /home/airflow/.local/lib/python3.6/site-packages/airflow/example_dags/subdags/subdag.py
[2026-07-22 19:55:58,614] {processor.py:656} WARNING - No viable dags retrieved from /home/airflow/.local/lib/python3.6/site-packages/airflow/example_dags/subdags/subdag.py
[2026-07-22 19:55:58,622] {processor.py:171} INFO - Processing /home/airflow/.local/lib/python3.6/site-packages/airflow/example_dags/subdags/subdag.py took 0.064 seconds
[2026-07-22 19:56:28,853] {processor.py:163} INFO - Started process (PID=7619) to work on /home/airflow/.local/lib/python3.6/site-packages/airflow/example_dags/subdags/subdag.py
[2026-07-22 19:56:28,857] {processor.py:642} INFO - Processing file /home/airflow/.local/lib/python3.6/site-packages/airflow/example_dags/subdags/subdag.py for tasks to queue
[2026-07-22 19:56:28,859] {logging_mixin.py:109} INFO - [2026-07-22 19:56:28,859] {dagbag.py:500} INFO - Filling up the DagBag from /home/airflow/.local/lib/python3.6/site-packages/airflow/example_dags/subdags/subdag.py
[2026-07-22 19:56:28,895] {processor.py:656} WARNING - No viable dags retrieved from /home/airflow/.local/lib/python3.6/site-packages/airflow/example_dags/subdags/subdag.py
[2026-07-22 19:56:28,903] {processor.py:171} INFO - Processing /home/airflow/.local/lib/python3.6/site-packages/airflow/example_dags/subdags/subdag.py took 0.057 seconds
[2026-07-22 19:56:59,093] {processor.py:163} INFO - Started process (PID=7702) to work on /home/airflow/.local/lib/python3.6/site-packages/airflow/example_dags/subdags/subdag.py
[2026-07-22 19:56:59,095] {processor.py:642} INFO - Processing file /home/airflow/.local/lib/python3.6/site-packages/airflow/example_dags/subdags/subdag.py for tasks to queue
[2026-07-22 19:56:59,098] {logging_mixin.py:109} INFO - [2026-07-22 19:56:59,098] {dagbag.py:500} INFO - Filling up the DagBag from /home/airflow/.local/lib/python3.6/site-packages/airflow/example_dags/subdags/subdag.py
[2026-07-22 19:56:59,128] {processor.py:656} WARNING - No viable dags retrieved from /home/airflow/.local/lib/python3.6/site-packages/airflow/example_dags/subdags/subdag.py
[2026-07-22 19:56:59,136] {processor.py:171} INFO - Processing /home/airflow/.local/lib/python3.6/site-packages/airflow/example_dags/subdags/subdag.py took 0.047 seconds
[2026-07-22 19:57:29,630] {processor.py:163} INFO - Started process (PID=7786) to work on /home/airflow/.local/lib/python3.6/site-packages/airflow/example_dags/subdags/subdag.py
[2026-07-22 19:57:29,633] {processor.py:642} INFO - Processing file /home/airflow/.local/lib/python3.6/site-packages/airflow/example_dags/subdags/subdag.py for tasks to queue
[2026-07-22 19:57:29,635] {logging_mixin.py:109} INFO - [2026-07-22 19:57:29,635] {dagbag.py:500} INFO - Filling up the DagBag from /home/airflow/.local/lib/python3.6/site-packages/airflow/example_dags/subdags/subdag.py
[2026-07-22 19:57:29,668] {processor.py:656} WARNING - No viable dags retrieved from /home/airflow/.local/lib/python3.6/site-packages/airflow/example_dags/subdags/subdag.py
[2026-07-22 19:57:29,674] {processor.py:171} INFO - Processing /home/airflow/.local/lib/python3.6/site-packages/airflow/example_dags/subdags/subdag.py took 0.048 seconds
[2026-07-22 19:58:00,653] {processor.py:163} INFO - Started process (PID=7871) to work on /home/airflow/.local/lib/python3.6/site-packages/airflow/example_dags/subdags/subdag.py
[2026-07-22 19:58:00,657] {processor.py:642} INFO - Processing file /home/airflow/.local/lib/python3.6/site-packages/airflow/example_dags/subdags/subdag.py for tasks to queue
[2026-07-22 19:58:00,660] {logging_mixin.py:109} INFO - [2026-07-22 19:58:00,660] {dagbag.py:500} INFO - Filling up the DagBag from /home/airflow/.local/lib/python3.6/site-packages/airflow/example_dags/subdags/subdag.py
[2026-07-22 19:58:00,707] {processor.py:656} WARNING - No viable dags retrieved from /home/airflow/.local/lib/python3.6/site-packages/airflow/example_dags/subdags/subdag.py
[2026-07-22 19:58:00,715] {processor.py:171} INFO - Processing /home/airflow/.local/lib/python3.6/site-packages/airflow/example_dags/subdags/subdag.py took 0.071 seconds
[2026-07-22 19:58:30,862] {processor.py:163} INFO - Started process (PID=7955) to work on /home/airflow/.local/lib/python3.6/site-packages/airflow/example_dags/subdags/subdag.py
[2026-07-22 19:58:30,867] {processor.py:642} INFO - Processing file /home/airflow/.local/lib/python3.6/site-packages/airflow/example_dags/subdags/subdag.py for tasks to queue
[2026-07-22 19:58:30,871] {logging_mixin.py:109} INFO - [2026-07-22 19:58:30,871] {dagbag.py:500} INFO - Filling up the DagBag from /home/airflow/.local/lib/python3.6/site-packages/airflow/example_dags/subdags/subdag.py
[2026-07-22 19:58:30,935] {processor.py:656} WARNING - No viable dags retrieved from /home/airflow/.local/lib/python3.6/site-packages/airflow/example_dags/subdags/subdag.py
[2026-07-22 19:58:30,948] {processor.py:171} INFO - Processing /home/airflow/.local/lib/python3.6/site-packages/airflow/example_dags/subdags/subdag.py took 0.096 seconds
[2026-07-22 19:59:01,462] {processor.py:163} INFO - Started process (PID=8039) to work on /home/airflow/.local/lib/python3.6/site-packages/airflow/example_dags/subdags/subdag.py
[2026-07-22 19:59:01,465] {processor.py:642} INFO - Processing file /home/airflow/.local/lib/python3.6/site-packages/airflow/example_dags/subdags/subdag.py for tasks to queue
[2026-07-22 19:59:01,468] {logging_mixin.py:109} INFO - [2026-07-22 19:59:01,467] {dagbag.py:500} INFO - Filling up the DagBag from /home/airflow/.local/lib/python3.6/site-packages/airflow/example_dags/subdags/subdag.py
[2026-07-22 19:59:01,504] {processor.py:656} WARNING - No viable dags retrieved from /home/airflow/.local/lib/python3.6/site-packages/airflow/example_dags/subdags/subdag.py
[2026-07-22 19:59:01,511] {processor.py:171} INFO - Processing /home/airflow/.local/lib/python3.6/site-packages/airflow/example_dags/subdags/subdag.py took 0.055 seconds
[2026-07-22 19:59:31,705] {processor.py:163} INFO - Started process (PID=8122) to work on /home/airflow/.local/lib/python3.6/site-packages/airflow/example_dags/subdags/subdag.py
[2026-07-22 19:59:31,709] {processor.py:642} INFO - Processing file /home/airflow/.local/lib/python3.6/site-packages/airflow/example_dags/subdags/subdag.py for tasks to queue
[2026-07-22 19:59:31,712] {logging_mixin.py:109} INFO - [2026-07-22 19:59:31,712] {dagbag.py:500} INFO - Filling up the DagBag from /home/airflow/.local/lib/python3.6/site-packages/airflow/example_dags/subdags/subdag.py
[2026-07-22 19:59:31,766] {processor.py:656} WARNING - No viable dags retrieved from /home/airflow/.local/lib/python3.6/site-packages/airflow/example_dags/subdags/subdag.py
[2026-07-22 19:59:31,777] {processor.py:171} INFO - Processing /home/airflow/.local/lib/python3.6/site-packages/airflow/example_dags/subdags/subdag.py took 0.082 seconds
[2026-07-22 20:00:02,294] {processor.py:163} INFO - Started process (PID=8207) to work on /home/airflow/.local/lib/python3.6/site-packages/airflow/example_dags/subdags/subdag.py
[2026-07-22 20:00:02,298] {processor.py:642} INFO - Processing file /home/airflow/.local/lib/python3.6/site-packages/airflow/example_dags/subdags/subdag.py for tasks to queue
[2026-07-22 20:00:02,304] {logging_mixin.py:109} INFO - [2026-07-22 20:00:02,304] {dagbag.py:500} INFO - Filling up the DagBag from /home/airflow/.local/lib/python3.6/site-packages/airflow/example_dags/subdags/subdag.py
[2026-07-22 20:00:02,350] {processor.py:656} WARNING - No viable dags retrieved from /home/airflow/.local/lib/python3.6/site-packages/airflow/example_dags/subdags/subdag.py
[2026-07-22 20:00:02,360] {processor.py:171} INFO - Processing /home/airflow/.local/lib/python3.6/site-packages/airflow/example_dags/subdags/subdag.py took 0.072 seconds
[2026-07-22 20:00:32,479] {processor.py:163} INFO - Started process (PID=8300) to work on /home/airflow/.local/lib/python3.6/site-packages/airflow/example_dags/subdags/subdag.py
[2026-07-22 20:00:32,485] {processor.py:642} INFO - Processing file /home/airflow/.local/lib/python3.6/site-packages/airflow/example_dags/subdags/subdag.py for tasks to queue
[2026-07-22 20:00:32,488] {logging_mixin.py:109} INFO - [2026-07-22 20:00:32,488] {dagbag.py:500} INFO - Filling up the DagBag from /home/airflow/.local/lib/python3.6/site-packages/airflow/example_dags/subdags/subdag.py
[2026-07-22 20:00:32,525] {processor.py:656} WARNING - No viable dags retrieved from /home/airflow/.local/lib/python3.6/site-packages/airflow/example_dags/subdags/subdag.py
[2026-07-22 20:00:32,533] {processor.py:171} INFO - Processing /home/airflow/.local/lib/python3.6/site-packages/airflow/example_dags/subdags/subdag.py took 0.058 seconds
[2026-07-22 20:01:02,638] {processor.py:163} INFO - Started process (PID=8385) to work on /home/airflow/.local/lib/python3.6/site-packages/airflow/example_dags/subdags/subdag.py
[2026-07-22 20:01:02,641] {processor.py:642} INFO - Processing file /home/airflow/.local/lib/python3.6/site-packages/airflow/example_dags/subdags/subdag.py for tasks to queue
[2026-07-22 20:01:02,644] {logging_mixin.py:109} INFO - [2026-07-22 20:01:02,643] {dagbag.py:500} INFO - Filling up the DagBag from /home/airflow/.local/lib/python3.6/site-packages/airflow/example_dags/subdags/subdag.py
[2026-07-22 20:01:02,692] {processor.py:656} WARNING - No viable dags retrieved from /home/airflow/.local/lib/python3.6/site-packages/airflow/example_dags/subdags/subdag.py
[2026-07-22 20:01:02,698] {processor.py:171} INFO - Processing /home/airflow/.local/lib/python3.6/site-packages/airflow/example_dags/subdags/subdag.py took 0.066 seconds
[2026-07-22 20:01:32,984] {processor.py:163} INFO - Started process (PID=8469) to work on /home/airflow/.local/lib/python3.6/site-packages/airflow/example_dags/subdags/subdag.py
[2026-07-22 20:01:32,988] {processor.py:642} INFO - Processing file /home/airflow/.local/lib/python3.6/site-packages/airflow/example_dags/subdags/subdag.py for tasks to queue
[2026-07-22 20:01:32,992] {logging_mixin.py:109} INFO - [2026-07-22 20:01:32,992] {dagbag.py:500} INFO - Filling up the DagBag from /home/airflow/.local/lib/python3.6/site-packages/airflow/example_dags/subdags/subdag.py
[2026-07-22 20:01:33,031] {processor.py:656} WARNING - No viable dags retrieved from /home/airflow/.local/lib/python3.6/site-packages/airflow/example_dags/subdags/subdag.py
[2026-07-22 20:01:33,038] {processor.py:171} INFO - Processing /home/airflow/.local/lib/python3.6/site-packages/airflow/example_dags/subdags/subdag.py took 0.062 seconds
[2026-07-22 20:02:03,220] {processor.py:163} INFO - Started process (PID=8553) to work on /home/airflow/.local/lib/python3.6/site-packages/airflow/example_dags/subdags/subdag.py
[2026-07-22 20:02:03,224] {processor.py:642} INFO - Processing file /home/airflow/.local/lib/python3.6/site-packages/airflow/example_dags/subdags/subdag.py for tasks to queue
[2026-07-22 20:02:03,226] {logging_mixin.py:109} INFO - [2026-07-22 20:02:03,226] {dagbag.py:500} INFO - Filling up the DagBag from /home/airflow/.local/lib/python3.6/site-packages/airflow/example_dags/subdags/subdag.py
[2026-07-22 20:02:03,270] {processor.py:656} WARNING - No viable dags retrieved from /home/airflow/.local/lib/python3.6/site-packages/airflow/example_dags/subdags/subdag.py
[2026-07-22 20:02:03,278] {processor.py:171} INFO - Processing /home/airflow/.local/lib/python3.6/site-packages/airflow/example_dags/subdags/subdag.py took 0.067 seconds
[2026-07-22 20:02:34,296] {processor.py:163} INFO - Started process (PID=8638) to work on /home/airflow/.local/lib/python3.6/site-packages/airflow/example_dags/subdags/subdag.py
[2026-07-22 20:02:34,298] {processor.py:642} INFO - Processing file /home/airflow/.local/lib/python3.6/site-packages/airflow/example_dags/subdags/subdag.py for tasks to queue
[2026-07-22 20:02:34,300] {logging_mixin.py:109} INFO - [2026-07-22 20:02:34,300] {dagbag.py:500} INFO - Filling up the DagBag from /home/airflow/.local/lib/python3.6/site-packages/airflow/example_dags/subdags/subdag.py
[2026-07-22 20:02:34,331] {processor.py:656} WARNING - No viable dags retrieved from /home/airflow/.local/lib/python3.6/site-packages/airflow/example_dags/subdags/subdag.py
[2026-07-22 20:02:34,337] {processor.py:171} INFO - Processing /home/airflow/.local/lib/python3.6/site-packages/airflow/example_dags/subdags/subdag.py took 0.045 seconds
[2026-07-22 20:03:04,685] {processor.py:163} INFO - Started process (PID=8722) to work on /home/airflow/.local/lib/python3.6/site-packages/airflow/example_dags/subdags/subdag.py
[2026-07-22 20:03:04,687] {processor.py:642} INFO - Processing file /home/airflow/.local/lib/python3.6/site-packages/airflow/example_dags/subdags/subdag.py for tasks to queue
[2026-07-22 20:03:04,690] {logging_mixin.py:109} INFO - [2026-07-22 20:03:04,690] {dagbag.py:500} INFO - Filling up the DagBag from /home/airflow/.local/lib/python3.6/site-packages/airflow/example_dags/subdags/subdag.py
[2026-07-22 20:03:04,722] {processor.py:656} WARNING - No viable dags retrieved from /home/airflow/.local/lib/python3.6/site-packages/airflow/example_dags/subdags/subdag.py
[2026-07-22 20:03:04,729] {processor.py:171} INFO - Processing /home/airflow/.local/lib/python3.6/site-packages/airflow/example_dags/subdags/subdag.py took 0.048 seconds
[2026-07-22 20:03:36,065] {processor.py:163} INFO - Started process (PID=8806) to work on /home/airflow/.local/lib/python3.6/site-packages/airflow/example_dags/subdags/subdag.py
[2026-07-22 20:03:36,069] {processor.py:642} INFO - Processing file /home/airflow/.local/lib/python3.6/site-packages/airflow/example_dags/subdags/subdag.py for tasks to queue
[2026-07-22 20:03:36,072] {logging_mixin.py:109} INFO - [2026-07-22 20:03:36,072] {dagbag.py:500} INFO - Filling up the DagBag from /home/airflow/.local/lib/python3.6/site-packages/airflow/example_dags/subdags/subdag.py
[2026-07-22 20:03:36,114] {processor.py:656} WARNING - No viable dags retrieved from /home/airflow/.local/lib/python3.6/site-packages/airflow/example_dags/subdags/subdag.py
[2026-07-22 20:03:36,121] {processor.py:171} INFO - Processing /home/airflow/.local/lib/python3.6/site-packages/airflow/example_dags/subdags/subdag.py took 0.063 seconds
[2026-07-22 20:04:06,208] {processor.py:163} INFO - Started process (PID=8893) to work on /home/airflow/.local/lib/python3.6/site-packages/airflow/example_dags/subdags/subdag.py
[2026-07-22 20:04:06,211] {processor.py:642} INFO - Processing file /home/airflow/.local/lib/python3.6/site-packages/airflow/example_dags/subdags/subdag.py for tasks to queue
[2026-07-22 20:04:06,213] {logging_mixin.py:109} INFO - [2026-07-22 20:04:06,213] {dagbag.py:500} INFO - Filling up the DagBag from /home/airflow/.local/lib/python3.6/site-packages/airflow/example_dags/subdags/subdag.py
[2026-07-22 20:04:06,267] {processor.py:656} WARNING - No viable dags retrieved from /home/airflow/.local/lib/python3.6/site-packages/airflow/example_dags/subdags/subdag.py
[2026-07-22 20:04:06,275] {processor.py:171} INFO - Processing /home/airflow/.local/lib/python3.6/site-packages/airflow/example_dags/subdags/subdag.py took 0.074 seconds
[2026-07-22 20:04:36,679] {processor.py:163} INFO - Started process (PID=8977) to work on /home/airflow/.local/lib/python3.6/site-packages/airflow/example_dags/subdags/subdag.py
[2026-07-22 20:04:36,683] {processor.py:642} INFO - Processing file /home/airflow/.local/lib/python3.6/site-packages/airflow/example_dags/subdags/subdag.py for tasks to queue
[2026-07-22 20:04:36,686] {logging_mixin.py:109} INFO - [2026-07-22 20:04:36,686] {dagbag.py:500} INFO - Filling up the DagBag from /home/airflow/.local/lib/python3.6/site-packages/airflow/example_dags/subdags/subdag.py
[2026-07-22 20:04:36,726] {processor.py:656} WARNING - No viable dags retrieved from /home/airflow/.local/lib/python3.6/site-packages/airflow/example_dags/subdags/subdag.py
[2026-07-22 20:04:36,733] {processor.py:171} INFO - Processing /home/airflow/.local/lib/python3.6/site-packages/airflow/example_dags/subdags/subdag.py took 0.058 seconds
[2026-07-22 20:05:07,667] {processor.py:163} INFO - Started process (PID=9062) to work on /home/airflow/.local/lib/python3.6/site-packages/airflow/example_dags/subdags/subdag.py
[2026-07-22 20:05:07,671] {processor.py:642} INFO - Processing file /home/airflow/.local/lib/python3.6/site-packages/airflow/example_dags/subdags/subdag.py for tasks to queue
[2026-07-22 20:05:07,674] {logging_mixin.py:109} INFO - [2026-07-22 20:05:07,674] {dagbag.py:500} INFO - Filling up the DagBag from /home/airflow/.local/lib/python3.6/site-packages/airflow/example_dags/subdags/subdag.py
[2026-07-22 20:05:07,716] {processor.py:656} WARNING - No viable dags retrieved from /home/airflow/.local/lib/python3.6/site-packages/airflow/example_dags/subdags/subdag.py
[2026-07-22 20:05:07,723] {processor.py:171} INFO - Processing /home/airflow/.local/lib/python3.6/site-packages/airflow/example_dags/subdags/subdag.py took 0.064 seconds
[2026-07-22 20:05:38,086] {processor.py:163} INFO - Started process (PID=9146) to work on /home/airflow/.local/lib/python3.6/site-packages/airflow/example_dags/subdags/subdag.py
[2026-07-22 20:05:38,089] {processor.py:642} INFO - Processing file /home/airflow/.local/lib/python3.6/site-packages/airflow/example_dags/subdags/subdag.py for tasks to queue
[2026-07-22 20:05:38,092] {logging_mixin.py:109} INFO - [2026-07-22 20:05:38,091] {dagbag.py:500} INFO - Filling up the DagBag from /home/airflow/.local/lib/python3.6/site-packages/airflow/example_dags/subdags/subdag.py
[2026-07-22 20:05:38,129] {processor.py:656} WARNING - No viable dags retrieved from /home/airflow/.local/lib/python3.6/site-packages/airflow/example_dags/subdags/subdag.py
[2026-07-22 20:05:38,137] {processor.py:171} INFO - Processing /home/airflow/.local/lib/python3.6/site-packages/airflow/example_dags/subdags/subdag.py took 0.056 seconds
[2026-07-22 20:06:09,340] {processor.py:163} INFO - Started process (PID=9230) to work on /home/airflow/.local/lib/python3.6/site-packages/airflow/example_dags/subdags/subdag.py
[2026-07-22 20:06:09,344] {processor.py:642} INFO - Processing file /home/airflow/.local/lib/python3.6/site-packages/airflow/example_dags/subdags/subdag.py for tasks to queue
[2026-07-22 20:06:09,347] {logging_mixin.py:109} INFO - [2026-07-22 20:06:09,346] {dagbag.py:500} INFO - Filling up the DagBag from /home/airflow/.local/lib/python3.6/site-packages/airflow/example_dags/subdags/subdag.py
[2026-07-22 20:06:09,392] {processor.py:656} WARNING - No viable dags retrieved from /home/airflow/.local/lib/python3.6/site-packages/airflow/example_dags/subdags/subdag.py
[2026-07-22 20:06:09,401] {processor.py:171} INFO - Processing /home/airflow/.local/lib/python3.6/site-packages/airflow/example_dags/subdags/subdag.py took 0.067 seconds
[2026-07-22 20:06:39,901] {processor.py:163} INFO - Started process (PID=9321) to work on /home/airflow/.local/lib/python3.6/site-packages/airflow/example_dags/subdags/subdag.py
[2026-07-22 20:06:39,904] {processor.py:642} INFO - Processing file /home/airflow/.local/lib/python3.6/site-packages/airflow/example_dags/subdags/subdag.py for tasks to queue
[2026-07-22 20:06:39,906] {logging_mixin.py:109} INFO - [2026-07-22 20:06:39,906] {dagbag.py:500} INFO - Filling up the DagBag from /home/airflow/.local/lib/python3.6/site-packages/airflow/example_dags/subdags/subdag.py
[2026-07-22 20:06:39,934] {processor.py:656} WARNING - No viable dags retrieved from /home/airflow/.local/lib/python3.6/site-packages/airflow/example_dags/subdags/subdag.py
[2026-07-22 20:06:39,940] {processor.py:171} INFO - Processing /home/airflow/.local/lib/python3.6/site-packages/airflow/example_dags/subdags/subdag.py took 0.044 seconds
[2026-07-22 20:07:10,213] {processor.py:163} INFO - Started process (PID=9408) to work on /home/airflow/.local/lib/python3.6/site-packages/airflow/example_dags/subdags/subdag.py
[2026-07-22 20:07:10,216] {processor.py:642} INFO - Processing file /home/airflow/.local/lib/python3.6/site-packages/airflow/example_dags/subdags/subdag.py for tasks to queue
[2026-07-22 20:07:10,218] {logging_mixin.py:109} INFO - [2026-07-22 20:07:10,218] {dagbag.py:500} INFO - Filling up the DagBag from /home/airflow/.local/lib/python3.6/site-packages/airflow/example_dags/subdags/subdag.py
[2026-07-22 20:07:10,250] {processor.py:656} WARNING - No viable dags retrieved from /home/airflow/.local/lib/python3.6/site-packages/airflow/example_dags/subdags/subdag.py
[2026-07-22 20:07:10,256] {processor.py:171} INFO - Processing /home/airflow/.local/lib/python3.6/site-packages/airflow/example_dags/subdags/subdag.py took 0.046 seconds
[2026-07-22 20:07:40,696] {processor.py:163} INFO - Started process (PID=9492) to work on /home/airflow/.local/lib/python3.6/site-packages/airflow/example_dags/subdags/subdag.py
[2026-07-22 20:07:40,699] {processor.py:642} INFO - Processing file /home/airflow/.local/lib/python3.6/site-packages/airflow/example_dags/subdags/subdag.py for tasks to queue
[2026-07-22 20:07:40,701] {logging_mixin.py:109} INFO - [2026-07-22 20:07:40,701] {dagbag.py:500} INFO - Filling up the DagBag from /home/airflow/.local/lib/python3.6/site-packages/airflow/example_dags/subdags/subdag.py
[2026-07-22 20:07:40,733] {processor.py:656} WARNING - No viable dags retrieved from /home/airflow/.local/lib/python3.6/site-packages/airflow/example_dags/subdags/subdag.py
[2026-07-22 20:07:40,739] {processor.py:171} INFO - Processing /home/airflow/.local/lib/python3.6/site-packages/airflow/example_dags/subdags/subdag.py took 0.047 seconds
[2026-07-22 20:08:12,277] {processor.py:163} INFO - Started process (PID=9576) to work on /home/airflow/.local/lib/python3.6/site-packages/airflow/example_dags/subdags/subdag.py
[2026-07-22 20:08:12,281] {processor.py:642} INFO - Processing file /home/airflow/.local/lib/python3.6/site-packages/airflow/example_dags/subdags/subdag.py for tasks to queue
[2026-07-22 20:08:12,285] {logging_mixin.py:109} INFO - [2026-07-22 20:08:12,285] {dagbag.py:500} INFO - Filling up the DagBag from /home/airflow/.local/lib/python3.6/site-packages/airflow/example_dags/subdags/subdag.py
[2026-07-22 20:08:12,355] {processor.py:656} WARNING - No viable dags retrieved from /home/airflow/.local/lib/python3.6/site-packages/airflow/example_dags/subdags/subdag.py
[2026-07-22 20:08:12,373] {processor.py:171} INFO - Processing /home/airflow/.local/lib/python3.6/site-packages/airflow/example_dags/subdags/subdag.py took 0.106 seconds
[2026-07-22 20:08:43,410] {processor.py:163} INFO - Started process (PID=9661) to work on /home/airflow/.local/lib/python3.6/site-packages/airflow/example_dags/subdags/subdag.py
[2026-07-22 20:08:43,426] {processor.py:642} INFO - Processing file /home/airflow/.local/lib/python3.6/site-packages/airflow/example_dags/subdags/subdag.py for tasks to queue
[2026-07-22 20:08:43,445] {logging_mixin.py:109} INFO - [2026-07-22 20:08:43,444] {dagbag.py:500} INFO - Filling up the DagBag from /home/airflow/.local/lib/python3.6/site-packages/airflow/example_dags/subdags/subdag.py
[2026-07-22 20:08:43,551] {processor.py:656} WARNING - No viable dags retrieved from /home/airflow/.local/lib/python3.6/site-packages/airflow/example_dags/subdags/subdag.py
[2026-07-22 20:08:43,571] {processor.py:171} INFO - Processing /home/airflow/.local/lib/python3.6/site-packages/airflow/example_dags/subdags/subdag.py took 0.193 seconds
[2026-07-22 20:09:14,210] {processor.py:163} INFO - Started process (PID=9746) to work on /home/airflow/.local/lib/python3.6/site-packages/airflow/example_dags/subdags/subdag.py
[2026-07-22 20:09:14,212] {processor.py:642} INFO - Processing file /home/airflow/.local/lib/python3.6/site-packages/airflow/example_dags/subdags/subdag.py for tasks to queue
[2026-07-22 20:09:14,215] {logging_mixin.py:109} INFO - [2026-07-22 20:09:14,214] {dagbag.py:500} INFO - Filling up the DagBag from /home/airflow/.local/lib/python3.6/site-packages/airflow/example_dags/subdags/subdag.py
[2026-07-22 20:09:14,249] {processor.py:656} WARNING - No viable dags retrieved from /home/airflow/.local/lib/python3.6/site-packages/airflow/example_dags/subdags/subdag.py
[2026-07-22 20:09:14,256] {processor.py:171} INFO - Processing /home/airflow/.local/lib/python3.6/site-packages/airflow/example_dags/subdags/subdag.py took 0.051 seconds
[2026-07-22 20:09:44,520] {processor.py:163} INFO - Started process (PID=9829) to work on /home/airflow/.local/lib/python3.6/site-packages/airflow/example_dags/subdags/subdag.py
[2026-07-22 20:09:44,524] {processor.py:642} INFO - Processing file /home/airflow/.local/lib/python3.6/site-packages/airflow/example_dags/subdags/subdag.py for tasks to queue
[2026-07-22 20:09:44,526] {logging_mixin.py:109} INFO - [2026-07-22 20:09:44,526] {dagbag.py:500} INFO - Filling up the DagBag from /home/airflow/.local/lib/python3.6/site-packages/airflow/example_dags/subdags/subdag.py
[2026-07-22 20:09:44,564] {processor.py:656} WARNING - No viable dags retrieved from /home/airflow/.local/lib/python3.6/site-packages/airflow/example_dags/subdags/subdag.py
[2026-07-22 20:09:44,570] {processor.py:171} INFO - Processing /home/airflow/.local/lib/python3.6/site-packages/airflow/example_dags/subdags/subdag.py took 0.055 seconds
[2026-07-22 20:10:14,857] {processor.py:163} INFO - Started process (PID=9914) to work on /home/airflow/.local/lib/python3.6/site-packages/airflow/example_dags/subdags/subdag.py
[2026-07-22 20:10:14,861] {processor.py:642} INFO - Processing file /home/airflow/.local/lib/python3.6/site-packages/airflow/example_dags/subdags/subdag.py for tasks to queue
[2026-07-22 20:10:14,865] {logging_mixin.py:109} INFO - [2026-07-22 20:10:14,865] {dagbag.py:500} INFO - Filling up the DagBag from /home/airflow/.local/lib/python3.6/site-packages/airflow/example_dags/subdags/subdag.py
[2026-07-22 20:10:14,912] {processor.py:656} WARNING - No viable dags retrieved from /home/airflow/.local/lib/python3.6/site-packages/airflow/example_dags/subdags/subdag.py
[2026-07-22 20:10:14,918] {processor.py:171} INFO - Processing /home/airflow/.local/lib/python3.6/site-packages/airflow/example_dags/subdags/subdag.py took 0.067 seconds
[2026-07-22 20:10:46,292] {processor.py:163} INFO - Started process (PID=9998) to work on /home/airflow/.local/lib/python3.6/site-packages/airflow/example_dags/subdags/subdag.py
[2026-07-22 20:10:46,296] {processor.py:642} INFO - Processing file /home/airflow/.local/lib/python3.6/site-packages/airflow/example_dags/subdags/subdag.py for tasks to queue
[2026-07-22 20:10:46,300] {logging_mixin.py:109} INFO - [2026-07-22 20:10:46,299] {dagbag.py:500} INFO - Filling up the DagBag from /home/airflow/.local/lib/python3.6/site-packages/airflow/example_dags/subdags/subdag.py
[2026-07-22 20:10:46,349] {processor.py:656} WARNING - No viable dags retrieved from /home/airflow/.local/lib/python3.6/site-packages/airflow/example_dags/subdags/subdag.py
[2026-07-22 20:10:46,362] {processor.py:171} INFO - Processing /home/airflow/.local/lib/python3.6/site-packages/airflow/example_dags/subdags/subdag.py took 0.078 seconds
[2026-07-22 20:11:16,679] {processor.py:163} INFO - Started process (PID=10082) to work on /home/airflow/.local/lib/python3.6/site-packages/airflow/example_dags/subdags/subdag.py
[2026-07-22 20:11:16,683] {processor.py:642} INFO - Processing file /home/airflow/.local/lib/python3.6/site-packages/airflow/example_dags/subdags/subdag.py for tasks to queue
[2026-07-22 20:11:16,685] {logging_mixin.py:109} INFO - [2026-07-22 20:11:16,685] {dagbag.py:500} INFO - Filling up the DagBag from /home/airflow/.local/lib/python3.6/site-packages/airflow/example_dags/subdags/subdag.py
[2026-07-22 20:11:16,725] {processor.py:656} WARNING - No viable dags retrieved from /home/airflow/.local/lib/python3.6/site-packages/airflow/example_dags/subdags/subdag.py
[2026-07-22 20:11:16,736] {processor.py:171} INFO - Processing /home/airflow/.local/lib/python3.6/site-packages/airflow/example_dags/subdags/subdag.py took 0.060 seconds
[2026-07-22 20:11:47,982] {processor.py:163} INFO - Started process (PID=10168) to work on /home/airflow/.local/lib/python3.6/site-packages/airflow/example_dags/subdags/subdag.py
[2026-07-22 20:11:47,986] {processor.py:642} INFO - Processing file /home/airflow/.local/lib/python3.6/site-packages/airflow/example_dags/subdags/subdag.py for tasks to queue
[2026-07-22 20:11:47,989] {logging_mixin.py:109} INFO - [2026-07-22 20:11:47,988] {dagbag.py:500} INFO - Filling up the DagBag from /home/airflow/.local/lib/python3.6/site-packages/airflow/example_dags/subdags/subdag.py
[2026-07-22 20:11:48,030] {processor.py:656} WARNING - No viable dags retrieved from /home/airflow/.local/lib/python3.6/site-packages/airflow/example_dags/subdags/subdag.py
[2026-07-22 20:11:48,038] {processor.py:171} INFO - Processing /home/airflow/.local/lib/python3.6/site-packages/airflow/example_dags/subdags/subdag.py took 0.068 seconds
[2026-07-22 20:12:19,749] {processor.py:163} INFO - Started process (PID=10252) to work on /home/airflow/.local/lib/python3.6/site-packages/airflow/example_dags/subdags/subdag.py
[2026-07-22 20:12:19,752] {processor.py:642} INFO - Processing file /home/airflow/.local/lib/python3.6/site-packages/airflow/example_dags/subdags/subdag.py for tasks to queue
[2026-07-22 20:12:19,755] {logging_mixin.py:109} INFO - [2026-07-22 20:12:19,754] {dagbag.py:500} INFO - Filling up the DagBag from /home/airflow/.local/lib/python3.6/site-packages/airflow/example_dags/subdags/subdag.py
[2026-07-22 20:12:19,792] {processor.py:656} WARNING - No viable dags retrieved from /home/airflow/.local/lib/python3.6/site-packages/airflow/example_dags/subdags/subdag.py
[2026-07-22 20:12:19,799] {processor.py:171} INFO - Processing /home/airflow/.local/lib/python3.6/site-packages/airflow/example_dags/subdags/subdag.py took 0.054 seconds
[2026-07-22 20:12:52,551] {processor.py:163} INFO - Started process (PID=10345) to work on /home/airflow/.local/lib/python3.6/site-packages/airflow/example_dags/subdags/subdag.py
[2026-07-22 20:12:52,556] {processor.py:642} INFO - Processing file /home/airflow/.local/lib/python3.6/site-packages/airflow/example_dags/subdags/subdag.py for tasks to queue
[2026-07-22 20:12:52,561] {logging_mixin.py:109} INFO - [2026-07-22 20:12:52,561] {dagbag.py:500} INFO - Filling up the DagBag from /home/airflow/.local/lib/python3.6/site-packages/airflow/example_dags/subdags/subdag.py
[2026-07-22 20:12:52,629] {processor.py:656} WARNING - No viable dags retrieved from /home/airflow/.local/lib/python3.6/site-packages/airflow/example_dags/subdags/subdag.py
[2026-07-22 20:12:52,649] {processor.py:171} INFO - Processing /home/airflow/.local/lib/python3.6/site-packages/airflow/example_dags/subdags/subdag.py took 0.112 seconds
[2026-07-22 20:13:22,805] {processor.py:163} INFO - Started process (PID=10430) to work on /home/airflow/.local/lib/python3.6/site-packages/airflow/example_dags/subdags/subdag.py
[2026-07-22 20:13:22,808] {processor.py:642} INFO - Processing file /home/airflow/.local/lib/python3.6/site-packages/airflow/example_dags/subdags/subdag.py for tasks to queue
[2026-07-22 20:13:22,811] {logging_mixin.py:109} INFO - [2026-07-22 20:13:22,811] {dagbag.py:500} INFO - Filling up the DagBag from /home/airflow/.local/lib/python3.6/site-packages/airflow/example_dags/subdags/subdag.py
[2026-07-22 20:13:22,844] {processor.py:656} WARNING - No viable dags retrieved from /home/airflow/.local/lib/python3.6/site-packages/airflow/example_dags/subdags/subdag.py
[2026-07-22 20:13:22,850] {processor.py:171} INFO - Processing /home/airflow/.local/lib/python3.6/site-packages/airflow/example_dags/subdags/subdag.py took 0.051 seconds
[2026-07-22 20:13:54,284] {processor.py:163} INFO - Started process (PID=10514) to work on /home/airflow/.local/lib/python3.6/site-packages/airflow/example_dags/subdags/subdag.py
[2026-07-22 20:13:54,286] {processor.py:642} INFO - Processing file /home/airflow/.local/lib/python3.6/site-packages/airflow/example_dags/subdags/subdag.py for tasks to queue
[2026-07-22 20:13:54,288] {logging_mixin.py:109} INFO - [2026-07-22 20:13:54,288] {dagbag.py:500} INFO - Filling up the DagBag from /home/airflow/.local/lib/python3.6/site-packages/airflow/example_dags/subdags/subdag.py
[2026-07-22 20:13:54,317] {processor.py:656} WARNING - No viable dags retrieved from /home/airflow/.local/lib/python3.6/site-packages/airflow/example_dags/subdags/subdag.py
[2026-07-22 20:13:54,325] {processor.py:171} INFO - Processing /home/airflow/.local/lib/python3.6/site-packages/airflow/example_dags/subdags/subdag.py took 0.045 seconds
[2026-07-22 20:14:25,937] {processor.py:163} INFO - Started process (PID=10599) to work on /home/airflow/.local/lib/python3.6/site-packages/airflow/example_dags/subdags/subdag.py
[2026-07-22 20:14:25,940] {processor.py:642} INFO - Processing file /home/airflow/.local/lib/python3.6/site-packages/airflow/example_dags/subdags/subdag.py for tasks to queue
[2026-07-22 20:14:25,941] {logging_mixin.py:109} INFO - [2026-07-22 20:14:25,941] {dagbag.py:500} INFO - Filling up the DagBag from /home/airflow/.local/lib/python3.6/site-packages/airflow/example_dags/subdags/subdag.py
[2026-07-22 20:14:25,966] {processor.py:656} WARNING - No viable dags retrieved from /home/airflow/.local/lib/python3.6/site-packages/airflow/example_dags/subdags/subdag.py
[2026-07-22 20:14:25,972] {processor.py:171} INFO - Processing /home/airflow/.local/lib/python3.6/site-packages/airflow/example_dags/subdags/subdag.py took 0.039 seconds
[2026-07-22 20:14:57,041] {processor.py:163} INFO - Started process (PID=10683) to work on /home/airflow/.local/lib/python3.6/site-packages/airflow/example_dags/subdags/subdag.py
[2026-07-22 20:14:57,043] {processor.py:642} INFO - Processing file /home/airflow/.local/lib/python3.6/site-packages/airflow/example_dags/subdags/subdag.py for tasks to queue
[2026-07-22 20:14:57,045] {logging_mixin.py:109} INFO - [2026-07-22 20:14:57,045] {dagbag.py:500} INFO - Filling up the DagBag from /home/airflow/.local/lib/python3.6/site-packages/airflow/example_dags/subdags/subdag.py
[2026-07-22 20:14:57,072] {processor.py:656} WARNING - No viable dags retrieved from /home/airflow/.local/lib/python3.6/site-packages/airflow/example_dags/subdags/subdag.py
[2026-07-22 20:14:57,078] {processor.py:171} INFO - Processing /home/airflow/.local/lib/python3.6/site-packages/airflow/example_dags/subdags/subdag.py took 0.040 seconds
[2026-07-22 20:15:28,176] {processor.py:163} INFO - Started process (PID=10768) to work on /home/airflow/.local/lib/python3.6/site-packages/airflow/example_dags/subdags/subdag.py
[2026-07-22 20:15:28,179] {processor.py:642} INFO - Processing file /home/airflow/.local/lib/python3.6/site-packages/airflow/example_dags/subdags/subdag.py for tasks to queue
[2026-07-22 20:15:28,181] {logging_mixin.py:109} INFO - [2026-07-22 20:15:28,181] {dagbag.py:500} INFO - Filling up the DagBag from /home/airflow/.local/lib/python3.6/site-packages/airflow/example_dags/subdags/subdag.py
[2026-07-22 20:15:28,218] {processor.py:656} WARNING - No viable dags retrieved from /home/airflow/.local/lib/python3.6/site-packages/airflow/example_dags/subdags/subdag.py
[2026-07-22 20:15:28,225] {processor.py:171} INFO - Processing /home/airflow/.local/lib/python3.6/site-packages/airflow/example_dags/subdags/subdag.py took 0.054 seconds
[2026-07-22 20:15:59,896] {processor.py:163} INFO - Started process (PID=10863) to work on /home/airflow/.local/lib/python3.6/site-packages/airflow/example_dags/subdags/subdag.py
[2026-07-22 20:15:59,900] {processor.py:642} INFO - Processing file /home/airflow/.local/lib/python3.6/site-packages/airflow/example_dags/subdags/subdag.py for tasks to queue
[2026-07-22 20:15:59,902] {logging_mixin.py:109} INFO - [2026-07-22 20:15:59,902] {dagbag.py:500} INFO - Filling up the DagBag from /home/airflow/.local/lib/python3.6/site-packages/airflow/example_dags/subdags/subdag.py
[2026-07-22 20:15:59,940] {processor.py:656} WARNING - No viable dags retrieved from /home/airflow/.local/lib/python3.6/site-packages/airflow/example_dags/subdags/subdag.py
[2026-07-22 20:15:59,947] {processor.py:171} INFO - Processing /home/airflow/.local/lib/python3.6/site-packages/airflow/example_dags/subdags/subdag.py took 0.055 seconds
[2026-07-22 20:16:31,570] {processor.py:163} INFO - Started process (PID=10948) to work on /home/airflow/.local/lib/python3.6/site-packages/airflow/example_dags/subdags/subdag.py
[2026-07-22 20:16:31,574] {processor.py:642} INFO - Processing file /home/airflow/.local/lib/python3.6/site-packages/airflow/example_dags/subdags/subdag.py for tasks to queue
[2026-07-22 20:16:31,577] {logging_mixin.py:109} INFO - [2026-07-22 20:16:31,576] {dagbag.py:500} INFO - Filling up the DagBag from /home/airflow/.local/lib/python3.6/site-packages/airflow/example_dags/subdags/subdag.py
[2026-07-22 20:16:31,618] {processor.py:656} WARNING - No viable dags retrieved from /home/airflow/.local/lib/python3.6/site-packages/airflow/example_dags/subdags/subdag.py
[2026-07-22 20:16:31,630] {processor.py:171} INFO - Processing /home/airflow/.local/lib/python3.6/site-packages/airflow/example_dags/subdags/subdag.py took 0.069 seconds
[2026-07-22 20:17:03,575] {processor.py:163} INFO - Started process (PID=11033) to work on /home/airflow/.local/lib/python3.6/site-packages/airflow/example_dags/subdags/subdag.py
[2026-07-22 20:17:03,578] {processor.py:642} INFO - Processing file /home/airflow/.local/lib/python3.6/site-packages/airflow/example_dags/subdags/subdag.py for tasks to queue
[2026-07-22 20:17:03,580] {logging_mixin.py:109} INFO - [2026-07-22 20:17:03,580] {dagbag.py:500} INFO - Filling up the DagBag from /home/airflow/.local/lib/python3.6/site-packages/airflow/example_dags/subdags/subdag.py
[2026-07-22 20:17:03,614] {processor.py:656} WARNING - No viable dags retrieved from /home/airflow/.local/lib/python3.6/site-packages/airflow/example_dags/subdags/subdag.py
[2026-07-22 20:17:03,621] {processor.py:171} INFO - Processing /home/airflow/.local/lib/python3.6/site-packages/airflow/example_dags/subdags/subdag.py took 0.050 seconds
[2026-07-22 20:17:39,157] {processor.py:163} INFO - Started process (PID=11116) to work on /home/airflow/.local/lib/python3.6/site-packages/airflow/example_dags/subdags/subdag.py
[2026-07-22 20:17:39,182] {processor.py:642} INFO - Processing file /home/airflow/.local/lib/python3.6/site-packages/airflow/example_dags/subdags/subdag.py for tasks to queue
[2026-07-22 20:17:39,243] {logging_mixin.py:109} INFO - [2026-07-22 20:17:39,243] {dagbag.py:500} INFO - Filling up the DagBag from /home/airflow/.local/lib/python3.6/site-packages/airflow/example_dags/subdags/subdag.py
[2026-07-22 20:17:39,370] {processor.py:656} WARNING - No viable dags retrieved from /home/airflow/.local/lib/python3.6/site-packages/airflow/example_dags/subdags/subdag.py
[2026-07-22 20:17:39,452] {processor.py:171} INFO - Processing /home/airflow/.local/lib/python3.6/site-packages/airflow/example_dags/subdags/subdag.py took 0.314 seconds
[2026-07-22 20:18:09,911] {processor.py:163} INFO - Started process (PID=11202) to work on /home/airflow/.local/lib/python3.6/site-packages/airflow/example_dags/subdags/subdag.py
[2026-07-22 20:18:09,914] {processor.py:642} INFO - Processing file /home/airflow/.local/lib/python3.6/site-packages/airflow/example_dags/subdags/subdag.py for tasks to queue
[2026-07-22 20:18:09,917] {logging_mixin.py:109} INFO - [2026-07-22 20:18:09,916] {dagbag.py:500} INFO - Filling up the DagBag from /home/airflow/.local/lib/python3.6/site-packages/airflow/example_dags/subdags/subdag.py
[2026-07-22 20:18:09,951] {processor.py:656} WARNING - No viable dags retrieved from /home/airflow/.local/lib/python3.6/site-packages/airflow/example_dags/subdags/subdag.py
[2026-07-22 20:18:09,958] {processor.py:171} INFO - Processing /home/airflow/.local/lib/python3.6/site-packages/airflow/example_dags/subdags/subdag.py took 0.053 seconds
[2026-07-22 20:18:40,589] {processor.py:163} INFO - Started process (PID=11296) to work on /home/airflow/.local/lib/python3.6/site-packages/airflow/example_dags/subdags/subdag.py
[2026-07-22 20:18:40,591] {processor.py:642} INFO - Processing file /home/airflow/.local/lib/python3.6/site-packages/airflow/example_dags/subdags/subdag.py for tasks to queue
[2026-07-22 20:18:40,594] {logging_mixin.py:109} INFO - [2026-07-22 20:18:40,593] {dagbag.py:500} INFO - Filling up the DagBag from /home/airflow/.local/lib/python3.6/site-packages/airflow/example_dags/subdags/subdag.py
[2026-07-22 20:18:40,629] {processor.py:656} WARNING - No viable dags retrieved from /home/airflow/.local/lib/python3.6/site-packages/airflow/example_dags/subdags/subdag.py
[2026-07-22 20:18:40,637] {processor.py:171} INFO - Processing /home/airflow/.local/lib/python3.6/site-packages/airflow/example_dags/subdags/subdag.py took 0.052 seconds
[2026-07-22 20:19:12,159] {processor.py:163} INFO - Started process (PID=11382) to work on /home/airflow/.local/lib/python3.6/site-packages/airflow/example_dags/subdags/subdag.py
[2026-07-22 20:19:12,162] {processor.py:642} INFO - Processing file /home/airflow/.local/lib/python3.6/site-packages/airflow/example_dags/subdags/subdag.py for tasks to queue
[2026-07-22 20:19:12,165] {logging_mixin.py:109} INFO - [2026-07-22 20:19:12,164] {dagbag.py:500} INFO - Filling up the DagBag from /home/airflow/.local/lib/python3.6/site-packages/airflow/example_dags/subdags/subdag.py
[2026-07-22 20:19:12,207] {processor.py:656} WARNING - No viable dags retrieved from /home/airflow/.local/lib/python3.6/site-packages/airflow/example_dags/subdags/subdag.py
[2026-07-22 20:19:12,215] {processor.py:171} INFO - Processing /home/airflow/.local/lib/python3.6/site-packages/airflow/example_dags/subdags/subdag.py took 0.061 seconds
[2026-07-22 20:19:43,624] {processor.py:163} INFO - Started process (PID=11468) to work on /home/airflow/.local/lib/python3.6/site-packages/airflow/example_dags/subdags/subdag.py
[2026-07-22 20:19:43,627] {processor.py:642} INFO - Processing file /home/airflow/.local/lib/python3.6/site-packages/airflow/example_dags/subdags/subdag.py for tasks to queue
[2026-07-22 20:19:43,630] {logging_mixin.py:109} INFO - [2026-07-22 20:19:43,629] {dagbag.py:500} INFO - Filling up the DagBag from /home/airflow/.local/lib/python3.6/site-packages/airflow/example_dags/subdags/subdag.py
[2026-07-22 20:19:43,663] {processor.py:656} WARNING - No viable dags retrieved from /home/airflow/.local/lib/python3.6/site-packages/airflow/example_dags/subdags/subdag.py
[2026-07-22 20:19:43,671] {processor.py:171} INFO - Processing /home/airflow/.local/lib/python3.6/site-packages/airflow/example_dags/subdags/subdag.py took 0.053 seconds
[2026-07-22 20:20:15,257] {processor.py:163} INFO - Started process (PID=11555) to work on /home/airflow/.local/lib/python3.6/site-packages/airflow/example_dags/subdags/subdag.py
[2026-07-22 20:20:15,260] {processor.py:642} INFO - Processing file /home/airflow/.local/lib/python3.6/site-packages/airflow/example_dags/subdags/subdag.py for tasks to queue
[2026-07-22 20:20:15,262] {logging_mixin.py:109} INFO - [2026-07-22 20:20:15,262] {dagbag.py:500} INFO - Filling up the DagBag from /home/airflow/.local/lib/python3.6/site-packages/airflow/example_dags/subdags/subdag.py
[2026-07-22 20:20:15,293] {processor.py:656} WARNING - No viable dags retrieved from /home/airflow/.local/lib/python3.6/site-packages/airflow/example_dags/subdags/subdag.py
[2026-07-22 20:20:15,299] {processor.py:171} INFO - Processing /home/airflow/.local/lib/python3.6/site-packages/airflow/example_dags/subdags/subdag.py took 0.046 seconds
[2026-07-22 20:20:46,658] {processor.py:163} INFO - Started process (PID=11647) to work on /home/airflow/.local/lib/python3.6/site-packages/airflow/example_dags/subdags/subdag.py
[2026-07-22 20:20:46,660] {processor.py:642} INFO - Processing file /home/airflow/.local/lib/python3.6/site-packages/airflow/example_dags/subdags/subdag.py for tasks to queue
[2026-07-22 20:20:46,662] {logging_mixin.py:109} INFO - [2026-07-22 20:20:46,662] {dagbag.py:500} INFO - Filling up the DagBag from /home/airflow/.local/lib/python3.6/site-packages/airflow/example_dags/subdags/subdag.py
[2026-07-22 20:20:46,690] {processor.py:656} WARNING - No viable dags retrieved from /home/airflow/.local/lib/python3.6/site-packages/airflow/example_dags/subdags/subdag.py
[2026-07-22 20:20:46,697] {processor.py:171} INFO - Processing /home/airflow/.local/lib/python3.6/site-packages/airflow/example_dags/subdags/subdag.py took 0.043 seconds
[2026-07-22 20:21:17,557] {processor.py:163} INFO - Started process (PID=11737) to work on /home/airflow/.local/lib/python3.6/site-packages/airflow/example_dags/subdags/subdag.py
[2026-07-22 20:21:17,559] {processor.py:642} INFO - Processing file /home/airflow/.local/lib/python3.6/site-packages/airflow/example_dags/subdags/subdag.py for tasks to queue
[2026-07-22 20:21:17,562] {logging_mixin.py:109} INFO - [2026-07-22 20:21:17,562] {dagbag.py:500} INFO - Filling up the DagBag from /home/airflow/.local/lib/python3.6/site-packages/airflow/example_dags/subdags/subdag.py
[2026-07-22 20:21:17,603] {processor.py:656} WARNING - No viable dags retrieved from /home/airflow/.local/lib/python3.6/site-packages/airflow/example_dags/subdags/subdag.py
[2026-07-22 20:21:17,612] {processor.py:171} INFO - Processing /home/airflow/.local/lib/python3.6/site-packages/airflow/example_dags/subdags/subdag.py took 0.059 seconds
[2026-07-22 20:21:48,852] {processor.py:163} INFO - Started process (PID=11821) to work on /home/airflow/.local/lib/python3.6/site-packages/airflow/example_dags/subdags/subdag.py
[2026-07-22 20:21:48,859] {processor.py:642} INFO - Processing file /home/airflow/.local/lib/python3.6/site-packages/airflow/example_dags/subdags/subdag.py for tasks to queue
[2026-07-22 20:21:48,863] {logging_mixin.py:109} INFO - [2026-07-22 20:21:48,862] {dagbag.py:500} INFO - Filling up the DagBag from /home/airflow/.local/lib/python3.6/site-packages/airflow/example_dags/subdags/subdag.py
[2026-07-22 20:21:48,905] {processor.py:656} WARNING - No viable dags retrieved from /home/airflow/.local/lib/python3.6/site-packages/airflow/example_dags/subdags/subdag.py
[2026-07-22 20:21:48,914] {processor.py:171} INFO - Processing /home/airflow/.local/lib/python3.6/site-packages/airflow/example_dags/subdags/subdag.py took 0.071 seconds
[2026-07-22 20:23:24,834] {processor.py:163} INFO - Started process (PID=11913) to work on /home/airflow/.local/lib/python3.6/site-packages/airflow/example_dags/subdags/subdag.py
[2026-07-22 20:23:24,844] {processor.py:642} INFO - Processing file /home/airflow/.local/lib/python3.6/site-packages/airflow/example_dags/subdags/subdag.py for tasks to queue
[2026-07-22 20:23:24,851] {logging_mixin.py:109} INFO - [2026-07-22 20:23:24,851] {dagbag.py:500} INFO - Filling up the DagBag from /home/airflow/.local/lib/python3.6/site-packages/airflow/example_dags/subdags/subdag.py
[2026-07-22 20:23:24,930] {processor.py:656} WARNING - No viable dags retrieved from /home/airflow/.local/lib/python3.6/site-packages/airflow/example_dags/subdags/subdag.py
[2026-07-22 20:23:24,948] {processor.py:171} INFO - Processing /home/airflow/.local/lib/python3.6/site-packages/airflow/example_dags/subdags/subdag.py took 0.181 seconds
[2026-07-22 20:23:58,404] {processor.py:163} INFO - Started process (PID=11998) to work on /home/airflow/.local/lib/python3.6/site-packages/airflow/example_dags/subdags/subdag.py
[2026-07-22 20:23:58,407] {processor.py:642} INFO - Processing file /home/airflow/.local/lib/python3.6/site-packages/airflow/example_dags/subdags/subdag.py for tasks to queue
[2026-07-22 20:23:58,411] {logging_mixin.py:109} INFO - [2026-07-22 20:23:58,410] {dagbag.py:500} INFO - Filling up the DagBag from /home/airflow/.local/lib/python3.6/site-packages/airflow/example_dags/subdags/subdag.py
[2026-07-22 20:23:58,452] {processor.py:656} WARNING - No viable dags retrieved from /home/airflow/.local/lib/python3.6/site-packages/airflow/example_dags/subdags/subdag.py
[2026-07-22 20:23:58,463] {processor.py:171} INFO - Processing /home/airflow/.local/lib/python3.6/site-packages/airflow/example_dags/subdags/subdag.py took 0.066 seconds
[2026-07-22 20:24:31,338] {processor.py:163} INFO - Started process (PID=12082) to work on /home/airflow/.local/lib/python3.6/site-packages/airflow/example_dags/subdags/subdag.py
[2026-07-22 20:24:31,345] {processor.py:642} INFO - Processing file /home/airflow/.local/lib/python3.6/site-packages/airflow/example_dags/subdags/subdag.py for tasks to queue
[2026-07-22 20:24:31,348] {logging_mixin.py:109} INFO - [2026-07-22 20:24:31,348] {dagbag.py:500} INFO - Filling up the DagBag from /home/airflow/.local/lib/python3.6/site-packages/airflow/example_dags/subdags/subdag.py
[2026-07-22 20:24:31,406] {processor.py:656} WARNING - No viable dags retrieved from /home/airflow/.local/lib/python3.6/site-packages/airflow/example_dags/subdags/subdag.py
[2026-07-22 20:24:31,429] {processor.py:171} INFO - Processing /home/airflow/.local/lib/python3.6/site-packages/airflow/example_dags/subdags/subdag.py took 0.104 seconds
[2026-07-22 20:25:02,192] {processor.py:163} INFO - Started process (PID=12166) to work on /home/airflow/.local/lib/python3.6/site-packages/airflow/example_dags/subdags/subdag.py
[2026-07-22 20:25:02,196] {processor.py:642} INFO - Processing file /home/airflow/.local/lib/python3.6/site-packages/airflow/example_dags/subdags/subdag.py for tasks to queue
[2026-07-22 20:25:02,199] {logging_mixin.py:109} INFO - [2026-07-22 20:25:02,198] {dagbag.py:500} INFO - Filling up the DagBag from /home/airflow/.local/lib/python3.6/site-packages/airflow/example_dags/subdags/subdag.py
[2026-07-22 20:25:02,247] {processor.py:656} WARNING - No viable dags retrieved from /home/airflow/.local/lib/python3.6/site-packages/airflow/example_dags/subdags/subdag.py
[2026-07-22 20:25:02,256] {processor.py:171} INFO - Processing /home/airflow/.local/lib/python3.6/site-packages/airflow/example_dags/subdags/subdag.py took 0.075 seconds
[2026-07-22 20:25:33,527] {processor.py:163} INFO - Started process (PID=12251) to work on /home/airflow/.local/lib/python3.6/site-packages/airflow/example_dags/subdags/subdag.py
[2026-07-22 20:25:33,530] {processor.py:642} INFO - Processing file /home/airflow/.local/lib/python3.6/site-packages/airflow/example_dags/subdags/subdag.py for tasks to queue
[2026-07-22 20:25:33,532] {logging_mixin.py:109} INFO - [2026-07-22 20:25:33,532] {dagbag.py:500} INFO - Filling up the DagBag from /home/airflow/.local/lib/python3.6/site-packages/airflow/example_dags/subdags/subdag.py
[2026-07-22 20:25:33,565] {processor.py:656} WARNING - No viable dags retrieved from /home/airflow/.local/lib/python3.6/site-packages/airflow/example_dags/subdags/subdag.py
[2026-07-22 20:25:33,572] {processor.py:171} INFO - Processing /home/airflow/.local/lib/python3.6/site-packages/airflow/example_dags/subdags/subdag.py took 0.049 seconds
[2026-07-22 20:26:04,084] {processor.py:163} INFO - Started process (PID=12336) to work on /home/airflow/.local/lib/python3.6/site-packages/airflow/example_dags/subdags/subdag.py
[2026-07-22 20:26:04,087] {processor.py:642} INFO - Processing file /home/airflow/.local/lib/python3.6/site-packages/airflow/example_dags/subdags/subdag.py for tasks to queue
[2026-07-22 20:26:04,089] {logging_mixin.py:109} INFO - [2026-07-22 20:26:04,089] {dagbag.py:500} INFO - Filling up the DagBag from /home/airflow/.local/lib/python3.6/site-packages/airflow/example_dags/subdags/subdag.py
[2026-07-22 20:26:04,132] {processor.py:656} WARNING - No viable dags retrieved from /home/airflow/.local/lib/python3.6/site-packages/airflow/example_dags/subdags/subdag.py
[2026-07-22 20:26:04,140] {processor.py:171} INFO - Processing /home/airflow/.local/lib/python3.6/site-packages/airflow/example_dags/subdags/subdag.py took 0.063 seconds
[2026-07-22 20:26:34,390] {processor.py:163} INFO - Started process (PID=12420) to work on /home/airflow/.local/lib/python3.6/site-packages/airflow/example_dags/subdags/subdag.py
[2026-07-22 20:26:34,392] {processor.py:642} INFO - Processing file /home/airflow/.local/lib/python3.6/site-packages/airflow/example_dags/subdags/subdag.py for tasks to queue
[2026-07-22 20:26:34,395] {logging_mixin.py:109} INFO - [2026-07-22 20:26:34,395] {dagbag.py:500} INFO - Filling up the DagBag from /home/airflow/.local/lib/python3.6/site-packages/airflow/example_dags/subdags/subdag.py
[2026-07-22 20:26:34,434] {processor.py:656} WARNING - No viable dags retrieved from /home/airflow/.local/lib/python3.6/site-packages/airflow/example_dags/subdags/subdag.py
[2026-07-22 20:26:34,442] {processor.py:171} INFO - Processing /home/airflow/.local/lib/python3.6/site-packages/airflow/example_dags/subdags/subdag.py took 0.060 seconds
[2026-07-22 20:27:05,466] {processor.py:163} INFO - Started process (PID=12502) to work on /home/airflow/.local/lib/python3.6/site-packages/airflow/example_dags/subdags/subdag.py
[2026-07-22 20:27:05,478] {processor.py:642} INFO - Processing file /home/airflow/.local/lib/python3.6/site-packages/airflow/example_dags/subdags/subdag.py for tasks to queue
[2026-07-22 20:27:05,487] {logging_mixin.py:109} INFO - [2026-07-22 20:27:05,486] {dagbag.py:500} INFO - Filling up the DagBag from /home/airflow/.local/lib/python3.6/site-packages/airflow/example_dags/subdags/subdag.py
[2026-07-22 20:27:05,632] {processor.py:656} WARNING - No viable dags retrieved from /home/airflow/.local/lib/python3.6/site-packages/airflow/example_dags/subdags/subdag.py
[2026-07-22 20:27:05,666] {processor.py:171} INFO - Processing /home/airflow/.local/lib/python3.6/site-packages/airflow/example_dags/subdags/subdag.py took 0.293 seconds
[2026-07-22 20:27:36,200] {processor.py:163} INFO - Started process (PID=12586) to work on /home/airflow/.local/lib/python3.6/site-packages/airflow/example_dags/subdags/subdag.py
[2026-07-22 20:27:36,204] {processor.py:642} INFO - Processing file /home/airflow/.local/lib/python3.6/site-packages/airflow/example_dags/subdags/subdag.py for tasks to queue
[2026-07-22 20:27:36,206] {logging_mixin.py:109} INFO - [2026-07-22 20:27:36,206] {dagbag.py:500} INFO - Filling up the DagBag from /home/airflow/.local/lib/python3.6/site-packages/airflow/example_dags/subdags/subdag.py
[2026-07-22 20:27:36,245] {processor.py:656} WARNING - No viable dags retrieved from /home/airflow/.local/lib/python3.6/site-packages/airflow/example_dags/subdags/subdag.py
[2026-07-22 20:27:36,252] {processor.py:171} INFO - Processing /home/airflow/.local/lib/python3.6/site-packages/airflow/example_dags/subdags/subdag.py took 0.057 seconds
[2026-07-22 20:28:06,797] {processor.py:163} INFO - Started process (PID=12671) to work on /home/airflow/.local/lib/python3.6/site-packages/airflow/example_dags/subdags/subdag.py
[2026-07-22 20:28:06,800] {processor.py:642} INFO - Processing file /home/airflow/.local/lib/python3.6/site-packages/airflow/example_dags/subdags/subdag.py for tasks to queue
[2026-07-22 20:28:06,803] {logging_mixin.py:109} INFO - [2026-07-22 20:28:06,802] {dagbag.py:500} INFO - Filling up the DagBag from /home/airflow/.local/lib/python3.6/site-packages/airflow/example_dags/subdags/subdag.py
[2026-07-22 20:28:06,840] {processor.py:656} WARNING - No viable dags retrieved from /home/airflow/.local/lib/python3.6/site-packages/airflow/example_dags/subdags/subdag.py
[2026-07-22 20:28:06,846] {processor.py:171} INFO - Processing /home/airflow/.local/lib/python3.6/site-packages/airflow/example_dags/subdags/subdag.py took 0.054 seconds
[2026-07-22 20:28:37,268] {processor.py:163} INFO - Started process (PID=12755) to work on /home/airflow/.local/lib/python3.6/site-packages/airflow/example_dags/subdags/subdag.py
[2026-07-22 20:28:37,271] {processor.py:642} INFO - Processing file /home/airflow/.local/lib/python3.6/site-packages/airflow/example_dags/subdags/subdag.py for tasks to queue
[2026-07-22 20:28:37,273] {logging_mixin.py:109} INFO - [2026-07-22 20:28:37,273] {dagbag.py:500} INFO - Filling up the DagBag from /home/airflow/.local/lib/python3.6/site-packages/airflow/example_dags/subdags/subdag.py
[2026-07-22 20:28:37,308] {processor.py:656} WARNING - No viable dags retrieved from /home/airflow/.local/lib/python3.6/site-packages/airflow/example_dags/subdags/subdag.py
[2026-07-22 20:28:37,316] {processor.py:171} INFO - Processing /home/airflow/.local/lib/python3.6/site-packages/airflow/example_dags/subdags/subdag.py took 0.053 seconds
[2026-07-22 20:29:08,711] {processor.py:163} INFO - Started process (PID=12840) to work on /home/airflow/.local/lib/python3.6/site-packages/airflow/example_dags/subdags/subdag.py
[2026-07-22 20:29:08,721] {processor.py:642} INFO - Processing file /home/airflow/.local/lib/python3.6/site-packages/airflow/example_dags/subdags/subdag.py for tasks to queue
[2026-07-22 20:29:08,724] {logging_mixin.py:109} INFO - [2026-07-22 20:29:08,724] {dagbag.py:500} INFO - Filling up the DagBag from /home/airflow/.local/lib/python3.6/site-packages/airflow/example_dags/subdags/subdag.py
[2026-07-22 20:29:08,862] {processor.py:656} WARNING - No viable dags retrieved from /home/airflow/.local/lib/python3.6/site-packages/airflow/example_dags/subdags/subdag.py
[2026-07-22 20:29:08,884] {processor.py:171} INFO - Processing /home/airflow/.local/lib/python3.6/site-packages/airflow/example_dags/subdags/subdag.py took 0.199 seconds
[2026-07-22 20:29:39,268] {processor.py:163} INFO - Started process (PID=12923) to work on /home/airflow/.local/lib/python3.6/site-packages/airflow/example_dags/subdags/subdag.py
[2026-07-22 20:29:39,274] {processor.py:642} INFO - Processing file /home/airflow/.local/lib/python3.6/site-packages/airflow/example_dags/subdags/subdag.py for tasks to queue
[2026-07-22 20:29:39,280] {logging_mixin.py:109} INFO - [2026-07-22 20:29:39,279] {dagbag.py:500} INFO - Filling up the DagBag from /home/airflow/.local/lib/python3.6/site-packages/airflow/example_dags/subdags/subdag.py
[2026-07-22 20:29:39,338] {processor.py:656} WARNING - No viable dags retrieved from /home/airflow/.local/lib/python3.6/site-packages/airflow/example_dags/subdags/subdag.py
[2026-07-22 20:29:39,355] {processor.py:171} INFO - Processing /home/airflow/.local/lib/python3.6/site-packages/airflow/example_dags/subdags/subdag.py took 0.107 seconds
[2026-07-22 20:30:09,869] {processor.py:163} INFO - Started process (PID=13006) to work on /home/airflow/.local/lib/python3.6/site-packages/airflow/example_dags/subdags/subdag.py
[2026-07-22 20:30:09,874] {processor.py:642} INFO - Processing file /home/airflow/.local/lib/python3.6/site-packages/airflow/example_dags/subdags/subdag.py for tasks to queue
[2026-07-22 20:30:09,877] {logging_mixin.py:109} INFO - [2026-07-22 20:30:09,877] {dagbag.py:500} INFO - Filling up the DagBag from /home/airflow/.local/lib/python3.6/site-packages/airflow/example_dags/subdags/subdag.py
[2026-07-22 20:30:09,926] {processor.py:656} WARNING - No viable dags retrieved from /home/airflow/.local/lib/python3.6/site-packages/airflow/example_dags/subdags/subdag.py
[2026-07-22 20:30:09,935] {processor.py:171} INFO - Processing /home/airflow/.local/lib/python3.6/site-packages/airflow/example_dags/subdags/subdag.py took 0.077 seconds
[2026-07-22 20:30:40,510] {processor.py:163} INFO - Started process (PID=13090) to work on /home/airflow/.local/lib/python3.6/site-packages/airflow/example_dags/subdags/subdag.py
[2026-07-22 20:30:40,513] {processor.py:642} INFO - Processing file /home/airflow/.local/lib/python3.6/site-packages/airflow/example_dags/subdags/subdag.py for tasks to queue
[2026-07-22 20:30:40,515] {logging_mixin.py:109} INFO - [2026-07-22 20:30:40,515] {dagbag.py:500} INFO - Filling up the DagBag from /home/airflow/.local/lib/python3.6/site-packages/airflow/example_dags/subdags/subdag.py
[2026-07-22 20:30:40,552] {processor.py:656} WARNING - No viable dags retrieved from /home/airflow/.local/lib/python3.6/site-packages/airflow/example_dags/subdags/subdag.py
[2026-07-22 20:30:40,559] {processor.py:171} INFO - Processing /home/airflow/.local/lib/python3.6/site-packages/airflow/example_dags/subdags/subdag.py took 0.054 seconds
[2026-07-22 20:31:16,245] {processor.py:163} INFO - Started process (PID=13175) to work on /home/airflow/.local/lib/python3.6/site-packages/airflow/example_dags/subdags/subdag.py
[2026-07-22 20:31:16,254] {processor.py:642} INFO - Processing file /home/airflow/.local/lib/python3.6/site-packages/airflow/example_dags/subdags/subdag.py for tasks to queue
[2026-07-22 20:31:16,264] {logging_mixin.py:109} INFO - [2026-07-22 20:31:16,264] {dagbag.py:500} INFO - Filling up the DagBag from /home/airflow/.local/lib/python3.6/site-packages/airflow/example_dags/subdags/subdag.py
[2026-07-22 20:31:16,366] {processor.py:656} WARNING - No viable dags retrieved from /home/airflow/.local/lib/python3.6/site-packages/airflow/example_dags/subdags/subdag.py
[2026-07-22 20:31:16,381] {processor.py:171} INFO - Processing /home/airflow/.local/lib/python3.6/site-packages/airflow/example_dags/subdags/subdag.py took 0.155 seconds
[2026-07-22 20:31:47,222] {processor.py:163} INFO - Started process (PID=13260) to work on /home/airflow/.local/lib/python3.6/site-packages/airflow/example_dags/subdags/subdag.py
[2026-07-22 20:31:47,225] {processor.py:642} INFO - Processing file /home/airflow/.local/lib/python3.6/site-packages/airflow/example_dags/subdags/subdag.py for tasks to queue
[2026-07-22 20:31:47,227] {logging_mixin.py:109} INFO - [2026-07-22 20:31:47,227] {dagbag.py:500} INFO - Filling up the DagBag from /home/airflow/.local/lib/python3.6/site-packages/airflow/example_dags/subdags/subdag.py
[2026-07-22 20:31:47,261] {processor.py:656} WARNING - No viable dags retrieved from /home/airflow/.local/lib/python3.6/site-packages/airflow/example_dags/subdags/subdag.py
[2026-07-22 20:31:47,269] {processor.py:171} INFO - Processing /home/airflow/.local/lib/python3.6/site-packages/airflow/example_dags/subdags/subdag.py took 0.051 seconds
[2026-07-22 20:32:17,991] {processor.py:163} INFO - Started process (PID=13344) to work on /home/airflow/.local/lib/python3.6/site-packages/airflow/example_dags/subdags/subdag.py
[2026-07-22 20:32:17,995] {processor.py:642} INFO - Processing file /home/airflow/.local/lib/python3.6/site-packages/airflow/example_dags/subdags/subdag.py for tasks to queue
[2026-07-22 20:32:18,000] {logging_mixin.py:109} INFO - [2026-07-22 20:32:18,000] {dagbag.py:500} INFO - Filling up the DagBag from /home/airflow/.local/lib/python3.6/site-packages/airflow/example_dags/subdags/subdag.py
[2026-07-22 20:32:18,045] {processor.py:656} WARNING - No viable dags retrieved from /home/airflow/.local/lib/python3.6/site-packages/airflow/example_dags/subdags/subdag.py
[2026-07-22 20:32:18,055] {processor.py:171} INFO - Processing /home/airflow/.local/lib/python3.6/site-packages/airflow/example_dags/subdags/subdag.py took 0.072 seconds
[2026-07-22 20:32:49,385] {processor.py:163} INFO - Started process (PID=13437) to work on /home/airflow/.local/lib/python3.6/site-packages/airflow/example_dags/subdags/subdag.py
[2026-07-22 20:32:49,389] {processor.py:642} INFO - Processing file /home/airflow/.local/lib/python3.6/site-packages/airflow/example_dags/subdags/subdag.py for tasks to queue
[2026-07-22 20:32:49,392] {logging_mixin.py:109} INFO - [2026-07-22 20:32:49,392] {dagbag.py:500} INFO - Filling up the DagBag from /home/airflow/.local/lib/python3.6/site-packages/airflow/example_dags/subdags/subdag.py
[2026-07-22 20:32:49,438] {processor.py:656} WARNING - No viable dags retrieved from /home/airflow/.local/lib/python3.6/site-packages/airflow/example_dags/subdags/subdag.py
[2026-07-22 20:32:49,448] {processor.py:171} INFO - Processing /home/airflow/.local/lib/python3.6/site-packages/airflow/example_dags/subdags/subdag.py took 0.072 seconds
[2026-07-22 20:33:20,536] {processor.py:163} INFO - Started process (PID=13522) to work on /home/airflow/.local/lib/python3.6/site-packages/airflow/example_dags/subdags/subdag.py
[2026-07-22 20:33:20,541] {processor.py:642} INFO - Processing file /home/airflow/.local/lib/python3.6/site-packages/airflow/example_dags/subdags/subdag.py for tasks to queue
[2026-07-22 20:33:20,543] {logging_mixin.py:109} INFO - [2026-07-22 20:33:20,543] {dagbag.py:500} INFO - Filling up the DagBag from /home/airflow/.local/lib/python3.6/site-packages/airflow/example_dags/subdags/subdag.py
[2026-07-22 20:33:20,589] {processor.py:656} WARNING - No viable dags retrieved from /home/airflow/.local/lib/python3.6/site-packages/airflow/example_dags/subdags/subdag.py
[2026-07-22 20:33:20,597] {processor.py:171} INFO - Processing /home/airflow/.local/lib/python3.6/site-packages/airflow/example_dags/subdags/subdag.py took 0.070 seconds
[2026-07-22 20:33:52,159] {processor.py:163} INFO - Started process (PID=13606) to work on /home/airflow/.local/lib/python3.6/site-packages/airflow/example_dags/subdags/subdag.py
[2026-07-22 20:33:52,163] {processor.py:642} INFO - Processing file /home/airflow/.local/lib/python3.6/site-packages/airflow/example_dags/subdags/subdag.py for tasks to queue
[2026-07-22 20:33:52,165] {logging_mixin.py:109} INFO - [2026-07-22 20:33:52,165] {dagbag.py:500} INFO - Filling up the DagBag from /home/airflow/.local/lib/python3.6/site-packages/airflow/example_dags/subdags/subdag.py
[2026-07-22 20:33:52,214] {processor.py:656} WARNING - No viable dags retrieved from /home/airflow/.local/lib/python3.6/site-packages/airflow/example_dags/subdags/subdag.py
[2026-07-22 20:33:52,223] {processor.py:171} INFO - Processing /home/airflow/.local/lib/python3.6/site-packages/airflow/example_dags/subdags/subdag.py took 0.073 seconds
[2026-07-22 20:34:23,540] {processor.py:163} INFO - Started process (PID=13689) to work on /home/airflow/.local/lib/python3.6/site-packages/airflow/example_dags/subdags/subdag.py
[2026-07-22 20:34:23,542] {processor.py:642} INFO - Processing file /home/airflow/.local/lib/python3.6/site-packages/airflow/example_dags/subdags/subdag.py for tasks to queue
[2026-07-22 20:34:23,544] {logging_mixin.py:109} INFO - [2026-07-22 20:34:23,544] {dagbag.py:500} INFO - Filling up the DagBag from /home/airflow/.local/lib/python3.6/site-packages/airflow/example_dags/subdags/subdag.py
[2026-07-22 20:34:23,579] {processor.py:656} WARNING - No viable dags retrieved from /home/airflow/.local/lib/python3.6/site-packages/airflow/example_dags/subdags/subdag.py
[2026-07-22 20:34:23,587] {processor.py:171} INFO - Processing /home/airflow/.local/lib/python3.6/site-packages/airflow/example_dags/subdags/subdag.py took 0.052 seconds
[2026-07-22 20:34:59,039] {processor.py:163} INFO - Started process (PID=13773) to work on /home/airflow/.local/lib/python3.6/site-packages/airflow/example_dags/subdags/subdag.py
[2026-07-22 20:34:59,044] {processor.py:642} INFO - Processing file /home/airflow/.local/lib/python3.6/site-packages/airflow/example_dags/subdags/subdag.py for tasks to queue
[2026-07-22 20:34:59,054] {logging_mixin.py:109} INFO - [2026-07-22 20:34:59,053] {dagbag.py:500} INFO - Filling up the DagBag from /home/airflow/.local/lib/python3.6/site-packages/airflow/example_dags/subdags/subdag.py
[2026-07-22 20:34:59,128] {processor.py:656} WARNING - No viable dags retrieved from /home/airflow/.local/lib/python3.6/site-packages/airflow/example_dags/subdags/subdag.py
[2026-07-22 20:34:59,144] {processor.py:171} INFO - Processing /home/airflow/.local/lib/python3.6/site-packages/airflow/example_dags/subdags/subdag.py took 0.112 seconds
[2026-07-22 20:35:29,347] {processor.py:163} INFO - Started process (PID=13857) to work on /home/airflow/.local/lib/python3.6/site-packages/airflow/example_dags/subdags/subdag.py
[2026-07-22 20:35:29,358] {processor.py:642} INFO - Processing file /home/airflow/.local/lib/python3.6/site-packages/airflow/example_dags/subdags/subdag.py for tasks to queue
[2026-07-22 20:35:29,361] {logging_mixin.py:109} INFO - [2026-07-22 20:35:29,361] {dagbag.py:500} INFO - Filling up the DagBag from /home/airflow/.local/lib/python3.6/site-packages/airflow/example_dags/subdags/subdag.py
[2026-07-22 20:35:29,403] {processor.py:656} WARNING - No viable dags retrieved from /home/airflow/.local/lib/python3.6/site-packages/airflow/example_dags/subdags/subdag.py
[2026-07-22 20:35:29,412] {processor.py:171} INFO - Processing /home/airflow/.local/lib/python3.6/site-packages/airflow/example_dags/subdags/subdag.py took 0.073 seconds
[2026-07-22 20:36:00,505] {processor.py:163} INFO - Started process (PID=13941) to work on /home/airflow/.local/lib/python3.6/site-packages/airflow/example_dags/subdags/subdag.py
[2026-07-22 20:36:00,509] {processor.py:642} INFO - Processing file /home/airflow/.local/lib/python3.6/site-packages/airflow/example_dags/subdags/subdag.py for tasks to queue
[2026-07-22 20:36:00,512] {logging_mixin.py:109} INFO - [2026-07-22 20:36:00,511] {dagbag.py:500} INFO - Filling up the DagBag from /home/airflow/.local/lib/python3.6/site-packages/airflow/example_dags/subdags/subdag.py
[2026-07-22 20:36:00,555] {processor.py:656} WARNING - No viable dags retrieved from /home/airflow/.local/lib/python3.6/site-packages/airflow/example_dags/subdags/subdag.py
[2026-07-22 20:36:00,563] {processor.py:171} INFO - Processing /home/airflow/.local/lib/python3.6/site-packages/airflow/example_dags/subdags/subdag.py took 0.065 seconds
[2026-07-22 20:36:31,209] {processor.py:163} INFO - Started process (PID=14037) to work on /home/airflow/.local/lib/python3.6/site-packages/airflow/example_dags/subdags/subdag.py
[2026-07-22 20:36:31,214] {processor.py:642} INFO - Processing file /home/airflow/.local/lib/python3.6/site-packages/airflow/example_dags/subdags/subdag.py for tasks to queue
[2026-07-22 20:36:31,220] {logging_mixin.py:109} INFO - [2026-07-22 20:36:31,220] {dagbag.py:500} INFO - Filling up the DagBag from /home/airflow/.local/lib/python3.6/site-packages/airflow/example_dags/subdags/subdag.py
[2026-07-22 20:36:31,265] {processor.py:656} WARNING - No viable dags retrieved from /home/airflow/.local/lib/python3.6/site-packages/airflow/example_dags/subdags/subdag.py
[2026-07-22 20:36:31,274] {processor.py:171} INFO - Processing /home/airflow/.local/lib/python3.6/site-packages/airflow/example_dags/subdags/subdag.py took 0.071 seconds
[2026-07-22 20:37:02,149] {processor.py:163} INFO - Started process (PID=14121) to work on /home/airflow/.local/lib/python3.6/site-packages/airflow/example_dags/subdags/subdag.py
[2026-07-22 20:37:02,155] {processor.py:642} INFO - Processing file /home/airflow/.local/lib/python3.6/site-packages/airflow/example_dags/subdags/subdag.py for tasks to queue
[2026-07-22 20:37:02,161] {logging_mixin.py:109} INFO - [2026-07-22 20:37:02,161] {dagbag.py:500} INFO - Filling up the DagBag from /home/airflow/.local/lib/python3.6/site-packages/airflow/example_dags/subdags/subdag.py
[2026-07-22 20:37:02,213] {processor.py:656} WARNING - No viable dags retrieved from /home/airflow/.local/lib/python3.6/site-packages/airflow/example_dags/subdags/subdag.py
[2026-07-22 20:37:02,223] {processor.py:171} INFO - Processing /home/airflow/.local/lib/python3.6/site-packages/airflow/example_dags/subdags/subdag.py took 0.092 seconds
[2026-07-22 20:37:32,717] {processor.py:163} INFO - Started process (PID=14204) to work on /home/airflow/.local/lib/python3.6/site-packages/airflow/example_dags/subdags/subdag.py
[2026-07-22 20:37:32,720] {processor.py:642} INFO - Processing file /home/airflow/.local/lib/python3.6/site-packages/airflow/example_dags/subdags/subdag.py for tasks to queue
[2026-07-22 20:37:32,723] {logging_mixin.py:109} INFO - [2026-07-22 20:37:32,723] {dagbag.py:500} INFO - Filling up the DagBag from /home/airflow/.local/lib/python3.6/site-packages/airflow/example_dags/subdags/subdag.py
[2026-07-22 20:37:32,762] {processor.py:656} WARNING - No viable dags retrieved from /home/airflow/.local/lib/python3.6/site-packages/airflow/example_dags/subdags/subdag.py
[2026-07-22 20:37:32,771] {processor.py:171} INFO - Processing /home/airflow/.local/lib/python3.6/site-packages/airflow/example_dags/subdags/subdag.py took 0.060 seconds
[2026-07-22 20:38:05,754] {processor.py:163} INFO - Started process (PID=14290) to work on /home/airflow/.local/lib/python3.6/site-packages/airflow/example_dags/subdags/subdag.py
[2026-07-22 20:38:05,757] {processor.py:642} INFO - Processing file /home/airflow/.local/lib/python3.6/site-packages/airflow/example_dags/subdags/subdag.py for tasks to queue
[2026-07-22 20:38:05,760] {logging_mixin.py:109} INFO - [2026-07-22 20:38:05,760] {dagbag.py:500} INFO - Filling up the DagBag from /home/airflow/.local/lib/python3.6/site-packages/airflow/example_dags/subdags/subdag.py
[2026-07-22 20:38:05,801] {processor.py:656} WARNING - No viable dags retrieved from /home/airflow/.local/lib/python3.6/site-packages/airflow/example_dags/subdags/subdag.py
[2026-07-22 20:38:05,810] {processor.py:171} INFO - Processing /home/airflow/.local/lib/python3.6/site-packages/airflow/example_dags/subdags/subdag.py took 0.060 seconds
[2026-07-22 20:38:36,585] {processor.py:163} INFO - Started process (PID=14374) to work on /home/airflow/.local/lib/python3.6/site-packages/airflow/example_dags/subdags/subdag.py
[2026-07-22 20:38:36,588] {processor.py:642} INFO - Processing file /home/airflow/.local/lib/python3.6/site-packages/airflow/example_dags/subdags/subdag.py for tasks to queue
[2026-07-22 20:38:36,591] {logging_mixin.py:109} INFO - [2026-07-22 20:38:36,591] {dagbag.py:500} INFO - Filling up the DagBag from /home/airflow/.local/lib/python3.6/site-packages/airflow/example_dags/subdags/subdag.py
[2026-07-22 20:38:36,632] {processor.py:656} WARNING - No viable dags retrieved from /home/airflow/.local/lib/python3.6/site-packages/airflow/example_dags/subdags/subdag.py
[2026-07-22 20:38:36,643] {processor.py:171} INFO - Processing /home/airflow/.local/lib/python3.6/site-packages/airflow/example_dags/subdags/subdag.py took 0.062 seconds
[2026-07-22 20:39:08,412] {processor.py:163} INFO - Started process (PID=14460) to work on /home/airflow/.local/lib/python3.6/site-packages/airflow/example_dags/subdags/subdag.py
[2026-07-22 20:39:08,416] {processor.py:642} INFO - Processing file /home/airflow/.local/lib/python3.6/site-packages/airflow/example_dags/subdags/subdag.py for tasks to queue
[2026-07-22 20:39:08,419] {logging_mixin.py:109} INFO - [2026-07-22 20:39:08,418] {dagbag.py:500} INFO - Filling up the DagBag from /home/airflow/.local/lib/python3.6/site-packages/airflow/example_dags/subdags/subdag.py
[2026-07-22 20:39:08,470] {processor.py:656} WARNING - No viable dags retrieved from /home/airflow/.local/lib/python3.6/site-packages/airflow/example_dags/subdags/subdag.py
[2026-07-22 20:39:08,479] {processor.py:171} INFO - Processing /home/airflow/.local/lib/python3.6/site-packages/airflow/example_dags/subdags/subdag.py took 0.075 seconds
[2026-07-22 20:39:41,610] {processor.py:163} INFO - Started process (PID=14545) to work on /home/airflow/.local/lib/python3.6/site-packages/airflow/example_dags/subdags/subdag.py
[2026-07-22 20:39:41,613] {processor.py:642} INFO - Processing file /home/airflow/.local/lib/python3.6/site-packages/airflow/example_dags/subdags/subdag.py for tasks to queue
[2026-07-22 20:39:41,620] {logging_mixin.py:109} INFO - [2026-07-22 20:39:41,620] {dagbag.py:500} INFO - Filling up the DagBag from /home/airflow/.local/lib/python3.6/site-packages/airflow/example_dags/subdags/subdag.py
[2026-07-22 20:39:41,695] {processor.py:656} WARNING - No viable dags retrieved from /home/airflow/.local/lib/python3.6/site-packages/airflow/example_dags/subdags/subdag.py
[2026-07-22 20:39:41,705] {processor.py:171} INFO - Processing /home/airflow/.local/lib/python3.6/site-packages/airflow/example_dags/subdags/subdag.py took 0.101 seconds
[2026-07-22 20:40:13,824] {processor.py:163} INFO - Started process (PID=14630) to work on /home/airflow/.local/lib/python3.6/site-packages/airflow/example_dags/subdags/subdag.py
[2026-07-22 20:40:13,829] {processor.py:642} INFO - Processing file /home/airflow/.local/lib/python3.6/site-packages/airflow/example_dags/subdags/subdag.py for tasks to queue
[2026-07-22 20:40:13,833] {logging_mixin.py:109} INFO - [2026-07-22 20:40:13,832] {dagbag.py:500} INFO - Filling up the DagBag from /home/airflow/.local/lib/python3.6/site-packages/airflow/example_dags/subdags/subdag.py
[2026-07-22 20:40:13,920] {processor.py:656} WARNING - No viable dags retrieved from /home/airflow/.local/lib/python3.6/site-packages/airflow/example_dags/subdags/subdag.py
[2026-07-22 20:40:13,976] {processor.py:171} INFO - Processing /home/airflow/.local/lib/python3.6/site-packages/airflow/example_dags/subdags/subdag.py took 0.168 seconds
[2026-07-22 20:40:45,427] {processor.py:163} INFO - Started process (PID=14713) to work on /home/airflow/.local/lib/python3.6/site-packages/airflow/example_dags/subdags/subdag.py
[2026-07-22 20:40:45,448] {processor.py:642} INFO - Processing file /home/airflow/.local/lib/python3.6/site-packages/airflow/example_dags/subdags/subdag.py for tasks to queue
[2026-07-22 20:40:45,469] {logging_mixin.py:109} INFO - [2026-07-22 20:40:45,468] {dagbag.py:500} INFO - Filling up the DagBag from /home/airflow/.local/lib/python3.6/site-packages/airflow/example_dags/subdags/subdag.py
[2026-07-22 20:40:45,590] {processor.py:656} WARNING - No viable dags retrieved from /home/airflow/.local/lib/python3.6/site-packages/airflow/example_dags/subdags/subdag.py
[2026-07-22 20:40:45,686] {processor.py:171} INFO - Processing /home/airflow/.local/lib/python3.6/site-packages/airflow/example_dags/subdags/subdag.py took 0.268 seconds
[2026-07-22 20:41:17,752] {processor.py:163} INFO - Started process (PID=14797) to work on /home/airflow/.local/lib/python3.6/site-packages/airflow/example_dags/subdags/subdag.py
[2026-07-22 20:41:17,756] {processor.py:642} INFO - Processing file /home/airflow/.local/lib/python3.6/site-packages/airflow/example_dags/subdags/subdag.py for tasks to queue
[2026-07-22 20:41:17,759] {logging_mixin.py:109} INFO - [2026-07-22 20:41:17,759] {dagbag.py:500} INFO - Filling up the DagBag from /home/airflow/.local/lib/python3.6/site-packages/airflow/example_dags/subdags/subdag.py
[2026-07-22 20:41:17,804] {processor.py:656} WARNING - No viable dags retrieved from /home/airflow/.local/lib/python3.6/site-packages/airflow/example_dags/subdags/subdag.py
[2026-07-22 20:41:17,812] {processor.py:171} INFO - Processing /home/airflow/.local/lib/python3.6/site-packages/airflow/example_dags/subdags/subdag.py took 0.067 seconds
[2026-07-22 20:41:48,131] {processor.py:163} INFO - Started process (PID=14889) to work on /home/airflow/.local/lib/python3.6/site-packages/airflow/example_dags/subdags/subdag.py
[2026-07-22 20:41:48,134] {processor.py:642} INFO - Processing file /home/airflow/.local/lib/python3.6/site-packages/airflow/example_dags/subdags/subdag.py for tasks to queue
[2026-07-22 20:41:48,137] {logging_mixin.py:109} INFO - [2026-07-22 20:41:48,137] {dagbag.py:500} INFO - Filling up the DagBag from /home/airflow/.local/lib/python3.6/site-packages/airflow/example_dags/subdags/subdag.py
[2026-07-22 20:41:48,172] {processor.py:656} WARNING - No viable dags retrieved from /home/airflow/.local/lib/python3.6/site-packages/airflow/example_dags/subdags/subdag.py
[2026-07-22 20:41:48,180] {processor.py:171} INFO - Processing /home/airflow/.local/lib/python3.6/site-packages/airflow/example_dags/subdags/subdag.py took 0.055 seconds
[2026-07-22 20:42:20,007] {processor.py:163} INFO - Started process (PID=14977) to work on /home/airflow/.local/lib/python3.6/site-packages/airflow/example_dags/subdags/subdag.py
[2026-07-22 20:42:20,011] {processor.py:642} INFO - Processing file /home/airflow/.local/lib/python3.6/site-packages/airflow/example_dags/subdags/subdag.py for tasks to queue
[2026-07-22 20:42:20,016] {logging_mixin.py:109} INFO - [2026-07-22 20:42:20,016] {dagbag.py:500} INFO - Filling up the DagBag from /home/airflow/.local/lib/python3.6/site-packages/airflow/example_dags/subdags/subdag.py
[2026-07-22 20:42:20,060] {processor.py:656} WARNING - No viable dags retrieved from /home/airflow/.local/lib/python3.6/site-packages/airflow/example_dags/subdags/subdag.py
[2026-07-22 20:42:20,069] {processor.py:171} INFO - Processing /home/airflow/.local/lib/python3.6/site-packages/airflow/example_dags/subdags/subdag.py took 0.070 seconds
[2026-07-22 20:42:51,548] {processor.py:163} INFO - Started process (PID=15062) to work on /home/airflow/.local/lib/python3.6/site-packages/airflow/example_dags/subdags/subdag.py
[2026-07-22 20:42:51,554] {processor.py:642} INFO - Processing file /home/airflow/.local/lib/python3.6/site-packages/airflow/example_dags/subdags/subdag.py for tasks to queue
[2026-07-22 20:42:51,557] {logging_mixin.py:109} INFO - [2026-07-22 20:42:51,556] {dagbag.py:500} INFO - Filling up the DagBag from /home/airflow/.local/lib/python3.6/site-packages/airflow/example_dags/subdags/subdag.py
[2026-07-22 20:42:51,607] {processor.py:656} WARNING - No viable dags retrieved from /home/airflow/.local/lib/python3.6/site-packages/airflow/example_dags/subdags/subdag.py
[2026-07-22 20:42:51,616] {processor.py:171} INFO - Processing /home/airflow/.local/lib/python3.6/site-packages/airflow/example_dags/subdags/subdag.py took 0.074 seconds
[2026-07-22 20:43:23,045] {processor.py:163} INFO - Started process (PID=15146) to work on /home/airflow/.local/lib/python3.6/site-packages/airflow/example_dags/subdags/subdag.py
[2026-07-22 20:43:23,055] {processor.py:642} INFO - Processing file /home/airflow/.local/lib/python3.6/site-packages/airflow/example_dags/subdags/subdag.py for tasks to queue
[2026-07-22 20:43:23,060] {logging_mixin.py:109} INFO - [2026-07-22 20:43:23,059] {dagbag.py:500} INFO - Filling up the DagBag from /home/airflow/.local/lib/python3.6/site-packages/airflow/example_dags/subdags/subdag.py
[2026-07-22 20:43:23,106] {processor.py:656} WARNING - No viable dags retrieved from /home/airflow/.local/lib/python3.6/site-packages/airflow/example_dags/subdags/subdag.py
[2026-07-22 20:43:23,114] {processor.py:171} INFO - Processing /home/airflow/.local/lib/python3.6/site-packages/airflow/example_dags/subdags/subdag.py took 0.084 seconds
[2026-07-22 20:43:54,618] {processor.py:163} INFO - Started process (PID=15232) to work on /home/airflow/.local/lib/python3.6/site-packages/airflow/example_dags/subdags/subdag.py
[2026-07-22 20:43:54,621] {processor.py:642} INFO - Processing file /home/airflow/.local/lib/python3.6/site-packages/airflow/example_dags/subdags/subdag.py for tasks to queue
[2026-07-22 20:43:54,623] {logging_mixin.py:109} INFO - [2026-07-22 20:43:54,623] {dagbag.py:500} INFO - Filling up the DagBag from /home/airflow/.local/lib/python3.6/site-packages/airflow/example_dags/subdags/subdag.py
[2026-07-22 20:43:54,667] {processor.py:656} WARNING - No viable dags retrieved from /home/airflow/.local/lib/python3.6/site-packages/airflow/example_dags/subdags/subdag.py
[2026-07-22 20:43:54,674] {processor.py:171} INFO - Processing /home/airflow/.local/lib/python3.6/site-packages/airflow/example_dags/subdags/subdag.py took 0.062 seconds
[2026-07-22 20:44:26,515] {processor.py:163} INFO - Started process (PID=15318) to work on /home/airflow/.local/lib/python3.6/site-packages/airflow/example_dags/subdags/subdag.py
[2026-07-22 20:44:26,518] {processor.py:642} INFO - Processing file /home/airflow/.local/lib/python3.6/site-packages/airflow/example_dags/subdags/subdag.py for tasks to queue
[2026-07-22 20:44:26,521] {logging_mixin.py:109} INFO - [2026-07-22 20:44:26,521] {dagbag.py:500} INFO - Filling up the DagBag from /home/airflow/.local/lib/python3.6/site-packages/airflow/example_dags/subdags/subdag.py
[2026-07-22 20:44:26,554] {processor.py:656} WARNING - No viable dags retrieved from /home/airflow/.local/lib/python3.6/site-packages/airflow/example_dags/subdags/subdag.py
[2026-07-22 20:44:26,562] {processor.py:171} INFO - Processing /home/airflow/.local/lib/python3.6/site-packages/airflow/example_dags/subdags/subdag.py took 0.053 seconds
[2026-07-22 20:44:58,282] {processor.py:163} INFO - Started process (PID=15403) to work on /home/airflow/.local/lib/python3.6/site-packages/airflow/example_dags/subdags/subdag.py
[2026-07-22 20:44:58,285] {processor.py:642} INFO - Processing file /home/airflow/.local/lib/python3.6/site-packages/airflow/example_dags/subdags/subdag.py for tasks to queue
[2026-07-22 20:44:58,287] {logging_mixin.py:109} INFO - [2026-07-22 20:44:58,287] {dagbag.py:500} INFO - Filling up the DagBag from /home/airflow/.local/lib/python3.6/site-packages/airflow/example_dags/subdags/subdag.py
[2026-07-22 20:44:58,314] {processor.py:656} WARNING - No viable dags retrieved from /home/airflow/.local/lib/python3.6/site-packages/airflow/example_dags/subdags/subdag.py
[2026-07-22 20:44:58,320] {processor.py:171} INFO - Processing /home/airflow/.local/lib/python3.6/site-packages/airflow/example_dags/subdags/subdag.py took 0.042 seconds
[2026-07-22 20:45:34,933] {processor.py:163} INFO - Started process (PID=15497) to work on /home/airflow/.local/lib/python3.6/site-packages/airflow/example_dags/subdags/subdag.py
[2026-07-22 20:45:34,937] {processor.py:642} INFO - Processing file /home/airflow/.local/lib/python3.6/site-packages/airflow/example_dags/subdags/subdag.py for tasks to queue
[2026-07-22 20:45:34,941] {logging_mixin.py:109} INFO - [2026-07-22 20:45:34,940] {dagbag.py:500} INFO - Filling up the DagBag from /home/airflow/.local/lib/python3.6/site-packages/airflow/example_dags/subdags/subdag.py
[2026-07-22 20:45:34,993] {processor.py:656} WARNING - No viable dags retrieved from /home/airflow/.local/lib/python3.6/site-packages/airflow/example_dags/subdags/subdag.py
[2026-07-22 20:45:35,004] {processor.py:171} INFO - Processing /home/airflow/.local/lib/python3.6/site-packages/airflow/example_dags/subdags/subdag.py took 0.078 seconds
[2026-07-22 20:46:06,181] {processor.py:163} INFO - Started process (PID=15580) to work on /home/airflow/.local/lib/python3.6/site-packages/airflow/example_dags/subdags/subdag.py
[2026-07-22 20:46:06,184] {processor.py:642} INFO - Processing file /home/airflow/.local/lib/python3.6/site-packages/airflow/example_dags/subdags/subdag.py for tasks to queue
[2026-07-22 20:46:06,187] {logging_mixin.py:109} INFO - [2026-07-22 20:46:06,187] {dagbag.py:500} INFO - Filling up the DagBag from /home/airflow/.local/lib/python3.6/site-packages/airflow/example_dags/subdags/subdag.py
[2026-07-22 20:46:06,232] {processor.py:656} WARNING - No viable dags retrieved from /home/airflow/.local/lib/python3.6/site-packages/airflow/example_dags/subdags/subdag.py
[2026-07-22 20:46:06,240] {processor.py:171} INFO - Processing /home/airflow/.local/lib/python3.6/site-packages/airflow/example_dags/subdags/subdag.py took 0.063 seconds
[2026-07-22 20:46:37,275] {processor.py:163} INFO - Started process (PID=15666) to work on /home/airflow/.local/lib/python3.6/site-packages/airflow/example_dags/subdags/subdag.py
[2026-07-22 20:46:37,280] {processor.py:642} INFO - Processing file /home/airflow/.local/lib/python3.6/site-packages/airflow/example_dags/subdags/subdag.py for tasks to queue
[2026-07-22 20:46:37,284] {logging_mixin.py:109} INFO - [2026-07-22 20:46:37,283] {dagbag.py:500} INFO - Filling up the DagBag from /home/airflow/.local/lib/python3.6/site-packages/airflow/example_dags/subdags/subdag.py
[2026-07-22 20:46:37,345] {processor.py:656} WARNING - No viable dags retrieved from /home/airflow/.local/lib/python3.6/site-packages/airflow/example_dags/subdags/subdag.py
[2026-07-22 20:46:37,355] {processor.py:171} INFO - Processing /home/airflow/.local/lib/python3.6/site-packages/airflow/example_dags/subdags/subdag.py took 0.089 seconds
[2026-07-22 20:47:08,184] {processor.py:163} INFO - Started process (PID=15751) to work on /home/airflow/.local/lib/python3.6/site-packages/airflow/example_dags/subdags/subdag.py
[2026-07-22 20:47:08,188] {processor.py:642} INFO - Processing file /home/airflow/.local/lib/python3.6/site-packages/airflow/example_dags/subdags/subdag.py for tasks to queue
[2026-07-22 20:47:08,194] {logging_mixin.py:109} INFO - [2026-07-22 20:47:08,194] {dagbag.py:500} INFO - Filling up the DagBag from /home/airflow/.local/lib/python3.6/site-packages/airflow/example_dags/subdags/subdag.py
[2026-07-22 20:47:08,237] {processor.py:656} WARNING - No viable dags retrieved from /home/airflow/.local/lib/python3.6/site-packages/airflow/example_dags/subdags/subdag.py
[2026-07-22 20:47:08,244] {processor.py:171} INFO - Processing /home/airflow/.local/lib/python3.6/site-packages/airflow/example_dags/subdags/subdag.py took 0.069 seconds
[2026-07-22 20:47:38,466] {processor.py:163} INFO - Started process (PID=15836) to work on /home/airflow/.local/lib/python3.6/site-packages/airflow/example_dags/subdags/subdag.py
[2026-07-22 20:47:38,469] {processor.py:642} INFO - Processing file /home/airflow/.local/lib/python3.6/site-packages/airflow/example_dags/subdags/subdag.py for tasks to queue
[2026-07-22 20:47:38,471] {logging_mixin.py:109} INFO - [2026-07-22 20:47:38,471] {dagbag.py:500} INFO - Filling up the DagBag from /home/airflow/.local/lib/python3.6/site-packages/airflow/example_dags/subdags/subdag.py
[2026-07-22 20:47:38,518] {processor.py:656} WARNING - No viable dags retrieved from /home/airflow/.local/lib/python3.6/site-packages/airflow/example_dags/subdags/subdag.py
[2026-07-22 20:47:38,532] {processor.py:171} INFO - Processing /home/airflow/.local/lib/python3.6/site-packages/airflow/example_dags/subdags/subdag.py took 0.072 seconds
[2026-07-22 20:48:11,238] {processor.py:163} INFO - Started process (PID=15921) to work on /home/airflow/.local/lib/python3.6/site-packages/airflow/example_dags/subdags/subdag.py
[2026-07-22 20:48:11,241] {processor.py:642} INFO - Processing file /home/airflow/.local/lib/python3.6/site-packages/airflow/example_dags/subdags/subdag.py for tasks to queue
[2026-07-22 20:48:11,247] {logging_mixin.py:109} INFO - [2026-07-22 20:48:11,244] {dagbag.py:500} INFO - Filling up the DagBag from /home/airflow/.local/lib/python3.6/site-packages/airflow/example_dags/subdags/subdag.py
[2026-07-22 20:48:11,301] {processor.py:656} WARNING - No viable dags retrieved from /home/airflow/.local/lib/python3.6/site-packages/airflow/example_dags/subdags/subdag.py
[2026-07-22 20:48:11,312] {processor.py:171} INFO - Processing /home/airflow/.local/lib/python3.6/site-packages/airflow/example_dags/subdags/subdag.py took 0.086 seconds
[2026-07-22 20:48:42,597] {processor.py:163} INFO - Started process (PID=16005) to work on /home/airflow/.local/lib/python3.6/site-packages/airflow/example_dags/subdags/subdag.py
[2026-07-22 20:48:42,600] {processor.py:642} INFO - Processing file /home/airflow/.local/lib/python3.6/site-packages/airflow/example_dags/subdags/subdag.py for tasks to queue
[2026-07-22 20:48:42,609] {logging_mixin.py:109} INFO - [2026-07-22 20:48:42,609] {dagbag.py:500} INFO - Filling up the DagBag from /home/airflow/.local/lib/python3.6/site-packages/airflow/example_dags/subdags/subdag.py
[2026-07-22 20:48:42,651] {processor.py:656} WARNING - No viable dags retrieved from /home/airflow/.local/lib/python3.6/site-packages/airflow/example_dags/subdags/subdag.py
[2026-07-22 20:48:42,657] {processor.py:171} INFO - Processing /home/airflow/.local/lib/python3.6/site-packages/airflow/example_dags/subdags/subdag.py took 0.067 seconds
[2026-07-22 20:49:13,747] {processor.py:163} INFO - Started process (PID=16090) to work on /home/airflow/.local/lib/python3.6/site-packages/airflow/example_dags/subdags/subdag.py
[2026-07-22 20:49:13,750] {processor.py:642} INFO - Processing file /home/airflow/.local/lib/python3.6/site-packages/airflow/example_dags/subdags/subdag.py for tasks to queue
[2026-07-22 20:49:13,754] {logging_mixin.py:109} INFO - [2026-07-22 20:49:13,753] {dagbag.py:500} INFO - Filling up the DagBag from /home/airflow/.local/lib/python3.6/site-packages/airflow/example_dags/subdags/subdag.py
[2026-07-22 20:49:13,789] {processor.py:656} WARNING - No viable dags retrieved from /home/airflow/.local/lib/python3.6/site-packages/airflow/example_dags/subdags/subdag.py
[2026-07-22 20:49:13,799] {processor.py:171} INFO - Processing /home/airflow/.local/lib/python3.6/site-packages/airflow/example_dags/subdags/subdag.py took 0.060 seconds
[2026-07-22 20:49:44,131] {processor.py:163} INFO - Started process (PID=16175) to work on /home/airflow/.local/lib/python3.6/site-packages/airflow/example_dags/subdags/subdag.py
[2026-07-22 20:49:44,135] {processor.py:642} INFO - Processing file /home/airflow/.local/lib/python3.6/site-packages/airflow/example_dags/subdags/subdag.py for tasks to queue
[2026-07-22 20:49:44,138] {logging_mixin.py:109} INFO - [2026-07-22 20:49:44,138] {dagbag.py:500} INFO - Filling up the DagBag from /home/airflow/.local/lib/python3.6/site-packages/airflow/example_dags/subdags/subdag.py
[2026-07-22 20:49:44,169] {processor.py:656} WARNING - No viable dags retrieved from /home/airflow/.local/lib/python3.6/site-packages/airflow/example_dags/subdags/subdag.py
[2026-07-22 20:49:44,176] {processor.py:171} INFO - Processing /home/airflow/.local/lib/python3.6/site-packages/airflow/example_dags/subdags/subdag.py took 0.050 seconds
[2026-07-22 20:50:20,130] {processor.py:163} INFO - Started process (PID=16270) to work on /home/airflow/.local/lib/python3.6/site-packages/airflow/example_dags/subdags/subdag.py
[2026-07-22 20:50:20,138] {processor.py:642} INFO - Processing file /home/airflow/.local/lib/python3.6/site-packages/airflow/example_dags/subdags/subdag.py for tasks to queue
[2026-07-22 20:50:20,145] {logging_mixin.py:109} INFO - [2026-07-22 20:50:20,144] {dagbag.py:500} INFO - Filling up the DagBag from /home/airflow/.local/lib/python3.6/site-packages/airflow/example_dags/subdags/subdag.py
[2026-07-22 20:50:20,193] {processor.py:656} WARNING - No viable dags retrieved from /home/airflow/.local/lib/python3.6/site-packages/airflow/example_dags/subdags/subdag.py
[2026-07-22 20:50:20,203] {processor.py:171} INFO - Processing /home/airflow/.local/lib/python3.6/site-packages/airflow/example_dags/subdags/subdag.py took 0.079 seconds
[2026-07-22 20:50:51,075] {processor.py:163} INFO - Started process (PID=16355) to work on /home/airflow/.local/lib/python3.6/site-packages/airflow/example_dags/subdags/subdag.py
[2026-07-22 20:50:51,080] {processor.py:642} INFO - Processing file /home/airflow/.local/lib/python3.6/site-packages/airflow/example_dags/subdags/subdag.py for tasks to queue
[2026-07-22 20:50:51,086] {logging_mixin.py:109} INFO - [2026-07-22 20:50:51,086] {dagbag.py:500} INFO - Filling up the DagBag from /home/airflow/.local/lib/python3.6/site-packages/airflow/example_dags/subdags/subdag.py
[2026-07-22 20:50:51,160] {processor.py:656} WARNING - No viable dags retrieved from /home/airflow/.local/lib/python3.6/site-packages/airflow/example_dags/subdags/subdag.py
[2026-07-22 20:50:51,173] {processor.py:171} INFO - Processing /home/airflow/.local/lib/python3.6/site-packages/airflow/example_dags/subdags/subdag.py took 0.111 seconds
[2026-07-22 20:51:21,382] {processor.py:163} INFO - Started process (PID=16439) to work on /home/airflow/.local/lib/python3.6/site-packages/airflow/example_dags/subdags/subdag.py
[2026-07-22 20:51:21,384] {processor.py:642} INFO - Processing file /home/airflow/.local/lib/python3.6/site-packages/airflow/example_dags/subdags/subdag.py for tasks to queue
[2026-07-22 20:51:21,388] {logging_mixin.py:109} INFO - [2026-07-22 20:51:21,387] {dagbag.py:500} INFO - Filling up the DagBag from /home/airflow/.local/lib/python3.6/site-packages/airflow/example_dags/subdags/subdag.py
[2026-07-22 20:51:21,454] {processor.py:656} WARNING - No viable dags retrieved from /home/airflow/.local/lib/python3.6/site-packages/airflow/example_dags/subdags/subdag.py
[2026-07-22 20:51:21,466] {processor.py:171} INFO - Processing /home/airflow/.local/lib/python3.6/site-packages/airflow/example_dags/subdags/subdag.py took 0.089 seconds
[2026-07-22 20:51:52,052] {processor.py:163} INFO - Started process (PID=16522) to work on /home/airflow/.local/lib/python3.6/site-packages/airflow/example_dags/subdags/subdag.py
[2026-07-22 20:51:52,057] {processor.py:642} INFO - Processing file /home/airflow/.local/lib/python3.6/site-packages/airflow/example_dags/subdags/subdag.py for tasks to queue
[2026-07-22 20:51:52,064] {logging_mixin.py:109} INFO - [2026-07-22 20:51:52,064] {dagbag.py:500} INFO - Filling up the DagBag from /home/airflow/.local/lib/python3.6/site-packages/airflow/example_dags/subdags/subdag.py
[2026-07-22 20:51:52,124] {processor.py:656} WARNING - No viable dags retrieved from /home/airflow/.local/lib/python3.6/site-packages/airflow/example_dags/subdags/subdag.py
[2026-07-22 20:51:52,139] {processor.py:171} INFO - Processing /home/airflow/.local/lib/python3.6/site-packages/airflow/example_dags/subdags/subdag.py took 0.113 seconds
[2026-07-22 20:52:22,969] {processor.py:163} INFO - Started process (PID=16608) to work on /home/airflow/.local/lib/python3.6/site-packages/airflow/example_dags/subdags/subdag.py
[2026-07-22 20:52:22,975] {processor.py:642} INFO - Processing file /home/airflow/.local/lib/python3.6/site-packages/airflow/example_dags/subdags/subdag.py for tasks to queue
[2026-07-22 20:52:22,980] {logging_mixin.py:109} INFO - [2026-07-22 20:52:22,980] {dagbag.py:500} INFO - Filling up the DagBag from /home/airflow/.local/lib/python3.6/site-packages/airflow/example_dags/subdags/subdag.py
[2026-07-22 20:52:23,024] {processor.py:656} WARNING - No viable dags retrieved from /home/airflow/.local/lib/python3.6/site-packages/airflow/example_dags/subdags/subdag.py
[2026-07-22 20:52:23,033] {processor.py:171} INFO - Processing /home/airflow/.local/lib/python3.6/site-packages/airflow/example_dags/subdags/subdag.py took 0.072 seconds
[2026-07-22 20:52:55,233] {processor.py:163} INFO - Started process (PID=16694) to work on /home/airflow/.local/lib/python3.6/site-packages/airflow/example_dags/subdags/subdag.py
[2026-07-22 20:52:55,236] {processor.py:642} INFO - Processing file /home/airflow/.local/lib/python3.6/site-packages/airflow/example_dags/subdags/subdag.py for tasks to queue
[2026-07-22 20:52:55,238] {logging_mixin.py:109} INFO - [2026-07-22 20:52:55,238] {dagbag.py:500} INFO - Filling up the DagBag from /home/airflow/.local/lib/python3.6/site-packages/airflow/example_dags/subdags/subdag.py
[2026-07-22 20:52:55,285] {processor.py:656} WARNING - No viable dags retrieved from /home/airflow/.local/lib/python3.6/site-packages/airflow/example_dags/subdags/subdag.py
[2026-07-22 20:52:55,293] {processor.py:171} INFO - Processing /home/airflow/.local/lib/python3.6/site-packages/airflow/example_dags/subdags/subdag.py took 0.066 seconds
[2026-07-22 20:53:26,965] {processor.py:163} INFO - Started process (PID=16779) to work on /home/airflow/.local/lib/python3.6/site-packages/airflow/example_dags/subdags/subdag.py
[2026-07-22 20:53:26,968] {processor.py:642} INFO - Processing file /home/airflow/.local/lib/python3.6/site-packages/airflow/example_dags/subdags/subdag.py for tasks to queue
[2026-07-22 20:53:26,970] {logging_mixin.py:109} INFO - [2026-07-22 20:53:26,970] {dagbag.py:500} INFO - Filling up the DagBag from /home/airflow/.local/lib/python3.6/site-packages/airflow/example_dags/subdags/subdag.py
[2026-07-22 20:53:27,006] {processor.py:656} WARNING - No viable dags retrieved from /home/airflow/.local/lib/python3.6/site-packages/airflow/example_dags/subdags/subdag.py
[2026-07-22 20:53:27,014] {processor.py:171} INFO - Processing /home/airflow/.local/lib/python3.6/site-packages/airflow/example_dags/subdags/subdag.py took 0.054 seconds
[2026-07-22 20:53:58,071] {processor.py:163} INFO - Started process (PID=16863) to work on /home/airflow/.local/lib/python3.6/site-packages/airflow/example_dags/subdags/subdag.py
[2026-07-22 20:53:58,074] {processor.py:642} INFO - Processing file /home/airflow/.local/lib/python3.6/site-packages/airflow/example_dags/subdags/subdag.py for tasks to queue
[2026-07-22 20:53:58,077] {logging_mixin.py:109} INFO - [2026-07-22 20:53:58,077] {dagbag.py:500} INFO - Filling up the DagBag from /home/airflow/.local/lib/python3.6/site-packages/airflow/example_dags/subdags/subdag.py
[2026-07-22 20:53:58,114] {processor.py:656} WARNING - No viable dags retrieved from /home/airflow/.local/lib/python3.6/site-packages/airflow/example_dags/subdags/subdag.py
[2026-07-22 20:53:58,122] {processor.py:171} INFO - Processing /home/airflow/.local/lib/python3.6/site-packages/airflow/example_dags/subdags/subdag.py took 0.056 seconds
[2026-07-22 20:54:28,383] {processor.py:163} INFO - Started process (PID=16947) to work on /home/airflow/.local/lib/python3.6/site-packages/airflow/example_dags/subdags/subdag.py
[2026-07-22 20:54:28,387] {processor.py:642} INFO - Processing file /home/airflow/.local/lib/python3.6/site-packages/airflow/example_dags/subdags/subdag.py for tasks to queue
[2026-07-22 20:54:28,389] {logging_mixin.py:109} INFO - [2026-07-22 20:54:28,389] {dagbag.py:500} INFO - Filling up the DagBag from /home/airflow/.local/lib/python3.6/site-packages/airflow/example_dags/subdags/subdag.py
[2026-07-22 20:54:28,433] {processor.py:656} WARNING - No viable dags retrieved from /home/airflow/.local/lib/python3.6/site-packages/airflow/example_dags/subdags/subdag.py
[2026-07-22 20:54:28,442] {processor.py:171} INFO - Processing /home/airflow/.local/lib/python3.6/site-packages/airflow/example_dags/subdags/subdag.py took 0.065 seconds
[2026-07-22 20:54:59,743] {processor.py:163} INFO - Started process (PID=17031) to work on /home/airflow/.local/lib/python3.6/site-packages/airflow/example_dags/subdags/subdag.py
[2026-07-22 20:54:59,745] {processor.py:642} INFO - Processing file /home/airflow/.local/lib/python3.6/site-packages/airflow/example_dags/subdags/subdag.py for tasks to queue
[2026-07-22 20:54:59,747] {logging_mixin.py:109} INFO - [2026-07-22 20:54:59,747] {dagbag.py:500} INFO - Filling up the DagBag from /home/airflow/.local/lib/python3.6/site-packages/airflow/example_dags/subdags/subdag.py
[2026-07-22 20:54:59,776] {processor.py:656} WARNING - No viable dags retrieved from /home/airflow/.local/lib/python3.6/site-packages/airflow/example_dags/subdags/subdag.py
[2026-07-22 20:54:59,781] {processor.py:171} INFO - Processing /home/airflow/.local/lib/python3.6/site-packages/airflow/example_dags/subdags/subdag.py took 0.043 seconds
[2026-07-22 20:55:35,892] {processor.py:163} INFO - Started process (PID=17124) to work on /home/airflow/.local/lib/python3.6/site-packages/airflow/example_dags/subdags/subdag.py
[2026-07-22 20:55:35,896] {processor.py:642} INFO - Processing file /home/airflow/.local/lib/python3.6/site-packages/airflow/example_dags/subdags/subdag.py for tasks to queue
[2026-07-22 20:55:35,899] {logging_mixin.py:109} INFO - [2026-07-22 20:55:35,899] {dagbag.py:500} INFO - Filling up the DagBag from /home/airflow/.local/lib/python3.6/site-packages/airflow/example_dags/subdags/subdag.py
[2026-07-22 20:55:35,955] {processor.py:656} WARNING - No viable dags retrieved from /home/airflow/.local/lib/python3.6/site-packages/airflow/example_dags/subdags/subdag.py
[2026-07-22 20:55:35,970] {processor.py:171} INFO - Processing /home/airflow/.local/lib/python3.6/site-packages/airflow/example_dags/subdags/subdag.py took 0.088 seconds
[2026-07-22 20:56:07,314] {processor.py:163} INFO - Started process (PID=17209) to work on /home/airflow/.local/lib/python3.6/site-packages/airflow/example_dags/subdags/subdag.py
[2026-07-22 20:56:07,321] {processor.py:642} INFO - Processing file /home/airflow/.local/lib/python3.6/site-packages/airflow/example_dags/subdags/subdag.py for tasks to queue
[2026-07-22 20:56:07,326] {logging_mixin.py:109} INFO - [2026-07-22 20:56:07,326] {dagbag.py:500} INFO - Filling up the DagBag from /home/airflow/.local/lib/python3.6/site-packages/airflow/example_dags/subdags/subdag.py
[2026-07-22 20:56:07,376] {processor.py:656} WARNING - No viable dags retrieved from /home/airflow/.local/lib/python3.6/site-packages/airflow/example_dags/subdags/subdag.py
[2026-07-22 20:56:07,390] {processor.py:171} INFO - Processing /home/airflow/.local/lib/python3.6/site-packages/airflow/example_dags/subdags/subdag.py took 0.090 seconds
[2026-07-22 20:56:37,708] {processor.py:163} INFO - Started process (PID=17292) to work on /home/airflow/.local/lib/python3.6/site-packages/airflow/example_dags/subdags/subdag.py
[2026-07-22 20:56:37,712] {processor.py:642} INFO - Processing file /home/airflow/.local/lib/python3.6/site-packages/airflow/example_dags/subdags/subdag.py for tasks to queue
[2026-07-22 20:56:37,715] {logging_mixin.py:109} INFO - [2026-07-22 20:56:37,714] {dagbag.py:500} INFO - Filling up the DagBag from /home/airflow/.local/lib/python3.6/site-packages/airflow/example_dags/subdags/subdag.py
[2026-07-22 20:56:37,767] {processor.py:656} WARNING - No viable dags retrieved from /home/airflow/.local/lib/python3.6/site-packages/airflow/example_dags/subdags/subdag.py
[2026-07-22 20:56:37,776] {processor.py:171} INFO - Processing /home/airflow/.local/lib/python3.6/site-packages/airflow/example_dags/subdags/subdag.py took 0.074 seconds
[2026-07-22 20:57:08,072] {processor.py:163} INFO - Started process (PID=17377) to work on /home/airflow/.local/lib/python3.6/site-packages/airflow/example_dags/subdags/subdag.py
[2026-07-22 20:57:08,075] {processor.py:642} INFO - Processing file /home/airflow/.local/lib/python3.6/site-packages/airflow/example_dags/subdags/subdag.py for tasks to queue
[2026-07-22 20:57:08,078] {logging_mixin.py:109} INFO - [2026-07-22 20:57:08,077] {dagbag.py:500} INFO - Filling up the DagBag from /home/airflow/.local/lib/python3.6/site-packages/airflow/example_dags/subdags/subdag.py
[2026-07-22 20:57:08,115] {processor.py:656} WARNING - No viable dags retrieved from /home/airflow/.local/lib/python3.6/site-packages/airflow/example_dags/subdags/subdag.py
[2026-07-22 20:57:08,122] {processor.py:171} INFO - Processing /home/airflow/.local/lib/python3.6/site-packages/airflow/example_dags/subdags/subdag.py took 0.056 seconds
[2026-07-22 20:57:39,446] {processor.py:163} INFO - Started process (PID=17460) to work on /home/airflow/.local/lib/python3.6/site-packages/airflow/example_dags/subdags/subdag.py
[2026-07-22 20:57:39,448] {processor.py:642} INFO - Processing file /home/airflow/.local/lib/python3.6/site-packages/airflow/example_dags/subdags/subdag.py for tasks to queue
[2026-07-22 20:57:39,451] {logging_mixin.py:109} INFO - [2026-07-22 20:57:39,451] {dagbag.py:500} INFO - Filling up the DagBag from /home/airflow/.local/lib/python3.6/site-packages/airflow/example_dags/subdags/subdag.py
[2026-07-22 20:57:39,486] {processor.py:656} WARNING - No viable dags retrieved from /home/airflow/.local/lib/python3.6/site-packages/airflow/example_dags/subdags/subdag.py
[2026-07-22 20:57:39,496] {processor.py:171} INFO - Processing /home/airflow/.local/lib/python3.6/site-packages/airflow/example_dags/subdags/subdag.py took 0.055 seconds
[2026-07-22 20:58:11,224] {processor.py:163} INFO - Started process (PID=17547) to work on /home/airflow/.local/lib/python3.6/site-packages/airflow/example_dags/subdags/subdag.py
[2026-07-22 20:58:11,229] {processor.py:642} INFO - Processing file /home/airflow/.local/lib/python3.6/site-packages/airflow/example_dags/subdags/subdag.py for tasks to queue
[2026-07-22 20:58:11,233] {logging_mixin.py:109} INFO - [2026-07-22 20:58:11,233] {dagbag.py:500} INFO - Filling up the DagBag from /home/airflow/.local/lib/python3.6/site-packages/airflow/example_dags/subdags/subdag.py
[2026-07-22 20:58:11,280] {processor.py:656} WARNING - No viable dags retrieved from /home/airflow/.local/lib/python3.6/site-packages/airflow/example_dags/subdags/subdag.py
[2026-07-22 20:58:11,289] {processor.py:171} INFO - Processing /home/airflow/.local/lib/python3.6/site-packages/airflow/example_dags/subdags/subdag.py took 0.074 seconds
[2026-07-22 20:58:42,825] {processor.py:163} INFO - Started process (PID=17631) to work on /home/airflow/.local/lib/python3.6/site-packages/airflow/example_dags/subdags/subdag.py
[2026-07-22 20:58:42,828] {processor.py:642} INFO - Processing file /home/airflow/.local/lib/python3.6/site-packages/airflow/example_dags/subdags/subdag.py for tasks to queue
[2026-07-22 20:58:42,831] {logging_mixin.py:109} INFO - [2026-07-22 20:58:42,830] {dagbag.py:500} INFO - Filling up the DagBag from /home/airflow/.local/lib/python3.6/site-packages/airflow/example_dags/subdags/subdag.py
[2026-07-22 20:58:42,876] {processor.py:656} WARNING - No viable dags retrieved from /home/airflow/.local/lib/python3.6/site-packages/airflow/example_dags/subdags/subdag.py
[2026-07-22 20:58:42,884] {processor.py:171} INFO - Processing /home/airflow/.local/lib/python3.6/site-packages/airflow/example_dags/subdags/subdag.py took 0.066 seconds
[2026-07-22 20:59:13,768] {processor.py:163} INFO - Started process (PID=17714) to work on /home/airflow/.local/lib/python3.6/site-packages/airflow/example_dags/subdags/subdag.py
[2026-07-22 20:59:13,771] {processor.py:642} INFO - Processing file /home/airflow/.local/lib/python3.6/site-packages/airflow/example_dags/subdags/subdag.py for tasks to queue
[2026-07-22 20:59:13,774] {logging_mixin.py:109} INFO - [2026-07-22 20:59:13,774] {dagbag.py:500} INFO - Filling up the DagBag from /home/airflow/.local/lib/python3.6/site-packages/airflow/example_dags/subdags/subdag.py
[2026-07-22 20:59:13,807] {processor.py:656} WARNING - No viable dags retrieved from /home/airflow/.local/lib/python3.6/site-packages/airflow/example_dags/subdags/subdag.py
[2026-07-22 20:59:13,813] {processor.py:171} INFO - Processing /home/airflow/.local/lib/python3.6/site-packages/airflow/example_dags/subdags/subdag.py took 0.049 seconds
[2026-07-22 20:59:44,268] {processor.py:163} INFO - Started process (PID=17798) to work on /home/airflow/.local/lib/python3.6/site-packages/airflow/example_dags/subdags/subdag.py
[2026-07-22 20:59:44,274] {processor.py:642} INFO - Processing file /home/airflow/.local/lib/python3.6/site-packages/airflow/example_dags/subdags/subdag.py for tasks to queue
[2026-07-22 20:59:44,277] {logging_mixin.py:109} INFO - [2026-07-22 20:59:44,277] {dagbag.py:500} INFO - Filling up the DagBag from /home/airflow/.local/lib/python3.6/site-packages/airflow/example_dags/subdags/subdag.py
[2026-07-22 20:59:44,317] {processor.py:656} WARNING - No viable dags retrieved from /home/airflow/.local/lib/python3.6/site-packages/airflow/example_dags/subdags/subdag.py
[2026-07-22 20:59:44,329] {processor.py:171} INFO - Processing /home/airflow/.local/lib/python3.6/site-packages/airflow/example_dags/subdags/subdag.py took 0.067 seconds
[2026-07-22 21:00:15,856] {processor.py:163} INFO - Started process (PID=17881) to work on /home/airflow/.local/lib/python3.6/site-packages/airflow/example_dags/subdags/subdag.py
[2026-07-22 21:00:15,860] {processor.py:642} INFO - Processing file /home/airflow/.local/lib/python3.6/site-packages/airflow/example_dags/subdags/subdag.py for tasks to queue
[2026-07-22 21:00:15,868] {logging_mixin.py:109} INFO - [2026-07-22 21:00:15,868] {dagbag.py:500} INFO - Filling up the DagBag from /home/airflow/.local/lib/python3.6/site-packages/airflow/example_dags/subdags/subdag.py
[2026-07-22 21:00:15,920] {processor.py:656} WARNING - No viable dags retrieved from /home/airflow/.local/lib/python3.6/site-packages/airflow/example_dags/subdags/subdag.py
[2026-07-22 21:00:15,937] {processor.py:171} INFO - Processing /home/airflow/.local/lib/python3.6/site-packages/airflow/example_dags/subdags/subdag.py took 0.087 seconds
[2026-07-22 21:00:49,186] {processor.py:163} INFO - Started process (PID=17966) to work on /home/airflow/.local/lib/python3.6/site-packages/airflow/example_dags/subdags/subdag.py
[2026-07-22 21:00:49,189] {processor.py:642} INFO - Processing file /home/airflow/.local/lib/python3.6/site-packages/airflow/example_dags/subdags/subdag.py for tasks to queue
[2026-07-22 21:00:49,192] {logging_mixin.py:109} INFO - [2026-07-22 21:00:49,191] {dagbag.py:500} INFO - Filling up the DagBag from /home/airflow/.local/lib/python3.6/site-packages/airflow/example_dags/subdags/subdag.py
[2026-07-22 21:00:49,228] {processor.py:656} WARNING - No viable dags retrieved from /home/airflow/.local/lib/python3.6/site-packages/airflow/example_dags/subdags/subdag.py
[2026-07-22 21:00:49,234] {processor.py:171} INFO - Processing /home/airflow/.local/lib/python3.6/site-packages/airflow/example_dags/subdags/subdag.py took 0.054 seconds
[2026-07-22 21:01:28,263] {processor.py:163} INFO - Started process (PID=18062) to work on /home/airflow/.local/lib/python3.6/site-packages/airflow/example_dags/subdags/subdag.py
[2026-07-22 21:01:28,267] {processor.py:642} INFO - Processing file /home/airflow/.local/lib/python3.6/site-packages/airflow/example_dags/subdags/subdag.py for tasks to queue
[2026-07-22 21:01:28,270] {logging_mixin.py:109} INFO - [2026-07-22 21:01:28,269] {dagbag.py:500} INFO - Filling up the DagBag from /home/airflow/.local/lib/python3.6/site-packages/airflow/example_dags/subdags/subdag.py
[2026-07-22 21:01:28,324] {processor.py:656} WARNING - No viable dags retrieved from /home/airflow/.local/lib/python3.6/site-packages/airflow/example_dags/subdags/subdag.py
[2026-07-22 21:01:28,334] {processor.py:171} INFO - Processing /home/airflow/.local/lib/python3.6/site-packages/airflow/example_dags/subdags/subdag.py took 0.077 seconds
[2026-07-22 21:02:02,116] {processor.py:163} INFO - Started process (PID=18147) to work on /home/airflow/.local/lib/python3.6/site-packages/airflow/example_dags/subdags/subdag.py
[2026-07-22 21:02:02,119] {processor.py:642} INFO - Processing file /home/airflow/.local/lib/python3.6/site-packages/airflow/example_dags/subdags/subdag.py for tasks to queue
[2026-07-22 21:02:02,122] {logging_mixin.py:109} INFO - [2026-07-22 21:02:02,122] {dagbag.py:500} INFO - Filling up the DagBag from /home/airflow/.local/lib/python3.6/site-packages/airflow/example_dags/subdags/subdag.py
[2026-07-22 21:02:02,165] {processor.py:656} WARNING - No viable dags retrieved from /home/airflow/.local/lib/python3.6/site-packages/airflow/example_dags/subdags/subdag.py
[2026-07-22 21:02:02,176] {processor.py:171} INFO - Processing /home/airflow/.local/lib/python3.6/site-packages/airflow/example_dags/subdags/subdag.py took 0.067 seconds
[2026-07-22 21:02:39,002] {processor.py:163} INFO - Started process (PID=18231) to work on /home/airflow/.local/lib/python3.6/site-packages/airflow/example_dags/subdags/subdag.py
[2026-07-22 21:02:39,016] {processor.py:642} INFO - Processing file /home/airflow/.local/lib/python3.6/site-packages/airflow/example_dags/subdags/subdag.py for tasks to queue
[2026-07-22 21:02:39,024] {logging_mixin.py:109} INFO - [2026-07-22 21:02:39,024] {dagbag.py:500} INFO - Filling up the DagBag from /home/airflow/.local/lib/python3.6/site-packages/airflow/example_dags/subdags/subdag.py
[2026-07-22 21:02:39,258] {processor.py:656} WARNING - No viable dags retrieved from /home/airflow/.local/lib/python3.6/site-packages/airflow/example_dags/subdags/subdag.py
[2026-07-22 21:02:39,277] {processor.py:171} INFO - Processing /home/airflow/.local/lib/python3.6/site-packages/airflow/example_dags/subdags/subdag.py took 0.293 seconds
[2026-07-22 21:03:14,705] {processor.py:163} INFO - Started process (PID=18316) to work on /home/airflow/.local/lib/python3.6/site-packages/airflow/example_dags/subdags/subdag.py
[2026-07-22 21:03:14,709] {processor.py:642} INFO - Processing file /home/airflow/.local/lib/python3.6/site-packages/airflow/example_dags/subdags/subdag.py for tasks to queue
[2026-07-22 21:03:14,715] {logging_mixin.py:109} INFO - [2026-07-22 21:03:14,715] {dagbag.py:500} INFO - Filling up the DagBag from /home/airflow/.local/lib/python3.6/site-packages/airflow/example_dags/subdags/subdag.py
[2026-07-22 21:03:14,768] {processor.py:656} WARNING - No viable dags retrieved from /home/airflow/.local/lib/python3.6/site-packages/airflow/example_dags/subdags/subdag.py
[2026-07-22 21:03:14,778] {processor.py:171} INFO - Processing /home/airflow/.local/lib/python3.6/site-packages/airflow/example_dags/subdags/subdag.py took 0.083 seconds
[2026-07-22 21:03:49,468] {processor.py:163} INFO - Started process (PID=18400) to work on /home/airflow/.local/lib/python3.6/site-packages/airflow/example_dags/subdags/subdag.py
[2026-07-22 21:03:49,492] {processor.py:642} INFO - Processing file /home/airflow/.local/lib/python3.6/site-packages/airflow/example_dags/subdags/subdag.py for tasks to queue
[2026-07-22 21:03:49,507] {logging_mixin.py:109} INFO - [2026-07-22 21:03:49,507] {dagbag.py:500} INFO - Filling up the DagBag from /home/airflow/.local/lib/python3.6/site-packages/airflow/example_dags/subdags/subdag.py
[2026-07-22 21:03:49,638] {processor.py:656} WARNING - No viable dags retrieved from /home/airflow/.local/lib/python3.6/site-packages/airflow/example_dags/subdags/subdag.py
[2026-07-22 21:03:49,979] {processor.py:171} INFO - Processing /home/airflow/.local/lib/python3.6/site-packages/airflow/example_dags/subdags/subdag.py took 0.517 seconds
[2026-07-22 21:04:21,065] {processor.py:163} INFO - Started process (PID=18485) to work on /home/airflow/.local/lib/python3.6/site-packages/airflow/example_dags/subdags/subdag.py
[2026-07-22 21:04:21,070] {processor.py:642} INFO - Processing file /home/airflow/.local/lib/python3.6/site-packages/airflow/example_dags/subdags/subdag.py for tasks to queue
[2026-07-22 21:04:21,073] {logging_mixin.py:109} INFO - [2026-07-22 21:04:21,073] {dagbag.py:500} INFO - Filling up the DagBag from /home/airflow/.local/lib/python3.6/site-packages/airflow/example_dags/subdags/subdag.py
[2026-07-22 21:04:21,126] {processor.py:656} WARNING - No viable dags retrieved from /home/airflow/.local/lib/python3.6/site-packages/airflow/example_dags/subdags/subdag.py
[2026-07-22 21:04:21,138] {processor.py:171} INFO - Processing /home/airflow/.local/lib/python3.6/site-packages/airflow/example_dags/subdags/subdag.py took 0.081 seconds
[2026-07-22 21:04:51,965] {processor.py:163} INFO - Started process (PID=18570) to work on /home/airflow/.local/lib/python3.6/site-packages/airflow/example_dags/subdags/subdag.py
[2026-07-22 21:04:51,969] {processor.py:642} INFO - Processing file /home/airflow/.local/lib/python3.6/site-packages/airflow/example_dags/subdags/subdag.py for tasks to queue
[2026-07-22 21:04:51,972] {logging_mixin.py:109} INFO - [2026-07-22 21:04:51,971] {dagbag.py:500} INFO - Filling up the DagBag from /home/airflow/.local/lib/python3.6/site-packages/airflow/example_dags/subdags/subdag.py
[2026-07-22 21:04:52,013] {processor.py:656} WARNING - No viable dags retrieved from /home/airflow/.local/lib/python3.6/site-packages/airflow/example_dags/subdags/subdag.py
[2026-07-22 21:04:52,021] {processor.py:171} INFO - Processing /home/airflow/.local/lib/python3.6/site-packages/airflow/example_dags/subdags/subdag.py took 0.064 seconds
