[2026-07-24T17:06:39.612+0000] {processor.py:161} INFO - Started process (PID=89) to work on /home/airflow/.local/lib/python3.12/site-packages/airflow/example_dags/example_xcom.py
[2026-07-24T17:06:39.624+0000] {processor.py:830} INFO - Processing file /home/airflow/.local/lib/python3.12/site-packages/airflow/example_dags/example_xcom.py for tasks to queue
[2026-07-24T17:06:39.643+0000] {logging_mixin.py:188} INFO - [2026-07-24T17:06:39.642+0000] {dagbag.py:545} INFO - Filling up the DagBag from /home/airflow/.local/lib/python3.12/site-packages/airflow/example_dags/example_xcom.py
[2026-07-24T17:06:39.722+0000] {processor.py:840} INFO - DAG(s) 'example_xcom' retrieved from /home/airflow/.local/lib/python3.12/site-packages/airflow/example_dags/example_xcom.py
[2026-07-24T17:06:40.628+0000] {logging_mixin.py:188} INFO - [2026-07-24T17:06:40.627+0000] {dag.py:3089} INFO - Sync 1 DAGs
[2026-07-24T17:06:40.899+0000] {logging_mixin.py:188} INFO - [2026-07-24T17:06:40.897+0000] {dag.py:3947} INFO - Setting next_dagrun for example_xcom to 2021-01-01 00:00:00+00:00, run_after=2021-01-01 00:00:00+00:00
[2026-07-24T17:06:40.979+0000] {processor.py:183} INFO - Processing /home/airflow/.local/lib/python3.12/site-packages/airflow/example_dags/example_xcom.py took 1.447 seconds
[2026-07-24T17:07:11.752+0000] {processor.py:161} INFO - Started process (PID=161) to work on /home/airflow/.local/lib/python3.12/site-packages/airflow/example_dags/example_xcom.py
[2026-07-24T17:07:11.756+0000] {processor.py:830} INFO - Processing file /home/airflow/.local/lib/python3.12/site-packages/airflow/example_dags/example_xcom.py for tasks to queue
[2026-07-24T17:07:11.769+0000] {logging_mixin.py:188} INFO - [2026-07-24T17:07:11.767+0000] {dagbag.py:545} INFO - Filling up the DagBag from /home/airflow/.local/lib/python3.12/site-packages/airflow/example_dags/example_xcom.py
[2026-07-24T17:07:11.800+0000] {processor.py:840} INFO - DAG(s) 'example_xcom' retrieved from /home/airflow/.local/lib/python3.12/site-packages/airflow/example_dags/example_xcom.py
[2026-07-24T17:07:11.879+0000] {logging_mixin.py:188} INFO - [2026-07-24T17:07:11.876+0000] {dag.py:3089} INFO - Sync 1 DAGs
[2026-07-24T17:07:11.971+0000] {logging_mixin.py:188} INFO - [2026-07-24T17:07:11.971+0000] {dag.py:3947} INFO - Setting next_dagrun for example_xcom to 2021-01-01 00:00:00+00:00, run_after=2021-01-01 00:00:00+00:00
[2026-07-24T17:07:12.024+0000] {processor.py:183} INFO - Processing /home/airflow/.local/lib/python3.12/site-packages/airflow/example_dags/example_xcom.py took 0.292 seconds
[2026-07-24T17:07:42.337+0000] {processor.py:161} INFO - Started process (PID=227) to work on /home/airflow/.local/lib/python3.12/site-packages/airflow/example_dags/example_xcom.py
[2026-07-24T17:07:42.341+0000] {processor.py:830} INFO - Processing file /home/airflow/.local/lib/python3.12/site-packages/airflow/example_dags/example_xcom.py for tasks to queue
[2026-07-24T17:07:42.358+0000] {logging_mixin.py:188} INFO - [2026-07-24T17:07:42.355+0000] {dagbag.py:545} INFO - Filling up the DagBag from /home/airflow/.local/lib/python3.12/site-packages/airflow/example_dags/example_xcom.py
[2026-07-24T17:07:42.395+0000] {processor.py:840} INFO - DAG(s) 'example_xcom' retrieved from /home/airflow/.local/lib/python3.12/site-packages/airflow/example_dags/example_xcom.py
[2026-07-24T17:07:42.480+0000] {logging_mixin.py:188} INFO - [2026-07-24T17:07:42.480+0000] {dag.py:3089} INFO - Sync 1 DAGs
[2026-07-24T17:07:42.645+0000] {logging_mixin.py:188} INFO - [2026-07-24T17:07:42.644+0000] {dag.py:3947} INFO - Setting next_dagrun for example_xcom to 2021-01-01 00:00:00+00:00, run_after=2021-01-01 00:00:00+00:00
[2026-07-24T17:07:42.717+0000] {processor.py:183} INFO - Processing /home/airflow/.local/lib/python3.12/site-packages/airflow/example_dags/example_xcom.py took 0.398 seconds
[2026-07-24T17:08:12.932+0000] {processor.py:161} INFO - Started process (PID=300) to work on /home/airflow/.local/lib/python3.12/site-packages/airflow/example_dags/example_xcom.py
[2026-07-24T17:08:12.935+0000] {processor.py:830} INFO - Processing file /home/airflow/.local/lib/python3.12/site-packages/airflow/example_dags/example_xcom.py for tasks to queue
[2026-07-24T17:08:12.940+0000] {logging_mixin.py:188} INFO - [2026-07-24T17:08:12.939+0000] {dagbag.py:545} INFO - Filling up the DagBag from /home/airflow/.local/lib/python3.12/site-packages/airflow/example_dags/example_xcom.py
[2026-07-24T17:08:12.957+0000] {processor.py:840} INFO - DAG(s) 'example_xcom' retrieved from /home/airflow/.local/lib/python3.12/site-packages/airflow/example_dags/example_xcom.py
[2026-07-24T17:08:12.996+0000] {logging_mixin.py:188} INFO - [2026-07-24T17:08:12.996+0000] {dag.py:3089} INFO - Sync 1 DAGs
[2026-07-24T17:08:13.036+0000] {logging_mixin.py:188} INFO - [2026-07-24T17:08:13.036+0000] {dag.py:3947} INFO - Setting next_dagrun for example_xcom to 2021-01-01 00:00:00+00:00, run_after=2021-01-01 00:00:00+00:00
[2026-07-24T17:08:13.079+0000] {processor.py:183} INFO - Processing /home/airflow/.local/lib/python3.12/site-packages/airflow/example_dags/example_xcom.py took 0.159 seconds
[2026-07-24T17:08:43.553+0000] {processor.py:161} INFO - Started process (PID=374) to work on /home/airflow/.local/lib/python3.12/site-packages/airflow/example_dags/example_xcom.py
[2026-07-24T17:08:43.556+0000] {processor.py:830} INFO - Processing file /home/airflow/.local/lib/python3.12/site-packages/airflow/example_dags/example_xcom.py for tasks to queue
[2026-07-24T17:08:43.561+0000] {logging_mixin.py:188} INFO - [2026-07-24T17:08:43.560+0000] {dagbag.py:545} INFO - Filling up the DagBag from /home/airflow/.local/lib/python3.12/site-packages/airflow/example_dags/example_xcom.py
[2026-07-24T17:08:43.580+0000] {processor.py:840} INFO - DAG(s) 'example_xcom' retrieved from /home/airflow/.local/lib/python3.12/site-packages/airflow/example_dags/example_xcom.py
[2026-07-24T17:08:43.627+0000] {logging_mixin.py:188} INFO - [2026-07-24T17:08:43.627+0000] {dag.py:3089} INFO - Sync 1 DAGs
[2026-07-24T17:08:43.672+0000] {logging_mixin.py:188} INFO - [2026-07-24T17:08:43.671+0000] {dag.py:3947} INFO - Setting next_dagrun for example_xcom to 2021-01-01 00:00:00+00:00, run_after=2021-01-01 00:00:00+00:00
[2026-07-24T17:08:43.707+0000] {processor.py:183} INFO - Processing /home/airflow/.local/lib/python3.12/site-packages/airflow/example_dags/example_xcom.py took 0.164 seconds
[2026-07-24T17:09:14.373+0000] {processor.py:161} INFO - Started process (PID=447) to work on /home/airflow/.local/lib/python3.12/site-packages/airflow/example_dags/example_xcom.py
[2026-07-24T17:09:14.376+0000] {processor.py:830} INFO - Processing file /home/airflow/.local/lib/python3.12/site-packages/airflow/example_dags/example_xcom.py for tasks to queue
[2026-07-24T17:09:14.381+0000] {logging_mixin.py:188} INFO - [2026-07-24T17:09:14.381+0000] {dagbag.py:545} INFO - Filling up the DagBag from /home/airflow/.local/lib/python3.12/site-packages/airflow/example_dags/example_xcom.py
[2026-07-24T17:09:14.403+0000] {processor.py:840} INFO - DAG(s) 'example_xcom' retrieved from /home/airflow/.local/lib/python3.12/site-packages/airflow/example_dags/example_xcom.py
[2026-07-24T17:09:14.446+0000] {logging_mixin.py:188} INFO - [2026-07-24T17:09:14.446+0000] {dag.py:3089} INFO - Sync 1 DAGs
[2026-07-24T17:09:14.491+0000] {logging_mixin.py:188} INFO - [2026-07-24T17:09:14.490+0000] {dag.py:3947} INFO - Setting next_dagrun for example_xcom to 2021-01-01 00:00:00+00:00, run_after=2021-01-01 00:00:00+00:00
[2026-07-24T17:09:14.530+0000] {processor.py:183} INFO - Processing /home/airflow/.local/lib/python3.12/site-packages/airflow/example_dags/example_xcom.py took 0.168 seconds
[2026-07-24T17:09:45.016+0000] {processor.py:161} INFO - Started process (PID=520) to work on /home/airflow/.local/lib/python3.12/site-packages/airflow/example_dags/example_xcom.py
[2026-07-24T17:09:45.019+0000] {processor.py:830} INFO - Processing file /home/airflow/.local/lib/python3.12/site-packages/airflow/example_dags/example_xcom.py for tasks to queue
[2026-07-24T17:09:45.025+0000] {logging_mixin.py:188} INFO - [2026-07-24T17:09:45.024+0000] {dagbag.py:545} INFO - Filling up the DagBag from /home/airflow/.local/lib/python3.12/site-packages/airflow/example_dags/example_xcom.py
[2026-07-24T17:09:45.046+0000] {processor.py:840} INFO - DAG(s) 'example_xcom' retrieved from /home/airflow/.local/lib/python3.12/site-packages/airflow/example_dags/example_xcom.py
[2026-07-24T17:09:45.102+0000] {logging_mixin.py:188} INFO - [2026-07-24T17:09:45.102+0000] {dag.py:3089} INFO - Sync 1 DAGs
[2026-07-24T17:09:45.156+0000] {logging_mixin.py:188} INFO - [2026-07-24T17:09:45.154+0000] {dag.py:3947} INFO - Setting next_dagrun for example_xcom to 2021-01-01 00:00:00+00:00, run_after=2021-01-01 00:00:00+00:00
[2026-07-24T17:09:45.231+0000] {processor.py:183} INFO - Processing /home/airflow/.local/lib/python3.12/site-packages/airflow/example_dags/example_xcom.py took 0.232 seconds
[2026-07-24T17:10:16.473+0000] {processor.py:161} INFO - Started process (PID=593) to work on /home/airflow/.local/lib/python3.12/site-packages/airflow/example_dags/example_xcom.py
[2026-07-24T17:10:16.477+0000] {processor.py:830} INFO - Processing file /home/airflow/.local/lib/python3.12/site-packages/airflow/example_dags/example_xcom.py for tasks to queue
[2026-07-24T17:10:16.482+0000] {logging_mixin.py:188} INFO - [2026-07-24T17:10:16.481+0000] {dagbag.py:545} INFO - Filling up the DagBag from /home/airflow/.local/lib/python3.12/site-packages/airflow/example_dags/example_xcom.py
[2026-07-24T17:10:16.504+0000] {processor.py:840} INFO - DAG(s) 'example_xcom' retrieved from /home/airflow/.local/lib/python3.12/site-packages/airflow/example_dags/example_xcom.py
[2026-07-24T17:10:16.560+0000] {logging_mixin.py:188} INFO - [2026-07-24T17:10:16.559+0000] {dag.py:3089} INFO - Sync 1 DAGs
[2026-07-24T17:10:16.605+0000] {logging_mixin.py:188} INFO - [2026-07-24T17:10:16.604+0000] {dag.py:3947} INFO - Setting next_dagrun for example_xcom to 2021-01-01 00:00:00+00:00, run_after=2021-01-01 00:00:00+00:00
[2026-07-24T17:10:16.647+0000] {processor.py:183} INFO - Processing /home/airflow/.local/lib/python3.12/site-packages/airflow/example_dags/example_xcom.py took 0.190 seconds
[2026-07-24T17:10:47.455+0000] {processor.py:161} INFO - Started process (PID=667) to work on /home/airflow/.local/lib/python3.12/site-packages/airflow/example_dags/example_xcom.py
[2026-07-24T17:10:47.459+0000] {processor.py:830} INFO - Processing file /home/airflow/.local/lib/python3.12/site-packages/airflow/example_dags/example_xcom.py for tasks to queue
[2026-07-24T17:10:47.465+0000] {logging_mixin.py:188} INFO - [2026-07-24T17:10:47.464+0000] {dagbag.py:545} INFO - Filling up the DagBag from /home/airflow/.local/lib/python3.12/site-packages/airflow/example_dags/example_xcom.py
[2026-07-24T17:10:47.484+0000] {processor.py:840} INFO - DAG(s) 'example_xcom' retrieved from /home/airflow/.local/lib/python3.12/site-packages/airflow/example_dags/example_xcom.py
[2026-07-24T17:10:47.547+0000] {logging_mixin.py:188} INFO - [2026-07-24T17:10:47.547+0000] {dag.py:3089} INFO - Sync 1 DAGs
[2026-07-24T17:10:47.606+0000] {logging_mixin.py:188} INFO - [2026-07-24T17:10:47.605+0000] {dag.py:3947} INFO - Setting next_dagrun for example_xcom to 2021-01-01 00:00:00+00:00, run_after=2021-01-01 00:00:00+00:00
[2026-07-24T17:10:47.669+0000] {processor.py:183} INFO - Processing /home/airflow/.local/lib/python3.12/site-packages/airflow/example_dags/example_xcom.py took 0.222 seconds
[2026-07-24T17:11:20.286+0000] {processor.py:161} INFO - Started process (PID=740) to work on /home/airflow/.local/lib/python3.12/site-packages/airflow/example_dags/example_xcom.py
[2026-07-24T17:11:20.291+0000] {processor.py:830} INFO - Processing file /home/airflow/.local/lib/python3.12/site-packages/airflow/example_dags/example_xcom.py for tasks to queue
[2026-07-24T17:11:20.302+0000] {logging_mixin.py:188} INFO - [2026-07-24T17:11:20.301+0000] {dagbag.py:545} INFO - Filling up the DagBag from /home/airflow/.local/lib/python3.12/site-packages/airflow/example_dags/example_xcom.py
[2026-07-24T17:11:20.327+0000] {processor.py:840} INFO - DAG(s) 'example_xcom' retrieved from /home/airflow/.local/lib/python3.12/site-packages/airflow/example_dags/example_xcom.py
[2026-07-24T17:11:20.392+0000] {logging_mixin.py:188} INFO - [2026-07-24T17:11:20.391+0000] {dag.py:3089} INFO - Sync 1 DAGs
[2026-07-24T17:11:20.460+0000] {logging_mixin.py:188} INFO - [2026-07-24T17:11:20.460+0000] {dag.py:3947} INFO - Setting next_dagrun for example_xcom to 2021-01-01 00:00:00+00:00, run_after=2021-01-01 00:00:00+00:00
[2026-07-24T17:11:20.515+0000] {processor.py:183} INFO - Processing /home/airflow/.local/lib/python3.12/site-packages/airflow/example_dags/example_xcom.py took 0.238 seconds
[2026-07-24T17:11:51.577+0000] {processor.py:161} INFO - Started process (PID=815) to work on /home/airflow/.local/lib/python3.12/site-packages/airflow/example_dags/example_xcom.py
[2026-07-24T17:11:51.583+0000] {processor.py:830} INFO - Processing file /home/airflow/.local/lib/python3.12/site-packages/airflow/example_dags/example_xcom.py for tasks to queue
[2026-07-24T17:11:51.589+0000] {logging_mixin.py:188} INFO - [2026-07-24T17:11:51.588+0000] {dagbag.py:545} INFO - Filling up the DagBag from /home/airflow/.local/lib/python3.12/site-packages/airflow/example_dags/example_xcom.py
[2026-07-24T17:11:51.606+0000] {processor.py:840} INFO - DAG(s) 'example_xcom' retrieved from /home/airflow/.local/lib/python3.12/site-packages/airflow/example_dags/example_xcom.py
[2026-07-24T17:11:51.653+0000] {logging_mixin.py:188} INFO - [2026-07-24T17:11:51.652+0000] {dag.py:3089} INFO - Sync 1 DAGs
[2026-07-24T17:11:51.711+0000] {logging_mixin.py:188} INFO - [2026-07-24T17:11:51.710+0000] {dag.py:3947} INFO - Setting next_dagrun for example_xcom to 2021-01-01 00:00:00+00:00, run_after=2021-01-01 00:00:00+00:00
[2026-07-24T17:11:51.759+0000] {processor.py:183} INFO - Processing /home/airflow/.local/lib/python3.12/site-packages/airflow/example_dags/example_xcom.py took 0.192 seconds
[2026-07-24T17:12:23.481+0000] {processor.py:161} INFO - Started process (PID=889) to work on /home/airflow/.local/lib/python3.12/site-packages/airflow/example_dags/example_xcom.py
[2026-07-24T17:12:23.485+0000] {processor.py:830} INFO - Processing file /home/airflow/.local/lib/python3.12/site-packages/airflow/example_dags/example_xcom.py for tasks to queue
[2026-07-24T17:12:23.491+0000] {logging_mixin.py:188} INFO - [2026-07-24T17:12:23.490+0000] {dagbag.py:545} INFO - Filling up the DagBag from /home/airflow/.local/lib/python3.12/site-packages/airflow/example_dags/example_xcom.py
[2026-07-24T17:12:23.512+0000] {processor.py:840} INFO - DAG(s) 'example_xcom' retrieved from /home/airflow/.local/lib/python3.12/site-packages/airflow/example_dags/example_xcom.py
[2026-07-24T17:12:23.580+0000] {logging_mixin.py:188} INFO - [2026-07-24T17:12:23.579+0000] {dag.py:3089} INFO - Sync 1 DAGs
[2026-07-24T17:12:23.646+0000] {logging_mixin.py:188} INFO - [2026-07-24T17:12:23.645+0000] {dag.py:3947} INFO - Setting next_dagrun for example_xcom to 2021-01-01 00:00:00+00:00, run_after=2021-01-01 00:00:00+00:00
[2026-07-24T17:12:23.702+0000] {processor.py:183} INFO - Processing /home/airflow/.local/lib/python3.12/site-packages/airflow/example_dags/example_xcom.py took 0.233 seconds
[2026-07-24T17:12:54.475+0000] {processor.py:161} INFO - Started process (PID=955) to work on /home/airflow/.local/lib/python3.12/site-packages/airflow/example_dags/example_xcom.py
[2026-07-24T17:12:54.478+0000] {processor.py:830} INFO - Processing file /home/airflow/.local/lib/python3.12/site-packages/airflow/example_dags/example_xcom.py for tasks to queue
[2026-07-24T17:12:54.485+0000] {logging_mixin.py:188} INFO - [2026-07-24T17:12:54.484+0000] {dagbag.py:545} INFO - Filling up the DagBag from /home/airflow/.local/lib/python3.12/site-packages/airflow/example_dags/example_xcom.py
[2026-07-24T17:12:54.502+0000] {processor.py:840} INFO - DAG(s) 'example_xcom' retrieved from /home/airflow/.local/lib/python3.12/site-packages/airflow/example_dags/example_xcom.py
[2026-07-24T17:12:54.544+0000] {logging_mixin.py:188} INFO - [2026-07-24T17:12:54.544+0000] {dag.py:3089} INFO - Sync 1 DAGs
[2026-07-24T17:12:54.587+0000] {logging_mixin.py:188} INFO - [2026-07-24T17:12:54.587+0000] {dag.py:3947} INFO - Setting next_dagrun for example_xcom to 2021-01-01 00:00:00+00:00, run_after=2021-01-01 00:00:00+00:00
[2026-07-24T17:12:54.623+0000] {processor.py:183} INFO - Processing /home/airflow/.local/lib/python3.12/site-packages/airflow/example_dags/example_xcom.py took 0.157 seconds
[2026-07-24T17:13:25.836+0000] {processor.py:161} INFO - Started process (PID=1028) to work on /home/airflow/.local/lib/python3.12/site-packages/airflow/example_dags/example_xcom.py
[2026-07-24T17:13:25.838+0000] {processor.py:830} INFO - Processing file /home/airflow/.local/lib/python3.12/site-packages/airflow/example_dags/example_xcom.py for tasks to queue
[2026-07-24T17:13:25.842+0000] {logging_mixin.py:188} INFO - [2026-07-24T17:13:25.842+0000] {dagbag.py:545} INFO - Filling up the DagBag from /home/airflow/.local/lib/python3.12/site-packages/airflow/example_dags/example_xcom.py
[2026-07-24T17:13:25.856+0000] {processor.py:840} INFO - DAG(s) 'example_xcom' retrieved from /home/airflow/.local/lib/python3.12/site-packages/airflow/example_dags/example_xcom.py
[2026-07-24T17:13:25.889+0000] {logging_mixin.py:188} INFO - [2026-07-24T17:13:25.889+0000] {dag.py:3089} INFO - Sync 1 DAGs
[2026-07-24T17:13:25.942+0000] {logging_mixin.py:188} INFO - [2026-07-24T17:13:25.942+0000] {dag.py:3947} INFO - Setting next_dagrun for example_xcom to 2021-01-01 00:00:00+00:00, run_after=2021-01-01 00:00:00+00:00
[2026-07-24T17:13:25.975+0000] {processor.py:183} INFO - Processing /home/airflow/.local/lib/python3.12/site-packages/airflow/example_dags/example_xcom.py took 0.148 seconds
[2026-07-24T17:13:57.432+0000] {processor.py:161} INFO - Started process (PID=1101) to work on /home/airflow/.local/lib/python3.12/site-packages/airflow/example_dags/example_xcom.py
[2026-07-24T17:13:57.435+0000] {processor.py:830} INFO - Processing file /home/airflow/.local/lib/python3.12/site-packages/airflow/example_dags/example_xcom.py for tasks to queue
[2026-07-24T17:13:57.441+0000] {logging_mixin.py:188} INFO - [2026-07-24T17:13:57.440+0000] {dagbag.py:545} INFO - Filling up the DagBag from /home/airflow/.local/lib/python3.12/site-packages/airflow/example_dags/example_xcom.py
[2026-07-24T17:13:57.458+0000] {processor.py:840} INFO - DAG(s) 'example_xcom' retrieved from /home/airflow/.local/lib/python3.12/site-packages/airflow/example_dags/example_xcom.py
[2026-07-24T17:13:57.520+0000] {logging_mixin.py:188} INFO - [2026-07-24T17:13:57.519+0000] {dag.py:3089} INFO - Sync 1 DAGs
[2026-07-24T17:13:57.565+0000] {logging_mixin.py:188} INFO - [2026-07-24T17:13:57.565+0000] {dag.py:3947} INFO - Setting next_dagrun for example_xcom to 2021-01-01 00:00:00+00:00, run_after=2021-01-01 00:00:00+00:00
[2026-07-24T17:13:57.603+0000] {processor.py:183} INFO - Processing /home/airflow/.local/lib/python3.12/site-packages/airflow/example_dags/example_xcom.py took 0.185 seconds
[2026-07-24T17:14:30.869+0000] {processor.py:161} INFO - Started process (PID=1175) to work on /home/airflow/.local/lib/python3.12/site-packages/airflow/example_dags/example_xcom.py
[2026-07-24T17:14:30.873+0000] {processor.py:830} INFO - Processing file /home/airflow/.local/lib/python3.12/site-packages/airflow/example_dags/example_xcom.py for tasks to queue
[2026-07-24T17:14:30.878+0000] {logging_mixin.py:188} INFO - [2026-07-24T17:14:30.878+0000] {dagbag.py:545} INFO - Filling up the DagBag from /home/airflow/.local/lib/python3.12/site-packages/airflow/example_dags/example_xcom.py
[2026-07-24T17:14:30.898+0000] {processor.py:840} INFO - DAG(s) 'example_xcom' retrieved from /home/airflow/.local/lib/python3.12/site-packages/airflow/example_dags/example_xcom.py
[2026-07-24T17:14:30.945+0000] {logging_mixin.py:188} INFO - [2026-07-24T17:14:30.945+0000] {dag.py:3089} INFO - Sync 1 DAGs
[2026-07-24T17:14:30.998+0000] {logging_mixin.py:188} INFO - [2026-07-24T17:14:30.998+0000] {dag.py:3947} INFO - Setting next_dagrun for example_xcom to 2021-01-01 00:00:00+00:00, run_after=2021-01-01 00:00:00+00:00
[2026-07-24T17:14:31.051+0000] {processor.py:183} INFO - Processing /home/airflow/.local/lib/python3.12/site-packages/airflow/example_dags/example_xcom.py took 0.192 seconds
[2026-07-24T17:15:01.453+0000] {processor.py:161} INFO - Started process (PID=1249) to work on /home/airflow/.local/lib/python3.12/site-packages/airflow/example_dags/example_xcom.py
[2026-07-24T17:15:01.456+0000] {processor.py:830} INFO - Processing file /home/airflow/.local/lib/python3.12/site-packages/airflow/example_dags/example_xcom.py for tasks to queue
[2026-07-24T17:15:01.461+0000] {logging_mixin.py:188} INFO - [2026-07-24T17:15:01.460+0000] {dagbag.py:545} INFO - Filling up the DagBag from /home/airflow/.local/lib/python3.12/site-packages/airflow/example_dags/example_xcom.py
[2026-07-24T17:15:01.476+0000] {processor.py:840} INFO - DAG(s) 'example_xcom' retrieved from /home/airflow/.local/lib/python3.12/site-packages/airflow/example_dags/example_xcom.py
[2026-07-24T17:15:01.519+0000] {logging_mixin.py:188} INFO - [2026-07-24T17:15:01.518+0000] {dag.py:3089} INFO - Sync 1 DAGs
[2026-07-24T17:15:01.553+0000] {logging_mixin.py:188} INFO - [2026-07-24T17:15:01.553+0000] {dag.py:3947} INFO - Setting next_dagrun for example_xcom to 2021-01-01 00:00:00+00:00, run_after=2021-01-01 00:00:00+00:00
[2026-07-24T17:15:01.590+0000] {processor.py:183} INFO - Processing /home/airflow/.local/lib/python3.12/site-packages/airflow/example_dags/example_xcom.py took 0.146 seconds
[2026-07-24T17:15:32.903+0000] {processor.py:161} INFO - Started process (PID=1322) to work on /home/airflow/.local/lib/python3.12/site-packages/airflow/example_dags/example_xcom.py
[2026-07-24T17:15:32.907+0000] {processor.py:830} INFO - Processing file /home/airflow/.local/lib/python3.12/site-packages/airflow/example_dags/example_xcom.py for tasks to queue
[2026-07-24T17:15:32.912+0000] {logging_mixin.py:188} INFO - [2026-07-24T17:15:32.912+0000] {dagbag.py:545} INFO - Filling up the DagBag from /home/airflow/.local/lib/python3.12/site-packages/airflow/example_dags/example_xcom.py
[2026-07-24T17:15:32.934+0000] {processor.py:840} INFO - DAG(s) 'example_xcom' retrieved from /home/airflow/.local/lib/python3.12/site-packages/airflow/example_dags/example_xcom.py
[2026-07-24T17:15:32.984+0000] {logging_mixin.py:188} INFO - [2026-07-24T17:15:32.984+0000] {dag.py:3089} INFO - Sync 1 DAGs
[2026-07-24T17:15:33.038+0000] {logging_mixin.py:188} INFO - [2026-07-24T17:15:33.037+0000] {dag.py:3947} INFO - Setting next_dagrun for example_xcom to 2021-01-01 00:00:00+00:00, run_after=2021-01-01 00:00:00+00:00
[2026-07-24T17:15:33.087+0000] {processor.py:183} INFO - Processing /home/airflow/.local/lib/python3.12/site-packages/airflow/example_dags/example_xcom.py took 0.198 seconds
[2026-07-24T17:16:04.689+0000] {processor.py:161} INFO - Started process (PID=1396) to work on /home/airflow/.local/lib/python3.12/site-packages/airflow/example_dags/example_xcom.py
[2026-07-24T17:16:04.694+0000] {processor.py:830} INFO - Processing file /home/airflow/.local/lib/python3.12/site-packages/airflow/example_dags/example_xcom.py for tasks to queue
[2026-07-24T17:16:04.699+0000] {logging_mixin.py:188} INFO - [2026-07-24T17:16:04.698+0000] {dagbag.py:545} INFO - Filling up the DagBag from /home/airflow/.local/lib/python3.12/site-packages/airflow/example_dags/example_xcom.py
[2026-07-24T17:16:04.719+0000] {processor.py:840} INFO - DAG(s) 'example_xcom' retrieved from /home/airflow/.local/lib/python3.12/site-packages/airflow/example_dags/example_xcom.py
[2026-07-24T17:16:04.756+0000] {logging_mixin.py:188} INFO - [2026-07-24T17:16:04.756+0000] {dag.py:3089} INFO - Sync 1 DAGs
[2026-07-24T17:16:04.804+0000] {logging_mixin.py:188} INFO - [2026-07-24T17:16:04.803+0000] {dag.py:3947} INFO - Setting next_dagrun for example_xcom to 2021-01-01 00:00:00+00:00, run_after=2021-01-01 00:00:00+00:00
[2026-07-24T17:16:04.846+0000] {processor.py:183} INFO - Processing /home/airflow/.local/lib/python3.12/site-packages/airflow/example_dags/example_xcom.py took 0.171 seconds
[2026-07-24T17:16:36.358+0000] {processor.py:161} INFO - Started process (PID=1469) to work on /home/airflow/.local/lib/python3.12/site-packages/airflow/example_dags/example_xcom.py
[2026-07-24T17:16:36.362+0000] {processor.py:830} INFO - Processing file /home/airflow/.local/lib/python3.12/site-packages/airflow/example_dags/example_xcom.py for tasks to queue
[2026-07-24T17:16:36.367+0000] {logging_mixin.py:188} INFO - [2026-07-24T17:16:36.367+0000] {dagbag.py:545} INFO - Filling up the DagBag from /home/airflow/.local/lib/python3.12/site-packages/airflow/example_dags/example_xcom.py
[2026-07-24T17:16:36.381+0000] {processor.py:840} INFO - DAG(s) 'example_xcom' retrieved from /home/airflow/.local/lib/python3.12/site-packages/airflow/example_dags/example_xcom.py
[2026-07-24T17:16:36.431+0000] {logging_mixin.py:188} INFO - [2026-07-24T17:16:36.430+0000] {dag.py:3089} INFO - Sync 1 DAGs
[2026-07-24T17:16:36.466+0000] {logging_mixin.py:188} INFO - [2026-07-24T17:16:36.466+0000] {dag.py:3947} INFO - Setting next_dagrun for example_xcom to 2021-01-01 00:00:00+00:00, run_after=2021-01-01 00:00:00+00:00
[2026-07-24T17:16:36.505+0000] {processor.py:183} INFO - Processing /home/airflow/.local/lib/python3.12/site-packages/airflow/example_dags/example_xcom.py took 0.164 seconds
[2026-07-24T17:17:07.556+0000] {processor.py:161} INFO - Started process (PID=1543) to work on /home/airflow/.local/lib/python3.12/site-packages/airflow/example_dags/example_xcom.py
[2026-07-24T17:17:07.558+0000] {processor.py:830} INFO - Processing file /home/airflow/.local/lib/python3.12/site-packages/airflow/example_dags/example_xcom.py for tasks to queue
[2026-07-24T17:17:07.562+0000] {logging_mixin.py:188} INFO - [2026-07-24T17:17:07.561+0000] {dagbag.py:545} INFO - Filling up the DagBag from /home/airflow/.local/lib/python3.12/site-packages/airflow/example_dags/example_xcom.py
[2026-07-24T17:17:07.575+0000] {processor.py:840} INFO - DAG(s) 'example_xcom' retrieved from /home/airflow/.local/lib/python3.12/site-packages/airflow/example_dags/example_xcom.py
[2026-07-24T17:17:07.607+0000] {logging_mixin.py:188} INFO - [2026-07-24T17:17:07.607+0000] {dag.py:3089} INFO - Sync 1 DAGs
[2026-07-24T17:17:07.639+0000] {logging_mixin.py:188} INFO - [2026-07-24T17:17:07.639+0000] {dag.py:3947} INFO - Setting next_dagrun for example_xcom to 2021-01-01 00:00:00+00:00, run_after=2021-01-01 00:00:00+00:00
[2026-07-24T17:17:07.670+0000] {processor.py:183} INFO - Processing /home/airflow/.local/lib/python3.12/site-packages/airflow/example_dags/example_xcom.py took 0.123 seconds
[2026-07-24T17:17:40.038+0000] {processor.py:161} INFO - Started process (PID=1616) to work on /home/airflow/.local/lib/python3.12/site-packages/airflow/example_dags/example_xcom.py
[2026-07-24T17:17:40.041+0000] {processor.py:830} INFO - Processing file /home/airflow/.local/lib/python3.12/site-packages/airflow/example_dags/example_xcom.py for tasks to queue
[2026-07-24T17:17:40.045+0000] {logging_mixin.py:188} INFO - [2026-07-24T17:17:40.044+0000] {dagbag.py:545} INFO - Filling up the DagBag from /home/airflow/.local/lib/python3.12/site-packages/airflow/example_dags/example_xcom.py
[2026-07-24T17:17:40.059+0000] {processor.py:840} INFO - DAG(s) 'example_xcom' retrieved from /home/airflow/.local/lib/python3.12/site-packages/airflow/example_dags/example_xcom.py
[2026-07-24T17:17:40.098+0000] {logging_mixin.py:188} INFO - [2026-07-24T17:17:40.098+0000] {dag.py:3089} INFO - Sync 1 DAGs
[2026-07-24T17:17:40.136+0000] {logging_mixin.py:188} INFO - [2026-07-24T17:17:40.135+0000] {dag.py:3947} INFO - Setting next_dagrun for example_xcom to 2021-01-01 00:00:00+00:00, run_after=2021-01-01 00:00:00+00:00
[2026-07-24T17:17:40.169+0000] {processor.py:183} INFO - Processing /home/airflow/.local/lib/python3.12/site-packages/airflow/example_dags/example_xcom.py took 0.141 seconds
[2026-07-24T17:18:11.868+0000] {processor.py:161} INFO - Started process (PID=1689) to work on /home/airflow/.local/lib/python3.12/site-packages/airflow/example_dags/example_xcom.py
[2026-07-24T17:18:11.872+0000] {processor.py:830} INFO - Processing file /home/airflow/.local/lib/python3.12/site-packages/airflow/example_dags/example_xcom.py for tasks to queue
[2026-07-24T17:18:11.877+0000] {logging_mixin.py:188} INFO - [2026-07-24T17:18:11.876+0000] {dagbag.py:545} INFO - Filling up the DagBag from /home/airflow/.local/lib/python3.12/site-packages/airflow/example_dags/example_xcom.py
[2026-07-24T17:18:11.893+0000] {processor.py:840} INFO - DAG(s) 'example_xcom' retrieved from /home/airflow/.local/lib/python3.12/site-packages/airflow/example_dags/example_xcom.py
[2026-07-24T17:18:11.937+0000] {logging_mixin.py:188} INFO - [2026-07-24T17:18:11.936+0000] {dag.py:3089} INFO - Sync 1 DAGs
[2026-07-24T17:18:11.978+0000] {logging_mixin.py:188} INFO - [2026-07-24T17:18:11.978+0000] {dag.py:3947} INFO - Setting next_dagrun for example_xcom to 2021-01-01 00:00:00+00:00, run_after=2021-01-01 00:00:00+00:00
[2026-07-24T17:18:12.021+0000] {processor.py:183} INFO - Processing /home/airflow/.local/lib/python3.12/site-packages/airflow/example_dags/example_xcom.py took 0.162 seconds
[2026-07-24T17:18:42.580+0000] {processor.py:161} INFO - Started process (PID=1763) to work on /home/airflow/.local/lib/python3.12/site-packages/airflow/example_dags/example_xcom.py
[2026-07-24T17:18:42.584+0000] {processor.py:830} INFO - Processing file /home/airflow/.local/lib/python3.12/site-packages/airflow/example_dags/example_xcom.py for tasks to queue
[2026-07-24T17:18:42.588+0000] {logging_mixin.py:188} INFO - [2026-07-24T17:18:42.588+0000] {dagbag.py:545} INFO - Filling up the DagBag from /home/airflow/.local/lib/python3.12/site-packages/airflow/example_dags/example_xcom.py
[2026-07-24T17:18:42.608+0000] {processor.py:840} INFO - DAG(s) 'example_xcom' retrieved from /home/airflow/.local/lib/python3.12/site-packages/airflow/example_dags/example_xcom.py
[2026-07-24T17:18:42.653+0000] {logging_mixin.py:188} INFO - [2026-07-24T17:18:42.653+0000] {dag.py:3089} INFO - Sync 1 DAGs
[2026-07-24T17:18:42.697+0000] {logging_mixin.py:188} INFO - [2026-07-24T17:18:42.696+0000] {dag.py:3947} INFO - Setting next_dagrun for example_xcom to 2021-01-01 00:00:00+00:00, run_after=2021-01-01 00:00:00+00:00
[2026-07-24T17:18:42.746+0000] {processor.py:183} INFO - Processing /home/airflow/.local/lib/python3.12/site-packages/airflow/example_dags/example_xcom.py took 0.182 seconds
[2026-07-24T17:19:13.868+0000] {processor.py:161} INFO - Started process (PID=1835) to work on /home/airflow/.local/lib/python3.12/site-packages/airflow/example_dags/example_xcom.py
[2026-07-24T17:19:13.870+0000] {processor.py:830} INFO - Processing file /home/airflow/.local/lib/python3.12/site-packages/airflow/example_dags/example_xcom.py for tasks to queue
[2026-07-24T17:19:13.874+0000] {logging_mixin.py:188} INFO - [2026-07-24T17:19:13.874+0000] {dagbag.py:545} INFO - Filling up the DagBag from /home/airflow/.local/lib/python3.12/site-packages/airflow/example_dags/example_xcom.py
[2026-07-24T17:19:13.887+0000] {processor.py:840} INFO - DAG(s) 'example_xcom' retrieved from /home/airflow/.local/lib/python3.12/site-packages/airflow/example_dags/example_xcom.py
[2026-07-24T17:19:13.923+0000] {logging_mixin.py:188} INFO - [2026-07-24T17:19:13.922+0000] {dag.py:3089} INFO - Sync 1 DAGs
[2026-07-24T17:19:13.955+0000] {logging_mixin.py:188} INFO - [2026-07-24T17:19:13.955+0000] {dag.py:3947} INFO - Setting next_dagrun for example_xcom to 2021-01-01 00:00:00+00:00, run_after=2021-01-01 00:00:00+00:00
[2026-07-24T17:19:13.994+0000] {processor.py:183} INFO - Processing /home/airflow/.local/lib/python3.12/site-packages/airflow/example_dags/example_xcom.py took 0.136 seconds
[2026-07-24T17:19:46.794+0000] {processor.py:161} INFO - Started process (PID=1908) to work on /home/airflow/.local/lib/python3.12/site-packages/airflow/example_dags/example_xcom.py
[2026-07-24T17:19:46.796+0000] {processor.py:830} INFO - Processing file /home/airflow/.local/lib/python3.12/site-packages/airflow/example_dags/example_xcom.py for tasks to queue
[2026-07-24T17:19:46.800+0000] {logging_mixin.py:188} INFO - [2026-07-24T17:19:46.800+0000] {dagbag.py:545} INFO - Filling up the DagBag from /home/airflow/.local/lib/python3.12/site-packages/airflow/example_dags/example_xcom.py
[2026-07-24T17:19:46.815+0000] {processor.py:840} INFO - DAG(s) 'example_xcom' retrieved from /home/airflow/.local/lib/python3.12/site-packages/airflow/example_dags/example_xcom.py
[2026-07-24T17:19:46.849+0000] {logging_mixin.py:188} INFO - [2026-07-24T17:19:46.848+0000] {dag.py:3089} INFO - Sync 1 DAGs
[2026-07-24T17:19:46.881+0000] {logging_mixin.py:188} INFO - [2026-07-24T17:19:46.880+0000] {dag.py:3947} INFO - Setting next_dagrun for example_xcom to 2021-01-01 00:00:00+00:00, run_after=2021-01-01 00:00:00+00:00
[2026-07-24T17:19:46.913+0000] {processor.py:183} INFO - Processing /home/airflow/.local/lib/python3.12/site-packages/airflow/example_dags/example_xcom.py took 0.127 seconds
[2026-07-24T17:20:18.292+0000] {processor.py:161} INFO - Started process (PID=1981) to work on /home/airflow/.local/lib/python3.12/site-packages/airflow/example_dags/example_xcom.py
[2026-07-24T17:20:18.295+0000] {processor.py:830} INFO - Processing file /home/airflow/.local/lib/python3.12/site-packages/airflow/example_dags/example_xcom.py for tasks to queue
[2026-07-24T17:20:18.299+0000] {logging_mixin.py:188} INFO - [2026-07-24T17:20:18.298+0000] {dagbag.py:545} INFO - Filling up the DagBag from /home/airflow/.local/lib/python3.12/site-packages/airflow/example_dags/example_xcom.py
[2026-07-24T17:20:18.318+0000] {processor.py:840} INFO - DAG(s) 'example_xcom' retrieved from /home/airflow/.local/lib/python3.12/site-packages/airflow/example_dags/example_xcom.py
[2026-07-24T17:20:18.355+0000] {logging_mixin.py:188} INFO - [2026-07-24T17:20:18.355+0000] {dag.py:3089} INFO - Sync 1 DAGs
[2026-07-24T17:20:18.388+0000] {logging_mixin.py:188} INFO - [2026-07-24T17:20:18.388+0000] {dag.py:3947} INFO - Setting next_dagrun for example_xcom to 2021-01-01 00:00:00+00:00, run_after=2021-01-01 00:00:00+00:00
[2026-07-24T17:20:18.422+0000] {processor.py:183} INFO - Processing /home/airflow/.local/lib/python3.12/site-packages/airflow/example_dags/example_xcom.py took 0.140 seconds
[2026-07-24T17:20:50.606+0000] {processor.py:161} INFO - Started process (PID=2055) to work on /home/airflow/.local/lib/python3.12/site-packages/airflow/example_dags/example_xcom.py
[2026-07-24T17:20:50.610+0000] {processor.py:830} INFO - Processing file /home/airflow/.local/lib/python3.12/site-packages/airflow/example_dags/example_xcom.py for tasks to queue
[2026-07-24T17:20:50.615+0000] {logging_mixin.py:188} INFO - [2026-07-24T17:20:50.614+0000] {dagbag.py:545} INFO - Filling up the DagBag from /home/airflow/.local/lib/python3.12/site-packages/airflow/example_dags/example_xcom.py
[2026-07-24T17:20:50.636+0000] {processor.py:840} INFO - DAG(s) 'example_xcom' retrieved from /home/airflow/.local/lib/python3.12/site-packages/airflow/example_dags/example_xcom.py
[2026-07-24T17:20:50.683+0000] {logging_mixin.py:188} INFO - [2026-07-24T17:20:50.683+0000] {dag.py:3089} INFO - Sync 1 DAGs
[2026-07-24T17:20:50.733+0000] {logging_mixin.py:188} INFO - [2026-07-24T17:20:50.732+0000] {dag.py:3947} INFO - Setting next_dagrun for example_xcom to 2021-01-01 00:00:00+00:00, run_after=2021-01-01 00:00:00+00:00
[2026-07-24T17:20:51.245+0000] {processor.py:183} INFO - Processing /home/airflow/.local/lib/python3.12/site-packages/airflow/example_dags/example_xcom.py took 0.652 seconds
[2026-07-24T17:21:21.438+0000] {processor.py:161} INFO - Started process (PID=2129) to work on /home/airflow/.local/lib/python3.12/site-packages/airflow/example_dags/example_xcom.py
[2026-07-24T17:21:21.441+0000] {processor.py:830} INFO - Processing file /home/airflow/.local/lib/python3.12/site-packages/airflow/example_dags/example_xcom.py for tasks to queue
[2026-07-24T17:21:21.446+0000] {logging_mixin.py:188} INFO - [2026-07-24T17:21:21.445+0000] {dagbag.py:545} INFO - Filling up the DagBag from /home/airflow/.local/lib/python3.12/site-packages/airflow/example_dags/example_xcom.py
[2026-07-24T17:21:21.461+0000] {processor.py:840} INFO - DAG(s) 'example_xcom' retrieved from /home/airflow/.local/lib/python3.12/site-packages/airflow/example_dags/example_xcom.py
[2026-07-24T17:21:21.498+0000] {logging_mixin.py:188} INFO - [2026-07-24T17:21:21.498+0000] {dag.py:3089} INFO - Sync 1 DAGs
[2026-07-24T17:21:21.535+0000] {logging_mixin.py:188} INFO - [2026-07-24T17:21:21.534+0000] {dag.py:3947} INFO - Setting next_dagrun for example_xcom to 2021-01-01 00:00:00+00:00, run_after=2021-01-01 00:00:00+00:00
[2026-07-24T17:21:21.877+0000] {processor.py:183} INFO - Processing /home/airflow/.local/lib/python3.12/site-packages/airflow/example_dags/example_xcom.py took 0.450 seconds
[2026-07-24T17:21:53.007+0000] {processor.py:161} INFO - Started process (PID=2201) to work on /home/airflow/.local/lib/python3.12/site-packages/airflow/example_dags/example_xcom.py
[2026-07-24T17:21:53.009+0000] {processor.py:830} INFO - Processing file /home/airflow/.local/lib/python3.12/site-packages/airflow/example_dags/example_xcom.py for tasks to queue
[2026-07-24T17:21:53.013+0000] {logging_mixin.py:188} INFO - [2026-07-24T17:21:53.013+0000] {dagbag.py:545} INFO - Filling up the DagBag from /home/airflow/.local/lib/python3.12/site-packages/airflow/example_dags/example_xcom.py
[2026-07-24T17:21:53.029+0000] {processor.py:840} INFO - DAG(s) 'example_xcom' retrieved from /home/airflow/.local/lib/python3.12/site-packages/airflow/example_dags/example_xcom.py
[2026-07-24T17:21:53.073+0000] {logging_mixin.py:188} INFO - [2026-07-24T17:21:53.072+0000] {dag.py:3089} INFO - Sync 1 DAGs
[2026-07-24T17:21:53.110+0000] {logging_mixin.py:188} INFO - [2026-07-24T17:21:53.110+0000] {dag.py:3947} INFO - Setting next_dagrun for example_xcom to 2021-01-01 00:00:00+00:00, run_after=2021-01-01 00:00:00+00:00
[2026-07-24T17:21:53.148+0000] {processor.py:183} INFO - Processing /home/airflow/.local/lib/python3.12/site-packages/airflow/example_dags/example_xcom.py took 0.153 seconds
[2026-07-24T17:22:24.280+0000] {processor.py:161} INFO - Started process (PID=2274) to work on /home/airflow/.local/lib/python3.12/site-packages/airflow/example_dags/example_xcom.py
[2026-07-24T17:22:24.283+0000] {processor.py:830} INFO - Processing file /home/airflow/.local/lib/python3.12/site-packages/airflow/example_dags/example_xcom.py for tasks to queue
[2026-07-24T17:22:24.287+0000] {logging_mixin.py:188} INFO - [2026-07-24T17:22:24.286+0000] {dagbag.py:545} INFO - Filling up the DagBag from /home/airflow/.local/lib/python3.12/site-packages/airflow/example_dags/example_xcom.py
[2026-07-24T17:22:24.305+0000] {processor.py:840} INFO - DAG(s) 'example_xcom' retrieved from /home/airflow/.local/lib/python3.12/site-packages/airflow/example_dags/example_xcom.py
[2026-07-24T17:22:24.351+0000] {logging_mixin.py:188} INFO - [2026-07-24T17:22:24.351+0000] {dag.py:3089} INFO - Sync 1 DAGs
[2026-07-24T17:22:24.395+0000] {logging_mixin.py:188} INFO - [2026-07-24T17:22:24.395+0000] {dag.py:3947} INFO - Setting next_dagrun for example_xcom to 2021-01-01 00:00:00+00:00, run_after=2021-01-01 00:00:00+00:00
[2026-07-24T17:22:24.433+0000] {processor.py:183} INFO - Processing /home/airflow/.local/lib/python3.12/site-packages/airflow/example_dags/example_xcom.py took 0.162 seconds
[2026-07-24T17:22:56.665+0000] {processor.py:161} INFO - Started process (PID=2354) to work on /home/airflow/.local/lib/python3.12/site-packages/airflow/example_dags/example_xcom.py
[2026-07-24T17:22:56.667+0000] {processor.py:830} INFO - Processing file /home/airflow/.local/lib/python3.12/site-packages/airflow/example_dags/example_xcom.py for tasks to queue
[2026-07-24T17:22:56.672+0000] {logging_mixin.py:188} INFO - [2026-07-24T17:22:56.671+0000] {dagbag.py:545} INFO - Filling up the DagBag from /home/airflow/.local/lib/python3.12/site-packages/airflow/example_dags/example_xcom.py
[2026-07-24T17:22:56.684+0000] {processor.py:840} INFO - DAG(s) 'example_xcom' retrieved from /home/airflow/.local/lib/python3.12/site-packages/airflow/example_dags/example_xcom.py
[2026-07-24T17:22:56.721+0000] {logging_mixin.py:188} INFO - [2026-07-24T17:22:56.721+0000] {dag.py:3089} INFO - Sync 1 DAGs
[2026-07-24T17:22:56.763+0000] {logging_mixin.py:188} INFO - [2026-07-24T17:22:56.763+0000] {dag.py:3947} INFO - Setting next_dagrun for example_xcom to 2021-01-01 00:00:00+00:00, run_after=2021-01-01 00:00:00+00:00
[2026-07-24T17:22:56.814+0000] {processor.py:183} INFO - Processing /home/airflow/.local/lib/python3.12/site-packages/airflow/example_dags/example_xcom.py took 0.159 seconds
[2026-07-24T17:23:29.621+0000] {processor.py:161} INFO - Started process (PID=2427) to work on /home/airflow/.local/lib/python3.12/site-packages/airflow/example_dags/example_xcom.py
[2026-07-24T17:23:29.624+0000] {processor.py:830} INFO - Processing file /home/airflow/.local/lib/python3.12/site-packages/airflow/example_dags/example_xcom.py for tasks to queue
[2026-07-24T17:23:29.630+0000] {logging_mixin.py:188} INFO - [2026-07-24T17:23:29.629+0000] {dagbag.py:545} INFO - Filling up the DagBag from /home/airflow/.local/lib/python3.12/site-packages/airflow/example_dags/example_xcom.py
[2026-07-24T17:23:29.648+0000] {processor.py:840} INFO - DAG(s) 'example_xcom' retrieved from /home/airflow/.local/lib/python3.12/site-packages/airflow/example_dags/example_xcom.py
[2026-07-24T17:23:30.068+0000] {logging_mixin.py:188} INFO - [2026-07-24T17:23:30.067+0000] {dag.py:3089} INFO - Sync 1 DAGs
[2026-07-24T17:23:30.102+0000] {logging_mixin.py:188} INFO - [2026-07-24T17:23:30.102+0000] {dag.py:3947} INFO - Setting next_dagrun for example_xcom to 2021-01-01 00:00:00+00:00, run_after=2021-01-01 00:00:00+00:00
[2026-07-24T17:23:30.148+0000] {processor.py:183} INFO - Processing /home/airflow/.local/lib/python3.12/site-packages/airflow/example_dags/example_xcom.py took 0.539 seconds
[2026-07-24T17:24:00.375+0000] {processor.py:161} INFO - Started process (PID=2500) to work on /home/airflow/.local/lib/python3.12/site-packages/airflow/example_dags/example_xcom.py
[2026-07-24T17:24:00.378+0000] {processor.py:830} INFO - Processing file /home/airflow/.local/lib/python3.12/site-packages/airflow/example_dags/example_xcom.py for tasks to queue
[2026-07-24T17:24:00.382+0000] {logging_mixin.py:188} INFO - [2026-07-24T17:24:00.382+0000] {dagbag.py:545} INFO - Filling up the DagBag from /home/airflow/.local/lib/python3.12/site-packages/airflow/example_dags/example_xcom.py
[2026-07-24T17:24:00.398+0000] {processor.py:840} INFO - DAG(s) 'example_xcom' retrieved from /home/airflow/.local/lib/python3.12/site-packages/airflow/example_dags/example_xcom.py
[2026-07-24T17:24:00.445+0000] {logging_mixin.py:188} INFO - [2026-07-24T17:24:00.445+0000] {dag.py:3089} INFO - Sync 1 DAGs
[2026-07-24T17:24:00.493+0000] {logging_mixin.py:188} INFO - [2026-07-24T17:24:00.493+0000] {dag.py:3947} INFO - Setting next_dagrun for example_xcom to 2021-01-01 00:00:00+00:00, run_after=2021-01-01 00:00:00+00:00
[2026-07-24T17:24:00.545+0000] {processor.py:183} INFO - Processing /home/airflow/.local/lib/python3.12/site-packages/airflow/example_dags/example_xcom.py took 0.181 seconds
[2026-07-24T17:24:30.752+0000] {processor.py:161} INFO - Started process (PID=2573) to work on /home/airflow/.local/lib/python3.12/site-packages/airflow/example_dags/example_xcom.py
[2026-07-24T17:24:30.755+0000] {processor.py:830} INFO - Processing file /home/airflow/.local/lib/python3.12/site-packages/airflow/example_dags/example_xcom.py for tasks to queue
[2026-07-24T17:24:30.762+0000] {logging_mixin.py:188} INFO - [2026-07-24T17:24:30.761+0000] {dagbag.py:545} INFO - Filling up the DagBag from /home/airflow/.local/lib/python3.12/site-packages/airflow/example_dags/example_xcom.py
[2026-07-24T17:24:30.783+0000] {processor.py:840} INFO - DAG(s) 'example_xcom' retrieved from /home/airflow/.local/lib/python3.12/site-packages/airflow/example_dags/example_xcom.py
[2026-07-24T17:24:30.841+0000] {logging_mixin.py:188} INFO - [2026-07-24T17:24:30.841+0000] {dag.py:3089} INFO - Sync 1 DAGs
[2026-07-24T17:24:30.899+0000] {logging_mixin.py:188} INFO - [2026-07-24T17:24:30.898+0000] {dag.py:3947} INFO - Setting next_dagrun for example_xcom to 2021-01-01 00:00:00+00:00, run_after=2021-01-01 00:00:00+00:00
[2026-07-24T17:24:30.945+0000] {processor.py:183} INFO - Processing /home/airflow/.local/lib/python3.12/site-packages/airflow/example_dags/example_xcom.py took 0.209 seconds
[2026-07-24T17:25:01.426+0000] {processor.py:161} INFO - Started process (PID=2639) to work on /home/airflow/.local/lib/python3.12/site-packages/airflow/example_dags/example_xcom.py
[2026-07-24T17:25:01.430+0000] {processor.py:830} INFO - Processing file /home/airflow/.local/lib/python3.12/site-packages/airflow/example_dags/example_xcom.py for tasks to queue
[2026-07-24T17:25:01.436+0000] {logging_mixin.py:188} INFO - [2026-07-24T17:25:01.435+0000] {dagbag.py:545} INFO - Filling up the DagBag from /home/airflow/.local/lib/python3.12/site-packages/airflow/example_dags/example_xcom.py
[2026-07-24T17:25:01.452+0000] {processor.py:840} INFO - DAG(s) 'example_xcom' retrieved from /home/airflow/.local/lib/python3.12/site-packages/airflow/example_dags/example_xcom.py
[2026-07-24T17:25:01.494+0000] {logging_mixin.py:188} INFO - [2026-07-24T17:25:01.493+0000] {dag.py:3089} INFO - Sync 1 DAGs
[2026-07-24T17:25:01.540+0000] {logging_mixin.py:188} INFO - [2026-07-24T17:25:01.540+0000] {dag.py:3947} INFO - Setting next_dagrun for example_xcom to 2021-01-01 00:00:00+00:00, run_after=2021-01-01 00:00:00+00:00
[2026-07-24T17:25:01.592+0000] {processor.py:183} INFO - Processing /home/airflow/.local/lib/python3.12/site-packages/airflow/example_dags/example_xcom.py took 0.180 seconds
[2026-07-24T17:25:31.701+0000] {processor.py:161} INFO - Started process (PID=2713) to work on /home/airflow/.local/lib/python3.12/site-packages/airflow/example_dags/example_xcom.py
[2026-07-24T17:25:31.704+0000] {processor.py:830} INFO - Processing file /home/airflow/.local/lib/python3.12/site-packages/airflow/example_dags/example_xcom.py for tasks to queue
[2026-07-24T17:25:31.707+0000] {logging_mixin.py:188} INFO - [2026-07-24T17:25:31.707+0000] {dagbag.py:545} INFO - Filling up the DagBag from /home/airflow/.local/lib/python3.12/site-packages/airflow/example_dags/example_xcom.py
[2026-07-24T17:25:31.719+0000] {processor.py:840} INFO - DAG(s) 'example_xcom' retrieved from /home/airflow/.local/lib/python3.12/site-packages/airflow/example_dags/example_xcom.py
[2026-07-24T17:25:31.755+0000] {logging_mixin.py:188} INFO - [2026-07-24T17:25:31.754+0000] {dag.py:3089} INFO - Sync 1 DAGs
[2026-07-24T17:25:31.784+0000] {logging_mixin.py:188} INFO - [2026-07-24T17:25:31.784+0000] {dag.py:3947} INFO - Setting next_dagrun for example_xcom to 2021-01-01 00:00:00+00:00, run_after=2021-01-01 00:00:00+00:00
[2026-07-24T17:25:31.830+0000] {processor.py:183} INFO - Processing /home/airflow/.local/lib/python3.12/site-packages/airflow/example_dags/example_xcom.py took 0.137 seconds
[2026-07-24T17:26:03.900+0000] {processor.py:161} INFO - Started process (PID=2788) to work on /home/airflow/.local/lib/python3.12/site-packages/airflow/example_dags/example_xcom.py
[2026-07-24T17:26:03.902+0000] {processor.py:830} INFO - Processing file /home/airflow/.local/lib/python3.12/site-packages/airflow/example_dags/example_xcom.py for tasks to queue
[2026-07-24T17:26:03.908+0000] {logging_mixin.py:188} INFO - [2026-07-24T17:26:03.907+0000] {dagbag.py:545} INFO - Filling up the DagBag from /home/airflow/.local/lib/python3.12/site-packages/airflow/example_dags/example_xcom.py
[2026-07-24T17:26:03.927+0000] {processor.py:840} INFO - DAG(s) 'example_xcom' retrieved from /home/airflow/.local/lib/python3.12/site-packages/airflow/example_dags/example_xcom.py
[2026-07-24T17:26:03.973+0000] {logging_mixin.py:188} INFO - [2026-07-24T17:26:03.972+0000] {dag.py:3089} INFO - Sync 1 DAGs
[2026-07-24T17:26:04.014+0000] {logging_mixin.py:188} INFO - [2026-07-24T17:26:04.014+0000] {dag.py:3947} INFO - Setting next_dagrun for example_xcom to 2021-01-01 00:00:00+00:00, run_after=2021-01-01 00:00:00+00:00
[2026-07-24T17:26:04.050+0000] {processor.py:183} INFO - Processing /home/airflow/.local/lib/python3.12/site-packages/airflow/example_dags/example_xcom.py took 0.163 seconds
[2026-07-24T17:26:34.431+0000] {processor.py:161} INFO - Started process (PID=2861) to work on /home/airflow/.local/lib/python3.12/site-packages/airflow/example_dags/example_xcom.py
[2026-07-24T17:26:34.434+0000] {processor.py:830} INFO - Processing file /home/airflow/.local/lib/python3.12/site-packages/airflow/example_dags/example_xcom.py for tasks to queue
[2026-07-24T17:26:34.439+0000] {logging_mixin.py:188} INFO - [2026-07-24T17:26:34.438+0000] {dagbag.py:545} INFO - Filling up the DagBag from /home/airflow/.local/lib/python3.12/site-packages/airflow/example_dags/example_xcom.py
[2026-07-24T17:26:34.452+0000] {processor.py:840} INFO - DAG(s) 'example_xcom' retrieved from /home/airflow/.local/lib/python3.12/site-packages/airflow/example_dags/example_xcom.py
[2026-07-24T17:26:34.485+0000] {logging_mixin.py:188} INFO - [2026-07-24T17:26:34.484+0000] {dag.py:3089} INFO - Sync 1 DAGs
[2026-07-24T17:26:34.515+0000] {logging_mixin.py:188} INFO - [2026-07-24T17:26:34.515+0000] {dag.py:3947} INFO - Setting next_dagrun for example_xcom to 2021-01-01 00:00:00+00:00, run_after=2021-01-01 00:00:00+00:00
[2026-07-24T17:26:34.545+0000] {processor.py:183} INFO - Processing /home/airflow/.local/lib/python3.12/site-packages/airflow/example_dags/example_xcom.py took 0.123 seconds
[2026-07-24T17:27:04.843+0000] {processor.py:161} INFO - Started process (PID=2933) to work on /home/airflow/.local/lib/python3.12/site-packages/airflow/example_dags/example_xcom.py
[2026-07-24T17:27:04.846+0000] {processor.py:830} INFO - Processing file /home/airflow/.local/lib/python3.12/site-packages/airflow/example_dags/example_xcom.py for tasks to queue
[2026-07-24T17:27:04.850+0000] {logging_mixin.py:188} INFO - [2026-07-24T17:27:04.849+0000] {dagbag.py:545} INFO - Filling up the DagBag from /home/airflow/.local/lib/python3.12/site-packages/airflow/example_dags/example_xcom.py
[2026-07-24T17:27:04.861+0000] {processor.py:840} INFO - DAG(s) 'example_xcom' retrieved from /home/airflow/.local/lib/python3.12/site-packages/airflow/example_dags/example_xcom.py
[2026-07-24T17:27:04.916+0000] {logging_mixin.py:188} INFO - [2026-07-24T17:27:04.915+0000] {dag.py:3089} INFO - Sync 1 DAGs
[2026-07-24T17:27:04.962+0000] {logging_mixin.py:188} INFO - [2026-07-24T17:27:04.962+0000] {dag.py:3947} INFO - Setting next_dagrun for example_xcom to 2021-01-01 00:00:00+00:00, run_after=2021-01-01 00:00:00+00:00
[2026-07-24T17:27:05.009+0000] {processor.py:183} INFO - Processing /home/airflow/.local/lib/python3.12/site-packages/airflow/example_dags/example_xcom.py took 0.175 seconds
[2026-07-24T17:27:36.778+0000] {processor.py:161} INFO - Started process (PID=3006) to work on /home/airflow/.local/lib/python3.12/site-packages/airflow/example_dags/example_xcom.py
[2026-07-24T17:27:36.783+0000] {processor.py:830} INFO - Processing file /home/airflow/.local/lib/python3.12/site-packages/airflow/example_dags/example_xcom.py for tasks to queue
[2026-07-24T17:27:36.791+0000] {logging_mixin.py:188} INFO - [2026-07-24T17:27:36.791+0000] {dagbag.py:545} INFO - Filling up the DagBag from /home/airflow/.local/lib/python3.12/site-packages/airflow/example_dags/example_xcom.py
[2026-07-24T17:27:36.814+0000] {processor.py:840} INFO - DAG(s) 'example_xcom' retrieved from /home/airflow/.local/lib/python3.12/site-packages/airflow/example_dags/example_xcom.py
[2026-07-24T17:27:36.871+0000] {logging_mixin.py:188} INFO - [2026-07-24T17:27:36.870+0000] {dag.py:3089} INFO - Sync 1 DAGs
[2026-07-24T17:27:36.924+0000] {logging_mixin.py:188} INFO - [2026-07-24T17:27:36.924+0000] {dag.py:3947} INFO - Setting next_dagrun for example_xcom to 2021-01-01 00:00:00+00:00, run_after=2021-01-01 00:00:00+00:00
[2026-07-24T17:27:36.998+0000] {processor.py:183} INFO - Processing /home/airflow/.local/lib/python3.12/site-packages/airflow/example_dags/example_xcom.py took 0.235 seconds
[2026-07-24T17:28:07.936+0000] {processor.py:161} INFO - Started process (PID=3079) to work on /home/airflow/.local/lib/python3.12/site-packages/airflow/example_dags/example_xcom.py
[2026-07-24T17:28:07.938+0000] {processor.py:830} INFO - Processing file /home/airflow/.local/lib/python3.12/site-packages/airflow/example_dags/example_xcom.py for tasks to queue
[2026-07-24T17:28:07.942+0000] {logging_mixin.py:188} INFO - [2026-07-24T17:28:07.942+0000] {dagbag.py:545} INFO - Filling up the DagBag from /home/airflow/.local/lib/python3.12/site-packages/airflow/example_dags/example_xcom.py
[2026-07-24T17:28:07.953+0000] {processor.py:840} INFO - DAG(s) 'example_xcom' retrieved from /home/airflow/.local/lib/python3.12/site-packages/airflow/example_dags/example_xcom.py
[2026-07-24T17:28:07.985+0000] {logging_mixin.py:188} INFO - [2026-07-24T17:28:07.985+0000] {dag.py:3089} INFO - Sync 1 DAGs
[2026-07-24T17:28:08.019+0000] {logging_mixin.py:188} INFO - [2026-07-24T17:28:08.019+0000] {dag.py:3947} INFO - Setting next_dagrun for example_xcom to 2021-01-01 00:00:00+00:00, run_after=2021-01-01 00:00:00+00:00
[2026-07-24T17:28:08.063+0000] {processor.py:183} INFO - Processing /home/airflow/.local/lib/python3.12/site-packages/airflow/example_dags/example_xcom.py took 0.135 seconds
[2026-07-24T17:28:39.503+0000] {processor.py:161} INFO - Started process (PID=3153) to work on /home/airflow/.local/lib/python3.12/site-packages/airflow/example_dags/example_xcom.py
[2026-07-24T17:28:39.509+0000] {processor.py:830} INFO - Processing file /home/airflow/.local/lib/python3.12/site-packages/airflow/example_dags/example_xcom.py for tasks to queue
[2026-07-24T17:28:39.520+0000] {logging_mixin.py:188} INFO - [2026-07-24T17:28:39.519+0000] {dagbag.py:545} INFO - Filling up the DagBag from /home/airflow/.local/lib/python3.12/site-packages/airflow/example_dags/example_xcom.py
[2026-07-24T17:28:39.573+0000] {processor.py:840} INFO - DAG(s) 'example_xcom' retrieved from /home/airflow/.local/lib/python3.12/site-packages/airflow/example_dags/example_xcom.py
[2026-07-24T17:28:39.651+0000] {logging_mixin.py:188} INFO - [2026-07-24T17:28:39.650+0000] {dag.py:3089} INFO - Sync 1 DAGs
[2026-07-24T17:28:39.710+0000] {logging_mixin.py:188} INFO - [2026-07-24T17:28:39.709+0000] {dag.py:3947} INFO - Setting next_dagrun for example_xcom to 2021-01-01 00:00:00+00:00, run_after=2021-01-01 00:00:00+00:00
[2026-07-24T17:28:39.757+0000] {processor.py:183} INFO - Processing /home/airflow/.local/lib/python3.12/site-packages/airflow/example_dags/example_xcom.py took 0.285 seconds
[2026-07-24T17:29:10.025+0000] {processor.py:161} INFO - Started process (PID=3226) to work on /home/airflow/.local/lib/python3.12/site-packages/airflow/example_dags/example_xcom.py
[2026-07-24T17:29:10.027+0000] {processor.py:830} INFO - Processing file /home/airflow/.local/lib/python3.12/site-packages/airflow/example_dags/example_xcom.py for tasks to queue
[2026-07-24T17:29:10.031+0000] {logging_mixin.py:188} INFO - [2026-07-24T17:29:10.031+0000] {dagbag.py:545} INFO - Filling up the DagBag from /home/airflow/.local/lib/python3.12/site-packages/airflow/example_dags/example_xcom.py
[2026-07-24T17:29:10.051+0000] {processor.py:840} INFO - DAG(s) 'example_xcom' retrieved from /home/airflow/.local/lib/python3.12/site-packages/airflow/example_dags/example_xcom.py
[2026-07-24T17:29:10.098+0000] {logging_mixin.py:188} INFO - [2026-07-24T17:29:10.097+0000] {dag.py:3089} INFO - Sync 1 DAGs
[2026-07-24T17:29:10.143+0000] {logging_mixin.py:188} INFO - [2026-07-24T17:29:10.142+0000] {dag.py:3947} INFO - Setting next_dagrun for example_xcom to 2021-01-01 00:00:00+00:00, run_after=2021-01-01 00:00:00+00:00
[2026-07-24T17:29:10.185+0000] {processor.py:183} INFO - Processing /home/airflow/.local/lib/python3.12/site-packages/airflow/example_dags/example_xcom.py took 0.171 seconds
[2026-07-24T17:29:42.315+0000] {processor.py:161} INFO - Started process (PID=3307) to work on /home/airflow/.local/lib/python3.12/site-packages/airflow/example_dags/example_xcom.py
[2026-07-24T17:29:42.318+0000] {processor.py:830} INFO - Processing file /home/airflow/.local/lib/python3.12/site-packages/airflow/example_dags/example_xcom.py for tasks to queue
[2026-07-24T17:29:42.326+0000] {logging_mixin.py:188} INFO - [2026-07-24T17:29:42.324+0000] {dagbag.py:545} INFO - Filling up the DagBag from /home/airflow/.local/lib/python3.12/site-packages/airflow/example_dags/example_xcom.py
[2026-07-24T17:29:42.347+0000] {processor.py:840} INFO - DAG(s) 'example_xcom' retrieved from /home/airflow/.local/lib/python3.12/site-packages/airflow/example_dags/example_xcom.py
[2026-07-24T17:29:42.426+0000] {logging_mixin.py:188} INFO - [2026-07-24T17:29:42.425+0000] {dag.py:3089} INFO - Sync 1 DAGs
[2026-07-24T17:29:42.506+0000] {logging_mixin.py:188} INFO - [2026-07-24T17:29:42.506+0000] {dag.py:3947} INFO - Setting next_dagrun for example_xcom to 2021-01-01 00:00:00+00:00, run_after=2021-01-01 00:00:00+00:00
[2026-07-24T17:29:42.567+0000] {processor.py:183} INFO - Processing /home/airflow/.local/lib/python3.12/site-packages/airflow/example_dags/example_xcom.py took 0.273 seconds
[2026-07-24T17:30:14.148+0000] {processor.py:161} INFO - Started process (PID=3380) to work on /home/airflow/.local/lib/python3.12/site-packages/airflow/example_dags/example_xcom.py
[2026-07-24T17:30:14.151+0000] {processor.py:830} INFO - Processing file /home/airflow/.local/lib/python3.12/site-packages/airflow/example_dags/example_xcom.py for tasks to queue
[2026-07-24T17:30:14.156+0000] {logging_mixin.py:188} INFO - [2026-07-24T17:30:14.156+0000] {dagbag.py:545} INFO - Filling up the DagBag from /home/airflow/.local/lib/python3.12/site-packages/airflow/example_dags/example_xcom.py
[2026-07-24T17:30:14.171+0000] {processor.py:840} INFO - DAG(s) 'example_xcom' retrieved from /home/airflow/.local/lib/python3.12/site-packages/airflow/example_dags/example_xcom.py
[2026-07-24T17:30:14.216+0000] {logging_mixin.py:188} INFO - [2026-07-24T17:30:14.216+0000] {dag.py:3089} INFO - Sync 1 DAGs
[2026-07-24T17:30:14.261+0000] {logging_mixin.py:188} INFO - [2026-07-24T17:30:14.260+0000] {dag.py:3947} INFO - Setting next_dagrun for example_xcom to 2021-01-01 00:00:00+00:00, run_after=2021-01-01 00:00:00+00:00
[2026-07-24T17:30:14.296+0000] {processor.py:183} INFO - Processing /home/airflow/.local/lib/python3.12/site-packages/airflow/example_dags/example_xcom.py took 0.159 seconds
[2026-07-24T17:30:44.517+0000] {processor.py:161} INFO - Started process (PID=3453) to work on /home/airflow/.local/lib/python3.12/site-packages/airflow/example_dags/example_xcom.py
[2026-07-24T17:30:44.520+0000] {processor.py:830} INFO - Processing file /home/airflow/.local/lib/python3.12/site-packages/airflow/example_dags/example_xcom.py for tasks to queue
[2026-07-24T17:30:44.524+0000] {logging_mixin.py:188} INFO - [2026-07-24T17:30:44.523+0000] {dagbag.py:545} INFO - Filling up the DagBag from /home/airflow/.local/lib/python3.12/site-packages/airflow/example_dags/example_xcom.py
[2026-07-24T17:30:44.538+0000] {processor.py:840} INFO - DAG(s) 'example_xcom' retrieved from /home/airflow/.local/lib/python3.12/site-packages/airflow/example_dags/example_xcom.py
[2026-07-24T17:30:44.585+0000] {logging_mixin.py:188} INFO - [2026-07-24T17:30:44.585+0000] {dag.py:3089} INFO - Sync 1 DAGs
[2026-07-24T17:30:44.630+0000] {logging_mixin.py:188} INFO - [2026-07-24T17:30:44.629+0000] {dag.py:3947} INFO - Setting next_dagrun for example_xcom to 2021-01-01 00:00:00+00:00, run_after=2021-01-01 00:00:00+00:00
[2026-07-24T17:30:44.666+0000] {processor.py:183} INFO - Processing /home/airflow/.local/lib/python3.12/site-packages/airflow/example_dags/example_xcom.py took 0.157 seconds
[2026-07-24T17:31:15.245+0000] {processor.py:161} INFO - Started process (PID=3519) to work on /home/airflow/.local/lib/python3.12/site-packages/airflow/example_dags/example_xcom.py
[2026-07-24T17:31:15.247+0000] {processor.py:830} INFO - Processing file /home/airflow/.local/lib/python3.12/site-packages/airflow/example_dags/example_xcom.py for tasks to queue
[2026-07-24T17:31:15.251+0000] {logging_mixin.py:188} INFO - [2026-07-24T17:31:15.250+0000] {dagbag.py:545} INFO - Filling up the DagBag from /home/airflow/.local/lib/python3.12/site-packages/airflow/example_dags/example_xcom.py
[2026-07-24T17:31:15.265+0000] {processor.py:840} INFO - DAG(s) 'example_xcom' retrieved from /home/airflow/.local/lib/python3.12/site-packages/airflow/example_dags/example_xcom.py
[2026-07-24T17:31:15.297+0000] {logging_mixin.py:188} INFO - [2026-07-24T17:31:15.296+0000] {dag.py:3089} INFO - Sync 1 DAGs
[2026-07-24T17:31:15.330+0000] {logging_mixin.py:188} INFO - [2026-07-24T17:31:15.330+0000] {dag.py:3947} INFO - Setting next_dagrun for example_xcom to 2021-01-01 00:00:00+00:00, run_after=2021-01-01 00:00:00+00:00
[2026-07-24T17:31:15.363+0000] {processor.py:183} INFO - Processing /home/airflow/.local/lib/python3.12/site-packages/airflow/example_dags/example_xcom.py took 0.127 seconds
[2026-07-24T17:31:47.289+0000] {processor.py:161} INFO - Started process (PID=3593) to work on /home/airflow/.local/lib/python3.12/site-packages/airflow/example_dags/example_xcom.py
[2026-07-24T17:31:47.292+0000] {processor.py:830} INFO - Processing file /home/airflow/.local/lib/python3.12/site-packages/airflow/example_dags/example_xcom.py for tasks to queue
[2026-07-24T17:31:47.298+0000] {logging_mixin.py:188} INFO - [2026-07-24T17:31:47.297+0000] {dagbag.py:545} INFO - Filling up the DagBag from /home/airflow/.local/lib/python3.12/site-packages/airflow/example_dags/example_xcom.py
[2026-07-24T17:31:47.317+0000] {processor.py:840} INFO - DAG(s) 'example_xcom' retrieved from /home/airflow/.local/lib/python3.12/site-packages/airflow/example_dags/example_xcom.py
[2026-07-24T17:31:47.362+0000] {logging_mixin.py:188} INFO - [2026-07-24T17:31:47.362+0000] {dag.py:3089} INFO - Sync 1 DAGs
[2026-07-24T17:31:47.406+0000] {logging_mixin.py:188} INFO - [2026-07-24T17:31:47.406+0000] {dag.py:3947} INFO - Setting next_dagrun for example_xcom to 2021-01-01 00:00:00+00:00, run_after=2021-01-01 00:00:00+00:00
[2026-07-24T17:31:47.448+0000] {processor.py:183} INFO - Processing /home/airflow/.local/lib/python3.12/site-packages/airflow/example_dags/example_xcom.py took 0.174 seconds
[2026-07-24T17:32:17.627+0000] {processor.py:161} INFO - Started process (PID=3666) to work on /home/airflow/.local/lib/python3.12/site-packages/airflow/example_dags/example_xcom.py
[2026-07-24T17:32:17.629+0000] {processor.py:830} INFO - Processing file /home/airflow/.local/lib/python3.12/site-packages/airflow/example_dags/example_xcom.py for tasks to queue
[2026-07-24T17:32:17.634+0000] {logging_mixin.py:188} INFO - [2026-07-24T17:32:17.633+0000] {dagbag.py:545} INFO - Filling up the DagBag from /home/airflow/.local/lib/python3.12/site-packages/airflow/example_dags/example_xcom.py
[2026-07-24T17:32:17.644+0000] {processor.py:840} INFO - DAG(s) 'example_xcom' retrieved from /home/airflow/.local/lib/python3.12/site-packages/airflow/example_dags/example_xcom.py
[2026-07-24T17:32:17.676+0000] {logging_mixin.py:188} INFO - [2026-07-24T17:32:17.676+0000] {dag.py:3089} INFO - Sync 1 DAGs
[2026-07-24T17:32:17.704+0000] {logging_mixin.py:188} INFO - [2026-07-24T17:32:17.704+0000] {dag.py:3947} INFO - Setting next_dagrun for example_xcom to 2021-01-01 00:00:00+00:00, run_after=2021-01-01 00:00:00+00:00
[2026-07-24T17:32:17.733+0000] {processor.py:183} INFO - Processing /home/airflow/.local/lib/python3.12/site-packages/airflow/example_dags/example_xcom.py took 0.112 seconds
[2026-07-24T17:32:48.425+0000] {processor.py:161} INFO - Started process (PID=3740) to work on /home/airflow/.local/lib/python3.12/site-packages/airflow/example_dags/example_xcom.py
[2026-07-24T17:32:48.427+0000] {processor.py:830} INFO - Processing file /home/airflow/.local/lib/python3.12/site-packages/airflow/example_dags/example_xcom.py for tasks to queue
[2026-07-24T17:32:48.431+0000] {logging_mixin.py:188} INFO - [2026-07-24T17:32:48.430+0000] {dagbag.py:545} INFO - Filling up the DagBag from /home/airflow/.local/lib/python3.12/site-packages/airflow/example_dags/example_xcom.py
[2026-07-24T17:32:48.442+0000] {processor.py:840} INFO - DAG(s) 'example_xcom' retrieved from /home/airflow/.local/lib/python3.12/site-packages/airflow/example_dags/example_xcom.py
[2026-07-24T17:32:48.474+0000] {logging_mixin.py:188} INFO - [2026-07-24T17:32:48.474+0000] {dag.py:3089} INFO - Sync 1 DAGs
[2026-07-24T17:32:48.502+0000] {logging_mixin.py:188} INFO - [2026-07-24T17:32:48.502+0000] {dag.py:3947} INFO - Setting next_dagrun for example_xcom to 2021-01-01 00:00:00+00:00, run_after=2021-01-01 00:00:00+00:00
[2026-07-24T17:32:48.535+0000] {processor.py:183} INFO - Processing /home/airflow/.local/lib/python3.12/site-packages/airflow/example_dags/example_xcom.py took 0.117 seconds
[2026-07-24T17:33:19.957+0000] {processor.py:161} INFO - Started process (PID=3812) to work on /home/airflow/.local/lib/python3.12/site-packages/airflow/example_dags/example_xcom.py
[2026-07-24T17:33:19.960+0000] {processor.py:830} INFO - Processing file /home/airflow/.local/lib/python3.12/site-packages/airflow/example_dags/example_xcom.py for tasks to queue
[2026-07-24T17:33:19.964+0000] {logging_mixin.py:188} INFO - [2026-07-24T17:33:19.963+0000] {dagbag.py:545} INFO - Filling up the DagBag from /home/airflow/.local/lib/python3.12/site-packages/airflow/example_dags/example_xcom.py
[2026-07-24T17:33:19.975+0000] {processor.py:840} INFO - DAG(s) 'example_xcom' retrieved from /home/airflow/.local/lib/python3.12/site-packages/airflow/example_dags/example_xcom.py
[2026-07-24T17:33:20.007+0000] {logging_mixin.py:188} INFO - [2026-07-24T17:33:20.007+0000] {dag.py:3089} INFO - Sync 1 DAGs
[2026-07-24T17:33:20.038+0000] {logging_mixin.py:188} INFO - [2026-07-24T17:33:20.038+0000] {dag.py:3947} INFO - Setting next_dagrun for example_xcom to 2021-01-01 00:00:00+00:00, run_after=2021-01-01 00:00:00+00:00
[2026-07-24T17:33:20.089+0000] {processor.py:183} INFO - Processing /home/airflow/.local/lib/python3.12/site-packages/airflow/example_dags/example_xcom.py took 0.141 seconds
[2026-07-24T17:33:50.895+0000] {processor.py:161} INFO - Started process (PID=3887) to work on /home/airflow/.local/lib/python3.12/site-packages/airflow/example_dags/example_xcom.py
[2026-07-24T17:33:50.898+0000] {processor.py:830} INFO - Processing file /home/airflow/.local/lib/python3.12/site-packages/airflow/example_dags/example_xcom.py for tasks to queue
[2026-07-24T17:33:50.903+0000] {logging_mixin.py:188} INFO - [2026-07-24T17:33:50.902+0000] {dagbag.py:545} INFO - Filling up the DagBag from /home/airflow/.local/lib/python3.12/site-packages/airflow/example_dags/example_xcom.py
[2026-07-24T17:33:50.916+0000] {processor.py:840} INFO - DAG(s) 'example_xcom' retrieved from /home/airflow/.local/lib/python3.12/site-packages/airflow/example_dags/example_xcom.py
[2026-07-24T17:33:50.958+0000] {logging_mixin.py:188} INFO - [2026-07-24T17:33:50.957+0000] {dag.py:3089} INFO - Sync 1 DAGs
[2026-07-24T17:33:50.996+0000] {logging_mixin.py:188} INFO - [2026-07-24T17:33:50.995+0000] {dag.py:3947} INFO - Setting next_dagrun for example_xcom to 2021-01-01 00:00:00+00:00, run_after=2021-01-01 00:00:00+00:00
[2026-07-24T17:33:51.031+0000] {processor.py:183} INFO - Processing /home/airflow/.local/lib/python3.12/site-packages/airflow/example_dags/example_xcom.py took 0.143 seconds
[2026-07-24T17:34:21.658+0000] {processor.py:161} INFO - Started process (PID=3961) to work on /home/airflow/.local/lib/python3.12/site-packages/airflow/example_dags/example_xcom.py
[2026-07-24T17:34:21.661+0000] {processor.py:830} INFO - Processing file /home/airflow/.local/lib/python3.12/site-packages/airflow/example_dags/example_xcom.py for tasks to queue
[2026-07-24T17:34:21.666+0000] {logging_mixin.py:188} INFO - [2026-07-24T17:34:21.665+0000] {dagbag.py:545} INFO - Filling up the DagBag from /home/airflow/.local/lib/python3.12/site-packages/airflow/example_dags/example_xcom.py
[2026-07-24T17:34:21.678+0000] {processor.py:840} INFO - DAG(s) 'example_xcom' retrieved from /home/airflow/.local/lib/python3.12/site-packages/airflow/example_dags/example_xcom.py
[2026-07-24T17:34:21.718+0000] {logging_mixin.py:188} INFO - [2026-07-24T17:34:21.718+0000] {dag.py:3089} INFO - Sync 1 DAGs
[2026-07-24T17:34:21.754+0000] {logging_mixin.py:188} INFO - [2026-07-24T17:34:21.754+0000] {dag.py:3947} INFO - Setting next_dagrun for example_xcom to 2021-01-01 00:00:00+00:00, run_after=2021-01-01 00:00:00+00:00
[2026-07-24T17:34:21.802+0000] {processor.py:183} INFO - Processing /home/airflow/.local/lib/python3.12/site-packages/airflow/example_dags/example_xcom.py took 0.156 seconds
[2026-07-24T17:34:53.650+0000] {processor.py:161} INFO - Started process (PID=4034) to work on /home/airflow/.local/lib/python3.12/site-packages/airflow/example_dags/example_xcom.py
[2026-07-24T17:34:53.653+0000] {processor.py:830} INFO - Processing file /home/airflow/.local/lib/python3.12/site-packages/airflow/example_dags/example_xcom.py for tasks to queue
[2026-07-24T17:34:53.657+0000] {logging_mixin.py:188} INFO - [2026-07-24T17:34:53.656+0000] {dagbag.py:545} INFO - Filling up the DagBag from /home/airflow/.local/lib/python3.12/site-packages/airflow/example_dags/example_xcom.py
[2026-07-24T17:34:53.670+0000] {processor.py:840} INFO - DAG(s) 'example_xcom' retrieved from /home/airflow/.local/lib/python3.12/site-packages/airflow/example_dags/example_xcom.py
[2026-07-24T17:34:53.706+0000] {logging_mixin.py:188} INFO - [2026-07-24T17:34:53.705+0000] {dag.py:3089} INFO - Sync 1 DAGs
[2026-07-24T17:34:53.740+0000] {logging_mixin.py:188} INFO - [2026-07-24T17:34:53.740+0000] {dag.py:3947} INFO - Setting next_dagrun for example_xcom to 2021-01-01 00:00:00+00:00, run_after=2021-01-01 00:00:00+00:00
[2026-07-24T17:34:53.774+0000] {processor.py:183} INFO - Processing /home/airflow/.local/lib/python3.12/site-packages/airflow/example_dags/example_xcom.py took 0.133 seconds
[2026-07-24T17:35:25.046+0000] {processor.py:161} INFO - Started process (PID=4108) to work on /home/airflow/.local/lib/python3.12/site-packages/airflow/example_dags/example_xcom.py
[2026-07-24T17:35:25.048+0000] {processor.py:830} INFO - Processing file /home/airflow/.local/lib/python3.12/site-packages/airflow/example_dags/example_xcom.py for tasks to queue
[2026-07-24T17:35:25.055+0000] {logging_mixin.py:188} INFO - [2026-07-24T17:35:25.052+0000] {dagbag.py:545} INFO - Filling up the DagBag from /home/airflow/.local/lib/python3.12/site-packages/airflow/example_dags/example_xcom.py
[2026-07-24T17:35:25.085+0000] {processor.py:840} INFO - DAG(s) 'example_xcom' retrieved from /home/airflow/.local/lib/python3.12/site-packages/airflow/example_dags/example_xcom.py
[2026-07-24T17:35:25.151+0000] {logging_mixin.py:188} INFO - [2026-07-24T17:35:25.151+0000] {dag.py:3089} INFO - Sync 1 DAGs
[2026-07-24T17:35:25.218+0000] {logging_mixin.py:188} INFO - [2026-07-24T17:35:25.218+0000] {dag.py:3947} INFO - Setting next_dagrun for example_xcom to 2021-01-01 00:00:00+00:00, run_after=2021-01-01 00:00:00+00:00
[2026-07-24T17:35:25.266+0000] {processor.py:183} INFO - Processing /home/airflow/.local/lib/python3.12/site-packages/airflow/example_dags/example_xcom.py took 0.230 seconds
[2026-07-24T17:35:56.929+0000] {processor.py:161} INFO - Started process (PID=4181) to work on /home/airflow/.local/lib/python3.12/site-packages/airflow/example_dags/example_xcom.py
[2026-07-24T17:35:56.931+0000] {processor.py:830} INFO - Processing file /home/airflow/.local/lib/python3.12/site-packages/airflow/example_dags/example_xcom.py for tasks to queue
[2026-07-24T17:35:56.934+0000] {logging_mixin.py:188} INFO - [2026-07-24T17:35:56.934+0000] {dagbag.py:545} INFO - Filling up the DagBag from /home/airflow/.local/lib/python3.12/site-packages/airflow/example_dags/example_xcom.py
[2026-07-24T17:35:56.953+0000] {processor.py:840} INFO - DAG(s) 'example_xcom' retrieved from /home/airflow/.local/lib/python3.12/site-packages/airflow/example_dags/example_xcom.py
[2026-07-24T17:35:56.992+0000] {logging_mixin.py:188} INFO - [2026-07-24T17:35:56.992+0000] {dag.py:3089} INFO - Sync 1 DAGs
[2026-07-24T17:35:57.032+0000] {logging_mixin.py:188} INFO - [2026-07-24T17:35:57.032+0000] {dag.py:3947} INFO - Setting next_dagrun for example_xcom to 2021-01-01 00:00:00+00:00, run_after=2021-01-01 00:00:00+00:00
[2026-07-24T17:35:57.066+0000] {processor.py:183} INFO - Processing /home/airflow/.local/lib/python3.12/site-packages/airflow/example_dags/example_xcom.py took 0.145 seconds
[2026-07-24T17:36:27.302+0000] {processor.py:161} INFO - Started process (PID=4254) to work on /home/airflow/.local/lib/python3.12/site-packages/airflow/example_dags/example_xcom.py
[2026-07-24T17:36:27.305+0000] {processor.py:830} INFO - Processing file /home/airflow/.local/lib/python3.12/site-packages/airflow/example_dags/example_xcom.py for tasks to queue
[2026-07-24T17:36:27.309+0000] {logging_mixin.py:188} INFO - [2026-07-24T17:36:27.309+0000] {dagbag.py:545} INFO - Filling up the DagBag from /home/airflow/.local/lib/python3.12/site-packages/airflow/example_dags/example_xcom.py
[2026-07-24T17:36:27.320+0000] {processor.py:840} INFO - DAG(s) 'example_xcom' retrieved from /home/airflow/.local/lib/python3.12/site-packages/airflow/example_dags/example_xcom.py
[2026-07-24T17:36:27.359+0000] {logging_mixin.py:188} INFO - [2026-07-24T17:36:27.358+0000] {dag.py:3089} INFO - Sync 1 DAGs
[2026-07-24T17:36:27.391+0000] {logging_mixin.py:188} INFO - [2026-07-24T17:36:27.390+0000] {dag.py:3947} INFO - Setting next_dagrun for example_xcom to 2021-01-01 00:00:00+00:00, run_after=2021-01-01 00:00:00+00:00
[2026-07-24T17:36:27.424+0000] {processor.py:183} INFO - Processing /home/airflow/.local/lib/python3.12/site-packages/airflow/example_dags/example_xcom.py took 0.130 seconds
[2026-07-24T17:36:57.989+0000] {processor.py:161} INFO - Started process (PID=4327) to work on /home/airflow/.local/lib/python3.12/site-packages/airflow/example_dags/example_xcom.py
[2026-07-24T17:36:57.991+0000] {processor.py:830} INFO - Processing file /home/airflow/.local/lib/python3.12/site-packages/airflow/example_dags/example_xcom.py for tasks to queue
[2026-07-24T17:36:57.995+0000] {logging_mixin.py:188} INFO - [2026-07-24T17:36:57.995+0000] {dagbag.py:545} INFO - Filling up the DagBag from /home/airflow/.local/lib/python3.12/site-packages/airflow/example_dags/example_xcom.py
[2026-07-24T17:36:58.010+0000] {processor.py:840} INFO - DAG(s) 'example_xcom' retrieved from /home/airflow/.local/lib/python3.12/site-packages/airflow/example_dags/example_xcom.py
[2026-07-24T17:36:58.049+0000] {logging_mixin.py:188} INFO - [2026-07-24T17:36:58.049+0000] {dag.py:3089} INFO - Sync 1 DAGs
[2026-07-24T17:36:58.085+0000] {logging_mixin.py:188} INFO - [2026-07-24T17:36:58.085+0000] {dag.py:3947} INFO - Setting next_dagrun for example_xcom to 2021-01-01 00:00:00+00:00, run_after=2021-01-01 00:00:00+00:00
[2026-07-24T17:36:58.126+0000] {processor.py:183} INFO - Processing /home/airflow/.local/lib/python3.12/site-packages/airflow/example_dags/example_xcom.py took 0.146 seconds
[2026-07-24T17:37:30.299+0000] {processor.py:161} INFO - Started process (PID=4400) to work on /home/airflow/.local/lib/python3.12/site-packages/airflow/example_dags/example_xcom.py
[2026-07-24T17:37:30.302+0000] {processor.py:830} INFO - Processing file /home/airflow/.local/lib/python3.12/site-packages/airflow/example_dags/example_xcom.py for tasks to queue
[2026-07-24T17:37:30.307+0000] {logging_mixin.py:188} INFO - [2026-07-24T17:37:30.306+0000] {dagbag.py:545} INFO - Filling up the DagBag from /home/airflow/.local/lib/python3.12/site-packages/airflow/example_dags/example_xcom.py
[2026-07-24T17:37:30.317+0000] {processor.py:840} INFO - DAG(s) 'example_xcom' retrieved from /home/airflow/.local/lib/python3.12/site-packages/airflow/example_dags/example_xcom.py
[2026-07-24T17:37:30.354+0000] {logging_mixin.py:188} INFO - [2026-07-24T17:37:30.353+0000] {dag.py:3089} INFO - Sync 1 DAGs
[2026-07-24T17:37:30.389+0000] {logging_mixin.py:188} INFO - [2026-07-24T17:37:30.388+0000] {dag.py:3947} INFO - Setting next_dagrun for example_xcom to 2021-01-01 00:00:00+00:00, run_after=2021-01-01 00:00:00+00:00
[2026-07-24T17:37:30.443+0000] {processor.py:183} INFO - Processing /home/airflow/.local/lib/python3.12/site-packages/airflow/example_dags/example_xcom.py took 0.152 seconds
[2026-07-24T17:38:01.240+0000] {processor.py:161} INFO - Started process (PID=4476) to work on /home/airflow/.local/lib/python3.12/site-packages/airflow/example_dags/example_xcom.py
[2026-07-24T17:38:01.242+0000] {processor.py:830} INFO - Processing file /home/airflow/.local/lib/python3.12/site-packages/airflow/example_dags/example_xcom.py for tasks to queue
[2026-07-24T17:38:01.247+0000] {logging_mixin.py:188} INFO - [2026-07-24T17:38:01.246+0000] {dagbag.py:545} INFO - Filling up the DagBag from /home/airflow/.local/lib/python3.12/site-packages/airflow/example_dags/example_xcom.py
[2026-07-24T17:38:01.261+0000] {processor.py:840} INFO - DAG(s) 'example_xcom' retrieved from /home/airflow/.local/lib/python3.12/site-packages/airflow/example_dags/example_xcom.py
[2026-07-24T17:38:01.303+0000] {logging_mixin.py:188} INFO - [2026-07-24T17:38:01.302+0000] {dag.py:3089} INFO - Sync 1 DAGs
[2026-07-24T17:38:01.338+0000] {logging_mixin.py:188} INFO - [2026-07-24T17:38:01.338+0000] {dag.py:3947} INFO - Setting next_dagrun for example_xcom to 2021-01-01 00:00:00+00:00, run_after=2021-01-01 00:00:00+00:00
[2026-07-24T17:38:01.369+0000] {processor.py:183} INFO - Processing /home/airflow/.local/lib/python3.12/site-packages/airflow/example_dags/example_xcom.py took 0.146 seconds
[2026-07-24T17:38:32.782+0000] {processor.py:161} INFO - Started process (PID=4550) to work on /home/airflow/.local/lib/python3.12/site-packages/airflow/example_dags/example_xcom.py
[2026-07-24T17:38:32.784+0000] {processor.py:830} INFO - Processing file /home/airflow/.local/lib/python3.12/site-packages/airflow/example_dags/example_xcom.py for tasks to queue
[2026-07-24T17:38:32.788+0000] {logging_mixin.py:188} INFO - [2026-07-24T17:38:32.787+0000] {dagbag.py:545} INFO - Filling up the DagBag from /home/airflow/.local/lib/python3.12/site-packages/airflow/example_dags/example_xcom.py
[2026-07-24T17:38:32.799+0000] {processor.py:840} INFO - DAG(s) 'example_xcom' retrieved from /home/airflow/.local/lib/python3.12/site-packages/airflow/example_dags/example_xcom.py
[2026-07-24T17:38:32.839+0000] {logging_mixin.py:188} INFO - [2026-07-24T17:38:32.838+0000] {dag.py:3089} INFO - Sync 1 DAGs
[2026-07-24T17:38:32.915+0000] {logging_mixin.py:188} INFO - [2026-07-24T17:38:32.915+0000] {dag.py:3947} INFO - Setting next_dagrun for example_xcom to 2021-01-01 00:00:00+00:00, run_after=2021-01-01 00:00:00+00:00
[2026-07-24T17:38:32.953+0000] {processor.py:183} INFO - Processing /home/airflow/.local/lib/python3.12/site-packages/airflow/example_dags/example_xcom.py took 0.179 seconds
[2026-07-24T17:39:03.598+0000] {processor.py:161} INFO - Started process (PID=4623) to work on /home/airflow/.local/lib/python3.12/site-packages/airflow/example_dags/example_xcom.py
[2026-07-24T17:39:03.601+0000] {processor.py:830} INFO - Processing file /home/airflow/.local/lib/python3.12/site-packages/airflow/example_dags/example_xcom.py for tasks to queue
[2026-07-24T17:39:03.605+0000] {logging_mixin.py:188} INFO - [2026-07-24T17:39:03.604+0000] {dagbag.py:545} INFO - Filling up the DagBag from /home/airflow/.local/lib/python3.12/site-packages/airflow/example_dags/example_xcom.py
[2026-07-24T17:39:03.618+0000] {processor.py:840} INFO - DAG(s) 'example_xcom' retrieved from /home/airflow/.local/lib/python3.12/site-packages/airflow/example_dags/example_xcom.py
[2026-07-24T17:39:03.652+0000] {logging_mixin.py:188} INFO - [2026-07-24T17:39:03.652+0000] {dag.py:3089} INFO - Sync 1 DAGs
[2026-07-24T17:39:03.683+0000] {logging_mixin.py:188} INFO - [2026-07-24T17:39:03.683+0000] {dag.py:3947} INFO - Setting next_dagrun for example_xcom to 2021-01-01 00:00:00+00:00, run_after=2021-01-01 00:00:00+00:00
[2026-07-24T17:39:03.718+0000] {processor.py:183} INFO - Processing /home/airflow/.local/lib/python3.12/site-packages/airflow/example_dags/example_xcom.py took 0.128 seconds
[2026-07-24T17:39:35.303+0000] {processor.py:161} INFO - Started process (PID=4695) to work on /home/airflow/.local/lib/python3.12/site-packages/airflow/example_dags/example_xcom.py
[2026-07-24T17:39:35.305+0000] {processor.py:830} INFO - Processing file /home/airflow/.local/lib/python3.12/site-packages/airflow/example_dags/example_xcom.py for tasks to queue
[2026-07-24T17:39:35.310+0000] {logging_mixin.py:188} INFO - [2026-07-24T17:39:35.310+0000] {dagbag.py:545} INFO - Filling up the DagBag from /home/airflow/.local/lib/python3.12/site-packages/airflow/example_dags/example_xcom.py
[2026-07-24T17:39:35.325+0000] {processor.py:840} INFO - DAG(s) 'example_xcom' retrieved from /home/airflow/.local/lib/python3.12/site-packages/airflow/example_dags/example_xcom.py
[2026-07-24T17:39:35.363+0000] {logging_mixin.py:188} INFO - [2026-07-24T17:39:35.362+0000] {dag.py:3089} INFO - Sync 1 DAGs
[2026-07-24T17:39:35.401+0000] {logging_mixin.py:188} INFO - [2026-07-24T17:39:35.400+0000] {dag.py:3947} INFO - Setting next_dagrun for example_xcom to 2021-01-01 00:00:00+00:00, run_after=2021-01-01 00:00:00+00:00
[2026-07-24T17:39:35.453+0000] {processor.py:183} INFO - Processing /home/airflow/.local/lib/python3.12/site-packages/airflow/example_dags/example_xcom.py took 0.159 seconds
[2026-07-24T17:40:07.315+0000] {processor.py:161} INFO - Started process (PID=4769) to work on /home/airflow/.local/lib/python3.12/site-packages/airflow/example_dags/example_xcom.py
[2026-07-24T17:40:07.317+0000] {processor.py:830} INFO - Processing file /home/airflow/.local/lib/python3.12/site-packages/airflow/example_dags/example_xcom.py for tasks to queue
[2026-07-24T17:40:07.322+0000] {logging_mixin.py:188} INFO - [2026-07-24T17:40:07.321+0000] {dagbag.py:545} INFO - Filling up the DagBag from /home/airflow/.local/lib/python3.12/site-packages/airflow/example_dags/example_xcom.py
[2026-07-24T17:40:07.338+0000] {processor.py:840} INFO - DAG(s) 'example_xcom' retrieved from /home/airflow/.local/lib/python3.12/site-packages/airflow/example_dags/example_xcom.py
[2026-07-24T17:40:07.385+0000] {logging_mixin.py:188} INFO - [2026-07-24T17:40:07.385+0000] {dag.py:3089} INFO - Sync 1 DAGs
[2026-07-24T17:40:07.434+0000] {logging_mixin.py:188} INFO - [2026-07-24T17:40:07.433+0000] {dag.py:3947} INFO - Setting next_dagrun for example_xcom to 2021-01-01 00:00:00+00:00, run_after=2021-01-01 00:00:00+00:00
[2026-07-24T17:40:07.477+0000] {processor.py:183} INFO - Processing /home/airflow/.local/lib/python3.12/site-packages/airflow/example_dags/example_xcom.py took 0.172 seconds
[2026-07-24T17:40:37.822+0000] {processor.py:161} INFO - Started process (PID=4843) to work on /home/airflow/.local/lib/python3.12/site-packages/airflow/example_dags/example_xcom.py
[2026-07-24T17:40:37.826+0000] {processor.py:830} INFO - Processing file /home/airflow/.local/lib/python3.12/site-packages/airflow/example_dags/example_xcom.py for tasks to queue
[2026-07-24T17:40:37.832+0000] {logging_mixin.py:188} INFO - [2026-07-24T17:40:37.831+0000] {dagbag.py:545} INFO - Filling up the DagBag from /home/airflow/.local/lib/python3.12/site-packages/airflow/example_dags/example_xcom.py
[2026-07-24T17:40:37.852+0000] {processor.py:840} INFO - DAG(s) 'example_xcom' retrieved from /home/airflow/.local/lib/python3.12/site-packages/airflow/example_dags/example_xcom.py
[2026-07-24T17:40:37.906+0000] {logging_mixin.py:188} INFO - [2026-07-24T17:40:37.905+0000] {dag.py:3089} INFO - Sync 1 DAGs
[2026-07-24T17:40:37.959+0000] {logging_mixin.py:188} INFO - [2026-07-24T17:40:37.958+0000] {dag.py:3947} INFO - Setting next_dagrun for example_xcom to 2021-01-01 00:00:00+00:00, run_after=2021-01-01 00:00:00+00:00
[2026-07-24T17:40:38.008+0000] {processor.py:183} INFO - Processing /home/airflow/.local/lib/python3.12/site-packages/airflow/example_dags/example_xcom.py took 0.204 seconds
[2026-07-24T17:41:08.985+0000] {processor.py:161} INFO - Started process (PID=4915) to work on /home/airflow/.local/lib/python3.12/site-packages/airflow/example_dags/example_xcom.py
[2026-07-24T17:41:08.987+0000] {processor.py:830} INFO - Processing file /home/airflow/.local/lib/python3.12/site-packages/airflow/example_dags/example_xcom.py for tasks to queue
[2026-07-24T17:41:08.991+0000] {logging_mixin.py:188} INFO - [2026-07-24T17:41:08.990+0000] {dagbag.py:545} INFO - Filling up the DagBag from /home/airflow/.local/lib/python3.12/site-packages/airflow/example_dags/example_xcom.py
[2026-07-24T17:41:09.002+0000] {processor.py:840} INFO - DAG(s) 'example_xcom' retrieved from /home/airflow/.local/lib/python3.12/site-packages/airflow/example_dags/example_xcom.py
[2026-07-24T17:41:09.033+0000] {logging_mixin.py:188} INFO - [2026-07-24T17:41:09.032+0000] {dag.py:3089} INFO - Sync 1 DAGs
[2026-07-24T17:41:09.071+0000] {logging_mixin.py:188} INFO - [2026-07-24T17:41:09.070+0000] {dag.py:3947} INFO - Setting next_dagrun for example_xcom to 2021-01-01 00:00:00+00:00, run_after=2021-01-01 00:00:00+00:00
[2026-07-24T17:41:09.103+0000] {processor.py:183} INFO - Processing /home/airflow/.local/lib/python3.12/site-packages/airflow/example_dags/example_xcom.py took 0.127 seconds
[2026-07-24T17:41:41.099+0000] {processor.py:161} INFO - Started process (PID=4988) to work on /home/airflow/.local/lib/python3.12/site-packages/airflow/example_dags/example_xcom.py
[2026-07-24T17:41:41.108+0000] {processor.py:830} INFO - Processing file /home/airflow/.local/lib/python3.12/site-packages/airflow/example_dags/example_xcom.py for tasks to queue
[2026-07-24T17:41:41.112+0000] {logging_mixin.py:188} INFO - [2026-07-24T17:41:41.111+0000] {dagbag.py:545} INFO - Filling up the DagBag from /home/airflow/.local/lib/python3.12/site-packages/airflow/example_dags/example_xcom.py
[2026-07-24T17:41:41.128+0000] {processor.py:840} INFO - DAG(s) 'example_xcom' retrieved from /home/airflow/.local/lib/python3.12/site-packages/airflow/example_dags/example_xcom.py
[2026-07-24T17:41:41.177+0000] {logging_mixin.py:188} INFO - [2026-07-24T17:41:41.177+0000] {dag.py:3089} INFO - Sync 1 DAGs
[2026-07-24T17:41:41.259+0000] {logging_mixin.py:188} INFO - [2026-07-24T17:41:41.258+0000] {dag.py:3947} INFO - Setting next_dagrun for example_xcom to 2021-01-01 00:00:00+00:00, run_after=2021-01-01 00:00:00+00:00
[2026-07-24T17:41:41.324+0000] {processor.py:183} INFO - Processing /home/airflow/.local/lib/python3.12/site-packages/airflow/example_dags/example_xcom.py took 0.238 seconds
[2026-07-24T17:42:12.164+0000] {processor.py:161} INFO - Started process (PID=5061) to work on /home/airflow/.local/lib/python3.12/site-packages/airflow/example_dags/example_xcom.py
[2026-07-24T17:42:12.166+0000] {processor.py:830} INFO - Processing file /home/airflow/.local/lib/python3.12/site-packages/airflow/example_dags/example_xcom.py for tasks to queue
[2026-07-24T17:42:12.171+0000] {logging_mixin.py:188} INFO - [2026-07-24T17:42:12.171+0000] {dagbag.py:545} INFO - Filling up the DagBag from /home/airflow/.local/lib/python3.12/site-packages/airflow/example_dags/example_xcom.py
[2026-07-24T17:42:12.187+0000] {processor.py:840} INFO - DAG(s) 'example_xcom' retrieved from /home/airflow/.local/lib/python3.12/site-packages/airflow/example_dags/example_xcom.py
[2026-07-24T17:42:12.231+0000] {logging_mixin.py:188} INFO - [2026-07-24T17:42:12.230+0000] {dag.py:3089} INFO - Sync 1 DAGs
[2026-07-24T17:42:12.270+0000] {logging_mixin.py:188} INFO - [2026-07-24T17:42:12.270+0000] {dag.py:3947} INFO - Setting next_dagrun for example_xcom to 2021-01-01 00:00:00+00:00, run_after=2021-01-01 00:00:00+00:00
[2026-07-24T17:42:12.320+0000] {processor.py:183} INFO - Processing /home/airflow/.local/lib/python3.12/site-packages/airflow/example_dags/example_xcom.py took 0.173 seconds
[2026-07-24T17:42:42.653+0000] {processor.py:161} INFO - Started process (PID=5135) to work on /home/airflow/.local/lib/python3.12/site-packages/airflow/example_dags/example_xcom.py
[2026-07-24T17:42:42.655+0000] {processor.py:830} INFO - Processing file /home/airflow/.local/lib/python3.12/site-packages/airflow/example_dags/example_xcom.py for tasks to queue
[2026-07-24T17:42:42.659+0000] {logging_mixin.py:188} INFO - [2026-07-24T17:42:42.659+0000] {dagbag.py:545} INFO - Filling up the DagBag from /home/airflow/.local/lib/python3.12/site-packages/airflow/example_dags/example_xcom.py
[2026-07-24T17:42:42.675+0000] {processor.py:840} INFO - DAG(s) 'example_xcom' retrieved from /home/airflow/.local/lib/python3.12/site-packages/airflow/example_dags/example_xcom.py
[2026-07-24T17:42:42.715+0000] {logging_mixin.py:188} INFO - [2026-07-24T17:42:42.715+0000] {dag.py:3089} INFO - Sync 1 DAGs
[2026-07-24T17:42:42.754+0000] {logging_mixin.py:188} INFO - [2026-07-24T17:42:42.753+0000] {dag.py:3947} INFO - Setting next_dagrun for example_xcom to 2021-01-01 00:00:00+00:00, run_after=2021-01-01 00:00:00+00:00
[2026-07-24T17:42:42.807+0000] {processor.py:183} INFO - Processing /home/airflow/.local/lib/python3.12/site-packages/airflow/example_dags/example_xcom.py took 0.163 seconds
[2026-07-24T17:43:13.638+0000] {processor.py:161} INFO - Started process (PID=5208) to work on /home/airflow/.local/lib/python3.12/site-packages/airflow/example_dags/example_xcom.py
[2026-07-24T17:43:13.641+0000] {processor.py:830} INFO - Processing file /home/airflow/.local/lib/python3.12/site-packages/airflow/example_dags/example_xcom.py for tasks to queue
[2026-07-24T17:43:13.646+0000] {logging_mixin.py:188} INFO - [2026-07-24T17:43:13.646+0000] {dagbag.py:545} INFO - Filling up the DagBag from /home/airflow/.local/lib/python3.12/site-packages/airflow/example_dags/example_xcom.py
[2026-07-24T17:43:13.657+0000] {processor.py:840} INFO - DAG(s) 'example_xcom' retrieved from /home/airflow/.local/lib/python3.12/site-packages/airflow/example_dags/example_xcom.py
[2026-07-24T17:43:13.692+0000] {logging_mixin.py:188} INFO - [2026-07-24T17:43:13.692+0000] {dag.py:3089} INFO - Sync 1 DAGs
[2026-07-24T17:43:13.720+0000] {logging_mixin.py:188} INFO - [2026-07-24T17:43:13.719+0000] {dag.py:3947} INFO - Setting next_dagrun for example_xcom to 2021-01-01 00:00:00+00:00, run_after=2021-01-01 00:00:00+00:00
[2026-07-24T17:43:13.748+0000] {processor.py:183} INFO - Processing /home/airflow/.local/lib/python3.12/site-packages/airflow/example_dags/example_xcom.py took 0.117 seconds
[2026-07-24T17:43:44.568+0000] {processor.py:161} INFO - Started process (PID=5281) to work on /home/airflow/.local/lib/python3.12/site-packages/airflow/example_dags/example_xcom.py
[2026-07-24T17:43:44.570+0000] {processor.py:830} INFO - Processing file /home/airflow/.local/lib/python3.12/site-packages/airflow/example_dags/example_xcom.py for tasks to queue
[2026-07-24T17:43:44.574+0000] {logging_mixin.py:188} INFO - [2026-07-24T17:43:44.573+0000] {dagbag.py:545} INFO - Filling up the DagBag from /home/airflow/.local/lib/python3.12/site-packages/airflow/example_dags/example_xcom.py
[2026-07-24T17:43:44.586+0000] {processor.py:840} INFO - DAG(s) 'example_xcom' retrieved from /home/airflow/.local/lib/python3.12/site-packages/airflow/example_dags/example_xcom.py
[2026-07-24T17:43:44.619+0000] {logging_mixin.py:188} INFO - [2026-07-24T17:43:44.619+0000] {dag.py:3089} INFO - Sync 1 DAGs
[2026-07-24T17:43:44.659+0000] {logging_mixin.py:188} INFO - [2026-07-24T17:43:44.658+0000] {dag.py:3947} INFO - Setting next_dagrun for example_xcom to 2021-01-01 00:00:00+00:00, run_after=2021-01-01 00:00:00+00:00
[2026-07-24T17:43:44.698+0000] {processor.py:183} INFO - Processing /home/airflow/.local/lib/python3.12/site-packages/airflow/example_dags/example_xcom.py took 0.137 seconds
[2026-07-24T17:44:15.420+0000] {processor.py:161} INFO - Started process (PID=5356) to work on /home/airflow/.local/lib/python3.12/site-packages/airflow/example_dags/example_xcom.py
[2026-07-24T17:44:15.423+0000] {processor.py:830} INFO - Processing file /home/airflow/.local/lib/python3.12/site-packages/airflow/example_dags/example_xcom.py for tasks to queue
[2026-07-24T17:44:15.428+0000] {logging_mixin.py:188} INFO - [2026-07-24T17:44:15.427+0000] {dagbag.py:545} INFO - Filling up the DagBag from /home/airflow/.local/lib/python3.12/site-packages/airflow/example_dags/example_xcom.py
[2026-07-24T17:44:15.443+0000] {processor.py:840} INFO - DAG(s) 'example_xcom' retrieved from /home/airflow/.local/lib/python3.12/site-packages/airflow/example_dags/example_xcom.py
[2026-07-24T17:44:15.488+0000] {logging_mixin.py:188} INFO - [2026-07-24T17:44:15.488+0000] {dag.py:3089} INFO - Sync 1 DAGs
[2026-07-24T17:44:15.544+0000] {logging_mixin.py:188} INFO - [2026-07-24T17:44:15.543+0000] {dag.py:3947} INFO - Setting next_dagrun for example_xcom to 2021-01-01 00:00:00+00:00, run_after=2021-01-01 00:00:00+00:00
[2026-07-24T17:44:15.586+0000] {processor.py:183} INFO - Processing /home/airflow/.local/lib/python3.12/site-packages/airflow/example_dags/example_xcom.py took 0.177 seconds
[2026-07-24T17:44:46.309+0000] {processor.py:161} INFO - Started process (PID=5429) to work on /home/airflow/.local/lib/python3.12/site-packages/airflow/example_dags/example_xcom.py
[2026-07-24T17:44:46.311+0000] {processor.py:830} INFO - Processing file /home/airflow/.local/lib/python3.12/site-packages/airflow/example_dags/example_xcom.py for tasks to queue
[2026-07-24T17:44:46.316+0000] {logging_mixin.py:188} INFO - [2026-07-24T17:44:46.315+0000] {dagbag.py:545} INFO - Filling up the DagBag from /home/airflow/.local/lib/python3.12/site-packages/airflow/example_dags/example_xcom.py
[2026-07-24T17:44:46.327+0000] {processor.py:840} INFO - DAG(s) 'example_xcom' retrieved from /home/airflow/.local/lib/python3.12/site-packages/airflow/example_dags/example_xcom.py
[2026-07-24T17:44:46.363+0000] {logging_mixin.py:188} INFO - [2026-07-24T17:44:46.363+0000] {dag.py:3089} INFO - Sync 1 DAGs
[2026-07-24T17:44:46.397+0000] {logging_mixin.py:188} INFO - [2026-07-24T17:44:46.397+0000] {dag.py:3947} INFO - Setting next_dagrun for example_xcom to 2021-01-01 00:00:00+00:00, run_after=2021-01-01 00:00:00+00:00
[2026-07-24T17:44:46.430+0000] {processor.py:183} INFO - Processing /home/airflow/.local/lib/python3.12/site-packages/airflow/example_dags/example_xcom.py took 0.129 seconds
[2026-07-24T17:45:19.612+0000] {processor.py:161} INFO - Started process (PID=5503) to work on /home/airflow/.local/lib/python3.12/site-packages/airflow/example_dags/example_xcom.py
[2026-07-24T17:45:19.617+0000] {processor.py:830} INFO - Processing file /home/airflow/.local/lib/python3.12/site-packages/airflow/example_dags/example_xcom.py for tasks to queue
[2026-07-24T17:45:19.626+0000] {logging_mixin.py:188} INFO - [2026-07-24T17:45:19.624+0000] {dagbag.py:545} INFO - Filling up the DagBag from /home/airflow/.local/lib/python3.12/site-packages/airflow/example_dags/example_xcom.py
[2026-07-24T17:45:19.657+0000] {processor.py:840} INFO - DAG(s) 'example_xcom' retrieved from /home/airflow/.local/lib/python3.12/site-packages/airflow/example_dags/example_xcom.py
[2026-07-24T17:45:19.763+0000] {logging_mixin.py:188} INFO - [2026-07-24T17:45:19.762+0000] {dag.py:3089} INFO - Sync 1 DAGs
[2026-07-24T17:45:19.868+0000] {logging_mixin.py:188} INFO - [2026-07-24T17:45:19.867+0000] {dag.py:3947} INFO - Setting next_dagrun for example_xcom to 2021-01-01 00:00:00+00:00, run_after=2021-01-01 00:00:00+00:00
[2026-07-24T17:45:19.955+0000] {processor.py:183} INFO - Processing /home/airflow/.local/lib/python3.12/site-packages/airflow/example_dags/example_xcom.py took 0.377 seconds
[2026-07-24T17:45:51.797+0000] {processor.py:161} INFO - Started process (PID=5576) to work on /home/airflow/.local/lib/python3.12/site-packages/airflow/example_dags/example_xcom.py
[2026-07-24T17:45:51.799+0000] {processor.py:830} INFO - Processing file /home/airflow/.local/lib/python3.12/site-packages/airflow/example_dags/example_xcom.py for tasks to queue
[2026-07-24T17:45:51.804+0000] {logging_mixin.py:188} INFO - [2026-07-24T17:45:51.803+0000] {dagbag.py:545} INFO - Filling up the DagBag from /home/airflow/.local/lib/python3.12/site-packages/airflow/example_dags/example_xcom.py
[2026-07-24T17:45:51.822+0000] {processor.py:840} INFO - DAG(s) 'example_xcom' retrieved from /home/airflow/.local/lib/python3.12/site-packages/airflow/example_dags/example_xcom.py
[2026-07-24T17:45:51.855+0000] {logging_mixin.py:188} INFO - [2026-07-24T17:45:51.855+0000] {dag.py:3089} INFO - Sync 1 DAGs
[2026-07-24T17:45:51.886+0000] {logging_mixin.py:188} INFO - [2026-07-24T17:45:51.886+0000] {dag.py:3947} INFO - Setting next_dagrun for example_xcom to 2021-01-01 00:00:00+00:00, run_after=2021-01-01 00:00:00+00:00
[2026-07-24T17:45:51.919+0000] {processor.py:183} INFO - Processing /home/airflow/.local/lib/python3.12/site-packages/airflow/example_dags/example_xcom.py took 0.132 seconds
[2026-07-24T17:46:22.978+0000] {processor.py:161} INFO - Started process (PID=5650) to work on /home/airflow/.local/lib/python3.12/site-packages/airflow/example_dags/example_xcom.py
[2026-07-24T17:46:22.981+0000] {processor.py:830} INFO - Processing file /home/airflow/.local/lib/python3.12/site-packages/airflow/example_dags/example_xcom.py for tasks to queue
[2026-07-24T17:46:22.986+0000] {logging_mixin.py:188} INFO - [2026-07-24T17:46:22.986+0000] {dagbag.py:545} INFO - Filling up the DagBag from /home/airflow/.local/lib/python3.12/site-packages/airflow/example_dags/example_xcom.py
[2026-07-24T17:46:22.999+0000] {processor.py:840} INFO - DAG(s) 'example_xcom' retrieved from /home/airflow/.local/lib/python3.12/site-packages/airflow/example_dags/example_xcom.py
[2026-07-24T17:46:23.051+0000] {logging_mixin.py:188} INFO - [2026-07-24T17:46:23.050+0000] {dag.py:3089} INFO - Sync 1 DAGs
[2026-07-24T17:46:23.093+0000] {logging_mixin.py:188} INFO - [2026-07-24T17:46:23.093+0000] {dag.py:3947} INFO - Setting next_dagrun for example_xcom to 2021-01-01 00:00:00+00:00, run_after=2021-01-01 00:00:00+00:00
[2026-07-24T17:46:23.132+0000] {processor.py:183} INFO - Processing /home/airflow/.local/lib/python3.12/site-packages/airflow/example_dags/example_xcom.py took 0.165 seconds
[2026-07-24T17:46:53.722+0000] {processor.py:161} INFO - Started process (PID=5721) to work on /home/airflow/.local/lib/python3.12/site-packages/airflow/example_dags/example_xcom.py
[2026-07-24T17:46:53.726+0000] {processor.py:830} INFO - Processing file /home/airflow/.local/lib/python3.12/site-packages/airflow/example_dags/example_xcom.py for tasks to queue
[2026-07-24T17:46:53.733+0000] {logging_mixin.py:188} INFO - [2026-07-24T17:46:53.732+0000] {dagbag.py:545} INFO - Filling up the DagBag from /home/airflow/.local/lib/python3.12/site-packages/airflow/example_dags/example_xcom.py
[2026-07-24T17:46:53.756+0000] {processor.py:840} INFO - DAG(s) 'example_xcom' retrieved from /home/airflow/.local/lib/python3.12/site-packages/airflow/example_dags/example_xcom.py
[2026-07-24T17:46:53.813+0000] {logging_mixin.py:188} INFO - [2026-07-24T17:46:53.812+0000] {dag.py:3089} INFO - Sync 1 DAGs
[2026-07-24T17:46:53.877+0000] {logging_mixin.py:188} INFO - [2026-07-24T17:46:53.877+0000] {dag.py:3947} INFO - Setting next_dagrun for example_xcom to 2021-01-01 00:00:00+00:00, run_after=2021-01-01 00:00:00+00:00
[2026-07-24T17:46:53.929+0000] {processor.py:183} INFO - Processing /home/airflow/.local/lib/python3.12/site-packages/airflow/example_dags/example_xcom.py took 0.222 seconds
[2026-07-24T17:47:25.923+0000] {processor.py:161} INFO - Started process (PID=5795) to work on /home/airflow/.local/lib/python3.12/site-packages/airflow/example_dags/example_xcom.py
[2026-07-24T17:47:25.926+0000] {processor.py:830} INFO - Processing file /home/airflow/.local/lib/python3.12/site-packages/airflow/example_dags/example_xcom.py for tasks to queue
[2026-07-24T17:47:25.931+0000] {logging_mixin.py:188} INFO - [2026-07-24T17:47:25.930+0000] {dagbag.py:545} INFO - Filling up the DagBag from /home/airflow/.local/lib/python3.12/site-packages/airflow/example_dags/example_xcom.py
[2026-07-24T17:47:25.949+0000] {processor.py:840} INFO - DAG(s) 'example_xcom' retrieved from /home/airflow/.local/lib/python3.12/site-packages/airflow/example_dags/example_xcom.py
[2026-07-24T17:47:25.995+0000] {logging_mixin.py:188} INFO - [2026-07-24T17:47:25.995+0000] {dag.py:3089} INFO - Sync 1 DAGs
[2026-07-24T17:47:26.053+0000] {logging_mixin.py:188} INFO - [2026-07-24T17:47:26.052+0000] {dag.py:3947} INFO - Setting next_dagrun for example_xcom to 2021-01-01 00:00:00+00:00, run_after=2021-01-01 00:00:00+00:00
[2026-07-24T17:47:26.093+0000] {processor.py:183} INFO - Processing /home/airflow/.local/lib/python3.12/site-packages/airflow/example_dags/example_xcom.py took 0.185 seconds
[2026-07-24T17:47:57.012+0000] {processor.py:161} INFO - Started process (PID=5869) to work on /home/airflow/.local/lib/python3.12/site-packages/airflow/example_dags/example_xcom.py
[2026-07-24T17:47:57.014+0000] {processor.py:830} INFO - Processing file /home/airflow/.local/lib/python3.12/site-packages/airflow/example_dags/example_xcom.py for tasks to queue
[2026-07-24T17:47:57.018+0000] {logging_mixin.py:188} INFO - [2026-07-24T17:47:57.018+0000] {dagbag.py:545} INFO - Filling up the DagBag from /home/airflow/.local/lib/python3.12/site-packages/airflow/example_dags/example_xcom.py
[2026-07-24T17:47:57.033+0000] {processor.py:840} INFO - DAG(s) 'example_xcom' retrieved from /home/airflow/.local/lib/python3.12/site-packages/airflow/example_dags/example_xcom.py
[2026-07-24T17:47:57.075+0000] {logging_mixin.py:188} INFO - [2026-07-24T17:47:57.075+0000] {dag.py:3089} INFO - Sync 1 DAGs
[2026-07-24T17:47:57.125+0000] {logging_mixin.py:188} INFO - [2026-07-24T17:47:57.124+0000] {dag.py:3947} INFO - Setting next_dagrun for example_xcom to 2021-01-01 00:00:00+00:00, run_after=2021-01-01 00:00:00+00:00
[2026-07-24T17:47:57.181+0000] {processor.py:183} INFO - Processing /home/airflow/.local/lib/python3.12/site-packages/airflow/example_dags/example_xcom.py took 0.179 seconds
[2026-07-24T17:48:28.586+0000] {processor.py:161} INFO - Started process (PID=5942) to work on /home/airflow/.local/lib/python3.12/site-packages/airflow/example_dags/example_xcom.py
[2026-07-24T17:48:28.588+0000] {processor.py:830} INFO - Processing file /home/airflow/.local/lib/python3.12/site-packages/airflow/example_dags/example_xcom.py for tasks to queue
[2026-07-24T17:48:28.595+0000] {logging_mixin.py:188} INFO - [2026-07-24T17:48:28.594+0000] {dagbag.py:545} INFO - Filling up the DagBag from /home/airflow/.local/lib/python3.12/site-packages/airflow/example_dags/example_xcom.py
[2026-07-24T17:48:28.616+0000] {processor.py:840} INFO - DAG(s) 'example_xcom' retrieved from /home/airflow/.local/lib/python3.12/site-packages/airflow/example_dags/example_xcom.py
[2026-07-24T17:48:28.670+0000] {logging_mixin.py:188} INFO - [2026-07-24T17:48:28.669+0000] {dag.py:3089} INFO - Sync 1 DAGs
[2026-07-24T17:48:28.735+0000] {logging_mixin.py:188} INFO - [2026-07-24T17:48:28.734+0000] {dag.py:3947} INFO - Setting next_dagrun for example_xcom to 2021-01-01 00:00:00+00:00, run_after=2021-01-01 00:00:00+00:00
[2026-07-24T17:48:28.822+0000] {processor.py:183} INFO - Processing /home/airflow/.local/lib/python3.12/site-packages/airflow/example_dags/example_xcom.py took 0.252 seconds
[2026-07-24T17:49:00.708+0000] {processor.py:161} INFO - Started process (PID=6015) to work on /home/airflow/.local/lib/python3.12/site-packages/airflow/example_dags/example_xcom.py
[2026-07-24T17:49:00.710+0000] {processor.py:830} INFO - Processing file /home/airflow/.local/lib/python3.12/site-packages/airflow/example_dags/example_xcom.py for tasks to queue
[2026-07-24T17:49:00.715+0000] {logging_mixin.py:188} INFO - [2026-07-24T17:49:00.714+0000] {dagbag.py:545} INFO - Filling up the DagBag from /home/airflow/.local/lib/python3.12/site-packages/airflow/example_dags/example_xcom.py
[2026-07-24T17:49:00.729+0000] {processor.py:840} INFO - DAG(s) 'example_xcom' retrieved from /home/airflow/.local/lib/python3.12/site-packages/airflow/example_dags/example_xcom.py
[2026-07-24T17:49:00.768+0000] {logging_mixin.py:188} INFO - [2026-07-24T17:49:00.768+0000] {dag.py:3089} INFO - Sync 1 DAGs
[2026-07-24T17:49:00.805+0000] {logging_mixin.py:188} INFO - [2026-07-24T17:49:00.804+0000] {dag.py:3947} INFO - Setting next_dagrun for example_xcom to 2021-01-01 00:00:00+00:00, run_after=2021-01-01 00:00:00+00:00
[2026-07-24T17:49:00.870+0000] {processor.py:183} INFO - Processing /home/airflow/.local/lib/python3.12/site-packages/airflow/example_dags/example_xcom.py took 0.175 seconds
[2026-07-24T17:49:34.024+0000] {processor.py:161} INFO - Started process (PID=6088) to work on /home/airflow/.local/lib/python3.12/site-packages/airflow/example_dags/example_xcom.py
[2026-07-24T17:49:34.027+0000] {processor.py:830} INFO - Processing file /home/airflow/.local/lib/python3.12/site-packages/airflow/example_dags/example_xcom.py for tasks to queue
[2026-07-24T17:49:34.032+0000] {logging_mixin.py:188} INFO - [2026-07-24T17:49:34.031+0000] {dagbag.py:545} INFO - Filling up the DagBag from /home/airflow/.local/lib/python3.12/site-packages/airflow/example_dags/example_xcom.py
[2026-07-24T17:49:34.049+0000] {processor.py:840} INFO - DAG(s) 'example_xcom' retrieved from /home/airflow/.local/lib/python3.12/site-packages/airflow/example_dags/example_xcom.py
[2026-07-24T17:49:34.097+0000] {logging_mixin.py:188} INFO - [2026-07-24T17:49:34.096+0000] {dag.py:3089} INFO - Sync 1 DAGs
[2026-07-24T17:49:34.147+0000] {logging_mixin.py:188} INFO - [2026-07-24T17:49:34.146+0000] {dag.py:3947} INFO - Setting next_dagrun for example_xcom to 2021-01-01 00:00:00+00:00, run_after=2021-01-01 00:00:00+00:00
[2026-07-24T17:49:34.193+0000] {processor.py:183} INFO - Processing /home/airflow/.local/lib/python3.12/site-packages/airflow/example_dags/example_xcom.py took 0.186 seconds
[2026-07-24T17:50:05.196+0000] {processor.py:161} INFO - Started process (PID=6162) to work on /home/airflow/.local/lib/python3.12/site-packages/airflow/example_dags/example_xcom.py
[2026-07-24T17:50:05.199+0000] {processor.py:830} INFO - Processing file /home/airflow/.local/lib/python3.12/site-packages/airflow/example_dags/example_xcom.py for tasks to queue
[2026-07-24T17:50:05.204+0000] {logging_mixin.py:188} INFO - [2026-07-24T17:50:05.203+0000] {dagbag.py:545} INFO - Filling up the DagBag from /home/airflow/.local/lib/python3.12/site-packages/airflow/example_dags/example_xcom.py
[2026-07-24T17:50:05.226+0000] {processor.py:840} INFO - DAG(s) 'example_xcom' retrieved from /home/airflow/.local/lib/python3.12/site-packages/airflow/example_dags/example_xcom.py
[2026-07-24T17:50:05.278+0000] {logging_mixin.py:188} INFO - [2026-07-24T17:50:05.278+0000] {dag.py:3089} INFO - Sync 1 DAGs
[2026-07-24T17:50:05.335+0000] {logging_mixin.py:188} INFO - [2026-07-24T17:50:05.334+0000] {dag.py:3947} INFO - Setting next_dagrun for example_xcom to 2021-01-01 00:00:00+00:00, run_after=2021-01-01 00:00:00+00:00
[2026-07-24T17:50:05.381+0000] {processor.py:183} INFO - Processing /home/airflow/.local/lib/python3.12/site-packages/airflow/example_dags/example_xcom.py took 0.203 seconds
[2026-07-24T17:50:36.849+0000] {processor.py:161} INFO - Started process (PID=6236) to work on /home/airflow/.local/lib/python3.12/site-packages/airflow/example_dags/example_xcom.py
[2026-07-24T17:50:36.852+0000] {processor.py:830} INFO - Processing file /home/airflow/.local/lib/python3.12/site-packages/airflow/example_dags/example_xcom.py for tasks to queue
[2026-07-24T17:50:36.857+0000] {logging_mixin.py:188} INFO - [2026-07-24T17:50:36.856+0000] {dagbag.py:545} INFO - Filling up the DagBag from /home/airflow/.local/lib/python3.12/site-packages/airflow/example_dags/example_xcom.py
[2026-07-24T17:50:36.874+0000] {processor.py:840} INFO - DAG(s) 'example_xcom' retrieved from /home/airflow/.local/lib/python3.12/site-packages/airflow/example_dags/example_xcom.py
[2026-07-24T17:50:36.918+0000] {logging_mixin.py:188} INFO - [2026-07-24T17:50:36.917+0000] {dag.py:3089} INFO - Sync 1 DAGs
[2026-07-24T17:50:36.966+0000] {logging_mixin.py:188} INFO - [2026-07-24T17:50:36.965+0000] {dag.py:3947} INFO - Setting next_dagrun for example_xcom to 2021-01-01 00:00:00+00:00, run_after=2021-01-01 00:00:00+00:00
[2026-07-24T17:50:37.007+0000] {processor.py:183} INFO - Processing /home/airflow/.local/lib/python3.12/site-packages/airflow/example_dags/example_xcom.py took 0.173 seconds
[2026-07-24T17:51:08.171+0000] {processor.py:161} INFO - Started process (PID=6309) to work on /home/airflow/.local/lib/python3.12/site-packages/airflow/example_dags/example_xcom.py
[2026-07-24T17:51:08.174+0000] {processor.py:830} INFO - Processing file /home/airflow/.local/lib/python3.12/site-packages/airflow/example_dags/example_xcom.py for tasks to queue
[2026-07-24T17:51:08.178+0000] {logging_mixin.py:188} INFO - [2026-07-24T17:51:08.177+0000] {dagbag.py:545} INFO - Filling up the DagBag from /home/airflow/.local/lib/python3.12/site-packages/airflow/example_dags/example_xcom.py
[2026-07-24T17:51:08.192+0000] {processor.py:840} INFO - DAG(s) 'example_xcom' retrieved from /home/airflow/.local/lib/python3.12/site-packages/airflow/example_dags/example_xcom.py
[2026-07-24T17:51:08.227+0000] {logging_mixin.py:188} INFO - [2026-07-24T17:51:08.226+0000] {dag.py:3089} INFO - Sync 1 DAGs
[2026-07-24T17:51:08.259+0000] {logging_mixin.py:188} INFO - [2026-07-24T17:51:08.258+0000] {dag.py:3947} INFO - Setting next_dagrun for example_xcom to 2021-01-01 00:00:00+00:00, run_after=2021-01-01 00:00:00+00:00
[2026-07-24T17:51:08.293+0000] {processor.py:183} INFO - Processing /home/airflow/.local/lib/python3.12/site-packages/airflow/example_dags/example_xcom.py took 0.133 seconds
[2026-07-24T17:51:41.079+0000] {processor.py:161} INFO - Started process (PID=6385) to work on /home/airflow/.local/lib/python3.12/site-packages/airflow/example_dags/example_xcom.py
[2026-07-24T17:51:41.082+0000] {processor.py:830} INFO - Processing file /home/airflow/.local/lib/python3.12/site-packages/airflow/example_dags/example_xcom.py for tasks to queue
[2026-07-24T17:51:41.087+0000] {logging_mixin.py:188} INFO - [2026-07-24T17:51:41.086+0000] {dagbag.py:545} INFO - Filling up the DagBag from /home/airflow/.local/lib/python3.12/site-packages/airflow/example_dags/example_xcom.py
[2026-07-24T17:51:41.104+0000] {processor.py:840} INFO - DAG(s) 'example_xcom' retrieved from /home/airflow/.local/lib/python3.12/site-packages/airflow/example_dags/example_xcom.py
[2026-07-24T17:51:41.178+0000] {logging_mixin.py:188} INFO - [2026-07-24T17:51:41.178+0000] {dag.py:3089} INFO - Sync 1 DAGs
[2026-07-24T17:51:41.298+0000] {logging_mixin.py:188} INFO - [2026-07-24T17:51:41.297+0000] {dag.py:3947} INFO - Setting next_dagrun for example_xcom to 2021-01-01 00:00:00+00:00, run_after=2021-01-01 00:00:00+00:00
[2026-07-24T17:51:41.368+0000] {processor.py:183} INFO - Processing /home/airflow/.local/lib/python3.12/site-packages/airflow/example_dags/example_xcom.py took 0.300 seconds
[2026-07-24T17:52:11.832+0000] {processor.py:161} INFO - Started process (PID=6459) to work on /home/airflow/.local/lib/python3.12/site-packages/airflow/example_dags/example_xcom.py
[2026-07-24T17:52:11.835+0000] {processor.py:830} INFO - Processing file /home/airflow/.local/lib/python3.12/site-packages/airflow/example_dags/example_xcom.py for tasks to queue
[2026-07-24T17:52:11.839+0000] {logging_mixin.py:188} INFO - [2026-07-24T17:52:11.838+0000] {dagbag.py:545} INFO - Filling up the DagBag from /home/airflow/.local/lib/python3.12/site-packages/airflow/example_dags/example_xcom.py
[2026-07-24T17:52:11.850+0000] {processor.py:840} INFO - DAG(s) 'example_xcom' retrieved from /home/airflow/.local/lib/python3.12/site-packages/airflow/example_dags/example_xcom.py
[2026-07-24T17:52:11.881+0000] {logging_mixin.py:188} INFO - [2026-07-24T17:52:11.880+0000] {dag.py:3089} INFO - Sync 1 DAGs
[2026-07-24T17:52:11.909+0000] {logging_mixin.py:188} INFO - [2026-07-24T17:52:11.909+0000] {dag.py:3947} INFO - Setting next_dagrun for example_xcom to 2021-01-01 00:00:00+00:00, run_after=2021-01-01 00:00:00+00:00
[2026-07-24T17:52:11.939+0000] {processor.py:183} INFO - Processing /home/airflow/.local/lib/python3.12/site-packages/airflow/example_dags/example_xcom.py took 0.121 seconds
[2026-07-24T17:52:44.000+0000] {processor.py:161} INFO - Started process (PID=6533) to work on /home/airflow/.local/lib/python3.12/site-packages/airflow/example_dags/example_xcom.py
[2026-07-24T17:52:44.004+0000] {processor.py:830} INFO - Processing file /home/airflow/.local/lib/python3.12/site-packages/airflow/example_dags/example_xcom.py for tasks to queue
[2026-07-24T17:52:44.009+0000] {logging_mixin.py:188} INFO - [2026-07-24T17:52:44.008+0000] {dagbag.py:545} INFO - Filling up the DagBag from /home/airflow/.local/lib/python3.12/site-packages/airflow/example_dags/example_xcom.py
[2026-07-24T17:52:44.031+0000] {processor.py:840} INFO - DAG(s) 'example_xcom' retrieved from /home/airflow/.local/lib/python3.12/site-packages/airflow/example_dags/example_xcom.py
[2026-07-24T17:52:44.089+0000] {logging_mixin.py:188} INFO - [2026-07-24T17:52:44.089+0000] {dag.py:3089} INFO - Sync 1 DAGs
[2026-07-24T17:52:44.143+0000] {logging_mixin.py:188} INFO - [2026-07-24T17:52:44.142+0000] {dag.py:3947} INFO - Setting next_dagrun for example_xcom to 2021-01-01 00:00:00+00:00, run_after=2021-01-01 00:00:00+00:00
[2026-07-24T17:52:44.200+0000] {processor.py:183} INFO - Processing /home/airflow/.local/lib/python3.12/site-packages/airflow/example_dags/example_xcom.py took 0.212 seconds
[2026-07-24T17:53:15.127+0000] {processor.py:161} INFO - Started process (PID=6605) to work on /home/airflow/.local/lib/python3.12/site-packages/airflow/example_dags/example_xcom.py
[2026-07-24T17:53:15.130+0000] {processor.py:830} INFO - Processing file /home/airflow/.local/lib/python3.12/site-packages/airflow/example_dags/example_xcom.py for tasks to queue
[2026-07-24T17:53:15.134+0000] {logging_mixin.py:188} INFO - [2026-07-24T17:53:15.134+0000] {dagbag.py:545} INFO - Filling up the DagBag from /home/airflow/.local/lib/python3.12/site-packages/airflow/example_dags/example_xcom.py
[2026-07-24T17:53:15.148+0000] {processor.py:840} INFO - DAG(s) 'example_xcom' retrieved from /home/airflow/.local/lib/python3.12/site-packages/airflow/example_dags/example_xcom.py
[2026-07-24T17:53:15.182+0000] {logging_mixin.py:188} INFO - [2026-07-24T17:53:15.181+0000] {dag.py:3089} INFO - Sync 1 DAGs
[2026-07-24T17:53:15.213+0000] {logging_mixin.py:188} INFO - [2026-07-24T17:53:15.213+0000] {dag.py:3947} INFO - Setting next_dagrun for example_xcom to 2021-01-01 00:00:00+00:00, run_after=2021-01-01 00:00:00+00:00
[2026-07-24T17:53:15.247+0000] {processor.py:183} INFO - Processing /home/airflow/.local/lib/python3.12/site-packages/airflow/example_dags/example_xcom.py took 0.130 seconds
[2026-07-24T17:53:46.704+0000] {processor.py:161} INFO - Started process (PID=6678) to work on /home/airflow/.local/lib/python3.12/site-packages/airflow/example_dags/example_xcom.py
[2026-07-24T17:53:46.706+0000] {processor.py:830} INFO - Processing file /home/airflow/.local/lib/python3.12/site-packages/airflow/example_dags/example_xcom.py for tasks to queue
[2026-07-24T17:53:46.710+0000] {logging_mixin.py:188} INFO - [2026-07-24T17:53:46.710+0000] {dagbag.py:545} INFO - Filling up the DagBag from /home/airflow/.local/lib/python3.12/site-packages/airflow/example_dags/example_xcom.py
[2026-07-24T17:53:46.728+0000] {processor.py:840} INFO - DAG(s) 'example_xcom' retrieved from /home/airflow/.local/lib/python3.12/site-packages/airflow/example_dags/example_xcom.py
[2026-07-24T17:53:46.766+0000] {logging_mixin.py:188} INFO - [2026-07-24T17:53:46.766+0000] {dag.py:3089} INFO - Sync 1 DAGs
[2026-07-24T17:53:46.802+0000] {logging_mixin.py:188} INFO - [2026-07-24T17:53:46.801+0000] {dag.py:3947} INFO - Setting next_dagrun for example_xcom to 2021-01-01 00:00:00+00:00, run_after=2021-01-01 00:00:00+00:00
[2026-07-24T17:53:46.839+0000] {processor.py:183} INFO - Processing /home/airflow/.local/lib/python3.12/site-packages/airflow/example_dags/example_xcom.py took 0.145 seconds
[2026-07-24T17:54:18.908+0000] {processor.py:161} INFO - Started process (PID=6751) to work on /home/airflow/.local/lib/python3.12/site-packages/airflow/example_dags/example_xcom.py
[2026-07-24T17:54:18.911+0000] {processor.py:830} INFO - Processing file /home/airflow/.local/lib/python3.12/site-packages/airflow/example_dags/example_xcom.py for tasks to queue
[2026-07-24T17:54:18.916+0000] {logging_mixin.py:188} INFO - [2026-07-24T17:54:18.915+0000] {dagbag.py:545} INFO - Filling up the DagBag from /home/airflow/.local/lib/python3.12/site-packages/airflow/example_dags/example_xcom.py
[2026-07-24T17:54:18.928+0000] {processor.py:840} INFO - DAG(s) 'example_xcom' retrieved from /home/airflow/.local/lib/python3.12/site-packages/airflow/example_dags/example_xcom.py
[2026-07-24T17:54:18.967+0000] {logging_mixin.py:188} INFO - [2026-07-24T17:54:18.966+0000] {dag.py:3089} INFO - Sync 1 DAGs
[2026-07-24T17:54:19.010+0000] {logging_mixin.py:188} INFO - [2026-07-24T17:54:19.009+0000] {dag.py:3947} INFO - Setting next_dagrun for example_xcom to 2021-01-01 00:00:00+00:00, run_after=2021-01-01 00:00:00+00:00
[2026-07-24T17:54:19.044+0000] {processor.py:183} INFO - Processing /home/airflow/.local/lib/python3.12/site-packages/airflow/example_dags/example_xcom.py took 0.145 seconds
[2026-07-24T17:54:49.983+0000] {processor.py:161} INFO - Started process (PID=6824) to work on /home/airflow/.local/lib/python3.12/site-packages/airflow/example_dags/example_xcom.py
[2026-07-24T17:54:49.985+0000] {processor.py:830} INFO - Processing file /home/airflow/.local/lib/python3.12/site-packages/airflow/example_dags/example_xcom.py for tasks to queue
[2026-07-24T17:54:49.988+0000] {logging_mixin.py:188} INFO - [2026-07-24T17:54:49.987+0000] {dagbag.py:545} INFO - Filling up the DagBag from /home/airflow/.local/lib/python3.12/site-packages/airflow/example_dags/example_xcom.py
[2026-07-24T17:54:49.999+0000] {processor.py:840} INFO - DAG(s) 'example_xcom' retrieved from /home/airflow/.local/lib/python3.12/site-packages/airflow/example_dags/example_xcom.py
[2026-07-24T17:54:50.041+0000] {logging_mixin.py:188} INFO - [2026-07-24T17:54:50.040+0000] {dag.py:3089} INFO - Sync 1 DAGs
[2026-07-24T17:54:50.090+0000] {logging_mixin.py:188} INFO - [2026-07-24T17:54:50.089+0000] {dag.py:3947} INFO - Setting next_dagrun for example_xcom to 2021-01-01 00:00:00+00:00, run_after=2021-01-01 00:00:00+00:00
[2026-07-24T17:54:50.146+0000] {processor.py:183} INFO - Processing /home/airflow/.local/lib/python3.12/site-packages/airflow/example_dags/example_xcom.py took 0.171 seconds
[2026-07-24T17:55:21.789+0000] {processor.py:161} INFO - Started process (PID=6898) to work on /home/airflow/.local/lib/python3.12/site-packages/airflow/example_dags/example_xcom.py
[2026-07-24T17:55:21.793+0000] {processor.py:830} INFO - Processing file /home/airflow/.local/lib/python3.12/site-packages/airflow/example_dags/example_xcom.py for tasks to queue
[2026-07-24T17:55:21.799+0000] {logging_mixin.py:188} INFO - [2026-07-24T17:55:21.798+0000] {dagbag.py:545} INFO - Filling up the DagBag from /home/airflow/.local/lib/python3.12/site-packages/airflow/example_dags/example_xcom.py
[2026-07-24T17:55:21.817+0000] {processor.py:840} INFO - DAG(s) 'example_xcom' retrieved from /home/airflow/.local/lib/python3.12/site-packages/airflow/example_dags/example_xcom.py
[2026-07-24T17:55:21.869+0000] {logging_mixin.py:188} INFO - [2026-07-24T17:55:21.868+0000] {dag.py:3089} INFO - Sync 1 DAGs
[2026-07-24T17:55:21.915+0000] {logging_mixin.py:188} INFO - [2026-07-24T17:55:21.915+0000] {dag.py:3947} INFO - Setting next_dagrun for example_xcom to 2021-01-01 00:00:00+00:00, run_after=2021-01-01 00:00:00+00:00
[2026-07-24T17:55:21.961+0000] {processor.py:183} INFO - Processing /home/airflow/.local/lib/python3.12/site-packages/airflow/example_dags/example_xcom.py took 0.185 seconds
[2026-07-24T17:55:53.361+0000] {processor.py:161} INFO - Started process (PID=6972) to work on /home/airflow/.local/lib/python3.12/site-packages/airflow/example_dags/example_xcom.py
[2026-07-24T17:55:53.364+0000] {processor.py:830} INFO - Processing file /home/airflow/.local/lib/python3.12/site-packages/airflow/example_dags/example_xcom.py for tasks to queue
[2026-07-24T17:55:53.369+0000] {logging_mixin.py:188} INFO - [2026-07-24T17:55:53.369+0000] {dagbag.py:545} INFO - Filling up the DagBag from /home/airflow/.local/lib/python3.12/site-packages/airflow/example_dags/example_xcom.py
[2026-07-24T17:55:53.384+0000] {processor.py:840} INFO - DAG(s) 'example_xcom' retrieved from /home/airflow/.local/lib/python3.12/site-packages/airflow/example_dags/example_xcom.py
[2026-07-24T17:55:53.418+0000] {logging_mixin.py:188} INFO - [2026-07-24T17:55:53.417+0000] {dag.py:3089} INFO - Sync 1 DAGs
[2026-07-24T17:55:53.450+0000] {logging_mixin.py:188} INFO - [2026-07-24T17:55:53.450+0000] {dag.py:3947} INFO - Setting next_dagrun for example_xcom to 2021-01-01 00:00:00+00:00, run_after=2021-01-01 00:00:00+00:00
[2026-07-24T17:55:53.481+0000] {processor.py:183} INFO - Processing /home/airflow/.local/lib/python3.12/site-packages/airflow/example_dags/example_xcom.py took 0.129 seconds
[2026-07-24T17:56:24.830+0000] {processor.py:161} INFO - Started process (PID=7045) to work on /home/airflow/.local/lib/python3.12/site-packages/airflow/example_dags/example_xcom.py
[2026-07-24T17:56:24.833+0000] {processor.py:830} INFO - Processing file /home/airflow/.local/lib/python3.12/site-packages/airflow/example_dags/example_xcom.py for tasks to queue
[2026-07-24T17:56:24.840+0000] {logging_mixin.py:188} INFO - [2026-07-24T17:56:24.839+0000] {dagbag.py:545} INFO - Filling up the DagBag from /home/airflow/.local/lib/python3.12/site-packages/airflow/example_dags/example_xcom.py
[2026-07-24T17:56:24.869+0000] {processor.py:840} INFO - DAG(s) 'example_xcom' retrieved from /home/airflow/.local/lib/python3.12/site-packages/airflow/example_dags/example_xcom.py
[2026-07-24T17:56:24.913+0000] {logging_mixin.py:188} INFO - [2026-07-24T17:56:24.912+0000] {dag.py:3089} INFO - Sync 1 DAGs
[2026-07-24T17:56:24.959+0000] {logging_mixin.py:188} INFO - [2026-07-24T17:56:24.958+0000] {dag.py:3947} INFO - Setting next_dagrun for example_xcom to 2021-01-01 00:00:00+00:00, run_after=2021-01-01 00:00:00+00:00
[2026-07-24T17:56:25.009+0000] {processor.py:183} INFO - Processing /home/airflow/.local/lib/python3.12/site-packages/airflow/example_dags/example_xcom.py took 0.193 seconds
[2026-07-24T17:56:56.555+0000] {processor.py:161} INFO - Started process (PID=7119) to work on /home/airflow/.local/lib/python3.12/site-packages/airflow/example_dags/example_xcom.py
[2026-07-24T17:56:56.557+0000] {processor.py:830} INFO - Processing file /home/airflow/.local/lib/python3.12/site-packages/airflow/example_dags/example_xcom.py for tasks to queue
[2026-07-24T17:56:56.562+0000] {logging_mixin.py:188} INFO - [2026-07-24T17:56:56.561+0000] {dagbag.py:545} INFO - Filling up the DagBag from /home/airflow/.local/lib/python3.12/site-packages/airflow/example_dags/example_xcom.py
[2026-07-24T17:56:56.576+0000] {processor.py:840} INFO - DAG(s) 'example_xcom' retrieved from /home/airflow/.local/lib/python3.12/site-packages/airflow/example_dags/example_xcom.py
[2026-07-24T17:56:56.617+0000] {logging_mixin.py:188} INFO - [2026-07-24T17:56:56.616+0000] {dag.py:3089} INFO - Sync 1 DAGs
[2026-07-24T17:56:56.656+0000] {logging_mixin.py:188} INFO - [2026-07-24T17:56:56.655+0000] {dag.py:3947} INFO - Setting next_dagrun for example_xcom to 2021-01-01 00:00:00+00:00, run_after=2021-01-01 00:00:00+00:00
[2026-07-24T17:56:56.695+0000] {processor.py:183} INFO - Processing /home/airflow/.local/lib/python3.12/site-packages/airflow/example_dags/example_xcom.py took 0.151 seconds
[2026-07-24T17:57:28.220+0000] {processor.py:161} INFO - Started process (PID=7192) to work on /home/airflow/.local/lib/python3.12/site-packages/airflow/example_dags/example_xcom.py
[2026-07-24T17:57:28.222+0000] {processor.py:830} INFO - Processing file /home/airflow/.local/lib/python3.12/site-packages/airflow/example_dags/example_xcom.py for tasks to queue
[2026-07-24T17:57:28.226+0000] {logging_mixin.py:188} INFO - [2026-07-24T17:57:28.226+0000] {dagbag.py:545} INFO - Filling up the DagBag from /home/airflow/.local/lib/python3.12/site-packages/airflow/example_dags/example_xcom.py
[2026-07-24T17:57:28.237+0000] {processor.py:840} INFO - DAG(s) 'example_xcom' retrieved from /home/airflow/.local/lib/python3.12/site-packages/airflow/example_dags/example_xcom.py
[2026-07-24T17:57:28.268+0000] {logging_mixin.py:188} INFO - [2026-07-24T17:57:28.268+0000] {dag.py:3089} INFO - Sync 1 DAGs
[2026-07-24T17:57:28.299+0000] {logging_mixin.py:188} INFO - [2026-07-24T17:57:28.299+0000] {dag.py:3947} INFO - Setting next_dagrun for example_xcom to 2021-01-01 00:00:00+00:00, run_after=2021-01-01 00:00:00+00:00
[2026-07-24T17:57:28.328+0000] {processor.py:183} INFO - Processing /home/airflow/.local/lib/python3.12/site-packages/airflow/example_dags/example_xcom.py took 0.117 seconds
[2026-07-24T17:57:59.533+0000] {processor.py:161} INFO - Started process (PID=7265) to work on /home/airflow/.local/lib/python3.12/site-packages/airflow/example_dags/example_xcom.py
[2026-07-24T17:57:59.540+0000] {processor.py:830} INFO - Processing file /home/airflow/.local/lib/python3.12/site-packages/airflow/example_dags/example_xcom.py for tasks to queue
[2026-07-24T17:57:59.546+0000] {logging_mixin.py:188} INFO - [2026-07-24T17:57:59.545+0000] {dagbag.py:545} INFO - Filling up the DagBag from /home/airflow/.local/lib/python3.12/site-packages/airflow/example_dags/example_xcom.py
[2026-07-24T17:57:59.567+0000] {processor.py:840} INFO - DAG(s) 'example_xcom' retrieved from /home/airflow/.local/lib/python3.12/site-packages/airflow/example_dags/example_xcom.py
[2026-07-24T17:57:59.614+0000] {logging_mixin.py:188} INFO - [2026-07-24T17:57:59.613+0000] {dag.py:3089} INFO - Sync 1 DAGs
[2026-07-24T17:57:59.675+0000] {logging_mixin.py:188} INFO - [2026-07-24T17:57:59.674+0000] {dag.py:3947} INFO - Setting next_dagrun for example_xcom to 2021-01-01 00:00:00+00:00, run_after=2021-01-01 00:00:00+00:00
[2026-07-24T17:57:59.717+0000] {processor.py:183} INFO - Processing /home/airflow/.local/lib/python3.12/site-packages/airflow/example_dags/example_xcom.py took 0.201 seconds
[2026-07-24T17:58:32.083+0000] {processor.py:161} INFO - Started process (PID=7338) to work on /home/airflow/.local/lib/python3.12/site-packages/airflow/example_dags/example_xcom.py
[2026-07-24T17:58:32.086+0000] {processor.py:830} INFO - Processing file /home/airflow/.local/lib/python3.12/site-packages/airflow/example_dags/example_xcom.py for tasks to queue
[2026-07-24T17:58:32.091+0000] {logging_mixin.py:188} INFO - [2026-07-24T17:58:32.090+0000] {dagbag.py:545} INFO - Filling up the DagBag from /home/airflow/.local/lib/python3.12/site-packages/airflow/example_dags/example_xcom.py
[2026-07-24T17:58:32.104+0000] {processor.py:840} INFO - DAG(s) 'example_xcom' retrieved from /home/airflow/.local/lib/python3.12/site-packages/airflow/example_dags/example_xcom.py
[2026-07-24T17:58:32.140+0000] {logging_mixin.py:188} INFO - [2026-07-24T17:58:32.139+0000] {dag.py:3089} INFO - Sync 1 DAGs
[2026-07-24T17:58:32.172+0000] {logging_mixin.py:188} INFO - [2026-07-24T17:58:32.172+0000] {dag.py:3947} INFO - Setting next_dagrun for example_xcom to 2021-01-01 00:00:00+00:00, run_after=2021-01-01 00:00:00+00:00
[2026-07-24T17:58:32.201+0000] {processor.py:183} INFO - Processing /home/airflow/.local/lib/python3.12/site-packages/airflow/example_dags/example_xcom.py took 0.128 seconds
[2026-07-24T17:59:03.434+0000] {processor.py:161} INFO - Started process (PID=7411) to work on /home/airflow/.local/lib/python3.12/site-packages/airflow/example_dags/example_xcom.py
[2026-07-24T17:59:03.436+0000] {processor.py:830} INFO - Processing file /home/airflow/.local/lib/python3.12/site-packages/airflow/example_dags/example_xcom.py for tasks to queue
[2026-07-24T17:59:03.441+0000] {logging_mixin.py:188} INFO - [2026-07-24T17:59:03.440+0000] {dagbag.py:545} INFO - Filling up the DagBag from /home/airflow/.local/lib/python3.12/site-packages/airflow/example_dags/example_xcom.py
[2026-07-24T17:59:03.457+0000] {processor.py:840} INFO - DAG(s) 'example_xcom' retrieved from /home/airflow/.local/lib/python3.12/site-packages/airflow/example_dags/example_xcom.py
[2026-07-24T17:59:03.507+0000] {logging_mixin.py:188} INFO - [2026-07-24T17:59:03.507+0000] {dag.py:3089} INFO - Sync 1 DAGs
[2026-07-24T17:59:03.552+0000] {logging_mixin.py:188} INFO - [2026-07-24T17:59:03.552+0000] {dag.py:3947} INFO - Setting next_dagrun for example_xcom to 2021-01-01 00:00:00+00:00, run_after=2021-01-01 00:00:00+00:00
[2026-07-24T17:59:03.587+0000] {processor.py:183} INFO - Processing /home/airflow/.local/lib/python3.12/site-packages/airflow/example_dags/example_xcom.py took 0.163 seconds
[2026-07-24T17:59:35.580+0000] {processor.py:161} INFO - Started process (PID=7486) to work on /home/airflow/.local/lib/python3.12/site-packages/airflow/example_dags/example_xcom.py
[2026-07-24T17:59:35.582+0000] {processor.py:830} INFO - Processing file /home/airflow/.local/lib/python3.12/site-packages/airflow/example_dags/example_xcom.py for tasks to queue
[2026-07-24T17:59:35.586+0000] {logging_mixin.py:188} INFO - [2026-07-24T17:59:35.586+0000] {dagbag.py:545} INFO - Filling up the DagBag from /home/airflow/.local/lib/python3.12/site-packages/airflow/example_dags/example_xcom.py
[2026-07-24T17:59:35.599+0000] {processor.py:840} INFO - DAG(s) 'example_xcom' retrieved from /home/airflow/.local/lib/python3.12/site-packages/airflow/example_dags/example_xcom.py
[2026-07-24T17:59:35.637+0000] {logging_mixin.py:188} INFO - [2026-07-24T17:59:35.637+0000] {dag.py:3089} INFO - Sync 1 DAGs
[2026-07-24T17:59:35.674+0000] {logging_mixin.py:188} INFO - [2026-07-24T17:59:35.674+0000] {dag.py:3947} INFO - Setting next_dagrun for example_xcom to 2021-01-01 00:00:00+00:00, run_after=2021-01-01 00:00:00+00:00
[2026-07-24T17:59:35.711+0000] {processor.py:183} INFO - Processing /home/airflow/.local/lib/python3.12/site-packages/airflow/example_dags/example_xcom.py took 0.139 seconds
[2026-07-24T18:00:06.394+0000] {processor.py:161} INFO - Started process (PID=7559) to work on /home/airflow/.local/lib/python3.12/site-packages/airflow/example_dags/example_xcom.py
[2026-07-24T18:00:06.396+0000] {processor.py:830} INFO - Processing file /home/airflow/.local/lib/python3.12/site-packages/airflow/example_dags/example_xcom.py for tasks to queue
[2026-07-24T18:00:06.400+0000] {logging_mixin.py:188} INFO - [2026-07-24T18:00:06.400+0000] {dagbag.py:545} INFO - Filling up the DagBag from /home/airflow/.local/lib/python3.12/site-packages/airflow/example_dags/example_xcom.py
[2026-07-24T18:00:06.414+0000] {processor.py:840} INFO - DAG(s) 'example_xcom' retrieved from /home/airflow/.local/lib/python3.12/site-packages/airflow/example_dags/example_xcom.py
[2026-07-24T18:00:06.449+0000] {logging_mixin.py:188} INFO - [2026-07-24T18:00:06.448+0000] {dag.py:3089} INFO - Sync 1 DAGs
[2026-07-24T18:00:06.487+0000] {logging_mixin.py:188} INFO - [2026-07-24T18:00:06.487+0000] {dag.py:3947} INFO - Setting next_dagrun for example_xcom to 2021-01-01 00:00:00+00:00, run_after=2021-01-01 00:00:00+00:00
[2026-07-24T18:00:06.528+0000] {processor.py:183} INFO - Processing /home/airflow/.local/lib/python3.12/site-packages/airflow/example_dags/example_xcom.py took 0.144 seconds
[2026-07-24T18:00:37.645+0000] {processor.py:161} INFO - Started process (PID=7632) to work on /home/airflow/.local/lib/python3.12/site-packages/airflow/example_dags/example_xcom.py
[2026-07-24T18:00:37.649+0000] {processor.py:830} INFO - Processing file /home/airflow/.local/lib/python3.12/site-packages/airflow/example_dags/example_xcom.py for tasks to queue
[2026-07-24T18:00:37.653+0000] {logging_mixin.py:188} INFO - [2026-07-24T18:00:37.652+0000] {dagbag.py:545} INFO - Filling up the DagBag from /home/airflow/.local/lib/python3.12/site-packages/airflow/example_dags/example_xcom.py
[2026-07-24T18:00:37.668+0000] {processor.py:840} INFO - DAG(s) 'example_xcom' retrieved from /home/airflow/.local/lib/python3.12/site-packages/airflow/example_dags/example_xcom.py
[2026-07-24T18:00:37.712+0000] {logging_mixin.py:188} INFO - [2026-07-24T18:00:37.712+0000] {dag.py:3089} INFO - Sync 1 DAGs
[2026-07-24T18:00:37.764+0000] {logging_mixin.py:188} INFO - [2026-07-24T18:00:37.763+0000] {dag.py:3947} INFO - Setting next_dagrun for example_xcom to 2021-01-01 00:00:00+00:00, run_after=2021-01-01 00:00:00+00:00
[2026-07-24T18:00:37.808+0000] {processor.py:183} INFO - Processing /home/airflow/.local/lib/python3.12/site-packages/airflow/example_dags/example_xcom.py took 0.172 seconds
[2026-07-24T18:01:09.065+0000] {processor.py:161} INFO - Started process (PID=7706) to work on /home/airflow/.local/lib/python3.12/site-packages/airflow/example_dags/example_xcom.py
[2026-07-24T18:01:09.068+0000] {processor.py:830} INFO - Processing file /home/airflow/.local/lib/python3.12/site-packages/airflow/example_dags/example_xcom.py for tasks to queue
[2026-07-24T18:01:09.073+0000] {logging_mixin.py:188} INFO - [2026-07-24T18:01:09.072+0000] {dagbag.py:545} INFO - Filling up the DagBag from /home/airflow/.local/lib/python3.12/site-packages/airflow/example_dags/example_xcom.py
[2026-07-24T18:01:09.094+0000] {processor.py:840} INFO - DAG(s) 'example_xcom' retrieved from /home/airflow/.local/lib/python3.12/site-packages/airflow/example_dags/example_xcom.py
[2026-07-24T18:01:09.135+0000] {logging_mixin.py:188} INFO - [2026-07-24T18:01:09.135+0000] {dag.py:3089} INFO - Sync 1 DAGs
[2026-07-24T18:01:09.174+0000] {logging_mixin.py:188} INFO - [2026-07-24T18:01:09.173+0000] {dag.py:3947} INFO - Setting next_dagrun for example_xcom to 2021-01-01 00:00:00+00:00, run_after=2021-01-01 00:00:00+00:00
[2026-07-24T18:01:09.209+0000] {processor.py:183} INFO - Processing /home/airflow/.local/lib/python3.12/site-packages/airflow/example_dags/example_xcom.py took 0.160 seconds
[2026-07-24T18:01:41.732+0000] {processor.py:161} INFO - Started process (PID=7781) to work on /home/airflow/.local/lib/python3.12/site-packages/airflow/example_dags/example_xcom.py
[2026-07-24T18:01:41.735+0000] {processor.py:830} INFO - Processing file /home/airflow/.local/lib/python3.12/site-packages/airflow/example_dags/example_xcom.py for tasks to queue
[2026-07-24T18:01:41.740+0000] {logging_mixin.py:188} INFO - [2026-07-24T18:01:41.739+0000] {dagbag.py:545} INFO - Filling up the DagBag from /home/airflow/.local/lib/python3.12/site-packages/airflow/example_dags/example_xcom.py
[2026-07-24T18:01:41.758+0000] {processor.py:840} INFO - DAG(s) 'example_xcom' retrieved from /home/airflow/.local/lib/python3.12/site-packages/airflow/example_dags/example_xcom.py
[2026-07-24T18:01:41.808+0000] {logging_mixin.py:188} INFO - [2026-07-24T18:01:41.807+0000] {dag.py:3089} INFO - Sync 1 DAGs
[2026-07-24T18:01:41.851+0000] {logging_mixin.py:188} INFO - [2026-07-24T18:01:41.850+0000] {dag.py:3947} INFO - Setting next_dagrun for example_xcom to 2021-01-01 00:00:00+00:00, run_after=2021-01-01 00:00:00+00:00
[2026-07-24T18:01:41.904+0000] {processor.py:183} INFO - Processing /home/airflow/.local/lib/python3.12/site-packages/airflow/example_dags/example_xcom.py took 0.184 seconds
[2026-07-24T18:02:12.500+0000] {processor.py:161} INFO - Started process (PID=7854) to work on /home/airflow/.local/lib/python3.12/site-packages/airflow/example_dags/example_xcom.py
[2026-07-24T18:02:12.502+0000] {processor.py:830} INFO - Processing file /home/airflow/.local/lib/python3.12/site-packages/airflow/example_dags/example_xcom.py for tasks to queue
[2026-07-24T18:02:12.505+0000] {logging_mixin.py:188} INFO - [2026-07-24T18:02:12.505+0000] {dagbag.py:545} INFO - Filling up the DagBag from /home/airflow/.local/lib/python3.12/site-packages/airflow/example_dags/example_xcom.py
[2026-07-24T18:02:12.515+0000] {processor.py:840} INFO - DAG(s) 'example_xcom' retrieved from /home/airflow/.local/lib/python3.12/site-packages/airflow/example_dags/example_xcom.py
[2026-07-24T18:02:12.551+0000] {logging_mixin.py:188} INFO - [2026-07-24T18:02:12.551+0000] {dag.py:3089} INFO - Sync 1 DAGs
[2026-07-24T18:02:12.586+0000] {logging_mixin.py:188} INFO - [2026-07-24T18:02:12.585+0000] {dag.py:3947} INFO - Setting next_dagrun for example_xcom to 2021-01-01 00:00:00+00:00, run_after=2021-01-01 00:00:00+00:00
[2026-07-24T18:02:12.615+0000] {processor.py:183} INFO - Processing /home/airflow/.local/lib/python3.12/site-packages/airflow/example_dags/example_xcom.py took 0.123 seconds
[2026-07-24T18:02:44.256+0000] {processor.py:161} INFO - Started process (PID=7927) to work on /home/airflow/.local/lib/python3.12/site-packages/airflow/example_dags/example_xcom.py
[2026-07-24T18:02:44.259+0000] {processor.py:830} INFO - Processing file /home/airflow/.local/lib/python3.12/site-packages/airflow/example_dags/example_xcom.py for tasks to queue
[2026-07-24T18:02:44.264+0000] {logging_mixin.py:188} INFO - [2026-07-24T18:02:44.263+0000] {dagbag.py:545} INFO - Filling up the DagBag from /home/airflow/.local/lib/python3.12/site-packages/airflow/example_dags/example_xcom.py
[2026-07-24T18:02:44.281+0000] {processor.py:840} INFO - DAG(s) 'example_xcom' retrieved from /home/airflow/.local/lib/python3.12/site-packages/airflow/example_dags/example_xcom.py
[2026-07-24T18:02:44.322+0000] {logging_mixin.py:188} INFO - [2026-07-24T18:02:44.322+0000] {dag.py:3089} INFO - Sync 1 DAGs
[2026-07-24T18:02:44.366+0000] {logging_mixin.py:188} INFO - [2026-07-24T18:02:44.365+0000] {dag.py:3947} INFO - Setting next_dagrun for example_xcom to 2021-01-01 00:00:00+00:00, run_after=2021-01-01 00:00:00+00:00
[2026-07-24T18:02:44.403+0000] {processor.py:183} INFO - Processing /home/airflow/.local/lib/python3.12/site-packages/airflow/example_dags/example_xcom.py took 0.158 seconds
[2026-07-24T18:03:16.093+0000] {processor.py:161} INFO - Started process (PID=8005) to work on /home/airflow/.local/lib/python3.12/site-packages/airflow/example_dags/example_xcom.py
[2026-07-24T18:03:16.096+0000] {processor.py:830} INFO - Processing file /home/airflow/.local/lib/python3.12/site-packages/airflow/example_dags/example_xcom.py for tasks to queue
[2026-07-24T18:03:16.100+0000] {logging_mixin.py:188} INFO - [2026-07-24T18:03:16.099+0000] {dagbag.py:545} INFO - Filling up the DagBag from /home/airflow/.local/lib/python3.12/site-packages/airflow/example_dags/example_xcom.py
[2026-07-24T18:03:16.115+0000] {processor.py:840} INFO - DAG(s) 'example_xcom' retrieved from /home/airflow/.local/lib/python3.12/site-packages/airflow/example_dags/example_xcom.py
[2026-07-24T18:03:16.162+0000] {logging_mixin.py:188} INFO - [2026-07-24T18:03:16.162+0000] {dag.py:3089} INFO - Sync 1 DAGs
[2026-07-24T18:03:16.208+0000] {logging_mixin.py:188} INFO - [2026-07-24T18:03:16.208+0000] {dag.py:3947} INFO - Setting next_dagrun for example_xcom to 2021-01-01 00:00:00+00:00, run_after=2021-01-01 00:00:00+00:00
[2026-07-24T18:03:16.267+0000] {processor.py:183} INFO - Processing /home/airflow/.local/lib/python3.12/site-packages/airflow/example_dags/example_xcom.py took 0.185 seconds
[2026-07-24T18:03:48.259+0000] {processor.py:161} INFO - Started process (PID=8080) to work on /home/airflow/.local/lib/python3.12/site-packages/airflow/example_dags/example_xcom.py
[2026-07-24T18:03:48.264+0000] {processor.py:830} INFO - Processing file /home/airflow/.local/lib/python3.12/site-packages/airflow/example_dags/example_xcom.py for tasks to queue
[2026-07-24T18:03:48.270+0000] {logging_mixin.py:188} INFO - [2026-07-24T18:03:48.269+0000] {dagbag.py:545} INFO - Filling up the DagBag from /home/airflow/.local/lib/python3.12/site-packages/airflow/example_dags/example_xcom.py
[2026-07-24T18:03:48.289+0000] {processor.py:840} INFO - DAG(s) 'example_xcom' retrieved from /home/airflow/.local/lib/python3.12/site-packages/airflow/example_dags/example_xcom.py
[2026-07-24T18:03:48.341+0000] {logging_mixin.py:188} INFO - [2026-07-24T18:03:48.340+0000] {dag.py:3089} INFO - Sync 1 DAGs
[2026-07-24T18:03:48.394+0000] {logging_mixin.py:188} INFO - [2026-07-24T18:03:48.394+0000] {dag.py:3947} INFO - Setting next_dagrun for example_xcom to 2021-01-01 00:00:00+00:00, run_after=2021-01-01 00:00:00+00:00
[2026-07-24T18:03:48.439+0000] {processor.py:183} INFO - Processing /home/airflow/.local/lib/python3.12/site-packages/airflow/example_dags/example_xcom.py took 0.194 seconds
[2026-07-24T18:04:19.702+0000] {processor.py:161} INFO - Started process (PID=8155) to work on /home/airflow/.local/lib/python3.12/site-packages/airflow/example_dags/example_xcom.py
[2026-07-24T18:04:19.704+0000] {processor.py:830} INFO - Processing file /home/airflow/.local/lib/python3.12/site-packages/airflow/example_dags/example_xcom.py for tasks to queue
[2026-07-24T18:04:19.708+0000] {logging_mixin.py:188} INFO - [2026-07-24T18:04:19.708+0000] {dagbag.py:545} INFO - Filling up the DagBag from /home/airflow/.local/lib/python3.12/site-packages/airflow/example_dags/example_xcom.py
[2026-07-24T18:04:19.720+0000] {processor.py:840} INFO - DAG(s) 'example_xcom' retrieved from /home/airflow/.local/lib/python3.12/site-packages/airflow/example_dags/example_xcom.py
[2026-07-24T18:04:19.751+0000] {logging_mixin.py:188} INFO - [2026-07-24T18:04:19.751+0000] {dag.py:3089} INFO - Sync 1 DAGs
[2026-07-24T18:04:19.782+0000] {logging_mixin.py:188} INFO - [2026-07-24T18:04:19.781+0000] {dag.py:3947} INFO - Setting next_dagrun for example_xcom to 2021-01-01 00:00:00+00:00, run_after=2021-01-01 00:00:00+00:00
[2026-07-24T18:04:19.811+0000] {processor.py:183} INFO - Processing /home/airflow/.local/lib/python3.12/site-packages/airflow/example_dags/example_xcom.py took 0.118 seconds
[2026-07-24T18:04:51.535+0000] {processor.py:161} INFO - Started process (PID=8228) to work on /home/airflow/.local/lib/python3.12/site-packages/airflow/example_dags/example_xcom.py
[2026-07-24T18:04:51.538+0000] {processor.py:830} INFO - Processing file /home/airflow/.local/lib/python3.12/site-packages/airflow/example_dags/example_xcom.py for tasks to queue
[2026-07-24T18:04:51.542+0000] {logging_mixin.py:188} INFO - [2026-07-24T18:04:51.541+0000] {dagbag.py:545} INFO - Filling up the DagBag from /home/airflow/.local/lib/python3.12/site-packages/airflow/example_dags/example_xcom.py
[2026-07-24T18:04:51.558+0000] {processor.py:840} INFO - DAG(s) 'example_xcom' retrieved from /home/airflow/.local/lib/python3.12/site-packages/airflow/example_dags/example_xcom.py
[2026-07-24T18:04:51.594+0000] {logging_mixin.py:188} INFO - [2026-07-24T18:04:51.594+0000] {dag.py:3089} INFO - Sync 1 DAGs
[2026-07-24T18:04:51.632+0000] {logging_mixin.py:188} INFO - [2026-07-24T18:04:51.631+0000] {dag.py:3947} INFO - Setting next_dagrun for example_xcom to 2021-01-01 00:00:00+00:00, run_after=2021-01-01 00:00:00+00:00
[2026-07-24T18:04:51.666+0000] {processor.py:183} INFO - Processing /home/airflow/.local/lib/python3.12/site-packages/airflow/example_dags/example_xcom.py took 0.141 seconds
[2026-07-24T18:05:23.091+0000] {processor.py:161} INFO - Started process (PID=8300) to work on /home/airflow/.local/lib/python3.12/site-packages/airflow/example_dags/example_xcom.py
[2026-07-24T18:05:23.093+0000] {processor.py:830} INFO - Processing file /home/airflow/.local/lib/python3.12/site-packages/airflow/example_dags/example_xcom.py for tasks to queue
[2026-07-24T18:05:23.097+0000] {logging_mixin.py:188} INFO - [2026-07-24T18:05:23.097+0000] {dagbag.py:545} INFO - Filling up the DagBag from /home/airflow/.local/lib/python3.12/site-packages/airflow/example_dags/example_xcom.py
[2026-07-24T18:05:23.109+0000] {processor.py:840} INFO - DAG(s) 'example_xcom' retrieved from /home/airflow/.local/lib/python3.12/site-packages/airflow/example_dags/example_xcom.py
[2026-07-24T18:05:23.141+0000] {logging_mixin.py:188} INFO - [2026-07-24T18:05:23.141+0000] {dag.py:3089} INFO - Sync 1 DAGs
[2026-07-24T18:05:23.211+0000] {logging_mixin.py:188} INFO - [2026-07-24T18:05:23.210+0000] {dag.py:3947} INFO - Setting next_dagrun for example_xcom to 2021-01-01 00:00:00+00:00, run_after=2021-01-01 00:00:00+00:00
[2026-07-24T18:05:23.275+0000] {processor.py:183} INFO - Processing /home/airflow/.local/lib/python3.12/site-packages/airflow/example_dags/example_xcom.py took 0.193 seconds
[2026-07-24T18:05:54.892+0000] {processor.py:161} INFO - Started process (PID=8372) to work on /home/airflow/.local/lib/python3.12/site-packages/airflow/example_dags/example_xcom.py
[2026-07-24T18:05:54.895+0000] {processor.py:830} INFO - Processing file /home/airflow/.local/lib/python3.12/site-packages/airflow/example_dags/example_xcom.py for tasks to queue
[2026-07-24T18:05:54.899+0000] {logging_mixin.py:188} INFO - [2026-07-24T18:05:54.898+0000] {dagbag.py:545} INFO - Filling up the DagBag from /home/airflow/.local/lib/python3.12/site-packages/airflow/example_dags/example_xcom.py
[2026-07-24T18:05:54.914+0000] {processor.py:840} INFO - DAG(s) 'example_xcom' retrieved from /home/airflow/.local/lib/python3.12/site-packages/airflow/example_dags/example_xcom.py
[2026-07-24T18:05:54.953+0000] {logging_mixin.py:188} INFO - [2026-07-24T18:05:54.952+0000] {dag.py:3089} INFO - Sync 1 DAGs
[2026-07-24T18:05:54.992+0000] {logging_mixin.py:188} INFO - [2026-07-24T18:05:54.991+0000] {dag.py:3947} INFO - Setting next_dagrun for example_xcom to 2021-01-01 00:00:00+00:00, run_after=2021-01-01 00:00:00+00:00
[2026-07-24T18:05:55.026+0000] {processor.py:183} INFO - Processing /home/airflow/.local/lib/python3.12/site-packages/airflow/example_dags/example_xcom.py took 0.146 seconds
[2026-07-24T18:06:26.186+0000] {processor.py:161} INFO - Started process (PID=8446) to work on /home/airflow/.local/lib/python3.12/site-packages/airflow/example_dags/example_xcom.py
[2026-07-24T18:06:26.190+0000] {processor.py:830} INFO - Processing file /home/airflow/.local/lib/python3.12/site-packages/airflow/example_dags/example_xcom.py for tasks to queue
[2026-07-24T18:06:26.195+0000] {logging_mixin.py:188} INFO - [2026-07-24T18:06:26.194+0000] {dagbag.py:545} INFO - Filling up the DagBag from /home/airflow/.local/lib/python3.12/site-packages/airflow/example_dags/example_xcom.py
[2026-07-24T18:06:26.211+0000] {processor.py:840} INFO - DAG(s) 'example_xcom' retrieved from /home/airflow/.local/lib/python3.12/site-packages/airflow/example_dags/example_xcom.py
[2026-07-24T18:06:26.254+0000] {logging_mixin.py:188} INFO - [2026-07-24T18:06:26.253+0000] {dag.py:3089} INFO - Sync 1 DAGs
[2026-07-24T18:06:26.285+0000] {logging_mixin.py:188} INFO - [2026-07-24T18:06:26.284+0000] {dag.py:3947} INFO - Setting next_dagrun for example_xcom to 2021-01-01 00:00:00+00:00, run_after=2021-01-01 00:00:00+00:00
[2026-07-24T18:06:26.318+0000] {processor.py:183} INFO - Processing /home/airflow/.local/lib/python3.12/site-packages/airflow/example_dags/example_xcom.py took 0.144 seconds
[2026-07-24T18:06:57.368+0000] {processor.py:161} INFO - Started process (PID=8519) to work on /home/airflow/.local/lib/python3.12/site-packages/airflow/example_dags/example_xcom.py
[2026-07-24T18:06:57.370+0000] {processor.py:830} INFO - Processing file /home/airflow/.local/lib/python3.12/site-packages/airflow/example_dags/example_xcom.py for tasks to queue
[2026-07-24T18:06:57.376+0000] {logging_mixin.py:188} INFO - [2026-07-24T18:06:57.375+0000] {dagbag.py:545} INFO - Filling up the DagBag from /home/airflow/.local/lib/python3.12/site-packages/airflow/example_dags/example_xcom.py
[2026-07-24T18:06:57.391+0000] {processor.py:840} INFO - DAG(s) 'example_xcom' retrieved from /home/airflow/.local/lib/python3.12/site-packages/airflow/example_dags/example_xcom.py
[2026-07-24T18:06:57.427+0000] {logging_mixin.py:188} INFO - [2026-07-24T18:06:57.426+0000] {dag.py:3089} INFO - Sync 1 DAGs
[2026-07-24T18:06:57.476+0000] {logging_mixin.py:188} INFO - [2026-07-24T18:06:57.475+0000] {dag.py:3947} INFO - Setting next_dagrun for example_xcom to 2021-01-01 00:00:00+00:00, run_after=2021-01-01 00:00:00+00:00
[2026-07-24T18:06:57.512+0000] {processor.py:183} INFO - Processing /home/airflow/.local/lib/python3.12/site-packages/airflow/example_dags/example_xcom.py took 0.155 seconds
[2026-07-24T18:07:30.100+0000] {processor.py:161} INFO - Started process (PID=8592) to work on /home/airflow/.local/lib/python3.12/site-packages/airflow/example_dags/example_xcom.py
[2026-07-24T18:07:30.102+0000] {processor.py:830} INFO - Processing file /home/airflow/.local/lib/python3.12/site-packages/airflow/example_dags/example_xcom.py for tasks to queue
[2026-07-24T18:07:30.105+0000] {logging_mixin.py:188} INFO - [2026-07-24T18:07:30.105+0000] {dagbag.py:545} INFO - Filling up the DagBag from /home/airflow/.local/lib/python3.12/site-packages/airflow/example_dags/example_xcom.py
[2026-07-24T18:07:30.358+0000] {processor.py:840} INFO - DAG(s) 'example_xcom' retrieved from /home/airflow/.local/lib/python3.12/site-packages/airflow/example_dags/example_xcom.py
[2026-07-24T18:07:30.385+0000] {logging_mixin.py:188} INFO - [2026-07-24T18:07:30.384+0000] {dag.py:3089} INFO - Sync 1 DAGs
[2026-07-24T18:07:30.409+0000] {logging_mixin.py:188} INFO - [2026-07-24T18:07:30.409+0000] {dag.py:3947} INFO - Setting next_dagrun for example_xcom to 2021-01-01 00:00:00+00:00, run_after=2021-01-01 00:00:00+00:00
[2026-07-24T18:07:30.436+0000] {processor.py:183} INFO - Processing /home/airflow/.local/lib/python3.12/site-packages/airflow/example_dags/example_xcom.py took 0.346 seconds
[2026-07-24T18:08:01.246+0000] {processor.py:161} INFO - Started process (PID=8665) to work on /home/airflow/.local/lib/python3.12/site-packages/airflow/example_dags/example_xcom.py
[2026-07-24T18:08:01.254+0000] {processor.py:830} INFO - Processing file /home/airflow/.local/lib/python3.12/site-packages/airflow/example_dags/example_xcom.py for tasks to queue
[2026-07-24T18:08:01.267+0000] {logging_mixin.py:188} INFO - [2026-07-24T18:08:01.265+0000] {dagbag.py:545} INFO - Filling up the DagBag from /home/airflow/.local/lib/python3.12/site-packages/airflow/example_dags/example_xcom.py
[2026-07-24T18:08:01.304+0000] {processor.py:840} INFO - DAG(s) 'example_xcom' retrieved from /home/airflow/.local/lib/python3.12/site-packages/airflow/example_dags/example_xcom.py
[2026-07-24T18:08:01.403+0000] {logging_mixin.py:188} INFO - [2026-07-24T18:08:01.402+0000] {dag.py:3089} INFO - Sync 1 DAGs
[2026-07-24T18:08:01.469+0000] {logging_mixin.py:188} INFO - [2026-07-24T18:08:01.468+0000] {dag.py:3947} INFO - Setting next_dagrun for example_xcom to 2021-01-01 00:00:00+00:00, run_after=2021-01-01 00:00:00+00:00
[2026-07-24T18:08:01.531+0000] {processor.py:183} INFO - Processing /home/airflow/.local/lib/python3.12/site-packages/airflow/example_dags/example_xcom.py took 0.310 seconds
[2026-07-24T18:08:31.739+0000] {processor.py:161} INFO - Started process (PID=8738) to work on /home/airflow/.local/lib/python3.12/site-packages/airflow/example_dags/example_xcom.py
[2026-07-24T18:08:31.741+0000] {processor.py:830} INFO - Processing file /home/airflow/.local/lib/python3.12/site-packages/airflow/example_dags/example_xcom.py for tasks to queue
[2026-07-24T18:08:31.744+0000] {logging_mixin.py:188} INFO - [2026-07-24T18:08:31.744+0000] {dagbag.py:545} INFO - Filling up the DagBag from /home/airflow/.local/lib/python3.12/site-packages/airflow/example_dags/example_xcom.py
[2026-07-24T18:08:31.754+0000] {processor.py:840} INFO - DAG(s) 'example_xcom' retrieved from /home/airflow/.local/lib/python3.12/site-packages/airflow/example_dags/example_xcom.py
[2026-07-24T18:08:31.784+0000] {logging_mixin.py:188} INFO - [2026-07-24T18:08:31.784+0000] {dag.py:3089} INFO - Sync 1 DAGs
[2026-07-24T18:08:31.814+0000] {logging_mixin.py:188} INFO - [2026-07-24T18:08:31.814+0000] {dag.py:3947} INFO - Setting next_dagrun for example_xcom to 2021-01-01 00:00:00+00:00, run_after=2021-01-01 00:00:00+00:00
[2026-07-24T18:08:31.842+0000] {processor.py:183} INFO - Processing /home/airflow/.local/lib/python3.12/site-packages/airflow/example_dags/example_xcom.py took 0.111 seconds
[2026-07-24T18:09:02.741+0000] {processor.py:161} INFO - Started process (PID=8811) to work on /home/airflow/.local/lib/python3.12/site-packages/airflow/example_dags/example_xcom.py
[2026-07-24T18:09:02.743+0000] {processor.py:830} INFO - Processing file /home/airflow/.local/lib/python3.12/site-packages/airflow/example_dags/example_xcom.py for tasks to queue
[2026-07-24T18:09:02.747+0000] {logging_mixin.py:188} INFO - [2026-07-24T18:09:02.746+0000] {dagbag.py:545} INFO - Filling up the DagBag from /home/airflow/.local/lib/python3.12/site-packages/airflow/example_dags/example_xcom.py
[2026-07-24T18:09:02.758+0000] {processor.py:840} INFO - DAG(s) 'example_xcom' retrieved from /home/airflow/.local/lib/python3.12/site-packages/airflow/example_dags/example_xcom.py
[2026-07-24T18:09:02.794+0000] {logging_mixin.py:188} INFO - [2026-07-24T18:09:02.793+0000] {dag.py:3089} INFO - Sync 1 DAGs
[2026-07-24T18:09:02.824+0000] {logging_mixin.py:188} INFO - [2026-07-24T18:09:02.824+0000] {dag.py:3947} INFO - Setting next_dagrun for example_xcom to 2021-01-01 00:00:00+00:00, run_after=2021-01-01 00:00:00+00:00
[2026-07-24T18:09:02.854+0000] {processor.py:183} INFO - Processing /home/airflow/.local/lib/python3.12/site-packages/airflow/example_dags/example_xcom.py took 0.121 seconds
[2026-07-24T18:09:33.674+0000] {processor.py:161} INFO - Started process (PID=8884) to work on /home/airflow/.local/lib/python3.12/site-packages/airflow/example_dags/example_xcom.py
[2026-07-24T18:09:33.676+0000] {processor.py:830} INFO - Processing file /home/airflow/.local/lib/python3.12/site-packages/airflow/example_dags/example_xcom.py for tasks to queue
[2026-07-24T18:09:33.679+0000] {logging_mixin.py:188} INFO - [2026-07-24T18:09:33.679+0000] {dagbag.py:545} INFO - Filling up the DagBag from /home/airflow/.local/lib/python3.12/site-packages/airflow/example_dags/example_xcom.py
[2026-07-24T18:09:33.690+0000] {processor.py:840} INFO - DAG(s) 'example_xcom' retrieved from /home/airflow/.local/lib/python3.12/site-packages/airflow/example_dags/example_xcom.py
[2026-07-24T18:09:33.720+0000] {logging_mixin.py:188} INFO - [2026-07-24T18:09:33.720+0000] {dag.py:3089} INFO - Sync 1 DAGs
[2026-07-24T18:09:33.749+0000] {logging_mixin.py:188} INFO - [2026-07-24T18:09:33.748+0000] {dag.py:3947} INFO - Setting next_dagrun for example_xcom to 2021-01-01 00:00:00+00:00, run_after=2021-01-01 00:00:00+00:00
[2026-07-24T18:09:33.782+0000] {processor.py:183} INFO - Processing /home/airflow/.local/lib/python3.12/site-packages/airflow/example_dags/example_xcom.py took 0.117 seconds
[2026-07-24T18:10:04.993+0000] {processor.py:161} INFO - Started process (PID=8957) to work on /home/airflow/.local/lib/python3.12/site-packages/airflow/example_dags/example_xcom.py
[2026-07-24T18:10:04.995+0000] {processor.py:830} INFO - Processing file /home/airflow/.local/lib/python3.12/site-packages/airflow/example_dags/example_xcom.py for tasks to queue
[2026-07-24T18:10:04.999+0000] {logging_mixin.py:188} INFO - [2026-07-24T18:10:04.998+0000] {dagbag.py:545} INFO - Filling up the DagBag from /home/airflow/.local/lib/python3.12/site-packages/airflow/example_dags/example_xcom.py
[2026-07-24T18:10:05.009+0000] {processor.py:840} INFO - DAG(s) 'example_xcom' retrieved from /home/airflow/.local/lib/python3.12/site-packages/airflow/example_dags/example_xcom.py
[2026-07-24T18:10:05.042+0000] {logging_mixin.py:188} INFO - [2026-07-24T18:10:05.042+0000] {dag.py:3089} INFO - Sync 1 DAGs
[2026-07-24T18:10:05.072+0000] {logging_mixin.py:188} INFO - [2026-07-24T18:10:05.072+0000] {dag.py:3947} INFO - Setting next_dagrun for example_xcom to 2021-01-01 00:00:00+00:00, run_after=2021-01-01 00:00:00+00:00
[2026-07-24T18:10:05.108+0000] {processor.py:183} INFO - Processing /home/airflow/.local/lib/python3.12/site-packages/airflow/example_dags/example_xcom.py took 0.123 seconds
[2026-07-24T18:10:36.037+0000] {processor.py:161} INFO - Started process (PID=9032) to work on /home/airflow/.local/lib/python3.12/site-packages/airflow/example_dags/example_xcom.py
[2026-07-24T18:10:36.040+0000] {processor.py:830} INFO - Processing file /home/airflow/.local/lib/python3.12/site-packages/airflow/example_dags/example_xcom.py for tasks to queue
[2026-07-24T18:10:36.044+0000] {logging_mixin.py:188} INFO - [2026-07-24T18:10:36.044+0000] {dagbag.py:545} INFO - Filling up the DagBag from /home/airflow/.local/lib/python3.12/site-packages/airflow/example_dags/example_xcom.py
[2026-07-24T18:10:36.062+0000] {processor.py:840} INFO - DAG(s) 'example_xcom' retrieved from /home/airflow/.local/lib/python3.12/site-packages/airflow/example_dags/example_xcom.py
[2026-07-24T18:10:36.110+0000] {logging_mixin.py:188} INFO - [2026-07-24T18:10:36.110+0000] {dag.py:3089} INFO - Sync 1 DAGs
[2026-07-24T18:10:36.159+0000] {logging_mixin.py:188} INFO - [2026-07-24T18:10:36.158+0000] {dag.py:3947} INFO - Setting next_dagrun for example_xcom to 2021-01-01 00:00:00+00:00, run_after=2021-01-01 00:00:00+00:00
[2026-07-24T18:10:36.203+0000] {processor.py:183} INFO - Processing /home/airflow/.local/lib/python3.12/site-packages/airflow/example_dags/example_xcom.py took 0.176 seconds
[2026-07-24T18:11:06.625+0000] {processor.py:161} INFO - Started process (PID=9105) to work on /home/airflow/.local/lib/python3.12/site-packages/airflow/example_dags/example_xcom.py
[2026-07-24T18:11:06.627+0000] {processor.py:830} INFO - Processing file /home/airflow/.local/lib/python3.12/site-packages/airflow/example_dags/example_xcom.py for tasks to queue
[2026-07-24T18:11:06.631+0000] {logging_mixin.py:188} INFO - [2026-07-24T18:11:06.630+0000] {dagbag.py:545} INFO - Filling up the DagBag from /home/airflow/.local/lib/python3.12/site-packages/airflow/example_dags/example_xcom.py
[2026-07-24T18:11:06.641+0000] {processor.py:840} INFO - DAG(s) 'example_xcom' retrieved from /home/airflow/.local/lib/python3.12/site-packages/airflow/example_dags/example_xcom.py
[2026-07-24T18:11:06.673+0000] {logging_mixin.py:188} INFO - [2026-07-24T18:11:06.673+0000] {dag.py:3089} INFO - Sync 1 DAGs
[2026-07-24T18:11:06.708+0000] {logging_mixin.py:188} INFO - [2026-07-24T18:11:06.707+0000] {dag.py:3947} INFO - Setting next_dagrun for example_xcom to 2021-01-01 00:00:00+00:00, run_after=2021-01-01 00:00:00+00:00
[2026-07-24T18:11:06.738+0000] {processor.py:183} INFO - Processing /home/airflow/.local/lib/python3.12/site-packages/airflow/example_dags/example_xcom.py took 0.121 seconds
[2026-07-24T18:11:37.771+0000] {processor.py:161} INFO - Started process (PID=9178) to work on /home/airflow/.local/lib/python3.12/site-packages/airflow/example_dags/example_xcom.py
[2026-07-24T18:11:37.773+0000] {processor.py:830} INFO - Processing file /home/airflow/.local/lib/python3.12/site-packages/airflow/example_dags/example_xcom.py for tasks to queue
[2026-07-24T18:11:37.777+0000] {logging_mixin.py:188} INFO - [2026-07-24T18:11:37.776+0000] {dagbag.py:545} INFO - Filling up the DagBag from /home/airflow/.local/lib/python3.12/site-packages/airflow/example_dags/example_xcom.py
[2026-07-24T18:11:37.793+0000] {processor.py:840} INFO - DAG(s) 'example_xcom' retrieved from /home/airflow/.local/lib/python3.12/site-packages/airflow/example_dags/example_xcom.py
[2026-07-24T18:11:37.831+0000] {logging_mixin.py:188} INFO - [2026-07-24T18:11:37.831+0000] {dag.py:3089} INFO - Sync 1 DAGs
[2026-07-24T18:11:37.868+0000] {logging_mixin.py:188} INFO - [2026-07-24T18:11:37.867+0000] {dag.py:3947} INFO - Setting next_dagrun for example_xcom to 2021-01-01 00:00:00+00:00, run_after=2021-01-01 00:00:00+00:00
[2026-07-24T18:11:37.900+0000] {processor.py:183} INFO - Processing /home/airflow/.local/lib/python3.12/site-packages/airflow/example_dags/example_xcom.py took 0.137 seconds
[2026-07-24T18:12:09.663+0000] {processor.py:161} INFO - Started process (PID=9251) to work on /home/airflow/.local/lib/python3.12/site-packages/airflow/example_dags/example_xcom.py
[2026-07-24T18:12:09.666+0000] {processor.py:830} INFO - Processing file /home/airflow/.local/lib/python3.12/site-packages/airflow/example_dags/example_xcom.py for tasks to queue
[2026-07-24T18:12:09.671+0000] {logging_mixin.py:188} INFO - [2026-07-24T18:12:09.670+0000] {dagbag.py:545} INFO - Filling up the DagBag from /home/airflow/.local/lib/python3.12/site-packages/airflow/example_dags/example_xcom.py
[2026-07-24T18:12:09.685+0000] {processor.py:840} INFO - DAG(s) 'example_xcom' retrieved from /home/airflow/.local/lib/python3.12/site-packages/airflow/example_dags/example_xcom.py
[2026-07-24T18:12:09.727+0000] {logging_mixin.py:188} INFO - [2026-07-24T18:12:09.727+0000] {dag.py:3089} INFO - Sync 1 DAGs
[2026-07-24T18:12:09.760+0000] {logging_mixin.py:188} INFO - [2026-07-24T18:12:09.759+0000] {dag.py:3947} INFO - Setting next_dagrun for example_xcom to 2021-01-01 00:00:00+00:00, run_after=2021-01-01 00:00:00+00:00
[2026-07-24T18:12:09.795+0000] {processor.py:183} INFO - Processing /home/airflow/.local/lib/python3.12/site-packages/airflow/example_dags/example_xcom.py took 0.140 seconds
[2026-07-24T18:12:40.628+0000] {processor.py:161} INFO - Started process (PID=9324) to work on /home/airflow/.local/lib/python3.12/site-packages/airflow/example_dags/example_xcom.py
[2026-07-24T18:12:40.630+0000] {processor.py:830} INFO - Processing file /home/airflow/.local/lib/python3.12/site-packages/airflow/example_dags/example_xcom.py for tasks to queue
[2026-07-24T18:12:40.634+0000] {logging_mixin.py:188} INFO - [2026-07-24T18:12:40.633+0000] {dagbag.py:545} INFO - Filling up the DagBag from /home/airflow/.local/lib/python3.12/site-packages/airflow/example_dags/example_xcom.py
[2026-07-24T18:12:40.645+0000] {processor.py:840} INFO - DAG(s) 'example_xcom' retrieved from /home/airflow/.local/lib/python3.12/site-packages/airflow/example_dags/example_xcom.py
[2026-07-24T18:12:40.678+0000] {logging_mixin.py:188} INFO - [2026-07-24T18:12:40.678+0000] {dag.py:3089} INFO - Sync 1 DAGs
[2026-07-24T18:12:40.708+0000] {logging_mixin.py:188} INFO - [2026-07-24T18:12:40.707+0000] {dag.py:3947} INFO - Setting next_dagrun for example_xcom to 2021-01-01 00:00:00+00:00, run_after=2021-01-01 00:00:00+00:00
[2026-07-24T18:12:40.784+0000] {processor.py:183} INFO - Processing /home/airflow/.local/lib/python3.12/site-packages/airflow/example_dags/example_xcom.py took 0.164 seconds
[2026-07-24T18:13:12.607+0000] {processor.py:161} INFO - Started process (PID=9399) to work on /home/airflow/.local/lib/python3.12/site-packages/airflow/example_dags/example_xcom.py
[2026-07-24T18:13:12.610+0000] {processor.py:830} INFO - Processing file /home/airflow/.local/lib/python3.12/site-packages/airflow/example_dags/example_xcom.py for tasks to queue
[2026-07-24T18:13:12.615+0000] {logging_mixin.py:188} INFO - [2026-07-24T18:13:12.615+0000] {dagbag.py:545} INFO - Filling up the DagBag from /home/airflow/.local/lib/python3.12/site-packages/airflow/example_dags/example_xcom.py
[2026-07-24T18:13:12.634+0000] {processor.py:840} INFO - DAG(s) 'example_xcom' retrieved from /home/airflow/.local/lib/python3.12/site-packages/airflow/example_dags/example_xcom.py
[2026-07-24T18:13:12.694+0000] {logging_mixin.py:188} INFO - [2026-07-24T18:13:12.693+0000] {dag.py:3089} INFO - Sync 1 DAGs
[2026-07-24T18:13:12.751+0000] {logging_mixin.py:188} INFO - [2026-07-24T18:13:12.751+0000] {dag.py:3947} INFO - Setting next_dagrun for example_xcom to 2021-01-01 00:00:00+00:00, run_after=2021-01-01 00:00:00+00:00
[2026-07-24T18:13:12.810+0000] {processor.py:183} INFO - Processing /home/airflow/.local/lib/python3.12/site-packages/airflow/example_dags/example_xcom.py took 0.216 seconds
[2026-07-24T18:13:44.515+0000] {processor.py:161} INFO - Started process (PID=9472) to work on /home/airflow/.local/lib/python3.12/site-packages/airflow/example_dags/example_xcom.py
[2026-07-24T18:13:44.520+0000] {processor.py:830} INFO - Processing file /home/airflow/.local/lib/python3.12/site-packages/airflow/example_dags/example_xcom.py for tasks to queue
[2026-07-24T18:13:44.527+0000] {logging_mixin.py:188} INFO - [2026-07-24T18:13:44.527+0000] {dagbag.py:545} INFO - Filling up the DagBag from /home/airflow/.local/lib/python3.12/site-packages/airflow/example_dags/example_xcom.py
[2026-07-24T18:13:44.549+0000] {processor.py:840} INFO - DAG(s) 'example_xcom' retrieved from /home/airflow/.local/lib/python3.12/site-packages/airflow/example_dags/example_xcom.py
[2026-07-24T18:13:44.591+0000] {logging_mixin.py:188} INFO - [2026-07-24T18:13:44.591+0000] {dag.py:3089} INFO - Sync 1 DAGs
[2026-07-24T18:13:44.637+0000] {logging_mixin.py:188} INFO - [2026-07-24T18:13:44.636+0000] {dag.py:3947} INFO - Setting next_dagrun for example_xcom to 2021-01-01 00:00:00+00:00, run_after=2021-01-01 00:00:00+00:00
[2026-07-24T18:13:44.678+0000] {processor.py:183} INFO - Processing /home/airflow/.local/lib/python3.12/site-packages/airflow/example_dags/example_xcom.py took 0.177 seconds
[2026-07-24T18:14:15.322+0000] {processor.py:161} INFO - Started process (PID=9545) to work on /home/airflow/.local/lib/python3.12/site-packages/airflow/example_dags/example_xcom.py
[2026-07-24T18:14:15.324+0000] {processor.py:830} INFO - Processing file /home/airflow/.local/lib/python3.12/site-packages/airflow/example_dags/example_xcom.py for tasks to queue
[2026-07-24T18:14:15.328+0000] {logging_mixin.py:188} INFO - [2026-07-24T18:14:15.327+0000] {dagbag.py:545} INFO - Filling up the DagBag from /home/airflow/.local/lib/python3.12/site-packages/airflow/example_dags/example_xcom.py
[2026-07-24T18:14:15.341+0000] {processor.py:840} INFO - DAG(s) 'example_xcom' retrieved from /home/airflow/.local/lib/python3.12/site-packages/airflow/example_dags/example_xcom.py
[2026-07-24T18:14:15.378+0000] {logging_mixin.py:188} INFO - [2026-07-24T18:14:15.378+0000] {dag.py:3089} INFO - Sync 1 DAGs
[2026-07-24T18:14:15.410+0000] {logging_mixin.py:188} INFO - [2026-07-24T18:14:15.410+0000] {dag.py:3947} INFO - Setting next_dagrun for example_xcom to 2021-01-01 00:00:00+00:00, run_after=2021-01-01 00:00:00+00:00
[2026-07-24T18:14:15.445+0000] {processor.py:183} INFO - Processing /home/airflow/.local/lib/python3.12/site-packages/airflow/example_dags/example_xcom.py took 0.133 seconds
[2026-07-24T18:14:46.513+0000] {processor.py:161} INFO - Started process (PID=9619) to work on /home/airflow/.local/lib/python3.12/site-packages/airflow/example_dags/example_xcom.py
[2026-07-24T18:14:46.516+0000] {processor.py:830} INFO - Processing file /home/airflow/.local/lib/python3.12/site-packages/airflow/example_dags/example_xcom.py for tasks to queue
[2026-07-24T18:14:46.520+0000] {logging_mixin.py:188} INFO - [2026-07-24T18:14:46.520+0000] {dagbag.py:545} INFO - Filling up the DagBag from /home/airflow/.local/lib/python3.12/site-packages/airflow/example_dags/example_xcom.py
[2026-07-24T18:14:46.535+0000] {processor.py:840} INFO - DAG(s) 'example_xcom' retrieved from /home/airflow/.local/lib/python3.12/site-packages/airflow/example_dags/example_xcom.py
[2026-07-24T18:14:46.577+0000] {logging_mixin.py:188} INFO - [2026-07-24T18:14:46.577+0000] {dag.py:3089} INFO - Sync 1 DAGs
[2026-07-24T18:14:46.617+0000] {logging_mixin.py:188} INFO - [2026-07-24T18:14:46.616+0000] {dag.py:3947} INFO - Setting next_dagrun for example_xcom to 2021-01-01 00:00:00+00:00, run_after=2021-01-01 00:00:00+00:00
[2026-07-24T18:14:46.653+0000] {processor.py:183} INFO - Processing /home/airflow/.local/lib/python3.12/site-packages/airflow/example_dags/example_xcom.py took 0.152 seconds
[2026-07-24T18:15:17.163+0000] {processor.py:161} INFO - Started process (PID=9692) to work on /home/airflow/.local/lib/python3.12/site-packages/airflow/example_dags/example_xcom.py
[2026-07-24T18:15:17.166+0000] {processor.py:830} INFO - Processing file /home/airflow/.local/lib/python3.12/site-packages/airflow/example_dags/example_xcom.py for tasks to queue
[2026-07-24T18:15:17.169+0000] {logging_mixin.py:188} INFO - [2026-07-24T18:15:17.169+0000] {dagbag.py:545} INFO - Filling up the DagBag from /home/airflow/.local/lib/python3.12/site-packages/airflow/example_dags/example_xcom.py
[2026-07-24T18:15:17.180+0000] {processor.py:840} INFO - DAG(s) 'example_xcom' retrieved from /home/airflow/.local/lib/python3.12/site-packages/airflow/example_dags/example_xcom.py
[2026-07-24T18:15:17.212+0000] {logging_mixin.py:188} INFO - [2026-07-24T18:15:17.212+0000] {dag.py:3089} INFO - Sync 1 DAGs
[2026-07-24T18:15:17.240+0000] {logging_mixin.py:188} INFO - [2026-07-24T18:15:17.240+0000] {dag.py:3947} INFO - Setting next_dagrun for example_xcom to 2021-01-01 00:00:00+00:00, run_after=2021-01-01 00:00:00+00:00
[2026-07-24T18:15:17.268+0000] {processor.py:183} INFO - Processing /home/airflow/.local/lib/python3.12/site-packages/airflow/example_dags/example_xcom.py took 0.112 seconds
[2026-07-24T18:15:47.942+0000] {processor.py:161} INFO - Started process (PID=9766) to work on /home/airflow/.local/lib/python3.12/site-packages/airflow/example_dags/example_xcom.py
[2026-07-24T18:15:47.944+0000] {processor.py:830} INFO - Processing file /home/airflow/.local/lib/python3.12/site-packages/airflow/example_dags/example_xcom.py for tasks to queue
[2026-07-24T18:15:47.948+0000] {logging_mixin.py:188} INFO - [2026-07-24T18:15:47.948+0000] {dagbag.py:545} INFO - Filling up the DagBag from /home/airflow/.local/lib/python3.12/site-packages/airflow/example_dags/example_xcom.py
[2026-07-24T18:15:47.959+0000] {processor.py:840} INFO - DAG(s) 'example_xcom' retrieved from /home/airflow/.local/lib/python3.12/site-packages/airflow/example_dags/example_xcom.py
[2026-07-24T18:15:48.000+0000] {logging_mixin.py:188} INFO - [2026-07-24T18:15:47.999+0000] {dag.py:3089} INFO - Sync 1 DAGs
[2026-07-24T18:15:48.058+0000] {logging_mixin.py:188} INFO - [2026-07-24T18:15:48.057+0000] {dag.py:3947} INFO - Setting next_dagrun for example_xcom to 2021-01-01 00:00:00+00:00, run_after=2021-01-01 00:00:00+00:00
[2026-07-24T18:15:48.095+0000] {processor.py:183} INFO - Processing /home/airflow/.local/lib/python3.12/site-packages/airflow/example_dags/example_xcom.py took 0.165 seconds
[2026-07-24T18:16:19.674+0000] {processor.py:161} INFO - Started process (PID=9839) to work on /home/airflow/.local/lib/python3.12/site-packages/airflow/example_dags/example_xcom.py
[2026-07-24T18:16:19.677+0000] {processor.py:830} INFO - Processing file /home/airflow/.local/lib/python3.12/site-packages/airflow/example_dags/example_xcom.py for tasks to queue
[2026-07-24T18:16:19.682+0000] {logging_mixin.py:188} INFO - [2026-07-24T18:16:19.681+0000] {dagbag.py:545} INFO - Filling up the DagBag from /home/airflow/.local/lib/python3.12/site-packages/airflow/example_dags/example_xcom.py
[2026-07-24T18:16:19.697+0000] {processor.py:840} INFO - DAG(s) 'example_xcom' retrieved from /home/airflow/.local/lib/python3.12/site-packages/airflow/example_dags/example_xcom.py
[2026-07-24T18:16:19.745+0000] {logging_mixin.py:188} INFO - [2026-07-24T18:16:19.744+0000] {dag.py:3089} INFO - Sync 1 DAGs
[2026-07-24T18:16:19.791+0000] {logging_mixin.py:188} INFO - [2026-07-24T18:16:19.791+0000] {dag.py:3947} INFO - Setting next_dagrun for example_xcom to 2021-01-01 00:00:00+00:00, run_after=2021-01-01 00:00:00+00:00
[2026-07-24T18:16:19.835+0000] {processor.py:183} INFO - Processing /home/airflow/.local/lib/python3.12/site-packages/airflow/example_dags/example_xcom.py took 0.173 seconds
[2026-07-24T18:16:50.480+0000] {processor.py:161} INFO - Started process (PID=9912) to work on /home/airflow/.local/lib/python3.12/site-packages/airflow/example_dags/example_xcom.py
[2026-07-24T18:16:50.482+0000] {processor.py:830} INFO - Processing file /home/airflow/.local/lib/python3.12/site-packages/airflow/example_dags/example_xcom.py for tasks to queue
[2026-07-24T18:16:50.486+0000] {logging_mixin.py:188} INFO - [2026-07-24T18:16:50.486+0000] {dagbag.py:545} INFO - Filling up the DagBag from /home/airflow/.local/lib/python3.12/site-packages/airflow/example_dags/example_xcom.py
[2026-07-24T18:16:50.499+0000] {processor.py:840} INFO - DAG(s) 'example_xcom' retrieved from /home/airflow/.local/lib/python3.12/site-packages/airflow/example_dags/example_xcom.py
[2026-07-24T18:16:50.544+0000] {logging_mixin.py:188} INFO - [2026-07-24T18:16:50.543+0000] {dag.py:3089} INFO - Sync 1 DAGs
[2026-07-24T18:16:50.588+0000] {logging_mixin.py:188} INFO - [2026-07-24T18:16:50.588+0000] {dag.py:3947} INFO - Setting next_dagrun for example_xcom to 2021-01-01 00:00:00+00:00, run_after=2021-01-01 00:00:00+00:00
[2026-07-24T18:16:50.636+0000] {processor.py:183} INFO - Processing /home/airflow/.local/lib/python3.12/site-packages/airflow/example_dags/example_xcom.py took 0.165 seconds
[2026-07-24T18:17:23.238+0000] {processor.py:161} INFO - Started process (PID=9986) to work on /home/airflow/.local/lib/python3.12/site-packages/airflow/example_dags/example_xcom.py
[2026-07-24T18:17:23.241+0000] {processor.py:830} INFO - Processing file /home/airflow/.local/lib/python3.12/site-packages/airflow/example_dags/example_xcom.py for tasks to queue
[2026-07-24T18:17:23.247+0000] {logging_mixin.py:188} INFO - [2026-07-24T18:17:23.245+0000] {dagbag.py:545} INFO - Filling up the DagBag from /home/airflow/.local/lib/python3.12/site-packages/airflow/example_dags/example_xcom.py
[2026-07-24T18:17:23.268+0000] {processor.py:840} INFO - DAG(s) 'example_xcom' retrieved from /home/airflow/.local/lib/python3.12/site-packages/airflow/example_dags/example_xcom.py
[2026-07-24T18:17:23.331+0000] {logging_mixin.py:188} INFO - [2026-07-24T18:17:23.331+0000] {dag.py:3089} INFO - Sync 1 DAGs
[2026-07-24T18:17:23.385+0000] {logging_mixin.py:188} INFO - [2026-07-24T18:17:23.385+0000] {dag.py:3947} INFO - Setting next_dagrun for example_xcom to 2021-01-01 00:00:00+00:00, run_after=2021-01-01 00:00:00+00:00
[2026-07-24T18:17:23.438+0000] {processor.py:183} INFO - Processing /home/airflow/.local/lib/python3.12/site-packages/airflow/example_dags/example_xcom.py took 0.217 seconds
[2026-07-24T18:17:54.460+0000] {processor.py:161} INFO - Started process (PID=10060) to work on /home/airflow/.local/lib/python3.12/site-packages/airflow/example_dags/example_xcom.py
[2026-07-24T18:17:54.465+0000] {processor.py:830} INFO - Processing file /home/airflow/.local/lib/python3.12/site-packages/airflow/example_dags/example_xcom.py for tasks to queue
[2026-07-24T18:17:54.472+0000] {logging_mixin.py:188} INFO - [2026-07-24T18:17:54.471+0000] {dagbag.py:545} INFO - Filling up the DagBag from /home/airflow/.local/lib/python3.12/site-packages/airflow/example_dags/example_xcom.py
[2026-07-24T18:17:54.503+0000] {processor.py:840} INFO - DAG(s) 'example_xcom' retrieved from /home/airflow/.local/lib/python3.12/site-packages/airflow/example_dags/example_xcom.py
[2026-07-24T18:17:54.583+0000] {logging_mixin.py:188} INFO - [2026-07-24T18:17:54.582+0000] {dag.py:3089} INFO - Sync 1 DAGs
[2026-07-24T18:17:54.654+0000] {logging_mixin.py:188} INFO - [2026-07-24T18:17:54.652+0000] {dag.py:3947} INFO - Setting next_dagrun for example_xcom to 2021-01-01 00:00:00+00:00, run_after=2021-01-01 00:00:00+00:00
[2026-07-24T18:17:54.708+0000] {processor.py:183} INFO - Processing /home/airflow/.local/lib/python3.12/site-packages/airflow/example_dags/example_xcom.py took 0.271 seconds
[2026-07-24T18:18:25.938+0000] {processor.py:161} INFO - Started process (PID=10133) to work on /home/airflow/.local/lib/python3.12/site-packages/airflow/example_dags/example_xcom.py
[2026-07-24T18:18:25.941+0000] {processor.py:830} INFO - Processing file /home/airflow/.local/lib/python3.12/site-packages/airflow/example_dags/example_xcom.py for tasks to queue
[2026-07-24T18:18:25.946+0000] {logging_mixin.py:188} INFO - [2026-07-24T18:18:25.945+0000] {dagbag.py:545} INFO - Filling up the DagBag from /home/airflow/.local/lib/python3.12/site-packages/airflow/example_dags/example_xcom.py
[2026-07-24T18:18:25.964+0000] {processor.py:840} INFO - DAG(s) 'example_xcom' retrieved from /home/airflow/.local/lib/python3.12/site-packages/airflow/example_dags/example_xcom.py
[2026-07-24T18:18:26.018+0000] {logging_mixin.py:188} INFO - [2026-07-24T18:18:26.017+0000] {dag.py:3089} INFO - Sync 1 DAGs
[2026-07-24T18:18:26.071+0000] {logging_mixin.py:188} INFO - [2026-07-24T18:18:26.071+0000] {dag.py:3947} INFO - Setting next_dagrun for example_xcom to 2021-01-01 00:00:00+00:00, run_after=2021-01-01 00:00:00+00:00
[2026-07-24T18:18:26.114+0000] {processor.py:183} INFO - Processing /home/airflow/.local/lib/python3.12/site-packages/airflow/example_dags/example_xcom.py took 0.191 seconds
[2026-07-24T18:18:56.808+0000] {processor.py:161} INFO - Started process (PID=10206) to work on /home/airflow/.local/lib/python3.12/site-packages/airflow/example_dags/example_xcom.py
[2026-07-24T18:18:56.811+0000] {processor.py:830} INFO - Processing file /home/airflow/.local/lib/python3.12/site-packages/airflow/example_dags/example_xcom.py for tasks to queue
[2026-07-24T18:18:56.816+0000] {logging_mixin.py:188} INFO - [2026-07-24T18:18:56.815+0000] {dagbag.py:545} INFO - Filling up the DagBag from /home/airflow/.local/lib/python3.12/site-packages/airflow/example_dags/example_xcom.py
[2026-07-24T18:18:56.829+0000] {processor.py:840} INFO - DAG(s) 'example_xcom' retrieved from /home/airflow/.local/lib/python3.12/site-packages/airflow/example_dags/example_xcom.py
[2026-07-24T18:18:56.883+0000] {logging_mixin.py:188} INFO - [2026-07-24T18:18:56.882+0000] {dag.py:3089} INFO - Sync 1 DAGs
[2026-07-24T18:18:56.943+0000] {logging_mixin.py:188} INFO - [2026-07-24T18:18:56.942+0000] {dag.py:3947} INFO - Setting next_dagrun for example_xcom to 2021-01-01 00:00:00+00:00, run_after=2021-01-01 00:00:00+00:00
[2026-07-24T18:18:56.996+0000] {processor.py:183} INFO - Processing /home/airflow/.local/lib/python3.12/site-packages/airflow/example_dags/example_xcom.py took 0.203 seconds
[2026-07-24T18:19:29.406+0000] {processor.py:161} INFO - Started process (PID=10279) to work on /home/airflow/.local/lib/python3.12/site-packages/airflow/example_dags/example_xcom.py
[2026-07-24T18:19:29.409+0000] {processor.py:830} INFO - Processing file /home/airflow/.local/lib/python3.12/site-packages/airflow/example_dags/example_xcom.py for tasks to queue
[2026-07-24T18:19:29.415+0000] {logging_mixin.py:188} INFO - [2026-07-24T18:19:29.414+0000] {dagbag.py:545} INFO - Filling up the DagBag from /home/airflow/.local/lib/python3.12/site-packages/airflow/example_dags/example_xcom.py
[2026-07-24T18:19:29.433+0000] {processor.py:840} INFO - DAG(s) 'example_xcom' retrieved from /home/airflow/.local/lib/python3.12/site-packages/airflow/example_dags/example_xcom.py
[2026-07-24T18:19:29.492+0000] {logging_mixin.py:188} INFO - [2026-07-24T18:19:29.492+0000] {dag.py:3089} INFO - Sync 1 DAGs
[2026-07-24T18:19:29.547+0000] {logging_mixin.py:188} INFO - [2026-07-24T18:19:29.546+0000] {dag.py:3947} INFO - Setting next_dagrun for example_xcom to 2021-01-01 00:00:00+00:00, run_after=2021-01-01 00:00:00+00:00
[2026-07-24T18:19:29.592+0000] {processor.py:183} INFO - Processing /home/airflow/.local/lib/python3.12/site-packages/airflow/example_dags/example_xcom.py took 0.201 seconds
[2026-07-24T18:19:59.974+0000] {processor.py:161} INFO - Started process (PID=10352) to work on /home/airflow/.local/lib/python3.12/site-packages/airflow/example_dags/example_xcom.py
[2026-07-24T18:19:59.977+0000] {processor.py:830} INFO - Processing file /home/airflow/.local/lib/python3.12/site-packages/airflow/example_dags/example_xcom.py for tasks to queue
[2026-07-24T18:19:59.981+0000] {logging_mixin.py:188} INFO - [2026-07-24T18:19:59.980+0000] {dagbag.py:545} INFO - Filling up the DagBag from /home/airflow/.local/lib/python3.12/site-packages/airflow/example_dags/example_xcom.py
[2026-07-24T18:19:59.995+0000] {processor.py:840} INFO - DAG(s) 'example_xcom' retrieved from /home/airflow/.local/lib/python3.12/site-packages/airflow/example_dags/example_xcom.py
[2026-07-24T18:20:00.042+0000] {logging_mixin.py:188} INFO - [2026-07-24T18:20:00.042+0000] {dag.py:3089} INFO - Sync 1 DAGs
[2026-07-24T18:20:00.077+0000] {logging_mixin.py:188} INFO - [2026-07-24T18:20:00.077+0000] {dag.py:3947} INFO - Setting next_dagrun for example_xcom to 2021-01-01 00:00:00+00:00, run_after=2021-01-01 00:00:00+00:00
[2026-07-24T18:20:00.111+0000] {processor.py:183} INFO - Processing /home/airflow/.local/lib/python3.12/site-packages/airflow/example_dags/example_xcom.py took 0.147 seconds
[2026-07-24T18:20:31.553+0000] {processor.py:161} INFO - Started process (PID=10426) to work on /home/airflow/.local/lib/python3.12/site-packages/airflow/example_dags/example_xcom.py
[2026-07-24T18:20:31.571+0000] {processor.py:830} INFO - Processing file /home/airflow/.local/lib/python3.12/site-packages/airflow/example_dags/example_xcom.py for tasks to queue
[2026-07-24T18:20:31.587+0000] {logging_mixin.py:188} INFO - [2026-07-24T18:20:31.586+0000] {dagbag.py:545} INFO - Filling up the DagBag from /home/airflow/.local/lib/python3.12/site-packages/airflow/example_dags/example_xcom.py
[2026-07-24T18:20:31.617+0000] {processor.py:840} INFO - DAG(s) 'example_xcom' retrieved from /home/airflow/.local/lib/python3.12/site-packages/airflow/example_dags/example_xcom.py
[2026-07-24T18:20:31.686+0000] {logging_mixin.py:188} INFO - [2026-07-24T18:20:31.685+0000] {dag.py:3089} INFO - Sync 1 DAGs
[2026-07-24T18:20:31.818+0000] {logging_mixin.py:188} INFO - [2026-07-24T18:20:31.817+0000] {dag.py:3947} INFO - Setting next_dagrun for example_xcom to 2021-01-01 00:00:00+00:00, run_after=2021-01-01 00:00:00+00:00
[2026-07-24T18:20:31.897+0000] {processor.py:183} INFO - Processing /home/airflow/.local/lib/python3.12/site-packages/airflow/example_dags/example_xcom.py took 0.376 seconds
[2026-07-24T18:21:03.126+0000] {processor.py:161} INFO - Started process (PID=10500) to work on /home/airflow/.local/lib/python3.12/site-packages/airflow/example_dags/example_xcom.py
[2026-07-24T18:21:03.128+0000] {processor.py:830} INFO - Processing file /home/airflow/.local/lib/python3.12/site-packages/airflow/example_dags/example_xcom.py for tasks to queue
[2026-07-24T18:21:03.133+0000] {logging_mixin.py:188} INFO - [2026-07-24T18:21:03.132+0000] {dagbag.py:545} INFO - Filling up the DagBag from /home/airflow/.local/lib/python3.12/site-packages/airflow/example_dags/example_xcom.py
[2026-07-24T18:21:03.149+0000] {processor.py:840} INFO - DAG(s) 'example_xcom' retrieved from /home/airflow/.local/lib/python3.12/site-packages/airflow/example_dags/example_xcom.py
[2026-07-24T18:21:03.194+0000] {logging_mixin.py:188} INFO - [2026-07-24T18:21:03.194+0000] {dag.py:3089} INFO - Sync 1 DAGs
[2026-07-24T18:21:03.238+0000] {logging_mixin.py:188} INFO - [2026-07-24T18:21:03.238+0000] {dag.py:3947} INFO - Setting next_dagrun for example_xcom to 2021-01-01 00:00:00+00:00, run_after=2021-01-01 00:00:00+00:00
[2026-07-24T18:21:03.284+0000] {processor.py:183} INFO - Processing /home/airflow/.local/lib/python3.12/site-packages/airflow/example_dags/example_xcom.py took 0.171 seconds
[2026-07-24T18:21:33.855+0000] {processor.py:161} INFO - Started process (PID=10573) to work on /home/airflow/.local/lib/python3.12/site-packages/airflow/example_dags/example_xcom.py
[2026-07-24T18:21:33.859+0000] {processor.py:830} INFO - Processing file /home/airflow/.local/lib/python3.12/site-packages/airflow/example_dags/example_xcom.py for tasks to queue
[2026-07-24T18:21:33.870+0000] {logging_mixin.py:188} INFO - [2026-07-24T18:21:33.869+0000] {dagbag.py:545} INFO - Filling up the DagBag from /home/airflow/.local/lib/python3.12/site-packages/airflow/example_dags/example_xcom.py
[2026-07-24T18:21:33.911+0000] {processor.py:840} INFO - DAG(s) 'example_xcom' retrieved from /home/airflow/.local/lib/python3.12/site-packages/airflow/example_dags/example_xcom.py
[2026-07-24T18:21:33.969+0000] {logging_mixin.py:188} INFO - [2026-07-24T18:21:33.968+0000] {dag.py:3089} INFO - Sync 1 DAGs
[2026-07-24T18:21:34.008+0000] {logging_mixin.py:188} INFO - [2026-07-24T18:21:34.007+0000] {dag.py:3947} INFO - Setting next_dagrun for example_xcom to 2021-01-01 00:00:00+00:00, run_after=2021-01-01 00:00:00+00:00
[2026-07-24T18:21:34.046+0000] {processor.py:183} INFO - Processing /home/airflow/.local/lib/python3.12/site-packages/airflow/example_dags/example_xcom.py took 0.216 seconds
[2026-07-24T18:22:05.514+0000] {processor.py:161} INFO - Started process (PID=10653) to work on /home/airflow/.local/lib/python3.12/site-packages/airflow/example_dags/example_xcom.py
[2026-07-24T18:22:05.517+0000] {processor.py:830} INFO - Processing file /home/airflow/.local/lib/python3.12/site-packages/airflow/example_dags/example_xcom.py for tasks to queue
[2026-07-24T18:22:05.524+0000] {logging_mixin.py:188} INFO - [2026-07-24T18:22:05.523+0000] {dagbag.py:545} INFO - Filling up the DagBag from /home/airflow/.local/lib/python3.12/site-packages/airflow/example_dags/example_xcom.py
[2026-07-24T18:22:05.541+0000] {processor.py:840} INFO - DAG(s) 'example_xcom' retrieved from /home/airflow/.local/lib/python3.12/site-packages/airflow/example_dags/example_xcom.py
[2026-07-24T18:22:05.603+0000] {logging_mixin.py:188} INFO - [2026-07-24T18:22:05.603+0000] {dag.py:3089} INFO - Sync 1 DAGs
[2026-07-24T18:22:05.657+0000] {logging_mixin.py:188} INFO - [2026-07-24T18:22:05.656+0000] {dag.py:3947} INFO - Setting next_dagrun for example_xcom to 2021-01-01 00:00:00+00:00, run_after=2021-01-01 00:00:00+00:00
[2026-07-24T18:22:05.705+0000] {processor.py:183} INFO - Processing /home/airflow/.local/lib/python3.12/site-packages/airflow/example_dags/example_xcom.py took 0.208 seconds
[2026-07-24T18:22:36.446+0000] {processor.py:161} INFO - Started process (PID=10719) to work on /home/airflow/.local/lib/python3.12/site-packages/airflow/example_dags/example_xcom.py
[2026-07-24T18:22:36.449+0000] {processor.py:830} INFO - Processing file /home/airflow/.local/lib/python3.12/site-packages/airflow/example_dags/example_xcom.py for tasks to queue
[2026-07-24T18:22:36.453+0000] {logging_mixin.py:188} INFO - [2026-07-24T18:22:36.452+0000] {dagbag.py:545} INFO - Filling up the DagBag from /home/airflow/.local/lib/python3.12/site-packages/airflow/example_dags/example_xcom.py
[2026-07-24T18:22:36.465+0000] {processor.py:840} INFO - DAG(s) 'example_xcom' retrieved from /home/airflow/.local/lib/python3.12/site-packages/airflow/example_dags/example_xcom.py
[2026-07-24T18:22:36.499+0000] {logging_mixin.py:188} INFO - [2026-07-24T18:22:36.499+0000] {dag.py:3089} INFO - Sync 1 DAGs
[2026-07-24T18:22:36.531+0000] {logging_mixin.py:188} INFO - [2026-07-24T18:22:36.531+0000] {dag.py:3947} INFO - Setting next_dagrun for example_xcom to 2021-01-01 00:00:00+00:00, run_after=2021-01-01 00:00:00+00:00
[2026-07-24T18:22:36.563+0000] {processor.py:183} INFO - Processing /home/airflow/.local/lib/python3.12/site-packages/airflow/example_dags/example_xcom.py took 0.127 seconds
[2026-07-24T18:23:06.976+0000] {processor.py:161} INFO - Started process (PID=10793) to work on /home/airflow/.local/lib/python3.12/site-packages/airflow/example_dags/example_xcom.py
[2026-07-24T18:23:06.978+0000] {processor.py:830} INFO - Processing file /home/airflow/.local/lib/python3.12/site-packages/airflow/example_dags/example_xcom.py for tasks to queue
[2026-07-24T18:23:06.981+0000] {logging_mixin.py:188} INFO - [2026-07-24T18:23:06.981+0000] {dagbag.py:545} INFO - Filling up the DagBag from /home/airflow/.local/lib/python3.12/site-packages/airflow/example_dags/example_xcom.py
[2026-07-24T18:23:06.991+0000] {processor.py:840} INFO - DAG(s) 'example_xcom' retrieved from /home/airflow/.local/lib/python3.12/site-packages/airflow/example_dags/example_xcom.py
[2026-07-24T18:23:07.025+0000] {logging_mixin.py:188} INFO - [2026-07-24T18:23:07.024+0000] {dag.py:3089} INFO - Sync 1 DAGs
[2026-07-24T18:23:07.068+0000] {logging_mixin.py:188} INFO - [2026-07-24T18:23:07.067+0000] {dag.py:3947} INFO - Setting next_dagrun for example_xcom to 2021-01-01 00:00:00+00:00, run_after=2021-01-01 00:00:00+00:00
[2026-07-24T18:23:07.112+0000] {processor.py:183} INFO - Processing /home/airflow/.local/lib/python3.12/site-packages/airflow/example_dags/example_xcom.py took 0.143 seconds
[2026-07-24T18:23:38.995+0000] {processor.py:161} INFO - Started process (PID=10873) to work on /home/airflow/.local/lib/python3.12/site-packages/airflow/example_dags/example_xcom.py
[2026-07-24T18:23:38.998+0000] {processor.py:830} INFO - Processing file /home/airflow/.local/lib/python3.12/site-packages/airflow/example_dags/example_xcom.py for tasks to queue
[2026-07-24T18:23:39.003+0000] {logging_mixin.py:188} INFO - [2026-07-24T18:23:39.002+0000] {dagbag.py:545} INFO - Filling up the DagBag from /home/airflow/.local/lib/python3.12/site-packages/airflow/example_dags/example_xcom.py
[2026-07-24T18:23:39.015+0000] {processor.py:840} INFO - DAG(s) 'example_xcom' retrieved from /home/airflow/.local/lib/python3.12/site-packages/airflow/example_dags/example_xcom.py
[2026-07-24T18:23:39.058+0000] {logging_mixin.py:188} INFO - [2026-07-24T18:23:39.057+0000] {dag.py:3089} INFO - Sync 1 DAGs
[2026-07-24T18:23:39.098+0000] {logging_mixin.py:188} INFO - [2026-07-24T18:23:39.098+0000] {dag.py:3947} INFO - Setting next_dagrun for example_xcom to 2021-01-01 00:00:00+00:00, run_after=2021-01-01 00:00:00+00:00
[2026-07-24T18:23:39.135+0000] {processor.py:183} INFO - Processing /home/airflow/.local/lib/python3.12/site-packages/airflow/example_dags/example_xcom.py took 0.155 seconds
[2026-07-24T18:24:10.413+0000] {processor.py:161} INFO - Started process (PID=10946) to work on /home/airflow/.local/lib/python3.12/site-packages/airflow/example_dags/example_xcom.py
[2026-07-24T18:24:10.415+0000] {processor.py:830} INFO - Processing file /home/airflow/.local/lib/python3.12/site-packages/airflow/example_dags/example_xcom.py for tasks to queue
[2026-07-24T18:24:10.419+0000] {logging_mixin.py:188} INFO - [2026-07-24T18:24:10.419+0000] {dagbag.py:545} INFO - Filling up the DagBag from /home/airflow/.local/lib/python3.12/site-packages/airflow/example_dags/example_xcom.py
[2026-07-24T18:24:10.432+0000] {processor.py:840} INFO - DAG(s) 'example_xcom' retrieved from /home/airflow/.local/lib/python3.12/site-packages/airflow/example_dags/example_xcom.py
[2026-07-24T18:24:10.471+0000] {logging_mixin.py:188} INFO - [2026-07-24T18:24:10.471+0000] {dag.py:3089} INFO - Sync 1 DAGs
[2026-07-24T18:24:10.515+0000] {logging_mixin.py:188} INFO - [2026-07-24T18:24:10.514+0000] {dag.py:3947} INFO - Setting next_dagrun for example_xcom to 2021-01-01 00:00:00+00:00, run_after=2021-01-01 00:00:00+00:00
[2026-07-24T18:24:10.551+0000] {processor.py:183} INFO - Processing /home/airflow/.local/lib/python3.12/site-packages/airflow/example_dags/example_xcom.py took 0.147 seconds
[2026-07-24T18:24:40.777+0000] {processor.py:161} INFO - Started process (PID=11012) to work on /home/airflow/.local/lib/python3.12/site-packages/airflow/example_dags/example_xcom.py
[2026-07-24T18:24:40.780+0000] {processor.py:830} INFO - Processing file /home/airflow/.local/lib/python3.12/site-packages/airflow/example_dags/example_xcom.py for tasks to queue
[2026-07-24T18:24:40.784+0000] {logging_mixin.py:188} INFO - [2026-07-24T18:24:40.783+0000] {dagbag.py:545} INFO - Filling up the DagBag from /home/airflow/.local/lib/python3.12/site-packages/airflow/example_dags/example_xcom.py
[2026-07-24T18:24:40.796+0000] {processor.py:840} INFO - DAG(s) 'example_xcom' retrieved from /home/airflow/.local/lib/python3.12/site-packages/airflow/example_dags/example_xcom.py
[2026-07-24T18:24:40.832+0000] {logging_mixin.py:188} INFO - [2026-07-24T18:24:40.832+0000] {dag.py:3089} INFO - Sync 1 DAGs
[2026-07-24T18:24:40.866+0000] {logging_mixin.py:188} INFO - [2026-07-24T18:24:40.865+0000] {dag.py:3947} INFO - Setting next_dagrun for example_xcom to 2021-01-01 00:00:00+00:00, run_after=2021-01-01 00:00:00+00:00
[2026-07-24T18:24:40.906+0000] {processor.py:183} INFO - Processing /home/airflow/.local/lib/python3.12/site-packages/airflow/example_dags/example_xcom.py took 0.138 seconds
[2026-07-24T18:25:13.742+0000] {processor.py:161} INFO - Started process (PID=11085) to work on /home/airflow/.local/lib/python3.12/site-packages/airflow/example_dags/example_xcom.py
[2026-07-24T18:25:13.748+0000] {processor.py:830} INFO - Processing file /home/airflow/.local/lib/python3.12/site-packages/airflow/example_dags/example_xcom.py for tasks to queue
[2026-07-24T18:25:13.765+0000] {logging_mixin.py:188} INFO - [2026-07-24T18:25:13.753+0000] {dagbag.py:545} INFO - Filling up the DagBag from /home/airflow/.local/lib/python3.12/site-packages/airflow/example_dags/example_xcom.py
[2026-07-24T18:25:13.795+0000] {processor.py:840} INFO - DAG(s) 'example_xcom' retrieved from /home/airflow/.local/lib/python3.12/site-packages/airflow/example_dags/example_xcom.py
[2026-07-24T18:25:13.903+0000] {logging_mixin.py:188} INFO - [2026-07-24T18:25:13.901+0000] {dag.py:3089} INFO - Sync 1 DAGs
[2026-07-24T18:25:13.988+0000] {logging_mixin.py:188} INFO - [2026-07-24T18:25:13.987+0000] {dag.py:3947} INFO - Setting next_dagrun for example_xcom to 2021-01-01 00:00:00+00:00, run_after=2021-01-01 00:00:00+00:00
[2026-07-24T18:25:14.123+0000] {processor.py:183} INFO - Processing /home/airflow/.local/lib/python3.12/site-packages/airflow/example_dags/example_xcom.py took 0.403 seconds
[2026-07-24T18:25:46.592+0000] {processor.py:161} INFO - Started process (PID=11159) to work on /home/airflow/.local/lib/python3.12/site-packages/airflow/example_dags/example_xcom.py
[2026-07-24T18:25:46.594+0000] {processor.py:830} INFO - Processing file /home/airflow/.local/lib/python3.12/site-packages/airflow/example_dags/example_xcom.py for tasks to queue
[2026-07-24T18:25:46.598+0000] {logging_mixin.py:188} INFO - [2026-07-24T18:25:46.598+0000] {dagbag.py:545} INFO - Filling up the DagBag from /home/airflow/.local/lib/python3.12/site-packages/airflow/example_dags/example_xcom.py
[2026-07-24T18:25:46.616+0000] {processor.py:840} INFO - DAG(s) 'example_xcom' retrieved from /home/airflow/.local/lib/python3.12/site-packages/airflow/example_dags/example_xcom.py
[2026-07-24T18:25:46.700+0000] {logging_mixin.py:188} INFO - [2026-07-24T18:25:46.700+0000] {dag.py:3089} INFO - Sync 1 DAGs
[2026-07-24T18:25:46.763+0000] {logging_mixin.py:188} INFO - [2026-07-24T18:25:46.762+0000] {dag.py:3947} INFO - Setting next_dagrun for example_xcom to 2021-01-01 00:00:00+00:00, run_after=2021-01-01 00:00:00+00:00
[2026-07-24T18:25:46.844+0000] {processor.py:183} INFO - Processing /home/airflow/.local/lib/python3.12/site-packages/airflow/example_dags/example_xcom.py took 0.264 seconds
[2026-07-24T18:26:17.731+0000] {processor.py:161} INFO - Started process (PID=11232) to work on /home/airflow/.local/lib/python3.12/site-packages/airflow/example_dags/example_xcom.py
[2026-07-24T18:26:17.735+0000] {processor.py:830} INFO - Processing file /home/airflow/.local/lib/python3.12/site-packages/airflow/example_dags/example_xcom.py for tasks to queue
[2026-07-24T18:26:17.743+0000] {logging_mixin.py:188} INFO - [2026-07-24T18:26:17.742+0000] {dagbag.py:545} INFO - Filling up the DagBag from /home/airflow/.local/lib/python3.12/site-packages/airflow/example_dags/example_xcom.py
[2026-07-24T18:26:17.765+0000] {processor.py:840} INFO - DAG(s) 'example_xcom' retrieved from /home/airflow/.local/lib/python3.12/site-packages/airflow/example_dags/example_xcom.py
[2026-07-24T18:26:17.826+0000] {logging_mixin.py:188} INFO - [2026-07-24T18:26:17.826+0000] {dag.py:3089} INFO - Sync 1 DAGs
[2026-07-24T18:26:17.911+0000] {logging_mixin.py:188} INFO - [2026-07-24T18:26:17.910+0000] {dag.py:3947} INFO - Setting next_dagrun for example_xcom to 2021-01-01 00:00:00+00:00, run_after=2021-01-01 00:00:00+00:00
[2026-07-24T18:26:18.033+0000] {processor.py:183} INFO - Processing /home/airflow/.local/lib/python3.12/site-packages/airflow/example_dags/example_xcom.py took 0.318 seconds
[2026-07-24T18:26:48.760+0000] {processor.py:161} INFO - Started process (PID=11305) to work on /home/airflow/.local/lib/python3.12/site-packages/airflow/example_dags/example_xcom.py
[2026-07-24T18:26:48.763+0000] {processor.py:830} INFO - Processing file /home/airflow/.local/lib/python3.12/site-packages/airflow/example_dags/example_xcom.py for tasks to queue
[2026-07-24T18:26:48.768+0000] {logging_mixin.py:188} INFO - [2026-07-24T18:26:48.767+0000] {dagbag.py:545} INFO - Filling up the DagBag from /home/airflow/.local/lib/python3.12/site-packages/airflow/example_dags/example_xcom.py
[2026-07-24T18:26:48.785+0000] {processor.py:840} INFO - DAG(s) 'example_xcom' retrieved from /home/airflow/.local/lib/python3.12/site-packages/airflow/example_dags/example_xcom.py
[2026-07-24T18:26:48.864+0000] {logging_mixin.py:188} INFO - [2026-07-24T18:26:48.863+0000] {dag.py:3089} INFO - Sync 1 DAGs
[2026-07-24T18:26:48.938+0000] {logging_mixin.py:188} INFO - [2026-07-24T18:26:48.937+0000] {dag.py:3947} INFO - Setting next_dagrun for example_xcom to 2021-01-01 00:00:00+00:00, run_after=2021-01-01 00:00:00+00:00
[2026-07-24T18:26:49.011+0000] {processor.py:183} INFO - Processing /home/airflow/.local/lib/python3.12/site-packages/airflow/example_dags/example_xcom.py took 0.263 seconds
[2026-07-24T18:27:19.461+0000] {processor.py:161} INFO - Started process (PID=11378) to work on /home/airflow/.local/lib/python3.12/site-packages/airflow/example_dags/example_xcom.py
[2026-07-24T18:27:19.463+0000] {processor.py:830} INFO - Processing file /home/airflow/.local/lib/python3.12/site-packages/airflow/example_dags/example_xcom.py for tasks to queue
[2026-07-24T18:27:19.468+0000] {logging_mixin.py:188} INFO - [2026-07-24T18:27:19.467+0000] {dagbag.py:545} INFO - Filling up the DagBag from /home/airflow/.local/lib/python3.12/site-packages/airflow/example_dags/example_xcom.py
[2026-07-24T18:27:19.485+0000] {processor.py:840} INFO - DAG(s) 'example_xcom' retrieved from /home/airflow/.local/lib/python3.12/site-packages/airflow/example_dags/example_xcom.py
[2026-07-24T18:27:19.533+0000] {logging_mixin.py:188} INFO - [2026-07-24T18:27:19.532+0000] {dag.py:3089} INFO - Sync 1 DAGs
[2026-07-24T18:27:19.575+0000] {logging_mixin.py:188} INFO - [2026-07-24T18:27:19.574+0000] {dag.py:3947} INFO - Setting next_dagrun for example_xcom to 2021-01-01 00:00:00+00:00, run_after=2021-01-01 00:00:00+00:00
[2026-07-24T18:27:19.626+0000] {processor.py:183} INFO - Processing /home/airflow/.local/lib/python3.12/site-packages/airflow/example_dags/example_xcom.py took 0.175 seconds
[2026-07-24T18:27:50.691+0000] {processor.py:161} INFO - Started process (PID=11451) to work on /home/airflow/.local/lib/python3.12/site-packages/airflow/example_dags/example_xcom.py
[2026-07-24T18:27:50.696+0000] {processor.py:830} INFO - Processing file /home/airflow/.local/lib/python3.12/site-packages/airflow/example_dags/example_xcom.py for tasks to queue
[2026-07-24T18:27:50.701+0000] {logging_mixin.py:188} INFO - [2026-07-24T18:27:50.700+0000] {dagbag.py:545} INFO - Filling up the DagBag from /home/airflow/.local/lib/python3.12/site-packages/airflow/example_dags/example_xcom.py
[2026-07-24T18:27:50.718+0000] {processor.py:840} INFO - DAG(s) 'example_xcom' retrieved from /home/airflow/.local/lib/python3.12/site-packages/airflow/example_dags/example_xcom.py
[2026-07-24T18:27:50.771+0000] {logging_mixin.py:188} INFO - [2026-07-24T18:27:50.771+0000] {dag.py:3089} INFO - Sync 1 DAGs
[2026-07-24T18:27:50.827+0000] {logging_mixin.py:188} INFO - [2026-07-24T18:27:50.826+0000] {dag.py:3947} INFO - Setting next_dagrun for example_xcom to 2021-01-01 00:00:00+00:00, run_after=2021-01-01 00:00:00+00:00
[2026-07-24T18:27:50.883+0000] {processor.py:183} INFO - Processing /home/airflow/.local/lib/python3.12/site-packages/airflow/example_dags/example_xcom.py took 0.205 seconds
[2026-07-24T18:28:22.292+0000] {processor.py:161} INFO - Started process (PID=11525) to work on /home/airflow/.local/lib/python3.12/site-packages/airflow/example_dags/example_xcom.py
[2026-07-24T18:28:22.295+0000] {processor.py:830} INFO - Processing file /home/airflow/.local/lib/python3.12/site-packages/airflow/example_dags/example_xcom.py for tasks to queue
[2026-07-24T18:28:22.300+0000] {logging_mixin.py:188} INFO - [2026-07-24T18:28:22.299+0000] {dagbag.py:545} INFO - Filling up the DagBag from /home/airflow/.local/lib/python3.12/site-packages/airflow/example_dags/example_xcom.py
[2026-07-24T18:28:22.321+0000] {processor.py:840} INFO - DAG(s) 'example_xcom' retrieved from /home/airflow/.local/lib/python3.12/site-packages/airflow/example_dags/example_xcom.py
[2026-07-24T18:28:22.372+0000] {logging_mixin.py:188} INFO - [2026-07-24T18:28:22.371+0000] {dag.py:3089} INFO - Sync 1 DAGs
[2026-07-24T18:28:22.415+0000] {logging_mixin.py:188} INFO - [2026-07-24T18:28:22.414+0000] {dag.py:3947} INFO - Setting next_dagrun for example_xcom to 2021-01-01 00:00:00+00:00, run_after=2021-01-01 00:00:00+00:00
[2026-07-24T18:28:22.453+0000] {processor.py:183} INFO - Processing /home/airflow/.local/lib/python3.12/site-packages/airflow/example_dags/example_xcom.py took 0.171 seconds
[2026-07-24T18:28:52.543+0000] {processor.py:161} INFO - Started process (PID=11600) to work on /home/airflow/.local/lib/python3.12/site-packages/airflow/example_dags/example_xcom.py
[2026-07-24T18:28:52.545+0000] {processor.py:830} INFO - Processing file /home/airflow/.local/lib/python3.12/site-packages/airflow/example_dags/example_xcom.py for tasks to queue
[2026-07-24T18:28:52.549+0000] {logging_mixin.py:188} INFO - [2026-07-24T18:28:52.548+0000] {dagbag.py:545} INFO - Filling up the DagBag from /home/airflow/.local/lib/python3.12/site-packages/airflow/example_dags/example_xcom.py
[2026-07-24T18:28:52.560+0000] {processor.py:840} INFO - DAG(s) 'example_xcom' retrieved from /home/airflow/.local/lib/python3.12/site-packages/airflow/example_dags/example_xcom.py
[2026-07-24T18:28:52.597+0000] {logging_mixin.py:188} INFO - [2026-07-24T18:28:52.597+0000] {dag.py:3089} INFO - Sync 1 DAGs
[2026-07-24T18:28:52.630+0000] {logging_mixin.py:188} INFO - [2026-07-24T18:28:52.630+0000] {dag.py:3947} INFO - Setting next_dagrun for example_xcom to 2021-01-01 00:00:00+00:00, run_after=2021-01-01 00:00:00+00:00
[2026-07-24T18:28:52.664+0000] {processor.py:183} INFO - Processing /home/airflow/.local/lib/python3.12/site-packages/airflow/example_dags/example_xcom.py took 0.130 seconds
[2026-07-24T18:29:24.533+0000] {processor.py:161} INFO - Started process (PID=11673) to work on /home/airflow/.local/lib/python3.12/site-packages/airflow/example_dags/example_xcom.py
[2026-07-24T18:29:24.536+0000] {processor.py:830} INFO - Processing file /home/airflow/.local/lib/python3.12/site-packages/airflow/example_dags/example_xcom.py for tasks to queue
[2026-07-24T18:29:24.540+0000] {logging_mixin.py:188} INFO - [2026-07-24T18:29:24.539+0000] {dagbag.py:545} INFO - Filling up the DagBag from /home/airflow/.local/lib/python3.12/site-packages/airflow/example_dags/example_xcom.py
[2026-07-24T18:29:24.553+0000] {processor.py:840} INFO - DAG(s) 'example_xcom' retrieved from /home/airflow/.local/lib/python3.12/site-packages/airflow/example_dags/example_xcom.py
[2026-07-24T18:29:24.589+0000] {logging_mixin.py:188} INFO - [2026-07-24T18:29:24.588+0000] {dag.py:3089} INFO - Sync 1 DAGs
[2026-07-24T18:29:24.620+0000] {logging_mixin.py:188} INFO - [2026-07-24T18:29:24.620+0000] {dag.py:3947} INFO - Setting next_dagrun for example_xcom to 2021-01-01 00:00:00+00:00, run_after=2021-01-01 00:00:00+00:00
[2026-07-24T18:29:24.649+0000] {processor.py:183} INFO - Processing /home/airflow/.local/lib/python3.12/site-packages/airflow/example_dags/example_xcom.py took 0.126 seconds
[2026-07-24T18:29:56.120+0000] {processor.py:161} INFO - Started process (PID=11746) to work on /home/airflow/.local/lib/python3.12/site-packages/airflow/example_dags/example_xcom.py
[2026-07-24T18:29:56.122+0000] {processor.py:830} INFO - Processing file /home/airflow/.local/lib/python3.12/site-packages/airflow/example_dags/example_xcom.py for tasks to queue
[2026-07-24T18:29:56.126+0000] {logging_mixin.py:188} INFO - [2026-07-24T18:29:56.125+0000] {dagbag.py:545} INFO - Filling up the DagBag from /home/airflow/.local/lib/python3.12/site-packages/airflow/example_dags/example_xcom.py
[2026-07-24T18:29:56.139+0000] {processor.py:840} INFO - DAG(s) 'example_xcom' retrieved from /home/airflow/.local/lib/python3.12/site-packages/airflow/example_dags/example_xcom.py
[2026-07-24T18:29:56.180+0000] {logging_mixin.py:188} INFO - [2026-07-24T18:29:56.179+0000] {dag.py:3089} INFO - Sync 1 DAGs
[2026-07-24T18:29:56.214+0000] {logging_mixin.py:188} INFO - [2026-07-24T18:29:56.214+0000] {dag.py:3947} INFO - Setting next_dagrun for example_xcom to 2021-01-01 00:00:00+00:00, run_after=2021-01-01 00:00:00+00:00
[2026-07-24T18:29:56.253+0000] {processor.py:183} INFO - Processing /home/airflow/.local/lib/python3.12/site-packages/airflow/example_dags/example_xcom.py took 0.142 seconds
[2026-07-24T18:30:28.632+0000] {processor.py:161} INFO - Started process (PID=11820) to work on /home/airflow/.local/lib/python3.12/site-packages/airflow/example_dags/example_xcom.py
[2026-07-24T18:30:28.634+0000] {processor.py:830} INFO - Processing file /home/airflow/.local/lib/python3.12/site-packages/airflow/example_dags/example_xcom.py for tasks to queue
[2026-07-24T18:30:28.638+0000] {logging_mixin.py:188} INFO - [2026-07-24T18:30:28.638+0000] {dagbag.py:545} INFO - Filling up the DagBag from /home/airflow/.local/lib/python3.12/site-packages/airflow/example_dags/example_xcom.py
[2026-07-24T18:30:28.652+0000] {processor.py:840} INFO - DAG(s) 'example_xcom' retrieved from /home/airflow/.local/lib/python3.12/site-packages/airflow/example_dags/example_xcom.py
[2026-07-24T18:30:28.698+0000] {logging_mixin.py:188} INFO - [2026-07-24T18:30:28.697+0000] {dag.py:3089} INFO - Sync 1 DAGs
[2026-07-24T18:30:28.744+0000] {logging_mixin.py:188} INFO - [2026-07-24T18:30:28.743+0000] {dag.py:3947} INFO - Setting next_dagrun for example_xcom to 2021-01-01 00:00:00+00:00, run_after=2021-01-01 00:00:00+00:00
[2026-07-24T18:30:28.780+0000] {processor.py:183} INFO - Processing /home/airflow/.local/lib/python3.12/site-packages/airflow/example_dags/example_xcom.py took 0.156 seconds
[2026-07-24T18:30:58.966+0000] {processor.py:161} INFO - Started process (PID=11893) to work on /home/airflow/.local/lib/python3.12/site-packages/airflow/example_dags/example_xcom.py
[2026-07-24T18:30:58.969+0000] {processor.py:830} INFO - Processing file /home/airflow/.local/lib/python3.12/site-packages/airflow/example_dags/example_xcom.py for tasks to queue
[2026-07-24T18:30:58.975+0000] {logging_mixin.py:188} INFO - [2026-07-24T18:30:58.974+0000] {dagbag.py:545} INFO - Filling up the DagBag from /home/airflow/.local/lib/python3.12/site-packages/airflow/example_dags/example_xcom.py
[2026-07-24T18:30:58.987+0000] {processor.py:840} INFO - DAG(s) 'example_xcom' retrieved from /home/airflow/.local/lib/python3.12/site-packages/airflow/example_dags/example_xcom.py
[2026-07-24T18:30:59.019+0000] {logging_mixin.py:188} INFO - [2026-07-24T18:30:59.019+0000] {dag.py:3089} INFO - Sync 1 DAGs
[2026-07-24T18:30:59.049+0000] {logging_mixin.py:188} INFO - [2026-07-24T18:30:59.049+0000] {dag.py:3947} INFO - Setting next_dagrun for example_xcom to 2021-01-01 00:00:00+00:00, run_after=2021-01-01 00:00:00+00:00
[2026-07-24T18:30:59.080+0000] {processor.py:183} INFO - Processing /home/airflow/.local/lib/python3.12/site-packages/airflow/example_dags/example_xcom.py took 0.123 seconds
[2026-07-24T18:31:30.140+0000] {processor.py:161} INFO - Started process (PID=11972) to work on /home/airflow/.local/lib/python3.12/site-packages/airflow/example_dags/example_xcom.py
[2026-07-24T18:31:30.144+0000] {processor.py:830} INFO - Processing file /home/airflow/.local/lib/python3.12/site-packages/airflow/example_dags/example_xcom.py for tasks to queue
[2026-07-24T18:31:30.150+0000] {logging_mixin.py:188} INFO - [2026-07-24T18:31:30.149+0000] {dagbag.py:545} INFO - Filling up the DagBag from /home/airflow/.local/lib/python3.12/site-packages/airflow/example_dags/example_xcom.py
[2026-07-24T18:31:30.169+0000] {processor.py:840} INFO - DAG(s) 'example_xcom' retrieved from /home/airflow/.local/lib/python3.12/site-packages/airflow/example_dags/example_xcom.py
[2026-07-24T18:31:30.217+0000] {logging_mixin.py:188} INFO - [2026-07-24T18:31:30.217+0000] {dag.py:3089} INFO - Sync 1 DAGs
[2026-07-24T18:31:30.260+0000] {logging_mixin.py:188} INFO - [2026-07-24T18:31:30.259+0000] {dag.py:3947} INFO - Setting next_dagrun for example_xcom to 2021-01-01 00:00:00+00:00, run_after=2021-01-01 00:00:00+00:00
[2026-07-24T18:31:30.299+0000] {processor.py:183} INFO - Processing /home/airflow/.local/lib/python3.12/site-packages/airflow/example_dags/example_xcom.py took 0.171 seconds
[2026-07-24T18:32:01.462+0000] {processor.py:161} INFO - Started process (PID=12038) to work on /home/airflow/.local/lib/python3.12/site-packages/airflow/example_dags/example_xcom.py
[2026-07-24T18:32:01.464+0000] {processor.py:830} INFO - Processing file /home/airflow/.local/lib/python3.12/site-packages/airflow/example_dags/example_xcom.py for tasks to queue
[2026-07-24T18:32:01.471+0000] {logging_mixin.py:188} INFO - [2026-07-24T18:32:01.470+0000] {dagbag.py:545} INFO - Filling up the DagBag from /home/airflow/.local/lib/python3.12/site-packages/airflow/example_dags/example_xcom.py
[2026-07-24T18:32:01.483+0000] {processor.py:840} INFO - DAG(s) 'example_xcom' retrieved from /home/airflow/.local/lib/python3.12/site-packages/airflow/example_dags/example_xcom.py
[2026-07-24T18:32:01.524+0000] {logging_mixin.py:188} INFO - [2026-07-24T18:32:01.524+0000] {dag.py:3089} INFO - Sync 1 DAGs
[2026-07-24T18:32:01.576+0000] {logging_mixin.py:188} INFO - [2026-07-24T18:32:01.576+0000] {dag.py:3947} INFO - Setting next_dagrun for example_xcom to 2021-01-01 00:00:00+00:00, run_after=2021-01-01 00:00:00+00:00
[2026-07-24T18:32:01.618+0000] {processor.py:183} INFO - Processing /home/airflow/.local/lib/python3.12/site-packages/airflow/example_dags/example_xcom.py took 0.164 seconds
[2026-07-24T18:32:33.720+0000] {processor.py:161} INFO - Started process (PID=12111) to work on /home/airflow/.local/lib/python3.12/site-packages/airflow/example_dags/example_xcom.py
[2026-07-24T18:32:33.724+0000] {processor.py:830} INFO - Processing file /home/airflow/.local/lib/python3.12/site-packages/airflow/example_dags/example_xcom.py for tasks to queue
[2026-07-24T18:32:33.730+0000] {logging_mixin.py:188} INFO - [2026-07-24T18:32:33.729+0000] {dagbag.py:545} INFO - Filling up the DagBag from /home/airflow/.local/lib/python3.12/site-packages/airflow/example_dags/example_xcom.py
[2026-07-24T18:32:33.751+0000] {processor.py:840} INFO - DAG(s) 'example_xcom' retrieved from /home/airflow/.local/lib/python3.12/site-packages/airflow/example_dags/example_xcom.py
[2026-07-24T18:32:33.790+0000] {logging_mixin.py:188} INFO - [2026-07-24T18:32:33.789+0000] {dag.py:3089} INFO - Sync 1 DAGs
[2026-07-24T18:32:33.827+0000] {logging_mixin.py:188} INFO - [2026-07-24T18:32:33.827+0000] {dag.py:3947} INFO - Setting next_dagrun for example_xcom to 2021-01-01 00:00:00+00:00, run_after=2021-01-01 00:00:00+00:00
[2026-07-24T18:32:33.860+0000] {processor.py:183} INFO - Processing /home/airflow/.local/lib/python3.12/site-packages/airflow/example_dags/example_xcom.py took 0.159 seconds
[2026-07-24T18:33:05.591+0000] {processor.py:161} INFO - Started process (PID=12184) to work on /home/airflow/.local/lib/python3.12/site-packages/airflow/example_dags/example_xcom.py
[2026-07-24T18:33:05.593+0000] {processor.py:830} INFO - Processing file /home/airflow/.local/lib/python3.12/site-packages/airflow/example_dags/example_xcom.py for tasks to queue
[2026-07-24T18:33:05.598+0000] {logging_mixin.py:188} INFO - [2026-07-24T18:33:05.597+0000] {dagbag.py:545} INFO - Filling up the DagBag from /home/airflow/.local/lib/python3.12/site-packages/airflow/example_dags/example_xcom.py
[2026-07-24T18:33:05.614+0000] {processor.py:840} INFO - DAG(s) 'example_xcom' retrieved from /home/airflow/.local/lib/python3.12/site-packages/airflow/example_dags/example_xcom.py
[2026-07-24T18:33:05.659+0000] {logging_mixin.py:188} INFO - [2026-07-24T18:33:05.659+0000] {dag.py:3089} INFO - Sync 1 DAGs
[2026-07-24T18:33:05.700+0000] {logging_mixin.py:188} INFO - [2026-07-24T18:33:05.700+0000] {dag.py:3947} INFO - Setting next_dagrun for example_xcom to 2021-01-01 00:00:00+00:00, run_after=2021-01-01 00:00:00+00:00
[2026-07-24T18:33:05.739+0000] {processor.py:183} INFO - Processing /home/airflow/.local/lib/python3.12/site-packages/airflow/example_dags/example_xcom.py took 0.158 seconds
[2026-07-24T18:33:37.886+0000] {processor.py:161} INFO - Started process (PID=12257) to work on /home/airflow/.local/lib/python3.12/site-packages/airflow/example_dags/example_xcom.py
[2026-07-24T18:33:37.889+0000] {processor.py:830} INFO - Processing file /home/airflow/.local/lib/python3.12/site-packages/airflow/example_dags/example_xcom.py for tasks to queue
[2026-07-24T18:33:37.893+0000] {logging_mixin.py:188} INFO - [2026-07-24T18:33:37.892+0000] {dagbag.py:545} INFO - Filling up the DagBag from /home/airflow/.local/lib/python3.12/site-packages/airflow/example_dags/example_xcom.py
[2026-07-24T18:33:37.907+0000] {processor.py:840} INFO - DAG(s) 'example_xcom' retrieved from /home/airflow/.local/lib/python3.12/site-packages/airflow/example_dags/example_xcom.py
[2026-07-24T18:33:37.942+0000] {logging_mixin.py:188} INFO - [2026-07-24T18:33:37.942+0000] {dag.py:3089} INFO - Sync 1 DAGs
[2026-07-24T18:33:37.977+0000] {logging_mixin.py:188} INFO - [2026-07-24T18:33:37.976+0000] {dag.py:3947} INFO - Setting next_dagrun for example_xcom to 2021-01-01 00:00:00+00:00, run_after=2021-01-01 00:00:00+00:00
[2026-07-24T18:33:38.010+0000] {processor.py:183} INFO - Processing /home/airflow/.local/lib/python3.12/site-packages/airflow/example_dags/example_xcom.py took 0.136 seconds
[2026-07-24T18:34:09.346+0000] {processor.py:161} INFO - Started process (PID=12330) to work on /home/airflow/.local/lib/python3.12/site-packages/airflow/example_dags/example_xcom.py
[2026-07-24T18:34:09.351+0000] {processor.py:830} INFO - Processing file /home/airflow/.local/lib/python3.12/site-packages/airflow/example_dags/example_xcom.py for tasks to queue
[2026-07-24T18:34:09.357+0000] {logging_mixin.py:188} INFO - [2026-07-24T18:34:09.357+0000] {dagbag.py:545} INFO - Filling up the DagBag from /home/airflow/.local/lib/python3.12/site-packages/airflow/example_dags/example_xcom.py
[2026-07-24T18:34:09.377+0000] {processor.py:840} INFO - DAG(s) 'example_xcom' retrieved from /home/airflow/.local/lib/python3.12/site-packages/airflow/example_dags/example_xcom.py
[2026-07-24T18:34:09.415+0000] {logging_mixin.py:188} INFO - [2026-07-24T18:34:09.414+0000] {dag.py:3089} INFO - Sync 1 DAGs
[2026-07-24T18:34:09.448+0000] {logging_mixin.py:188} INFO - [2026-07-24T18:34:09.448+0000] {dag.py:3947} INFO - Setting next_dagrun for example_xcom to 2021-01-01 00:00:00+00:00, run_after=2021-01-01 00:00:00+00:00
[2026-07-24T18:34:09.480+0000] {processor.py:183} INFO - Processing /home/airflow/.local/lib/python3.12/site-packages/airflow/example_dags/example_xcom.py took 0.148 seconds
[2026-07-24T18:34:40.857+0000] {processor.py:161} INFO - Started process (PID=12403) to work on /home/airflow/.local/lib/python3.12/site-packages/airflow/example_dags/example_xcom.py
[2026-07-24T18:34:40.859+0000] {processor.py:830} INFO - Processing file /home/airflow/.local/lib/python3.12/site-packages/airflow/example_dags/example_xcom.py for tasks to queue
[2026-07-24T18:34:40.863+0000] {logging_mixin.py:188} INFO - [2026-07-24T18:34:40.862+0000] {dagbag.py:545} INFO - Filling up the DagBag from /home/airflow/.local/lib/python3.12/site-packages/airflow/example_dags/example_xcom.py
[2026-07-24T18:34:40.873+0000] {processor.py:840} INFO - DAG(s) 'example_xcom' retrieved from /home/airflow/.local/lib/python3.12/site-packages/airflow/example_dags/example_xcom.py
[2026-07-24T18:34:40.908+0000] {logging_mixin.py:188} INFO - [2026-07-24T18:34:40.908+0000] {dag.py:3089} INFO - Sync 1 DAGs
[2026-07-24T18:34:40.938+0000] {logging_mixin.py:188} INFO - [2026-07-24T18:34:40.938+0000] {dag.py:3947} INFO - Setting next_dagrun for example_xcom to 2021-01-01 00:00:00+00:00, run_after=2021-01-01 00:00:00+00:00
[2026-07-24T18:34:40.968+0000] {processor.py:183} INFO - Processing /home/airflow/.local/lib/python3.12/site-packages/airflow/example_dags/example_xcom.py took 0.119 seconds
[2026-07-24T18:35:15.371+0000] {processor.py:161} INFO - Started process (PID=12476) to work on /home/airflow/.local/lib/python3.12/site-packages/airflow/example_dags/example_xcom.py
[2026-07-24T18:35:15.375+0000] {processor.py:830} INFO - Processing file /home/airflow/.local/lib/python3.12/site-packages/airflow/example_dags/example_xcom.py for tasks to queue
[2026-07-24T18:35:15.380+0000] {logging_mixin.py:188} INFO - [2026-07-24T18:35:15.379+0000] {dagbag.py:545} INFO - Filling up the DagBag from /home/airflow/.local/lib/python3.12/site-packages/airflow/example_dags/example_xcom.py
[2026-07-24T18:35:15.398+0000] {processor.py:840} INFO - DAG(s) 'example_xcom' retrieved from /home/airflow/.local/lib/python3.12/site-packages/airflow/example_dags/example_xcom.py
[2026-07-24T18:35:15.439+0000] {logging_mixin.py:188} INFO - [2026-07-24T18:35:15.438+0000] {dag.py:3089} INFO - Sync 1 DAGs
[2026-07-24T18:35:15.479+0000] {logging_mixin.py:188} INFO - [2026-07-24T18:35:15.478+0000] {dag.py:3947} INFO - Setting next_dagrun for example_xcom to 2021-01-01 00:00:00+00:00, run_after=2021-01-01 00:00:00+00:00
[2026-07-24T18:35:15.515+0000] {processor.py:183} INFO - Processing /home/airflow/.local/lib/python3.12/site-packages/airflow/example_dags/example_xcom.py took 0.158 seconds
[2026-07-24T18:35:47.674+0000] {processor.py:161} INFO - Started process (PID=12549) to work on /home/airflow/.local/lib/python3.12/site-packages/airflow/example_dags/example_xcom.py
[2026-07-24T18:35:47.677+0000] {processor.py:830} INFO - Processing file /home/airflow/.local/lib/python3.12/site-packages/airflow/example_dags/example_xcom.py for tasks to queue
[2026-07-24T18:35:47.686+0000] {logging_mixin.py:188} INFO - [2026-07-24T18:35:47.685+0000] {dagbag.py:545} INFO - Filling up the DagBag from /home/airflow/.local/lib/python3.12/site-packages/airflow/example_dags/example_xcom.py
[2026-07-24T18:35:47.708+0000] {processor.py:840} INFO - DAG(s) 'example_xcom' retrieved from /home/airflow/.local/lib/python3.12/site-packages/airflow/example_dags/example_xcom.py
[2026-07-24T18:35:47.763+0000] {logging_mixin.py:188} INFO - [2026-07-24T18:35:47.763+0000] {dag.py:3089} INFO - Sync 1 DAGs
[2026-07-24T18:35:47.812+0000] {logging_mixin.py:188} INFO - [2026-07-24T18:35:47.811+0000] {dag.py:3947} INFO - Setting next_dagrun for example_xcom to 2021-01-01 00:00:00+00:00, run_after=2021-01-01 00:00:00+00:00
[2026-07-24T18:35:47.863+0000] {processor.py:183} INFO - Processing /home/airflow/.local/lib/python3.12/site-packages/airflow/example_dags/example_xcom.py took 0.203 seconds
[2026-07-24T18:36:19.074+0000] {processor.py:161} INFO - Started process (PID=12622) to work on /home/airflow/.local/lib/python3.12/site-packages/airflow/example_dags/example_xcom.py
[2026-07-24T18:36:19.077+0000] {processor.py:830} INFO - Processing file /home/airflow/.local/lib/python3.12/site-packages/airflow/example_dags/example_xcom.py for tasks to queue
[2026-07-24T18:36:19.082+0000] {logging_mixin.py:188} INFO - [2026-07-24T18:36:19.081+0000] {dagbag.py:545} INFO - Filling up the DagBag from /home/airflow/.local/lib/python3.12/site-packages/airflow/example_dags/example_xcom.py
[2026-07-24T18:36:19.098+0000] {processor.py:840} INFO - DAG(s) 'example_xcom' retrieved from /home/airflow/.local/lib/python3.12/site-packages/airflow/example_dags/example_xcom.py
[2026-07-24T18:36:19.151+0000] {logging_mixin.py:188} INFO - [2026-07-24T18:36:19.150+0000] {dag.py:3089} INFO - Sync 1 DAGs
[2026-07-24T18:36:19.253+0000] {logging_mixin.py:188} INFO - [2026-07-24T18:36:19.253+0000] {dag.py:3947} INFO - Setting next_dagrun for example_xcom to 2021-01-01 00:00:00+00:00, run_after=2021-01-01 00:00:00+00:00
[2026-07-24T18:36:19.305+0000] {processor.py:183} INFO - Processing /home/airflow/.local/lib/python3.12/site-packages/airflow/example_dags/example_xcom.py took 0.244 seconds
[2026-07-24T18:36:49.789+0000] {processor.py:161} INFO - Started process (PID=12693) to work on /home/airflow/.local/lib/python3.12/site-packages/airflow/example_dags/example_xcom.py
[2026-07-24T18:36:49.791+0000] {processor.py:830} INFO - Processing file /home/airflow/.local/lib/python3.12/site-packages/airflow/example_dags/example_xcom.py for tasks to queue
[2026-07-24T18:36:49.795+0000] {logging_mixin.py:188} INFO - [2026-07-24T18:36:49.794+0000] {dagbag.py:545} INFO - Filling up the DagBag from /home/airflow/.local/lib/python3.12/site-packages/airflow/example_dags/example_xcom.py
[2026-07-24T18:36:49.808+0000] {processor.py:840} INFO - DAG(s) 'example_xcom' retrieved from /home/airflow/.local/lib/python3.12/site-packages/airflow/example_dags/example_xcom.py
[2026-07-24T18:36:49.845+0000] {logging_mixin.py:188} INFO - [2026-07-24T18:36:49.844+0000] {dag.py:3089} INFO - Sync 1 DAGs
[2026-07-24T18:36:49.881+0000] {logging_mixin.py:188} INFO - [2026-07-24T18:36:49.881+0000] {dag.py:3947} INFO - Setting next_dagrun for example_xcom to 2021-01-01 00:00:00+00:00, run_after=2021-01-01 00:00:00+00:00
[2026-07-24T18:36:49.919+0000] {processor.py:183} INFO - Processing /home/airflow/.local/lib/python3.12/site-packages/airflow/example_dags/example_xcom.py took 0.139 seconds
[2026-07-24T18:37:21.783+0000] {processor.py:161} INFO - Started process (PID=12766) to work on /home/airflow/.local/lib/python3.12/site-packages/airflow/example_dags/example_xcom.py
[2026-07-24T18:37:21.787+0000] {processor.py:830} INFO - Processing file /home/airflow/.local/lib/python3.12/site-packages/airflow/example_dags/example_xcom.py for tasks to queue
[2026-07-24T18:37:21.792+0000] {logging_mixin.py:188} INFO - [2026-07-24T18:37:21.792+0000] {dagbag.py:545} INFO - Filling up the DagBag from /home/airflow/.local/lib/python3.12/site-packages/airflow/example_dags/example_xcom.py
[2026-07-24T18:37:21.814+0000] {processor.py:840} INFO - DAG(s) 'example_xcom' retrieved from /home/airflow/.local/lib/python3.12/site-packages/airflow/example_dags/example_xcom.py
[2026-07-24T18:37:21.866+0000] {logging_mixin.py:188} INFO - [2026-07-24T18:37:21.865+0000] {dag.py:3089} INFO - Sync 1 DAGs
[2026-07-24T18:37:21.915+0000] {logging_mixin.py:188} INFO - [2026-07-24T18:37:21.914+0000] {dag.py:3947} INFO - Setting next_dagrun for example_xcom to 2021-01-01 00:00:00+00:00, run_after=2021-01-01 00:00:00+00:00
[2026-07-24T18:37:21.962+0000] {processor.py:183} INFO - Processing /home/airflow/.local/lib/python3.12/site-packages/airflow/example_dags/example_xcom.py took 0.193 seconds
[2026-07-24T18:37:53.038+0000] {processor.py:161} INFO - Started process (PID=12839) to work on /home/airflow/.local/lib/python3.12/site-packages/airflow/example_dags/example_xcom.py
[2026-07-24T18:37:53.040+0000] {processor.py:830} INFO - Processing file /home/airflow/.local/lib/python3.12/site-packages/airflow/example_dags/example_xcom.py for tasks to queue
[2026-07-24T18:37:53.047+0000] {logging_mixin.py:188} INFO - [2026-07-24T18:37:53.046+0000] {dagbag.py:545} INFO - Filling up the DagBag from /home/airflow/.local/lib/python3.12/site-packages/airflow/example_dags/example_xcom.py
[2026-07-24T18:37:53.061+0000] {processor.py:840} INFO - DAG(s) 'example_xcom' retrieved from /home/airflow/.local/lib/python3.12/site-packages/airflow/example_dags/example_xcom.py
[2026-07-24T18:37:53.092+0000] {logging_mixin.py:188} INFO - [2026-07-24T18:37:53.091+0000] {dag.py:3089} INFO - Sync 1 DAGs
[2026-07-24T18:37:53.121+0000] {logging_mixin.py:188} INFO - [2026-07-24T18:37:53.120+0000] {dag.py:3947} INFO - Setting next_dagrun for example_xcom to 2021-01-01 00:00:00+00:00, run_after=2021-01-01 00:00:00+00:00
[2026-07-24T18:37:53.150+0000] {processor.py:183} INFO - Processing /home/airflow/.local/lib/python3.12/site-packages/airflow/example_dags/example_xcom.py took 0.120 seconds
[2026-07-24T18:38:24.849+0000] {processor.py:161} INFO - Started process (PID=12911) to work on /home/airflow/.local/lib/python3.12/site-packages/airflow/example_dags/example_xcom.py
[2026-07-24T18:38:24.853+0000] {processor.py:830} INFO - Processing file /home/airflow/.local/lib/python3.12/site-packages/airflow/example_dags/example_xcom.py for tasks to queue
[2026-07-24T18:38:24.857+0000] {logging_mixin.py:188} INFO - [2026-07-24T18:38:24.857+0000] {dagbag.py:545} INFO - Filling up the DagBag from /home/airflow/.local/lib/python3.12/site-packages/airflow/example_dags/example_xcom.py
[2026-07-24T18:38:24.871+0000] {processor.py:840} INFO - DAG(s) 'example_xcom' retrieved from /home/airflow/.local/lib/python3.12/site-packages/airflow/example_dags/example_xcom.py
[2026-07-24T18:38:24.908+0000] {logging_mixin.py:188} INFO - [2026-07-24T18:38:24.907+0000] {dag.py:3089} INFO - Sync 1 DAGs
[2026-07-24T18:38:24.940+0000] {logging_mixin.py:188} INFO - [2026-07-24T18:38:24.940+0000] {dag.py:3947} INFO - Setting next_dagrun for example_xcom to 2021-01-01 00:00:00+00:00, run_after=2021-01-01 00:00:00+00:00
[2026-07-24T18:38:24.979+0000] {processor.py:183} INFO - Processing /home/airflow/.local/lib/python3.12/site-packages/airflow/example_dags/example_xcom.py took 0.145 seconds
[2026-07-24T18:38:57.897+0000] {processor.py:161} INFO - Started process (PID=12985) to work on /home/airflow/.local/lib/python3.12/site-packages/airflow/example_dags/example_xcom.py
[2026-07-24T18:38:57.899+0000] {processor.py:830} INFO - Processing file /home/airflow/.local/lib/python3.12/site-packages/airflow/example_dags/example_xcom.py for tasks to queue
[2026-07-24T18:38:57.903+0000] {logging_mixin.py:188} INFO - [2026-07-24T18:38:57.902+0000] {dagbag.py:545} INFO - Filling up the DagBag from /home/airflow/.local/lib/python3.12/site-packages/airflow/example_dags/example_xcom.py
[2026-07-24T18:38:57.916+0000] {processor.py:840} INFO - DAG(s) 'example_xcom' retrieved from /home/airflow/.local/lib/python3.12/site-packages/airflow/example_dags/example_xcom.py
[2026-07-24T18:38:57.949+0000] {logging_mixin.py:188} INFO - [2026-07-24T18:38:57.949+0000] {dag.py:3089} INFO - Sync 1 DAGs
[2026-07-24T18:38:57.986+0000] {logging_mixin.py:188} INFO - [2026-07-24T18:38:57.986+0000] {dag.py:3947} INFO - Setting next_dagrun for example_xcom to 2021-01-01 00:00:00+00:00, run_after=2021-01-01 00:00:00+00:00
[2026-07-24T18:38:58.018+0000] {processor.py:183} INFO - Processing /home/airflow/.local/lib/python3.12/site-packages/airflow/example_dags/example_xcom.py took 0.130 seconds
[2026-07-24T18:39:28.765+0000] {processor.py:161} INFO - Started process (PID=13059) to work on /home/airflow/.local/lib/python3.12/site-packages/airflow/example_dags/example_xcom.py
[2026-07-24T18:39:28.768+0000] {processor.py:830} INFO - Processing file /home/airflow/.local/lib/python3.12/site-packages/airflow/example_dags/example_xcom.py for tasks to queue
[2026-07-24T18:39:28.772+0000] {logging_mixin.py:188} INFO - [2026-07-24T18:39:28.771+0000] {dagbag.py:545} INFO - Filling up the DagBag from /home/airflow/.local/lib/python3.12/site-packages/airflow/example_dags/example_xcom.py
[2026-07-24T18:39:28.786+0000] {processor.py:840} INFO - DAG(s) 'example_xcom' retrieved from /home/airflow/.local/lib/python3.12/site-packages/airflow/example_dags/example_xcom.py
[2026-07-24T18:39:28.827+0000] {logging_mixin.py:188} INFO - [2026-07-24T18:39:28.827+0000] {dag.py:3089} INFO - Sync 1 DAGs
[2026-07-24T18:39:28.875+0000] {logging_mixin.py:188} INFO - [2026-07-24T18:39:28.875+0000] {dag.py:3947} INFO - Setting next_dagrun for example_xcom to 2021-01-01 00:00:00+00:00, run_after=2021-01-01 00:00:00+00:00
[2026-07-24T18:39:28.918+0000] {processor.py:183} INFO - Processing /home/airflow/.local/lib/python3.12/site-packages/airflow/example_dags/example_xcom.py took 0.162 seconds
[2026-07-24T18:39:59.132+0000] {processor.py:161} INFO - Started process (PID=13133) to work on /home/airflow/.local/lib/python3.12/site-packages/airflow/example_dags/example_xcom.py
[2026-07-24T18:39:59.134+0000] {processor.py:830} INFO - Processing file /home/airflow/.local/lib/python3.12/site-packages/airflow/example_dags/example_xcom.py for tasks to queue
[2026-07-24T18:39:59.137+0000] {logging_mixin.py:188} INFO - [2026-07-24T18:39:59.137+0000] {dagbag.py:545} INFO - Filling up the DagBag from /home/airflow/.local/lib/python3.12/site-packages/airflow/example_dags/example_xcom.py
[2026-07-24T18:39:59.147+0000] {processor.py:840} INFO - DAG(s) 'example_xcom' retrieved from /home/airflow/.local/lib/python3.12/site-packages/airflow/example_dags/example_xcom.py
[2026-07-24T18:39:59.176+0000] {logging_mixin.py:188} INFO - [2026-07-24T18:39:59.176+0000] {dag.py:3089} INFO - Sync 1 DAGs
[2026-07-24T18:39:59.204+0000] {logging_mixin.py:188} INFO - [2026-07-24T18:39:59.203+0000] {dag.py:3947} INFO - Setting next_dagrun for example_xcom to 2021-01-01 00:00:00+00:00, run_after=2021-01-01 00:00:00+00:00
[2026-07-24T18:39:59.232+0000] {processor.py:183} INFO - Processing /home/airflow/.local/lib/python3.12/site-packages/airflow/example_dags/example_xcom.py took 0.108 seconds
[2026-07-24T18:40:29.595+0000] {processor.py:161} INFO - Started process (PID=13207) to work on /home/airflow/.local/lib/python3.12/site-packages/airflow/example_dags/example_xcom.py
[2026-07-24T18:40:29.597+0000] {processor.py:830} INFO - Processing file /home/airflow/.local/lib/python3.12/site-packages/airflow/example_dags/example_xcom.py for tasks to queue
[2026-07-24T18:40:29.601+0000] {logging_mixin.py:188} INFO - [2026-07-24T18:40:29.600+0000] {dagbag.py:545} INFO - Filling up the DagBag from /home/airflow/.local/lib/python3.12/site-packages/airflow/example_dags/example_xcom.py
[2026-07-24T18:40:29.610+0000] {processor.py:840} INFO - DAG(s) 'example_xcom' retrieved from /home/airflow/.local/lib/python3.12/site-packages/airflow/example_dags/example_xcom.py
[2026-07-24T18:40:29.641+0000] {logging_mixin.py:188} INFO - [2026-07-24T18:40:29.640+0000] {dag.py:3089} INFO - Sync 1 DAGs
[2026-07-24T18:40:29.670+0000] {logging_mixin.py:188} INFO - [2026-07-24T18:40:29.670+0000] {dag.py:3947} INFO - Setting next_dagrun for example_xcom to 2021-01-01 00:00:00+00:00, run_after=2021-01-01 00:00:00+00:00
[2026-07-24T18:40:29.700+0000] {processor.py:183} INFO - Processing /home/airflow/.local/lib/python3.12/site-packages/airflow/example_dags/example_xcom.py took 0.112 seconds
[2026-07-24T18:41:01.089+0000] {processor.py:161} INFO - Started process (PID=13280) to work on /home/airflow/.local/lib/python3.12/site-packages/airflow/example_dags/example_xcom.py
[2026-07-24T18:41:01.091+0000] {processor.py:830} INFO - Processing file /home/airflow/.local/lib/python3.12/site-packages/airflow/example_dags/example_xcom.py for tasks to queue
[2026-07-24T18:41:01.095+0000] {logging_mixin.py:188} INFO - [2026-07-24T18:41:01.095+0000] {dagbag.py:545} INFO - Filling up the DagBag from /home/airflow/.local/lib/python3.12/site-packages/airflow/example_dags/example_xcom.py
[2026-07-24T18:41:01.111+0000] {processor.py:840} INFO - DAG(s) 'example_xcom' retrieved from /home/airflow/.local/lib/python3.12/site-packages/airflow/example_dags/example_xcom.py
[2026-07-24T18:41:01.150+0000] {logging_mixin.py:188} INFO - [2026-07-24T18:41:01.149+0000] {dag.py:3089} INFO - Sync 1 DAGs
[2026-07-24T18:41:01.189+0000] {logging_mixin.py:188} INFO - [2026-07-24T18:41:01.188+0000] {dag.py:3947} INFO - Setting next_dagrun for example_xcom to 2021-01-01 00:00:00+00:00, run_after=2021-01-01 00:00:00+00:00
[2026-07-24T18:41:01.224+0000] {processor.py:183} INFO - Processing /home/airflow/.local/lib/python3.12/site-packages/airflow/example_dags/example_xcom.py took 0.146 seconds
[2026-07-24T18:41:32.523+0000] {processor.py:161} INFO - Started process (PID=13354) to work on /home/airflow/.local/lib/python3.12/site-packages/airflow/example_dags/example_xcom.py
[2026-07-24T18:41:32.527+0000] {processor.py:830} INFO - Processing file /home/airflow/.local/lib/python3.12/site-packages/airflow/example_dags/example_xcom.py for tasks to queue
[2026-07-24T18:41:32.534+0000] {logging_mixin.py:188} INFO - [2026-07-24T18:41:32.533+0000] {dagbag.py:545} INFO - Filling up the DagBag from /home/airflow/.local/lib/python3.12/site-packages/airflow/example_dags/example_xcom.py
[2026-07-24T18:41:32.565+0000] {processor.py:840} INFO - DAG(s) 'example_xcom' retrieved from /home/airflow/.local/lib/python3.12/site-packages/airflow/example_dags/example_xcom.py
[2026-07-24T18:41:32.659+0000] {logging_mixin.py:188} INFO - [2026-07-24T18:41:32.658+0000] {dag.py:3089} INFO - Sync 1 DAGs
[2026-07-24T18:41:32.717+0000] {logging_mixin.py:188} INFO - [2026-07-24T18:41:32.716+0000] {dag.py:3947} INFO - Setting next_dagrun for example_xcom to 2021-01-01 00:00:00+00:00, run_after=2021-01-01 00:00:00+00:00
[2026-07-24T18:41:32.764+0000] {processor.py:183} INFO - Processing /home/airflow/.local/lib/python3.12/site-packages/airflow/example_dags/example_xcom.py took 0.265 seconds
[2026-07-24T18:42:03.649+0000] {processor.py:161} INFO - Started process (PID=13427) to work on /home/airflow/.local/lib/python3.12/site-packages/airflow/example_dags/example_xcom.py
[2026-07-24T18:42:03.656+0000] {processor.py:830} INFO - Processing file /home/airflow/.local/lib/python3.12/site-packages/airflow/example_dags/example_xcom.py for tasks to queue
[2026-07-24T18:42:03.663+0000] {logging_mixin.py:188} INFO - [2026-07-24T18:42:03.662+0000] {dagbag.py:545} INFO - Filling up the DagBag from /home/airflow/.local/lib/python3.12/site-packages/airflow/example_dags/example_xcom.py
[2026-07-24T18:42:03.693+0000] {processor.py:840} INFO - DAG(s) 'example_xcom' retrieved from /home/airflow/.local/lib/python3.12/site-packages/airflow/example_dags/example_xcom.py
[2026-07-24T18:42:03.769+0000] {logging_mixin.py:188} INFO - [2026-07-24T18:42:03.769+0000] {dag.py:3089} INFO - Sync 1 DAGs
[2026-07-24T18:42:03.839+0000] {logging_mixin.py:188} INFO - [2026-07-24T18:42:03.838+0000] {dag.py:3947} INFO - Setting next_dagrun for example_xcom to 2021-01-01 00:00:00+00:00, run_after=2021-01-01 00:00:00+00:00
[2026-07-24T18:42:03.894+0000] {processor.py:183} INFO - Processing /home/airflow/.local/lib/python3.12/site-packages/airflow/example_dags/example_xcom.py took 0.259 seconds
[2026-07-24T18:42:35.521+0000] {processor.py:161} INFO - Started process (PID=13502) to work on /home/airflow/.local/lib/python3.12/site-packages/airflow/example_dags/example_xcom.py
[2026-07-24T18:42:35.523+0000] {processor.py:830} INFO - Processing file /home/airflow/.local/lib/python3.12/site-packages/airflow/example_dags/example_xcom.py for tasks to queue
[2026-07-24T18:42:35.527+0000] {logging_mixin.py:188} INFO - [2026-07-24T18:42:35.527+0000] {dagbag.py:545} INFO - Filling up the DagBag from /home/airflow/.local/lib/python3.12/site-packages/airflow/example_dags/example_xcom.py
[2026-07-24T18:42:35.540+0000] {processor.py:840} INFO - DAG(s) 'example_xcom' retrieved from /home/airflow/.local/lib/python3.12/site-packages/airflow/example_dags/example_xcom.py
[2026-07-24T18:42:35.586+0000] {logging_mixin.py:188} INFO - [2026-07-24T18:42:35.586+0000] {dag.py:3089} INFO - Sync 1 DAGs
[2026-07-24T18:42:35.676+0000] {logging_mixin.py:188} INFO - [2026-07-24T18:42:35.675+0000] {dag.py:3947} INFO - Setting next_dagrun for example_xcom to 2021-01-01 00:00:00+00:00, run_after=2021-01-01 00:00:00+00:00
[2026-07-24T18:42:35.717+0000] {processor.py:183} INFO - Processing /home/airflow/.local/lib/python3.12/site-packages/airflow/example_dags/example_xcom.py took 0.207 seconds
[2026-07-24T18:43:07.135+0000] {processor.py:161} INFO - Started process (PID=13576) to work on /home/airflow/.local/lib/python3.12/site-packages/airflow/example_dags/example_xcom.py
[2026-07-24T18:43:07.137+0000] {processor.py:830} INFO - Processing file /home/airflow/.local/lib/python3.12/site-packages/airflow/example_dags/example_xcom.py for tasks to queue
[2026-07-24T18:43:07.145+0000] {logging_mixin.py:188} INFO - [2026-07-24T18:43:07.144+0000] {dagbag.py:545} INFO - Filling up the DagBag from /home/airflow/.local/lib/python3.12/site-packages/airflow/example_dags/example_xcom.py
[2026-07-24T18:43:07.161+0000] {processor.py:840} INFO - DAG(s) 'example_xcom' retrieved from /home/airflow/.local/lib/python3.12/site-packages/airflow/example_dags/example_xcom.py
[2026-07-24T18:43:07.211+0000] {logging_mixin.py:188} INFO - [2026-07-24T18:43:07.210+0000] {dag.py:3089} INFO - Sync 1 DAGs
[2026-07-24T18:43:07.268+0000] {logging_mixin.py:188} INFO - [2026-07-24T18:43:07.267+0000] {dag.py:3947} INFO - Setting next_dagrun for example_xcom to 2021-01-01 00:00:00+00:00, run_after=2021-01-01 00:00:00+00:00
[2026-07-24T18:43:07.312+0000] {processor.py:183} INFO - Processing /home/airflow/.local/lib/python3.12/site-packages/airflow/example_dags/example_xcom.py took 0.188 seconds
[2026-07-24T18:43:37.708+0000] {processor.py:161} INFO - Started process (PID=13650) to work on /home/airflow/.local/lib/python3.12/site-packages/airflow/example_dags/example_xcom.py
[2026-07-24T18:43:37.710+0000] {processor.py:830} INFO - Processing file /home/airflow/.local/lib/python3.12/site-packages/airflow/example_dags/example_xcom.py for tasks to queue
[2026-07-24T18:43:37.714+0000] {logging_mixin.py:188} INFO - [2026-07-24T18:43:37.713+0000] {dagbag.py:545} INFO - Filling up the DagBag from /home/airflow/.local/lib/python3.12/site-packages/airflow/example_dags/example_xcom.py
[2026-07-24T18:43:37.726+0000] {processor.py:840} INFO - DAG(s) 'example_xcom' retrieved from /home/airflow/.local/lib/python3.12/site-packages/airflow/example_dags/example_xcom.py
[2026-07-24T18:43:37.757+0000] {logging_mixin.py:188} INFO - [2026-07-24T18:43:37.756+0000] {dag.py:3089} INFO - Sync 1 DAGs
[2026-07-24T18:43:37.787+0000] {logging_mixin.py:188} INFO - [2026-07-24T18:43:37.787+0000] {dag.py:3947} INFO - Setting next_dagrun for example_xcom to 2021-01-01 00:00:00+00:00, run_after=2021-01-01 00:00:00+00:00
[2026-07-24T18:43:37.818+0000] {processor.py:183} INFO - Processing /home/airflow/.local/lib/python3.12/site-packages/airflow/example_dags/example_xcom.py took 0.118 seconds
[2026-07-24T18:44:09.144+0000] {processor.py:161} INFO - Started process (PID=13723) to work on /home/airflow/.local/lib/python3.12/site-packages/airflow/example_dags/example_xcom.py
[2026-07-24T18:44:09.147+0000] {processor.py:830} INFO - Processing file /home/airflow/.local/lib/python3.12/site-packages/airflow/example_dags/example_xcom.py for tasks to queue
[2026-07-24T18:44:09.151+0000] {logging_mixin.py:188} INFO - [2026-07-24T18:44:09.150+0000] {dagbag.py:545} INFO - Filling up the DagBag from /home/airflow/.local/lib/python3.12/site-packages/airflow/example_dags/example_xcom.py
[2026-07-24T18:44:09.162+0000] {processor.py:840} INFO - DAG(s) 'example_xcom' retrieved from /home/airflow/.local/lib/python3.12/site-packages/airflow/example_dags/example_xcom.py
[2026-07-24T18:44:09.194+0000] {logging_mixin.py:188} INFO - [2026-07-24T18:44:09.194+0000] {dag.py:3089} INFO - Sync 1 DAGs
[2026-07-24T18:44:09.223+0000] {logging_mixin.py:188} INFO - [2026-07-24T18:44:09.222+0000] {dag.py:3947} INFO - Setting next_dagrun for example_xcom to 2021-01-01 00:00:00+00:00, run_after=2021-01-01 00:00:00+00:00
[2026-07-24T18:44:09.254+0000] {processor.py:183} INFO - Processing /home/airflow/.local/lib/python3.12/site-packages/airflow/example_dags/example_xcom.py took 0.117 seconds
[2026-07-24T18:44:41.123+0000] {processor.py:161} INFO - Started process (PID=13798) to work on /home/airflow/.local/lib/python3.12/site-packages/airflow/example_dags/example_xcom.py
[2026-07-24T18:44:41.126+0000] {processor.py:830} INFO - Processing file /home/airflow/.local/lib/python3.12/site-packages/airflow/example_dags/example_xcom.py for tasks to queue
[2026-07-24T18:44:41.130+0000] {logging_mixin.py:188} INFO - [2026-07-24T18:44:41.130+0000] {dagbag.py:545} INFO - Filling up the DagBag from /home/airflow/.local/lib/python3.12/site-packages/airflow/example_dags/example_xcom.py
[2026-07-24T18:44:41.146+0000] {processor.py:840} INFO - DAG(s) 'example_xcom' retrieved from /home/airflow/.local/lib/python3.12/site-packages/airflow/example_dags/example_xcom.py
[2026-07-24T18:44:41.185+0000] {logging_mixin.py:188} INFO - [2026-07-24T18:44:41.184+0000] {dag.py:3089} INFO - Sync 1 DAGs
[2026-07-24T18:44:41.225+0000] {logging_mixin.py:188} INFO - [2026-07-24T18:44:41.224+0000] {dag.py:3947} INFO - Setting next_dagrun for example_xcom to 2021-01-01 00:00:00+00:00, run_after=2021-01-01 00:00:00+00:00
[2026-07-24T18:44:41.261+0000] {processor.py:183} INFO - Processing /home/airflow/.local/lib/python3.12/site-packages/airflow/example_dags/example_xcom.py took 0.149 seconds
[2026-07-24T18:45:12.807+0000] {processor.py:161} INFO - Started process (PID=13871) to work on /home/airflow/.local/lib/python3.12/site-packages/airflow/example_dags/example_xcom.py
[2026-07-24T18:45:12.813+0000] {processor.py:830} INFO - Processing file /home/airflow/.local/lib/python3.12/site-packages/airflow/example_dags/example_xcom.py for tasks to queue
[2026-07-24T18:45:12.819+0000] {logging_mixin.py:188} INFO - [2026-07-24T18:45:12.818+0000] {dagbag.py:545} INFO - Filling up the DagBag from /home/airflow/.local/lib/python3.12/site-packages/airflow/example_dags/example_xcom.py
[2026-07-24T18:45:12.839+0000] {processor.py:840} INFO - DAG(s) 'example_xcom' retrieved from /home/airflow/.local/lib/python3.12/site-packages/airflow/example_dags/example_xcom.py
[2026-07-24T18:45:12.881+0000] {logging_mixin.py:188} INFO - [2026-07-24T18:45:12.880+0000] {dag.py:3089} INFO - Sync 1 DAGs
[2026-07-24T18:45:12.924+0000] {logging_mixin.py:188} INFO - [2026-07-24T18:45:12.923+0000] {dag.py:3947} INFO - Setting next_dagrun for example_xcom to 2021-01-01 00:00:00+00:00, run_after=2021-01-01 00:00:00+00:00
[2026-07-24T18:45:12.960+0000] {processor.py:183} INFO - Processing /home/airflow/.local/lib/python3.12/site-packages/airflow/example_dags/example_xcom.py took 0.175 seconds
[2026-07-24T18:45:45.364+0000] {processor.py:161} INFO - Started process (PID=13944) to work on /home/airflow/.local/lib/python3.12/site-packages/airflow/example_dags/example_xcom.py
[2026-07-24T18:45:45.371+0000] {processor.py:830} INFO - Processing file /home/airflow/.local/lib/python3.12/site-packages/airflow/example_dags/example_xcom.py for tasks to queue
[2026-07-24T18:45:45.380+0000] {logging_mixin.py:188} INFO - [2026-07-24T18:45:45.379+0000] {dagbag.py:545} INFO - Filling up the DagBag from /home/airflow/.local/lib/python3.12/site-packages/airflow/example_dags/example_xcom.py
[2026-07-24T18:45:45.413+0000] {processor.py:840} INFO - DAG(s) 'example_xcom' retrieved from /home/airflow/.local/lib/python3.12/site-packages/airflow/example_dags/example_xcom.py
[2026-07-24T18:45:45.469+0000] {logging_mixin.py:188} INFO - [2026-07-24T18:45:45.469+0000] {dag.py:3089} INFO - Sync 1 DAGs
[2026-07-24T18:45:45.523+0000] {logging_mixin.py:188} INFO - [2026-07-24T18:45:45.523+0000] {dag.py:3947} INFO - Setting next_dagrun for example_xcom to 2021-01-01 00:00:00+00:00, run_after=2021-01-01 00:00:00+00:00
[2026-07-24T18:45:45.579+0000] {processor.py:183} INFO - Processing /home/airflow/.local/lib/python3.12/site-packages/airflow/example_dags/example_xcom.py took 0.229 seconds
[2026-07-24T18:46:16.137+0000] {processor.py:161} INFO - Started process (PID=14016) to work on /home/airflow/.local/lib/python3.12/site-packages/airflow/example_dags/example_xcom.py
[2026-07-24T18:46:16.141+0000] {processor.py:830} INFO - Processing file /home/airflow/.local/lib/python3.12/site-packages/airflow/example_dags/example_xcom.py for tasks to queue
[2026-07-24T18:46:16.146+0000] {logging_mixin.py:188} INFO - [2026-07-24T18:46:16.145+0000] {dagbag.py:545} INFO - Filling up the DagBag from /home/airflow/.local/lib/python3.12/site-packages/airflow/example_dags/example_xcom.py
[2026-07-24T18:46:16.165+0000] {processor.py:840} INFO - DAG(s) 'example_xcom' retrieved from /home/airflow/.local/lib/python3.12/site-packages/airflow/example_dags/example_xcom.py
[2026-07-24T18:46:16.228+0000] {logging_mixin.py:188} INFO - [2026-07-24T18:46:16.227+0000] {dag.py:3089} INFO - Sync 1 DAGs
[2026-07-24T18:46:16.286+0000] {logging_mixin.py:188} INFO - [2026-07-24T18:46:16.285+0000] {dag.py:3947} INFO - Setting next_dagrun for example_xcom to 2021-01-01 00:00:00+00:00, run_after=2021-01-01 00:00:00+00:00
[2026-07-24T18:46:16.331+0000] {processor.py:183} INFO - Processing /home/airflow/.local/lib/python3.12/site-packages/airflow/example_dags/example_xcom.py took 0.217 seconds
[2026-07-24T18:46:47.961+0000] {processor.py:161} INFO - Started process (PID=14089) to work on /home/airflow/.local/lib/python3.12/site-packages/airflow/example_dags/example_xcom.py
[2026-07-24T18:46:47.963+0000] {processor.py:830} INFO - Processing file /home/airflow/.local/lib/python3.12/site-packages/airflow/example_dags/example_xcom.py for tasks to queue
[2026-07-24T18:46:47.967+0000] {logging_mixin.py:188} INFO - [2026-07-24T18:46:47.967+0000] {dagbag.py:545} INFO - Filling up the DagBag from /home/airflow/.local/lib/python3.12/site-packages/airflow/example_dags/example_xcom.py
[2026-07-24T18:46:47.985+0000] {processor.py:840} INFO - DAG(s) 'example_xcom' retrieved from /home/airflow/.local/lib/python3.12/site-packages/airflow/example_dags/example_xcom.py
[2026-07-24T18:46:48.029+0000] {logging_mixin.py:188} INFO - [2026-07-24T18:46:48.028+0000] {dag.py:3089} INFO - Sync 1 DAGs
[2026-07-24T18:46:48.088+0000] {logging_mixin.py:188} INFO - [2026-07-24T18:46:48.087+0000] {dag.py:3947} INFO - Setting next_dagrun for example_xcom to 2021-01-01 00:00:00+00:00, run_after=2021-01-01 00:00:00+00:00
[2026-07-24T18:46:48.137+0000] {processor.py:183} INFO - Processing /home/airflow/.local/lib/python3.12/site-packages/airflow/example_dags/example_xcom.py took 0.184 seconds
[2026-07-24T18:47:19.752+0000] {processor.py:161} INFO - Started process (PID=14162) to work on /home/airflow/.local/lib/python3.12/site-packages/airflow/example_dags/example_xcom.py
[2026-07-24T18:47:19.755+0000] {processor.py:830} INFO - Processing file /home/airflow/.local/lib/python3.12/site-packages/airflow/example_dags/example_xcom.py for tasks to queue
[2026-07-24T18:47:19.759+0000] {logging_mixin.py:188} INFO - [2026-07-24T18:47:19.758+0000] {dagbag.py:545} INFO - Filling up the DagBag from /home/airflow/.local/lib/python3.12/site-packages/airflow/example_dags/example_xcom.py
[2026-07-24T18:47:19.773+0000] {processor.py:840} INFO - DAG(s) 'example_xcom' retrieved from /home/airflow/.local/lib/python3.12/site-packages/airflow/example_dags/example_xcom.py
[2026-07-24T18:47:19.810+0000] {logging_mixin.py:188} INFO - [2026-07-24T18:47:19.809+0000] {dag.py:3089} INFO - Sync 1 DAGs
[2026-07-24T18:47:19.847+0000] {logging_mixin.py:188} INFO - [2026-07-24T18:47:19.847+0000] {dag.py:3947} INFO - Setting next_dagrun for example_xcom to 2021-01-01 00:00:00+00:00, run_after=2021-01-01 00:00:00+00:00
[2026-07-24T18:47:19.892+0000] {processor.py:183} INFO - Processing /home/airflow/.local/lib/python3.12/site-packages/airflow/example_dags/example_xcom.py took 0.149 seconds
[2026-07-24T18:47:50.408+0000] {processor.py:161} INFO - Started process (PID=14235) to work on /home/airflow/.local/lib/python3.12/site-packages/airflow/example_dags/example_xcom.py
[2026-07-24T18:47:50.411+0000] {processor.py:830} INFO - Processing file /home/airflow/.local/lib/python3.12/site-packages/airflow/example_dags/example_xcom.py for tasks to queue
[2026-07-24T18:47:50.421+0000] {logging_mixin.py:188} INFO - [2026-07-24T18:47:50.420+0000] {dagbag.py:545} INFO - Filling up the DagBag from /home/airflow/.local/lib/python3.12/site-packages/airflow/example_dags/example_xcom.py
[2026-07-24T18:47:50.443+0000] {processor.py:840} INFO - DAG(s) 'example_xcom' retrieved from /home/airflow/.local/lib/python3.12/site-packages/airflow/example_dags/example_xcom.py
[2026-07-24T18:47:50.532+0000] {logging_mixin.py:188} INFO - [2026-07-24T18:47:50.531+0000] {dag.py:3089} INFO - Sync 1 DAGs
[2026-07-24T18:47:50.595+0000] {logging_mixin.py:188} INFO - [2026-07-24T18:47:50.595+0000] {dag.py:3947} INFO - Setting next_dagrun for example_xcom to 2021-01-01 00:00:00+00:00, run_after=2021-01-01 00:00:00+00:00
[2026-07-24T18:47:50.640+0000] {processor.py:183} INFO - Processing /home/airflow/.local/lib/python3.12/site-packages/airflow/example_dags/example_xcom.py took 0.251 seconds
[2026-07-24T18:48:21.422+0000] {processor.py:161} INFO - Started process (PID=14308) to work on /home/airflow/.local/lib/python3.12/site-packages/airflow/example_dags/example_xcom.py
[2026-07-24T18:48:21.426+0000] {processor.py:830} INFO - Processing file /home/airflow/.local/lib/python3.12/site-packages/airflow/example_dags/example_xcom.py for tasks to queue
[2026-07-24T18:48:21.429+0000] {logging_mixin.py:188} INFO - [2026-07-24T18:48:21.429+0000] {dagbag.py:545} INFO - Filling up the DagBag from /home/airflow/.local/lib/python3.12/site-packages/airflow/example_dags/example_xcom.py
[2026-07-24T18:48:21.447+0000] {processor.py:840} INFO - DAG(s) 'example_xcom' retrieved from /home/airflow/.local/lib/python3.12/site-packages/airflow/example_dags/example_xcom.py
[2026-07-24T18:48:21.508+0000] {logging_mixin.py:188} INFO - [2026-07-24T18:48:21.507+0000] {dag.py:3089} INFO - Sync 1 DAGs
[2026-07-24T18:48:21.572+0000] {logging_mixin.py:188} INFO - [2026-07-24T18:48:21.571+0000] {dag.py:3947} INFO - Setting next_dagrun for example_xcom to 2021-01-01 00:00:00+00:00, run_after=2021-01-01 00:00:00+00:00
[2026-07-24T18:48:21.613+0000] {processor.py:183} INFO - Processing /home/airflow/.local/lib/python3.12/site-packages/airflow/example_dags/example_xcom.py took 0.204 seconds
[2026-07-24T18:48:53.003+0000] {processor.py:161} INFO - Started process (PID=14382) to work on /home/airflow/.local/lib/python3.12/site-packages/airflow/example_dags/example_xcom.py
[2026-07-24T18:48:53.006+0000] {processor.py:830} INFO - Processing file /home/airflow/.local/lib/python3.12/site-packages/airflow/example_dags/example_xcom.py for tasks to queue
[2026-07-24T18:48:53.009+0000] {logging_mixin.py:188} INFO - [2026-07-24T18:48:53.009+0000] {dagbag.py:545} INFO - Filling up the DagBag from /home/airflow/.local/lib/python3.12/site-packages/airflow/example_dags/example_xcom.py
[2026-07-24T18:48:53.022+0000] {processor.py:840} INFO - DAG(s) 'example_xcom' retrieved from /home/airflow/.local/lib/python3.12/site-packages/airflow/example_dags/example_xcom.py
[2026-07-24T18:48:53.061+0000] {logging_mixin.py:188} INFO - [2026-07-24T18:48:53.061+0000] {dag.py:3089} INFO - Sync 1 DAGs
[2026-07-24T18:48:53.093+0000] {logging_mixin.py:188} INFO - [2026-07-24T18:48:53.093+0000] {dag.py:3947} INFO - Setting next_dagrun for example_xcom to 2021-01-01 00:00:00+00:00, run_after=2021-01-01 00:00:00+00:00
[2026-07-24T18:48:53.126+0000] {processor.py:183} INFO - Processing /home/airflow/.local/lib/python3.12/site-packages/airflow/example_dags/example_xcom.py took 0.132 seconds
[2026-07-24T18:49:24.451+0000] {processor.py:161} INFO - Started process (PID=14455) to work on /home/airflow/.local/lib/python3.12/site-packages/airflow/example_dags/example_xcom.py
[2026-07-24T18:49:24.455+0000] {processor.py:830} INFO - Processing file /home/airflow/.local/lib/python3.12/site-packages/airflow/example_dags/example_xcom.py for tasks to queue
[2026-07-24T18:49:24.461+0000] {logging_mixin.py:188} INFO - [2026-07-24T18:49:24.460+0000] {dagbag.py:545} INFO - Filling up the DagBag from /home/airflow/.local/lib/python3.12/site-packages/airflow/example_dags/example_xcom.py
[2026-07-24T18:49:24.479+0000] {processor.py:840} INFO - DAG(s) 'example_xcom' retrieved from /home/airflow/.local/lib/python3.12/site-packages/airflow/example_dags/example_xcom.py
[2026-07-24T18:49:24.525+0000] {logging_mixin.py:188} INFO - [2026-07-24T18:49:24.525+0000] {dag.py:3089} INFO - Sync 1 DAGs
[2026-07-24T18:49:24.574+0000] {logging_mixin.py:188} INFO - [2026-07-24T18:49:24.574+0000] {dag.py:3947} INFO - Setting next_dagrun for example_xcom to 2021-01-01 00:00:00+00:00, run_after=2021-01-01 00:00:00+00:00
[2026-07-24T18:49:24.612+0000] {processor.py:183} INFO - Processing /home/airflow/.local/lib/python3.12/site-packages/airflow/example_dags/example_xcom.py took 0.180 seconds
[2026-07-24T18:49:55.445+0000] {processor.py:161} INFO - Started process (PID=14528) to work on /home/airflow/.local/lib/python3.12/site-packages/airflow/example_dags/example_xcom.py
[2026-07-24T18:49:55.447+0000] {processor.py:830} INFO - Processing file /home/airflow/.local/lib/python3.12/site-packages/airflow/example_dags/example_xcom.py for tasks to queue
[2026-07-24T18:49:55.451+0000] {logging_mixin.py:188} INFO - [2026-07-24T18:49:55.451+0000] {dagbag.py:545} INFO - Filling up the DagBag from /home/airflow/.local/lib/python3.12/site-packages/airflow/example_dags/example_xcom.py
[2026-07-24T18:49:55.465+0000] {processor.py:840} INFO - DAG(s) 'example_xcom' retrieved from /home/airflow/.local/lib/python3.12/site-packages/airflow/example_dags/example_xcom.py
[2026-07-24T18:49:55.498+0000] {logging_mixin.py:188} INFO - [2026-07-24T18:49:55.498+0000] {dag.py:3089} INFO - Sync 1 DAGs
[2026-07-24T18:49:55.529+0000] {logging_mixin.py:188} INFO - [2026-07-24T18:49:55.529+0000] {dag.py:3947} INFO - Setting next_dagrun for example_xcom to 2021-01-01 00:00:00+00:00, run_after=2021-01-01 00:00:00+00:00
[2026-07-24T18:49:55.571+0000] {processor.py:183} INFO - Processing /home/airflow/.local/lib/python3.12/site-packages/airflow/example_dags/example_xcom.py took 0.136 seconds
[2026-07-24T18:50:26.791+0000] {processor.py:161} INFO - Started process (PID=14602) to work on /home/airflow/.local/lib/python3.12/site-packages/airflow/example_dags/example_xcom.py
[2026-07-24T18:50:26.793+0000] {processor.py:830} INFO - Processing file /home/airflow/.local/lib/python3.12/site-packages/airflow/example_dags/example_xcom.py for tasks to queue
[2026-07-24T18:50:26.797+0000] {logging_mixin.py:188} INFO - [2026-07-24T18:50:26.796+0000] {dagbag.py:545} INFO - Filling up the DagBag from /home/airflow/.local/lib/python3.12/site-packages/airflow/example_dags/example_xcom.py
[2026-07-24T18:50:26.807+0000] {processor.py:840} INFO - DAG(s) 'example_xcom' retrieved from /home/airflow/.local/lib/python3.12/site-packages/airflow/example_dags/example_xcom.py
[2026-07-24T18:50:26.839+0000] {logging_mixin.py:188} INFO - [2026-07-24T18:50:26.838+0000] {dag.py:3089} INFO - Sync 1 DAGs
[2026-07-24T18:50:26.867+0000] {logging_mixin.py:188} INFO - [2026-07-24T18:50:26.866+0000] {dag.py:3947} INFO - Setting next_dagrun for example_xcom to 2021-01-01 00:00:00+00:00, run_after=2021-01-01 00:00:00+00:00
[2026-07-24T18:50:26.894+0000] {processor.py:183} INFO - Processing /home/airflow/.local/lib/python3.12/site-packages/airflow/example_dags/example_xcom.py took 0.110 seconds
[2026-07-24T18:50:58.891+0000] {processor.py:161} INFO - Started process (PID=14675) to work on /home/airflow/.local/lib/python3.12/site-packages/airflow/example_dags/example_xcom.py
[2026-07-24T18:50:58.893+0000] {processor.py:830} INFO - Processing file /home/airflow/.local/lib/python3.12/site-packages/airflow/example_dags/example_xcom.py for tasks to queue
[2026-07-24T18:50:58.897+0000] {logging_mixin.py:188} INFO - [2026-07-24T18:50:58.896+0000] {dagbag.py:545} INFO - Filling up the DagBag from /home/airflow/.local/lib/python3.12/site-packages/airflow/example_dags/example_xcom.py
[2026-07-24T18:50:58.908+0000] {processor.py:840} INFO - DAG(s) 'example_xcom' retrieved from /home/airflow/.local/lib/python3.12/site-packages/airflow/example_dags/example_xcom.py
[2026-07-24T18:50:58.941+0000] {logging_mixin.py:188} INFO - [2026-07-24T18:50:58.941+0000] {dag.py:3089} INFO - Sync 1 DAGs
[2026-07-24T18:50:59.195+0000] {logging_mixin.py:188} INFO - [2026-07-24T18:50:59.195+0000] {dag.py:3947} INFO - Setting next_dagrun for example_xcom to 2021-01-01 00:00:00+00:00, run_after=2021-01-01 00:00:00+00:00
[2026-07-24T18:50:59.238+0000] {processor.py:183} INFO - Processing /home/airflow/.local/lib/python3.12/site-packages/airflow/example_dags/example_xcom.py took 0.355 seconds
[2026-07-24T18:51:29.687+0000] {processor.py:161} INFO - Started process (PID=14749) to work on /home/airflow/.local/lib/python3.12/site-packages/airflow/example_dags/example_xcom.py
[2026-07-24T18:51:29.692+0000] {processor.py:830} INFO - Processing file /home/airflow/.local/lib/python3.12/site-packages/airflow/example_dags/example_xcom.py for tasks to queue
[2026-07-24T18:51:29.702+0000] {logging_mixin.py:188} INFO - [2026-07-24T18:51:29.701+0000] {dagbag.py:545} INFO - Filling up the DagBag from /home/airflow/.local/lib/python3.12/site-packages/airflow/example_dags/example_xcom.py
[2026-07-24T18:51:29.728+0000] {processor.py:840} INFO - DAG(s) 'example_xcom' retrieved from /home/airflow/.local/lib/python3.12/site-packages/airflow/example_dags/example_xcom.py
[2026-07-24T18:51:29.794+0000] {logging_mixin.py:188} INFO - [2026-07-24T18:51:29.793+0000] {dag.py:3089} INFO - Sync 1 DAGs
[2026-07-24T18:51:30.164+0000] {logging_mixin.py:188} INFO - [2026-07-24T18:51:30.164+0000] {dag.py:3947} INFO - Setting next_dagrun for example_xcom to 2021-01-01 00:00:00+00:00, run_after=2021-01-01 00:00:00+00:00
[2026-07-24T18:51:30.200+0000] {processor.py:183} INFO - Processing /home/airflow/.local/lib/python3.12/site-packages/airflow/example_dags/example_xcom.py took 0.526 seconds
[2026-07-24T18:52:00.449+0000] {processor.py:161} INFO - Started process (PID=14821) to work on /home/airflow/.local/lib/python3.12/site-packages/airflow/example_dags/example_xcom.py
[2026-07-24T18:52:00.452+0000] {processor.py:830} INFO - Processing file /home/airflow/.local/lib/python3.12/site-packages/airflow/example_dags/example_xcom.py for tasks to queue
[2026-07-24T18:52:00.456+0000] {logging_mixin.py:188} INFO - [2026-07-24T18:52:00.455+0000] {dagbag.py:545} INFO - Filling up the DagBag from /home/airflow/.local/lib/python3.12/site-packages/airflow/example_dags/example_xcom.py
[2026-07-24T18:52:00.470+0000] {processor.py:840} INFO - DAG(s) 'example_xcom' retrieved from /home/airflow/.local/lib/python3.12/site-packages/airflow/example_dags/example_xcom.py
[2026-07-24T18:52:00.506+0000] {logging_mixin.py:188} INFO - [2026-07-24T18:52:00.506+0000] {dag.py:3089} INFO - Sync 1 DAGs
[2026-07-24T18:52:00.542+0000] {logging_mixin.py:188} INFO - [2026-07-24T18:52:00.542+0000] {dag.py:3947} INFO - Setting next_dagrun for example_xcom to 2021-01-01 00:00:00+00:00, run_after=2021-01-01 00:00:00+00:00
[2026-07-24T18:52:00.575+0000] {processor.py:183} INFO - Processing /home/airflow/.local/lib/python3.12/site-packages/airflow/example_dags/example_xcom.py took 0.137 seconds
[2026-07-24T18:52:32.320+0000] {processor.py:161} INFO - Started process (PID=14895) to work on /home/airflow/.local/lib/python3.12/site-packages/airflow/example_dags/example_xcom.py
[2026-07-24T18:52:32.322+0000] {processor.py:830} INFO - Processing file /home/airflow/.local/lib/python3.12/site-packages/airflow/example_dags/example_xcom.py for tasks to queue
[2026-07-24T18:52:32.327+0000] {logging_mixin.py:188} INFO - [2026-07-24T18:52:32.326+0000] {dagbag.py:545} INFO - Filling up the DagBag from /home/airflow/.local/lib/python3.12/site-packages/airflow/example_dags/example_xcom.py
[2026-07-24T18:52:32.339+0000] {processor.py:840} INFO - DAG(s) 'example_xcom' retrieved from /home/airflow/.local/lib/python3.12/site-packages/airflow/example_dags/example_xcom.py
[2026-07-24T18:52:32.376+0000] {logging_mixin.py:188} INFO - [2026-07-24T18:52:32.375+0000] {dag.py:3089} INFO - Sync 1 DAGs
[2026-07-24T18:52:32.414+0000] {logging_mixin.py:188} INFO - [2026-07-24T18:52:32.413+0000] {dag.py:3947} INFO - Setting next_dagrun for example_xcom to 2021-01-01 00:00:00+00:00, run_after=2021-01-01 00:00:00+00:00
[2026-07-24T18:52:32.443+0000] {processor.py:183} INFO - Processing /home/airflow/.local/lib/python3.12/site-packages/airflow/example_dags/example_xcom.py took 0.133 seconds
[2026-07-24T18:53:02.542+0000] {processor.py:161} INFO - Started process (PID=14968) to work on /home/airflow/.local/lib/python3.12/site-packages/airflow/example_dags/example_xcom.py
[2026-07-24T18:53:02.544+0000] {processor.py:830} INFO - Processing file /home/airflow/.local/lib/python3.12/site-packages/airflow/example_dags/example_xcom.py for tasks to queue
[2026-07-24T18:53:02.548+0000] {logging_mixin.py:188} INFO - [2026-07-24T18:53:02.547+0000] {dagbag.py:545} INFO - Filling up the DagBag from /home/airflow/.local/lib/python3.12/site-packages/airflow/example_dags/example_xcom.py
[2026-07-24T18:53:02.558+0000] {processor.py:840} INFO - DAG(s) 'example_xcom' retrieved from /home/airflow/.local/lib/python3.12/site-packages/airflow/example_dags/example_xcom.py
[2026-07-24T18:53:02.590+0000] {logging_mixin.py:188} INFO - [2026-07-24T18:53:02.590+0000] {dag.py:3089} INFO - Sync 1 DAGs
[2026-07-24T18:53:02.627+0000] {logging_mixin.py:188} INFO - [2026-07-24T18:53:02.627+0000] {dag.py:3947} INFO - Setting next_dagrun for example_xcom to 2021-01-01 00:00:00+00:00, run_after=2021-01-01 00:00:00+00:00
[2026-07-24T18:53:02.667+0000] {processor.py:183} INFO - Processing /home/airflow/.local/lib/python3.12/site-packages/airflow/example_dags/example_xcom.py took 0.132 seconds
[2026-07-24T18:53:34.261+0000] {processor.py:161} INFO - Started process (PID=15041) to work on /home/airflow/.local/lib/python3.12/site-packages/airflow/example_dags/example_xcom.py
[2026-07-24T18:53:34.266+0000] {processor.py:830} INFO - Processing file /home/airflow/.local/lib/python3.12/site-packages/airflow/example_dags/example_xcom.py for tasks to queue
[2026-07-24T18:53:34.274+0000] {logging_mixin.py:188} INFO - [2026-07-24T18:53:34.273+0000] {dagbag.py:545} INFO - Filling up the DagBag from /home/airflow/.local/lib/python3.12/site-packages/airflow/example_dags/example_xcom.py
[2026-07-24T18:53:34.300+0000] {processor.py:840} INFO - DAG(s) 'example_xcom' retrieved from /home/airflow/.local/lib/python3.12/site-packages/airflow/example_dags/example_xcom.py
[2026-07-24T18:53:34.359+0000] {logging_mixin.py:188} INFO - [2026-07-24T18:53:34.358+0000] {dag.py:3089} INFO - Sync 1 DAGs
[2026-07-24T18:53:34.429+0000] {logging_mixin.py:188} INFO - [2026-07-24T18:53:34.429+0000] {dag.py:3947} INFO - Setting next_dagrun for example_xcom to 2021-01-01 00:00:00+00:00, run_after=2021-01-01 00:00:00+00:00
[2026-07-24T18:53:34.489+0000] {processor.py:183} INFO - Processing /home/airflow/.local/lib/python3.12/site-packages/airflow/example_dags/example_xcom.py took 0.243 seconds
[2026-07-24T18:54:06.006+0000] {processor.py:161} INFO - Started process (PID=15115) to work on /home/airflow/.local/lib/python3.12/site-packages/airflow/example_dags/example_xcom.py
[2026-07-24T18:54:06.008+0000] {processor.py:830} INFO - Processing file /home/airflow/.local/lib/python3.12/site-packages/airflow/example_dags/example_xcom.py for tasks to queue
[2026-07-24T18:54:06.012+0000] {logging_mixin.py:188} INFO - [2026-07-24T18:54:06.011+0000] {dagbag.py:545} INFO - Filling up the DagBag from /home/airflow/.local/lib/python3.12/site-packages/airflow/example_dags/example_xcom.py
[2026-07-24T18:54:06.025+0000] {processor.py:840} INFO - DAG(s) 'example_xcom' retrieved from /home/airflow/.local/lib/python3.12/site-packages/airflow/example_dags/example_xcom.py
[2026-07-24T18:54:06.063+0000] {logging_mixin.py:188} INFO - [2026-07-24T18:54:06.063+0000] {dag.py:3089} INFO - Sync 1 DAGs
[2026-07-24T18:54:06.153+0000] {logging_mixin.py:188} INFO - [2026-07-24T18:54:06.152+0000] {dag.py:3947} INFO - Setting next_dagrun for example_xcom to 2021-01-01 00:00:00+00:00, run_after=2021-01-01 00:00:00+00:00
[2026-07-24T18:54:06.195+0000] {processor.py:183} INFO - Processing /home/airflow/.local/lib/python3.12/site-packages/airflow/example_dags/example_xcom.py took 0.198 seconds
[2026-07-24T18:54:37.101+0000] {processor.py:161} INFO - Started process (PID=15188) to work on /home/airflow/.local/lib/python3.12/site-packages/airflow/example_dags/example_xcom.py
[2026-07-24T18:54:37.104+0000] {processor.py:830} INFO - Processing file /home/airflow/.local/lib/python3.12/site-packages/airflow/example_dags/example_xcom.py for tasks to queue
[2026-07-24T18:54:37.108+0000] {logging_mixin.py:188} INFO - [2026-07-24T18:54:37.107+0000] {dagbag.py:545} INFO - Filling up the DagBag from /home/airflow/.local/lib/python3.12/site-packages/airflow/example_dags/example_xcom.py
[2026-07-24T18:54:37.121+0000] {processor.py:840} INFO - DAG(s) 'example_xcom' retrieved from /home/airflow/.local/lib/python3.12/site-packages/airflow/example_dags/example_xcom.py
[2026-07-24T18:54:37.153+0000] {logging_mixin.py:188} INFO - [2026-07-24T18:54:37.152+0000] {dag.py:3089} INFO - Sync 1 DAGs
[2026-07-24T18:54:37.181+0000] {logging_mixin.py:188} INFO - [2026-07-24T18:54:37.181+0000] {dag.py:3947} INFO - Setting next_dagrun for example_xcom to 2021-01-01 00:00:00+00:00, run_after=2021-01-01 00:00:00+00:00
[2026-07-24T18:54:37.209+0000] {processor.py:183} INFO - Processing /home/airflow/.local/lib/python3.12/site-packages/airflow/example_dags/example_xcom.py took 0.116 seconds
[2026-07-24T18:55:07.801+0000] {processor.py:161} INFO - Started process (PID=15261) to work on /home/airflow/.local/lib/python3.12/site-packages/airflow/example_dags/example_xcom.py
[2026-07-24T18:55:07.803+0000] {processor.py:830} INFO - Processing file /home/airflow/.local/lib/python3.12/site-packages/airflow/example_dags/example_xcom.py for tasks to queue
[2026-07-24T18:55:07.806+0000] {logging_mixin.py:188} INFO - [2026-07-24T18:55:07.806+0000] {dagbag.py:545} INFO - Filling up the DagBag from /home/airflow/.local/lib/python3.12/site-packages/airflow/example_dags/example_xcom.py
[2026-07-24T18:55:07.817+0000] {processor.py:840} INFO - DAG(s) 'example_xcom' retrieved from /home/airflow/.local/lib/python3.12/site-packages/airflow/example_dags/example_xcom.py
[2026-07-24T18:55:07.852+0000] {logging_mixin.py:188} INFO - [2026-07-24T18:55:07.851+0000] {dag.py:3089} INFO - Sync 1 DAGs
[2026-07-24T18:55:07.884+0000] {logging_mixin.py:188} INFO - [2026-07-24T18:55:07.884+0000] {dag.py:3947} INFO - Setting next_dagrun for example_xcom to 2021-01-01 00:00:00+00:00, run_after=2021-01-01 00:00:00+00:00
[2026-07-24T18:55:07.915+0000] {processor.py:183} INFO - Processing /home/airflow/.local/lib/python3.12/site-packages/airflow/example_dags/example_xcom.py took 0.122 seconds
[2026-07-24T18:55:39.370+0000] {processor.py:161} INFO - Started process (PID=15334) to work on /home/airflow/.local/lib/python3.12/site-packages/airflow/example_dags/example_xcom.py
[2026-07-24T18:55:39.372+0000] {processor.py:830} INFO - Processing file /home/airflow/.local/lib/python3.12/site-packages/airflow/example_dags/example_xcom.py for tasks to queue
[2026-07-24T18:55:39.376+0000] {logging_mixin.py:188} INFO - [2026-07-24T18:55:39.375+0000] {dagbag.py:545} INFO - Filling up the DagBag from /home/airflow/.local/lib/python3.12/site-packages/airflow/example_dags/example_xcom.py
[2026-07-24T18:55:39.391+0000] {processor.py:840} INFO - DAG(s) 'example_xcom' retrieved from /home/airflow/.local/lib/python3.12/site-packages/airflow/example_dags/example_xcom.py
[2026-07-24T18:55:39.430+0000] {logging_mixin.py:188} INFO - [2026-07-24T18:55:39.429+0000] {dag.py:3089} INFO - Sync 1 DAGs
[2026-07-24T18:55:39.462+0000] {logging_mixin.py:188} INFO - [2026-07-24T18:55:39.461+0000] {dag.py:3947} INFO - Setting next_dagrun for example_xcom to 2021-01-01 00:00:00+00:00, run_after=2021-01-01 00:00:00+00:00
[2026-07-24T18:55:39.494+0000] {processor.py:183} INFO - Processing /home/airflow/.local/lib/python3.12/site-packages/airflow/example_dags/example_xcom.py took 0.136 seconds
[2026-07-24T18:56:10.761+0000] {processor.py:161} INFO - Started process (PID=15408) to work on /home/airflow/.local/lib/python3.12/site-packages/airflow/example_dags/example_xcom.py
[2026-07-24T18:56:10.763+0000] {processor.py:830} INFO - Processing file /home/airflow/.local/lib/python3.12/site-packages/airflow/example_dags/example_xcom.py for tasks to queue
[2026-07-24T18:56:10.767+0000] {logging_mixin.py:188} INFO - [2026-07-24T18:56:10.767+0000] {dagbag.py:545} INFO - Filling up the DagBag from /home/airflow/.local/lib/python3.12/site-packages/airflow/example_dags/example_xcom.py
[2026-07-24T18:56:10.782+0000] {processor.py:840} INFO - DAG(s) 'example_xcom' retrieved from /home/airflow/.local/lib/python3.12/site-packages/airflow/example_dags/example_xcom.py
[2026-07-24T18:56:10.820+0000] {logging_mixin.py:188} INFO - [2026-07-24T18:56:10.820+0000] {dag.py:3089} INFO - Sync 1 DAGs
[2026-07-24T18:56:10.853+0000] {logging_mixin.py:188} INFO - [2026-07-24T18:56:10.853+0000] {dag.py:3947} INFO - Setting next_dagrun for example_xcom to 2021-01-01 00:00:00+00:00, run_after=2021-01-01 00:00:00+00:00
[2026-07-24T18:56:10.887+0000] {processor.py:183} INFO - Processing /home/airflow/.local/lib/python3.12/site-packages/airflow/example_dags/example_xcom.py took 0.136 seconds
[2026-07-24T18:56:42.944+0000] {processor.py:161} INFO - Started process (PID=15481) to work on /home/airflow/.local/lib/python3.12/site-packages/airflow/example_dags/example_xcom.py
[2026-07-24T18:56:42.951+0000] {processor.py:830} INFO - Processing file /home/airflow/.local/lib/python3.12/site-packages/airflow/example_dags/example_xcom.py for tasks to queue
[2026-07-24T18:56:42.963+0000] {logging_mixin.py:188} INFO - [2026-07-24T18:56:42.961+0000] {dagbag.py:545} INFO - Filling up the DagBag from /home/airflow/.local/lib/python3.12/site-packages/airflow/example_dags/example_xcom.py
[2026-07-24T18:56:42.995+0000] {processor.py:840} INFO - DAG(s) 'example_xcom' retrieved from /home/airflow/.local/lib/python3.12/site-packages/airflow/example_dags/example_xcom.py
[2026-07-24T18:56:43.076+0000] {logging_mixin.py:188} INFO - [2026-07-24T18:56:43.076+0000] {dag.py:3089} INFO - Sync 1 DAGs
[2026-07-24T18:56:43.165+0000] {logging_mixin.py:188} INFO - [2026-07-24T18:56:43.165+0000] {dag.py:3947} INFO - Setting next_dagrun for example_xcom to 2021-01-01 00:00:00+00:00, run_after=2021-01-01 00:00:00+00:00
[2026-07-24T18:56:43.240+0000] {processor.py:183} INFO - Processing /home/airflow/.local/lib/python3.12/site-packages/airflow/example_dags/example_xcom.py took 0.326 seconds
[2026-07-24T18:57:13.759+0000] {processor.py:161} INFO - Started process (PID=15554) to work on /home/airflow/.local/lib/python3.12/site-packages/airflow/example_dags/example_xcom.py
[2026-07-24T18:57:13.762+0000] {processor.py:830} INFO - Processing file /home/airflow/.local/lib/python3.12/site-packages/airflow/example_dags/example_xcom.py for tasks to queue
[2026-07-24T18:57:13.766+0000] {logging_mixin.py:188} INFO - [2026-07-24T18:57:13.765+0000] {dagbag.py:545} INFO - Filling up the DagBag from /home/airflow/.local/lib/python3.12/site-packages/airflow/example_dags/example_xcom.py
[2026-07-24T18:57:13.779+0000] {processor.py:840} INFO - DAG(s) 'example_xcom' retrieved from /home/airflow/.local/lib/python3.12/site-packages/airflow/example_dags/example_xcom.py
[2026-07-24T18:57:13.812+0000] {logging_mixin.py:188} INFO - [2026-07-24T18:57:13.812+0000] {dag.py:3089} INFO - Sync 1 DAGs
[2026-07-24T18:57:13.843+0000] {logging_mixin.py:188} INFO - [2026-07-24T18:57:13.842+0000] {dag.py:3947} INFO - Setting next_dagrun for example_xcom to 2021-01-01 00:00:00+00:00, run_after=2021-01-01 00:00:00+00:00
[2026-07-24T18:57:13.875+0000] {processor.py:183} INFO - Processing /home/airflow/.local/lib/python3.12/site-packages/airflow/example_dags/example_xcom.py took 0.126 seconds
[2026-07-24T18:57:45.053+0000] {processor.py:161} INFO - Started process (PID=15627) to work on /home/airflow/.local/lib/python3.12/site-packages/airflow/example_dags/example_xcom.py
[2026-07-24T18:57:45.055+0000] {processor.py:830} INFO - Processing file /home/airflow/.local/lib/python3.12/site-packages/airflow/example_dags/example_xcom.py for tasks to queue
[2026-07-24T18:57:45.058+0000] {logging_mixin.py:188} INFO - [2026-07-24T18:57:45.058+0000] {dagbag.py:545} INFO - Filling up the DagBag from /home/airflow/.local/lib/python3.12/site-packages/airflow/example_dags/example_xcom.py
[2026-07-24T18:57:45.070+0000] {processor.py:840} INFO - DAG(s) 'example_xcom' retrieved from /home/airflow/.local/lib/python3.12/site-packages/airflow/example_dags/example_xcom.py
[2026-07-24T18:57:45.107+0000] {logging_mixin.py:188} INFO - [2026-07-24T18:57:45.106+0000] {dag.py:3089} INFO - Sync 1 DAGs
[2026-07-24T18:57:45.139+0000] {logging_mixin.py:188} INFO - [2026-07-24T18:57:45.139+0000] {dag.py:3947} INFO - Setting next_dagrun for example_xcom to 2021-01-01 00:00:00+00:00, run_after=2021-01-01 00:00:00+00:00
[2026-07-24T18:57:45.170+0000] {processor.py:183} INFO - Processing /home/airflow/.local/lib/python3.12/site-packages/airflow/example_dags/example_xcom.py took 0.125 seconds
[2026-07-24T18:58:17.069+0000] {processor.py:161} INFO - Started process (PID=15700) to work on /home/airflow/.local/lib/python3.12/site-packages/airflow/example_dags/example_xcom.py
[2026-07-24T18:58:17.073+0000] {processor.py:830} INFO - Processing file /home/airflow/.local/lib/python3.12/site-packages/airflow/example_dags/example_xcom.py for tasks to queue
[2026-07-24T18:58:17.081+0000] {logging_mixin.py:188} INFO - [2026-07-24T18:58:17.079+0000] {dagbag.py:545} INFO - Filling up the DagBag from /home/airflow/.local/lib/python3.12/site-packages/airflow/example_dags/example_xcom.py
[2026-07-24T18:58:17.105+0000] {processor.py:840} INFO - DAG(s) 'example_xcom' retrieved from /home/airflow/.local/lib/python3.12/site-packages/airflow/example_dags/example_xcom.py
[2026-07-24T18:58:17.186+0000] {logging_mixin.py:188} INFO - [2026-07-24T18:58:17.185+0000] {dag.py:3089} INFO - Sync 1 DAGs
[2026-07-24T18:58:17.244+0000] {logging_mixin.py:188} INFO - [2026-07-24T18:58:17.243+0000] {dag.py:3947} INFO - Setting next_dagrun for example_xcom to 2021-01-01 00:00:00+00:00, run_after=2021-01-01 00:00:00+00:00
[2026-07-24T18:58:17.309+0000] {processor.py:183} INFO - Processing /home/airflow/.local/lib/python3.12/site-packages/airflow/example_dags/example_xcom.py took 0.261 seconds
[2026-07-24T18:58:48.219+0000] {processor.py:161} INFO - Started process (PID=15773) to work on /home/airflow/.local/lib/python3.12/site-packages/airflow/example_dags/example_xcom.py
[2026-07-24T18:58:48.222+0000] {processor.py:830} INFO - Processing file /home/airflow/.local/lib/python3.12/site-packages/airflow/example_dags/example_xcom.py for tasks to queue
[2026-07-24T18:58:48.227+0000] {logging_mixin.py:188} INFO - [2026-07-24T18:58:48.226+0000] {dagbag.py:545} INFO - Filling up the DagBag from /home/airflow/.local/lib/python3.12/site-packages/airflow/example_dags/example_xcom.py
[2026-07-24T18:58:48.246+0000] {processor.py:840} INFO - DAG(s) 'example_xcom' retrieved from /home/airflow/.local/lib/python3.12/site-packages/airflow/example_dags/example_xcom.py
[2026-07-24T18:58:48.298+0000] {logging_mixin.py:188} INFO - [2026-07-24T18:58:48.298+0000] {dag.py:3089} INFO - Sync 1 DAGs
[2026-07-24T18:58:48.348+0000] {logging_mixin.py:188} INFO - [2026-07-24T18:58:48.348+0000] {dag.py:3947} INFO - Setting next_dagrun for example_xcom to 2021-01-01 00:00:00+00:00, run_after=2021-01-01 00:00:00+00:00
[2026-07-24T18:58:48.394+0000] {processor.py:183} INFO - Processing /home/airflow/.local/lib/python3.12/site-packages/airflow/example_dags/example_xcom.py took 0.185 seconds
[2026-07-24T18:59:19.632+0000] {processor.py:161} INFO - Started process (PID=15846) to work on /home/airflow/.local/lib/python3.12/site-packages/airflow/example_dags/example_xcom.py
[2026-07-24T18:59:19.635+0000] {processor.py:830} INFO - Processing file /home/airflow/.local/lib/python3.12/site-packages/airflow/example_dags/example_xcom.py for tasks to queue
[2026-07-24T18:59:19.640+0000] {logging_mixin.py:188} INFO - [2026-07-24T18:59:19.639+0000] {dagbag.py:545} INFO - Filling up the DagBag from /home/airflow/.local/lib/python3.12/site-packages/airflow/example_dags/example_xcom.py
[2026-07-24T18:59:19.655+0000] {processor.py:840} INFO - DAG(s) 'example_xcom' retrieved from /home/airflow/.local/lib/python3.12/site-packages/airflow/example_dags/example_xcom.py
[2026-07-24T18:59:19.702+0000] {logging_mixin.py:188} INFO - [2026-07-24T18:59:19.701+0000] {dag.py:3089} INFO - Sync 1 DAGs
[2026-07-24T18:59:19.742+0000] {logging_mixin.py:188} INFO - [2026-07-24T18:59:19.742+0000] {dag.py:3947} INFO - Setting next_dagrun for example_xcom to 2021-01-01 00:00:00+00:00, run_after=2021-01-01 00:00:00+00:00
[2026-07-24T18:59:19.782+0000] {processor.py:183} INFO - Processing /home/airflow/.local/lib/python3.12/site-packages/airflow/example_dags/example_xcom.py took 0.163 seconds
[2026-07-24T18:59:51.460+0000] {processor.py:161} INFO - Started process (PID=15919) to work on /home/airflow/.local/lib/python3.12/site-packages/airflow/example_dags/example_xcom.py
[2026-07-24T18:59:51.463+0000] {processor.py:830} INFO - Processing file /home/airflow/.local/lib/python3.12/site-packages/airflow/example_dags/example_xcom.py for tasks to queue
[2026-07-24T18:59:51.466+0000] {logging_mixin.py:188} INFO - [2026-07-24T18:59:51.466+0000] {dagbag.py:545} INFO - Filling up the DagBag from /home/airflow/.local/lib/python3.12/site-packages/airflow/example_dags/example_xcom.py
[2026-07-24T18:59:51.477+0000] {processor.py:840} INFO - DAG(s) 'example_xcom' retrieved from /home/airflow/.local/lib/python3.12/site-packages/airflow/example_dags/example_xcom.py
[2026-07-24T18:59:51.511+0000] {logging_mixin.py:188} INFO - [2026-07-24T18:59:51.510+0000] {dag.py:3089} INFO - Sync 1 DAGs
[2026-07-24T18:59:51.542+0000] {logging_mixin.py:188} INFO - [2026-07-24T18:59:51.542+0000] {dag.py:3947} INFO - Setting next_dagrun for example_xcom to 2021-01-01 00:00:00+00:00, run_after=2021-01-01 00:00:00+00:00
[2026-07-24T18:59:51.573+0000] {processor.py:183} INFO - Processing /home/airflow/.local/lib/python3.12/site-packages/airflow/example_dags/example_xcom.py took 0.121 seconds
[2026-07-24T19:00:22.220+0000] {processor.py:161} INFO - Started process (PID=15992) to work on /home/airflow/.local/lib/python3.12/site-packages/airflow/example_dags/example_xcom.py
[2026-07-24T19:00:22.222+0000] {processor.py:830} INFO - Processing file /home/airflow/.local/lib/python3.12/site-packages/airflow/example_dags/example_xcom.py for tasks to queue
[2026-07-24T19:00:22.226+0000] {logging_mixin.py:188} INFO - [2026-07-24T19:00:22.225+0000] {dagbag.py:545} INFO - Filling up the DagBag from /home/airflow/.local/lib/python3.12/site-packages/airflow/example_dags/example_xcom.py
[2026-07-24T19:00:22.241+0000] {processor.py:840} INFO - DAG(s) 'example_xcom' retrieved from /home/airflow/.local/lib/python3.12/site-packages/airflow/example_dags/example_xcom.py
[2026-07-24T19:00:22.278+0000] {logging_mixin.py:188} INFO - [2026-07-24T19:00:22.277+0000] {dag.py:3089} INFO - Sync 1 DAGs
[2026-07-24T19:00:22.309+0000] {logging_mixin.py:188} INFO - [2026-07-24T19:00:22.308+0000] {dag.py:3947} INFO - Setting next_dagrun for example_xcom to 2021-01-01 00:00:00+00:00, run_after=2021-01-01 00:00:00+00:00
[2026-07-24T19:00:22.341+0000] {processor.py:183} INFO - Processing /home/airflow/.local/lib/python3.12/site-packages/airflow/example_dags/example_xcom.py took 0.130 seconds
[2026-07-24T19:00:54.195+0000] {processor.py:161} INFO - Started process (PID=16068) to work on /home/airflow/.local/lib/python3.12/site-packages/airflow/example_dags/example_xcom.py
[2026-07-24T19:00:54.198+0000] {processor.py:830} INFO - Processing file /home/airflow/.local/lib/python3.12/site-packages/airflow/example_dags/example_xcom.py for tasks to queue
[2026-07-24T19:00:54.203+0000] {logging_mixin.py:188} INFO - [2026-07-24T19:00:54.202+0000] {dagbag.py:545} INFO - Filling up the DagBag from /home/airflow/.local/lib/python3.12/site-packages/airflow/example_dags/example_xcom.py
[2026-07-24T19:00:54.220+0000] {processor.py:840} INFO - DAG(s) 'example_xcom' retrieved from /home/airflow/.local/lib/python3.12/site-packages/airflow/example_dags/example_xcom.py
[2026-07-24T19:00:54.257+0000] {logging_mixin.py:188} INFO - [2026-07-24T19:00:54.257+0000] {dag.py:3089} INFO - Sync 1 DAGs
[2026-07-24T19:00:54.298+0000] {logging_mixin.py:188} INFO - [2026-07-24T19:00:54.297+0000] {dag.py:3947} INFO - Setting next_dagrun for example_xcom to 2021-01-01 00:00:00+00:00, run_after=2021-01-01 00:00:00+00:00
[2026-07-24T19:00:54.355+0000] {processor.py:183} INFO - Processing /home/airflow/.local/lib/python3.12/site-packages/airflow/example_dags/example_xcom.py took 0.171 seconds
[2026-07-24T19:01:25.289+0000] {processor.py:161} INFO - Started process (PID=16141) to work on /home/airflow/.local/lib/python3.12/site-packages/airflow/example_dags/example_xcom.py
[2026-07-24T19:01:25.291+0000] {processor.py:830} INFO - Processing file /home/airflow/.local/lib/python3.12/site-packages/airflow/example_dags/example_xcom.py for tasks to queue
[2026-07-24T19:01:25.299+0000] {logging_mixin.py:188} INFO - [2026-07-24T19:01:25.298+0000] {dagbag.py:545} INFO - Filling up the DagBag from /home/airflow/.local/lib/python3.12/site-packages/airflow/example_dags/example_xcom.py
[2026-07-24T19:01:25.312+0000] {processor.py:840} INFO - DAG(s) 'example_xcom' retrieved from /home/airflow/.local/lib/python3.12/site-packages/airflow/example_dags/example_xcom.py
[2026-07-24T19:01:25.370+0000] {logging_mixin.py:188} INFO - [2026-07-24T19:01:25.369+0000] {dag.py:3089} INFO - Sync 1 DAGs
[2026-07-24T19:01:25.413+0000] {logging_mixin.py:188} INFO - [2026-07-24T19:01:25.412+0000] {dag.py:3947} INFO - Setting next_dagrun for example_xcom to 2021-01-01 00:00:00+00:00, run_after=2021-01-01 00:00:00+00:00
[2026-07-24T19:01:25.472+0000] {processor.py:183} INFO - Processing /home/airflow/.local/lib/python3.12/site-packages/airflow/example_dags/example_xcom.py took 0.193 seconds
[2026-07-24T19:01:56.596+0000] {processor.py:161} INFO - Started process (PID=16213) to work on /home/airflow/.local/lib/python3.12/site-packages/airflow/example_dags/example_xcom.py
[2026-07-24T19:01:56.598+0000] {processor.py:830} INFO - Processing file /home/airflow/.local/lib/python3.12/site-packages/airflow/example_dags/example_xcom.py for tasks to queue
[2026-07-24T19:01:56.602+0000] {logging_mixin.py:188} INFO - [2026-07-24T19:01:56.602+0000] {dagbag.py:545} INFO - Filling up the DagBag from /home/airflow/.local/lib/python3.12/site-packages/airflow/example_dags/example_xcom.py
[2026-07-24T19:01:56.617+0000] {processor.py:840} INFO - DAG(s) 'example_xcom' retrieved from /home/airflow/.local/lib/python3.12/site-packages/airflow/example_dags/example_xcom.py
[2026-07-24T19:01:56.652+0000] {logging_mixin.py:188} INFO - [2026-07-24T19:01:56.652+0000] {dag.py:3089} INFO - Sync 1 DAGs
[2026-07-24T19:01:56.689+0000] {logging_mixin.py:188} INFO - [2026-07-24T19:01:56.689+0000] {dag.py:3947} INFO - Setting next_dagrun for example_xcom to 2021-01-01 00:00:00+00:00, run_after=2021-01-01 00:00:00+00:00
[2026-07-24T19:01:56.726+0000] {processor.py:183} INFO - Processing /home/airflow/.local/lib/python3.12/site-packages/airflow/example_dags/example_xcom.py took 0.141 seconds
[2026-07-24T19:02:28.707+0000] {processor.py:161} INFO - Started process (PID=16288) to work on /home/airflow/.local/lib/python3.12/site-packages/airflow/example_dags/example_xcom.py
[2026-07-24T19:02:28.709+0000] {processor.py:830} INFO - Processing file /home/airflow/.local/lib/python3.12/site-packages/airflow/example_dags/example_xcom.py for tasks to queue
[2026-07-24T19:02:28.713+0000] {logging_mixin.py:188} INFO - [2026-07-24T19:02:28.713+0000] {dagbag.py:545} INFO - Filling up the DagBag from /home/airflow/.local/lib/python3.12/site-packages/airflow/example_dags/example_xcom.py
[2026-07-24T19:02:28.726+0000] {processor.py:840} INFO - DAG(s) 'example_xcom' retrieved from /home/airflow/.local/lib/python3.12/site-packages/airflow/example_dags/example_xcom.py
[2026-07-24T19:02:28.762+0000] {logging_mixin.py:188} INFO - [2026-07-24T19:02:28.761+0000] {dag.py:3089} INFO - Sync 1 DAGs
[2026-07-24T19:02:28.793+0000] {logging_mixin.py:188} INFO - [2026-07-24T19:02:28.792+0000] {dag.py:3947} INFO - Setting next_dagrun for example_xcom to 2021-01-01 00:00:00+00:00, run_after=2021-01-01 00:00:00+00:00
[2026-07-24T19:02:28.823+0000] {processor.py:183} INFO - Processing /home/airflow/.local/lib/python3.12/site-packages/airflow/example_dags/example_xcom.py took 0.126 seconds
[2026-07-24T19:02:59.539+0000] {processor.py:161} INFO - Started process (PID=16361) to work on /home/airflow/.local/lib/python3.12/site-packages/airflow/example_dags/example_xcom.py
[2026-07-24T19:02:59.541+0000] {processor.py:830} INFO - Processing file /home/airflow/.local/lib/python3.12/site-packages/airflow/example_dags/example_xcom.py for tasks to queue
[2026-07-24T19:02:59.545+0000] {logging_mixin.py:188} INFO - [2026-07-24T19:02:59.545+0000] {dagbag.py:545} INFO - Filling up the DagBag from /home/airflow/.local/lib/python3.12/site-packages/airflow/example_dags/example_xcom.py
[2026-07-24T19:02:59.556+0000] {processor.py:840} INFO - DAG(s) 'example_xcom' retrieved from /home/airflow/.local/lib/python3.12/site-packages/airflow/example_dags/example_xcom.py
[2026-07-24T19:02:59.587+0000] {logging_mixin.py:188} INFO - [2026-07-24T19:02:59.586+0000] {dag.py:3089} INFO - Sync 1 DAGs
[2026-07-24T19:02:59.614+0000] {logging_mixin.py:188} INFO - [2026-07-24T19:02:59.614+0000] {dag.py:3947} INFO - Setting next_dagrun for example_xcom to 2021-01-01 00:00:00+00:00, run_after=2021-01-01 00:00:00+00:00
[2026-07-24T19:02:59.641+0000] {processor.py:183} INFO - Processing /home/airflow/.local/lib/python3.12/site-packages/airflow/example_dags/example_xcom.py took 0.112 seconds
[2026-07-24T19:03:30.532+0000] {processor.py:161} INFO - Started process (PID=16434) to work on /home/airflow/.local/lib/python3.12/site-packages/airflow/example_dags/example_xcom.py
[2026-07-24T19:03:30.535+0000] {processor.py:830} INFO - Processing file /home/airflow/.local/lib/python3.12/site-packages/airflow/example_dags/example_xcom.py for tasks to queue
[2026-07-24T19:03:30.539+0000] {logging_mixin.py:188} INFO - [2026-07-24T19:03:30.538+0000] {dagbag.py:545} INFO - Filling up the DagBag from /home/airflow/.local/lib/python3.12/site-packages/airflow/example_dags/example_xcom.py
[2026-07-24T19:03:30.553+0000] {processor.py:840} INFO - DAG(s) 'example_xcom' retrieved from /home/airflow/.local/lib/python3.12/site-packages/airflow/example_dags/example_xcom.py
[2026-07-24T19:03:30.597+0000] {logging_mixin.py:188} INFO - [2026-07-24T19:03:30.597+0000] {dag.py:3089} INFO - Sync 1 DAGs
[2026-07-24T19:03:30.642+0000] {logging_mixin.py:188} INFO - [2026-07-24T19:03:30.641+0000] {dag.py:3947} INFO - Setting next_dagrun for example_xcom to 2021-01-01 00:00:00+00:00, run_after=2021-01-01 00:00:00+00:00
[2026-07-24T19:03:30.681+0000] {processor.py:183} INFO - Processing /home/airflow/.local/lib/python3.12/site-packages/airflow/example_dags/example_xcom.py took 0.158 seconds
[2026-07-24T19:04:01.671+0000] {processor.py:161} INFO - Started process (PID=16507) to work on /home/airflow/.local/lib/python3.12/site-packages/airflow/example_dags/example_xcom.py
[2026-07-24T19:04:01.674+0000] {processor.py:830} INFO - Processing file /home/airflow/.local/lib/python3.12/site-packages/airflow/example_dags/example_xcom.py for tasks to queue
[2026-07-24T19:04:01.678+0000] {logging_mixin.py:188} INFO - [2026-07-24T19:04:01.677+0000] {dagbag.py:545} INFO - Filling up the DagBag from /home/airflow/.local/lib/python3.12/site-packages/airflow/example_dags/example_xcom.py
[2026-07-24T19:04:01.693+0000] {processor.py:840} INFO - DAG(s) 'example_xcom' retrieved from /home/airflow/.local/lib/python3.12/site-packages/airflow/example_dags/example_xcom.py
[2026-07-24T19:04:01.729+0000] {logging_mixin.py:188} INFO - [2026-07-24T19:04:01.729+0000] {dag.py:3089} INFO - Sync 1 DAGs
[2026-07-24T19:04:01.781+0000] {logging_mixin.py:188} INFO - [2026-07-24T19:04:01.780+0000] {dag.py:3947} INFO - Setting next_dagrun for example_xcom to 2021-01-01 00:00:00+00:00, run_after=2021-01-01 00:00:00+00:00
[2026-07-24T19:04:01.815+0000] {processor.py:183} INFO - Processing /home/airflow/.local/lib/python3.12/site-packages/airflow/example_dags/example_xcom.py took 0.158 seconds
[2026-07-24T19:04:33.155+0000] {processor.py:161} INFO - Started process (PID=16581) to work on /home/airflow/.local/lib/python3.12/site-packages/airflow/example_dags/example_xcom.py
[2026-07-24T19:04:33.159+0000] {processor.py:830} INFO - Processing file /home/airflow/.local/lib/python3.12/site-packages/airflow/example_dags/example_xcom.py for tasks to queue
[2026-07-24T19:04:33.166+0000] {logging_mixin.py:188} INFO - [2026-07-24T19:04:33.164+0000] {dagbag.py:545} INFO - Filling up the DagBag from /home/airflow/.local/lib/python3.12/site-packages/airflow/example_dags/example_xcom.py
[2026-07-24T19:04:33.190+0000] {processor.py:840} INFO - DAG(s) 'example_xcom' retrieved from /home/airflow/.local/lib/python3.12/site-packages/airflow/example_dags/example_xcom.py
[2026-07-24T19:04:33.250+0000] {logging_mixin.py:188} INFO - [2026-07-24T19:04:33.249+0000] {dag.py:3089} INFO - Sync 1 DAGs
[2026-07-24T19:04:33.311+0000] {logging_mixin.py:188} INFO - [2026-07-24T19:04:33.310+0000] {dag.py:3947} INFO - Setting next_dagrun for example_xcom to 2021-01-01 00:00:00+00:00, run_after=2021-01-01 00:00:00+00:00
[2026-07-24T19:04:33.369+0000] {processor.py:183} INFO - Processing /home/airflow/.local/lib/python3.12/site-packages/airflow/example_dags/example_xcom.py took 0.228 seconds
[2026-07-24T19:05:04.332+0000] {processor.py:161} INFO - Started process (PID=16653) to work on /home/airflow/.local/lib/python3.12/site-packages/airflow/example_dags/example_xcom.py
[2026-07-24T19:05:04.334+0000] {processor.py:830} INFO - Processing file /home/airflow/.local/lib/python3.12/site-packages/airflow/example_dags/example_xcom.py for tasks to queue
[2026-07-24T19:05:04.339+0000] {logging_mixin.py:188} INFO - [2026-07-24T19:05:04.338+0000] {dagbag.py:545} INFO - Filling up the DagBag from /home/airflow/.local/lib/python3.12/site-packages/airflow/example_dags/example_xcom.py
[2026-07-24T19:05:04.353+0000] {processor.py:840} INFO - DAG(s) 'example_xcom' retrieved from /home/airflow/.local/lib/python3.12/site-packages/airflow/example_dags/example_xcom.py
[2026-07-24T19:05:04.388+0000] {logging_mixin.py:188} INFO - [2026-07-24T19:05:04.387+0000] {dag.py:3089} INFO - Sync 1 DAGs
[2026-07-24T19:05:04.420+0000] {logging_mixin.py:188} INFO - [2026-07-24T19:05:04.419+0000] {dag.py:3947} INFO - Setting next_dagrun for example_xcom to 2021-01-01 00:00:00+00:00, run_after=2021-01-01 00:00:00+00:00
[2026-07-24T19:05:04.464+0000] {processor.py:183} INFO - Processing /home/airflow/.local/lib/python3.12/site-packages/airflow/example_dags/example_xcom.py took 0.145 seconds
[2026-07-24T19:05:35.587+0000] {processor.py:161} INFO - Started process (PID=16726) to work on /home/airflow/.local/lib/python3.12/site-packages/airflow/example_dags/example_xcom.py
[2026-07-24T19:05:35.589+0000] {processor.py:830} INFO - Processing file /home/airflow/.local/lib/python3.12/site-packages/airflow/example_dags/example_xcom.py for tasks to queue
[2026-07-24T19:05:35.593+0000] {logging_mixin.py:188} INFO - [2026-07-24T19:05:35.592+0000] {dagbag.py:545} INFO - Filling up the DagBag from /home/airflow/.local/lib/python3.12/site-packages/airflow/example_dags/example_xcom.py
[2026-07-24T19:05:35.604+0000] {processor.py:840} INFO - DAG(s) 'example_xcom' retrieved from /home/airflow/.local/lib/python3.12/site-packages/airflow/example_dags/example_xcom.py
[2026-07-24T19:05:35.638+0000] {logging_mixin.py:188} INFO - [2026-07-24T19:05:35.638+0000] {dag.py:3089} INFO - Sync 1 DAGs
[2026-07-24T19:05:35.672+0000] {logging_mixin.py:188} INFO - [2026-07-24T19:05:35.671+0000] {dag.py:3947} INFO - Setting next_dagrun for example_xcom to 2021-01-01 00:00:00+00:00, run_after=2021-01-01 00:00:00+00:00
[2026-07-24T19:05:35.705+0000] {processor.py:183} INFO - Processing /home/airflow/.local/lib/python3.12/site-packages/airflow/example_dags/example_xcom.py took 0.127 seconds
[2026-07-24T19:06:06.781+0000] {processor.py:161} INFO - Started process (PID=16800) to work on /home/airflow/.local/lib/python3.12/site-packages/airflow/example_dags/example_xcom.py
[2026-07-24T19:06:06.784+0000] {processor.py:830} INFO - Processing file /home/airflow/.local/lib/python3.12/site-packages/airflow/example_dags/example_xcom.py for tasks to queue
[2026-07-24T19:06:06.790+0000] {logging_mixin.py:188} INFO - [2026-07-24T19:06:06.789+0000] {dagbag.py:545} INFO - Filling up the DagBag from /home/airflow/.local/lib/python3.12/site-packages/airflow/example_dags/example_xcom.py
[2026-07-24T19:06:06.808+0000] {processor.py:840} INFO - DAG(s) 'example_xcom' retrieved from /home/airflow/.local/lib/python3.12/site-packages/airflow/example_dags/example_xcom.py
[2026-07-24T19:06:06.855+0000] {logging_mixin.py:188} INFO - [2026-07-24T19:06:06.854+0000] {dag.py:3089} INFO - Sync 1 DAGs
[2026-07-24T19:06:06.905+0000] {logging_mixin.py:188} INFO - [2026-07-24T19:06:06.905+0000] {dag.py:3947} INFO - Setting next_dagrun for example_xcom to 2021-01-01 00:00:00+00:00, run_after=2021-01-01 00:00:00+00:00
[2026-07-24T19:06:06.952+0000] {processor.py:183} INFO - Processing /home/airflow/.local/lib/python3.12/site-packages/airflow/example_dags/example_xcom.py took 0.184 seconds
[2026-07-24T19:06:37.709+0000] {processor.py:161} INFO - Started process (PID=16874) to work on /home/airflow/.local/lib/python3.12/site-packages/airflow/example_dags/example_xcom.py
[2026-07-24T19:06:37.711+0000] {processor.py:830} INFO - Processing file /home/airflow/.local/lib/python3.12/site-packages/airflow/example_dags/example_xcom.py for tasks to queue
[2026-07-24T19:06:37.716+0000] {logging_mixin.py:188} INFO - [2026-07-24T19:06:37.716+0000] {dagbag.py:545} INFO - Filling up the DagBag from /home/airflow/.local/lib/python3.12/site-packages/airflow/example_dags/example_xcom.py
[2026-07-24T19:06:37.728+0000] {processor.py:840} INFO - DAG(s) 'example_xcom' retrieved from /home/airflow/.local/lib/python3.12/site-packages/airflow/example_dags/example_xcom.py
[2026-07-24T19:06:37.759+0000] {logging_mixin.py:188} INFO - [2026-07-24T19:06:37.759+0000] {dag.py:3089} INFO - Sync 1 DAGs
[2026-07-24T19:06:37.789+0000] {logging_mixin.py:188} INFO - [2026-07-24T19:06:37.788+0000] {dag.py:3947} INFO - Setting next_dagrun for example_xcom to 2021-01-01 00:00:00+00:00, run_after=2021-01-01 00:00:00+00:00
[2026-07-24T19:06:37.820+0000] {processor.py:183} INFO - Processing /home/airflow/.local/lib/python3.12/site-packages/airflow/example_dags/example_xcom.py took 0.119 seconds
[2026-07-24T19:07:08.797+0000] {processor.py:161} INFO - Started process (PID=16948) to work on /home/airflow/.local/lib/python3.12/site-packages/airflow/example_dags/example_xcom.py
[2026-07-24T19:07:08.800+0000] {processor.py:830} INFO - Processing file /home/airflow/.local/lib/python3.12/site-packages/airflow/example_dags/example_xcom.py for tasks to queue
[2026-07-24T19:07:08.804+0000] {logging_mixin.py:188} INFO - [2026-07-24T19:07:08.803+0000] {dagbag.py:545} INFO - Filling up the DagBag from /home/airflow/.local/lib/python3.12/site-packages/airflow/example_dags/example_xcom.py
[2026-07-24T19:07:08.813+0000] {processor.py:840} INFO - DAG(s) 'example_xcom' retrieved from /home/airflow/.local/lib/python3.12/site-packages/airflow/example_dags/example_xcom.py
[2026-07-24T19:07:08.843+0000] {logging_mixin.py:188} INFO - [2026-07-24T19:07:08.843+0000] {dag.py:3089} INFO - Sync 1 DAGs
[2026-07-24T19:07:08.872+0000] {logging_mixin.py:188} INFO - [2026-07-24T19:07:08.872+0000] {dag.py:3947} INFO - Setting next_dagrun for example_xcom to 2021-01-01 00:00:00+00:00, run_after=2021-01-01 00:00:00+00:00
[2026-07-24T19:07:08.905+0000] {processor.py:183} INFO - Processing /home/airflow/.local/lib/python3.12/site-packages/airflow/example_dags/example_xcom.py took 0.115 seconds
[2026-07-24T19:07:39.838+0000] {processor.py:161} INFO - Started process (PID=17021) to work on /home/airflow/.local/lib/python3.12/site-packages/airflow/example_dags/example_xcom.py
[2026-07-24T19:07:39.841+0000] {processor.py:830} INFO - Processing file /home/airflow/.local/lib/python3.12/site-packages/airflow/example_dags/example_xcom.py for tasks to queue
[2026-07-24T19:07:39.846+0000] {logging_mixin.py:188} INFO - [2026-07-24T19:07:39.845+0000] {dagbag.py:545} INFO - Filling up the DagBag from /home/airflow/.local/lib/python3.12/site-packages/airflow/example_dags/example_xcom.py
[2026-07-24T19:07:39.859+0000] {processor.py:840} INFO - DAG(s) 'example_xcom' retrieved from /home/airflow/.local/lib/python3.12/site-packages/airflow/example_dags/example_xcom.py
[2026-07-24T19:07:39.895+0000] {logging_mixin.py:188} INFO - [2026-07-24T19:07:39.894+0000] {dag.py:3089} INFO - Sync 1 DAGs
[2026-07-24T19:07:39.934+0000] {logging_mixin.py:188} INFO - [2026-07-24T19:07:39.934+0000] {dag.py:3947} INFO - Setting next_dagrun for example_xcom to 2021-01-01 00:00:00+00:00, run_after=2021-01-01 00:00:00+00:00
[2026-07-24T19:07:39.967+0000] {processor.py:183} INFO - Processing /home/airflow/.local/lib/python3.12/site-packages/airflow/example_dags/example_xcom.py took 0.140 seconds
[2026-07-24T19:08:10.974+0000] {processor.py:161} INFO - Started process (PID=17094) to work on /home/airflow/.local/lib/python3.12/site-packages/airflow/example_dags/example_xcom.py
[2026-07-24T19:08:10.976+0000] {processor.py:830} INFO - Processing file /home/airflow/.local/lib/python3.12/site-packages/airflow/example_dags/example_xcom.py for tasks to queue
[2026-07-24T19:08:10.980+0000] {logging_mixin.py:188} INFO - [2026-07-24T19:08:10.979+0000] {dagbag.py:545} INFO - Filling up the DagBag from /home/airflow/.local/lib/python3.12/site-packages/airflow/example_dags/example_xcom.py
[2026-07-24T19:08:10.991+0000] {processor.py:840} INFO - DAG(s) 'example_xcom' retrieved from /home/airflow/.local/lib/python3.12/site-packages/airflow/example_dags/example_xcom.py
[2026-07-24T19:08:11.022+0000] {logging_mixin.py:188} INFO - [2026-07-24T19:08:11.021+0000] {dag.py:3089} INFO - Sync 1 DAGs
[2026-07-24T19:08:11.051+0000] {logging_mixin.py:188} INFO - [2026-07-24T19:08:11.050+0000] {dag.py:3947} INFO - Setting next_dagrun for example_xcom to 2021-01-01 00:00:00+00:00, run_after=2021-01-01 00:00:00+00:00
[2026-07-24T19:08:11.084+0000] {processor.py:183} INFO - Processing /home/airflow/.local/lib/python3.12/site-packages/airflow/example_dags/example_xcom.py took 0.118 seconds
[2026-07-24T19:08:41.911+0000] {processor.py:161} INFO - Started process (PID=17167) to work on /home/airflow/.local/lib/python3.12/site-packages/airflow/example_dags/example_xcom.py
[2026-07-24T19:08:41.916+0000] {processor.py:830} INFO - Processing file /home/airflow/.local/lib/python3.12/site-packages/airflow/example_dags/example_xcom.py for tasks to queue
[2026-07-24T19:08:41.926+0000] {logging_mixin.py:188} INFO - [2026-07-24T19:08:41.926+0000] {dagbag.py:545} INFO - Filling up the DagBag from /home/airflow/.local/lib/python3.12/site-packages/airflow/example_dags/example_xcom.py
[2026-07-24T19:08:41.945+0000] {processor.py:840} INFO - DAG(s) 'example_xcom' retrieved from /home/airflow/.local/lib/python3.12/site-packages/airflow/example_dags/example_xcom.py
[2026-07-24T19:08:41.986+0000] {logging_mixin.py:188} INFO - [2026-07-24T19:08:41.985+0000] {dag.py:3089} INFO - Sync 1 DAGs
[2026-07-24T19:08:42.028+0000] {logging_mixin.py:188} INFO - [2026-07-24T19:08:42.027+0000] {dag.py:3947} INFO - Setting next_dagrun for example_xcom to 2021-01-01 00:00:00+00:00, run_after=2021-01-01 00:00:00+00:00
[2026-07-24T19:08:42.073+0000] {processor.py:183} INFO - Processing /home/airflow/.local/lib/python3.12/site-packages/airflow/example_dags/example_xcom.py took 0.178 seconds
[2026-07-24T19:09:12.530+0000] {processor.py:161} INFO - Started process (PID=17240) to work on /home/airflow/.local/lib/python3.12/site-packages/airflow/example_dags/example_xcom.py
[2026-07-24T19:09:12.532+0000] {processor.py:830} INFO - Processing file /home/airflow/.local/lib/python3.12/site-packages/airflow/example_dags/example_xcom.py for tasks to queue
[2026-07-24T19:09:12.536+0000] {logging_mixin.py:188} INFO - [2026-07-24T19:09:12.535+0000] {dagbag.py:545} INFO - Filling up the DagBag from /home/airflow/.local/lib/python3.12/site-packages/airflow/example_dags/example_xcom.py
[2026-07-24T19:09:12.547+0000] {processor.py:840} INFO - DAG(s) 'example_xcom' retrieved from /home/airflow/.local/lib/python3.12/site-packages/airflow/example_dags/example_xcom.py
[2026-07-24T19:09:12.579+0000] {logging_mixin.py:188} INFO - [2026-07-24T19:09:12.579+0000] {dag.py:3089} INFO - Sync 1 DAGs
[2026-07-24T19:09:12.610+0000] {logging_mixin.py:188} INFO - [2026-07-24T19:09:12.610+0000] {dag.py:3947} INFO - Setting next_dagrun for example_xcom to 2021-01-01 00:00:00+00:00, run_after=2021-01-01 00:00:00+00:00
[2026-07-24T19:09:12.642+0000] {processor.py:183} INFO - Processing /home/airflow/.local/lib/python3.12/site-packages/airflow/example_dags/example_xcom.py took 0.121 seconds
[2026-07-24T19:09:44.659+0000] {processor.py:161} INFO - Started process (PID=17316) to work on /home/airflow/.local/lib/python3.12/site-packages/airflow/example_dags/example_xcom.py
[2026-07-24T19:09:44.664+0000] {processor.py:830} INFO - Processing file /home/airflow/.local/lib/python3.12/site-packages/airflow/example_dags/example_xcom.py for tasks to queue
[2026-07-24T19:09:44.670+0000] {logging_mixin.py:188} INFO - [2026-07-24T19:09:44.669+0000] {dagbag.py:545} INFO - Filling up the DagBag from /home/airflow/.local/lib/python3.12/site-packages/airflow/example_dags/example_xcom.py
[2026-07-24T19:09:44.693+0000] {processor.py:840} INFO - DAG(s) 'example_xcom' retrieved from /home/airflow/.local/lib/python3.12/site-packages/airflow/example_dags/example_xcom.py
[2026-07-24T19:09:44.746+0000] {logging_mixin.py:188} INFO - [2026-07-24T19:09:44.745+0000] {dag.py:3089} INFO - Sync 1 DAGs
[2026-07-24T19:09:44.798+0000] {logging_mixin.py:188} INFO - [2026-07-24T19:09:44.797+0000] {dag.py:3947} INFO - Setting next_dagrun for example_xcom to 2021-01-01 00:00:00+00:00, run_after=2021-01-01 00:00:00+00:00
[2026-07-24T19:09:44.837+0000] {processor.py:183} INFO - Processing /home/airflow/.local/lib/python3.12/site-packages/airflow/example_dags/example_xcom.py took 0.186 seconds
[2026-07-24T19:10:19.506+0000] {processor.py:161} INFO - Started process (PID=17389) to work on /home/airflow/.local/lib/python3.12/site-packages/airflow/example_dags/example_xcom.py
[2026-07-24T19:10:19.508+0000] {processor.py:830} INFO - Processing file /home/airflow/.local/lib/python3.12/site-packages/airflow/example_dags/example_xcom.py for tasks to queue
[2026-07-24T19:10:19.512+0000] {logging_mixin.py:188} INFO - [2026-07-24T19:10:19.511+0000] {dagbag.py:545} INFO - Filling up the DagBag from /home/airflow/.local/lib/python3.12/site-packages/airflow/example_dags/example_xcom.py
[2026-07-24T19:10:19.525+0000] {processor.py:840} INFO - DAG(s) 'example_xcom' retrieved from /home/airflow/.local/lib/python3.12/site-packages/airflow/example_dags/example_xcom.py
[2026-07-24T19:10:19.563+0000] {logging_mixin.py:188} INFO - [2026-07-24T19:10:19.562+0000] {dag.py:3089} INFO - Sync 1 DAGs
[2026-07-24T19:10:19.599+0000] {logging_mixin.py:188} INFO - [2026-07-24T19:10:19.599+0000] {dag.py:3947} INFO - Setting next_dagrun for example_xcom to 2021-01-01 00:00:00+00:00, run_after=2021-01-01 00:00:00+00:00
[2026-07-24T19:10:19.644+0000] {processor.py:183} INFO - Processing /home/airflow/.local/lib/python3.12/site-packages/airflow/example_dags/example_xcom.py took 0.147 seconds
[2026-07-24T19:11:14.276+0000] {processor.py:161} INFO - Started process (PID=17464) to work on /home/airflow/.local/lib/python3.12/site-packages/airflow/example_dags/example_xcom.py
[2026-07-24T19:11:14.288+0000] {processor.py:830} INFO - Processing file /home/airflow/.local/lib/python3.12/site-packages/airflow/example_dags/example_xcom.py for tasks to queue
[2026-07-24T19:11:14.310+0000] {logging_mixin.py:188} INFO - [2026-07-24T19:11:14.309+0000] {dagbag.py:545} INFO - Filling up the DagBag from /home/airflow/.local/lib/python3.12/site-packages/airflow/example_dags/example_xcom.py
[2026-07-24T19:11:14.354+0000] {processor.py:840} INFO - DAG(s) 'example_xcom' retrieved from /home/airflow/.local/lib/python3.12/site-packages/airflow/example_dags/example_xcom.py
[2026-07-24T19:11:14.612+0000] {logging_mixin.py:188} INFO - [2026-07-24T19:11:14.612+0000] {dag.py:3089} INFO - Sync 1 DAGs
[2026-07-24T19:11:14.703+0000] {logging_mixin.py:188} INFO - [2026-07-24T19:11:14.702+0000] {dag.py:3947} INFO - Setting next_dagrun for example_xcom to 2021-01-01 00:00:00+00:00, run_after=2021-01-01 00:00:00+00:00
[2026-07-24T19:11:14.803+0000] {processor.py:183} INFO - Processing /home/airflow/.local/lib/python3.12/site-packages/airflow/example_dags/example_xcom.py took 0.553 seconds
[2026-07-24T19:11:45.754+0000] {processor.py:161} INFO - Started process (PID=17529) to work on /home/airflow/.local/lib/python3.12/site-packages/airflow/example_dags/example_xcom.py
[2026-07-24T19:11:45.762+0000] {processor.py:830} INFO - Processing file /home/airflow/.local/lib/python3.12/site-packages/airflow/example_dags/example_xcom.py for tasks to queue
[2026-07-24T19:11:45.767+0000] {logging_mixin.py:188} INFO - [2026-07-24T19:11:45.766+0000] {dagbag.py:545} INFO - Filling up the DagBag from /home/airflow/.local/lib/python3.12/site-packages/airflow/example_dags/example_xcom.py
[2026-07-24T19:11:45.794+0000] {processor.py:840} INFO - DAG(s) 'example_xcom' retrieved from /home/airflow/.local/lib/python3.12/site-packages/airflow/example_dags/example_xcom.py
[2026-07-24T19:11:45.863+0000] {logging_mixin.py:188} INFO - [2026-07-24T19:11:45.862+0000] {dag.py:3089} INFO - Sync 1 DAGs
[2026-07-24T19:11:45.922+0000] {logging_mixin.py:188} INFO - [2026-07-24T19:11:45.922+0000] {dag.py:3947} INFO - Setting next_dagrun for example_xcom to 2021-01-01 00:00:00+00:00, run_after=2021-01-01 00:00:00+00:00
[2026-07-24T19:11:46.002+0000] {processor.py:183} INFO - Processing /home/airflow/.local/lib/python3.12/site-packages/airflow/example_dags/example_xcom.py took 0.268 seconds
[2026-07-24T19:12:18.735+0000] {processor.py:161} INFO - Started process (PID=17603) to work on /home/airflow/.local/lib/python3.12/site-packages/airflow/example_dags/example_xcom.py
[2026-07-24T19:12:18.739+0000] {processor.py:830} INFO - Processing file /home/airflow/.local/lib/python3.12/site-packages/airflow/example_dags/example_xcom.py for tasks to queue
[2026-07-24T19:12:18.746+0000] {logging_mixin.py:188} INFO - [2026-07-24T19:12:18.745+0000] {dagbag.py:545} INFO - Filling up the DagBag from /home/airflow/.local/lib/python3.12/site-packages/airflow/example_dags/example_xcom.py
[2026-07-24T19:12:18.770+0000] {processor.py:840} INFO - DAG(s) 'example_xcom' retrieved from /home/airflow/.local/lib/python3.12/site-packages/airflow/example_dags/example_xcom.py
[2026-07-24T19:12:18.847+0000] {logging_mixin.py:188} INFO - [2026-07-24T19:12:18.846+0000] {dag.py:3089} INFO - Sync 1 DAGs
[2026-07-24T19:12:18.905+0000] {logging_mixin.py:188} INFO - [2026-07-24T19:12:18.905+0000] {dag.py:3947} INFO - Setting next_dagrun for example_xcom to 2021-01-01 00:00:00+00:00, run_after=2021-01-01 00:00:00+00:00
[2026-07-24T19:12:18.954+0000] {processor.py:183} INFO - Processing /home/airflow/.local/lib/python3.12/site-packages/airflow/example_dags/example_xcom.py took 0.240 seconds
[2026-07-24T19:12:50.796+0000] {processor.py:161} INFO - Started process (PID=17676) to work on /home/airflow/.local/lib/python3.12/site-packages/airflow/example_dags/example_xcom.py
[2026-07-24T19:12:50.800+0000] {processor.py:830} INFO - Processing file /home/airflow/.local/lib/python3.12/site-packages/airflow/example_dags/example_xcom.py for tasks to queue
[2026-07-24T19:12:50.808+0000] {logging_mixin.py:188} INFO - [2026-07-24T19:12:50.807+0000] {dagbag.py:545} INFO - Filling up the DagBag from /home/airflow/.local/lib/python3.12/site-packages/airflow/example_dags/example_xcom.py
[2026-07-24T19:12:50.864+0000] {processor.py:840} INFO - DAG(s) 'example_xcom' retrieved from /home/airflow/.local/lib/python3.12/site-packages/airflow/example_dags/example_xcom.py
[2026-07-24T19:12:50.924+0000] {logging_mixin.py:188} INFO - [2026-07-24T19:12:50.923+0000] {dag.py:3089} INFO - Sync 1 DAGs
[2026-07-24T19:12:50.976+0000] {logging_mixin.py:188} INFO - [2026-07-24T19:12:50.976+0000] {dag.py:3947} INFO - Setting next_dagrun for example_xcom to 2021-01-01 00:00:00+00:00, run_after=2021-01-01 00:00:00+00:00
[2026-07-24T19:12:51.020+0000] {processor.py:183} INFO - Processing /home/airflow/.local/lib/python3.12/site-packages/airflow/example_dags/example_xcom.py took 0.244 seconds
[2026-07-24T19:13:21.495+0000] {processor.py:161} INFO - Started process (PID=17749) to work on /home/airflow/.local/lib/python3.12/site-packages/airflow/example_dags/example_xcom.py
[2026-07-24T19:13:21.498+0000] {processor.py:830} INFO - Processing file /home/airflow/.local/lib/python3.12/site-packages/airflow/example_dags/example_xcom.py for tasks to queue
[2026-07-24T19:13:21.504+0000] {logging_mixin.py:188} INFO - [2026-07-24T19:13:21.503+0000] {dagbag.py:545} INFO - Filling up the DagBag from /home/airflow/.local/lib/python3.12/site-packages/airflow/example_dags/example_xcom.py
[2026-07-24T19:13:21.527+0000] {processor.py:840} INFO - DAG(s) 'example_xcom' retrieved from /home/airflow/.local/lib/python3.12/site-packages/airflow/example_dags/example_xcom.py
[2026-07-24T19:13:21.592+0000] {logging_mixin.py:188} INFO - [2026-07-24T19:13:21.592+0000] {dag.py:3089} INFO - Sync 1 DAGs
[2026-07-24T19:13:21.653+0000] {logging_mixin.py:188} INFO - [2026-07-24T19:13:21.652+0000] {dag.py:3947} INFO - Setting next_dagrun for example_xcom to 2021-01-01 00:00:00+00:00, run_after=2021-01-01 00:00:00+00:00
[2026-07-24T19:13:21.729+0000] {processor.py:183} INFO - Processing /home/airflow/.local/lib/python3.12/site-packages/airflow/example_dags/example_xcom.py took 0.257 seconds
[2026-07-24T19:13:53.024+0000] {processor.py:161} INFO - Started process (PID=17822) to work on /home/airflow/.local/lib/python3.12/site-packages/airflow/example_dags/example_xcom.py
[2026-07-24T19:13:53.027+0000] {processor.py:830} INFO - Processing file /home/airflow/.local/lib/python3.12/site-packages/airflow/example_dags/example_xcom.py for tasks to queue
[2026-07-24T19:13:53.036+0000] {logging_mixin.py:188} INFO - [2026-07-24T19:13:53.035+0000] {dagbag.py:545} INFO - Filling up the DagBag from /home/airflow/.local/lib/python3.12/site-packages/airflow/example_dags/example_xcom.py
[2026-07-24T19:13:53.058+0000] {processor.py:840} INFO - DAG(s) 'example_xcom' retrieved from /home/airflow/.local/lib/python3.12/site-packages/airflow/example_dags/example_xcom.py
[2026-07-24T19:13:53.106+0000] {logging_mixin.py:188} INFO - [2026-07-24T19:13:53.105+0000] {dag.py:3089} INFO - Sync 1 DAGs
[2026-07-24T19:13:53.146+0000] {logging_mixin.py:188} INFO - [2026-07-24T19:13:53.145+0000] {dag.py:3947} INFO - Setting next_dagrun for example_xcom to 2021-01-01 00:00:00+00:00, run_after=2021-01-01 00:00:00+00:00
[2026-07-24T19:13:53.199+0000] {processor.py:183} INFO - Processing /home/airflow/.local/lib/python3.12/site-packages/airflow/example_dags/example_xcom.py took 0.187 seconds
[2026-07-24T19:14:26.083+0000] {processor.py:161} INFO - Started process (PID=17895) to work on /home/airflow/.local/lib/python3.12/site-packages/airflow/example_dags/example_xcom.py
[2026-07-24T19:14:26.087+0000] {processor.py:830} INFO - Processing file /home/airflow/.local/lib/python3.12/site-packages/airflow/example_dags/example_xcom.py for tasks to queue
[2026-07-24T19:14:26.092+0000] {logging_mixin.py:188} INFO - [2026-07-24T19:14:26.092+0000] {dagbag.py:545} INFO - Filling up the DagBag from /home/airflow/.local/lib/python3.12/site-packages/airflow/example_dags/example_xcom.py
[2026-07-24T19:14:26.115+0000] {processor.py:840} INFO - DAG(s) 'example_xcom' retrieved from /home/airflow/.local/lib/python3.12/site-packages/airflow/example_dags/example_xcom.py
[2026-07-24T19:14:26.180+0000] {logging_mixin.py:188} INFO - [2026-07-24T19:14:26.179+0000] {dag.py:3089} INFO - Sync 1 DAGs
[2026-07-24T19:14:26.239+0000] {logging_mixin.py:188} INFO - [2026-07-24T19:14:26.238+0000] {dag.py:3947} INFO - Setting next_dagrun for example_xcom to 2021-01-01 00:00:00+00:00, run_after=2021-01-01 00:00:00+00:00
[2026-07-24T19:14:26.302+0000] {processor.py:183} INFO - Processing /home/airflow/.local/lib/python3.12/site-packages/airflow/example_dags/example_xcom.py took 0.238 seconds
[2026-07-24T19:14:57.190+0000] {processor.py:161} INFO - Started process (PID=17961) to work on /home/airflow/.local/lib/python3.12/site-packages/airflow/example_dags/example_xcom.py
[2026-07-24T19:14:57.193+0000] {processor.py:830} INFO - Processing file /home/airflow/.local/lib/python3.12/site-packages/airflow/example_dags/example_xcom.py for tasks to queue
[2026-07-24T19:14:57.198+0000] {logging_mixin.py:188} INFO - [2026-07-24T19:14:57.197+0000] {dagbag.py:545} INFO - Filling up the DagBag from /home/airflow/.local/lib/python3.12/site-packages/airflow/example_dags/example_xcom.py
[2026-07-24T19:14:57.227+0000] {processor.py:840} INFO - DAG(s) 'example_xcom' retrieved from /home/airflow/.local/lib/python3.12/site-packages/airflow/example_dags/example_xcom.py
[2026-07-24T19:14:57.279+0000] {logging_mixin.py:188} INFO - [2026-07-24T19:14:57.279+0000] {dag.py:3089} INFO - Sync 1 DAGs
[2026-07-24T19:14:57.337+0000] {logging_mixin.py:188} INFO - [2026-07-24T19:14:57.337+0000] {dag.py:3947} INFO - Setting next_dagrun for example_xcom to 2021-01-01 00:00:00+00:00, run_after=2021-01-01 00:00:00+00:00
[2026-07-24T19:14:57.391+0000] {processor.py:183} INFO - Processing /home/airflow/.local/lib/python3.12/site-packages/airflow/example_dags/example_xcom.py took 0.220 seconds
[2026-07-24T19:15:28.358+0000] {processor.py:161} INFO - Started process (PID=18032) to work on /home/airflow/.local/lib/python3.12/site-packages/airflow/example_dags/example_xcom.py
[2026-07-24T19:15:28.362+0000] {processor.py:830} INFO - Processing file /home/airflow/.local/lib/python3.12/site-packages/airflow/example_dags/example_xcom.py for tasks to queue
[2026-07-24T19:15:28.372+0000] {logging_mixin.py:188} INFO - [2026-07-24T19:15:28.371+0000] {dagbag.py:545} INFO - Filling up the DagBag from /home/airflow/.local/lib/python3.12/site-packages/airflow/example_dags/example_xcom.py
[2026-07-24T19:15:28.390+0000] {processor.py:840} INFO - DAG(s) 'example_xcom' retrieved from /home/airflow/.local/lib/python3.12/site-packages/airflow/example_dags/example_xcom.py
[2026-07-24T19:15:28.438+0000] {logging_mixin.py:188} INFO - [2026-07-24T19:15:28.437+0000] {dag.py:3089} INFO - Sync 1 DAGs
[2026-07-24T19:15:28.498+0000] {logging_mixin.py:188} INFO - [2026-07-24T19:15:28.497+0000] {dag.py:3947} INFO - Setting next_dagrun for example_xcom to 2021-01-01 00:00:00+00:00, run_after=2021-01-01 00:00:00+00:00
[2026-07-24T19:15:28.588+0000] {processor.py:183} INFO - Processing /home/airflow/.local/lib/python3.12/site-packages/airflow/example_dags/example_xcom.py took 0.248 seconds
[2026-07-24T19:15:59.035+0000] {processor.py:161} INFO - Started process (PID=18105) to work on /home/airflow/.local/lib/python3.12/site-packages/airflow/example_dags/example_xcom.py
[2026-07-24T19:15:59.039+0000] {processor.py:830} INFO - Processing file /home/airflow/.local/lib/python3.12/site-packages/airflow/example_dags/example_xcom.py for tasks to queue
[2026-07-24T19:15:59.044+0000] {logging_mixin.py:188} INFO - [2026-07-24T19:15:59.044+0000] {dagbag.py:545} INFO - Filling up the DagBag from /home/airflow/.local/lib/python3.12/site-packages/airflow/example_dags/example_xcom.py
[2026-07-24T19:15:59.060+0000] {processor.py:840} INFO - DAG(s) 'example_xcom' retrieved from /home/airflow/.local/lib/python3.12/site-packages/airflow/example_dags/example_xcom.py
[2026-07-24T19:15:59.105+0000] {logging_mixin.py:188} INFO - [2026-07-24T19:15:59.105+0000] {dag.py:3089} INFO - Sync 1 DAGs
[2026-07-24T19:15:59.139+0000] {logging_mixin.py:188} INFO - [2026-07-24T19:15:59.138+0000] {dag.py:3947} INFO - Setting next_dagrun for example_xcom to 2021-01-01 00:00:00+00:00, run_after=2021-01-01 00:00:00+00:00
[2026-07-24T19:15:59.172+0000] {processor.py:183} INFO - Processing /home/airflow/.local/lib/python3.12/site-packages/airflow/example_dags/example_xcom.py took 0.147 seconds
[2026-07-24T19:16:29.279+0000] {processor.py:161} INFO - Started process (PID=18178) to work on /home/airflow/.local/lib/python3.12/site-packages/airflow/example_dags/example_xcom.py
[2026-07-24T19:16:29.281+0000] {processor.py:830} INFO - Processing file /home/airflow/.local/lib/python3.12/site-packages/airflow/example_dags/example_xcom.py for tasks to queue
[2026-07-24T19:16:29.285+0000] {logging_mixin.py:188} INFO - [2026-07-24T19:16:29.284+0000] {dagbag.py:545} INFO - Filling up the DagBag from /home/airflow/.local/lib/python3.12/site-packages/airflow/example_dags/example_xcom.py
[2026-07-24T19:16:29.300+0000] {processor.py:840} INFO - DAG(s) 'example_xcom' retrieved from /home/airflow/.local/lib/python3.12/site-packages/airflow/example_dags/example_xcom.py
[2026-07-24T19:16:29.341+0000] {logging_mixin.py:188} INFO - [2026-07-24T19:16:29.340+0000] {dag.py:3089} INFO - Sync 1 DAGs
[2026-07-24T19:16:29.380+0000] {logging_mixin.py:188} INFO - [2026-07-24T19:16:29.379+0000] {dag.py:3947} INFO - Setting next_dagrun for example_xcom to 2021-01-01 00:00:00+00:00, run_after=2021-01-01 00:00:00+00:00
[2026-07-24T19:16:29.414+0000] {processor.py:183} INFO - Processing /home/airflow/.local/lib/python3.12/site-packages/airflow/example_dags/example_xcom.py took 0.144 seconds
[2026-07-24T19:17:00.683+0000] {processor.py:161} INFO - Started process (PID=18251) to work on /home/airflow/.local/lib/python3.12/site-packages/airflow/example_dags/example_xcom.py
[2026-07-24T19:17:00.685+0000] {processor.py:830} INFO - Processing file /home/airflow/.local/lib/python3.12/site-packages/airflow/example_dags/example_xcom.py for tasks to queue
[2026-07-24T19:17:00.689+0000] {logging_mixin.py:188} INFO - [2026-07-24T19:17:00.688+0000] {dagbag.py:545} INFO - Filling up the DagBag from /home/airflow/.local/lib/python3.12/site-packages/airflow/example_dags/example_xcom.py
[2026-07-24T19:17:00.700+0000] {processor.py:840} INFO - DAG(s) 'example_xcom' retrieved from /home/airflow/.local/lib/python3.12/site-packages/airflow/example_dags/example_xcom.py
[2026-07-24T19:17:00.734+0000] {logging_mixin.py:188} INFO - [2026-07-24T19:17:00.733+0000] {dag.py:3089} INFO - Sync 1 DAGs
[2026-07-24T19:17:00.765+0000] {logging_mixin.py:188} INFO - [2026-07-24T19:17:00.765+0000] {dag.py:3947} INFO - Setting next_dagrun for example_xcom to 2021-01-01 00:00:00+00:00, run_after=2021-01-01 00:00:00+00:00
[2026-07-24T19:17:00.804+0000] {processor.py:183} INFO - Processing /home/airflow/.local/lib/python3.12/site-packages/airflow/example_dags/example_xcom.py took 0.129 seconds
[2026-07-24T19:17:32.171+0000] {processor.py:161} INFO - Started process (PID=18324) to work on /home/airflow/.local/lib/python3.12/site-packages/airflow/example_dags/example_xcom.py
[2026-07-24T19:17:32.173+0000] {processor.py:830} INFO - Processing file /home/airflow/.local/lib/python3.12/site-packages/airflow/example_dags/example_xcom.py for tasks to queue
[2026-07-24T19:17:32.178+0000] {logging_mixin.py:188} INFO - [2026-07-24T19:17:32.177+0000] {dagbag.py:545} INFO - Filling up the DagBag from /home/airflow/.local/lib/python3.12/site-packages/airflow/example_dags/example_xcom.py
[2026-07-24T19:17:32.192+0000] {processor.py:840} INFO - DAG(s) 'example_xcom' retrieved from /home/airflow/.local/lib/python3.12/site-packages/airflow/example_dags/example_xcom.py
[2026-07-24T19:17:32.232+0000] {logging_mixin.py:188} INFO - [2026-07-24T19:17:32.232+0000] {dag.py:3089} INFO - Sync 1 DAGs
[2026-07-24T19:17:32.272+0000] {logging_mixin.py:188} INFO - [2026-07-24T19:17:32.271+0000] {dag.py:3947} INFO - Setting next_dagrun for example_xcom to 2021-01-01 00:00:00+00:00, run_after=2021-01-01 00:00:00+00:00
[2026-07-24T19:17:32.305+0000] {processor.py:183} INFO - Processing /home/airflow/.local/lib/python3.12/site-packages/airflow/example_dags/example_xcom.py took 0.147 seconds
[2026-07-24T19:18:03.199+0000] {processor.py:161} INFO - Started process (PID=18396) to work on /home/airflow/.local/lib/python3.12/site-packages/airflow/example_dags/example_xcom.py
[2026-07-24T19:18:03.202+0000] {processor.py:830} INFO - Processing file /home/airflow/.local/lib/python3.12/site-packages/airflow/example_dags/example_xcom.py for tasks to queue
[2026-07-24T19:18:03.206+0000] {logging_mixin.py:188} INFO - [2026-07-24T19:18:03.205+0000] {dagbag.py:545} INFO - Filling up the DagBag from /home/airflow/.local/lib/python3.12/site-packages/airflow/example_dags/example_xcom.py
[2026-07-24T19:18:03.218+0000] {processor.py:840} INFO - DAG(s) 'example_xcom' retrieved from /home/airflow/.local/lib/python3.12/site-packages/airflow/example_dags/example_xcom.py
[2026-07-24T19:18:03.255+0000] {logging_mixin.py:188} INFO - [2026-07-24T19:18:03.254+0000] {dag.py:3089} INFO - Sync 1 DAGs
[2026-07-24T19:18:03.287+0000] {logging_mixin.py:188} INFO - [2026-07-24T19:18:03.287+0000] {dag.py:3947} INFO - Setting next_dagrun for example_xcom to 2021-01-01 00:00:00+00:00, run_after=2021-01-01 00:00:00+00:00
[2026-07-24T19:18:03.319+0000] {processor.py:183} INFO - Processing /home/airflow/.local/lib/python3.12/site-packages/airflow/example_dags/example_xcom.py took 0.130 seconds
[2026-07-24T19:18:33.606+0000] {processor.py:161} INFO - Started process (PID=18468) to work on /home/airflow/.local/lib/python3.12/site-packages/airflow/example_dags/example_xcom.py
[2026-07-24T19:18:33.609+0000] {processor.py:830} INFO - Processing file /home/airflow/.local/lib/python3.12/site-packages/airflow/example_dags/example_xcom.py for tasks to queue
[2026-07-24T19:18:33.612+0000] {logging_mixin.py:188} INFO - [2026-07-24T19:18:33.612+0000] {dagbag.py:545} INFO - Filling up the DagBag from /home/airflow/.local/lib/python3.12/site-packages/airflow/example_dags/example_xcom.py
[2026-07-24T19:18:33.629+0000] {processor.py:840} INFO - DAG(s) 'example_xcom' retrieved from /home/airflow/.local/lib/python3.12/site-packages/airflow/example_dags/example_xcom.py
[2026-07-24T19:18:33.671+0000] {logging_mixin.py:188} INFO - [2026-07-24T19:18:33.671+0000] {dag.py:3089} INFO - Sync 1 DAGs
[2026-07-24T19:18:33.717+0000] {logging_mixin.py:188} INFO - [2026-07-24T19:18:33.716+0000] {dag.py:3947} INFO - Setting next_dagrun for example_xcom to 2021-01-01 00:00:00+00:00, run_after=2021-01-01 00:00:00+00:00
[2026-07-24T19:18:33.752+0000] {processor.py:183} INFO - Processing /home/airflow/.local/lib/python3.12/site-packages/airflow/example_dags/example_xcom.py took 0.154 seconds
[2026-07-24T19:19:06.880+0000] {processor.py:161} INFO - Started process (PID=18543) to work on /home/airflow/.local/lib/python3.12/site-packages/airflow/example_dags/example_xcom.py
[2026-07-24T19:19:06.883+0000] {processor.py:830} INFO - Processing file /home/airflow/.local/lib/python3.12/site-packages/airflow/example_dags/example_xcom.py for tasks to queue
[2026-07-24T19:19:06.889+0000] {logging_mixin.py:188} INFO - [2026-07-24T19:19:06.888+0000] {dagbag.py:545} INFO - Filling up the DagBag from /home/airflow/.local/lib/python3.12/site-packages/airflow/example_dags/example_xcom.py
[2026-07-24T19:19:06.910+0000] {processor.py:840} INFO - DAG(s) 'example_xcom' retrieved from /home/airflow/.local/lib/python3.12/site-packages/airflow/example_dags/example_xcom.py
[2026-07-24T19:19:06.973+0000] {logging_mixin.py:188} INFO - [2026-07-24T19:19:06.971+0000] {dag.py:3089} INFO - Sync 1 DAGs
[2026-07-24T19:19:07.053+0000] {logging_mixin.py:188} INFO - [2026-07-24T19:19:07.052+0000] {dag.py:3947} INFO - Setting next_dagrun for example_xcom to 2021-01-01 00:00:00+00:00, run_after=2021-01-01 00:00:00+00:00
[2026-07-24T19:19:07.113+0000] {processor.py:183} INFO - Processing /home/airflow/.local/lib/python3.12/site-packages/airflow/example_dags/example_xcom.py took 0.250 seconds
[2026-07-24T19:19:38.185+0000] {processor.py:161} INFO - Started process (PID=18614) to work on /home/airflow/.local/lib/python3.12/site-packages/airflow/example_dags/example_xcom.py
[2026-07-24T19:19:38.189+0000] {processor.py:830} INFO - Processing file /home/airflow/.local/lib/python3.12/site-packages/airflow/example_dags/example_xcom.py for tasks to queue
[2026-07-24T19:19:38.196+0000] {logging_mixin.py:188} INFO - [2026-07-24T19:19:38.195+0000] {dagbag.py:545} INFO - Filling up the DagBag from /home/airflow/.local/lib/python3.12/site-packages/airflow/example_dags/example_xcom.py
[2026-07-24T19:19:38.223+0000] {processor.py:840} INFO - DAG(s) 'example_xcom' retrieved from /home/airflow/.local/lib/python3.12/site-packages/airflow/example_dags/example_xcom.py
[2026-07-24T19:19:38.292+0000] {logging_mixin.py:188} INFO - [2026-07-24T19:19:38.291+0000] {dag.py:3089} INFO - Sync 1 DAGs
[2026-07-24T19:19:38.363+0000] {logging_mixin.py:188} INFO - [2026-07-24T19:19:38.362+0000] {dag.py:3947} INFO - Setting next_dagrun for example_xcom to 2021-01-01 00:00:00+00:00, run_after=2021-01-01 00:00:00+00:00
[2026-07-24T19:19:38.472+0000] {processor.py:183} INFO - Processing /home/airflow/.local/lib/python3.12/site-packages/airflow/example_dags/example_xcom.py took 0.303 seconds
[2026-07-24T19:20:08.753+0000] {processor.py:161} INFO - Started process (PID=18685) to work on /home/airflow/.local/lib/python3.12/site-packages/airflow/example_dags/example_xcom.py
[2026-07-24T19:20:08.756+0000] {processor.py:830} INFO - Processing file /home/airflow/.local/lib/python3.12/site-packages/airflow/example_dags/example_xcom.py for tasks to queue
[2026-07-24T19:20:08.760+0000] {logging_mixin.py:188} INFO - [2026-07-24T19:20:08.760+0000] {dagbag.py:545} INFO - Filling up the DagBag from /home/airflow/.local/lib/python3.12/site-packages/airflow/example_dags/example_xcom.py
[2026-07-24T19:20:08.774+0000] {processor.py:840} INFO - DAG(s) 'example_xcom' retrieved from /home/airflow/.local/lib/python3.12/site-packages/airflow/example_dags/example_xcom.py
[2026-07-24T19:20:08.825+0000] {logging_mixin.py:188} INFO - [2026-07-24T19:20:08.824+0000] {dag.py:3089} INFO - Sync 1 DAGs
[2026-07-24T19:20:08.869+0000] {logging_mixin.py:188} INFO - [2026-07-24T19:20:08.869+0000] {dag.py:3947} INFO - Setting next_dagrun for example_xcom to 2021-01-01 00:00:00+00:00, run_after=2021-01-01 00:00:00+00:00
[2026-07-24T19:20:08.928+0000] {processor.py:183} INFO - Processing /home/airflow/.local/lib/python3.12/site-packages/airflow/example_dags/example_xcom.py took 0.184 seconds
[2026-07-24T19:20:39.256+0000] {processor.py:161} INFO - Started process (PID=18758) to work on /home/airflow/.local/lib/python3.12/site-packages/airflow/example_dags/example_xcom.py
[2026-07-24T19:20:39.260+0000] {processor.py:830} INFO - Processing file /home/airflow/.local/lib/python3.12/site-packages/airflow/example_dags/example_xcom.py for tasks to queue
[2026-07-24T19:20:39.267+0000] {logging_mixin.py:188} INFO - [2026-07-24T19:20:39.266+0000] {dagbag.py:545} INFO - Filling up the DagBag from /home/airflow/.local/lib/python3.12/site-packages/airflow/example_dags/example_xcom.py
[2026-07-24T19:20:39.298+0000] {processor.py:840} INFO - DAG(s) 'example_xcom' retrieved from /home/airflow/.local/lib/python3.12/site-packages/airflow/example_dags/example_xcom.py
[2026-07-24T19:20:39.360+0000] {logging_mixin.py:188} INFO - [2026-07-24T19:20:39.360+0000] {dag.py:3089} INFO - Sync 1 DAGs
[2026-07-24T19:20:39.411+0000] {logging_mixin.py:188} INFO - [2026-07-24T19:20:39.411+0000] {dag.py:3947} INFO - Setting next_dagrun for example_xcom to 2021-01-01 00:00:00+00:00, run_after=2021-01-01 00:00:00+00:00
[2026-07-24T19:20:39.461+0000] {processor.py:183} INFO - Processing /home/airflow/.local/lib/python3.12/site-packages/airflow/example_dags/example_xcom.py took 0.225 seconds
[2026-07-24T19:21:09.625+0000] {processor.py:161} INFO - Started process (PID=18831) to work on /home/airflow/.local/lib/python3.12/site-packages/airflow/example_dags/example_xcom.py
[2026-07-24T19:21:09.628+0000] {processor.py:830} INFO - Processing file /home/airflow/.local/lib/python3.12/site-packages/airflow/example_dags/example_xcom.py for tasks to queue
[2026-07-24T19:21:09.633+0000] {logging_mixin.py:188} INFO - [2026-07-24T19:21:09.632+0000] {dagbag.py:545} INFO - Filling up the DagBag from /home/airflow/.local/lib/python3.12/site-packages/airflow/example_dags/example_xcom.py
[2026-07-24T19:21:09.649+0000] {processor.py:840} INFO - DAG(s) 'example_xcom' retrieved from /home/airflow/.local/lib/python3.12/site-packages/airflow/example_dags/example_xcom.py
[2026-07-24T19:21:09.692+0000] {logging_mixin.py:188} INFO - [2026-07-24T19:21:09.692+0000] {dag.py:3089} INFO - Sync 1 DAGs
[2026-07-24T19:21:09.730+0000] {logging_mixin.py:188} INFO - [2026-07-24T19:21:09.729+0000] {dag.py:3947} INFO - Setting next_dagrun for example_xcom to 2021-01-01 00:00:00+00:00, run_after=2021-01-01 00:00:00+00:00
[2026-07-24T19:21:09.773+0000] {processor.py:183} INFO - Processing /home/airflow/.local/lib/python3.12/site-packages/airflow/example_dags/example_xcom.py took 0.160 seconds
[2026-07-24T19:21:40.664+0000] {processor.py:161} INFO - Started process (PID=18904) to work on /home/airflow/.local/lib/python3.12/site-packages/airflow/example_dags/example_xcom.py
[2026-07-24T19:21:40.669+0000] {processor.py:830} INFO - Processing file /home/airflow/.local/lib/python3.12/site-packages/airflow/example_dags/example_xcom.py for tasks to queue
[2026-07-24T19:21:40.677+0000] {logging_mixin.py:188} INFO - [2026-07-24T19:21:40.675+0000] {dagbag.py:545} INFO - Filling up the DagBag from /home/airflow/.local/lib/python3.12/site-packages/airflow/example_dags/example_xcom.py
[2026-07-24T19:21:40.720+0000] {processor.py:840} INFO - DAG(s) 'example_xcom' retrieved from /home/airflow/.local/lib/python3.12/site-packages/airflow/example_dags/example_xcom.py
[2026-07-24T19:21:40.853+0000] {logging_mixin.py:188} INFO - [2026-07-24T19:21:40.852+0000] {dag.py:3089} INFO - Sync 1 DAGs
[2026-07-24T19:21:40.943+0000] {logging_mixin.py:188} INFO - [2026-07-24T19:21:40.942+0000] {dag.py:3947} INFO - Setting next_dagrun for example_xcom to 2021-01-01 00:00:00+00:00, run_after=2021-01-01 00:00:00+00:00
[2026-07-24T19:21:41.011+0000] {processor.py:183} INFO - Processing /home/airflow/.local/lib/python3.12/site-packages/airflow/example_dags/example_xcom.py took 0.366 seconds
[2026-07-24T19:22:12.081+0000] {processor.py:161} INFO - Started process (PID=18977) to work on /home/airflow/.local/lib/python3.12/site-packages/airflow/example_dags/example_xcom.py
[2026-07-24T19:22:12.084+0000] {processor.py:830} INFO - Processing file /home/airflow/.local/lib/python3.12/site-packages/airflow/example_dags/example_xcom.py for tasks to queue
[2026-07-24T19:22:12.090+0000] {logging_mixin.py:188} INFO - [2026-07-24T19:22:12.089+0000] {dagbag.py:545} INFO - Filling up the DagBag from /home/airflow/.local/lib/python3.12/site-packages/airflow/example_dags/example_xcom.py
[2026-07-24T19:22:12.107+0000] {processor.py:840} INFO - DAG(s) 'example_xcom' retrieved from /home/airflow/.local/lib/python3.12/site-packages/airflow/example_dags/example_xcom.py
[2026-07-24T19:22:12.142+0000] {logging_mixin.py:188} INFO - [2026-07-24T19:22:12.142+0000] {dag.py:3089} INFO - Sync 1 DAGs
[2026-07-24T19:22:12.181+0000] {logging_mixin.py:188} INFO - [2026-07-24T19:22:12.180+0000] {dag.py:3947} INFO - Setting next_dagrun for example_xcom to 2021-01-01 00:00:00+00:00, run_after=2021-01-01 00:00:00+00:00
[2026-07-24T19:22:12.214+0000] {processor.py:183} INFO - Processing /home/airflow/.local/lib/python3.12/site-packages/airflow/example_dags/example_xcom.py took 0.143 seconds
[2026-07-24T19:22:42.587+0000] {processor.py:161} INFO - Started process (PID=19050) to work on /home/airflow/.local/lib/python3.12/site-packages/airflow/example_dags/example_xcom.py
[2026-07-24T19:22:42.589+0000] {processor.py:830} INFO - Processing file /home/airflow/.local/lib/python3.12/site-packages/airflow/example_dags/example_xcom.py for tasks to queue
[2026-07-24T19:22:42.592+0000] {logging_mixin.py:188} INFO - [2026-07-24T19:22:42.592+0000] {dagbag.py:545} INFO - Filling up the DagBag from /home/airflow/.local/lib/python3.12/site-packages/airflow/example_dags/example_xcom.py
[2026-07-24T19:22:42.604+0000] {processor.py:840} INFO - DAG(s) 'example_xcom' retrieved from /home/airflow/.local/lib/python3.12/site-packages/airflow/example_dags/example_xcom.py
[2026-07-24T19:22:42.636+0000] {logging_mixin.py:188} INFO - [2026-07-24T19:22:42.636+0000] {dag.py:3089} INFO - Sync 1 DAGs
[2026-07-24T19:22:42.665+0000] {logging_mixin.py:188} INFO - [2026-07-24T19:22:42.665+0000] {dag.py:3947} INFO - Setting next_dagrun for example_xcom to 2021-01-01 00:00:00+00:00, run_after=2021-01-01 00:00:00+00:00
[2026-07-24T19:22:42.694+0000] {processor.py:183} INFO - Processing /home/airflow/.local/lib/python3.12/site-packages/airflow/example_dags/example_xcom.py took 0.115 seconds
[2026-07-24T19:23:13.606+0000] {processor.py:161} INFO - Started process (PID=19123) to work on /home/airflow/.local/lib/python3.12/site-packages/airflow/example_dags/example_xcom.py
[2026-07-24T19:23:13.609+0000] {processor.py:830} INFO - Processing file /home/airflow/.local/lib/python3.12/site-packages/airflow/example_dags/example_xcom.py for tasks to queue
[2026-07-24T19:23:13.614+0000] {logging_mixin.py:188} INFO - [2026-07-24T19:23:13.613+0000] {dagbag.py:545} INFO - Filling up the DagBag from /home/airflow/.local/lib/python3.12/site-packages/airflow/example_dags/example_xcom.py
[2026-07-24T19:23:13.634+0000] {processor.py:840} INFO - DAG(s) 'example_xcom' retrieved from /home/airflow/.local/lib/python3.12/site-packages/airflow/example_dags/example_xcom.py
[2026-07-24T19:23:13.688+0000] {logging_mixin.py:188} INFO - [2026-07-24T19:23:13.687+0000] {dag.py:3089} INFO - Sync 1 DAGs
[2026-07-24T19:23:13.735+0000] {logging_mixin.py:188} INFO - [2026-07-24T19:23:13.734+0000] {dag.py:3947} INFO - Setting next_dagrun for example_xcom to 2021-01-01 00:00:00+00:00, run_after=2021-01-01 00:00:00+00:00
[2026-07-24T19:23:13.781+0000] {processor.py:183} INFO - Processing /home/airflow/.local/lib/python3.12/site-packages/airflow/example_dags/example_xcom.py took 0.187 seconds
[2026-07-24T19:23:44.247+0000] {processor.py:161} INFO - Started process (PID=19197) to work on /home/airflow/.local/lib/python3.12/site-packages/airflow/example_dags/example_xcom.py
[2026-07-24T19:23:44.255+0000] {processor.py:830} INFO - Processing file /home/airflow/.local/lib/python3.12/site-packages/airflow/example_dags/example_xcom.py for tasks to queue
[2026-07-24T19:23:44.265+0000] {logging_mixin.py:188} INFO - [2026-07-24T19:23:44.263+0000] {dagbag.py:545} INFO - Filling up the DagBag from /home/airflow/.local/lib/python3.12/site-packages/airflow/example_dags/example_xcom.py
[2026-07-24T19:23:44.295+0000] {processor.py:840} INFO - DAG(s) 'example_xcom' retrieved from /home/airflow/.local/lib/python3.12/site-packages/airflow/example_dags/example_xcom.py
[2026-07-24T19:23:44.362+0000] {logging_mixin.py:188} INFO - [2026-07-24T19:23:44.361+0000] {dag.py:3089} INFO - Sync 1 DAGs
[2026-07-24T19:23:44.433+0000] {logging_mixin.py:188} INFO - [2026-07-24T19:23:44.432+0000] {dag.py:3947} INFO - Setting next_dagrun for example_xcom to 2021-01-01 00:00:00+00:00, run_after=2021-01-01 00:00:00+00:00
[2026-07-24T19:23:44.484+0000] {processor.py:183} INFO - Processing /home/airflow/.local/lib/python3.12/site-packages/airflow/example_dags/example_xcom.py took 0.253 seconds
[2026-07-24T19:24:15.123+0000] {processor.py:161} INFO - Started process (PID=19271) to work on /home/airflow/.local/lib/python3.12/site-packages/airflow/example_dags/example_xcom.py
[2026-07-24T19:24:15.128+0000] {processor.py:830} INFO - Processing file /home/airflow/.local/lib/python3.12/site-packages/airflow/example_dags/example_xcom.py for tasks to queue
[2026-07-24T19:24:15.134+0000] {logging_mixin.py:188} INFO - [2026-07-24T19:24:15.134+0000] {dagbag.py:545} INFO - Filling up the DagBag from /home/airflow/.local/lib/python3.12/site-packages/airflow/example_dags/example_xcom.py
[2026-07-24T19:24:15.156+0000] {processor.py:840} INFO - DAG(s) 'example_xcom' retrieved from /home/airflow/.local/lib/python3.12/site-packages/airflow/example_dags/example_xcom.py
[2026-07-24T19:24:15.206+0000] {logging_mixin.py:188} INFO - [2026-07-24T19:24:15.205+0000] {dag.py:3089} INFO - Sync 1 DAGs
[2026-07-24T19:24:15.268+0000] {logging_mixin.py:188} INFO - [2026-07-24T19:24:15.267+0000] {dag.py:3947} INFO - Setting next_dagrun for example_xcom to 2021-01-01 00:00:00+00:00, run_after=2021-01-01 00:00:00+00:00
[2026-07-24T19:24:15.347+0000] {processor.py:183} INFO - Processing /home/airflow/.local/lib/python3.12/site-packages/airflow/example_dags/example_xcom.py took 0.235 seconds
[2026-07-24T19:24:45.789+0000] {processor.py:161} INFO - Started process (PID=19344) to work on /home/airflow/.local/lib/python3.12/site-packages/airflow/example_dags/example_xcom.py
[2026-07-24T19:24:45.793+0000] {processor.py:830} INFO - Processing file /home/airflow/.local/lib/python3.12/site-packages/airflow/example_dags/example_xcom.py for tasks to queue
[2026-07-24T19:24:45.801+0000] {logging_mixin.py:188} INFO - [2026-07-24T19:24:45.800+0000] {dagbag.py:545} INFO - Filling up the DagBag from /home/airflow/.local/lib/python3.12/site-packages/airflow/example_dags/example_xcom.py
[2026-07-24T19:24:45.829+0000] {processor.py:840} INFO - DAG(s) 'example_xcom' retrieved from /home/airflow/.local/lib/python3.12/site-packages/airflow/example_dags/example_xcom.py
[2026-07-24T19:24:45.883+0000] {logging_mixin.py:188} INFO - [2026-07-24T19:24:45.882+0000] {dag.py:3089} INFO - Sync 1 DAGs
[2026-07-24T19:24:45.934+0000] {logging_mixin.py:188} INFO - [2026-07-24T19:24:45.933+0000] {dag.py:3947} INFO - Setting next_dagrun for example_xcom to 2021-01-01 00:00:00+00:00, run_after=2021-01-01 00:00:00+00:00
[2026-07-24T19:24:46.006+0000] {processor.py:183} INFO - Processing /home/airflow/.local/lib/python3.12/site-packages/airflow/example_dags/example_xcom.py took 0.236 seconds
[2026-07-24T19:25:16.474+0000] {processor.py:161} INFO - Started process (PID=19418) to work on /home/airflow/.local/lib/python3.12/site-packages/airflow/example_dags/example_xcom.py
[2026-07-24T19:25:16.477+0000] {processor.py:830} INFO - Processing file /home/airflow/.local/lib/python3.12/site-packages/airflow/example_dags/example_xcom.py for tasks to queue
[2026-07-24T19:25:16.482+0000] {logging_mixin.py:188} INFO - [2026-07-24T19:25:16.481+0000] {dagbag.py:545} INFO - Filling up the DagBag from /home/airflow/.local/lib/python3.12/site-packages/airflow/example_dags/example_xcom.py
[2026-07-24T19:25:16.503+0000] {processor.py:840} INFO - DAG(s) 'example_xcom' retrieved from /home/airflow/.local/lib/python3.12/site-packages/airflow/example_dags/example_xcom.py
[2026-07-24T19:25:16.553+0000] {logging_mixin.py:188} INFO - [2026-07-24T19:25:16.553+0000] {dag.py:3089} INFO - Sync 1 DAGs
[2026-07-24T19:25:16.609+0000] {logging_mixin.py:188} INFO - [2026-07-24T19:25:16.608+0000] {dag.py:3947} INFO - Setting next_dagrun for example_xcom to 2021-01-01 00:00:00+00:00, run_after=2021-01-01 00:00:00+00:00
[2026-07-24T19:25:16.650+0000] {processor.py:183} INFO - Processing /home/airflow/.local/lib/python3.12/site-packages/airflow/example_dags/example_xcom.py took 0.189 seconds
[2026-07-24T19:25:46.888+0000] {processor.py:161} INFO - Started process (PID=19484) to work on /home/airflow/.local/lib/python3.12/site-packages/airflow/example_dags/example_xcom.py
[2026-07-24T19:25:46.890+0000] {processor.py:830} INFO - Processing file /home/airflow/.local/lib/python3.12/site-packages/airflow/example_dags/example_xcom.py for tasks to queue
[2026-07-24T19:25:46.896+0000] {logging_mixin.py:188} INFO - [2026-07-24T19:25:46.895+0000] {dagbag.py:545} INFO - Filling up the DagBag from /home/airflow/.local/lib/python3.12/site-packages/airflow/example_dags/example_xcom.py
[2026-07-24T19:25:46.917+0000] {processor.py:840} INFO - DAG(s) 'example_xcom' retrieved from /home/airflow/.local/lib/python3.12/site-packages/airflow/example_dags/example_xcom.py
[2026-07-24T19:25:46.960+0000] {logging_mixin.py:188} INFO - [2026-07-24T19:25:46.960+0000] {dag.py:3089} INFO - Sync 1 DAGs
[2026-07-24T19:25:47.089+0000] {logging_mixin.py:188} INFO - [2026-07-24T19:25:47.089+0000] {dag.py:3947} INFO - Setting next_dagrun for example_xcom to 2021-01-01 00:00:00+00:00, run_after=2021-01-01 00:00:00+00:00
[2026-07-24T19:25:47.143+0000] {processor.py:183} INFO - Processing /home/airflow/.local/lib/python3.12/site-packages/airflow/example_dags/example_xcom.py took 0.265 seconds
[2026-07-24T19:26:17.389+0000] {processor.py:161} INFO - Started process (PID=19558) to work on /home/airflow/.local/lib/python3.12/site-packages/airflow/example_dags/example_xcom.py
[2026-07-24T19:26:17.392+0000] {processor.py:830} INFO - Processing file /home/airflow/.local/lib/python3.12/site-packages/airflow/example_dags/example_xcom.py for tasks to queue
[2026-07-24T19:26:17.396+0000] {logging_mixin.py:188} INFO - [2026-07-24T19:26:17.395+0000] {dagbag.py:545} INFO - Filling up the DagBag from /home/airflow/.local/lib/python3.12/site-packages/airflow/example_dags/example_xcom.py
[2026-07-24T19:26:17.417+0000] {processor.py:840} INFO - DAG(s) 'example_xcom' retrieved from /home/airflow/.local/lib/python3.12/site-packages/airflow/example_dags/example_xcom.py
[2026-07-24T19:26:17.454+0000] {logging_mixin.py:188} INFO - [2026-07-24T19:26:17.454+0000] {dag.py:3089} INFO - Sync 1 DAGs
[2026-07-24T19:26:17.485+0000] {logging_mixin.py:188} INFO - [2026-07-24T19:26:17.485+0000] {dag.py:3947} INFO - Setting next_dagrun for example_xcom to 2021-01-01 00:00:00+00:00, run_after=2021-01-01 00:00:00+00:00
[2026-07-24T19:26:17.516+0000] {processor.py:183} INFO - Processing /home/airflow/.local/lib/python3.12/site-packages/airflow/example_dags/example_xcom.py took 0.135 seconds
[2026-07-24T19:26:47.975+0000] {processor.py:161} INFO - Started process (PID=19631) to work on /home/airflow/.local/lib/python3.12/site-packages/airflow/example_dags/example_xcom.py
[2026-07-24T19:26:47.980+0000] {processor.py:830} INFO - Processing file /home/airflow/.local/lib/python3.12/site-packages/airflow/example_dags/example_xcom.py for tasks to queue
[2026-07-24T19:26:47.986+0000] {logging_mixin.py:188} INFO - [2026-07-24T19:26:47.985+0000] {dagbag.py:545} INFO - Filling up the DagBag from /home/airflow/.local/lib/python3.12/site-packages/airflow/example_dags/example_xcom.py
[2026-07-24T19:26:48.005+0000] {processor.py:840} INFO - DAG(s) 'example_xcom' retrieved from /home/airflow/.local/lib/python3.12/site-packages/airflow/example_dags/example_xcom.py
[2026-07-24T19:26:48.061+0000] {logging_mixin.py:188} INFO - [2026-07-24T19:26:48.060+0000] {dag.py:3089} INFO - Sync 1 DAGs
[2026-07-24T19:26:48.129+0000] {logging_mixin.py:188} INFO - [2026-07-24T19:26:48.128+0000] {dag.py:3947} INFO - Setting next_dagrun for example_xcom to 2021-01-01 00:00:00+00:00, run_after=2021-01-01 00:00:00+00:00
[2026-07-24T19:26:48.194+0000] {processor.py:183} INFO - Processing /home/airflow/.local/lib/python3.12/site-packages/airflow/example_dags/example_xcom.py took 0.233 seconds
[2026-07-24T19:27:18.596+0000] {processor.py:161} INFO - Started process (PID=19704) to work on /home/airflow/.local/lib/python3.12/site-packages/airflow/example_dags/example_xcom.py
[2026-07-24T19:27:18.607+0000] {processor.py:830} INFO - Processing file /home/airflow/.local/lib/python3.12/site-packages/airflow/example_dags/example_xcom.py for tasks to queue
[2026-07-24T19:27:18.622+0000] {logging_mixin.py:188} INFO - [2026-07-24T19:27:18.621+0000] {dagbag.py:545} INFO - Filling up the DagBag from /home/airflow/.local/lib/python3.12/site-packages/airflow/example_dags/example_xcom.py
[2026-07-24T19:27:18.669+0000] {processor.py:840} INFO - DAG(s) 'example_xcom' retrieved from /home/airflow/.local/lib/python3.12/site-packages/airflow/example_dags/example_xcom.py
[2026-07-24T19:27:18.748+0000] {logging_mixin.py:188} INFO - [2026-07-24T19:27:18.747+0000] {dag.py:3089} INFO - Sync 1 DAGs
[2026-07-24T19:27:18.811+0000] {logging_mixin.py:188} INFO - [2026-07-24T19:27:18.810+0000] {dag.py:3947} INFO - Setting next_dagrun for example_xcom to 2021-01-01 00:00:00+00:00, run_after=2021-01-01 00:00:00+00:00
[2026-07-24T19:27:18.866+0000] {processor.py:183} INFO - Processing /home/airflow/.local/lib/python3.12/site-packages/airflow/example_dags/example_xcom.py took 0.319 seconds
[2026-07-24T19:27:49.489+0000] {processor.py:161} INFO - Started process (PID=19777) to work on /home/airflow/.local/lib/python3.12/site-packages/airflow/example_dags/example_xcom.py
[2026-07-24T19:27:49.493+0000] {processor.py:830} INFO - Processing file /home/airflow/.local/lib/python3.12/site-packages/airflow/example_dags/example_xcom.py for tasks to queue
[2026-07-24T19:27:49.500+0000] {logging_mixin.py:188} INFO - [2026-07-24T19:27:49.499+0000] {dagbag.py:545} INFO - Filling up the DagBag from /home/airflow/.local/lib/python3.12/site-packages/airflow/example_dags/example_xcom.py
[2026-07-24T19:27:49.528+0000] {processor.py:840} INFO - DAG(s) 'example_xcom' retrieved from /home/airflow/.local/lib/python3.12/site-packages/airflow/example_dags/example_xcom.py
[2026-07-24T19:27:49.587+0000] {logging_mixin.py:188} INFO - [2026-07-24T19:27:49.586+0000] {dag.py:3089} INFO - Sync 1 DAGs
[2026-07-24T19:27:49.636+0000] {logging_mixin.py:188} INFO - [2026-07-24T19:27:49.635+0000] {dag.py:3947} INFO - Setting next_dagrun for example_xcom to 2021-01-01 00:00:00+00:00, run_after=2021-01-01 00:00:00+00:00
[2026-07-24T19:27:49.685+0000] {processor.py:183} INFO - Processing /home/airflow/.local/lib/python3.12/site-packages/airflow/example_dags/example_xcom.py took 0.214 seconds
[2026-07-24T19:28:19.816+0000] {processor.py:161} INFO - Started process (PID=19850) to work on /home/airflow/.local/lib/python3.12/site-packages/airflow/example_dags/example_xcom.py
[2026-07-24T19:28:19.819+0000] {processor.py:830} INFO - Processing file /home/airflow/.local/lib/python3.12/site-packages/airflow/example_dags/example_xcom.py for tasks to queue
[2026-07-24T19:28:19.824+0000] {logging_mixin.py:188} INFO - [2026-07-24T19:28:19.823+0000] {dagbag.py:545} INFO - Filling up the DagBag from /home/airflow/.local/lib/python3.12/site-packages/airflow/example_dags/example_xcom.py
[2026-07-24T19:28:19.837+0000] {processor.py:840} INFO - DAG(s) 'example_xcom' retrieved from /home/airflow/.local/lib/python3.12/site-packages/airflow/example_dags/example_xcom.py
[2026-07-24T19:28:19.876+0000] {logging_mixin.py:188} INFO - [2026-07-24T19:28:19.876+0000] {dag.py:3089} INFO - Sync 1 DAGs
[2026-07-24T19:28:19.947+0000] {logging_mixin.py:188} INFO - [2026-07-24T19:28:19.946+0000] {dag.py:3947} INFO - Setting next_dagrun for example_xcom to 2021-01-01 00:00:00+00:00, run_after=2021-01-01 00:00:00+00:00
[2026-07-24T19:28:20.012+0000] {processor.py:183} INFO - Processing /home/airflow/.local/lib/python3.12/site-packages/airflow/example_dags/example_xcom.py took 0.205 seconds
[2026-07-24T19:28:50.341+0000] {processor.py:161} INFO - Started process (PID=19923) to work on /home/airflow/.local/lib/python3.12/site-packages/airflow/example_dags/example_xcom.py
[2026-07-24T19:28:50.344+0000] {processor.py:830} INFO - Processing file /home/airflow/.local/lib/python3.12/site-packages/airflow/example_dags/example_xcom.py for tasks to queue
[2026-07-24T19:28:50.349+0000] {logging_mixin.py:188} INFO - [2026-07-24T19:28:50.348+0000] {dagbag.py:545} INFO - Filling up the DagBag from /home/airflow/.local/lib/python3.12/site-packages/airflow/example_dags/example_xcom.py
[2026-07-24T19:28:50.366+0000] {processor.py:840} INFO - DAG(s) 'example_xcom' retrieved from /home/airflow/.local/lib/python3.12/site-packages/airflow/example_dags/example_xcom.py
[2026-07-24T19:28:50.424+0000] {logging_mixin.py:188} INFO - [2026-07-24T19:28:50.423+0000] {dag.py:3089} INFO - Sync 1 DAGs
[2026-07-24T19:28:50.475+0000] {logging_mixin.py:188} INFO - [2026-07-24T19:28:50.475+0000] {dag.py:3947} INFO - Setting next_dagrun for example_xcom to 2021-01-01 00:00:00+00:00, run_after=2021-01-01 00:00:00+00:00
[2026-07-24T19:28:50.532+0000] {processor.py:183} INFO - Processing /home/airflow/.local/lib/python3.12/site-packages/airflow/example_dags/example_xcom.py took 0.205 seconds
[2026-07-24T19:29:20.880+0000] {processor.py:161} INFO - Started process (PID=19998) to work on /home/airflow/.local/lib/python3.12/site-packages/airflow/example_dags/example_xcom.py
[2026-07-24T19:29:20.883+0000] {processor.py:830} INFO - Processing file /home/airflow/.local/lib/python3.12/site-packages/airflow/example_dags/example_xcom.py for tasks to queue
[2026-07-24T19:29:20.888+0000] {logging_mixin.py:188} INFO - [2026-07-24T19:29:20.888+0000] {dagbag.py:545} INFO - Filling up the DagBag from /home/airflow/.local/lib/python3.12/site-packages/airflow/example_dags/example_xcom.py
[2026-07-24T19:29:20.904+0000] {processor.py:840} INFO - DAG(s) 'example_xcom' retrieved from /home/airflow/.local/lib/python3.12/site-packages/airflow/example_dags/example_xcom.py
[2026-07-24T19:29:20.973+0000] {logging_mixin.py:188} INFO - [2026-07-24T19:29:20.973+0000] {dag.py:3089} INFO - Sync 1 DAGs
[2026-07-24T19:29:21.061+0000] {logging_mixin.py:188} INFO - [2026-07-24T19:29:21.060+0000] {dag.py:3947} INFO - Setting next_dagrun for example_xcom to 2021-01-01 00:00:00+00:00, run_after=2021-01-01 00:00:00+00:00
[2026-07-24T19:29:21.122+0000] {processor.py:183} INFO - Processing /home/airflow/.local/lib/python3.12/site-packages/airflow/example_dags/example_xcom.py took 0.253 seconds
[2026-07-24T19:29:52.547+0000] {processor.py:161} INFO - Started process (PID=20078) to work on /home/airflow/.local/lib/python3.12/site-packages/airflow/example_dags/example_xcom.py
[2026-07-24T19:29:52.549+0000] {processor.py:830} INFO - Processing file /home/airflow/.local/lib/python3.12/site-packages/airflow/example_dags/example_xcom.py for tasks to queue
[2026-07-24T19:29:52.553+0000] {logging_mixin.py:188} INFO - [2026-07-24T19:29:52.553+0000] {dagbag.py:545} INFO - Filling up the DagBag from /home/airflow/.local/lib/python3.12/site-packages/airflow/example_dags/example_xcom.py
[2026-07-24T19:29:52.570+0000] {processor.py:840} INFO - DAG(s) 'example_xcom' retrieved from /home/airflow/.local/lib/python3.12/site-packages/airflow/example_dags/example_xcom.py
[2026-07-24T19:29:52.608+0000] {logging_mixin.py:188} INFO - [2026-07-24T19:29:52.608+0000] {dag.py:3089} INFO - Sync 1 DAGs
[2026-07-24T19:29:52.641+0000] {logging_mixin.py:188} INFO - [2026-07-24T19:29:52.641+0000] {dag.py:3947} INFO - Setting next_dagrun for example_xcom to 2021-01-01 00:00:00+00:00, run_after=2021-01-01 00:00:00+00:00
[2026-07-24T19:29:52.677+0000] {processor.py:183} INFO - Processing /home/airflow/.local/lib/python3.12/site-packages/airflow/example_dags/example_xcom.py took 0.141 seconds
[2026-07-24T19:30:23.067+0000] {processor.py:161} INFO - Started process (PID=20148) to work on /home/airflow/.local/lib/python3.12/site-packages/airflow/example_dags/example_xcom.py
[2026-07-24T19:30:23.071+0000] {processor.py:830} INFO - Processing file /home/airflow/.local/lib/python3.12/site-packages/airflow/example_dags/example_xcom.py for tasks to queue
[2026-07-24T19:30:23.082+0000] {logging_mixin.py:188} INFO - [2026-07-24T19:30:23.078+0000] {dagbag.py:545} INFO - Filling up the DagBag from /home/airflow/.local/lib/python3.12/site-packages/airflow/example_dags/example_xcom.py
[2026-07-24T19:30:23.102+0000] {processor.py:840} INFO - DAG(s) 'example_xcom' retrieved from /home/airflow/.local/lib/python3.12/site-packages/airflow/example_dags/example_xcom.py
[2026-07-24T19:30:23.155+0000] {logging_mixin.py:188} INFO - [2026-07-24T19:30:23.154+0000] {dag.py:3089} INFO - Sync 1 DAGs
[2026-07-24T19:30:23.209+0000] {logging_mixin.py:188} INFO - [2026-07-24T19:30:23.209+0000] {dag.py:3947} INFO - Setting next_dagrun for example_xcom to 2021-01-01 00:00:00+00:00, run_after=2021-01-01 00:00:00+00:00
[2026-07-24T19:30:23.266+0000] {processor.py:183} INFO - Processing /home/airflow/.local/lib/python3.12/site-packages/airflow/example_dags/example_xcom.py took 0.212 seconds
[2026-07-24T19:30:53.504+0000] {processor.py:161} INFO - Started process (PID=20213) to work on /home/airflow/.local/lib/python3.12/site-packages/airflow/example_dags/example_xcom.py
[2026-07-24T19:30:53.506+0000] {processor.py:830} INFO - Processing file /home/airflow/.local/lib/python3.12/site-packages/airflow/example_dags/example_xcom.py for tasks to queue
[2026-07-24T19:30:53.510+0000] {logging_mixin.py:188} INFO - [2026-07-24T19:30:53.509+0000] {dagbag.py:545} INFO - Filling up the DagBag from /home/airflow/.local/lib/python3.12/site-packages/airflow/example_dags/example_xcom.py
[2026-07-24T19:30:53.523+0000] {processor.py:840} INFO - DAG(s) 'example_xcom' retrieved from /home/airflow/.local/lib/python3.12/site-packages/airflow/example_dags/example_xcom.py
[2026-07-24T19:30:53.554+0000] {logging_mixin.py:188} INFO - [2026-07-24T19:30:53.554+0000] {dag.py:3089} INFO - Sync 1 DAGs
[2026-07-24T19:30:53.584+0000] {logging_mixin.py:188} INFO - [2026-07-24T19:30:53.583+0000] {dag.py:3947} INFO - Setting next_dagrun for example_xcom to 2021-01-01 00:00:00+00:00, run_after=2021-01-01 00:00:00+00:00
[2026-07-24T19:30:53.612+0000] {processor.py:183} INFO - Processing /home/airflow/.local/lib/python3.12/site-packages/airflow/example_dags/example_xcom.py took 0.117 seconds
[2026-07-24T19:31:24.016+0000] {processor.py:161} INFO - Started process (PID=20286) to work on /home/airflow/.local/lib/python3.12/site-packages/airflow/example_dags/example_xcom.py
[2026-07-24T19:31:24.019+0000] {processor.py:830} INFO - Processing file /home/airflow/.local/lib/python3.12/site-packages/airflow/example_dags/example_xcom.py for tasks to queue
[2026-07-24T19:31:24.024+0000] {logging_mixin.py:188} INFO - [2026-07-24T19:31:24.023+0000] {dagbag.py:545} INFO - Filling up the DagBag from /home/airflow/.local/lib/python3.12/site-packages/airflow/example_dags/example_xcom.py
[2026-07-24T19:31:24.037+0000] {processor.py:840} INFO - DAG(s) 'example_xcom' retrieved from /home/airflow/.local/lib/python3.12/site-packages/airflow/example_dags/example_xcom.py
[2026-07-24T19:31:24.077+0000] {logging_mixin.py:188} INFO - [2026-07-24T19:31:24.076+0000] {dag.py:3089} INFO - Sync 1 DAGs
[2026-07-24T19:31:24.108+0000] {logging_mixin.py:188} INFO - [2026-07-24T19:31:24.108+0000] {dag.py:3947} INFO - Setting next_dagrun for example_xcom to 2021-01-01 00:00:00+00:00, run_after=2021-01-01 00:00:00+00:00
[2026-07-24T19:31:24.161+0000] {processor.py:183} INFO - Processing /home/airflow/.local/lib/python3.12/site-packages/airflow/example_dags/example_xcom.py took 0.152 seconds
[2026-07-24T19:31:54.784+0000] {processor.py:161} INFO - Started process (PID=20366) to work on /home/airflow/.local/lib/python3.12/site-packages/airflow/example_dags/example_xcom.py
[2026-07-24T19:31:54.786+0000] {processor.py:830} INFO - Processing file /home/airflow/.local/lib/python3.12/site-packages/airflow/example_dags/example_xcom.py for tasks to queue
[2026-07-24T19:31:54.790+0000] {logging_mixin.py:188} INFO - [2026-07-24T19:31:54.790+0000] {dagbag.py:545} INFO - Filling up the DagBag from /home/airflow/.local/lib/python3.12/site-packages/airflow/example_dags/example_xcom.py
[2026-07-24T19:31:54.802+0000] {processor.py:840} INFO - DAG(s) 'example_xcom' retrieved from /home/airflow/.local/lib/python3.12/site-packages/airflow/example_dags/example_xcom.py
[2026-07-24T19:31:54.837+0000] {logging_mixin.py:188} INFO - [2026-07-24T19:31:54.837+0000] {dag.py:3089} INFO - Sync 1 DAGs
[2026-07-24T19:31:54.876+0000] {logging_mixin.py:188} INFO - [2026-07-24T19:31:54.875+0000] {dag.py:3947} INFO - Setting next_dagrun for example_xcom to 2021-01-01 00:00:00+00:00, run_after=2021-01-01 00:00:00+00:00
[2026-07-24T19:31:54.909+0000] {processor.py:183} INFO - Processing /home/airflow/.local/lib/python3.12/site-packages/airflow/example_dags/example_xcom.py took 0.134 seconds
[2026-07-24T19:32:25.026+0000] {processor.py:161} INFO - Started process (PID=20439) to work on /home/airflow/.local/lib/python3.12/site-packages/airflow/example_dags/example_xcom.py
[2026-07-24T19:32:25.029+0000] {processor.py:830} INFO - Processing file /home/airflow/.local/lib/python3.12/site-packages/airflow/example_dags/example_xcom.py for tasks to queue
[2026-07-24T19:32:25.035+0000] {logging_mixin.py:188} INFO - [2026-07-24T19:32:25.034+0000] {dagbag.py:545} INFO - Filling up the DagBag from /home/airflow/.local/lib/python3.12/site-packages/airflow/example_dags/example_xcom.py
[2026-07-24T19:32:25.056+0000] {processor.py:840} INFO - DAG(s) 'example_xcom' retrieved from /home/airflow/.local/lib/python3.12/site-packages/airflow/example_dags/example_xcom.py
[2026-07-24T19:32:25.097+0000] {logging_mixin.py:188} INFO - [2026-07-24T19:32:25.097+0000] {dag.py:3089} INFO - Sync 1 DAGs
[2026-07-24T19:32:25.139+0000] {logging_mixin.py:188} INFO - [2026-07-24T19:32:25.138+0000] {dag.py:3947} INFO - Setting next_dagrun for example_xcom to 2021-01-01 00:00:00+00:00, run_after=2021-01-01 00:00:00+00:00
[2026-07-24T19:32:25.177+0000] {processor.py:183} INFO - Processing /home/airflow/.local/lib/python3.12/site-packages/airflow/example_dags/example_xcom.py took 0.164 seconds
[2026-07-24T19:32:55.410+0000] {processor.py:161} INFO - Started process (PID=20512) to work on /home/airflow/.local/lib/python3.12/site-packages/airflow/example_dags/example_xcom.py
[2026-07-24T19:32:55.412+0000] {processor.py:830} INFO - Processing file /home/airflow/.local/lib/python3.12/site-packages/airflow/example_dags/example_xcom.py for tasks to queue
[2026-07-24T19:32:55.415+0000] {logging_mixin.py:188} INFO - [2026-07-24T19:32:55.415+0000] {dagbag.py:545} INFO - Filling up the DagBag from /home/airflow/.local/lib/python3.12/site-packages/airflow/example_dags/example_xcom.py
[2026-07-24T19:32:55.425+0000] {processor.py:840} INFO - DAG(s) 'example_xcom' retrieved from /home/airflow/.local/lib/python3.12/site-packages/airflow/example_dags/example_xcom.py
[2026-07-24T19:32:55.458+0000] {logging_mixin.py:188} INFO - [2026-07-24T19:32:55.457+0000] {dag.py:3089} INFO - Sync 1 DAGs
[2026-07-24T19:32:55.734+0000] {logging_mixin.py:188} INFO - [2026-07-24T19:32:55.733+0000] {dag.py:3947} INFO - Setting next_dagrun for example_xcom to 2021-01-01 00:00:00+00:00, run_after=2021-01-01 00:00:00+00:00
[2026-07-24T19:32:55.779+0000] {processor.py:183} INFO - Processing /home/airflow/.local/lib/python3.12/site-packages/airflow/example_dags/example_xcom.py took 0.377 seconds
[2026-07-24T19:33:26.102+0000] {processor.py:161} INFO - Started process (PID=20586) to work on /home/airflow/.local/lib/python3.12/site-packages/airflow/example_dags/example_xcom.py
[2026-07-24T19:33:26.105+0000] {processor.py:830} INFO - Processing file /home/airflow/.local/lib/python3.12/site-packages/airflow/example_dags/example_xcom.py for tasks to queue
[2026-07-24T19:33:26.109+0000] {logging_mixin.py:188} INFO - [2026-07-24T19:33:26.108+0000] {dagbag.py:545} INFO - Filling up the DagBag from /home/airflow/.local/lib/python3.12/site-packages/airflow/example_dags/example_xcom.py
[2026-07-24T19:33:26.125+0000] {processor.py:840} INFO - DAG(s) 'example_xcom' retrieved from /home/airflow/.local/lib/python3.12/site-packages/airflow/example_dags/example_xcom.py
[2026-07-24T19:33:26.169+0000] {logging_mixin.py:188} INFO - [2026-07-24T19:33:26.168+0000] {dag.py:3089} INFO - Sync 1 DAGs
[2026-07-24T19:33:26.537+0000] {logging_mixin.py:188} INFO - [2026-07-24T19:33:26.537+0000] {dag.py:3947} INFO - Setting next_dagrun for example_xcom to 2021-01-01 00:00:00+00:00, run_after=2021-01-01 00:00:00+00:00
[2026-07-24T19:33:26.568+0000] {processor.py:183} INFO - Processing /home/airflow/.local/lib/python3.12/site-packages/airflow/example_dags/example_xcom.py took 0.475 seconds
[2026-07-24T19:33:57.417+0000] {processor.py:161} INFO - Started process (PID=20659) to work on /home/airflow/.local/lib/python3.12/site-packages/airflow/example_dags/example_xcom.py
[2026-07-24T19:33:57.421+0000] {processor.py:830} INFO - Processing file /home/airflow/.local/lib/python3.12/site-packages/airflow/example_dags/example_xcom.py for tasks to queue
[2026-07-24T19:33:57.428+0000] {logging_mixin.py:188} INFO - [2026-07-24T19:33:57.427+0000] {dagbag.py:545} INFO - Filling up the DagBag from /home/airflow/.local/lib/python3.12/site-packages/airflow/example_dags/example_xcom.py
[2026-07-24T19:33:57.457+0000] {processor.py:840} INFO - DAG(s) 'example_xcom' retrieved from /home/airflow/.local/lib/python3.12/site-packages/airflow/example_dags/example_xcom.py
[2026-07-24T19:33:57.521+0000] {logging_mixin.py:188} INFO - [2026-07-24T19:33:57.521+0000] {dag.py:3089} INFO - Sync 1 DAGs
[2026-07-24T19:33:57.995+0000] {logging_mixin.py:188} INFO - [2026-07-24T19:33:57.994+0000] {dag.py:3947} INFO - Setting next_dagrun for example_xcom to 2021-01-01 00:00:00+00:00, run_after=2021-01-01 00:00:00+00:00
[2026-07-24T19:33:58.080+0000] {processor.py:183} INFO - Processing /home/airflow/.local/lib/python3.12/site-packages/airflow/example_dags/example_xcom.py took 0.683 seconds
[2026-07-24T19:34:28.234+0000] {processor.py:161} INFO - Started process (PID=20732) to work on /home/airflow/.local/lib/python3.12/site-packages/airflow/example_dags/example_xcom.py
[2026-07-24T19:34:28.236+0000] {processor.py:830} INFO - Processing file /home/airflow/.local/lib/python3.12/site-packages/airflow/example_dags/example_xcom.py for tasks to queue
[2026-07-24T19:34:28.240+0000] {logging_mixin.py:188} INFO - [2026-07-24T19:34:28.240+0000] {dagbag.py:545} INFO - Filling up the DagBag from /home/airflow/.local/lib/python3.12/site-packages/airflow/example_dags/example_xcom.py
[2026-07-24T19:34:28.252+0000] {processor.py:840} INFO - DAG(s) 'example_xcom' retrieved from /home/airflow/.local/lib/python3.12/site-packages/airflow/example_dags/example_xcom.py
[2026-07-24T19:34:28.287+0000] {logging_mixin.py:188} INFO - [2026-07-24T19:34:28.286+0000] {dag.py:3089} INFO - Sync 1 DAGs
[2026-07-24T19:34:28.323+0000] {logging_mixin.py:188} INFO - [2026-07-24T19:34:28.322+0000] {dag.py:3947} INFO - Setting next_dagrun for example_xcom to 2021-01-01 00:00:00+00:00, run_after=2021-01-01 00:00:00+00:00
[2026-07-24T19:34:28.358+0000] {processor.py:183} INFO - Processing /home/airflow/.local/lib/python3.12/site-packages/airflow/example_dags/example_xcom.py took 0.132 seconds
[2026-07-24T19:34:58.647+0000] {processor.py:161} INFO - Started process (PID=20803) to work on /home/airflow/.local/lib/python3.12/site-packages/airflow/example_dags/example_xcom.py
[2026-07-24T19:34:58.650+0000] {processor.py:830} INFO - Processing file /home/airflow/.local/lib/python3.12/site-packages/airflow/example_dags/example_xcom.py for tasks to queue
[2026-07-24T19:34:58.663+0000] {logging_mixin.py:188} INFO - [2026-07-24T19:34:58.661+0000] {dagbag.py:545} INFO - Filling up the DagBag from /home/airflow/.local/lib/python3.12/site-packages/airflow/example_dags/example_xcom.py
[2026-07-24T19:34:58.692+0000] {processor.py:840} INFO - DAG(s) 'example_xcom' retrieved from /home/airflow/.local/lib/python3.12/site-packages/airflow/example_dags/example_xcom.py
[2026-07-24T19:34:58.772+0000] {logging_mixin.py:188} INFO - [2026-07-24T19:34:58.771+0000] {dag.py:3089} INFO - Sync 1 DAGs
[2026-07-24T19:34:58.868+0000] {logging_mixin.py:188} INFO - [2026-07-24T19:34:58.866+0000] {dag.py:3947} INFO - Setting next_dagrun for example_xcom to 2021-01-01 00:00:00+00:00, run_after=2021-01-01 00:00:00+00:00
[2026-07-24T19:34:58.920+0000] {processor.py:183} INFO - Processing /home/airflow/.local/lib/python3.12/site-packages/airflow/example_dags/example_xcom.py took 0.292 seconds
[2026-07-24T19:35:29.271+0000] {processor.py:161} INFO - Started process (PID=20876) to work on /home/airflow/.local/lib/python3.12/site-packages/airflow/example_dags/example_xcom.py
[2026-07-24T19:35:29.274+0000] {processor.py:830} INFO - Processing file /home/airflow/.local/lib/python3.12/site-packages/airflow/example_dags/example_xcom.py for tasks to queue
[2026-07-24T19:35:29.280+0000] {logging_mixin.py:188} INFO - [2026-07-24T19:35:29.279+0000] {dagbag.py:545} INFO - Filling up the DagBag from /home/airflow/.local/lib/python3.12/site-packages/airflow/example_dags/example_xcom.py
[2026-07-24T19:35:29.299+0000] {processor.py:840} INFO - DAG(s) 'example_xcom' retrieved from /home/airflow/.local/lib/python3.12/site-packages/airflow/example_dags/example_xcom.py
[2026-07-24T19:35:29.349+0000] {logging_mixin.py:188} INFO - [2026-07-24T19:35:29.349+0000] {dag.py:3089} INFO - Sync 1 DAGs
[2026-07-24T19:35:29.396+0000] {logging_mixin.py:188} INFO - [2026-07-24T19:35:29.395+0000] {dag.py:3947} INFO - Setting next_dagrun for example_xcom to 2021-01-01 00:00:00+00:00, run_after=2021-01-01 00:00:00+00:00
[2026-07-24T19:35:29.441+0000] {processor.py:183} INFO - Processing /home/airflow/.local/lib/python3.12/site-packages/airflow/example_dags/example_xcom.py took 0.192 seconds
[2026-07-24T19:35:59.567+0000] {processor.py:161} INFO - Started process (PID=20949) to work on /home/airflow/.local/lib/python3.12/site-packages/airflow/example_dags/example_xcom.py
[2026-07-24T19:35:59.570+0000] {processor.py:830} INFO - Processing file /home/airflow/.local/lib/python3.12/site-packages/airflow/example_dags/example_xcom.py for tasks to queue
[2026-07-24T19:35:59.575+0000] {logging_mixin.py:188} INFO - [2026-07-24T19:35:59.574+0000] {dagbag.py:545} INFO - Filling up the DagBag from /home/airflow/.local/lib/python3.12/site-packages/airflow/example_dags/example_xcom.py
[2026-07-24T19:35:59.592+0000] {processor.py:840} INFO - DAG(s) 'example_xcom' retrieved from /home/airflow/.local/lib/python3.12/site-packages/airflow/example_dags/example_xcom.py
[2026-07-24T19:35:59.643+0000] {logging_mixin.py:188} INFO - [2026-07-24T19:35:59.642+0000] {dag.py:3089} INFO - Sync 1 DAGs
[2026-07-24T19:35:59.689+0000] {logging_mixin.py:188} INFO - [2026-07-24T19:35:59.689+0000] {dag.py:3947} INFO - Setting next_dagrun for example_xcom to 2021-01-01 00:00:00+00:00, run_after=2021-01-01 00:00:00+00:00
[2026-07-24T19:35:59.766+0000] {processor.py:183} INFO - Processing /home/airflow/.local/lib/python3.12/site-packages/airflow/example_dags/example_xcom.py took 0.207 seconds
[2026-07-24T19:36:30.165+0000] {processor.py:161} INFO - Started process (PID=21022) to work on /home/airflow/.local/lib/python3.12/site-packages/airflow/example_dags/example_xcom.py
[2026-07-24T19:36:30.168+0000] {processor.py:830} INFO - Processing file /home/airflow/.local/lib/python3.12/site-packages/airflow/example_dags/example_xcom.py for tasks to queue
[2026-07-24T19:36:30.173+0000] {logging_mixin.py:188} INFO - [2026-07-24T19:36:30.173+0000] {dagbag.py:545} INFO - Filling up the DagBag from /home/airflow/.local/lib/python3.12/site-packages/airflow/example_dags/example_xcom.py
[2026-07-24T19:36:30.189+0000] {processor.py:840} INFO - DAG(s) 'example_xcom' retrieved from /home/airflow/.local/lib/python3.12/site-packages/airflow/example_dags/example_xcom.py
[2026-07-24T19:36:30.229+0000] {logging_mixin.py:188} INFO - [2026-07-24T19:36:30.229+0000] {dag.py:3089} INFO - Sync 1 DAGs
[2026-07-24T19:36:30.266+0000] {logging_mixin.py:188} INFO - [2026-07-24T19:36:30.266+0000] {dag.py:3947} INFO - Setting next_dagrun for example_xcom to 2021-01-01 00:00:00+00:00, run_after=2021-01-01 00:00:00+00:00
[2026-07-24T19:36:30.298+0000] {processor.py:183} INFO - Processing /home/airflow/.local/lib/python3.12/site-packages/airflow/example_dags/example_xcom.py took 0.147 seconds
[2026-07-24T19:37:01.544+0000] {processor.py:161} INFO - Started process (PID=21095) to work on /home/airflow/.local/lib/python3.12/site-packages/airflow/example_dags/example_xcom.py
[2026-07-24T19:37:01.547+0000] {processor.py:830} INFO - Processing file /home/airflow/.local/lib/python3.12/site-packages/airflow/example_dags/example_xcom.py for tasks to queue
[2026-07-24T19:37:01.553+0000] {logging_mixin.py:188} INFO - [2026-07-24T19:37:01.552+0000] {dagbag.py:545} INFO - Filling up the DagBag from /home/airflow/.local/lib/python3.12/site-packages/airflow/example_dags/example_xcom.py
[2026-07-24T19:37:01.581+0000] {processor.py:840} INFO - DAG(s) 'example_xcom' retrieved from /home/airflow/.local/lib/python3.12/site-packages/airflow/example_dags/example_xcom.py
[2026-07-24T19:37:01.640+0000] {logging_mixin.py:188} INFO - [2026-07-24T19:37:01.640+0000] {dag.py:3089} INFO - Sync 1 DAGs
[2026-07-24T19:37:01.700+0000] {logging_mixin.py:188} INFO - [2026-07-24T19:37:01.699+0000] {dag.py:3947} INFO - Setting next_dagrun for example_xcom to 2021-01-01 00:00:00+00:00, run_after=2021-01-01 00:00:00+00:00
[2026-07-24T19:37:01.757+0000] {processor.py:183} INFO - Processing /home/airflow/.local/lib/python3.12/site-packages/airflow/example_dags/example_xcom.py took 0.227 seconds
[2026-07-24T19:37:32.244+0000] {processor.py:161} INFO - Started process (PID=21166) to work on /home/airflow/.local/lib/python3.12/site-packages/airflow/example_dags/example_xcom.py
[2026-07-24T19:37:32.247+0000] {processor.py:830} INFO - Processing file /home/airflow/.local/lib/python3.12/site-packages/airflow/example_dags/example_xcom.py for tasks to queue
[2026-07-24T19:37:32.250+0000] {logging_mixin.py:188} INFO - [2026-07-24T19:37:32.250+0000] {dagbag.py:545} INFO - Filling up the DagBag from /home/airflow/.local/lib/python3.12/site-packages/airflow/example_dags/example_xcom.py
[2026-07-24T19:37:32.263+0000] {processor.py:840} INFO - DAG(s) 'example_xcom' retrieved from /home/airflow/.local/lib/python3.12/site-packages/airflow/example_dags/example_xcom.py
[2026-07-24T19:37:32.300+0000] {logging_mixin.py:188} INFO - [2026-07-24T19:37:32.300+0000] {dag.py:3089} INFO - Sync 1 DAGs
[2026-07-24T19:37:32.341+0000] {logging_mixin.py:188} INFO - [2026-07-24T19:37:32.341+0000] {dag.py:3947} INFO - Setting next_dagrun for example_xcom to 2021-01-01 00:00:00+00:00, run_after=2021-01-01 00:00:00+00:00
[2026-07-24T19:37:32.377+0000] {processor.py:183} INFO - Processing /home/airflow/.local/lib/python3.12/site-packages/airflow/example_dags/example_xcom.py took 0.141 seconds
[2026-07-24T19:38:02.537+0000] {processor.py:161} INFO - Started process (PID=21239) to work on /home/airflow/.local/lib/python3.12/site-packages/airflow/example_dags/example_xcom.py
[2026-07-24T19:38:02.539+0000] {processor.py:830} INFO - Processing file /home/airflow/.local/lib/python3.12/site-packages/airflow/example_dags/example_xcom.py for tasks to queue
[2026-07-24T19:38:02.543+0000] {logging_mixin.py:188} INFO - [2026-07-24T19:38:02.542+0000] {dagbag.py:545} INFO - Filling up the DagBag from /home/airflow/.local/lib/python3.12/site-packages/airflow/example_dags/example_xcom.py
[2026-07-24T19:38:02.554+0000] {processor.py:840} INFO - DAG(s) 'example_xcom' retrieved from /home/airflow/.local/lib/python3.12/site-packages/airflow/example_dags/example_xcom.py
[2026-07-24T19:38:02.588+0000] {logging_mixin.py:188} INFO - [2026-07-24T19:38:02.588+0000] {dag.py:3089} INFO - Sync 1 DAGs
[2026-07-24T19:38:02.621+0000] {logging_mixin.py:188} INFO - [2026-07-24T19:38:02.620+0000] {dag.py:3947} INFO - Setting next_dagrun for example_xcom to 2021-01-01 00:00:00+00:00, run_after=2021-01-01 00:00:00+00:00
[2026-07-24T19:38:02.654+0000] {processor.py:183} INFO - Processing /home/airflow/.local/lib/python3.12/site-packages/airflow/example_dags/example_xcom.py took 0.126 seconds
[2026-07-24T19:38:32.945+0000] {processor.py:161} INFO - Started process (PID=21312) to work on /home/airflow/.local/lib/python3.12/site-packages/airflow/example_dags/example_xcom.py
[2026-07-24T19:38:32.951+0000] {processor.py:830} INFO - Processing file /home/airflow/.local/lib/python3.12/site-packages/airflow/example_dags/example_xcom.py for tasks to queue
[2026-07-24T19:38:32.958+0000] {logging_mixin.py:188} INFO - [2026-07-24T19:38:32.957+0000] {dagbag.py:545} INFO - Filling up the DagBag from /home/airflow/.local/lib/python3.12/site-packages/airflow/example_dags/example_xcom.py
[2026-07-24T19:38:32.984+0000] {processor.py:840} INFO - DAG(s) 'example_xcom' retrieved from /home/airflow/.local/lib/python3.12/site-packages/airflow/example_dags/example_xcom.py
[2026-07-24T19:38:33.047+0000] {logging_mixin.py:188} INFO - [2026-07-24T19:38:33.046+0000] {dag.py:3089} INFO - Sync 1 DAGs
[2026-07-24T19:38:33.109+0000] {logging_mixin.py:188} INFO - [2026-07-24T19:38:33.108+0000] {dag.py:3947} INFO - Setting next_dagrun for example_xcom to 2021-01-01 00:00:00+00:00, run_after=2021-01-01 00:00:00+00:00
[2026-07-24T19:38:33.164+0000] {processor.py:183} INFO - Processing /home/airflow/.local/lib/python3.12/site-packages/airflow/example_dags/example_xcom.py took 0.233 seconds
[2026-07-24T19:39:03.315+0000] {processor.py:161} INFO - Started process (PID=21385) to work on /home/airflow/.local/lib/python3.12/site-packages/airflow/example_dags/example_xcom.py
[2026-07-24T19:39:03.318+0000] {processor.py:830} INFO - Processing file /home/airflow/.local/lib/python3.12/site-packages/airflow/example_dags/example_xcom.py for tasks to queue
[2026-07-24T19:39:03.322+0000] {logging_mixin.py:188} INFO - [2026-07-24T19:39:03.321+0000] {dagbag.py:545} INFO - Filling up the DagBag from /home/airflow/.local/lib/python3.12/site-packages/airflow/example_dags/example_xcom.py
[2026-07-24T19:39:03.336+0000] {processor.py:840} INFO - DAG(s) 'example_xcom' retrieved from /home/airflow/.local/lib/python3.12/site-packages/airflow/example_dags/example_xcom.py
[2026-07-24T19:39:03.381+0000] {logging_mixin.py:188} INFO - [2026-07-24T19:39:03.380+0000] {dag.py:3089} INFO - Sync 1 DAGs
[2026-07-24T19:39:03.422+0000] {logging_mixin.py:188} INFO - [2026-07-24T19:39:03.422+0000] {dag.py:3947} INFO - Setting next_dagrun for example_xcom to 2021-01-01 00:00:00+00:00, run_after=2021-01-01 00:00:00+00:00
[2026-07-24T19:39:03.464+0000] {processor.py:183} INFO - Processing /home/airflow/.local/lib/python3.12/site-packages/airflow/example_dags/example_xcom.py took 0.162 seconds
[2026-07-24T19:39:33.576+0000] {processor.py:161} INFO - Started process (PID=21451) to work on /home/airflow/.local/lib/python3.12/site-packages/airflow/example_dags/example_xcom.py
[2026-07-24T19:39:33.579+0000] {processor.py:830} INFO - Processing file /home/airflow/.local/lib/python3.12/site-packages/airflow/example_dags/example_xcom.py for tasks to queue
[2026-07-24T19:39:33.585+0000] {logging_mixin.py:188} INFO - [2026-07-24T19:39:33.585+0000] {dagbag.py:545} INFO - Filling up the DagBag from /home/airflow/.local/lib/python3.12/site-packages/airflow/example_dags/example_xcom.py
[2026-07-24T19:39:33.602+0000] {processor.py:840} INFO - DAG(s) 'example_xcom' retrieved from /home/airflow/.local/lib/python3.12/site-packages/airflow/example_dags/example_xcom.py
[2026-07-24T19:39:33.662+0000] {logging_mixin.py:188} INFO - [2026-07-24T19:39:33.661+0000] {dag.py:3089} INFO - Sync 1 DAGs
[2026-07-24T19:39:33.728+0000] {logging_mixin.py:188} INFO - [2026-07-24T19:39:33.727+0000] {dag.py:3947} INFO - Setting next_dagrun for example_xcom to 2021-01-01 00:00:00+00:00, run_after=2021-01-01 00:00:00+00:00
[2026-07-24T19:39:33.784+0000] {processor.py:183} INFO - Processing /home/airflow/.local/lib/python3.12/site-packages/airflow/example_dags/example_xcom.py took 0.221 seconds
[2026-07-24T19:40:03.965+0000] {processor.py:161} INFO - Started process (PID=21524) to work on /home/airflow/.local/lib/python3.12/site-packages/airflow/example_dags/example_xcom.py
[2026-07-24T19:40:03.968+0000] {processor.py:830} INFO - Processing file /home/airflow/.local/lib/python3.12/site-packages/airflow/example_dags/example_xcom.py for tasks to queue
[2026-07-24T19:40:03.975+0000] {logging_mixin.py:188} INFO - [2026-07-24T19:40:03.974+0000] {dagbag.py:545} INFO - Filling up the DagBag from /home/airflow/.local/lib/python3.12/site-packages/airflow/example_dags/example_xcom.py
[2026-07-24T19:40:04.005+0000] {processor.py:840} INFO - DAG(s) 'example_xcom' retrieved from /home/airflow/.local/lib/python3.12/site-packages/airflow/example_dags/example_xcom.py
[2026-07-24T19:40:04.056+0000] {logging_mixin.py:188} INFO - [2026-07-24T19:40:04.056+0000] {dag.py:3089} INFO - Sync 1 DAGs
[2026-07-24T19:40:04.113+0000] {logging_mixin.py:188} INFO - [2026-07-24T19:40:04.113+0000] {dag.py:3947} INFO - Setting next_dagrun for example_xcom to 2021-01-01 00:00:00+00:00, run_after=2021-01-01 00:00:00+00:00
[2026-07-24T19:40:04.154+0000] {processor.py:183} INFO - Processing /home/airflow/.local/lib/python3.12/site-packages/airflow/example_dags/example_xcom.py took 0.212 seconds
[2026-07-24T19:40:35.180+0000] {processor.py:161} INFO - Started process (PID=21598) to work on /home/airflow/.local/lib/python3.12/site-packages/airflow/example_dags/example_xcom.py
[2026-07-24T19:40:35.182+0000] {processor.py:830} INFO - Processing file /home/airflow/.local/lib/python3.12/site-packages/airflow/example_dags/example_xcom.py for tasks to queue
[2026-07-24T19:40:35.185+0000] {logging_mixin.py:188} INFO - [2026-07-24T19:40:35.185+0000] {dagbag.py:545} INFO - Filling up the DagBag from /home/airflow/.local/lib/python3.12/site-packages/airflow/example_dags/example_xcom.py
[2026-07-24T19:40:35.195+0000] {processor.py:840} INFO - DAG(s) 'example_xcom' retrieved from /home/airflow/.local/lib/python3.12/site-packages/airflow/example_dags/example_xcom.py
[2026-07-24T19:40:35.229+0000] {logging_mixin.py:188} INFO - [2026-07-24T19:40:35.229+0000] {dag.py:3089} INFO - Sync 1 DAGs
[2026-07-24T19:40:35.256+0000] {logging_mixin.py:188} INFO - [2026-07-24T19:40:35.256+0000] {dag.py:3947} INFO - Setting next_dagrun for example_xcom to 2021-01-01 00:00:00+00:00, run_after=2021-01-01 00:00:00+00:00
[2026-07-24T19:40:35.285+0000] {processor.py:183} INFO - Processing /home/airflow/.local/lib/python3.12/site-packages/airflow/example_dags/example_xcom.py took 0.111 seconds
[2026-07-24T19:41:05.663+0000] {processor.py:161} INFO - Started process (PID=21671) to work on /home/airflow/.local/lib/python3.12/site-packages/airflow/example_dags/example_xcom.py
[2026-07-24T19:41:05.666+0000] {processor.py:830} INFO - Processing file /home/airflow/.local/lib/python3.12/site-packages/airflow/example_dags/example_xcom.py for tasks to queue
[2026-07-24T19:41:05.670+0000] {logging_mixin.py:188} INFO - [2026-07-24T19:41:05.669+0000] {dagbag.py:545} INFO - Filling up the DagBag from /home/airflow/.local/lib/python3.12/site-packages/airflow/example_dags/example_xcom.py
[2026-07-24T19:41:05.682+0000] {processor.py:840} INFO - DAG(s) 'example_xcom' retrieved from /home/airflow/.local/lib/python3.12/site-packages/airflow/example_dags/example_xcom.py
[2026-07-24T19:41:05.714+0000] {logging_mixin.py:188} INFO - [2026-07-24T19:41:05.713+0000] {dag.py:3089} INFO - Sync 1 DAGs
[2026-07-24T19:41:05.751+0000] {logging_mixin.py:188} INFO - [2026-07-24T19:41:05.751+0000] {dag.py:3947} INFO - Setting next_dagrun for example_xcom to 2021-01-01 00:00:00+00:00, run_after=2021-01-01 00:00:00+00:00
[2026-07-24T19:41:05.803+0000] {processor.py:183} INFO - Processing /home/airflow/.local/lib/python3.12/site-packages/airflow/example_dags/example_xcom.py took 0.148 seconds
[2026-07-24T19:41:36.557+0000] {processor.py:161} INFO - Started process (PID=21743) to work on /home/airflow/.local/lib/python3.12/site-packages/airflow/example_dags/example_xcom.py
[2026-07-24T19:41:36.560+0000] {processor.py:830} INFO - Processing file /home/airflow/.local/lib/python3.12/site-packages/airflow/example_dags/example_xcom.py for tasks to queue
[2026-07-24T19:41:36.565+0000] {logging_mixin.py:188} INFO - [2026-07-24T19:41:36.564+0000] {dagbag.py:545} INFO - Filling up the DagBag from /home/airflow/.local/lib/python3.12/site-packages/airflow/example_dags/example_xcom.py
[2026-07-24T19:41:36.581+0000] {processor.py:840} INFO - DAG(s) 'example_xcom' retrieved from /home/airflow/.local/lib/python3.12/site-packages/airflow/example_dags/example_xcom.py
[2026-07-24T19:41:36.621+0000] {logging_mixin.py:188} INFO - [2026-07-24T19:41:36.620+0000] {dag.py:3089} INFO - Sync 1 DAGs
[2026-07-24T19:41:36.674+0000] {logging_mixin.py:188} INFO - [2026-07-24T19:41:36.673+0000] {dag.py:3947} INFO - Setting next_dagrun for example_xcom to 2021-01-01 00:00:00+00:00, run_after=2021-01-01 00:00:00+00:00
[2026-07-24T19:41:36.763+0000] {processor.py:183} INFO - Processing /home/airflow/.local/lib/python3.12/site-packages/airflow/example_dags/example_xcom.py took 0.220 seconds
[2026-07-24T19:42:06.860+0000] {processor.py:161} INFO - Started process (PID=21817) to work on /home/airflow/.local/lib/python3.12/site-packages/airflow/example_dags/example_xcom.py
[2026-07-24T19:42:06.863+0000] {processor.py:830} INFO - Processing file /home/airflow/.local/lib/python3.12/site-packages/airflow/example_dags/example_xcom.py for tasks to queue
[2026-07-24T19:42:06.868+0000] {logging_mixin.py:188} INFO - [2026-07-24T19:42:06.868+0000] {dagbag.py:545} INFO - Filling up the DagBag from /home/airflow/.local/lib/python3.12/site-packages/airflow/example_dags/example_xcom.py
[2026-07-24T19:42:06.885+0000] {processor.py:840} INFO - DAG(s) 'example_xcom' retrieved from /home/airflow/.local/lib/python3.12/site-packages/airflow/example_dags/example_xcom.py
[2026-07-24T19:42:06.924+0000] {logging_mixin.py:188} INFO - [2026-07-24T19:42:06.924+0000] {dag.py:3089} INFO - Sync 1 DAGs
[2026-07-24T19:42:06.962+0000] {logging_mixin.py:188} INFO - [2026-07-24T19:42:06.962+0000] {dag.py:3947} INFO - Setting next_dagrun for example_xcom to 2021-01-01 00:00:00+00:00, run_after=2021-01-01 00:00:00+00:00
[2026-07-24T19:42:06.997+0000] {processor.py:183} INFO - Processing /home/airflow/.local/lib/python3.12/site-packages/airflow/example_dags/example_xcom.py took 0.149 seconds
[2026-07-24T19:42:37.927+0000] {processor.py:161} INFO - Started process (PID=21891) to work on /home/airflow/.local/lib/python3.12/site-packages/airflow/example_dags/example_xcom.py
[2026-07-24T19:42:37.929+0000] {processor.py:830} INFO - Processing file /home/airflow/.local/lib/python3.12/site-packages/airflow/example_dags/example_xcom.py for tasks to queue
[2026-07-24T19:42:37.934+0000] {logging_mixin.py:188} INFO - [2026-07-24T19:42:37.933+0000] {dagbag.py:545} INFO - Filling up the DagBag from /home/airflow/.local/lib/python3.12/site-packages/airflow/example_dags/example_xcom.py
[2026-07-24T19:42:37.950+0000] {processor.py:840} INFO - DAG(s) 'example_xcom' retrieved from /home/airflow/.local/lib/python3.12/site-packages/airflow/example_dags/example_xcom.py
[2026-07-24T19:42:37.989+0000] {logging_mixin.py:188} INFO - [2026-07-24T19:42:37.989+0000] {dag.py:3089} INFO - Sync 1 DAGs
[2026-07-24T19:42:38.025+0000] {logging_mixin.py:188} INFO - [2026-07-24T19:42:38.024+0000] {dag.py:3947} INFO - Setting next_dagrun for example_xcom to 2021-01-01 00:00:00+00:00, run_after=2021-01-01 00:00:00+00:00
[2026-07-24T19:42:38.074+0000] {processor.py:183} INFO - Processing /home/airflow/.local/lib/python3.12/site-packages/airflow/example_dags/example_xcom.py took 0.159 seconds
[2026-07-24T19:43:08.391+0000] {processor.py:161} INFO - Started process (PID=21964) to work on /home/airflow/.local/lib/python3.12/site-packages/airflow/example_dags/example_xcom.py
[2026-07-24T19:43:08.393+0000] {processor.py:830} INFO - Processing file /home/airflow/.local/lib/python3.12/site-packages/airflow/example_dags/example_xcom.py for tasks to queue
[2026-07-24T19:43:08.398+0000] {logging_mixin.py:188} INFO - [2026-07-24T19:43:08.397+0000] {dagbag.py:545} INFO - Filling up the DagBag from /home/airflow/.local/lib/python3.12/site-packages/airflow/example_dags/example_xcom.py
[2026-07-24T19:43:08.417+0000] {processor.py:840} INFO - DAG(s) 'example_xcom' retrieved from /home/airflow/.local/lib/python3.12/site-packages/airflow/example_dags/example_xcom.py
[2026-07-24T19:43:08.463+0000] {logging_mixin.py:188} INFO - [2026-07-24T19:43:08.462+0000] {dag.py:3089} INFO - Sync 1 DAGs
[2026-07-24T19:43:08.512+0000] {logging_mixin.py:188} INFO - [2026-07-24T19:43:08.512+0000] {dag.py:3947} INFO - Setting next_dagrun for example_xcom to 2021-01-01 00:00:00+00:00, run_after=2021-01-01 00:00:00+00:00
[2026-07-24T19:43:08.552+0000] {processor.py:183} INFO - Processing /home/airflow/.local/lib/python3.12/site-packages/airflow/example_dags/example_xcom.py took 0.170 seconds
[2026-07-24T19:43:39.290+0000] {processor.py:161} INFO - Started process (PID=22038) to work on /home/airflow/.local/lib/python3.12/site-packages/airflow/example_dags/example_xcom.py
[2026-07-24T19:43:39.299+0000] {processor.py:830} INFO - Processing file /home/airflow/.local/lib/python3.12/site-packages/airflow/example_dags/example_xcom.py for tasks to queue
[2026-07-24T19:43:39.308+0000] {logging_mixin.py:188} INFO - [2026-07-24T19:43:39.307+0000] {dagbag.py:545} INFO - Filling up the DagBag from /home/airflow/.local/lib/python3.12/site-packages/airflow/example_dags/example_xcom.py
[2026-07-24T19:43:39.341+0000] {processor.py:840} INFO - DAG(s) 'example_xcom' retrieved from /home/airflow/.local/lib/python3.12/site-packages/airflow/example_dags/example_xcom.py
[2026-07-24T19:43:39.399+0000] {logging_mixin.py:188} INFO - [2026-07-24T19:43:39.398+0000] {dag.py:3089} INFO - Sync 1 DAGs
[2026-07-24T19:43:39.444+0000] {logging_mixin.py:188} INFO - [2026-07-24T19:43:39.443+0000] {dag.py:3947} INFO - Setting next_dagrun for example_xcom to 2021-01-01 00:00:00+00:00, run_after=2021-01-01 00:00:00+00:00
[2026-07-24T19:43:39.493+0000] {processor.py:183} INFO - Processing /home/airflow/.local/lib/python3.12/site-packages/airflow/example_dags/example_xcom.py took 0.230 seconds
[2026-07-24T19:44:09.682+0000] {processor.py:161} INFO - Started process (PID=22113) to work on /home/airflow/.local/lib/python3.12/site-packages/airflow/example_dags/example_xcom.py
[2026-07-24T19:44:09.686+0000] {processor.py:830} INFO - Processing file /home/airflow/.local/lib/python3.12/site-packages/airflow/example_dags/example_xcom.py for tasks to queue
[2026-07-24T19:44:09.692+0000] {logging_mixin.py:188} INFO - [2026-07-24T19:44:09.692+0000] {dagbag.py:545} INFO - Filling up the DagBag from /home/airflow/.local/lib/python3.12/site-packages/airflow/example_dags/example_xcom.py
[2026-07-24T19:44:09.711+0000] {processor.py:840} INFO - DAG(s) 'example_xcom' retrieved from /home/airflow/.local/lib/python3.12/site-packages/airflow/example_dags/example_xcom.py
[2026-07-24T19:44:09.749+0000] {logging_mixin.py:188} INFO - [2026-07-24T19:44:09.749+0000] {dag.py:3089} INFO - Sync 1 DAGs
[2026-07-24T19:44:09.795+0000] {logging_mixin.py:188} INFO - [2026-07-24T19:44:09.794+0000] {dag.py:3947} INFO - Setting next_dagrun for example_xcom to 2021-01-01 00:00:00+00:00, run_after=2021-01-01 00:00:00+00:00
[2026-07-24T19:44:09.843+0000] {processor.py:183} INFO - Processing /home/airflow/.local/lib/python3.12/site-packages/airflow/example_dags/example_xcom.py took 0.179 seconds
[2026-07-24T19:44:40.080+0000] {processor.py:161} INFO - Started process (PID=22186) to work on /home/airflow/.local/lib/python3.12/site-packages/airflow/example_dags/example_xcom.py
[2026-07-24T19:44:40.085+0000] {processor.py:830} INFO - Processing file /home/airflow/.local/lib/python3.12/site-packages/airflow/example_dags/example_xcom.py for tasks to queue
[2026-07-24T19:44:40.092+0000] {logging_mixin.py:188} INFO - [2026-07-24T19:44:40.091+0000] {dagbag.py:545} INFO - Filling up the DagBag from /home/airflow/.local/lib/python3.12/site-packages/airflow/example_dags/example_xcom.py
[2026-07-24T19:44:40.114+0000] {processor.py:840} INFO - DAG(s) 'example_xcom' retrieved from /home/airflow/.local/lib/python3.12/site-packages/airflow/example_dags/example_xcom.py
[2026-07-24T19:44:40.176+0000] {logging_mixin.py:188} INFO - [2026-07-24T19:44:40.175+0000] {dag.py:3089} INFO - Sync 1 DAGs
[2026-07-24T19:44:40.230+0000] {logging_mixin.py:188} INFO - [2026-07-24T19:44:40.230+0000] {dag.py:3947} INFO - Setting next_dagrun for example_xcom to 2021-01-01 00:00:00+00:00, run_after=2021-01-01 00:00:00+00:00
[2026-07-24T19:44:40.282+0000] {processor.py:183} INFO - Processing /home/airflow/.local/lib/python3.12/site-packages/airflow/example_dags/example_xcom.py took 0.217 seconds
[2026-07-24T19:45:11.059+0000] {processor.py:161} INFO - Started process (PID=22259) to work on /home/airflow/.local/lib/python3.12/site-packages/airflow/example_dags/example_xcom.py
[2026-07-24T19:45:11.061+0000] {processor.py:830} INFO - Processing file /home/airflow/.local/lib/python3.12/site-packages/airflow/example_dags/example_xcom.py for tasks to queue
[2026-07-24T19:45:11.066+0000] {logging_mixin.py:188} INFO - [2026-07-24T19:45:11.065+0000] {dagbag.py:545} INFO - Filling up the DagBag from /home/airflow/.local/lib/python3.12/site-packages/airflow/example_dags/example_xcom.py
[2026-07-24T19:45:11.083+0000] {processor.py:840} INFO - DAG(s) 'example_xcom' retrieved from /home/airflow/.local/lib/python3.12/site-packages/airflow/example_dags/example_xcom.py
[2026-07-24T19:45:11.120+0000] {logging_mixin.py:188} INFO - [2026-07-24T19:45:11.119+0000] {dag.py:3089} INFO - Sync 1 DAGs
[2026-07-24T19:45:11.156+0000] {logging_mixin.py:188} INFO - [2026-07-24T19:45:11.155+0000] {dag.py:3947} INFO - Setting next_dagrun for example_xcom to 2021-01-01 00:00:00+00:00, run_after=2021-01-01 00:00:00+00:00
[2026-07-24T19:45:11.191+0000] {processor.py:183} INFO - Processing /home/airflow/.local/lib/python3.12/site-packages/airflow/example_dags/example_xcom.py took 0.144 seconds
[2026-07-24T19:45:41.827+0000] {processor.py:161} INFO - Started process (PID=22339) to work on /home/airflow/.local/lib/python3.12/site-packages/airflow/example_dags/example_xcom.py
[2026-07-24T19:45:41.829+0000] {processor.py:830} INFO - Processing file /home/airflow/.local/lib/python3.12/site-packages/airflow/example_dags/example_xcom.py for tasks to queue
[2026-07-24T19:45:41.832+0000] {logging_mixin.py:188} INFO - [2026-07-24T19:45:41.832+0000] {dagbag.py:545} INFO - Filling up the DagBag from /home/airflow/.local/lib/python3.12/site-packages/airflow/example_dags/example_xcom.py
[2026-07-24T19:45:41.844+0000] {processor.py:840} INFO - DAG(s) 'example_xcom' retrieved from /home/airflow/.local/lib/python3.12/site-packages/airflow/example_dags/example_xcom.py
[2026-07-24T19:45:41.876+0000] {logging_mixin.py:188} INFO - [2026-07-24T19:45:41.876+0000] {dag.py:3089} INFO - Sync 1 DAGs
[2026-07-24T19:45:41.904+0000] {logging_mixin.py:188} INFO - [2026-07-24T19:45:41.904+0000] {dag.py:3947} INFO - Setting next_dagrun for example_xcom to 2021-01-01 00:00:00+00:00, run_after=2021-01-01 00:00:00+00:00
[2026-07-24T19:45:41.934+0000] {processor.py:183} INFO - Processing /home/airflow/.local/lib/python3.12/site-packages/airflow/example_dags/example_xcom.py took 0.114 seconds
[2026-07-24T19:46:12.309+0000] {processor.py:161} INFO - Started process (PID=22412) to work on /home/airflow/.local/lib/python3.12/site-packages/airflow/example_dags/example_xcom.py
[2026-07-24T19:46:12.313+0000] {processor.py:830} INFO - Processing file /home/airflow/.local/lib/python3.12/site-packages/airflow/example_dags/example_xcom.py for tasks to queue
[2026-07-24T19:46:12.318+0000] {logging_mixin.py:188} INFO - [2026-07-24T19:46:12.317+0000] {dagbag.py:545} INFO - Filling up the DagBag from /home/airflow/.local/lib/python3.12/site-packages/airflow/example_dags/example_xcom.py
[2026-07-24T19:46:12.338+0000] {processor.py:840} INFO - DAG(s) 'example_xcom' retrieved from /home/airflow/.local/lib/python3.12/site-packages/airflow/example_dags/example_xcom.py
[2026-07-24T19:46:12.392+0000] {logging_mixin.py:188} INFO - [2026-07-24T19:46:12.391+0000] {dag.py:3089} INFO - Sync 1 DAGs
[2026-07-24T19:46:12.504+0000] {logging_mixin.py:188} INFO - [2026-07-24T19:46:12.503+0000] {dag.py:3947} INFO - Setting next_dagrun for example_xcom to 2021-01-01 00:00:00+00:00, run_after=2021-01-01 00:00:00+00:00
[2026-07-24T19:46:12.547+0000] {processor.py:183} INFO - Processing /home/airflow/.local/lib/python3.12/site-packages/airflow/example_dags/example_xcom.py took 0.250 seconds
[2026-07-24T19:46:42.712+0000] {processor.py:161} INFO - Started process (PID=22478) to work on /home/airflow/.local/lib/python3.12/site-packages/airflow/example_dags/example_xcom.py
[2026-07-24T19:46:42.715+0000] {processor.py:830} INFO - Processing file /home/airflow/.local/lib/python3.12/site-packages/airflow/example_dags/example_xcom.py for tasks to queue
[2026-07-24T19:46:42.719+0000] {logging_mixin.py:188} INFO - [2026-07-24T19:46:42.718+0000] {dagbag.py:545} INFO - Filling up the DagBag from /home/airflow/.local/lib/python3.12/site-packages/airflow/example_dags/example_xcom.py
[2026-07-24T19:46:42.730+0000] {processor.py:840} INFO - DAG(s) 'example_xcom' retrieved from /home/airflow/.local/lib/python3.12/site-packages/airflow/example_dags/example_xcom.py
[2026-07-24T19:46:42.763+0000] {logging_mixin.py:188} INFO - [2026-07-24T19:46:42.762+0000] {dag.py:3089} INFO - Sync 1 DAGs
[2026-07-24T19:46:42.792+0000] {logging_mixin.py:188} INFO - [2026-07-24T19:46:42.791+0000] {dag.py:3947} INFO - Setting next_dagrun for example_xcom to 2021-01-01 00:00:00+00:00, run_after=2021-01-01 00:00:00+00:00
[2026-07-24T19:46:42.819+0000] {processor.py:183} INFO - Processing /home/airflow/.local/lib/python3.12/site-packages/airflow/example_dags/example_xcom.py took 0.115 seconds
[2026-07-24T19:47:13.384+0000] {processor.py:161} INFO - Started process (PID=22558) to work on /home/airflow/.local/lib/python3.12/site-packages/airflow/example_dags/example_xcom.py
[2026-07-24T19:47:13.387+0000] {processor.py:830} INFO - Processing file /home/airflow/.local/lib/python3.12/site-packages/airflow/example_dags/example_xcom.py for tasks to queue
[2026-07-24T19:47:13.392+0000] {logging_mixin.py:188} INFO - [2026-07-24T19:47:13.391+0000] {dagbag.py:545} INFO - Filling up the DagBag from /home/airflow/.local/lib/python3.12/site-packages/airflow/example_dags/example_xcom.py
[2026-07-24T19:47:13.403+0000] {processor.py:840} INFO - DAG(s) 'example_xcom' retrieved from /home/airflow/.local/lib/python3.12/site-packages/airflow/example_dags/example_xcom.py
[2026-07-24T19:47:13.440+0000] {logging_mixin.py:188} INFO - [2026-07-24T19:47:13.439+0000] {dag.py:3089} INFO - Sync 1 DAGs
[2026-07-24T19:47:13.473+0000] {logging_mixin.py:188} INFO - [2026-07-24T19:47:13.473+0000] {dag.py:3947} INFO - Setting next_dagrun for example_xcom to 2021-01-01 00:00:00+00:00, run_after=2021-01-01 00:00:00+00:00
[2026-07-24T19:47:13.503+0000] {processor.py:183} INFO - Processing /home/airflow/.local/lib/python3.12/site-packages/airflow/example_dags/example_xcom.py took 0.127 seconds
[2026-07-24T19:47:43.642+0000] {processor.py:161} INFO - Started process (PID=22631) to work on /home/airflow/.local/lib/python3.12/site-packages/airflow/example_dags/example_xcom.py
[2026-07-24T19:47:43.644+0000] {processor.py:830} INFO - Processing file /home/airflow/.local/lib/python3.12/site-packages/airflow/example_dags/example_xcom.py for tasks to queue
[2026-07-24T19:47:43.647+0000] {logging_mixin.py:188} INFO - [2026-07-24T19:47:43.647+0000] {dagbag.py:545} INFO - Filling up the DagBag from /home/airflow/.local/lib/python3.12/site-packages/airflow/example_dags/example_xcom.py
[2026-07-24T19:47:43.658+0000] {processor.py:840} INFO - DAG(s) 'example_xcom' retrieved from /home/airflow/.local/lib/python3.12/site-packages/airflow/example_dags/example_xcom.py
[2026-07-24T19:47:43.688+0000] {logging_mixin.py:188} INFO - [2026-07-24T19:47:43.688+0000] {dag.py:3089} INFO - Sync 1 DAGs
[2026-07-24T19:47:43.718+0000] {logging_mixin.py:188} INFO - [2026-07-24T19:47:43.718+0000] {dag.py:3947} INFO - Setting next_dagrun for example_xcom to 2021-01-01 00:00:00+00:00, run_after=2021-01-01 00:00:00+00:00
[2026-07-24T19:47:43.747+0000] {processor.py:183} INFO - Processing /home/airflow/.local/lib/python3.12/site-packages/airflow/example_dags/example_xcom.py took 0.113 seconds
[2026-07-24T19:48:14.309+0000] {processor.py:161} INFO - Started process (PID=22704) to work on /home/airflow/.local/lib/python3.12/site-packages/airflow/example_dags/example_xcom.py
[2026-07-24T19:48:14.317+0000] {processor.py:830} INFO - Processing file /home/airflow/.local/lib/python3.12/site-packages/airflow/example_dags/example_xcom.py for tasks to queue
[2026-07-24T19:48:14.325+0000] {logging_mixin.py:188} INFO - [2026-07-24T19:48:14.324+0000] {dagbag.py:545} INFO - Filling up the DagBag from /home/airflow/.local/lib/python3.12/site-packages/airflow/example_dags/example_xcom.py
[2026-07-24T19:48:14.359+0000] {processor.py:840} INFO - DAG(s) 'example_xcom' retrieved from /home/airflow/.local/lib/python3.12/site-packages/airflow/example_dags/example_xcom.py
[2026-07-24T19:48:14.431+0000] {logging_mixin.py:188} INFO - [2026-07-24T19:48:14.430+0000] {dag.py:3089} INFO - Sync 1 DAGs
[2026-07-24T19:48:14.533+0000] {logging_mixin.py:188} INFO - [2026-07-24T19:48:14.533+0000] {dag.py:3947} INFO - Setting next_dagrun for example_xcom to 2021-01-01 00:00:00+00:00, run_after=2021-01-01 00:00:00+00:00
[2026-07-24T19:48:14.589+0000] {processor.py:183} INFO - Processing /home/airflow/.local/lib/python3.12/site-packages/airflow/example_dags/example_xcom.py took 0.301 seconds
[2026-07-24T19:48:45.043+0000] {processor.py:161} INFO - Started process (PID=22779) to work on /home/airflow/.local/lib/python3.12/site-packages/airflow/example_dags/example_xcom.py
[2026-07-24T19:48:45.045+0000] {processor.py:830} INFO - Processing file /home/airflow/.local/lib/python3.12/site-packages/airflow/example_dags/example_xcom.py for tasks to queue
[2026-07-24T19:48:45.049+0000] {logging_mixin.py:188} INFO - [2026-07-24T19:48:45.048+0000] {dagbag.py:545} INFO - Filling up the DagBag from /home/airflow/.local/lib/python3.12/site-packages/airflow/example_dags/example_xcom.py
[2026-07-24T19:48:45.064+0000] {processor.py:840} INFO - DAG(s) 'example_xcom' retrieved from /home/airflow/.local/lib/python3.12/site-packages/airflow/example_dags/example_xcom.py
[2026-07-24T19:48:45.113+0000] {logging_mixin.py:188} INFO - [2026-07-24T19:48:45.113+0000] {dag.py:3089} INFO - Sync 1 DAGs
[2026-07-24T19:48:45.160+0000] {logging_mixin.py:188} INFO - [2026-07-24T19:48:45.160+0000] {dag.py:3947} INFO - Setting next_dagrun for example_xcom to 2021-01-01 00:00:00+00:00, run_after=2021-01-01 00:00:00+00:00
[2026-07-24T19:48:45.200+0000] {processor.py:183} INFO - Processing /home/airflow/.local/lib/python3.12/site-packages/airflow/example_dags/example_xcom.py took 0.166 seconds
[2026-07-24T19:49:16.039+0000] {processor.py:161} INFO - Started process (PID=22851) to work on /home/airflow/.local/lib/python3.12/site-packages/airflow/example_dags/example_xcom.py
[2026-07-24T19:49:16.042+0000] {processor.py:830} INFO - Processing file /home/airflow/.local/lib/python3.12/site-packages/airflow/example_dags/example_xcom.py for tasks to queue
[2026-07-24T19:49:16.049+0000] {logging_mixin.py:188} INFO - [2026-07-24T19:49:16.048+0000] {dagbag.py:545} INFO - Filling up the DagBag from /home/airflow/.local/lib/python3.12/site-packages/airflow/example_dags/example_xcom.py
[2026-07-24T19:49:16.074+0000] {processor.py:840} INFO - DAG(s) 'example_xcom' retrieved from /home/airflow/.local/lib/python3.12/site-packages/airflow/example_dags/example_xcom.py
[2026-07-24T19:49:16.132+0000] {logging_mixin.py:188} INFO - [2026-07-24T19:49:16.131+0000] {dag.py:3089} INFO - Sync 1 DAGs
[2026-07-24T19:49:16.186+0000] {logging_mixin.py:188} INFO - [2026-07-24T19:49:16.185+0000] {dag.py:3947} INFO - Setting next_dagrun for example_xcom to 2021-01-01 00:00:00+00:00, run_after=2021-01-01 00:00:00+00:00
[2026-07-24T19:49:16.231+0000] {processor.py:183} INFO - Processing /home/airflow/.local/lib/python3.12/site-packages/airflow/example_dags/example_xcom.py took 0.204 seconds
[2026-07-24T19:49:47.329+0000] {processor.py:161} INFO - Started process (PID=22926) to work on /home/airflow/.local/lib/python3.12/site-packages/airflow/example_dags/example_xcom.py
[2026-07-24T19:49:47.334+0000] {processor.py:830} INFO - Processing file /home/airflow/.local/lib/python3.12/site-packages/airflow/example_dags/example_xcom.py for tasks to queue
[2026-07-24T19:49:47.341+0000] {logging_mixin.py:188} INFO - [2026-07-24T19:49:47.340+0000] {dagbag.py:545} INFO - Filling up the DagBag from /home/airflow/.local/lib/python3.12/site-packages/airflow/example_dags/example_xcom.py
[2026-07-24T19:49:47.374+0000] {processor.py:840} INFO - DAG(s) 'example_xcom' retrieved from /home/airflow/.local/lib/python3.12/site-packages/airflow/example_dags/example_xcom.py
[2026-07-24T19:49:47.452+0000] {logging_mixin.py:188} INFO - [2026-07-24T19:49:47.450+0000] {dag.py:3089} INFO - Sync 1 DAGs
[2026-07-24T19:49:47.528+0000] {logging_mixin.py:188} INFO - [2026-07-24T19:49:47.527+0000] {dag.py:3947} INFO - Setting next_dagrun for example_xcom to 2021-01-01 00:00:00+00:00, run_after=2021-01-01 00:00:00+00:00
[2026-07-24T19:49:47.598+0000] {processor.py:183} INFO - Processing /home/airflow/.local/lib/python3.12/site-packages/airflow/example_dags/example_xcom.py took 0.296 seconds
[2026-07-24T19:50:18.351+0000] {processor.py:161} INFO - Started process (PID=22999) to work on /home/airflow/.local/lib/python3.12/site-packages/airflow/example_dags/example_xcom.py
[2026-07-24T19:50:18.355+0000] {processor.py:830} INFO - Processing file /home/airflow/.local/lib/python3.12/site-packages/airflow/example_dags/example_xcom.py for tasks to queue
[2026-07-24T19:50:18.360+0000] {logging_mixin.py:188} INFO - [2026-07-24T19:50:18.359+0000] {dagbag.py:545} INFO - Filling up the DagBag from /home/airflow/.local/lib/python3.12/site-packages/airflow/example_dags/example_xcom.py
[2026-07-24T19:50:18.385+0000] {processor.py:840} INFO - DAG(s) 'example_xcom' retrieved from /home/airflow/.local/lib/python3.12/site-packages/airflow/example_dags/example_xcom.py
[2026-07-24T19:50:18.446+0000] {logging_mixin.py:188} INFO - [2026-07-24T19:50:18.445+0000] {dag.py:3089} INFO - Sync 1 DAGs
[2026-07-24T19:50:18.505+0000] {logging_mixin.py:188} INFO - [2026-07-24T19:50:18.504+0000] {dag.py:3947} INFO - Setting next_dagrun for example_xcom to 2021-01-01 00:00:00+00:00, run_after=2021-01-01 00:00:00+00:00
[2026-07-24T19:50:18.565+0000] {processor.py:183} INFO - Processing /home/airflow/.local/lib/python3.12/site-packages/airflow/example_dags/example_xcom.py took 0.227 seconds
[2026-07-24T19:50:49.535+0000] {processor.py:161} INFO - Started process (PID=23072) to work on /home/airflow/.local/lib/python3.12/site-packages/airflow/example_dags/example_xcom.py
[2026-07-24T19:50:49.539+0000] {processor.py:830} INFO - Processing file /home/airflow/.local/lib/python3.12/site-packages/airflow/example_dags/example_xcom.py for tasks to queue
[2026-07-24T19:50:49.546+0000] {logging_mixin.py:188} INFO - [2026-07-24T19:50:49.545+0000] {dagbag.py:545} INFO - Filling up the DagBag from /home/airflow/.local/lib/python3.12/site-packages/airflow/example_dags/example_xcom.py
[2026-07-24T19:50:49.589+0000] {processor.py:840} INFO - DAG(s) 'example_xcom' retrieved from /home/airflow/.local/lib/python3.12/site-packages/airflow/example_dags/example_xcom.py
[2026-07-24T19:50:49.710+0000] {logging_mixin.py:188} INFO - [2026-07-24T19:50:49.710+0000] {dag.py:3089} INFO - Sync 1 DAGs
[2026-07-24T19:50:49.754+0000] {logging_mixin.py:188} INFO - [2026-07-24T19:50:49.754+0000] {dag.py:3947} INFO - Setting next_dagrun for example_xcom to 2021-01-01 00:00:00+00:00, run_after=2021-01-01 00:00:00+00:00
[2026-07-24T19:50:49.805+0000] {processor.py:183} INFO - Processing /home/airflow/.local/lib/python3.12/site-packages/airflow/example_dags/example_xcom.py took 0.288 seconds
[2026-07-24T19:51:20.302+0000] {processor.py:161} INFO - Started process (PID=23146) to work on /home/airflow/.local/lib/python3.12/site-packages/airflow/example_dags/example_xcom.py
[2026-07-24T19:51:20.307+0000] {processor.py:830} INFO - Processing file /home/airflow/.local/lib/python3.12/site-packages/airflow/example_dags/example_xcom.py for tasks to queue
[2026-07-24T19:51:20.314+0000] {logging_mixin.py:188} INFO - [2026-07-24T19:51:20.313+0000] {dagbag.py:545} INFO - Filling up the DagBag from /home/airflow/.local/lib/python3.12/site-packages/airflow/example_dags/example_xcom.py
[2026-07-24T19:51:20.336+0000] {processor.py:840} INFO - DAG(s) 'example_xcom' retrieved from /home/airflow/.local/lib/python3.12/site-packages/airflow/example_dags/example_xcom.py
[2026-07-24T19:51:20.404+0000] {logging_mixin.py:188} INFO - [2026-07-24T19:51:20.403+0000] {dag.py:3089} INFO - Sync 1 DAGs
[2026-07-24T19:51:20.470+0000] {logging_mixin.py:188} INFO - [2026-07-24T19:51:20.469+0000] {dag.py:3947} INFO - Setting next_dagrun for example_xcom to 2021-01-01 00:00:00+00:00, run_after=2021-01-01 00:00:00+00:00
[2026-07-24T19:51:20.534+0000] {processor.py:183} INFO - Processing /home/airflow/.local/lib/python3.12/site-packages/airflow/example_dags/example_xcom.py took 0.252 seconds
