[2026-07-24T17:06:44.696+0000] {processor.py:161} INFO - Started process (PID=101) to work on /home/airflow/.local/lib/python3.12/site-packages/airflow/example_dags/example_branch_labels.py
[2026-07-24T17:06:44.716+0000] {processor.py:830} INFO - Processing file /home/airflow/.local/lib/python3.12/site-packages/airflow/example_dags/example_branch_labels.py for tasks to queue
[2026-07-24T17:06:44.727+0000] {logging_mixin.py:188} INFO - [2026-07-24T17:06:44.726+0000] {dagbag.py:545} INFO - Filling up the DagBag from /home/airflow/.local/lib/python3.12/site-packages/airflow/example_dags/example_branch_labels.py
[2026-07-24T17:06:44.829+0000] {processor.py:840} INFO - DAG(s) 'example_branch_labels' retrieved from /home/airflow/.local/lib/python3.12/site-packages/airflow/example_dags/example_branch_labels.py
[2026-07-24T17:06:45.373+0000] {logging_mixin.py:188} INFO - [2026-07-24T17:06:45.372+0000] {dag.py:3089} INFO - Sync 1 DAGs
[2026-07-24T17:06:45.613+0000] {logging_mixin.py:188} INFO - [2026-07-24T17:06:45.604+0000] {dag.py:3947} INFO - Setting next_dagrun for example_branch_labels to 2026-07-23 00:00:00+00:00, run_after=2026-07-24 00:00:00+00:00
[2026-07-24T17:06:45.692+0000] {processor.py:183} INFO - Processing /home/airflow/.local/lib/python3.12/site-packages/airflow/example_dags/example_branch_labels.py took 1.029 seconds
[2026-07-24T17:07:15.859+0000] {processor.py:161} INFO - Started process (PID=167) to work on /home/airflow/.local/lib/python3.12/site-packages/airflow/example_dags/example_branch_labels.py
[2026-07-24T17:07:15.862+0000] {processor.py:830} INFO - Processing file /home/airflow/.local/lib/python3.12/site-packages/airflow/example_dags/example_branch_labels.py for tasks to queue
[2026-07-24T17:07:15.868+0000] {logging_mixin.py:188} INFO - [2026-07-24T17:07:15.867+0000] {dagbag.py:545} INFO - Filling up the DagBag from /home/airflow/.local/lib/python3.12/site-packages/airflow/example_dags/example_branch_labels.py
[2026-07-24T17:07:15.905+0000] {processor.py:840} INFO - DAG(s) 'example_branch_labels' retrieved from /home/airflow/.local/lib/python3.12/site-packages/airflow/example_dags/example_branch_labels.py
[2026-07-24T17:07:15.985+0000] {logging_mixin.py:188} INFO - [2026-07-24T17:07:15.984+0000] {dag.py:3089} INFO - Sync 1 DAGs
[2026-07-24T17:07:16.069+0000] {logging_mixin.py:188} INFO - [2026-07-24T17:07:16.068+0000] {dag.py:3947} INFO - Setting next_dagrun for example_branch_labels to 2026-07-23 00:00:00+00:00, run_after=2026-07-24 00:00:00+00:00
[2026-07-24T17:07:16.132+0000] {processor.py:183} INFO - Processing /home/airflow/.local/lib/python3.12/site-packages/airflow/example_dags/example_branch_labels.py took 0.289 seconds
[2026-07-24T17:07:46.925+0000] {processor.py:161} INFO - Started process (PID=240) to work on /home/airflow/.local/lib/python3.12/site-packages/airflow/example_dags/example_branch_labels.py
[2026-07-24T17:07:46.928+0000] {processor.py:830} INFO - Processing file /home/airflow/.local/lib/python3.12/site-packages/airflow/example_dags/example_branch_labels.py for tasks to queue
[2026-07-24T17:07:46.934+0000] {logging_mixin.py:188} INFO - [2026-07-24T17:07:46.934+0000] {dagbag.py:545} INFO - Filling up the DagBag from /home/airflow/.local/lib/python3.12/site-packages/airflow/example_dags/example_branch_labels.py
[2026-07-24T17:07:46.953+0000] {processor.py:840} INFO - DAG(s) 'example_branch_labels' retrieved from /home/airflow/.local/lib/python3.12/site-packages/airflow/example_dags/example_branch_labels.py
[2026-07-24T17:07:47.014+0000] {logging_mixin.py:188} INFO - [2026-07-24T17:07:47.014+0000] {dag.py:3089} INFO - Sync 1 DAGs
[2026-07-24T17:07:47.076+0000] {logging_mixin.py:188} INFO - [2026-07-24T17:07:47.075+0000] {dag.py:3947} INFO - Setting next_dagrun for example_branch_labels to 2026-07-23 00:00:00+00:00, run_after=2026-07-24 00:00:00+00:00
[2026-07-24T17:07:47.125+0000] {processor.py:183} INFO - Processing /home/airflow/.local/lib/python3.12/site-packages/airflow/example_dags/example_branch_labels.py took 0.222 seconds
[2026-07-24T17:08:17.616+0000] {processor.py:161} INFO - Started process (PID=306) to work on /home/airflow/.local/lib/python3.12/site-packages/airflow/example_dags/example_branch_labels.py
[2026-07-24T17:08:17.619+0000] {processor.py:830} INFO - Processing file /home/airflow/.local/lib/python3.12/site-packages/airflow/example_dags/example_branch_labels.py for tasks to queue
[2026-07-24T17:08:17.626+0000] {logging_mixin.py:188} INFO - [2026-07-24T17:08:17.625+0000] {dagbag.py:545} INFO - Filling up the DagBag from /home/airflow/.local/lib/python3.12/site-packages/airflow/example_dags/example_branch_labels.py
[2026-07-24T17:08:17.648+0000] {processor.py:840} INFO - DAG(s) 'example_branch_labels' retrieved from /home/airflow/.local/lib/python3.12/site-packages/airflow/example_dags/example_branch_labels.py
[2026-07-24T17:08:17.707+0000] {logging_mixin.py:188} INFO - [2026-07-24T17:08:17.707+0000] {dag.py:3089} INFO - Sync 1 DAGs
[2026-07-24T17:08:17.775+0000] {logging_mixin.py:188} INFO - [2026-07-24T17:08:17.775+0000] {dag.py:3947} INFO - Setting next_dagrun for example_branch_labels to 2026-07-23 00:00:00+00:00, run_after=2026-07-24 00:00:00+00:00
[2026-07-24T17:08:17.846+0000] {processor.py:183} INFO - Processing /home/airflow/.local/lib/python3.12/site-packages/airflow/example_dags/example_branch_labels.py took 0.245 seconds
[2026-07-24T17:08:48.281+0000] {processor.py:161} INFO - Started process (PID=380) to work on /home/airflow/.local/lib/python3.12/site-packages/airflow/example_dags/example_branch_labels.py
[2026-07-24T17:08:48.285+0000] {processor.py:830} INFO - Processing file /home/airflow/.local/lib/python3.12/site-packages/airflow/example_dags/example_branch_labels.py for tasks to queue
[2026-07-24T17:08:48.293+0000] {logging_mixin.py:188} INFO - [2026-07-24T17:08:48.292+0000] {dagbag.py:545} INFO - Filling up the DagBag from /home/airflow/.local/lib/python3.12/site-packages/airflow/example_dags/example_branch_labels.py
[2026-07-24T17:08:48.325+0000] {processor.py:840} INFO - DAG(s) 'example_branch_labels' retrieved from /home/airflow/.local/lib/python3.12/site-packages/airflow/example_dags/example_branch_labels.py
[2026-07-24T17:08:48.396+0000] {logging_mixin.py:188} INFO - [2026-07-24T17:08:48.395+0000] {dag.py:3089} INFO - Sync 1 DAGs
[2026-07-24T17:08:48.479+0000] {logging_mixin.py:188} INFO - [2026-07-24T17:08:48.478+0000] {dag.py:3947} INFO - Setting next_dagrun for example_branch_labels to 2026-07-23 00:00:00+00:00, run_after=2026-07-24 00:00:00+00:00
[2026-07-24T17:08:48.600+0000] {processor.py:183} INFO - Processing /home/airflow/.local/lib/python3.12/site-packages/airflow/example_dags/example_branch_labels.py took 0.336 seconds
[2026-07-24T17:09:18.994+0000] {processor.py:161} INFO - Started process (PID=453) to work on /home/airflow/.local/lib/python3.12/site-packages/airflow/example_dags/example_branch_labels.py
[2026-07-24T17:09:18.997+0000] {processor.py:830} INFO - Processing file /home/airflow/.local/lib/python3.12/site-packages/airflow/example_dags/example_branch_labels.py for tasks to queue
[2026-07-24T17:09:19.002+0000] {logging_mixin.py:188} INFO - [2026-07-24T17:09:19.001+0000] {dagbag.py:545} INFO - Filling up the DagBag from /home/airflow/.local/lib/python3.12/site-packages/airflow/example_dags/example_branch_labels.py
[2026-07-24T17:09:19.015+0000] {processor.py:840} INFO - DAG(s) 'example_branch_labels' retrieved from /home/airflow/.local/lib/python3.12/site-packages/airflow/example_dags/example_branch_labels.py
[2026-07-24T17:09:19.060+0000] {logging_mixin.py:188} INFO - [2026-07-24T17:09:19.059+0000] {dag.py:3089} INFO - Sync 1 DAGs
[2026-07-24T17:09:19.101+0000] {logging_mixin.py:188} INFO - [2026-07-24T17:09:19.101+0000] {dag.py:3947} INFO - Setting next_dagrun for example_branch_labels to 2026-07-23 00:00:00+00:00, run_after=2026-07-24 00:00:00+00:00
[2026-07-24T17:09:19.147+0000] {processor.py:183} INFO - Processing /home/airflow/.local/lib/python3.12/site-packages/airflow/example_dags/example_branch_labels.py took 0.161 seconds
[2026-07-24T17:09:50.008+0000] {processor.py:161} INFO - Started process (PID=526) to work on /home/airflow/.local/lib/python3.12/site-packages/airflow/example_dags/example_branch_labels.py
[2026-07-24T17:09:50.012+0000] {processor.py:830} INFO - Processing file /home/airflow/.local/lib/python3.12/site-packages/airflow/example_dags/example_branch_labels.py for tasks to queue
[2026-07-24T17:09:50.018+0000] {logging_mixin.py:188} INFO - [2026-07-24T17:09:50.017+0000] {dagbag.py:545} INFO - Filling up the DagBag from /home/airflow/.local/lib/python3.12/site-packages/airflow/example_dags/example_branch_labels.py
[2026-07-24T17:09:50.037+0000] {processor.py:840} INFO - DAG(s) 'example_branch_labels' retrieved from /home/airflow/.local/lib/python3.12/site-packages/airflow/example_dags/example_branch_labels.py
[2026-07-24T17:09:50.093+0000] {logging_mixin.py:188} INFO - [2026-07-24T17:09:50.093+0000] {dag.py:3089} INFO - Sync 1 DAGs
[2026-07-24T17:09:50.160+0000] {logging_mixin.py:188} INFO - [2026-07-24T17:09:50.159+0000] {dag.py:3947} INFO - Setting next_dagrun for example_branch_labels to 2026-07-23 00:00:00+00:00, run_after=2026-07-24 00:00:00+00:00
[2026-07-24T17:09:50.213+0000] {processor.py:183} INFO - Processing /home/airflow/.local/lib/python3.12/site-packages/airflow/example_dags/example_branch_labels.py took 0.225 seconds
[2026-07-24T17:10:20.319+0000] {processor.py:161} INFO - Started process (PID=599) to work on /home/airflow/.local/lib/python3.12/site-packages/airflow/example_dags/example_branch_labels.py
[2026-07-24T17:10:20.322+0000] {processor.py:830} INFO - Processing file /home/airflow/.local/lib/python3.12/site-packages/airflow/example_dags/example_branch_labels.py for tasks to queue
[2026-07-24T17:10:20.326+0000] {logging_mixin.py:188} INFO - [2026-07-24T17:10:20.326+0000] {dagbag.py:545} INFO - Filling up the DagBag from /home/airflow/.local/lib/python3.12/site-packages/airflow/example_dags/example_branch_labels.py
[2026-07-24T17:10:20.343+0000] {processor.py:840} INFO - DAG(s) 'example_branch_labels' retrieved from /home/airflow/.local/lib/python3.12/site-packages/airflow/example_dags/example_branch_labels.py
[2026-07-24T17:10:20.381+0000] {logging_mixin.py:188} INFO - [2026-07-24T17:10:20.380+0000] {dag.py:3089} INFO - Sync 1 DAGs
[2026-07-24T17:10:20.428+0000] {logging_mixin.py:188} INFO - [2026-07-24T17:10:20.428+0000] {dag.py:3947} INFO - Setting next_dagrun for example_branch_labels to 2026-07-23 00:00:00+00:00, run_after=2026-07-24 00:00:00+00:00
[2026-07-24T17:10:20.479+0000] {processor.py:183} INFO - Processing /home/airflow/.local/lib/python3.12/site-packages/airflow/example_dags/example_branch_labels.py took 0.168 seconds
[2026-07-24T17:10:51.297+0000] {processor.py:161} INFO - Started process (PID=673) to work on /home/airflow/.local/lib/python3.12/site-packages/airflow/example_dags/example_branch_labels.py
[2026-07-24T17:10:51.302+0000] {processor.py:830} INFO - Processing file /home/airflow/.local/lib/python3.12/site-packages/airflow/example_dags/example_branch_labels.py for tasks to queue
[2026-07-24T17:10:51.310+0000] {logging_mixin.py:188} INFO - [2026-07-24T17:10:51.308+0000] {dagbag.py:545} INFO - Filling up the DagBag from /home/airflow/.local/lib/python3.12/site-packages/airflow/example_dags/example_branch_labels.py
[2026-07-24T17:10:51.338+0000] {processor.py:840} INFO - DAG(s) 'example_branch_labels' retrieved from /home/airflow/.local/lib/python3.12/site-packages/airflow/example_dags/example_branch_labels.py
[2026-07-24T17:10:51.391+0000] {logging_mixin.py:188} INFO - [2026-07-24T17:10:51.391+0000] {dag.py:3089} INFO - Sync 1 DAGs
[2026-07-24T17:10:51.445+0000] {logging_mixin.py:188} INFO - [2026-07-24T17:10:51.444+0000] {dag.py:3947} INFO - Setting next_dagrun for example_branch_labels to 2026-07-23 00:00:00+00:00, run_after=2026-07-24 00:00:00+00:00
[2026-07-24T17:10:51.512+0000] {processor.py:183} INFO - Processing /home/airflow/.local/lib/python3.12/site-packages/airflow/example_dags/example_branch_labels.py took 0.231 seconds
[2026-07-24T17:11:22.019+0000] {processor.py:161} INFO - Started process (PID=746) to work on /home/airflow/.local/lib/python3.12/site-packages/airflow/example_dags/example_branch_labels.py
[2026-07-24T17:11:22.027+0000] {processor.py:830} INFO - Processing file /home/airflow/.local/lib/python3.12/site-packages/airflow/example_dags/example_branch_labels.py for tasks to queue
[2026-07-24T17:11:22.033+0000] {logging_mixin.py:188} INFO - [2026-07-24T17:11:22.032+0000] {dagbag.py:545} INFO - Filling up the DagBag from /home/airflow/.local/lib/python3.12/site-packages/airflow/example_dags/example_branch_labels.py
[2026-07-24T17:11:22.065+0000] {processor.py:840} INFO - DAG(s) 'example_branch_labels' retrieved from /home/airflow/.local/lib/python3.12/site-packages/airflow/example_dags/example_branch_labels.py
[2026-07-24T17:11:22.130+0000] {logging_mixin.py:188} INFO - [2026-07-24T17:11:22.129+0000] {dag.py:3089} INFO - Sync 1 DAGs
[2026-07-24T17:11:22.215+0000] {logging_mixin.py:188} INFO - [2026-07-24T17:11:22.214+0000] {dag.py:3947} INFO - Setting next_dagrun for example_branch_labels to 2026-07-23 00:00:00+00:00, run_after=2026-07-24 00:00:00+00:00
[2026-07-24T17:11:22.265+0000] {processor.py:183} INFO - Processing /home/airflow/.local/lib/python3.12/site-packages/airflow/example_dags/example_branch_labels.py took 0.259 seconds
[2026-07-24T17:11:52.846+0000] {processor.py:161} INFO - Started process (PID=821) to work on /home/airflow/.local/lib/python3.12/site-packages/airflow/example_dags/example_branch_labels.py
[2026-07-24T17:11:52.850+0000] {processor.py:830} INFO - Processing file /home/airflow/.local/lib/python3.12/site-packages/airflow/example_dags/example_branch_labels.py for tasks to queue
[2026-07-24T17:11:52.855+0000] {logging_mixin.py:188} INFO - [2026-07-24T17:11:52.854+0000] {dagbag.py:545} INFO - Filling up the DagBag from /home/airflow/.local/lib/python3.12/site-packages/airflow/example_dags/example_branch_labels.py
[2026-07-24T17:11:52.872+0000] {processor.py:840} INFO - DAG(s) 'example_branch_labels' retrieved from /home/airflow/.local/lib/python3.12/site-packages/airflow/example_dags/example_branch_labels.py
[2026-07-24T17:11:52.919+0000] {logging_mixin.py:188} INFO - [2026-07-24T17:11:52.919+0000] {dag.py:3089} INFO - Sync 1 DAGs
[2026-07-24T17:11:52.973+0000] {logging_mixin.py:188} INFO - [2026-07-24T17:11:52.972+0000] {dag.py:3947} INFO - Setting next_dagrun for example_branch_labels to 2026-07-23 00:00:00+00:00, run_after=2026-07-24 00:00:00+00:00
[2026-07-24T17:11:53.018+0000] {processor.py:183} INFO - Processing /home/airflow/.local/lib/python3.12/site-packages/airflow/example_dags/example_branch_labels.py took 0.184 seconds
[2026-07-24T17:12:25.201+0000] {processor.py:161} INFO - Started process (PID=895) to work on /home/airflow/.local/lib/python3.12/site-packages/airflow/example_dags/example_branch_labels.py
[2026-07-24T17:12:25.206+0000] {processor.py:830} INFO - Processing file /home/airflow/.local/lib/python3.12/site-packages/airflow/example_dags/example_branch_labels.py for tasks to queue
[2026-07-24T17:12:25.219+0000] {logging_mixin.py:188} INFO - [2026-07-24T17:12:25.218+0000] {dagbag.py:545} INFO - Filling up the DagBag from /home/airflow/.local/lib/python3.12/site-packages/airflow/example_dags/example_branch_labels.py
[2026-07-24T17:12:25.251+0000] {processor.py:840} INFO - DAG(s) 'example_branch_labels' retrieved from /home/airflow/.local/lib/python3.12/site-packages/airflow/example_dags/example_branch_labels.py
[2026-07-24T17:12:25.313+0000] {logging_mixin.py:188} INFO - [2026-07-24T17:12:25.313+0000] {dag.py:3089} INFO - Sync 1 DAGs
[2026-07-24T17:12:25.392+0000] {logging_mixin.py:188} INFO - [2026-07-24T17:12:25.392+0000] {dag.py:3947} INFO - Setting next_dagrun for example_branch_labels to 2026-07-23 00:00:00+00:00, run_after=2026-07-24 00:00:00+00:00
[2026-07-24T17:12:25.460+0000] {processor.py:183} INFO - Processing /home/airflow/.local/lib/python3.12/site-packages/airflow/example_dags/example_branch_labels.py took 0.275 seconds
[2026-07-24T17:12:55.820+0000] {processor.py:161} INFO - Started process (PID=968) to work on /home/airflow/.local/lib/python3.12/site-packages/airflow/example_dags/example_branch_labels.py
[2026-07-24T17:12:55.823+0000] {processor.py:830} INFO - Processing file /home/airflow/.local/lib/python3.12/site-packages/airflow/example_dags/example_branch_labels.py for tasks to queue
[2026-07-24T17:12:55.828+0000] {logging_mixin.py:188} INFO - [2026-07-24T17:12:55.827+0000] {dagbag.py:545} INFO - Filling up the DagBag from /home/airflow/.local/lib/python3.12/site-packages/airflow/example_dags/example_branch_labels.py
[2026-07-24T17:12:55.849+0000] {processor.py:840} INFO - DAG(s) 'example_branch_labels' retrieved from /home/airflow/.local/lib/python3.12/site-packages/airflow/example_dags/example_branch_labels.py
[2026-07-24T17:12:55.914+0000] {logging_mixin.py:188} INFO - [2026-07-24T17:12:55.913+0000] {dag.py:3089} INFO - Sync 1 DAGs
[2026-07-24T17:12:55.976+0000] {logging_mixin.py:188} INFO - [2026-07-24T17:12:55.975+0000] {dag.py:3947} INFO - Setting next_dagrun for example_branch_labels to 2026-07-23 00:00:00+00:00, run_after=2026-07-24 00:00:00+00:00
[2026-07-24T17:12:56.034+0000] {processor.py:183} INFO - Processing /home/airflow/.local/lib/python3.12/site-packages/airflow/example_dags/example_branch_labels.py took 0.226 seconds
[2026-07-24T17:13:26.893+0000] {processor.py:161} INFO - Started process (PID=1034) to work on /home/airflow/.local/lib/python3.12/site-packages/airflow/example_dags/example_branch_labels.py
[2026-07-24T17:13:26.895+0000] {processor.py:830} INFO - Processing file /home/airflow/.local/lib/python3.12/site-packages/airflow/example_dags/example_branch_labels.py for tasks to queue
[2026-07-24T17:13:26.899+0000] {logging_mixin.py:188} INFO - [2026-07-24T17:13:26.899+0000] {dagbag.py:545} INFO - Filling up the DagBag from /home/airflow/.local/lib/python3.12/site-packages/airflow/example_dags/example_branch_labels.py
[2026-07-24T17:13:26.912+0000] {processor.py:840} INFO - DAG(s) 'example_branch_labels' retrieved from /home/airflow/.local/lib/python3.12/site-packages/airflow/example_dags/example_branch_labels.py
[2026-07-24T17:13:26.957+0000] {logging_mixin.py:188} INFO - [2026-07-24T17:13:26.956+0000] {dag.py:3089} INFO - Sync 1 DAGs
[2026-07-24T17:13:27.007+0000] {logging_mixin.py:188} INFO - [2026-07-24T17:13:27.007+0000] {dag.py:3947} INFO - Setting next_dagrun for example_branch_labels to 2026-07-23 00:00:00+00:00, run_after=2026-07-24 00:00:00+00:00
[2026-07-24T17:13:27.044+0000] {processor.py:183} INFO - Processing /home/airflow/.local/lib/python3.12/site-packages/airflow/example_dags/example_branch_labels.py took 0.161 seconds
[2026-07-24T17:13:58.894+0000] {processor.py:161} INFO - Started process (PID=1107) to work on /home/airflow/.local/lib/python3.12/site-packages/airflow/example_dags/example_branch_labels.py
[2026-07-24T17:13:58.900+0000] {processor.py:830} INFO - Processing file /home/airflow/.local/lib/python3.12/site-packages/airflow/example_dags/example_branch_labels.py for tasks to queue
[2026-07-24T17:13:58.907+0000] {logging_mixin.py:188} INFO - [2026-07-24T17:13:58.906+0000] {dagbag.py:545} INFO - Filling up the DagBag from /home/airflow/.local/lib/python3.12/site-packages/airflow/example_dags/example_branch_labels.py
[2026-07-24T17:13:58.940+0000] {processor.py:840} INFO - DAG(s) 'example_branch_labels' retrieved from /home/airflow/.local/lib/python3.12/site-packages/airflow/example_dags/example_branch_labels.py
[2026-07-24T17:13:59.036+0000] {logging_mixin.py:188} INFO - [2026-07-24T17:13:59.035+0000] {dag.py:3089} INFO - Sync 1 DAGs
[2026-07-24T17:13:59.124+0000] {logging_mixin.py:188} INFO - [2026-07-24T17:13:59.124+0000] {dag.py:3947} INFO - Setting next_dagrun for example_branch_labels to 2026-07-23 00:00:00+00:00, run_after=2026-07-24 00:00:00+00:00
[2026-07-24T17:13:59.173+0000] {processor.py:183} INFO - Processing /home/airflow/.local/lib/python3.12/site-packages/airflow/example_dags/example_branch_labels.py took 0.297 seconds
[2026-07-24T17:14:32.012+0000] {processor.py:161} INFO - Started process (PID=1181) to work on /home/airflow/.local/lib/python3.12/site-packages/airflow/example_dags/example_branch_labels.py
[2026-07-24T17:14:32.015+0000] {processor.py:830} INFO - Processing file /home/airflow/.local/lib/python3.12/site-packages/airflow/example_dags/example_branch_labels.py for tasks to queue
[2026-07-24T17:14:32.022+0000] {logging_mixin.py:188} INFO - [2026-07-24T17:14:32.021+0000] {dagbag.py:545} INFO - Filling up the DagBag from /home/airflow/.local/lib/python3.12/site-packages/airflow/example_dags/example_branch_labels.py
[2026-07-24T17:14:32.048+0000] {processor.py:840} INFO - DAG(s) 'example_branch_labels' retrieved from /home/airflow/.local/lib/python3.12/site-packages/airflow/example_dags/example_branch_labels.py
[2026-07-24T17:14:32.112+0000] {logging_mixin.py:188} INFO - [2026-07-24T17:14:32.112+0000] {dag.py:3089} INFO - Sync 1 DAGs
[2026-07-24T17:14:32.174+0000] {logging_mixin.py:188} INFO - [2026-07-24T17:14:32.174+0000] {dag.py:3947} INFO - Setting next_dagrun for example_branch_labels to 2026-07-23 00:00:00+00:00, run_after=2026-07-24 00:00:00+00:00
[2026-07-24T17:14:32.229+0000] {processor.py:183} INFO - Processing /home/airflow/.local/lib/python3.12/site-packages/airflow/example_dags/example_branch_labels.py took 0.235 seconds
[2026-07-24T17:15:02.594+0000] {processor.py:161} INFO - Started process (PID=1255) to work on /home/airflow/.local/lib/python3.12/site-packages/airflow/example_dags/example_branch_labels.py
[2026-07-24T17:15:02.597+0000] {processor.py:830} INFO - Processing file /home/airflow/.local/lib/python3.12/site-packages/airflow/example_dags/example_branch_labels.py for tasks to queue
[2026-07-24T17:15:02.602+0000] {logging_mixin.py:188} INFO - [2026-07-24T17:15:02.602+0000] {dagbag.py:545} INFO - Filling up the DagBag from /home/airflow/.local/lib/python3.12/site-packages/airflow/example_dags/example_branch_labels.py
[2026-07-24T17:15:02.618+0000] {processor.py:840} INFO - DAG(s) 'example_branch_labels' retrieved from /home/airflow/.local/lib/python3.12/site-packages/airflow/example_dags/example_branch_labels.py
[2026-07-24T17:15:02.654+0000] {logging_mixin.py:188} INFO - [2026-07-24T17:15:02.654+0000] {dag.py:3089} INFO - Sync 1 DAGs
[2026-07-24T17:15:02.688+0000] {logging_mixin.py:188} INFO - [2026-07-24T17:15:02.688+0000] {dag.py:3947} INFO - Setting next_dagrun for example_branch_labels to 2026-07-23 00:00:00+00:00, run_after=2026-07-24 00:00:00+00:00
[2026-07-24T17:15:02.745+0000] {processor.py:183} INFO - Processing /home/airflow/.local/lib/python3.12/site-packages/airflow/example_dags/example_branch_labels.py took 0.165 seconds
[2026-07-24T17:15:33.820+0000] {processor.py:161} INFO - Started process (PID=1328) to work on /home/airflow/.local/lib/python3.12/site-packages/airflow/example_dags/example_branch_labels.py
[2026-07-24T17:15:33.823+0000] {processor.py:830} INFO - Processing file /home/airflow/.local/lib/python3.12/site-packages/airflow/example_dags/example_branch_labels.py for tasks to queue
[2026-07-24T17:15:33.828+0000] {logging_mixin.py:188} INFO - [2026-07-24T17:15:33.828+0000] {dagbag.py:545} INFO - Filling up the DagBag from /home/airflow/.local/lib/python3.12/site-packages/airflow/example_dags/example_branch_labels.py
[2026-07-24T17:15:33.844+0000] {processor.py:840} INFO - DAG(s) 'example_branch_labels' retrieved from /home/airflow/.local/lib/python3.12/site-packages/airflow/example_dags/example_branch_labels.py
[2026-07-24T17:15:33.887+0000] {logging_mixin.py:188} INFO - [2026-07-24T17:15:33.887+0000] {dag.py:3089} INFO - Sync 1 DAGs
[2026-07-24T17:15:33.929+0000] {logging_mixin.py:188} INFO - [2026-07-24T17:15:33.929+0000] {dag.py:3947} INFO - Setting next_dagrun for example_branch_labels to 2026-07-23 00:00:00+00:00, run_after=2026-07-24 00:00:00+00:00
[2026-07-24T17:15:33.979+0000] {processor.py:183} INFO - Processing /home/airflow/.local/lib/python3.12/site-packages/airflow/example_dags/example_branch_labels.py took 0.169 seconds
[2026-07-24T17:16:05.492+0000] {processor.py:161} INFO - Started process (PID=1402) to work on /home/airflow/.local/lib/python3.12/site-packages/airflow/example_dags/example_branch_labels.py
[2026-07-24T17:16:05.495+0000] {processor.py:830} INFO - Processing file /home/airflow/.local/lib/python3.12/site-packages/airflow/example_dags/example_branch_labels.py for tasks to queue
[2026-07-24T17:16:05.500+0000] {logging_mixin.py:188} INFO - [2026-07-24T17:16:05.499+0000] {dagbag.py:545} INFO - Filling up the DagBag from /home/airflow/.local/lib/python3.12/site-packages/airflow/example_dags/example_branch_labels.py
[2026-07-24T17:16:05.518+0000] {processor.py:840} INFO - DAG(s) 'example_branch_labels' retrieved from /home/airflow/.local/lib/python3.12/site-packages/airflow/example_dags/example_branch_labels.py
[2026-07-24T17:16:05.555+0000] {logging_mixin.py:188} INFO - [2026-07-24T17:16:05.554+0000] {dag.py:3089} INFO - Sync 1 DAGs
[2026-07-24T17:16:05.595+0000] {logging_mixin.py:188} INFO - [2026-07-24T17:16:05.594+0000] {dag.py:3947} INFO - Setting next_dagrun for example_branch_labels to 2026-07-23 00:00:00+00:00, run_after=2026-07-24 00:00:00+00:00
[2026-07-24T17:16:05.633+0000] {processor.py:183} INFO - Processing /home/airflow/.local/lib/python3.12/site-packages/airflow/example_dags/example_branch_labels.py took 0.149 seconds
[2026-07-24T17:16:37.222+0000] {processor.py:161} INFO - Started process (PID=1475) to work on /home/airflow/.local/lib/python3.12/site-packages/airflow/example_dags/example_branch_labels.py
[2026-07-24T17:16:37.225+0000] {processor.py:830} INFO - Processing file /home/airflow/.local/lib/python3.12/site-packages/airflow/example_dags/example_branch_labels.py for tasks to queue
[2026-07-24T17:16:37.230+0000] {logging_mixin.py:188} INFO - [2026-07-24T17:16:37.230+0000] {dagbag.py:545} INFO - Filling up the DagBag from /home/airflow/.local/lib/python3.12/site-packages/airflow/example_dags/example_branch_labels.py
[2026-07-24T17:16:37.251+0000] {processor.py:840} INFO - DAG(s) 'example_branch_labels' retrieved from /home/airflow/.local/lib/python3.12/site-packages/airflow/example_dags/example_branch_labels.py
[2026-07-24T17:16:37.299+0000] {logging_mixin.py:188} INFO - [2026-07-24T17:16:37.298+0000] {dag.py:3089} INFO - Sync 1 DAGs
[2026-07-24T17:16:37.356+0000] {logging_mixin.py:188} INFO - [2026-07-24T17:16:37.355+0000] {dag.py:3947} INFO - Setting next_dagrun for example_branch_labels to 2026-07-23 00:00:00+00:00, run_after=2026-07-24 00:00:00+00:00
[2026-07-24T17:16:37.414+0000] {processor.py:183} INFO - Processing /home/airflow/.local/lib/python3.12/site-packages/airflow/example_dags/example_branch_labels.py took 0.204 seconds
[2026-07-24T17:17:08.359+0000] {processor.py:161} INFO - Started process (PID=1549) to work on /home/airflow/.local/lib/python3.12/site-packages/airflow/example_dags/example_branch_labels.py
[2026-07-24T17:17:08.362+0000] {processor.py:830} INFO - Processing file /home/airflow/.local/lib/python3.12/site-packages/airflow/example_dags/example_branch_labels.py for tasks to queue
[2026-07-24T17:17:08.368+0000] {logging_mixin.py:188} INFO - [2026-07-24T17:17:08.366+0000] {dagbag.py:545} INFO - Filling up the DagBag from /home/airflow/.local/lib/python3.12/site-packages/airflow/example_dags/example_branch_labels.py
[2026-07-24T17:17:08.387+0000] {processor.py:840} INFO - DAG(s) 'example_branch_labels' retrieved from /home/airflow/.local/lib/python3.12/site-packages/airflow/example_dags/example_branch_labels.py
[2026-07-24T17:17:08.468+0000] {logging_mixin.py:188} INFO - [2026-07-24T17:17:08.468+0000] {dag.py:3089} INFO - Sync 1 DAGs
[2026-07-24T17:17:08.533+0000] {logging_mixin.py:188} INFO - [2026-07-24T17:17:08.532+0000] {dag.py:3947} INFO - Setting next_dagrun for example_branch_labels to 2026-07-23 00:00:00+00:00, run_after=2026-07-24 00:00:00+00:00
[2026-07-24T17:17:08.588+0000] {processor.py:183} INFO - Processing /home/airflow/.local/lib/python3.12/site-packages/airflow/example_dags/example_branch_labels.py took 0.245 seconds
[2026-07-24T17:17:40.819+0000] {processor.py:161} INFO - Started process (PID=1629) to work on /home/airflow/.local/lib/python3.12/site-packages/airflow/example_dags/example_branch_labels.py
[2026-07-24T17:17:40.822+0000] {processor.py:830} INFO - Processing file /home/airflow/.local/lib/python3.12/site-packages/airflow/example_dags/example_branch_labels.py for tasks to queue
[2026-07-24T17:17:40.827+0000] {logging_mixin.py:188} INFO - [2026-07-24T17:17:40.827+0000] {dagbag.py:545} INFO - Filling up the DagBag from /home/airflow/.local/lib/python3.12/site-packages/airflow/example_dags/example_branch_labels.py
[2026-07-24T17:17:40.844+0000] {processor.py:840} INFO - DAG(s) 'example_branch_labels' retrieved from /home/airflow/.local/lib/python3.12/site-packages/airflow/example_dags/example_branch_labels.py
[2026-07-24T17:17:40.904+0000] {logging_mixin.py:188} INFO - [2026-07-24T17:17:40.904+0000] {dag.py:3089} INFO - Sync 1 DAGs
[2026-07-24T17:17:40.977+0000] {logging_mixin.py:188} INFO - [2026-07-24T17:17:40.976+0000] {dag.py:3947} INFO - Setting next_dagrun for example_branch_labels to 2026-07-23 00:00:00+00:00, run_after=2026-07-24 00:00:00+00:00
[2026-07-24T17:17:41.058+0000] {processor.py:183} INFO - Processing /home/airflow/.local/lib/python3.12/site-packages/airflow/example_dags/example_branch_labels.py took 0.248 seconds
[2026-07-24T17:18:12.679+0000] {processor.py:161} INFO - Started process (PID=1695) to work on /home/airflow/.local/lib/python3.12/site-packages/airflow/example_dags/example_branch_labels.py
[2026-07-24T17:18:12.682+0000] {processor.py:830} INFO - Processing file /home/airflow/.local/lib/python3.12/site-packages/airflow/example_dags/example_branch_labels.py for tasks to queue
[2026-07-24T17:18:12.686+0000] {logging_mixin.py:188} INFO - [2026-07-24T17:18:12.685+0000] {dagbag.py:545} INFO - Filling up the DagBag from /home/airflow/.local/lib/python3.12/site-packages/airflow/example_dags/example_branch_labels.py
[2026-07-24T17:18:12.697+0000] {processor.py:840} INFO - DAG(s) 'example_branch_labels' retrieved from /home/airflow/.local/lib/python3.12/site-packages/airflow/example_dags/example_branch_labels.py
[2026-07-24T17:18:12.727+0000] {logging_mixin.py:188} INFO - [2026-07-24T17:18:12.727+0000] {dag.py:3089} INFO - Sync 1 DAGs
[2026-07-24T17:18:12.757+0000] {logging_mixin.py:188} INFO - [2026-07-24T17:18:12.757+0000] {dag.py:3947} INFO - Setting next_dagrun for example_branch_labels to 2026-07-23 00:00:00+00:00, run_after=2026-07-24 00:00:00+00:00
[2026-07-24T17:18:12.808+0000] {processor.py:183} INFO - Processing /home/airflow/.local/lib/python3.12/site-packages/airflow/example_dags/example_branch_labels.py took 0.135 seconds
[2026-07-24T17:18:43.501+0000] {processor.py:161} INFO - Started process (PID=1769) to work on /home/airflow/.local/lib/python3.12/site-packages/airflow/example_dags/example_branch_labels.py
[2026-07-24T17:18:43.503+0000] {processor.py:830} INFO - Processing file /home/airflow/.local/lib/python3.12/site-packages/airflow/example_dags/example_branch_labels.py for tasks to queue
[2026-07-24T17:18:43.509+0000] {logging_mixin.py:188} INFO - [2026-07-24T17:18:43.508+0000] {dagbag.py:545} INFO - Filling up the DagBag from /home/airflow/.local/lib/python3.12/site-packages/airflow/example_dags/example_branch_labels.py
[2026-07-24T17:18:43.524+0000] {processor.py:840} INFO - DAG(s) 'example_branch_labels' retrieved from /home/airflow/.local/lib/python3.12/site-packages/airflow/example_dags/example_branch_labels.py
[2026-07-24T17:18:43.566+0000] {logging_mixin.py:188} INFO - [2026-07-24T17:18:43.566+0000] {dag.py:3089} INFO - Sync 1 DAGs
[2026-07-24T17:18:43.612+0000] {logging_mixin.py:188} INFO - [2026-07-24T17:18:43.612+0000] {dag.py:3947} INFO - Setting next_dagrun for example_branch_labels to 2026-07-23 00:00:00+00:00, run_after=2026-07-24 00:00:00+00:00
[2026-07-24T17:18:43.652+0000] {processor.py:183} INFO - Processing /home/airflow/.local/lib/python3.12/site-packages/airflow/example_dags/example_branch_labels.py took 0.162 seconds
[2026-07-24T17:19:14.689+0000] {processor.py:161} INFO - Started process (PID=1841) to work on /home/airflow/.local/lib/python3.12/site-packages/airflow/example_dags/example_branch_labels.py
[2026-07-24T17:19:14.692+0000] {processor.py:830} INFO - Processing file /home/airflow/.local/lib/python3.12/site-packages/airflow/example_dags/example_branch_labels.py for tasks to queue
[2026-07-24T17:19:14.695+0000] {logging_mixin.py:188} INFO - [2026-07-24T17:19:14.695+0000] {dagbag.py:545} INFO - Filling up the DagBag from /home/airflow/.local/lib/python3.12/site-packages/airflow/example_dags/example_branch_labels.py
[2026-07-24T17:19:14.706+0000] {processor.py:840} INFO - DAG(s) 'example_branch_labels' retrieved from /home/airflow/.local/lib/python3.12/site-packages/airflow/example_dags/example_branch_labels.py
[2026-07-24T17:19:14.740+0000] {logging_mixin.py:188} INFO - [2026-07-24T17:19:14.739+0000] {dag.py:3089} INFO - Sync 1 DAGs
[2026-07-24T17:19:14.771+0000] {logging_mixin.py:188} INFO - [2026-07-24T17:19:14.771+0000] {dag.py:3947} INFO - Setting next_dagrun for example_branch_labels to 2026-07-23 00:00:00+00:00, run_after=2026-07-24 00:00:00+00:00
[2026-07-24T17:19:14.831+0000] {processor.py:183} INFO - Processing /home/airflow/.local/lib/python3.12/site-packages/airflow/example_dags/example_branch_labels.py took 0.149 seconds
[2026-07-24T17:19:47.451+0000] {processor.py:161} INFO - Started process (PID=1914) to work on /home/airflow/.local/lib/python3.12/site-packages/airflow/example_dags/example_branch_labels.py
[2026-07-24T17:19:47.454+0000] {processor.py:830} INFO - Processing file /home/airflow/.local/lib/python3.12/site-packages/airflow/example_dags/example_branch_labels.py for tasks to queue
[2026-07-24T17:19:47.460+0000] {logging_mixin.py:188} INFO - [2026-07-24T17:19:47.459+0000] {dagbag.py:545} INFO - Filling up the DagBag from /home/airflow/.local/lib/python3.12/site-packages/airflow/example_dags/example_branch_labels.py
[2026-07-24T17:19:47.477+0000] {processor.py:840} INFO - DAG(s) 'example_branch_labels' retrieved from /home/airflow/.local/lib/python3.12/site-packages/airflow/example_dags/example_branch_labels.py
[2026-07-24T17:19:47.521+0000] {logging_mixin.py:188} INFO - [2026-07-24T17:19:47.521+0000] {dag.py:3089} INFO - Sync 1 DAGs
[2026-07-24T17:19:47.563+0000] {logging_mixin.py:188} INFO - [2026-07-24T17:19:47.563+0000] {dag.py:3947} INFO - Setting next_dagrun for example_branch_labels to 2026-07-23 00:00:00+00:00, run_after=2026-07-24 00:00:00+00:00
[2026-07-24T17:19:47.595+0000] {processor.py:183} INFO - Processing /home/airflow/.local/lib/python3.12/site-packages/airflow/example_dags/example_branch_labels.py took 0.155 seconds
[2026-07-24T17:20:19.321+0000] {processor.py:161} INFO - Started process (PID=1987) to work on /home/airflow/.local/lib/python3.12/site-packages/airflow/example_dags/example_branch_labels.py
[2026-07-24T17:20:19.324+0000] {processor.py:830} INFO - Processing file /home/airflow/.local/lib/python3.12/site-packages/airflow/example_dags/example_branch_labels.py for tasks to queue
[2026-07-24T17:20:19.328+0000] {logging_mixin.py:188} INFO - [2026-07-24T17:20:19.327+0000] {dagbag.py:545} INFO - Filling up the DagBag from /home/airflow/.local/lib/python3.12/site-packages/airflow/example_dags/example_branch_labels.py
[2026-07-24T17:20:19.340+0000] {processor.py:840} INFO - DAG(s) 'example_branch_labels' retrieved from /home/airflow/.local/lib/python3.12/site-packages/airflow/example_dags/example_branch_labels.py
[2026-07-24T17:20:19.374+0000] {logging_mixin.py:188} INFO - [2026-07-24T17:20:19.373+0000] {dag.py:3089} INFO - Sync 1 DAGs
[2026-07-24T17:20:19.406+0000] {logging_mixin.py:188} INFO - [2026-07-24T17:20:19.406+0000] {dag.py:3947} INFO - Setting next_dagrun for example_branch_labels to 2026-07-23 00:00:00+00:00, run_after=2026-07-24 00:00:00+00:00
[2026-07-24T17:20:19.447+0000] {processor.py:183} INFO - Processing /home/airflow/.local/lib/python3.12/site-packages/airflow/example_dags/example_branch_labels.py took 0.135 seconds
[2026-07-24T17:20:51.970+0000] {processor.py:161} INFO - Started process (PID=2061) to work on /home/airflow/.local/lib/python3.12/site-packages/airflow/example_dags/example_branch_labels.py
[2026-07-24T17:20:51.973+0000] {processor.py:830} INFO - Processing file /home/airflow/.local/lib/python3.12/site-packages/airflow/example_dags/example_branch_labels.py for tasks to queue
[2026-07-24T17:20:51.977+0000] {logging_mixin.py:188} INFO - [2026-07-24T17:20:51.976+0000] {dagbag.py:545} INFO - Filling up the DagBag from /home/airflow/.local/lib/python3.12/site-packages/airflow/example_dags/example_branch_labels.py
[2026-07-24T17:20:51.993+0000] {processor.py:840} INFO - DAG(s) 'example_branch_labels' retrieved from /home/airflow/.local/lib/python3.12/site-packages/airflow/example_dags/example_branch_labels.py
[2026-07-24T17:20:52.042+0000] {logging_mixin.py:188} INFO - [2026-07-24T17:20:52.041+0000] {dag.py:3089} INFO - Sync 1 DAGs
[2026-07-24T17:20:52.092+0000] {logging_mixin.py:188} INFO - [2026-07-24T17:20:52.092+0000] {dag.py:3947} INFO - Setting next_dagrun for example_branch_labels to 2026-07-23 00:00:00+00:00, run_after=2026-07-24 00:00:00+00:00
[2026-07-24T17:20:52.142+0000] {processor.py:183} INFO - Processing /home/airflow/.local/lib/python3.12/site-packages/airflow/example_dags/example_branch_labels.py took 0.180 seconds
[2026-07-24T17:21:22.702+0000] {processor.py:161} INFO - Started process (PID=2134) to work on /home/airflow/.local/lib/python3.12/site-packages/airflow/example_dags/example_branch_labels.py
[2026-07-24T17:21:22.706+0000] {processor.py:830} INFO - Processing file /home/airflow/.local/lib/python3.12/site-packages/airflow/example_dags/example_branch_labels.py for tasks to queue
[2026-07-24T17:21:22.711+0000] {logging_mixin.py:188} INFO - [2026-07-24T17:21:22.710+0000] {dagbag.py:545} INFO - Filling up the DagBag from /home/airflow/.local/lib/python3.12/site-packages/airflow/example_dags/example_branch_labels.py
[2026-07-24T17:21:22.729+0000] {processor.py:840} INFO - DAG(s) 'example_branch_labels' retrieved from /home/airflow/.local/lib/python3.12/site-packages/airflow/example_dags/example_branch_labels.py
[2026-07-24T17:21:22.767+0000] {logging_mixin.py:188} INFO - [2026-07-24T17:21:22.767+0000] {dag.py:3089} INFO - Sync 1 DAGs
[2026-07-24T17:21:22.803+0000] {logging_mixin.py:188} INFO - [2026-07-24T17:21:22.803+0000] {dag.py:3947} INFO - Setting next_dagrun for example_branch_labels to 2026-07-23 00:00:00+00:00, run_after=2026-07-24 00:00:00+00:00
[2026-07-24T17:21:23.107+0000] {processor.py:183} INFO - Processing /home/airflow/.local/lib/python3.12/site-packages/airflow/example_dags/example_branch_labels.py took 0.415 seconds
[2026-07-24T17:21:53.858+0000] {processor.py:161} INFO - Started process (PID=2207) to work on /home/airflow/.local/lib/python3.12/site-packages/airflow/example_dags/example_branch_labels.py
[2026-07-24T17:21:53.861+0000] {processor.py:830} INFO - Processing file /home/airflow/.local/lib/python3.12/site-packages/airflow/example_dags/example_branch_labels.py for tasks to queue
[2026-07-24T17:21:53.865+0000] {logging_mixin.py:188} INFO - [2026-07-24T17:21:53.865+0000] {dagbag.py:545} INFO - Filling up the DagBag from /home/airflow/.local/lib/python3.12/site-packages/airflow/example_dags/example_branch_labels.py
[2026-07-24T17:21:53.884+0000] {processor.py:840} INFO - DAG(s) 'example_branch_labels' retrieved from /home/airflow/.local/lib/python3.12/site-packages/airflow/example_dags/example_branch_labels.py
[2026-07-24T17:21:53.928+0000] {logging_mixin.py:188} INFO - [2026-07-24T17:21:53.928+0000] {dag.py:3089} INFO - Sync 1 DAGs
[2026-07-24T17:21:53.973+0000] {logging_mixin.py:188} INFO - [2026-07-24T17:21:53.972+0000] {dag.py:3947} INFO - Setting next_dagrun for example_branch_labels to 2026-07-23 00:00:00+00:00, run_after=2026-07-24 00:00:00+00:00
[2026-07-24T17:21:54.006+0000] {processor.py:183} INFO - Processing /home/airflow/.local/lib/python3.12/site-packages/airflow/example_dags/example_branch_labels.py took 0.158 seconds
[2026-07-24T17:22:25.101+0000] {processor.py:161} INFO - Started process (PID=2280) to work on /home/airflow/.local/lib/python3.12/site-packages/airflow/example_dags/example_branch_labels.py
[2026-07-24T17:22:25.104+0000] {processor.py:830} INFO - Processing file /home/airflow/.local/lib/python3.12/site-packages/airflow/example_dags/example_branch_labels.py for tasks to queue
[2026-07-24T17:22:25.109+0000] {logging_mixin.py:188} INFO - [2026-07-24T17:22:25.108+0000] {dagbag.py:545} INFO - Filling up the DagBag from /home/airflow/.local/lib/python3.12/site-packages/airflow/example_dags/example_branch_labels.py
[2026-07-24T17:22:25.123+0000] {processor.py:840} INFO - DAG(s) 'example_branch_labels' retrieved from /home/airflow/.local/lib/python3.12/site-packages/airflow/example_dags/example_branch_labels.py
[2026-07-24T17:22:25.163+0000] {logging_mixin.py:188} INFO - [2026-07-24T17:22:25.162+0000] {dag.py:3089} INFO - Sync 1 DAGs
[2026-07-24T17:22:25.203+0000] {logging_mixin.py:188} INFO - [2026-07-24T17:22:25.202+0000] {dag.py:3947} INFO - Setting next_dagrun for example_branch_labels to 2026-07-23 00:00:00+00:00, run_after=2026-07-24 00:00:00+00:00
[2026-07-24T17:22:25.247+0000] {processor.py:183} INFO - Processing /home/airflow/.local/lib/python3.12/site-packages/airflow/example_dags/example_branch_labels.py took 0.153 seconds
[2026-07-24T17:22:57.820+0000] {processor.py:161} INFO - Started process (PID=2361) to work on /home/airflow/.local/lib/python3.12/site-packages/airflow/example_dags/example_branch_labels.py
[2026-07-24T17:22:57.824+0000] {processor.py:830} INFO - Processing file /home/airflow/.local/lib/python3.12/site-packages/airflow/example_dags/example_branch_labels.py for tasks to queue
[2026-07-24T17:22:57.829+0000] {logging_mixin.py:188} INFO - [2026-07-24T17:22:57.828+0000] {dagbag.py:545} INFO - Filling up the DagBag from /home/airflow/.local/lib/python3.12/site-packages/airflow/example_dags/example_branch_labels.py
[2026-07-24T17:22:57.842+0000] {processor.py:840} INFO - DAG(s) 'example_branch_labels' retrieved from /home/airflow/.local/lib/python3.12/site-packages/airflow/example_dags/example_branch_labels.py
[2026-07-24T17:22:57.884+0000] {logging_mixin.py:188} INFO - [2026-07-24T17:22:57.884+0000] {dag.py:3089} INFO - Sync 1 DAGs
[2026-07-24T17:22:57.932+0000] {logging_mixin.py:188} INFO - [2026-07-24T17:22:57.932+0000] {dag.py:3947} INFO - Setting next_dagrun for example_branch_labels to 2026-07-23 00:00:00+00:00, run_after=2026-07-24 00:00:00+00:00
[2026-07-24T17:22:57.995+0000] {processor.py:183} INFO - Processing /home/airflow/.local/lib/python3.12/site-packages/airflow/example_dags/example_branch_labels.py took 0.189 seconds
[2026-07-24T17:23:31.749+0000] {processor.py:161} INFO - Started process (PID=2433) to work on /home/airflow/.local/lib/python3.12/site-packages/airflow/example_dags/example_branch_labels.py
[2026-07-24T17:23:31.752+0000] {processor.py:830} INFO - Processing file /home/airflow/.local/lib/python3.12/site-packages/airflow/example_dags/example_branch_labels.py for tasks to queue
[2026-07-24T17:23:31.758+0000] {logging_mixin.py:188} INFO - [2026-07-24T17:23:31.757+0000] {dagbag.py:545} INFO - Filling up the DagBag from /home/airflow/.local/lib/python3.12/site-packages/airflow/example_dags/example_branch_labels.py
[2026-07-24T17:23:31.776+0000] {processor.py:840} INFO - DAG(s) 'example_branch_labels' retrieved from /home/airflow/.local/lib/python3.12/site-packages/airflow/example_dags/example_branch_labels.py
[2026-07-24T17:23:32.213+0000] {logging_mixin.py:188} INFO - [2026-07-24T17:23:32.212+0000] {dag.py:3089} INFO - Sync 1 DAGs
[2026-07-24T17:23:32.268+0000] {logging_mixin.py:188} INFO - [2026-07-24T17:23:32.267+0000] {dag.py:3947} INFO - Setting next_dagrun for example_branch_labels to 2026-07-23 00:00:00+00:00, run_after=2026-07-24 00:00:00+00:00
[2026-07-24T17:23:32.316+0000] {processor.py:183} INFO - Processing /home/airflow/.local/lib/python3.12/site-packages/airflow/example_dags/example_branch_labels.py took 0.581 seconds
[2026-07-24T17:24:02.434+0000] {processor.py:161} INFO - Started process (PID=2506) to work on /home/airflow/.local/lib/python3.12/site-packages/airflow/example_dags/example_branch_labels.py
[2026-07-24T17:24:02.437+0000] {processor.py:830} INFO - Processing file /home/airflow/.local/lib/python3.12/site-packages/airflow/example_dags/example_branch_labels.py for tasks to queue
[2026-07-24T17:24:02.442+0000] {logging_mixin.py:188} INFO - [2026-07-24T17:24:02.441+0000] {dagbag.py:545} INFO - Filling up the DagBag from /home/airflow/.local/lib/python3.12/site-packages/airflow/example_dags/example_branch_labels.py
[2026-07-24T17:24:02.460+0000] {processor.py:840} INFO - DAG(s) 'example_branch_labels' retrieved from /home/airflow/.local/lib/python3.12/site-packages/airflow/example_dags/example_branch_labels.py
[2026-07-24T17:24:02.502+0000] {logging_mixin.py:188} INFO - [2026-07-24T17:24:02.501+0000] {dag.py:3089} INFO - Sync 1 DAGs
[2026-07-24T17:24:02.557+0000] {logging_mixin.py:188} INFO - [2026-07-24T17:24:02.557+0000] {dag.py:3947} INFO - Setting next_dagrun for example_branch_labels to 2026-07-23 00:00:00+00:00, run_after=2026-07-24 00:00:00+00:00
[2026-07-24T17:24:02.607+0000] {processor.py:183} INFO - Processing /home/airflow/.local/lib/python3.12/site-packages/airflow/example_dags/example_branch_labels.py took 0.185 seconds
[2026-07-24T17:24:33.117+0000] {processor.py:161} INFO - Started process (PID=2579) to work on /home/airflow/.local/lib/python3.12/site-packages/airflow/example_dags/example_branch_labels.py
[2026-07-24T17:24:33.124+0000] {processor.py:830} INFO - Processing file /home/airflow/.local/lib/python3.12/site-packages/airflow/example_dags/example_branch_labels.py for tasks to queue
[2026-07-24T17:24:33.131+0000] {logging_mixin.py:188} INFO - [2026-07-24T17:24:33.130+0000] {dagbag.py:545} INFO - Filling up the DagBag from /home/airflow/.local/lib/python3.12/site-packages/airflow/example_dags/example_branch_labels.py
[2026-07-24T17:24:33.168+0000] {processor.py:840} INFO - DAG(s) 'example_branch_labels' retrieved from /home/airflow/.local/lib/python3.12/site-packages/airflow/example_dags/example_branch_labels.py
[2026-07-24T17:24:33.223+0000] {logging_mixin.py:188} INFO - [2026-07-24T17:24:33.223+0000] {dag.py:3089} INFO - Sync 1 DAGs
[2026-07-24T17:24:33.290+0000] {logging_mixin.py:188} INFO - [2026-07-24T17:24:33.290+0000] {dag.py:3947} INFO - Setting next_dagrun for example_branch_labels to 2026-07-23 00:00:00+00:00, run_after=2026-07-24 00:00:00+00:00
[2026-07-24T17:24:33.345+0000] {processor.py:183} INFO - Processing /home/airflow/.local/lib/python3.12/site-packages/airflow/example_dags/example_branch_labels.py took 0.251 seconds
[2026-07-24T17:25:04.082+0000] {processor.py:161} INFO - Started process (PID=2653) to work on /home/airflow/.local/lib/python3.12/site-packages/airflow/example_dags/example_branch_labels.py
[2026-07-24T17:25:04.086+0000] {processor.py:830} INFO - Processing file /home/airflow/.local/lib/python3.12/site-packages/airflow/example_dags/example_branch_labels.py for tasks to queue
[2026-07-24T17:25:04.090+0000] {logging_mixin.py:188} INFO - [2026-07-24T17:25:04.090+0000] {dagbag.py:545} INFO - Filling up the DagBag from /home/airflow/.local/lib/python3.12/site-packages/airflow/example_dags/example_branch_labels.py
[2026-07-24T17:25:04.104+0000] {processor.py:840} INFO - DAG(s) 'example_branch_labels' retrieved from /home/airflow/.local/lib/python3.12/site-packages/airflow/example_dags/example_branch_labels.py
[2026-07-24T17:25:04.150+0000] {logging_mixin.py:188} INFO - [2026-07-24T17:25:04.150+0000] {dag.py:3089} INFO - Sync 1 DAGs
[2026-07-24T17:25:04.199+0000] {logging_mixin.py:188} INFO - [2026-07-24T17:25:04.198+0000] {dag.py:3947} INFO - Setting next_dagrun for example_branch_labels to 2026-07-23 00:00:00+00:00, run_after=2026-07-24 00:00:00+00:00
[2026-07-24T17:25:04.254+0000] {processor.py:183} INFO - Processing /home/airflow/.local/lib/python3.12/site-packages/airflow/example_dags/example_branch_labels.py took 0.184 seconds
[2026-07-24T17:25:34.604+0000] {processor.py:161} INFO - Started process (PID=2727) to work on /home/airflow/.local/lib/python3.12/site-packages/airflow/example_dags/example_branch_labels.py
[2026-07-24T17:25:34.607+0000] {processor.py:830} INFO - Processing file /home/airflow/.local/lib/python3.12/site-packages/airflow/example_dags/example_branch_labels.py for tasks to queue
[2026-07-24T17:25:34.612+0000] {logging_mixin.py:188} INFO - [2026-07-24T17:25:34.611+0000] {dagbag.py:545} INFO - Filling up the DagBag from /home/airflow/.local/lib/python3.12/site-packages/airflow/example_dags/example_branch_labels.py
[2026-07-24T17:25:34.625+0000] {processor.py:840} INFO - DAG(s) 'example_branch_labels' retrieved from /home/airflow/.local/lib/python3.12/site-packages/airflow/example_dags/example_branch_labels.py
[2026-07-24T17:25:34.671+0000] {logging_mixin.py:188} INFO - [2026-07-24T17:25:34.671+0000] {dag.py:3089} INFO - Sync 1 DAGs
[2026-07-24T17:25:34.715+0000] {logging_mixin.py:188} INFO - [2026-07-24T17:25:34.714+0000] {dag.py:3947} INFO - Setting next_dagrun for example_branch_labels to 2026-07-23 00:00:00+00:00, run_after=2026-07-24 00:00:00+00:00
[2026-07-24T17:25:34.761+0000] {processor.py:183} INFO - Processing /home/airflow/.local/lib/python3.12/site-packages/airflow/example_dags/example_branch_labels.py took 0.171 seconds
[2026-07-24T17:26:05.144+0000] {processor.py:161} INFO - Started process (PID=2794) to work on /home/airflow/.local/lib/python3.12/site-packages/airflow/example_dags/example_branch_labels.py
[2026-07-24T17:26:05.148+0000] {processor.py:830} INFO - Processing file /home/airflow/.local/lib/python3.12/site-packages/airflow/example_dags/example_branch_labels.py for tasks to queue
[2026-07-24T17:26:05.154+0000] {logging_mixin.py:188} INFO - [2026-07-24T17:26:05.153+0000] {dagbag.py:545} INFO - Filling up the DagBag from /home/airflow/.local/lib/python3.12/site-packages/airflow/example_dags/example_branch_labels.py
[2026-07-24T17:26:05.176+0000] {processor.py:840} INFO - DAG(s) 'example_branch_labels' retrieved from /home/airflow/.local/lib/python3.12/site-packages/airflow/example_dags/example_branch_labels.py
[2026-07-24T17:26:05.238+0000] {logging_mixin.py:188} INFO - [2026-07-24T17:26:05.238+0000] {dag.py:3089} INFO - Sync 1 DAGs
[2026-07-24T17:26:05.306+0000] {logging_mixin.py:188} INFO - [2026-07-24T17:26:05.306+0000] {dag.py:3947} INFO - Setting next_dagrun for example_branch_labels to 2026-07-23 00:00:00+00:00, run_after=2026-07-24 00:00:00+00:00
[2026-07-24T17:26:05.371+0000] {processor.py:183} INFO - Processing /home/airflow/.local/lib/python3.12/site-packages/airflow/example_dags/example_branch_labels.py took 0.240 seconds
[2026-07-24T17:26:35.739+0000] {processor.py:161} INFO - Started process (PID=2867) to work on /home/airflow/.local/lib/python3.12/site-packages/airflow/example_dags/example_branch_labels.py
[2026-07-24T17:26:35.742+0000] {processor.py:830} INFO - Processing file /home/airflow/.local/lib/python3.12/site-packages/airflow/example_dags/example_branch_labels.py for tasks to queue
[2026-07-24T17:26:35.745+0000] {logging_mixin.py:188} INFO - [2026-07-24T17:26:35.745+0000] {dagbag.py:545} INFO - Filling up the DagBag from /home/airflow/.local/lib/python3.12/site-packages/airflow/example_dags/example_branch_labels.py
[2026-07-24T17:26:35.757+0000] {processor.py:840} INFO - DAG(s) 'example_branch_labels' retrieved from /home/airflow/.local/lib/python3.12/site-packages/airflow/example_dags/example_branch_labels.py
[2026-07-24T17:26:35.798+0000] {logging_mixin.py:188} INFO - [2026-07-24T17:26:35.798+0000] {dag.py:3089} INFO - Sync 1 DAGs
[2026-07-24T17:26:35.839+0000] {logging_mixin.py:188} INFO - [2026-07-24T17:26:35.839+0000] {dag.py:3947} INFO - Setting next_dagrun for example_branch_labels to 2026-07-23 00:00:00+00:00, run_after=2026-07-24 00:00:00+00:00
[2026-07-24T17:26:35.882+0000] {processor.py:183} INFO - Processing /home/airflow/.local/lib/python3.12/site-packages/airflow/example_dags/example_branch_labels.py took 0.151 seconds
[2026-07-24T17:27:06.436+0000] {processor.py:161} INFO - Started process (PID=2939) to work on /home/airflow/.local/lib/python3.12/site-packages/airflow/example_dags/example_branch_labels.py
[2026-07-24T17:27:06.440+0000] {processor.py:830} INFO - Processing file /home/airflow/.local/lib/python3.12/site-packages/airflow/example_dags/example_branch_labels.py for tasks to queue
[2026-07-24T17:27:06.445+0000] {logging_mixin.py:188} INFO - [2026-07-24T17:27:06.444+0000] {dagbag.py:545} INFO - Filling up the DagBag from /home/airflow/.local/lib/python3.12/site-packages/airflow/example_dags/example_branch_labels.py
[2026-07-24T17:27:06.463+0000] {processor.py:840} INFO - DAG(s) 'example_branch_labels' retrieved from /home/airflow/.local/lib/python3.12/site-packages/airflow/example_dags/example_branch_labels.py
[2026-07-24T17:27:06.509+0000] {logging_mixin.py:188} INFO - [2026-07-24T17:27:06.509+0000] {dag.py:3089} INFO - Sync 1 DAGs
[2026-07-24T17:27:06.546+0000] {logging_mixin.py:188} INFO - [2026-07-24T17:27:06.546+0000] {dag.py:3947} INFO - Setting next_dagrun for example_branch_labels to 2026-07-23 00:00:00+00:00, run_after=2026-07-24 00:00:00+00:00
[2026-07-24T17:27:06.577+0000] {processor.py:183} INFO - Processing /home/airflow/.local/lib/python3.12/site-packages/airflow/example_dags/example_branch_labels.py took 0.157 seconds
[2026-07-24T17:27:37.767+0000] {processor.py:161} INFO - Started process (PID=3012) to work on /home/airflow/.local/lib/python3.12/site-packages/airflow/example_dags/example_branch_labels.py
[2026-07-24T17:27:37.769+0000] {processor.py:830} INFO - Processing file /home/airflow/.local/lib/python3.12/site-packages/airflow/example_dags/example_branch_labels.py for tasks to queue
[2026-07-24T17:27:37.773+0000] {logging_mixin.py:188} INFO - [2026-07-24T17:27:37.772+0000] {dagbag.py:545} INFO - Filling up the DagBag from /home/airflow/.local/lib/python3.12/site-packages/airflow/example_dags/example_branch_labels.py
[2026-07-24T17:27:37.785+0000] {processor.py:840} INFO - DAG(s) 'example_branch_labels' retrieved from /home/airflow/.local/lib/python3.12/site-packages/airflow/example_dags/example_branch_labels.py
[2026-07-24T17:27:37.817+0000] {logging_mixin.py:188} INFO - [2026-07-24T17:27:37.817+0000] {dag.py:3089} INFO - Sync 1 DAGs
[2026-07-24T17:27:37.850+0000] {logging_mixin.py:188} INFO - [2026-07-24T17:27:37.849+0000] {dag.py:3947} INFO - Setting next_dagrun for example_branch_labels to 2026-07-23 00:00:00+00:00, run_after=2026-07-24 00:00:00+00:00
[2026-07-24T17:27:37.888+0000] {processor.py:183} INFO - Processing /home/airflow/.local/lib/python3.12/site-packages/airflow/example_dags/example_branch_labels.py took 0.130 seconds
[2026-07-24T17:28:08.831+0000] {processor.py:161} INFO - Started process (PID=3085) to work on /home/airflow/.local/lib/python3.12/site-packages/airflow/example_dags/example_branch_labels.py
[2026-07-24T17:28:08.833+0000] {processor.py:830} INFO - Processing file /home/airflow/.local/lib/python3.12/site-packages/airflow/example_dags/example_branch_labels.py for tasks to queue
[2026-07-24T17:28:08.838+0000] {logging_mixin.py:188} INFO - [2026-07-24T17:28:08.837+0000] {dagbag.py:545} INFO - Filling up the DagBag from /home/airflow/.local/lib/python3.12/site-packages/airflow/example_dags/example_branch_labels.py
[2026-07-24T17:28:08.864+0000] {processor.py:840} INFO - DAG(s) 'example_branch_labels' retrieved from /home/airflow/.local/lib/python3.12/site-packages/airflow/example_dags/example_branch_labels.py
[2026-07-24T17:28:08.932+0000] {logging_mixin.py:188} INFO - [2026-07-24T17:28:08.931+0000] {dag.py:3089} INFO - Sync 1 DAGs
[2026-07-24T17:28:09.002+0000] {logging_mixin.py:188} INFO - [2026-07-24T17:28:09.001+0000] {dag.py:3947} INFO - Setting next_dagrun for example_branch_labels to 2026-07-23 00:00:00+00:00, run_after=2026-07-24 00:00:00+00:00
[2026-07-24T17:28:09.052+0000] {processor.py:183} INFO - Processing /home/airflow/.local/lib/python3.12/site-packages/airflow/example_dags/example_branch_labels.py took 0.240 seconds
[2026-07-24T17:28:40.699+0000] {processor.py:161} INFO - Started process (PID=3159) to work on /home/airflow/.local/lib/python3.12/site-packages/airflow/example_dags/example_branch_labels.py
[2026-07-24T17:28:40.720+0000] {processor.py:830} INFO - Processing file /home/airflow/.local/lib/python3.12/site-packages/airflow/example_dags/example_branch_labels.py for tasks to queue
[2026-07-24T17:28:40.732+0000] {logging_mixin.py:188} INFO - [2026-07-24T17:28:40.731+0000] {dagbag.py:545} INFO - Filling up the DagBag from /home/airflow/.local/lib/python3.12/site-packages/airflow/example_dags/example_branch_labels.py
[2026-07-24T17:28:40.755+0000] {processor.py:840} INFO - DAG(s) 'example_branch_labels' retrieved from /home/airflow/.local/lib/python3.12/site-packages/airflow/example_dags/example_branch_labels.py
[2026-07-24T17:28:40.809+0000] {logging_mixin.py:188} INFO - [2026-07-24T17:28:40.808+0000] {dag.py:3089} INFO - Sync 1 DAGs
[2026-07-24T17:28:40.879+0000] {logging_mixin.py:188} INFO - [2026-07-24T17:28:40.878+0000] {dag.py:3947} INFO - Setting next_dagrun for example_branch_labels to 2026-07-23 00:00:00+00:00, run_after=2026-07-24 00:00:00+00:00
[2026-07-24T17:28:40.930+0000] {processor.py:183} INFO - Processing /home/airflow/.local/lib/python3.12/site-packages/airflow/example_dags/example_branch_labels.py took 0.267 seconds
[2026-07-24T17:29:11.197+0000] {processor.py:161} INFO - Started process (PID=3232) to work on /home/airflow/.local/lib/python3.12/site-packages/airflow/example_dags/example_branch_labels.py
[2026-07-24T17:29:11.200+0000] {processor.py:830} INFO - Processing file /home/airflow/.local/lib/python3.12/site-packages/airflow/example_dags/example_branch_labels.py for tasks to queue
[2026-07-24T17:29:11.204+0000] {logging_mixin.py:188} INFO - [2026-07-24T17:29:11.204+0000] {dagbag.py:545} INFO - Filling up the DagBag from /home/airflow/.local/lib/python3.12/site-packages/airflow/example_dags/example_branch_labels.py
[2026-07-24T17:29:11.220+0000] {processor.py:840} INFO - DAG(s) 'example_branch_labels' retrieved from /home/airflow/.local/lib/python3.12/site-packages/airflow/example_dags/example_branch_labels.py
[2026-07-24T17:29:11.266+0000] {logging_mixin.py:188} INFO - [2026-07-24T17:29:11.265+0000] {dag.py:3089} INFO - Sync 1 DAGs
[2026-07-24T17:29:11.312+0000] {logging_mixin.py:188} INFO - [2026-07-24T17:29:11.311+0000] {dag.py:3947} INFO - Setting next_dagrun for example_branch_labels to 2026-07-23 00:00:00+00:00, run_after=2026-07-24 00:00:00+00:00
[2026-07-24T17:29:11.351+0000] {processor.py:183} INFO - Processing /home/airflow/.local/lib/python3.12/site-packages/airflow/example_dags/example_branch_labels.py took 0.170 seconds
[2026-07-24T17:29:43.594+0000] {processor.py:161} INFO - Started process (PID=3313) to work on /home/airflow/.local/lib/python3.12/site-packages/airflow/example_dags/example_branch_labels.py
[2026-07-24T17:29:43.598+0000] {processor.py:830} INFO - Processing file /home/airflow/.local/lib/python3.12/site-packages/airflow/example_dags/example_branch_labels.py for tasks to queue
[2026-07-24T17:29:43.605+0000] {logging_mixin.py:188} INFO - [2026-07-24T17:29:43.604+0000] {dagbag.py:545} INFO - Filling up the DagBag from /home/airflow/.local/lib/python3.12/site-packages/airflow/example_dags/example_branch_labels.py
[2026-07-24T17:29:43.625+0000] {processor.py:840} INFO - DAG(s) 'example_branch_labels' retrieved from /home/airflow/.local/lib/python3.12/site-packages/airflow/example_dags/example_branch_labels.py
[2026-07-24T17:29:43.683+0000] {logging_mixin.py:188} INFO - [2026-07-24T17:29:43.683+0000] {dag.py:3089} INFO - Sync 1 DAGs
[2026-07-24T17:29:43.736+0000] {logging_mixin.py:188} INFO - [2026-07-24T17:29:43.735+0000] {dag.py:3947} INFO - Setting next_dagrun for example_branch_labels to 2026-07-23 00:00:00+00:00, run_after=2026-07-24 00:00:00+00:00
[2026-07-24T17:29:43.787+0000] {processor.py:183} INFO - Processing /home/airflow/.local/lib/python3.12/site-packages/airflow/example_dags/example_branch_labels.py took 0.215 seconds
[2026-07-24T17:30:15.090+0000] {processor.py:161} INFO - Started process (PID=3386) to work on /home/airflow/.local/lib/python3.12/site-packages/airflow/example_dags/example_branch_labels.py
[2026-07-24T17:30:15.094+0000] {processor.py:830} INFO - Processing file /home/airflow/.local/lib/python3.12/site-packages/airflow/example_dags/example_branch_labels.py for tasks to queue
[2026-07-24T17:30:15.100+0000] {logging_mixin.py:188} INFO - [2026-07-24T17:30:15.099+0000] {dagbag.py:545} INFO - Filling up the DagBag from /home/airflow/.local/lib/python3.12/site-packages/airflow/example_dags/example_branch_labels.py
[2026-07-24T17:30:15.133+0000] {processor.py:840} INFO - DAG(s) 'example_branch_labels' retrieved from /home/airflow/.local/lib/python3.12/site-packages/airflow/example_dags/example_branch_labels.py
[2026-07-24T17:30:15.192+0000] {logging_mixin.py:188} INFO - [2026-07-24T17:30:15.191+0000] {dag.py:3089} INFO - Sync 1 DAGs
[2026-07-24T17:30:15.239+0000] {logging_mixin.py:188} INFO - [2026-07-24T17:30:15.238+0000] {dag.py:3947} INFO - Setting next_dagrun for example_branch_labels to 2026-07-23 00:00:00+00:00, run_after=2026-07-24 00:00:00+00:00
[2026-07-24T17:30:15.277+0000] {processor.py:183} INFO - Processing /home/airflow/.local/lib/python3.12/site-packages/airflow/example_dags/example_branch_labels.py took 0.206 seconds
[2026-07-24T17:30:45.534+0000] {processor.py:161} INFO - Started process (PID=3459) to work on /home/airflow/.local/lib/python3.12/site-packages/airflow/example_dags/example_branch_labels.py
[2026-07-24T17:30:45.537+0000] {processor.py:830} INFO - Processing file /home/airflow/.local/lib/python3.12/site-packages/airflow/example_dags/example_branch_labels.py for tasks to queue
[2026-07-24T17:30:45.543+0000] {logging_mixin.py:188} INFO - [2026-07-24T17:30:45.542+0000] {dagbag.py:545} INFO - Filling up the DagBag from /home/airflow/.local/lib/python3.12/site-packages/airflow/example_dags/example_branch_labels.py
[2026-07-24T17:30:45.572+0000] {processor.py:840} INFO - DAG(s) 'example_branch_labels' retrieved from /home/airflow/.local/lib/python3.12/site-packages/airflow/example_dags/example_branch_labels.py
[2026-07-24T17:30:45.644+0000] {logging_mixin.py:188} INFO - [2026-07-24T17:30:45.644+0000] {dag.py:3089} INFO - Sync 1 DAGs
[2026-07-24T17:30:45.705+0000] {logging_mixin.py:188} INFO - [2026-07-24T17:30:45.704+0000] {dag.py:3947} INFO - Setting next_dagrun for example_branch_labels to 2026-07-23 00:00:00+00:00, run_after=2026-07-24 00:00:00+00:00
[2026-07-24T17:30:45.756+0000] {processor.py:183} INFO - Processing /home/airflow/.local/lib/python3.12/site-packages/airflow/example_dags/example_branch_labels.py took 0.241 seconds
[2026-07-24T17:31:16.130+0000] {processor.py:161} INFO - Started process (PID=3532) to work on /home/airflow/.local/lib/python3.12/site-packages/airflow/example_dags/example_branch_labels.py
[2026-07-24T17:31:16.133+0000] {processor.py:830} INFO - Processing file /home/airflow/.local/lib/python3.12/site-packages/airflow/example_dags/example_branch_labels.py for tasks to queue
[2026-07-24T17:31:16.137+0000] {logging_mixin.py:188} INFO - [2026-07-24T17:31:16.137+0000] {dagbag.py:545} INFO - Filling up the DagBag from /home/airflow/.local/lib/python3.12/site-packages/airflow/example_dags/example_branch_labels.py
[2026-07-24T17:31:16.152+0000] {processor.py:840} INFO - DAG(s) 'example_branch_labels' retrieved from /home/airflow/.local/lib/python3.12/site-packages/airflow/example_dags/example_branch_labels.py
[2026-07-24T17:31:16.211+0000] {logging_mixin.py:188} INFO - [2026-07-24T17:31:16.211+0000] {dag.py:3089} INFO - Sync 1 DAGs
[2026-07-24T17:31:16.267+0000] {logging_mixin.py:188} INFO - [2026-07-24T17:31:16.267+0000] {dag.py:3947} INFO - Setting next_dagrun for example_branch_labels to 2026-07-23 00:00:00+00:00, run_after=2026-07-24 00:00:00+00:00
[2026-07-24T17:31:16.338+0000] {processor.py:183} INFO - Processing /home/airflow/.local/lib/python3.12/site-packages/airflow/example_dags/example_branch_labels.py took 0.218 seconds
[2026-07-24T17:31:48.319+0000] {processor.py:161} INFO - Started process (PID=3605) to work on /home/airflow/.local/lib/python3.12/site-packages/airflow/example_dags/example_branch_labels.py
[2026-07-24T17:31:48.321+0000] {processor.py:830} INFO - Processing file /home/airflow/.local/lib/python3.12/site-packages/airflow/example_dags/example_branch_labels.py for tasks to queue
[2026-07-24T17:31:48.329+0000] {logging_mixin.py:188} INFO - [2026-07-24T17:31:48.327+0000] {dagbag.py:545} INFO - Filling up the DagBag from /home/airflow/.local/lib/python3.12/site-packages/airflow/example_dags/example_branch_labels.py
[2026-07-24T17:31:48.350+0000] {processor.py:840} INFO - DAG(s) 'example_branch_labels' retrieved from /home/airflow/.local/lib/python3.12/site-packages/airflow/example_dags/example_branch_labels.py
[2026-07-24T17:31:48.406+0000] {logging_mixin.py:188} INFO - [2026-07-24T17:31:48.405+0000] {dag.py:3089} INFO - Sync 1 DAGs
[2026-07-24T17:31:48.469+0000] {logging_mixin.py:188} INFO - [2026-07-24T17:31:48.468+0000] {dag.py:3947} INFO - Setting next_dagrun for example_branch_labels to 2026-07-23 00:00:00+00:00, run_after=2026-07-24 00:00:00+00:00
[2026-07-24T17:31:48.523+0000] {processor.py:183} INFO - Processing /home/airflow/.local/lib/python3.12/site-packages/airflow/example_dags/example_branch_labels.py took 0.213 seconds
[2026-07-24T17:32:18.680+0000] {processor.py:161} INFO - Started process (PID=3672) to work on /home/airflow/.local/lib/python3.12/site-packages/airflow/example_dags/example_branch_labels.py
[2026-07-24T17:32:18.683+0000] {processor.py:830} INFO - Processing file /home/airflow/.local/lib/python3.12/site-packages/airflow/example_dags/example_branch_labels.py for tasks to queue
[2026-07-24T17:32:18.688+0000] {logging_mixin.py:188} INFO - [2026-07-24T17:32:18.687+0000] {dagbag.py:545} INFO - Filling up the DagBag from /home/airflow/.local/lib/python3.12/site-packages/airflow/example_dags/example_branch_labels.py
[2026-07-24T17:32:18.702+0000] {processor.py:840} INFO - DAG(s) 'example_branch_labels' retrieved from /home/airflow/.local/lib/python3.12/site-packages/airflow/example_dags/example_branch_labels.py
[2026-07-24T17:32:18.742+0000] {logging_mixin.py:188} INFO - [2026-07-24T17:32:18.742+0000] {dag.py:3089} INFO - Sync 1 DAGs
[2026-07-24T17:32:18.783+0000] {logging_mixin.py:188} INFO - [2026-07-24T17:32:18.783+0000] {dag.py:3947} INFO - Setting next_dagrun for example_branch_labels to 2026-07-23 00:00:00+00:00, run_after=2026-07-24 00:00:00+00:00
[2026-07-24T17:32:18.822+0000] {processor.py:183} INFO - Processing /home/airflow/.local/lib/python3.12/site-packages/airflow/example_dags/example_branch_labels.py took 0.153 seconds
[2026-07-24T17:32:49.223+0000] {processor.py:161} INFO - Started process (PID=3746) to work on /home/airflow/.local/lib/python3.12/site-packages/airflow/example_dags/example_branch_labels.py
[2026-07-24T17:32:49.227+0000] {processor.py:830} INFO - Processing file /home/airflow/.local/lib/python3.12/site-packages/airflow/example_dags/example_branch_labels.py for tasks to queue
[2026-07-24T17:32:49.234+0000] {logging_mixin.py:188} INFO - [2026-07-24T17:32:49.232+0000] {dagbag.py:545} INFO - Filling up the DagBag from /home/airflow/.local/lib/python3.12/site-packages/airflow/example_dags/example_branch_labels.py
[2026-07-24T17:32:49.257+0000] {processor.py:840} INFO - DAG(s) 'example_branch_labels' retrieved from /home/airflow/.local/lib/python3.12/site-packages/airflow/example_dags/example_branch_labels.py
[2026-07-24T17:32:49.320+0000] {logging_mixin.py:188} INFO - [2026-07-24T17:32:49.320+0000] {dag.py:3089} INFO - Sync 1 DAGs
[2026-07-24T17:32:49.383+0000] {logging_mixin.py:188} INFO - [2026-07-24T17:32:49.383+0000] {dag.py:3947} INFO - Setting next_dagrun for example_branch_labels to 2026-07-23 00:00:00+00:00, run_after=2026-07-24 00:00:00+00:00
[2026-07-24T17:32:49.438+0000] {processor.py:183} INFO - Processing /home/airflow/.local/lib/python3.12/site-packages/airflow/example_dags/example_branch_labels.py took 0.234 seconds
[2026-07-24T17:33:20.711+0000] {processor.py:161} INFO - Started process (PID=3818) to work on /home/airflow/.local/lib/python3.12/site-packages/airflow/example_dags/example_branch_labels.py
[2026-07-24T17:33:20.713+0000] {processor.py:830} INFO - Processing file /home/airflow/.local/lib/python3.12/site-packages/airflow/example_dags/example_branch_labels.py for tasks to queue
[2026-07-24T17:33:20.717+0000] {logging_mixin.py:188} INFO - [2026-07-24T17:33:20.717+0000] {dagbag.py:545} INFO - Filling up the DagBag from /home/airflow/.local/lib/python3.12/site-packages/airflow/example_dags/example_branch_labels.py
[2026-07-24T17:33:20.728+0000] {processor.py:840} INFO - DAG(s) 'example_branch_labels' retrieved from /home/airflow/.local/lib/python3.12/site-packages/airflow/example_dags/example_branch_labels.py
[2026-07-24T17:33:20.760+0000] {logging_mixin.py:188} INFO - [2026-07-24T17:33:20.760+0000] {dag.py:3089} INFO - Sync 1 DAGs
[2026-07-24T17:33:20.791+0000] {logging_mixin.py:188} INFO - [2026-07-24T17:33:20.791+0000] {dag.py:3947} INFO - Setting next_dagrun for example_branch_labels to 2026-07-23 00:00:00+00:00, run_after=2026-07-24 00:00:00+00:00
[2026-07-24T17:33:20.821+0000] {processor.py:183} INFO - Processing /home/airflow/.local/lib/python3.12/site-packages/airflow/example_dags/example_branch_labels.py took 0.118 seconds
[2026-07-24T17:33:52.796+0000] {processor.py:161} INFO - Started process (PID=3893) to work on /home/airflow/.local/lib/python3.12/site-packages/airflow/example_dags/example_branch_labels.py
[2026-07-24T17:33:52.800+0000] {processor.py:830} INFO - Processing file /home/airflow/.local/lib/python3.12/site-packages/airflow/example_dags/example_branch_labels.py for tasks to queue
[2026-07-24T17:33:52.807+0000] {logging_mixin.py:188} INFO - [2026-07-24T17:33:52.806+0000] {dagbag.py:545} INFO - Filling up the DagBag from /home/airflow/.local/lib/python3.12/site-packages/airflow/example_dags/example_branch_labels.py
[2026-07-24T17:33:52.830+0000] {processor.py:840} INFO - DAG(s) 'example_branch_labels' retrieved from /home/airflow/.local/lib/python3.12/site-packages/airflow/example_dags/example_branch_labels.py
[2026-07-24T17:33:52.876+0000] {logging_mixin.py:188} INFO - [2026-07-24T17:33:52.876+0000] {dag.py:3089} INFO - Sync 1 DAGs
[2026-07-24T17:33:52.916+0000] {logging_mixin.py:188} INFO - [2026-07-24T17:33:52.916+0000] {dag.py:3947} INFO - Setting next_dagrun for example_branch_labels to 2026-07-23 00:00:00+00:00, run_after=2026-07-24 00:00:00+00:00
[2026-07-24T17:33:52.956+0000] {processor.py:183} INFO - Processing /home/airflow/.local/lib/python3.12/site-packages/airflow/example_dags/example_branch_labels.py took 0.186 seconds
[2026-07-24T17:34:23.541+0000] {processor.py:161} INFO - Started process (PID=3967) to work on /home/airflow/.local/lib/python3.12/site-packages/airflow/example_dags/example_branch_labels.py
[2026-07-24T17:34:23.544+0000] {processor.py:830} INFO - Processing file /home/airflow/.local/lib/python3.12/site-packages/airflow/example_dags/example_branch_labels.py for tasks to queue
[2026-07-24T17:34:23.551+0000] {logging_mixin.py:188} INFO - [2026-07-24T17:34:23.551+0000] {dagbag.py:545} INFO - Filling up the DagBag from /home/airflow/.local/lib/python3.12/site-packages/airflow/example_dags/example_branch_labels.py
[2026-07-24T17:34:23.569+0000] {processor.py:840} INFO - DAG(s) 'example_branch_labels' retrieved from /home/airflow/.local/lib/python3.12/site-packages/airflow/example_dags/example_branch_labels.py
[2026-07-24T17:34:23.612+0000] {logging_mixin.py:188} INFO - [2026-07-24T17:34:23.611+0000] {dag.py:3089} INFO - Sync 1 DAGs
[2026-07-24T17:34:23.665+0000] {logging_mixin.py:188} INFO - [2026-07-24T17:34:23.664+0000] {dag.py:3947} INFO - Setting next_dagrun for example_branch_labels to 2026-07-23 00:00:00+00:00, run_after=2026-07-24 00:00:00+00:00
[2026-07-24T17:34:23.719+0000] {processor.py:183} INFO - Processing /home/airflow/.local/lib/python3.12/site-packages/airflow/example_dags/example_branch_labels.py took 0.192 seconds
[2026-07-24T17:34:54.415+0000] {processor.py:161} INFO - Started process (PID=4040) to work on /home/airflow/.local/lib/python3.12/site-packages/airflow/example_dags/example_branch_labels.py
[2026-07-24T17:34:54.417+0000] {processor.py:830} INFO - Processing file /home/airflow/.local/lib/python3.12/site-packages/airflow/example_dags/example_branch_labels.py for tasks to queue
[2026-07-24T17:34:54.421+0000] {logging_mixin.py:188} INFO - [2026-07-24T17:34:54.420+0000] {dagbag.py:545} INFO - Filling up the DagBag from /home/airflow/.local/lib/python3.12/site-packages/airflow/example_dags/example_branch_labels.py
[2026-07-24T17:34:54.433+0000] {processor.py:840} INFO - DAG(s) 'example_branch_labels' retrieved from /home/airflow/.local/lib/python3.12/site-packages/airflow/example_dags/example_branch_labels.py
[2026-07-24T17:34:54.467+0000] {logging_mixin.py:188} INFO - [2026-07-24T17:34:54.466+0000] {dag.py:3089} INFO - Sync 1 DAGs
[2026-07-24T17:34:54.502+0000] {logging_mixin.py:188} INFO - [2026-07-24T17:34:54.502+0000] {dag.py:3947} INFO - Setting next_dagrun for example_branch_labels to 2026-07-23 00:00:00+00:00, run_after=2026-07-24 00:00:00+00:00
[2026-07-24T17:34:54.534+0000] {processor.py:183} INFO - Processing /home/airflow/.local/lib/python3.12/site-packages/airflow/example_dags/example_branch_labels.py took 0.126 seconds
[2026-07-24T17:35:25.864+0000] {processor.py:161} INFO - Started process (PID=4114) to work on /home/airflow/.local/lib/python3.12/site-packages/airflow/example_dags/example_branch_labels.py
[2026-07-24T17:35:25.867+0000] {processor.py:830} INFO - Processing file /home/airflow/.local/lib/python3.12/site-packages/airflow/example_dags/example_branch_labels.py for tasks to queue
[2026-07-24T17:35:25.871+0000] {logging_mixin.py:188} INFO - [2026-07-24T17:35:25.870+0000] {dagbag.py:545} INFO - Filling up the DagBag from /home/airflow/.local/lib/python3.12/site-packages/airflow/example_dags/example_branch_labels.py
[2026-07-24T17:35:25.883+0000] {processor.py:840} INFO - DAG(s) 'example_branch_labels' retrieved from /home/airflow/.local/lib/python3.12/site-packages/airflow/example_dags/example_branch_labels.py
[2026-07-24T17:35:25.922+0000] {logging_mixin.py:188} INFO - [2026-07-24T17:35:25.921+0000] {dag.py:3089} INFO - Sync 1 DAGs
[2026-07-24T17:35:25.970+0000] {logging_mixin.py:188} INFO - [2026-07-24T17:35:25.970+0000] {dag.py:3947} INFO - Setting next_dagrun for example_branch_labels to 2026-07-23 00:00:00+00:00, run_after=2026-07-24 00:00:00+00:00
[2026-07-24T17:35:26.011+0000] {processor.py:183} INFO - Processing /home/airflow/.local/lib/python3.12/site-packages/airflow/example_dags/example_branch_labels.py took 0.156 seconds
[2026-07-24T17:35:57.814+0000] {processor.py:161} INFO - Started process (PID=4187) to work on /home/airflow/.local/lib/python3.12/site-packages/airflow/example_dags/example_branch_labels.py
[2026-07-24T17:35:57.816+0000] {processor.py:830} INFO - Processing file /home/airflow/.local/lib/python3.12/site-packages/airflow/example_dags/example_branch_labels.py for tasks to queue
[2026-07-24T17:35:57.820+0000] {logging_mixin.py:188} INFO - [2026-07-24T17:35:57.819+0000] {dagbag.py:545} INFO - Filling up the DagBag from /home/airflow/.local/lib/python3.12/site-packages/airflow/example_dags/example_branch_labels.py
[2026-07-24T17:35:57.831+0000] {processor.py:840} INFO - DAG(s) 'example_branch_labels' retrieved from /home/airflow/.local/lib/python3.12/site-packages/airflow/example_dags/example_branch_labels.py
[2026-07-24T17:35:57.866+0000] {logging_mixin.py:188} INFO - [2026-07-24T17:35:57.865+0000] {dag.py:3089} INFO - Sync 1 DAGs
[2026-07-24T17:35:57.901+0000] {logging_mixin.py:188} INFO - [2026-07-24T17:35:57.900+0000] {dag.py:3947} INFO - Setting next_dagrun for example_branch_labels to 2026-07-23 00:00:00+00:00, run_after=2026-07-24 00:00:00+00:00
[2026-07-24T17:35:57.942+0000] {processor.py:183} INFO - Processing /home/airflow/.local/lib/python3.12/site-packages/airflow/example_dags/example_branch_labels.py took 0.137 seconds
[2026-07-24T17:36:28.174+0000] {processor.py:161} INFO - Started process (PID=4260) to work on /home/airflow/.local/lib/python3.12/site-packages/airflow/example_dags/example_branch_labels.py
[2026-07-24T17:36:28.177+0000] {processor.py:830} INFO - Processing file /home/airflow/.local/lib/python3.12/site-packages/airflow/example_dags/example_branch_labels.py for tasks to queue
[2026-07-24T17:36:28.182+0000] {logging_mixin.py:188} INFO - [2026-07-24T17:36:28.182+0000] {dagbag.py:545} INFO - Filling up the DagBag from /home/airflow/.local/lib/python3.12/site-packages/airflow/example_dags/example_branch_labels.py
[2026-07-24T17:36:28.195+0000] {processor.py:840} INFO - DAG(s) 'example_branch_labels' retrieved from /home/airflow/.local/lib/python3.12/site-packages/airflow/example_dags/example_branch_labels.py
[2026-07-24T17:36:28.235+0000] {logging_mixin.py:188} INFO - [2026-07-24T17:36:28.235+0000] {dag.py:3089} INFO - Sync 1 DAGs
[2026-07-24T17:36:28.281+0000] {logging_mixin.py:188} INFO - [2026-07-24T17:36:28.281+0000] {dag.py:3947} INFO - Setting next_dagrun for example_branch_labels to 2026-07-23 00:00:00+00:00, run_after=2026-07-24 00:00:00+00:00
[2026-07-24T17:36:28.316+0000] {processor.py:183} INFO - Processing /home/airflow/.local/lib/python3.12/site-packages/airflow/example_dags/example_branch_labels.py took 0.152 seconds
[2026-07-24T17:36:58.751+0000] {processor.py:161} INFO - Started process (PID=4333) to work on /home/airflow/.local/lib/python3.12/site-packages/airflow/example_dags/example_branch_labels.py
[2026-07-24T17:36:58.753+0000] {processor.py:830} INFO - Processing file /home/airflow/.local/lib/python3.12/site-packages/airflow/example_dags/example_branch_labels.py for tasks to queue
[2026-07-24T17:36:58.757+0000] {logging_mixin.py:188} INFO - [2026-07-24T17:36:58.756+0000] {dagbag.py:545} INFO - Filling up the DagBag from /home/airflow/.local/lib/python3.12/site-packages/airflow/example_dags/example_branch_labels.py
[2026-07-24T17:36:58.768+0000] {processor.py:840} INFO - DAG(s) 'example_branch_labels' retrieved from /home/airflow/.local/lib/python3.12/site-packages/airflow/example_dags/example_branch_labels.py
[2026-07-24T17:36:58.806+0000] {logging_mixin.py:188} INFO - [2026-07-24T17:36:58.806+0000] {dag.py:3089} INFO - Sync 1 DAGs
[2026-07-24T17:36:58.842+0000] {logging_mixin.py:188} INFO - [2026-07-24T17:36:58.841+0000] {dag.py:3947} INFO - Setting next_dagrun for example_branch_labels to 2026-07-23 00:00:00+00:00, run_after=2026-07-24 00:00:00+00:00
[2026-07-24T17:36:58.877+0000] {processor.py:183} INFO - Processing /home/airflow/.local/lib/python3.12/site-packages/airflow/example_dags/example_branch_labels.py took 0.135 seconds
[2026-07-24T17:37:31.134+0000] {processor.py:161} INFO - Started process (PID=4406) to work on /home/airflow/.local/lib/python3.12/site-packages/airflow/example_dags/example_branch_labels.py
[2026-07-24T17:37:31.136+0000] {processor.py:830} INFO - Processing file /home/airflow/.local/lib/python3.12/site-packages/airflow/example_dags/example_branch_labels.py for tasks to queue
[2026-07-24T17:37:31.140+0000] {logging_mixin.py:188} INFO - [2026-07-24T17:37:31.139+0000] {dagbag.py:545} INFO - Filling up the DagBag from /home/airflow/.local/lib/python3.12/site-packages/airflow/example_dags/example_branch_labels.py
[2026-07-24T17:37:31.151+0000] {processor.py:840} INFO - DAG(s) 'example_branch_labels' retrieved from /home/airflow/.local/lib/python3.12/site-packages/airflow/example_dags/example_branch_labels.py
[2026-07-24T17:37:31.183+0000] {logging_mixin.py:188} INFO - [2026-07-24T17:37:31.183+0000] {dag.py:3089} INFO - Sync 1 DAGs
[2026-07-24T17:37:31.214+0000] {logging_mixin.py:188} INFO - [2026-07-24T17:37:31.214+0000] {dag.py:3947} INFO - Setting next_dagrun for example_branch_labels to 2026-07-23 00:00:00+00:00, run_after=2026-07-24 00:00:00+00:00
[2026-07-24T17:37:31.246+0000] {processor.py:183} INFO - Processing /home/airflow/.local/lib/python3.12/site-packages/airflow/example_dags/example_branch_labels.py took 0.121 seconds
[2026-07-24T17:38:02.074+0000] {processor.py:161} INFO - Started process (PID=4482) to work on /home/airflow/.local/lib/python3.12/site-packages/airflow/example_dags/example_branch_labels.py
[2026-07-24T17:38:02.077+0000] {processor.py:830} INFO - Processing file /home/airflow/.local/lib/python3.12/site-packages/airflow/example_dags/example_branch_labels.py for tasks to queue
[2026-07-24T17:38:02.082+0000] {logging_mixin.py:188} INFO - [2026-07-24T17:38:02.081+0000] {dagbag.py:545} INFO - Filling up the DagBag from /home/airflow/.local/lib/python3.12/site-packages/airflow/example_dags/example_branch_labels.py
[2026-07-24T17:38:02.096+0000] {processor.py:840} INFO - DAG(s) 'example_branch_labels' retrieved from /home/airflow/.local/lib/python3.12/site-packages/airflow/example_dags/example_branch_labels.py
[2026-07-24T17:38:02.144+0000] {logging_mixin.py:188} INFO - [2026-07-24T17:38:02.144+0000] {dag.py:3089} INFO - Sync 1 DAGs
[2026-07-24T17:38:02.179+0000] {logging_mixin.py:188} INFO - [2026-07-24T17:38:02.178+0000] {dag.py:3947} INFO - Setting next_dagrun for example_branch_labels to 2026-07-23 00:00:00+00:00, run_after=2026-07-24 00:00:00+00:00
[2026-07-24T17:38:02.223+0000] {processor.py:183} INFO - Processing /home/airflow/.local/lib/python3.12/site-packages/airflow/example_dags/example_branch_labels.py took 0.162 seconds
[2026-07-24T17:38:33.774+0000] {processor.py:161} INFO - Started process (PID=4556) to work on /home/airflow/.local/lib/python3.12/site-packages/airflow/example_dags/example_branch_labels.py
[2026-07-24T17:38:33.776+0000] {processor.py:830} INFO - Processing file /home/airflow/.local/lib/python3.12/site-packages/airflow/example_dags/example_branch_labels.py for tasks to queue
[2026-07-24T17:38:33.781+0000] {logging_mixin.py:188} INFO - [2026-07-24T17:38:33.780+0000] {dagbag.py:545} INFO - Filling up the DagBag from /home/airflow/.local/lib/python3.12/site-packages/airflow/example_dags/example_branch_labels.py
[2026-07-24T17:38:33.797+0000] {processor.py:840} INFO - DAG(s) 'example_branch_labels' retrieved from /home/airflow/.local/lib/python3.12/site-packages/airflow/example_dags/example_branch_labels.py
[2026-07-24T17:38:33.841+0000] {logging_mixin.py:188} INFO - [2026-07-24T17:38:33.841+0000] {dag.py:3089} INFO - Sync 1 DAGs
[2026-07-24T17:38:33.894+0000] {logging_mixin.py:188} INFO - [2026-07-24T17:38:33.894+0000] {dag.py:3947} INFO - Setting next_dagrun for example_branch_labels to 2026-07-23 00:00:00+00:00, run_after=2026-07-24 00:00:00+00:00
[2026-07-24T17:38:33.941+0000] {processor.py:183} INFO - Processing /home/airflow/.local/lib/python3.12/site-packages/airflow/example_dags/example_branch_labels.py took 0.179 seconds
[2026-07-24T17:39:04.365+0000] {processor.py:161} INFO - Started process (PID=4629) to work on /home/airflow/.local/lib/python3.12/site-packages/airflow/example_dags/example_branch_labels.py
[2026-07-24T17:39:04.368+0000] {processor.py:830} INFO - Processing file /home/airflow/.local/lib/python3.12/site-packages/airflow/example_dags/example_branch_labels.py for tasks to queue
[2026-07-24T17:39:04.373+0000] {logging_mixin.py:188} INFO - [2026-07-24T17:39:04.372+0000] {dagbag.py:545} INFO - Filling up the DagBag from /home/airflow/.local/lib/python3.12/site-packages/airflow/example_dags/example_branch_labels.py
[2026-07-24T17:39:04.383+0000] {processor.py:840} INFO - DAG(s) 'example_branch_labels' retrieved from /home/airflow/.local/lib/python3.12/site-packages/airflow/example_dags/example_branch_labels.py
[2026-07-24T17:39:04.417+0000] {logging_mixin.py:188} INFO - [2026-07-24T17:39:04.416+0000] {dag.py:3089} INFO - Sync 1 DAGs
[2026-07-24T17:39:04.449+0000] {logging_mixin.py:188} INFO - [2026-07-24T17:39:04.448+0000] {dag.py:3947} INFO - Setting next_dagrun for example_branch_labels to 2026-07-23 00:00:00+00:00, run_after=2026-07-24 00:00:00+00:00
[2026-07-24T17:39:04.480+0000] {processor.py:183} INFO - Processing /home/airflow/.local/lib/python3.12/site-packages/airflow/example_dags/example_branch_labels.py took 0.124 seconds
[2026-07-24T17:39:36.270+0000] {processor.py:161} INFO - Started process (PID=4701) to work on /home/airflow/.local/lib/python3.12/site-packages/airflow/example_dags/example_branch_labels.py
[2026-07-24T17:39:36.274+0000] {processor.py:830} INFO - Processing file /home/airflow/.local/lib/python3.12/site-packages/airflow/example_dags/example_branch_labels.py for tasks to queue
[2026-07-24T17:39:36.278+0000] {logging_mixin.py:188} INFO - [2026-07-24T17:39:36.277+0000] {dagbag.py:545} INFO - Filling up the DagBag from /home/airflow/.local/lib/python3.12/site-packages/airflow/example_dags/example_branch_labels.py
[2026-07-24T17:39:36.292+0000] {processor.py:840} INFO - DAG(s) 'example_branch_labels' retrieved from /home/airflow/.local/lib/python3.12/site-packages/airflow/example_dags/example_branch_labels.py
[2026-07-24T17:39:36.333+0000] {logging_mixin.py:188} INFO - [2026-07-24T17:39:36.333+0000] {dag.py:3089} INFO - Sync 1 DAGs
[2026-07-24T17:39:36.381+0000] {logging_mixin.py:188} INFO - [2026-07-24T17:39:36.380+0000] {dag.py:3947} INFO - Setting next_dagrun for example_branch_labels to 2026-07-23 00:00:00+00:00, run_after=2026-07-24 00:00:00+00:00
[2026-07-24T17:39:36.431+0000] {processor.py:183} INFO - Processing /home/airflow/.local/lib/python3.12/site-packages/airflow/example_dags/example_branch_labels.py took 0.171 seconds
[2026-07-24T17:40:08.290+0000] {processor.py:161} INFO - Started process (PID=4775) to work on /home/airflow/.local/lib/python3.12/site-packages/airflow/example_dags/example_branch_labels.py
[2026-07-24T17:40:08.296+0000] {processor.py:830} INFO - Processing file /home/airflow/.local/lib/python3.12/site-packages/airflow/example_dags/example_branch_labels.py for tasks to queue
[2026-07-24T17:40:08.301+0000] {logging_mixin.py:188} INFO - [2026-07-24T17:40:08.301+0000] {dagbag.py:545} INFO - Filling up the DagBag from /home/airflow/.local/lib/python3.12/site-packages/airflow/example_dags/example_branch_labels.py
[2026-07-24T17:40:08.313+0000] {processor.py:840} INFO - DAG(s) 'example_branch_labels' retrieved from /home/airflow/.local/lib/python3.12/site-packages/airflow/example_dags/example_branch_labels.py
[2026-07-24T17:40:08.357+0000] {logging_mixin.py:188} INFO - [2026-07-24T17:40:08.356+0000] {dag.py:3089} INFO - Sync 1 DAGs
[2026-07-24T17:40:08.400+0000] {logging_mixin.py:188} INFO - [2026-07-24T17:40:08.399+0000] {dag.py:3947} INFO - Setting next_dagrun for example_branch_labels to 2026-07-23 00:00:00+00:00, run_after=2026-07-24 00:00:00+00:00
[2026-07-24T17:40:08.456+0000] {processor.py:183} INFO - Processing /home/airflow/.local/lib/python3.12/site-packages/airflow/example_dags/example_branch_labels.py took 0.177 seconds
[2026-07-24T17:40:39.001+0000] {processor.py:161} INFO - Started process (PID=4849) to work on /home/airflow/.local/lib/python3.12/site-packages/airflow/example_dags/example_branch_labels.py
[2026-07-24T17:40:39.003+0000] {processor.py:830} INFO - Processing file /home/airflow/.local/lib/python3.12/site-packages/airflow/example_dags/example_branch_labels.py for tasks to queue
[2026-07-24T17:40:39.008+0000] {logging_mixin.py:188} INFO - [2026-07-24T17:40:39.007+0000] {dagbag.py:545} INFO - Filling up the DagBag from /home/airflow/.local/lib/python3.12/site-packages/airflow/example_dags/example_branch_labels.py
[2026-07-24T17:40:39.020+0000] {processor.py:840} INFO - DAG(s) 'example_branch_labels' retrieved from /home/airflow/.local/lib/python3.12/site-packages/airflow/example_dags/example_branch_labels.py
[2026-07-24T17:40:39.062+0000] {logging_mixin.py:188} INFO - [2026-07-24T17:40:39.062+0000] {dag.py:3089} INFO - Sync 1 DAGs
[2026-07-24T17:40:39.100+0000] {logging_mixin.py:188} INFO - [2026-07-24T17:40:39.099+0000] {dag.py:3947} INFO - Setting next_dagrun for example_branch_labels to 2026-07-23 00:00:00+00:00, run_after=2026-07-24 00:00:00+00:00
[2026-07-24T17:40:39.165+0000] {processor.py:183} INFO - Processing /home/airflow/.local/lib/python3.12/site-packages/airflow/example_dags/example_branch_labels.py took 0.173 seconds
[2026-07-24T17:41:10.220+0000] {processor.py:161} INFO - Started process (PID=4921) to work on /home/airflow/.local/lib/python3.12/site-packages/airflow/example_dags/example_branch_labels.py
[2026-07-24T17:41:10.223+0000] {processor.py:830} INFO - Processing file /home/airflow/.local/lib/python3.12/site-packages/airflow/example_dags/example_branch_labels.py for tasks to queue
[2026-07-24T17:41:10.228+0000] {logging_mixin.py:188} INFO - [2026-07-24T17:41:10.228+0000] {dagbag.py:545} INFO - Filling up the DagBag from /home/airflow/.local/lib/python3.12/site-packages/airflow/example_dags/example_branch_labels.py
[2026-07-24T17:41:10.247+0000] {processor.py:840} INFO - DAG(s) 'example_branch_labels' retrieved from /home/airflow/.local/lib/python3.12/site-packages/airflow/example_dags/example_branch_labels.py
[2026-07-24T17:41:10.299+0000] {logging_mixin.py:188} INFO - [2026-07-24T17:41:10.297+0000] {dag.py:3089} INFO - Sync 1 DAGs
[2026-07-24T17:41:10.355+0000] {logging_mixin.py:188} INFO - [2026-07-24T17:41:10.354+0000] {dag.py:3947} INFO - Setting next_dagrun for example_branch_labels to 2026-07-23 00:00:00+00:00, run_after=2026-07-24 00:00:00+00:00
[2026-07-24T17:41:10.405+0000] {processor.py:183} INFO - Processing /home/airflow/.local/lib/python3.12/site-packages/airflow/example_dags/example_branch_labels.py took 0.202 seconds
[2026-07-24T17:41:41.940+0000] {processor.py:161} INFO - Started process (PID=4994) to work on /home/airflow/.local/lib/python3.12/site-packages/airflow/example_dags/example_branch_labels.py
[2026-07-24T17:41:41.943+0000] {processor.py:830} INFO - Processing file /home/airflow/.local/lib/python3.12/site-packages/airflow/example_dags/example_branch_labels.py for tasks to queue
[2026-07-24T17:41:41.948+0000] {logging_mixin.py:188} INFO - [2026-07-24T17:41:41.947+0000] {dagbag.py:545} INFO - Filling up the DagBag from /home/airflow/.local/lib/python3.12/site-packages/airflow/example_dags/example_branch_labels.py
[2026-07-24T17:41:41.965+0000] {processor.py:840} INFO - DAG(s) 'example_branch_labels' retrieved from /home/airflow/.local/lib/python3.12/site-packages/airflow/example_dags/example_branch_labels.py
[2026-07-24T17:41:42.007+0000] {logging_mixin.py:188} INFO - [2026-07-24T17:41:42.006+0000] {dag.py:3089} INFO - Sync 1 DAGs
[2026-07-24T17:41:42.085+0000] {logging_mixin.py:188} INFO - [2026-07-24T17:41:42.084+0000] {dag.py:3947} INFO - Setting next_dagrun for example_branch_labels to 2026-07-23 00:00:00+00:00, run_after=2026-07-24 00:00:00+00:00
[2026-07-24T17:41:42.137+0000] {processor.py:183} INFO - Processing /home/airflow/.local/lib/python3.12/site-packages/airflow/example_dags/example_branch_labels.py took 0.211 seconds
[2026-07-24T17:42:12.991+0000] {processor.py:161} INFO - Started process (PID=5067) to work on /home/airflow/.local/lib/python3.12/site-packages/airflow/example_dags/example_branch_labels.py
[2026-07-24T17:42:12.994+0000] {processor.py:830} INFO - Processing file /home/airflow/.local/lib/python3.12/site-packages/airflow/example_dags/example_branch_labels.py for tasks to queue
[2026-07-24T17:42:12.998+0000] {logging_mixin.py:188} INFO - [2026-07-24T17:42:12.997+0000] {dagbag.py:545} INFO - Filling up the DagBag from /home/airflow/.local/lib/python3.12/site-packages/airflow/example_dags/example_branch_labels.py
[2026-07-24T17:42:13.012+0000] {processor.py:840} INFO - DAG(s) 'example_branch_labels' retrieved from /home/airflow/.local/lib/python3.12/site-packages/airflow/example_dags/example_branch_labels.py
[2026-07-24T17:42:13.054+0000] {logging_mixin.py:188} INFO - [2026-07-24T17:42:13.053+0000] {dag.py:3089} INFO - Sync 1 DAGs
[2026-07-24T17:42:13.096+0000] {logging_mixin.py:188} INFO - [2026-07-24T17:42:13.096+0000] {dag.py:3947} INFO - Setting next_dagrun for example_branch_labels to 2026-07-23 00:00:00+00:00, run_after=2026-07-24 00:00:00+00:00
[2026-07-24T17:42:13.129+0000] {processor.py:183} INFO - Processing /home/airflow/.local/lib/python3.12/site-packages/airflow/example_dags/example_branch_labels.py took 0.147 seconds
[2026-07-24T17:42:44.079+0000] {processor.py:161} INFO - Started process (PID=5141) to work on /home/airflow/.local/lib/python3.12/site-packages/airflow/example_dags/example_branch_labels.py
[2026-07-24T17:42:44.082+0000] {processor.py:830} INFO - Processing file /home/airflow/.local/lib/python3.12/site-packages/airflow/example_dags/example_branch_labels.py for tasks to queue
[2026-07-24T17:42:44.087+0000] {logging_mixin.py:188} INFO - [2026-07-24T17:42:44.087+0000] {dagbag.py:545} INFO - Filling up the DagBag from /home/airflow/.local/lib/python3.12/site-packages/airflow/example_dags/example_branch_labels.py
[2026-07-24T17:42:44.103+0000] {processor.py:840} INFO - DAG(s) 'example_branch_labels' retrieved from /home/airflow/.local/lib/python3.12/site-packages/airflow/example_dags/example_branch_labels.py
[2026-07-24T17:42:44.146+0000] {logging_mixin.py:188} INFO - [2026-07-24T17:42:44.146+0000] {dag.py:3089} INFO - Sync 1 DAGs
[2026-07-24T17:42:44.192+0000] {logging_mixin.py:188} INFO - [2026-07-24T17:42:44.192+0000] {dag.py:3947} INFO - Setting next_dagrun for example_branch_labels to 2026-07-23 00:00:00+00:00, run_after=2026-07-24 00:00:00+00:00
[2026-07-24T17:42:44.241+0000] {processor.py:183} INFO - Processing /home/airflow/.local/lib/python3.12/site-packages/airflow/example_dags/example_branch_labels.py took 0.174 seconds
[2026-07-24T17:43:14.585+0000] {processor.py:161} INFO - Started process (PID=5214) to work on /home/airflow/.local/lib/python3.12/site-packages/airflow/example_dags/example_branch_labels.py
[2026-07-24T17:43:14.588+0000] {processor.py:830} INFO - Processing file /home/airflow/.local/lib/python3.12/site-packages/airflow/example_dags/example_branch_labels.py for tasks to queue
[2026-07-24T17:43:14.593+0000] {logging_mixin.py:188} INFO - [2026-07-24T17:43:14.592+0000] {dagbag.py:545} INFO - Filling up the DagBag from /home/airflow/.local/lib/python3.12/site-packages/airflow/example_dags/example_branch_labels.py
[2026-07-24T17:43:14.609+0000] {processor.py:840} INFO - DAG(s) 'example_branch_labels' retrieved from /home/airflow/.local/lib/python3.12/site-packages/airflow/example_dags/example_branch_labels.py
[2026-07-24T17:43:14.652+0000] {logging_mixin.py:188} INFO - [2026-07-24T17:43:14.651+0000] {dag.py:3089} INFO - Sync 1 DAGs
[2026-07-24T17:43:14.689+0000] {logging_mixin.py:188} INFO - [2026-07-24T17:43:14.689+0000] {dag.py:3947} INFO - Setting next_dagrun for example_branch_labels to 2026-07-23 00:00:00+00:00, run_after=2026-07-24 00:00:00+00:00
[2026-07-24T17:43:14.731+0000] {processor.py:183} INFO - Processing /home/airflow/.local/lib/python3.12/site-packages/airflow/example_dags/example_branch_labels.py took 0.161 seconds
[2026-07-24T17:43:45.502+0000] {processor.py:161} INFO - Started process (PID=5287) to work on /home/airflow/.local/lib/python3.12/site-packages/airflow/example_dags/example_branch_labels.py
[2026-07-24T17:43:45.504+0000] {processor.py:830} INFO - Processing file /home/airflow/.local/lib/python3.12/site-packages/airflow/example_dags/example_branch_labels.py for tasks to queue
[2026-07-24T17:43:45.508+0000] {logging_mixin.py:188} INFO - [2026-07-24T17:43:45.507+0000] {dagbag.py:545} INFO - Filling up the DagBag from /home/airflow/.local/lib/python3.12/site-packages/airflow/example_dags/example_branch_labels.py
[2026-07-24T17:43:45.519+0000] {processor.py:840} INFO - DAG(s) 'example_branch_labels' retrieved from /home/airflow/.local/lib/python3.12/site-packages/airflow/example_dags/example_branch_labels.py
[2026-07-24T17:43:45.551+0000] {logging_mixin.py:188} INFO - [2026-07-24T17:43:45.550+0000] {dag.py:3089} INFO - Sync 1 DAGs
[2026-07-24T17:43:45.596+0000] {logging_mixin.py:188} INFO - [2026-07-24T17:43:45.595+0000] {dag.py:3947} INFO - Setting next_dagrun for example_branch_labels to 2026-07-23 00:00:00+00:00, run_after=2026-07-24 00:00:00+00:00
[2026-07-24T17:43:45.644+0000] {processor.py:183} INFO - Processing /home/airflow/.local/lib/python3.12/site-packages/airflow/example_dags/example_branch_labels.py took 0.150 seconds
[2026-07-24T17:44:16.336+0000] {processor.py:161} INFO - Started process (PID=5362) to work on /home/airflow/.local/lib/python3.12/site-packages/airflow/example_dags/example_branch_labels.py
[2026-07-24T17:44:16.341+0000] {processor.py:830} INFO - Processing file /home/airflow/.local/lib/python3.12/site-packages/airflow/example_dags/example_branch_labels.py for tasks to queue
[2026-07-24T17:44:16.348+0000] {logging_mixin.py:188} INFO - [2026-07-24T17:44:16.347+0000] {dagbag.py:545} INFO - Filling up the DagBag from /home/airflow/.local/lib/python3.12/site-packages/airflow/example_dags/example_branch_labels.py
[2026-07-24T17:44:16.371+0000] {processor.py:840} INFO - DAG(s) 'example_branch_labels' retrieved from /home/airflow/.local/lib/python3.12/site-packages/airflow/example_dags/example_branch_labels.py
[2026-07-24T17:44:16.430+0000] {logging_mixin.py:188} INFO - [2026-07-24T17:44:16.430+0000] {dag.py:3089} INFO - Sync 1 DAGs
[2026-07-24T17:44:16.496+0000] {logging_mixin.py:188} INFO - [2026-07-24T17:44:16.496+0000] {dag.py:3947} INFO - Setting next_dagrun for example_branch_labels to 2026-07-23 00:00:00+00:00, run_after=2026-07-24 00:00:00+00:00
[2026-07-24T17:44:16.545+0000] {processor.py:183} INFO - Processing /home/airflow/.local/lib/python3.12/site-packages/airflow/example_dags/example_branch_labels.py took 0.229 seconds
[2026-07-24T17:44:46.945+0000] {processor.py:161} INFO - Started process (PID=5435) to work on /home/airflow/.local/lib/python3.12/site-packages/airflow/example_dags/example_branch_labels.py
[2026-07-24T17:44:46.947+0000] {processor.py:830} INFO - Processing file /home/airflow/.local/lib/python3.12/site-packages/airflow/example_dags/example_branch_labels.py for tasks to queue
[2026-07-24T17:44:46.951+0000] {logging_mixin.py:188} INFO - [2026-07-24T17:44:46.950+0000] {dagbag.py:545} INFO - Filling up the DagBag from /home/airflow/.local/lib/python3.12/site-packages/airflow/example_dags/example_branch_labels.py
[2026-07-24T17:44:46.963+0000] {processor.py:840} INFO - DAG(s) 'example_branch_labels' retrieved from /home/airflow/.local/lib/python3.12/site-packages/airflow/example_dags/example_branch_labels.py
[2026-07-24T17:44:46.998+0000] {logging_mixin.py:188} INFO - [2026-07-24T17:44:46.998+0000] {dag.py:3089} INFO - Sync 1 DAGs
[2026-07-24T17:44:47.038+0000] {logging_mixin.py:188} INFO - [2026-07-24T17:44:47.038+0000] {dag.py:3947} INFO - Setting next_dagrun for example_branch_labels to 2026-07-23 00:00:00+00:00, run_after=2026-07-24 00:00:00+00:00
[2026-07-24T17:44:47.073+0000] {processor.py:183} INFO - Processing /home/airflow/.local/lib/python3.12/site-packages/airflow/example_dags/example_branch_labels.py took 0.136 seconds
[2026-07-24T17:45:21.546+0000] {processor.py:161} INFO - Started process (PID=5509) to work on /home/airflow/.local/lib/python3.12/site-packages/airflow/example_dags/example_branch_labels.py
[2026-07-24T17:45:21.551+0000] {processor.py:830} INFO - Processing file /home/airflow/.local/lib/python3.12/site-packages/airflow/example_dags/example_branch_labels.py for tasks to queue
[2026-07-24T17:45:21.557+0000] {logging_mixin.py:188} INFO - [2026-07-24T17:45:21.556+0000] {dagbag.py:545} INFO - Filling up the DagBag from /home/airflow/.local/lib/python3.12/site-packages/airflow/example_dags/example_branch_labels.py
[2026-07-24T17:45:21.578+0000] {processor.py:840} INFO - DAG(s) 'example_branch_labels' retrieved from /home/airflow/.local/lib/python3.12/site-packages/airflow/example_dags/example_branch_labels.py
[2026-07-24T17:45:21.640+0000] {logging_mixin.py:188} INFO - [2026-07-24T17:45:21.639+0000] {dag.py:3089} INFO - Sync 1 DAGs
[2026-07-24T17:45:21.746+0000] {logging_mixin.py:188} INFO - [2026-07-24T17:45:21.745+0000] {dag.py:3947} INFO - Setting next_dagrun for example_branch_labels to 2026-07-23 00:00:00+00:00, run_after=2026-07-24 00:00:00+00:00
[2026-07-24T17:45:21.801+0000] {processor.py:183} INFO - Processing /home/airflow/.local/lib/python3.12/site-packages/airflow/example_dags/example_branch_labels.py took 0.270 seconds
[2026-07-24T17:45:52.824+0000] {processor.py:161} INFO - Started process (PID=5582) to work on /home/airflow/.local/lib/python3.12/site-packages/airflow/example_dags/example_branch_labels.py
[2026-07-24T17:45:52.827+0000] {processor.py:830} INFO - Processing file /home/airflow/.local/lib/python3.12/site-packages/airflow/example_dags/example_branch_labels.py for tasks to queue
[2026-07-24T17:45:52.833+0000] {logging_mixin.py:188} INFO - [2026-07-24T17:45:52.832+0000] {dagbag.py:545} INFO - Filling up the DagBag from /home/airflow/.local/lib/python3.12/site-packages/airflow/example_dags/example_branch_labels.py
[2026-07-24T17:45:52.855+0000] {processor.py:840} INFO - DAG(s) 'example_branch_labels' retrieved from /home/airflow/.local/lib/python3.12/site-packages/airflow/example_dags/example_branch_labels.py
[2026-07-24T17:45:52.905+0000] {logging_mixin.py:188} INFO - [2026-07-24T17:45:52.904+0000] {dag.py:3089} INFO - Sync 1 DAGs
[2026-07-24T17:45:52.956+0000] {logging_mixin.py:188} INFO - [2026-07-24T17:45:52.955+0000] {dag.py:3947} INFO - Setting next_dagrun for example_branch_labels to 2026-07-23 00:00:00+00:00, run_after=2026-07-24 00:00:00+00:00
[2026-07-24T17:45:52.992+0000] {processor.py:183} INFO - Processing /home/airflow/.local/lib/python3.12/site-packages/airflow/example_dags/example_branch_labels.py took 0.180 seconds
[2026-07-24T17:46:23.980+0000] {processor.py:161} INFO - Started process (PID=5656) to work on /home/airflow/.local/lib/python3.12/site-packages/airflow/example_dags/example_branch_labels.py
[2026-07-24T17:46:23.982+0000] {processor.py:830} INFO - Processing file /home/airflow/.local/lib/python3.12/site-packages/airflow/example_dags/example_branch_labels.py for tasks to queue
[2026-07-24T17:46:23.987+0000] {logging_mixin.py:188} INFO - [2026-07-24T17:46:23.986+0000] {dagbag.py:545} INFO - Filling up the DagBag from /home/airflow/.local/lib/python3.12/site-packages/airflow/example_dags/example_branch_labels.py
[2026-07-24T17:46:23.999+0000] {processor.py:840} INFO - DAG(s) 'example_branch_labels' retrieved from /home/airflow/.local/lib/python3.12/site-packages/airflow/example_dags/example_branch_labels.py
[2026-07-24T17:46:24.037+0000] {logging_mixin.py:188} INFO - [2026-07-24T17:46:24.037+0000] {dag.py:3089} INFO - Sync 1 DAGs
[2026-07-24T17:46:24.077+0000] {logging_mixin.py:188} INFO - [2026-07-24T17:46:24.076+0000] {dag.py:3947} INFO - Setting next_dagrun for example_branch_labels to 2026-07-23 00:00:00+00:00, run_after=2026-07-24 00:00:00+00:00
[2026-07-24T17:46:24.114+0000] {processor.py:183} INFO - Processing /home/airflow/.local/lib/python3.12/site-packages/airflow/example_dags/example_branch_labels.py took 0.142 seconds
[2026-07-24T17:46:56.648+0000] {processor.py:161} INFO - Started process (PID=5729) to work on /home/airflow/.local/lib/python3.12/site-packages/airflow/example_dags/example_branch_labels.py
[2026-07-24T17:46:56.652+0000] {processor.py:830} INFO - Processing file /home/airflow/.local/lib/python3.12/site-packages/airflow/example_dags/example_branch_labels.py for tasks to queue
[2026-07-24T17:46:56.661+0000] {logging_mixin.py:188} INFO - [2026-07-24T17:46:56.660+0000] {dagbag.py:545} INFO - Filling up the DagBag from /home/airflow/.local/lib/python3.12/site-packages/airflow/example_dags/example_branch_labels.py
[2026-07-24T17:46:56.689+0000] {processor.py:840} INFO - DAG(s) 'example_branch_labels' retrieved from /home/airflow/.local/lib/python3.12/site-packages/airflow/example_dags/example_branch_labels.py
[2026-07-24T17:46:56.786+0000] {logging_mixin.py:188} INFO - [2026-07-24T17:46:56.773+0000] {dag.py:3089} INFO - Sync 1 DAGs
[2026-07-24T17:46:56.916+0000] {logging_mixin.py:188} INFO - [2026-07-24T17:46:56.916+0000] {dag.py:3947} INFO - Setting next_dagrun for example_branch_labels to 2026-07-23 00:00:00+00:00, run_after=2026-07-24 00:00:00+00:00
[2026-07-24T17:46:56.976+0000] {processor.py:183} INFO - Processing /home/airflow/.local/lib/python3.12/site-packages/airflow/example_dags/example_branch_labels.py took 0.347 seconds
[2026-07-24T17:47:27.627+0000] {processor.py:161} INFO - Started process (PID=5803) to work on /home/airflow/.local/lib/python3.12/site-packages/airflow/example_dags/example_branch_labels.py
[2026-07-24T17:47:27.629+0000] {processor.py:830} INFO - Processing file /home/airflow/.local/lib/python3.12/site-packages/airflow/example_dags/example_branch_labels.py for tasks to queue
[2026-07-24T17:47:27.633+0000] {logging_mixin.py:188} INFO - [2026-07-24T17:47:27.633+0000] {dagbag.py:545} INFO - Filling up the DagBag from /home/airflow/.local/lib/python3.12/site-packages/airflow/example_dags/example_branch_labels.py
[2026-07-24T17:47:27.650+0000] {processor.py:840} INFO - DAG(s) 'example_branch_labels' retrieved from /home/airflow/.local/lib/python3.12/site-packages/airflow/example_dags/example_branch_labels.py
[2026-07-24T17:47:27.693+0000] {logging_mixin.py:188} INFO - [2026-07-24T17:47:27.692+0000] {dag.py:3089} INFO - Sync 1 DAGs
[2026-07-24T17:47:27.737+0000] {logging_mixin.py:188} INFO - [2026-07-24T17:47:27.736+0000] {dag.py:3947} INFO - Setting next_dagrun for example_branch_labels to 2026-07-23 00:00:00+00:00, run_after=2026-07-24 00:00:00+00:00
[2026-07-24T17:47:27.790+0000] {processor.py:183} INFO - Processing /home/airflow/.local/lib/python3.12/site-packages/airflow/example_dags/example_branch_labels.py took 0.171 seconds
[2026-07-24T17:47:57.945+0000] {processor.py:161} INFO - Started process (PID=5875) to work on /home/airflow/.local/lib/python3.12/site-packages/airflow/example_dags/example_branch_labels.py
[2026-07-24T17:47:57.947+0000] {processor.py:830} INFO - Processing file /home/airflow/.local/lib/python3.12/site-packages/airflow/example_dags/example_branch_labels.py for tasks to queue
[2026-07-24T17:47:57.950+0000] {logging_mixin.py:188} INFO - [2026-07-24T17:47:57.950+0000] {dagbag.py:545} INFO - Filling up the DagBag from /home/airflow/.local/lib/python3.12/site-packages/airflow/example_dags/example_branch_labels.py
[2026-07-24T17:47:57.962+0000] {processor.py:840} INFO - DAG(s) 'example_branch_labels' retrieved from /home/airflow/.local/lib/python3.12/site-packages/airflow/example_dags/example_branch_labels.py
[2026-07-24T17:47:57.995+0000] {logging_mixin.py:188} INFO - [2026-07-24T17:47:57.995+0000] {dag.py:3089} INFO - Sync 1 DAGs
[2026-07-24T17:47:58.033+0000] {logging_mixin.py:188} INFO - [2026-07-24T17:47:58.033+0000] {dag.py:3947} INFO - Setting next_dagrun for example_branch_labels to 2026-07-23 00:00:00+00:00, run_after=2026-07-24 00:00:00+00:00
[2026-07-24T17:47:58.077+0000] {processor.py:183} INFO - Processing /home/airflow/.local/lib/python3.12/site-packages/airflow/example_dags/example_branch_labels.py took 0.141 seconds
[2026-07-24T17:48:29.494+0000] {processor.py:161} INFO - Started process (PID=5948) to work on /home/airflow/.local/lib/python3.12/site-packages/airflow/example_dags/example_branch_labels.py
[2026-07-24T17:48:29.496+0000] {processor.py:830} INFO - Processing file /home/airflow/.local/lib/python3.12/site-packages/airflow/example_dags/example_branch_labels.py for tasks to queue
[2026-07-24T17:48:29.500+0000] {logging_mixin.py:188} INFO - [2026-07-24T17:48:29.500+0000] {dagbag.py:545} INFO - Filling up the DagBag from /home/airflow/.local/lib/python3.12/site-packages/airflow/example_dags/example_branch_labels.py
[2026-07-24T17:48:29.515+0000] {processor.py:840} INFO - DAG(s) 'example_branch_labels' retrieved from /home/airflow/.local/lib/python3.12/site-packages/airflow/example_dags/example_branch_labels.py
[2026-07-24T17:48:29.550+0000] {logging_mixin.py:188} INFO - [2026-07-24T17:48:29.549+0000] {dag.py:3089} INFO - Sync 1 DAGs
[2026-07-24T17:48:29.587+0000] {logging_mixin.py:188} INFO - [2026-07-24T17:48:29.587+0000] {dag.py:3947} INFO - Setting next_dagrun for example_branch_labels to 2026-07-23 00:00:00+00:00, run_after=2026-07-24 00:00:00+00:00
[2026-07-24T17:48:29.619+0000] {processor.py:183} INFO - Processing /home/airflow/.local/lib/python3.12/site-packages/airflow/example_dags/example_branch_labels.py took 0.138 seconds
[2026-07-24T17:49:01.699+0000] {processor.py:161} INFO - Started process (PID=6021) to work on /home/airflow/.local/lib/python3.12/site-packages/airflow/example_dags/example_branch_labels.py
[2026-07-24T17:49:01.701+0000] {processor.py:830} INFO - Processing file /home/airflow/.local/lib/python3.12/site-packages/airflow/example_dags/example_branch_labels.py for tasks to queue
[2026-07-24T17:49:01.706+0000] {logging_mixin.py:188} INFO - [2026-07-24T17:49:01.706+0000] {dagbag.py:545} INFO - Filling up the DagBag from /home/airflow/.local/lib/python3.12/site-packages/airflow/example_dags/example_branch_labels.py
[2026-07-24T17:49:01.730+0000] {processor.py:840} INFO - DAG(s) 'example_branch_labels' retrieved from /home/airflow/.local/lib/python3.12/site-packages/airflow/example_dags/example_branch_labels.py
[2026-07-24T17:49:01.790+0000] {logging_mixin.py:188} INFO - [2026-07-24T17:49:01.789+0000] {dag.py:3089} INFO - Sync 1 DAGs
[2026-07-24T17:49:01.849+0000] {logging_mixin.py:188} INFO - [2026-07-24T17:49:01.848+0000] {dag.py:3947} INFO - Setting next_dagrun for example_branch_labels to 2026-07-23 00:00:00+00:00, run_after=2026-07-24 00:00:00+00:00
[2026-07-24T17:49:01.885+0000] {processor.py:183} INFO - Processing /home/airflow/.local/lib/python3.12/site-packages/airflow/example_dags/example_branch_labels.py took 0.195 seconds
[2026-07-24T17:49:35.021+0000] {processor.py:161} INFO - Started process (PID=6094) to work on /home/airflow/.local/lib/python3.12/site-packages/airflow/example_dags/example_branch_labels.py
[2026-07-24T17:49:35.024+0000] {processor.py:830} INFO - Processing file /home/airflow/.local/lib/python3.12/site-packages/airflow/example_dags/example_branch_labels.py for tasks to queue
[2026-07-24T17:49:35.029+0000] {logging_mixin.py:188} INFO - [2026-07-24T17:49:35.028+0000] {dagbag.py:545} INFO - Filling up the DagBag from /home/airflow/.local/lib/python3.12/site-packages/airflow/example_dags/example_branch_labels.py
[2026-07-24T17:49:35.047+0000] {processor.py:840} INFO - DAG(s) 'example_branch_labels' retrieved from /home/airflow/.local/lib/python3.12/site-packages/airflow/example_dags/example_branch_labels.py
[2026-07-24T17:49:35.090+0000] {logging_mixin.py:188} INFO - [2026-07-24T17:49:35.089+0000] {dag.py:3089} INFO - Sync 1 DAGs
[2026-07-24T17:49:35.134+0000] {logging_mixin.py:188} INFO - [2026-07-24T17:49:35.133+0000] {dag.py:3947} INFO - Setting next_dagrun for example_branch_labels to 2026-07-23 00:00:00+00:00, run_after=2026-07-24 00:00:00+00:00
[2026-07-24T17:49:35.174+0000] {processor.py:183} INFO - Processing /home/airflow/.local/lib/python3.12/site-packages/airflow/example_dags/example_branch_labels.py took 0.166 seconds
[2026-07-24T17:50:05.961+0000] {processor.py:161} INFO - Started process (PID=6168) to work on /home/airflow/.local/lib/python3.12/site-packages/airflow/example_dags/example_branch_labels.py
[2026-07-24T17:50:05.963+0000] {processor.py:830} INFO - Processing file /home/airflow/.local/lib/python3.12/site-packages/airflow/example_dags/example_branch_labels.py for tasks to queue
[2026-07-24T17:50:05.968+0000] {logging_mixin.py:188} INFO - [2026-07-24T17:50:05.967+0000] {dagbag.py:545} INFO - Filling up the DagBag from /home/airflow/.local/lib/python3.12/site-packages/airflow/example_dags/example_branch_labels.py
[2026-07-24T17:50:05.982+0000] {processor.py:840} INFO - DAG(s) 'example_branch_labels' retrieved from /home/airflow/.local/lib/python3.12/site-packages/airflow/example_dags/example_branch_labels.py
[2026-07-24T17:50:06.017+0000] {logging_mixin.py:188} INFO - [2026-07-24T17:50:06.016+0000] {dag.py:3089} INFO - Sync 1 DAGs
[2026-07-24T17:50:06.054+0000] {logging_mixin.py:188} INFO - [2026-07-24T17:50:06.053+0000] {dag.py:3947} INFO - Setting next_dagrun for example_branch_labels to 2026-07-23 00:00:00+00:00, run_after=2026-07-24 00:00:00+00:00
[2026-07-24T17:50:06.085+0000] {processor.py:183} INFO - Processing /home/airflow/.local/lib/python3.12/site-packages/airflow/example_dags/example_branch_labels.py took 0.133 seconds
[2026-07-24T17:50:37.942+0000] {processor.py:161} INFO - Started process (PID=6244) to work on /home/airflow/.local/lib/python3.12/site-packages/airflow/example_dags/example_branch_labels.py
[2026-07-24T17:50:37.944+0000] {processor.py:830} INFO - Processing file /home/airflow/.local/lib/python3.12/site-packages/airflow/example_dags/example_branch_labels.py for tasks to queue
[2026-07-24T17:50:37.948+0000] {logging_mixin.py:188} INFO - [2026-07-24T17:50:37.947+0000] {dagbag.py:545} INFO - Filling up the DagBag from /home/airflow/.local/lib/python3.12/site-packages/airflow/example_dags/example_branch_labels.py
[2026-07-24T17:50:37.959+0000] {processor.py:840} INFO - DAG(s) 'example_branch_labels' retrieved from /home/airflow/.local/lib/python3.12/site-packages/airflow/example_dags/example_branch_labels.py
[2026-07-24T17:50:37.999+0000] {logging_mixin.py:188} INFO - [2026-07-24T17:50:37.999+0000] {dag.py:3089} INFO - Sync 1 DAGs
[2026-07-24T17:50:38.044+0000] {logging_mixin.py:188} INFO - [2026-07-24T17:50:38.043+0000] {dag.py:3947} INFO - Setting next_dagrun for example_branch_labels to 2026-07-23 00:00:00+00:00, run_after=2026-07-24 00:00:00+00:00
[2026-07-24T17:50:38.090+0000] {processor.py:183} INFO - Processing /home/airflow/.local/lib/python3.12/site-packages/airflow/example_dags/example_branch_labels.py took 0.159 seconds
[2026-07-24T17:51:09.077+0000] {processor.py:161} INFO - Started process (PID=6317) to work on /home/airflow/.local/lib/python3.12/site-packages/airflow/example_dags/example_branch_labels.py
[2026-07-24T17:51:09.079+0000] {processor.py:830} INFO - Processing file /home/airflow/.local/lib/python3.12/site-packages/airflow/example_dags/example_branch_labels.py for tasks to queue
[2026-07-24T17:51:09.082+0000] {logging_mixin.py:188} INFO - [2026-07-24T17:51:09.081+0000] {dagbag.py:545} INFO - Filling up the DagBag from /home/airflow/.local/lib/python3.12/site-packages/airflow/example_dags/example_branch_labels.py
[2026-07-24T17:51:09.094+0000] {processor.py:840} INFO - DAG(s) 'example_branch_labels' retrieved from /home/airflow/.local/lib/python3.12/site-packages/airflow/example_dags/example_branch_labels.py
[2026-07-24T17:51:09.133+0000] {logging_mixin.py:188} INFO - [2026-07-24T17:51:09.133+0000] {dag.py:3089} INFO - Sync 1 DAGs
[2026-07-24T17:51:09.181+0000] {logging_mixin.py:188} INFO - [2026-07-24T17:51:09.181+0000] {dag.py:3947} INFO - Setting next_dagrun for example_branch_labels to 2026-07-23 00:00:00+00:00, run_after=2026-07-24 00:00:00+00:00
[2026-07-24T17:51:09.221+0000] {processor.py:183} INFO - Processing /home/airflow/.local/lib/python3.12/site-packages/airflow/example_dags/example_branch_labels.py took 0.154 seconds
[2026-07-24T17:51:42.097+0000] {processor.py:161} INFO - Started process (PID=6391) to work on /home/airflow/.local/lib/python3.12/site-packages/airflow/example_dags/example_branch_labels.py
[2026-07-24T17:51:42.100+0000] {processor.py:830} INFO - Processing file /home/airflow/.local/lib/python3.12/site-packages/airflow/example_dags/example_branch_labels.py for tasks to queue
[2026-07-24T17:51:42.103+0000] {logging_mixin.py:188} INFO - [2026-07-24T17:51:42.103+0000] {dagbag.py:545} INFO - Filling up the DagBag from /home/airflow/.local/lib/python3.12/site-packages/airflow/example_dags/example_branch_labels.py
[2026-07-24T17:51:42.118+0000] {processor.py:840} INFO - DAG(s) 'example_branch_labels' retrieved from /home/airflow/.local/lib/python3.12/site-packages/airflow/example_dags/example_branch_labels.py
[2026-07-24T17:51:42.159+0000] {logging_mixin.py:188} INFO - [2026-07-24T17:51:42.159+0000] {dag.py:3089} INFO - Sync 1 DAGs
[2026-07-24T17:51:42.203+0000] {logging_mixin.py:188} INFO - [2026-07-24T17:51:42.203+0000] {dag.py:3947} INFO - Setting next_dagrun for example_branch_labels to 2026-07-23 00:00:00+00:00, run_after=2026-07-24 00:00:00+00:00
[2026-07-24T17:51:42.240+0000] {processor.py:183} INFO - Processing /home/airflow/.local/lib/python3.12/site-packages/airflow/example_dags/example_branch_labels.py took 0.154 seconds
[2026-07-24T17:52:12.677+0000] {processor.py:161} INFO - Started process (PID=6465) to work on /home/airflow/.local/lib/python3.12/site-packages/airflow/example_dags/example_branch_labels.py
[2026-07-24T17:52:12.680+0000] {processor.py:830} INFO - Processing file /home/airflow/.local/lib/python3.12/site-packages/airflow/example_dags/example_branch_labels.py for tasks to queue
[2026-07-24T17:52:12.685+0000] {logging_mixin.py:188} INFO - [2026-07-24T17:52:12.684+0000] {dagbag.py:545} INFO - Filling up the DagBag from /home/airflow/.local/lib/python3.12/site-packages/airflow/example_dags/example_branch_labels.py
[2026-07-24T17:52:12.700+0000] {processor.py:840} INFO - DAG(s) 'example_branch_labels' retrieved from /home/airflow/.local/lib/python3.12/site-packages/airflow/example_dags/example_branch_labels.py
[2026-07-24T17:52:12.745+0000] {logging_mixin.py:188} INFO - [2026-07-24T17:52:12.744+0000] {dag.py:3089} INFO - Sync 1 DAGs
[2026-07-24T17:52:12.788+0000] {logging_mixin.py:188} INFO - [2026-07-24T17:52:12.787+0000] {dag.py:3947} INFO - Setting next_dagrun for example_branch_labels to 2026-07-23 00:00:00+00:00, run_after=2026-07-24 00:00:00+00:00
[2026-07-24T17:52:12.823+0000] {processor.py:183} INFO - Processing /home/airflow/.local/lib/python3.12/site-packages/airflow/example_dags/example_branch_labels.py took 0.156 seconds
[2026-07-24T17:52:45.013+0000] {processor.py:161} INFO - Started process (PID=6539) to work on /home/airflow/.local/lib/python3.12/site-packages/airflow/example_dags/example_branch_labels.py
[2026-07-24T17:52:45.016+0000] {processor.py:830} INFO - Processing file /home/airflow/.local/lib/python3.12/site-packages/airflow/example_dags/example_branch_labels.py for tasks to queue
[2026-07-24T17:52:45.021+0000] {logging_mixin.py:188} INFO - [2026-07-24T17:52:45.021+0000] {dagbag.py:545} INFO - Filling up the DagBag from /home/airflow/.local/lib/python3.12/site-packages/airflow/example_dags/example_branch_labels.py
[2026-07-24T17:52:45.041+0000] {processor.py:840} INFO - DAG(s) 'example_branch_labels' retrieved from /home/airflow/.local/lib/python3.12/site-packages/airflow/example_dags/example_branch_labels.py
[2026-07-24T17:52:45.084+0000] {logging_mixin.py:188} INFO - [2026-07-24T17:52:45.083+0000] {dag.py:3089} INFO - Sync 1 DAGs
[2026-07-24T17:52:45.136+0000] {logging_mixin.py:188} INFO - [2026-07-24T17:52:45.136+0000] {dag.py:3947} INFO - Setting next_dagrun for example_branch_labels to 2026-07-23 00:00:00+00:00, run_after=2026-07-24 00:00:00+00:00
[2026-07-24T17:52:45.183+0000] {processor.py:183} INFO - Processing /home/airflow/.local/lib/python3.12/site-packages/airflow/example_dags/example_branch_labels.py took 0.184 seconds
[2026-07-24T17:53:15.808+0000] {processor.py:161} INFO - Started process (PID=6611) to work on /home/airflow/.local/lib/python3.12/site-packages/airflow/example_dags/example_branch_labels.py
[2026-07-24T17:53:15.811+0000] {processor.py:830} INFO - Processing file /home/airflow/.local/lib/python3.12/site-packages/airflow/example_dags/example_branch_labels.py for tasks to queue
[2026-07-24T17:53:15.815+0000] {logging_mixin.py:188} INFO - [2026-07-24T17:53:15.815+0000] {dagbag.py:545} INFO - Filling up the DagBag from /home/airflow/.local/lib/python3.12/site-packages/airflow/example_dags/example_branch_labels.py
[2026-07-24T17:53:15.827+0000] {processor.py:840} INFO - DAG(s) 'example_branch_labels' retrieved from /home/airflow/.local/lib/python3.12/site-packages/airflow/example_dags/example_branch_labels.py
[2026-07-24T17:53:15.858+0000] {logging_mixin.py:188} INFO - [2026-07-24T17:53:15.858+0000] {dag.py:3089} INFO - Sync 1 DAGs
[2026-07-24T17:53:15.889+0000] {logging_mixin.py:188} INFO - [2026-07-24T17:53:15.889+0000] {dag.py:3947} INFO - Setting next_dagrun for example_branch_labels to 2026-07-23 00:00:00+00:00, run_after=2026-07-24 00:00:00+00:00
[2026-07-24T17:53:15.917+0000] {processor.py:183} INFO - Processing /home/airflow/.local/lib/python3.12/site-packages/airflow/example_dags/example_branch_labels.py took 0.118 seconds
[2026-07-24T17:53:47.521+0000] {processor.py:161} INFO - Started process (PID=6684) to work on /home/airflow/.local/lib/python3.12/site-packages/airflow/example_dags/example_branch_labels.py
[2026-07-24T17:53:47.523+0000] {processor.py:830} INFO - Processing file /home/airflow/.local/lib/python3.12/site-packages/airflow/example_dags/example_branch_labels.py for tasks to queue
[2026-07-24T17:53:47.527+0000] {logging_mixin.py:188} INFO - [2026-07-24T17:53:47.527+0000] {dagbag.py:545} INFO - Filling up the DagBag from /home/airflow/.local/lib/python3.12/site-packages/airflow/example_dags/example_branch_labels.py
[2026-07-24T17:53:47.540+0000] {processor.py:840} INFO - DAG(s) 'example_branch_labels' retrieved from /home/airflow/.local/lib/python3.12/site-packages/airflow/example_dags/example_branch_labels.py
[2026-07-24T17:53:47.577+0000] {logging_mixin.py:188} INFO - [2026-07-24T17:53:47.577+0000] {dag.py:3089} INFO - Sync 1 DAGs
[2026-07-24T17:53:47.612+0000] {logging_mixin.py:188} INFO - [2026-07-24T17:53:47.612+0000] {dag.py:3947} INFO - Setting next_dagrun for example_branch_labels to 2026-07-23 00:00:00+00:00, run_after=2026-07-24 00:00:00+00:00
[2026-07-24T17:53:47.643+0000] {processor.py:183} INFO - Processing /home/airflow/.local/lib/python3.12/site-packages/airflow/example_dags/example_branch_labels.py took 0.133 seconds
[2026-07-24T17:54:19.713+0000] {processor.py:161} INFO - Started process (PID=6757) to work on /home/airflow/.local/lib/python3.12/site-packages/airflow/example_dags/example_branch_labels.py
[2026-07-24T17:54:19.717+0000] {processor.py:830} INFO - Processing file /home/airflow/.local/lib/python3.12/site-packages/airflow/example_dags/example_branch_labels.py for tasks to queue
[2026-07-24T17:54:19.723+0000] {logging_mixin.py:188} INFO - [2026-07-24T17:54:19.722+0000] {dagbag.py:545} INFO - Filling up the DagBag from /home/airflow/.local/lib/python3.12/site-packages/airflow/example_dags/example_branch_labels.py
[2026-07-24T17:54:19.745+0000] {processor.py:840} INFO - DAG(s) 'example_branch_labels' retrieved from /home/airflow/.local/lib/python3.12/site-packages/airflow/example_dags/example_branch_labels.py
[2026-07-24T17:54:19.803+0000] {logging_mixin.py:188} INFO - [2026-07-24T17:54:19.803+0000] {dag.py:3089} INFO - Sync 1 DAGs
[2026-07-24T17:54:19.860+0000] {logging_mixin.py:188} INFO - [2026-07-24T17:54:19.860+0000] {dag.py:3947} INFO - Setting next_dagrun for example_branch_labels to 2026-07-23 00:00:00+00:00, run_after=2026-07-24 00:00:00+00:00
[2026-07-24T17:54:19.909+0000] {processor.py:183} INFO - Processing /home/airflow/.local/lib/python3.12/site-packages/airflow/example_dags/example_branch_labels.py took 0.212 seconds
[2026-07-24T17:54:50.994+0000] {processor.py:161} INFO - Started process (PID=6830) to work on /home/airflow/.local/lib/python3.12/site-packages/airflow/example_dags/example_branch_labels.py
[2026-07-24T17:54:50.996+0000] {processor.py:830} INFO - Processing file /home/airflow/.local/lib/python3.12/site-packages/airflow/example_dags/example_branch_labels.py for tasks to queue
[2026-07-24T17:54:50.999+0000] {logging_mixin.py:188} INFO - [2026-07-24T17:54:50.999+0000] {dagbag.py:545} INFO - Filling up the DagBag from /home/airflow/.local/lib/python3.12/site-packages/airflow/example_dags/example_branch_labels.py
[2026-07-24T17:54:51.011+0000] {processor.py:840} INFO - DAG(s) 'example_branch_labels' retrieved from /home/airflow/.local/lib/python3.12/site-packages/airflow/example_dags/example_branch_labels.py
[2026-07-24T17:54:51.046+0000] {logging_mixin.py:188} INFO - [2026-07-24T17:54:51.046+0000] {dag.py:3089} INFO - Sync 1 DAGs
[2026-07-24T17:54:51.083+0000] {logging_mixin.py:188} INFO - [2026-07-24T17:54:51.083+0000] {dag.py:3947} INFO - Setting next_dagrun for example_branch_labels to 2026-07-23 00:00:00+00:00, run_after=2026-07-24 00:00:00+00:00
[2026-07-24T17:54:51.115+0000] {processor.py:183} INFO - Processing /home/airflow/.local/lib/python3.12/site-packages/airflow/example_dags/example_branch_labels.py took 0.129 seconds
[2026-07-24T17:55:22.635+0000] {processor.py:161} INFO - Started process (PID=6904) to work on /home/airflow/.local/lib/python3.12/site-packages/airflow/example_dags/example_branch_labels.py
[2026-07-24T17:55:22.637+0000] {processor.py:830} INFO - Processing file /home/airflow/.local/lib/python3.12/site-packages/airflow/example_dags/example_branch_labels.py for tasks to queue
[2026-07-24T17:55:22.642+0000] {logging_mixin.py:188} INFO - [2026-07-24T17:55:22.641+0000] {dagbag.py:545} INFO - Filling up the DagBag from /home/airflow/.local/lib/python3.12/site-packages/airflow/example_dags/example_branch_labels.py
[2026-07-24T17:55:22.656+0000] {processor.py:840} INFO - DAG(s) 'example_branch_labels' retrieved from /home/airflow/.local/lib/python3.12/site-packages/airflow/example_dags/example_branch_labels.py
[2026-07-24T17:55:22.704+0000] {logging_mixin.py:188} INFO - [2026-07-24T17:55:22.704+0000] {dag.py:3089} INFO - Sync 1 DAGs
[2026-07-24T17:55:22.814+0000] {logging_mixin.py:188} INFO - [2026-07-24T17:55:22.810+0000] {dag.py:3947} INFO - Setting next_dagrun for example_branch_labels to 2026-07-23 00:00:00+00:00, run_after=2026-07-24 00:00:00+00:00
[2026-07-24T17:55:22.888+0000] {processor.py:183} INFO - Processing /home/airflow/.local/lib/python3.12/site-packages/airflow/example_dags/example_branch_labels.py took 0.263 seconds
[2026-07-24T17:55:54.247+0000] {processor.py:161} INFO - Started process (PID=6978) to work on /home/airflow/.local/lib/python3.12/site-packages/airflow/example_dags/example_branch_labels.py
[2026-07-24T17:55:54.250+0000] {processor.py:830} INFO - Processing file /home/airflow/.local/lib/python3.12/site-packages/airflow/example_dags/example_branch_labels.py for tasks to queue
[2026-07-24T17:55:54.254+0000] {logging_mixin.py:188} INFO - [2026-07-24T17:55:54.254+0000] {dagbag.py:545} INFO - Filling up the DagBag from /home/airflow/.local/lib/python3.12/site-packages/airflow/example_dags/example_branch_labels.py
[2026-07-24T17:55:54.267+0000] {processor.py:840} INFO - DAG(s) 'example_branch_labels' retrieved from /home/airflow/.local/lib/python3.12/site-packages/airflow/example_dags/example_branch_labels.py
[2026-07-24T17:55:54.302+0000] {logging_mixin.py:188} INFO - [2026-07-24T17:55:54.302+0000] {dag.py:3089} INFO - Sync 1 DAGs
[2026-07-24T17:55:54.349+0000] {logging_mixin.py:188} INFO - [2026-07-24T17:55:54.349+0000] {dag.py:3947} INFO - Setting next_dagrun for example_branch_labels to 2026-07-23 00:00:00+00:00, run_after=2026-07-24 00:00:00+00:00
[2026-07-24T17:55:54.384+0000] {processor.py:183} INFO - Processing /home/airflow/.local/lib/python3.12/site-packages/airflow/example_dags/example_branch_labels.py took 0.147 seconds
[2026-07-24T17:56:25.802+0000] {processor.py:161} INFO - Started process (PID=7051) to work on /home/airflow/.local/lib/python3.12/site-packages/airflow/example_dags/example_branch_labels.py
[2026-07-24T17:56:25.805+0000] {processor.py:830} INFO - Processing file /home/airflow/.local/lib/python3.12/site-packages/airflow/example_dags/example_branch_labels.py for tasks to queue
[2026-07-24T17:56:25.810+0000] {logging_mixin.py:188} INFO - [2026-07-24T17:56:25.809+0000] {dagbag.py:545} INFO - Filling up the DagBag from /home/airflow/.local/lib/python3.12/site-packages/airflow/example_dags/example_branch_labels.py
[2026-07-24T17:56:25.831+0000] {processor.py:840} INFO - DAG(s) 'example_branch_labels' retrieved from /home/airflow/.local/lib/python3.12/site-packages/airflow/example_dags/example_branch_labels.py
[2026-07-24T17:56:25.875+0000] {logging_mixin.py:188} INFO - [2026-07-24T17:56:25.874+0000] {dag.py:3089} INFO - Sync 1 DAGs
[2026-07-24T17:56:25.923+0000] {logging_mixin.py:188} INFO - [2026-07-24T17:56:25.922+0000] {dag.py:3947} INFO - Setting next_dagrun for example_branch_labels to 2026-07-23 00:00:00+00:00, run_after=2026-07-24 00:00:00+00:00
[2026-07-24T17:56:25.969+0000] {processor.py:183} INFO - Processing /home/airflow/.local/lib/python3.12/site-packages/airflow/example_dags/example_branch_labels.py took 0.179 seconds
[2026-07-24T17:56:57.205+0000] {processor.py:161} INFO - Started process (PID=7125) to work on /home/airflow/.local/lib/python3.12/site-packages/airflow/example_dags/example_branch_labels.py
[2026-07-24T17:56:57.208+0000] {processor.py:830} INFO - Processing file /home/airflow/.local/lib/python3.12/site-packages/airflow/example_dags/example_branch_labels.py for tasks to queue
[2026-07-24T17:56:57.212+0000] {logging_mixin.py:188} INFO - [2026-07-24T17:56:57.211+0000] {dagbag.py:545} INFO - Filling up the DagBag from /home/airflow/.local/lib/python3.12/site-packages/airflow/example_dags/example_branch_labels.py
[2026-07-24T17:56:57.224+0000] {processor.py:840} INFO - DAG(s) 'example_branch_labels' retrieved from /home/airflow/.local/lib/python3.12/site-packages/airflow/example_dags/example_branch_labels.py
[2026-07-24T17:56:57.262+0000] {logging_mixin.py:188} INFO - [2026-07-24T17:56:57.261+0000] {dag.py:3089} INFO - Sync 1 DAGs
[2026-07-24T17:56:57.305+0000] {logging_mixin.py:188} INFO - [2026-07-24T17:56:57.305+0000] {dag.py:3947} INFO - Setting next_dagrun for example_branch_labels to 2026-07-23 00:00:00+00:00, run_after=2026-07-24 00:00:00+00:00
[2026-07-24T17:56:57.345+0000] {processor.py:183} INFO - Processing /home/airflow/.local/lib/python3.12/site-packages/airflow/example_dags/example_branch_labels.py took 0.151 seconds
[2026-07-24T17:57:28.848+0000] {processor.py:161} INFO - Started process (PID=7198) to work on /home/airflow/.local/lib/python3.12/site-packages/airflow/example_dags/example_branch_labels.py
[2026-07-24T17:57:28.850+0000] {processor.py:830} INFO - Processing file /home/airflow/.local/lib/python3.12/site-packages/airflow/example_dags/example_branch_labels.py for tasks to queue
[2026-07-24T17:57:28.854+0000] {logging_mixin.py:188} INFO - [2026-07-24T17:57:28.854+0000] {dagbag.py:545} INFO - Filling up the DagBag from /home/airflow/.local/lib/python3.12/site-packages/airflow/example_dags/example_branch_labels.py
[2026-07-24T17:57:28.866+0000] {processor.py:840} INFO - DAG(s) 'example_branch_labels' retrieved from /home/airflow/.local/lib/python3.12/site-packages/airflow/example_dags/example_branch_labels.py
[2026-07-24T17:57:28.900+0000] {logging_mixin.py:188} INFO - [2026-07-24T17:57:28.899+0000] {dag.py:3089} INFO - Sync 1 DAGs
[2026-07-24T17:57:28.938+0000] {logging_mixin.py:188} INFO - [2026-07-24T17:57:28.937+0000] {dag.py:3947} INFO - Setting next_dagrun for example_branch_labels to 2026-07-23 00:00:00+00:00, run_after=2026-07-24 00:00:00+00:00
[2026-07-24T17:57:28.970+0000] {processor.py:183} INFO - Processing /home/airflow/.local/lib/python3.12/site-packages/airflow/example_dags/example_branch_labels.py took 0.130 seconds
[2026-07-24T17:58:00.582+0000] {processor.py:161} INFO - Started process (PID=7271) to work on /home/airflow/.local/lib/python3.12/site-packages/airflow/example_dags/example_branch_labels.py
[2026-07-24T17:58:00.586+0000] {processor.py:830} INFO - Processing file /home/airflow/.local/lib/python3.12/site-packages/airflow/example_dags/example_branch_labels.py for tasks to queue
[2026-07-24T17:58:00.592+0000] {logging_mixin.py:188} INFO - [2026-07-24T17:58:00.591+0000] {dagbag.py:545} INFO - Filling up the DagBag from /home/airflow/.local/lib/python3.12/site-packages/airflow/example_dags/example_branch_labels.py
[2026-07-24T17:58:00.618+0000] {processor.py:840} INFO - DAG(s) 'example_branch_labels' retrieved from /home/airflow/.local/lib/python3.12/site-packages/airflow/example_dags/example_branch_labels.py
[2026-07-24T17:58:00.688+0000] {logging_mixin.py:188} INFO - [2026-07-24T17:58:00.687+0000] {dag.py:3089} INFO - Sync 1 DAGs
[2026-07-24T17:58:00.844+0000] {logging_mixin.py:188} INFO - [2026-07-24T17:58:00.843+0000] {dag.py:3947} INFO - Setting next_dagrun for example_branch_labels to 2026-07-23 00:00:00+00:00, run_after=2026-07-24 00:00:00+00:00
[2026-07-24T17:58:00.899+0000] {processor.py:183} INFO - Processing /home/airflow/.local/lib/python3.12/site-packages/airflow/example_dags/example_branch_labels.py took 0.338 seconds
[2026-07-24T17:58:32.689+0000] {processor.py:161} INFO - Started process (PID=7344) to work on /home/airflow/.local/lib/python3.12/site-packages/airflow/example_dags/example_branch_labels.py
[2026-07-24T17:58:32.691+0000] {processor.py:830} INFO - Processing file /home/airflow/.local/lib/python3.12/site-packages/airflow/example_dags/example_branch_labels.py for tasks to queue
[2026-07-24T17:58:32.694+0000] {logging_mixin.py:188} INFO - [2026-07-24T17:58:32.694+0000] {dagbag.py:545} INFO - Filling up the DagBag from /home/airflow/.local/lib/python3.12/site-packages/airflow/example_dags/example_branch_labels.py
[2026-07-24T17:58:32.705+0000] {processor.py:840} INFO - DAG(s) 'example_branch_labels' retrieved from /home/airflow/.local/lib/python3.12/site-packages/airflow/example_dags/example_branch_labels.py
[2026-07-24T17:58:32.741+0000] {logging_mixin.py:188} INFO - [2026-07-24T17:58:32.740+0000] {dag.py:3089} INFO - Sync 1 DAGs
[2026-07-24T17:58:32.786+0000] {logging_mixin.py:188} INFO - [2026-07-24T17:58:32.786+0000] {dag.py:3947} INFO - Setting next_dagrun for example_branch_labels to 2026-07-23 00:00:00+00:00, run_after=2026-07-24 00:00:00+00:00
[2026-07-24T17:58:32.822+0000] {processor.py:183} INFO - Processing /home/airflow/.local/lib/python3.12/site-packages/airflow/example_dags/example_branch_labels.py took 0.141 seconds
