[2026-07-24T17:06:53.920+0000] {processor.py:161} INFO - Started process (PID=115) to work on /home/airflow/.local/lib/python3.12/site-packages/airflow/example_dags/example_task_group_decorator.py
[2026-07-24T17:06:53.926+0000] {processor.py:830} INFO - Processing file /home/airflow/.local/lib/python3.12/site-packages/airflow/example_dags/example_task_group_decorator.py for tasks to queue
[2026-07-24T17:06:53.936+0000] {logging_mixin.py:188} INFO - [2026-07-24T17:06:53.934+0000] {dagbag.py:545} INFO - Filling up the DagBag from /home/airflow/.local/lib/python3.12/site-packages/airflow/example_dags/example_task_group_decorator.py
[2026-07-24T17:06:54.039+0000] {processor.py:840} INFO - DAG(s) 'example_task_group_decorator' retrieved from /home/airflow/.local/lib/python3.12/site-packages/airflow/example_dags/example_task_group_decorator.py
[2026-07-24T17:06:54.499+0000] {logging_mixin.py:188} INFO - [2026-07-24T17:06:54.498+0000] {dag.py:3089} INFO - Sync 1 DAGs
[2026-07-24T17:06:54.599+0000] {logging_mixin.py:188} INFO - [2026-07-24T17:06:54.598+0000] {dag.py:3947} INFO - Setting next_dagrun for example_task_group_decorator to 2026-07-23 00:00:00+00:00, run_after=2026-07-24 00:00:00+00:00
[2026-07-24T17:06:54.677+0000] {processor.py:183} INFO - Processing /home/airflow/.local/lib/python3.12/site-packages/airflow/example_dags/example_task_group_decorator.py took 0.784 seconds
[2026-07-24T17:07:24.944+0000] {processor.py:161} INFO - Started process (PID=188) to work on /home/airflow/.local/lib/python3.12/site-packages/airflow/example_dags/example_task_group_decorator.py
[2026-07-24T17:07:24.947+0000] {processor.py:830} INFO - Processing file /home/airflow/.local/lib/python3.12/site-packages/airflow/example_dags/example_task_group_decorator.py for tasks to queue
[2026-07-24T17:07:24.952+0000] {logging_mixin.py:188} INFO - [2026-07-24T17:07:24.951+0000] {dagbag.py:545} INFO - Filling up the DagBag from /home/airflow/.local/lib/python3.12/site-packages/airflow/example_dags/example_task_group_decorator.py
[2026-07-24T17:07:24.988+0000] {processor.py:840} INFO - DAG(s) 'example_task_group_decorator' retrieved from /home/airflow/.local/lib/python3.12/site-packages/airflow/example_dags/example_task_group_decorator.py
[2026-07-24T17:07:25.051+0000] {logging_mixin.py:188} INFO - [2026-07-24T17:07:25.050+0000] {dag.py:3089} INFO - Sync 1 DAGs
[2026-07-24T17:07:25.126+0000] {logging_mixin.py:188} INFO - [2026-07-24T17:07:25.125+0000] {dag.py:3947} INFO - Setting next_dagrun for example_task_group_decorator to 2026-07-23 00:00:00+00:00, run_after=2026-07-24 00:00:00+00:00
[2026-07-24T17:07:25.226+0000] {processor.py:183} INFO - Processing /home/airflow/.local/lib/python3.12/site-packages/airflow/example_dags/example_task_group_decorator.py took 0.296 seconds
[2026-07-24T17:07:56.336+0000] {processor.py:161} INFO - Started process (PID=254) to work on /home/airflow/.local/lib/python3.12/site-packages/airflow/example_dags/example_task_group_decorator.py
[2026-07-24T17:07:56.340+0000] {processor.py:830} INFO - Processing file /home/airflow/.local/lib/python3.12/site-packages/airflow/example_dags/example_task_group_decorator.py for tasks to queue
[2026-07-24T17:07:56.349+0000] {logging_mixin.py:188} INFO - [2026-07-24T17:07:56.348+0000] {dagbag.py:545} INFO - Filling up the DagBag from /home/airflow/.local/lib/python3.12/site-packages/airflow/example_dags/example_task_group_decorator.py
[2026-07-24T17:07:56.398+0000] {processor.py:840} INFO - DAG(s) 'example_task_group_decorator' retrieved from /home/airflow/.local/lib/python3.12/site-packages/airflow/example_dags/example_task_group_decorator.py
[2026-07-24T17:07:56.459+0000] {logging_mixin.py:188} INFO - [2026-07-24T17:07:56.458+0000] {dag.py:3089} INFO - Sync 1 DAGs
[2026-07-24T17:07:56.517+0000] {logging_mixin.py:188} INFO - [2026-07-24T17:07:56.516+0000] {dag.py:3947} INFO - Setting next_dagrun for example_task_group_decorator to 2026-07-23 00:00:00+00:00, run_after=2026-07-24 00:00:00+00:00
[2026-07-24T17:07:56.621+0000] {processor.py:183} INFO - Processing /home/airflow/.local/lib/python3.12/site-packages/airflow/example_dags/example_task_group_decorator.py took 0.300 seconds
[2026-07-24T17:08:27.150+0000] {processor.py:161} INFO - Started process (PID=327) to work on /home/airflow/.local/lib/python3.12/site-packages/airflow/example_dags/example_task_group_decorator.py
[2026-07-24T17:08:27.153+0000] {processor.py:830} INFO - Processing file /home/airflow/.local/lib/python3.12/site-packages/airflow/example_dags/example_task_group_decorator.py for tasks to queue
[2026-07-24T17:08:27.157+0000] {logging_mixin.py:188} INFO - [2026-07-24T17:08:27.156+0000] {dagbag.py:545} INFO - Filling up the DagBag from /home/airflow/.local/lib/python3.12/site-packages/airflow/example_dags/example_task_group_decorator.py
[2026-07-24T17:08:27.180+0000] {processor.py:840} INFO - DAG(s) 'example_task_group_decorator' retrieved from /home/airflow/.local/lib/python3.12/site-packages/airflow/example_dags/example_task_group_decorator.py
[2026-07-24T17:08:27.222+0000] {logging_mixin.py:188} INFO - [2026-07-24T17:08:27.222+0000] {dag.py:3089} INFO - Sync 1 DAGs
[2026-07-24T17:08:27.279+0000] {logging_mixin.py:188} INFO - [2026-07-24T17:08:27.279+0000] {dag.py:3947} INFO - Setting next_dagrun for example_task_group_decorator to 2026-07-23 00:00:00+00:00, run_after=2026-07-24 00:00:00+00:00
[2026-07-24T17:08:27.317+0000] {processor.py:183} INFO - Processing /home/airflow/.local/lib/python3.12/site-packages/airflow/example_dags/example_task_group_decorator.py took 0.176 seconds
[2026-07-24T17:08:57.585+0000] {processor.py:161} INFO - Started process (PID=401) to work on /home/airflow/.local/lib/python3.12/site-packages/airflow/example_dags/example_task_group_decorator.py
[2026-07-24T17:08:57.588+0000] {processor.py:830} INFO - Processing file /home/airflow/.local/lib/python3.12/site-packages/airflow/example_dags/example_task_group_decorator.py for tasks to queue
[2026-07-24T17:08:57.592+0000] {logging_mixin.py:188} INFO - [2026-07-24T17:08:57.591+0000] {dagbag.py:545} INFO - Filling up the DagBag from /home/airflow/.local/lib/python3.12/site-packages/airflow/example_dags/example_task_group_decorator.py
[2026-07-24T17:08:57.622+0000] {processor.py:840} INFO - DAG(s) 'example_task_group_decorator' retrieved from /home/airflow/.local/lib/python3.12/site-packages/airflow/example_dags/example_task_group_decorator.py
[2026-07-24T17:08:57.675+0000] {logging_mixin.py:188} INFO - [2026-07-24T17:08:57.675+0000] {dag.py:3089} INFO - Sync 1 DAGs
[2026-07-24T17:08:57.725+0000] {logging_mixin.py:188} INFO - [2026-07-24T17:08:57.725+0000] {dag.py:3947} INFO - Setting next_dagrun for example_task_group_decorator to 2026-07-23 00:00:00+00:00, run_after=2026-07-24 00:00:00+00:00
[2026-07-24T17:08:57.792+0000] {processor.py:183} INFO - Processing /home/airflow/.local/lib/python3.12/site-packages/airflow/example_dags/example_task_group_decorator.py took 0.216 seconds
[2026-07-24T17:09:28.324+0000] {processor.py:161} INFO - Started process (PID=474) to work on /home/airflow/.local/lib/python3.12/site-packages/airflow/example_dags/example_task_group_decorator.py
[2026-07-24T17:09:28.331+0000] {processor.py:830} INFO - Processing file /home/airflow/.local/lib/python3.12/site-packages/airflow/example_dags/example_task_group_decorator.py for tasks to queue
[2026-07-24T17:09:28.342+0000] {logging_mixin.py:188} INFO - [2026-07-24T17:09:28.341+0000] {dagbag.py:545} INFO - Filling up the DagBag from /home/airflow/.local/lib/python3.12/site-packages/airflow/example_dags/example_task_group_decorator.py
[2026-07-24T17:09:28.399+0000] {processor.py:840} INFO - DAG(s) 'example_task_group_decorator' retrieved from /home/airflow/.local/lib/python3.12/site-packages/airflow/example_dags/example_task_group_decorator.py
[2026-07-24T17:09:28.477+0000] {logging_mixin.py:188} INFO - [2026-07-24T17:09:28.477+0000] {dag.py:3089} INFO - Sync 1 DAGs
[2026-07-24T17:09:28.570+0000] {logging_mixin.py:188} INFO - [2026-07-24T17:09:28.569+0000] {dag.py:3947} INFO - Setting next_dagrun for example_task_group_decorator to 2026-07-23 00:00:00+00:00, run_after=2026-07-24 00:00:00+00:00
[2026-07-24T17:09:28.645+0000] {processor.py:183} INFO - Processing /home/airflow/.local/lib/python3.12/site-packages/airflow/example_dags/example_task_group_decorator.py took 0.342 seconds
[2026-07-24T17:09:59.256+0000] {processor.py:161} INFO - Started process (PID=547) to work on /home/airflow/.local/lib/python3.12/site-packages/airflow/example_dags/example_task_group_decorator.py
[2026-07-24T17:09:59.260+0000] {processor.py:830} INFO - Processing file /home/airflow/.local/lib/python3.12/site-packages/airflow/example_dags/example_task_group_decorator.py for tasks to queue
[2026-07-24T17:09:59.265+0000] {logging_mixin.py:188} INFO - [2026-07-24T17:09:59.264+0000] {dagbag.py:545} INFO - Filling up the DagBag from /home/airflow/.local/lib/python3.12/site-packages/airflow/example_dags/example_task_group_decorator.py
[2026-07-24T17:09:59.316+0000] {processor.py:840} INFO - DAG(s) 'example_task_group_decorator' retrieved from /home/airflow/.local/lib/python3.12/site-packages/airflow/example_dags/example_task_group_decorator.py
[2026-07-24T17:09:59.381+0000] {logging_mixin.py:188} INFO - [2026-07-24T17:09:59.380+0000] {dag.py:3089} INFO - Sync 1 DAGs
[2026-07-24T17:09:59.436+0000] {logging_mixin.py:188} INFO - [2026-07-24T17:09:59.435+0000] {dag.py:3947} INFO - Setting next_dagrun for example_task_group_decorator to 2026-07-23 00:00:00+00:00, run_after=2026-07-24 00:00:00+00:00
[2026-07-24T17:09:59.479+0000] {processor.py:183} INFO - Processing /home/airflow/.local/lib/python3.12/site-packages/airflow/example_dags/example_task_group_decorator.py took 0.240 seconds
[2026-07-24T17:10:30.040+0000] {processor.py:161} INFO - Started process (PID=620) to work on /home/airflow/.local/lib/python3.12/site-packages/airflow/example_dags/example_task_group_decorator.py
[2026-07-24T17:10:30.044+0000] {processor.py:830} INFO - Processing file /home/airflow/.local/lib/python3.12/site-packages/airflow/example_dags/example_task_group_decorator.py for tasks to queue
[2026-07-24T17:10:30.050+0000] {logging_mixin.py:188} INFO - [2026-07-24T17:10:30.049+0000] {dagbag.py:545} INFO - Filling up the DagBag from /home/airflow/.local/lib/python3.12/site-packages/airflow/example_dags/example_task_group_decorator.py
[2026-07-24T17:10:30.088+0000] {processor.py:840} INFO - DAG(s) 'example_task_group_decorator' retrieved from /home/airflow/.local/lib/python3.12/site-packages/airflow/example_dags/example_task_group_decorator.py
[2026-07-24T17:10:30.147+0000] {logging_mixin.py:188} INFO - [2026-07-24T17:10:30.147+0000] {dag.py:3089} INFO - Sync 1 DAGs
[2026-07-24T17:10:30.189+0000] {logging_mixin.py:188} INFO - [2026-07-24T17:10:30.188+0000] {dag.py:3947} INFO - Setting next_dagrun for example_task_group_decorator to 2026-07-23 00:00:00+00:00, run_after=2026-07-24 00:00:00+00:00
[2026-07-24T17:10:30.226+0000] {processor.py:183} INFO - Processing /home/airflow/.local/lib/python3.12/site-packages/airflow/example_dags/example_task_group_decorator.py took 0.201 seconds
[2026-07-24T17:11:00.510+0000] {processor.py:161} INFO - Started process (PID=694) to work on /home/airflow/.local/lib/python3.12/site-packages/airflow/example_dags/example_task_group_decorator.py
[2026-07-24T17:11:00.517+0000] {processor.py:830} INFO - Processing file /home/airflow/.local/lib/python3.12/site-packages/airflow/example_dags/example_task_group_decorator.py for tasks to queue
[2026-07-24T17:11:00.537+0000] {logging_mixin.py:188} INFO - [2026-07-24T17:11:00.536+0000] {dagbag.py:545} INFO - Filling up the DagBag from /home/airflow/.local/lib/python3.12/site-packages/airflow/example_dags/example_task_group_decorator.py
[2026-07-24T17:11:00.583+0000] {processor.py:840} INFO - DAG(s) 'example_task_group_decorator' retrieved from /home/airflow/.local/lib/python3.12/site-packages/airflow/example_dags/example_task_group_decorator.py
[2026-07-24T17:11:00.689+0000] {logging_mixin.py:188} INFO - [2026-07-24T17:11:00.688+0000] {dag.py:3089} INFO - Sync 1 DAGs
[2026-07-24T17:11:00.785+0000] {logging_mixin.py:188} INFO - [2026-07-24T17:11:00.785+0000] {dag.py:3947} INFO - Setting next_dagrun for example_task_group_decorator to 2026-07-23 00:00:00+00:00, run_after=2026-07-24 00:00:00+00:00
[2026-07-24T17:11:00.862+0000] {processor.py:183} INFO - Processing /home/airflow/.local/lib/python3.12/site-packages/airflow/example_dags/example_task_group_decorator.py took 0.385 seconds
[2026-07-24T17:11:31.115+0000] {processor.py:161} INFO - Started process (PID=759) to work on /home/airflow/.local/lib/python3.12/site-packages/airflow/example_dags/example_task_group_decorator.py
[2026-07-24T17:11:31.118+0000] {processor.py:830} INFO - Processing file /home/airflow/.local/lib/python3.12/site-packages/airflow/example_dags/example_task_group_decorator.py for tasks to queue
[2026-07-24T17:11:31.123+0000] {logging_mixin.py:188} INFO - [2026-07-24T17:11:31.122+0000] {dagbag.py:545} INFO - Filling up the DagBag from /home/airflow/.local/lib/python3.12/site-packages/airflow/example_dags/example_task_group_decorator.py
[2026-07-24T17:11:31.160+0000] {processor.py:840} INFO - DAG(s) 'example_task_group_decorator' retrieved from /home/airflow/.local/lib/python3.12/site-packages/airflow/example_dags/example_task_group_decorator.py
[2026-07-24T17:11:31.218+0000] {logging_mixin.py:188} INFO - [2026-07-24T17:11:31.217+0000] {dag.py:3089} INFO - Sync 1 DAGs
[2026-07-24T17:11:31.257+0000] {logging_mixin.py:188} INFO - [2026-07-24T17:11:31.257+0000] {dag.py:3947} INFO - Setting next_dagrun for example_task_group_decorator to 2026-07-23 00:00:00+00:00, run_after=2026-07-24 00:00:00+00:00
[2026-07-24T17:11:31.328+0000] {processor.py:183} INFO - Processing /home/airflow/.local/lib/python3.12/site-packages/airflow/example_dags/example_task_group_decorator.py took 0.224 seconds
[2026-07-24T17:12:01.805+0000] {processor.py:161} INFO - Started process (PID=834) to work on /home/airflow/.local/lib/python3.12/site-packages/airflow/example_dags/example_task_group_decorator.py
[2026-07-24T17:12:01.809+0000] {processor.py:830} INFO - Processing file /home/airflow/.local/lib/python3.12/site-packages/airflow/example_dags/example_task_group_decorator.py for tasks to queue
[2026-07-24T17:12:01.816+0000] {logging_mixin.py:188} INFO - [2026-07-24T17:12:01.815+0000] {dagbag.py:545} INFO - Filling up the DagBag from /home/airflow/.local/lib/python3.12/site-packages/airflow/example_dags/example_task_group_decorator.py
[2026-07-24T17:12:01.849+0000] {processor.py:840} INFO - DAG(s) 'example_task_group_decorator' retrieved from /home/airflow/.local/lib/python3.12/site-packages/airflow/example_dags/example_task_group_decorator.py
[2026-07-24T17:12:01.899+0000] {logging_mixin.py:188} INFO - [2026-07-24T17:12:01.898+0000] {dag.py:3089} INFO - Sync 1 DAGs
[2026-07-24T17:12:01.953+0000] {logging_mixin.py:188} INFO - [2026-07-24T17:12:01.953+0000] {dag.py:3947} INFO - Setting next_dagrun for example_task_group_decorator to 2026-07-23 00:00:00+00:00, run_after=2026-07-24 00:00:00+00:00
[2026-07-24T17:12:01.995+0000] {processor.py:183} INFO - Processing /home/airflow/.local/lib/python3.12/site-packages/airflow/example_dags/example_task_group_decorator.py took 0.209 seconds
[2026-07-24T17:12:32.291+0000] {processor.py:161} INFO - Started process (PID=908) to work on /home/airflow/.local/lib/python3.12/site-packages/airflow/example_dags/example_task_group_decorator.py
[2026-07-24T17:12:32.294+0000] {processor.py:830} INFO - Processing file /home/airflow/.local/lib/python3.12/site-packages/airflow/example_dags/example_task_group_decorator.py for tasks to queue
[2026-07-24T17:12:32.300+0000] {logging_mixin.py:188} INFO - [2026-07-24T17:12:32.299+0000] {dagbag.py:545} INFO - Filling up the DagBag from /home/airflow/.local/lib/python3.12/site-packages/airflow/example_dags/example_task_group_decorator.py
[2026-07-24T17:12:32.326+0000] {processor.py:840} INFO - DAG(s) 'example_task_group_decorator' retrieved from /home/airflow/.local/lib/python3.12/site-packages/airflow/example_dags/example_task_group_decorator.py
[2026-07-24T17:12:32.365+0000] {logging_mixin.py:188} INFO - [2026-07-24T17:12:32.365+0000] {dag.py:3089} INFO - Sync 1 DAGs
[2026-07-24T17:12:32.402+0000] {logging_mixin.py:188} INFO - [2026-07-24T17:12:32.402+0000] {dag.py:3947} INFO - Setting next_dagrun for example_task_group_decorator to 2026-07-23 00:00:00+00:00, run_after=2026-07-24 00:00:00+00:00
[2026-07-24T17:12:32.436+0000] {processor.py:183} INFO - Processing /home/airflow/.local/lib/python3.12/site-packages/airflow/example_dags/example_task_group_decorator.py took 0.156 seconds
[2026-07-24T17:13:03.101+0000] {processor.py:161} INFO - Started process (PID=981) to work on /home/airflow/.local/lib/python3.12/site-packages/airflow/example_dags/example_task_group_decorator.py
[2026-07-24T17:13:03.104+0000] {processor.py:830} INFO - Processing file /home/airflow/.local/lib/python3.12/site-packages/airflow/example_dags/example_task_group_decorator.py for tasks to queue
[2026-07-24T17:13:03.107+0000] {logging_mixin.py:188} INFO - [2026-07-24T17:13:03.107+0000] {dagbag.py:545} INFO - Filling up the DagBag from /home/airflow/.local/lib/python3.12/site-packages/airflow/example_dags/example_task_group_decorator.py
[2026-07-24T17:13:03.124+0000] {processor.py:840} INFO - DAG(s) 'example_task_group_decorator' retrieved from /home/airflow/.local/lib/python3.12/site-packages/airflow/example_dags/example_task_group_decorator.py
[2026-07-24T17:13:03.159+0000] {logging_mixin.py:188} INFO - [2026-07-24T17:13:03.159+0000] {dag.py:3089} INFO - Sync 1 DAGs
[2026-07-24T17:13:03.190+0000] {logging_mixin.py:188} INFO - [2026-07-24T17:13:03.189+0000] {dag.py:3947} INFO - Setting next_dagrun for example_task_group_decorator to 2026-07-23 00:00:00+00:00, run_after=2026-07-24 00:00:00+00:00
[2026-07-24T17:13:03.230+0000] {processor.py:183} INFO - Processing /home/airflow/.local/lib/python3.12/site-packages/airflow/example_dags/example_task_group_decorator.py took 0.136 seconds
[2026-07-24T17:13:33.786+0000] {processor.py:161} INFO - Started process (PID=1054) to work on /home/airflow/.local/lib/python3.12/site-packages/airflow/example_dags/example_task_group_decorator.py
[2026-07-24T17:13:33.789+0000] {processor.py:830} INFO - Processing file /home/airflow/.local/lib/python3.12/site-packages/airflow/example_dags/example_task_group_decorator.py for tasks to queue
[2026-07-24T17:13:33.793+0000] {logging_mixin.py:188} INFO - [2026-07-24T17:13:33.793+0000] {dagbag.py:545} INFO - Filling up the DagBag from /home/airflow/.local/lib/python3.12/site-packages/airflow/example_dags/example_task_group_decorator.py
[2026-07-24T17:13:33.825+0000] {processor.py:840} INFO - DAG(s) 'example_task_group_decorator' retrieved from /home/airflow/.local/lib/python3.12/site-packages/airflow/example_dags/example_task_group_decorator.py
[2026-07-24T17:13:33.879+0000] {logging_mixin.py:188} INFO - [2026-07-24T17:13:33.879+0000] {dag.py:3089} INFO - Sync 1 DAGs
[2026-07-24T17:13:33.933+0000] {logging_mixin.py:188} INFO - [2026-07-24T17:13:33.932+0000] {dag.py:3947} INFO - Setting next_dagrun for example_task_group_decorator to 2026-07-23 00:00:00+00:00, run_after=2026-07-24 00:00:00+00:00
[2026-07-24T17:13:33.981+0000] {processor.py:183} INFO - Processing /home/airflow/.local/lib/python3.12/site-packages/airflow/example_dags/example_task_group_decorator.py took 0.208 seconds
[2026-07-24T17:14:04.237+0000] {processor.py:161} INFO - Started process (PID=1127) to work on /home/airflow/.local/lib/python3.12/site-packages/airflow/example_dags/example_task_group_decorator.py
[2026-07-24T17:14:04.242+0000] {processor.py:830} INFO - Processing file /home/airflow/.local/lib/python3.12/site-packages/airflow/example_dags/example_task_group_decorator.py for tasks to queue
[2026-07-24T17:14:04.248+0000] {logging_mixin.py:188} INFO - [2026-07-24T17:14:04.247+0000] {dagbag.py:545} INFO - Filling up the DagBag from /home/airflow/.local/lib/python3.12/site-packages/airflow/example_dags/example_task_group_decorator.py
[2026-07-24T17:14:04.279+0000] {processor.py:840} INFO - DAG(s) 'example_task_group_decorator' retrieved from /home/airflow/.local/lib/python3.12/site-packages/airflow/example_dags/example_task_group_decorator.py
[2026-07-24T17:14:04.336+0000] {logging_mixin.py:188} INFO - [2026-07-24T17:14:04.336+0000] {dag.py:3089} INFO - Sync 1 DAGs
[2026-07-24T17:14:04.385+0000] {logging_mixin.py:188} INFO - [2026-07-24T17:14:04.384+0000] {dag.py:3947} INFO - Setting next_dagrun for example_task_group_decorator to 2026-07-23 00:00:00+00:00, run_after=2026-07-24 00:00:00+00:00
[2026-07-24T17:14:04.429+0000] {processor.py:183} INFO - Processing /home/airflow/.local/lib/python3.12/site-packages/airflow/example_dags/example_task_group_decorator.py took 0.205 seconds
[2026-07-24T17:14:35.421+0000] {processor.py:161} INFO - Started process (PID=1202) to work on /home/airflow/.local/lib/python3.12/site-packages/airflow/example_dags/example_task_group_decorator.py
[2026-07-24T17:14:35.426+0000] {processor.py:830} INFO - Processing file /home/airflow/.local/lib/python3.12/site-packages/airflow/example_dags/example_task_group_decorator.py for tasks to queue
[2026-07-24T17:14:35.433+0000] {logging_mixin.py:188} INFO - [2026-07-24T17:14:35.432+0000] {dagbag.py:545} INFO - Filling up the DagBag from /home/airflow/.local/lib/python3.12/site-packages/airflow/example_dags/example_task_group_decorator.py
[2026-07-24T17:14:35.497+0000] {processor.py:840} INFO - DAG(s) 'example_task_group_decorator' retrieved from /home/airflow/.local/lib/python3.12/site-packages/airflow/example_dags/example_task_group_decorator.py
[2026-07-24T17:14:35.570+0000] {logging_mixin.py:188} INFO - [2026-07-24T17:14:35.570+0000] {dag.py:3089} INFO - Sync 1 DAGs
[2026-07-24T17:14:35.641+0000] {logging_mixin.py:188} INFO - [2026-07-24T17:14:35.640+0000] {dag.py:3947} INFO - Setting next_dagrun for example_task_group_decorator to 2026-07-23 00:00:00+00:00, run_after=2026-07-24 00:00:00+00:00
[2026-07-24T17:14:35.693+0000] {processor.py:183} INFO - Processing /home/airflow/.local/lib/python3.12/site-packages/airflow/example_dags/example_task_group_decorator.py took 0.287 seconds
[2026-07-24T17:15:05.843+0000] {processor.py:161} INFO - Started process (PID=1268) to work on /home/airflow/.local/lib/python3.12/site-packages/airflow/example_dags/example_task_group_decorator.py
[2026-07-24T17:15:05.846+0000] {processor.py:830} INFO - Processing file /home/airflow/.local/lib/python3.12/site-packages/airflow/example_dags/example_task_group_decorator.py for tasks to queue
[2026-07-24T17:15:05.852+0000] {logging_mixin.py:188} INFO - [2026-07-24T17:15:05.851+0000] {dagbag.py:545} INFO - Filling up the DagBag from /home/airflow/.local/lib/python3.12/site-packages/airflow/example_dags/example_task_group_decorator.py
[2026-07-24T17:15:05.882+0000] {processor.py:840} INFO - DAG(s) 'example_task_group_decorator' retrieved from /home/airflow/.local/lib/python3.12/site-packages/airflow/example_dags/example_task_group_decorator.py
[2026-07-24T17:15:05.932+0000] {logging_mixin.py:188} INFO - [2026-07-24T17:15:05.931+0000] {dag.py:3089} INFO - Sync 1 DAGs
[2026-07-24T17:15:05.973+0000] {logging_mixin.py:188} INFO - [2026-07-24T17:15:05.973+0000] {dag.py:3947} INFO - Setting next_dagrun for example_task_group_decorator to 2026-07-23 00:00:00+00:00, run_after=2026-07-24 00:00:00+00:00
[2026-07-24T17:15:06.017+0000] {processor.py:183} INFO - Processing /home/airflow/.local/lib/python3.12/site-packages/airflow/example_dags/example_task_group_decorator.py took 0.188 seconds
[2026-07-24T17:15:36.843+0000] {processor.py:161} INFO - Started process (PID=1341) to work on /home/airflow/.local/lib/python3.12/site-packages/airflow/example_dags/example_task_group_decorator.py
[2026-07-24T17:15:36.848+0000] {processor.py:830} INFO - Processing file /home/airflow/.local/lib/python3.12/site-packages/airflow/example_dags/example_task_group_decorator.py for tasks to queue
[2026-07-24T17:15:36.853+0000] {logging_mixin.py:188} INFO - [2026-07-24T17:15:36.852+0000] {dagbag.py:545} INFO - Filling up the DagBag from /home/airflow/.local/lib/python3.12/site-packages/airflow/example_dags/example_task_group_decorator.py
[2026-07-24T17:15:36.878+0000] {processor.py:840} INFO - DAG(s) 'example_task_group_decorator' retrieved from /home/airflow/.local/lib/python3.12/site-packages/airflow/example_dags/example_task_group_decorator.py
[2026-07-24T17:15:36.927+0000] {logging_mixin.py:188} INFO - [2026-07-24T17:15:36.927+0000] {dag.py:3089} INFO - Sync 1 DAGs
[2026-07-24T17:15:36.971+0000] {logging_mixin.py:188} INFO - [2026-07-24T17:15:36.971+0000] {dag.py:3947} INFO - Setting next_dagrun for example_task_group_decorator to 2026-07-23 00:00:00+00:00, run_after=2026-07-24 00:00:00+00:00
[2026-07-24T17:15:37.014+0000] {processor.py:183} INFO - Processing /home/airflow/.local/lib/python3.12/site-packages/airflow/example_dags/example_task_group_decorator.py took 0.184 seconds
[2026-07-24T17:16:07.262+0000] {processor.py:161} INFO - Started process (PID=1415) to work on /home/airflow/.local/lib/python3.12/site-packages/airflow/example_dags/example_task_group_decorator.py
[2026-07-24T17:16:07.265+0000] {processor.py:830} INFO - Processing file /home/airflow/.local/lib/python3.12/site-packages/airflow/example_dags/example_task_group_decorator.py for tasks to queue
[2026-07-24T17:16:07.268+0000] {logging_mixin.py:188} INFO - [2026-07-24T17:16:07.268+0000] {dagbag.py:545} INFO - Filling up the DagBag from /home/airflow/.local/lib/python3.12/site-packages/airflow/example_dags/example_task_group_decorator.py
[2026-07-24T17:16:07.287+0000] {processor.py:840} INFO - DAG(s) 'example_task_group_decorator' retrieved from /home/airflow/.local/lib/python3.12/site-packages/airflow/example_dags/example_task_group_decorator.py
[2026-07-24T17:16:07.320+0000] {logging_mixin.py:188} INFO - [2026-07-24T17:16:07.320+0000] {dag.py:3089} INFO - Sync 1 DAGs
[2026-07-24T17:16:07.350+0000] {logging_mixin.py:188} INFO - [2026-07-24T17:16:07.350+0000] {dag.py:3947} INFO - Setting next_dagrun for example_task_group_decorator to 2026-07-23 00:00:00+00:00, run_after=2026-07-24 00:00:00+00:00
[2026-07-24T17:16:07.386+0000] {processor.py:183} INFO - Processing /home/airflow/.local/lib/python3.12/site-packages/airflow/example_dags/example_task_group_decorator.py took 0.131 seconds
[2026-07-24T17:16:39.410+0000] {processor.py:161} INFO - Started process (PID=1496) to work on /home/airflow/.local/lib/python3.12/site-packages/airflow/example_dags/example_task_group_decorator.py
[2026-07-24T17:16:39.414+0000] {processor.py:830} INFO - Processing file /home/airflow/.local/lib/python3.12/site-packages/airflow/example_dags/example_task_group_decorator.py for tasks to queue
[2026-07-24T17:16:39.420+0000] {logging_mixin.py:188} INFO - [2026-07-24T17:16:39.419+0000] {dagbag.py:545} INFO - Filling up the DagBag from /home/airflow/.local/lib/python3.12/site-packages/airflow/example_dags/example_task_group_decorator.py
[2026-07-24T17:16:39.446+0000] {processor.py:840} INFO - DAG(s) 'example_task_group_decorator' retrieved from /home/airflow/.local/lib/python3.12/site-packages/airflow/example_dags/example_task_group_decorator.py
[2026-07-24T17:16:39.498+0000] {logging_mixin.py:188} INFO - [2026-07-24T17:16:39.497+0000] {dag.py:3089} INFO - Sync 1 DAGs
[2026-07-24T17:16:39.540+0000] {logging_mixin.py:188} INFO - [2026-07-24T17:16:39.540+0000] {dag.py:3947} INFO - Setting next_dagrun for example_task_group_decorator to 2026-07-23 00:00:00+00:00, run_after=2026-07-24 00:00:00+00:00
[2026-07-24T17:16:39.584+0000] {processor.py:183} INFO - Processing /home/airflow/.local/lib/python3.12/site-packages/airflow/example_dags/example_task_group_decorator.py took 0.188 seconds
[2026-07-24T17:17:10.086+0000] {processor.py:161} INFO - Started process (PID=1569) to work on /home/airflow/.local/lib/python3.12/site-packages/airflow/example_dags/example_task_group_decorator.py
[2026-07-24T17:17:10.089+0000] {processor.py:830} INFO - Processing file /home/airflow/.local/lib/python3.12/site-packages/airflow/example_dags/example_task_group_decorator.py for tasks to queue
[2026-07-24T17:17:10.094+0000] {logging_mixin.py:188} INFO - [2026-07-24T17:17:10.093+0000] {dagbag.py:545} INFO - Filling up the DagBag from /home/airflow/.local/lib/python3.12/site-packages/airflow/example_dags/example_task_group_decorator.py
[2026-07-24T17:17:10.126+0000] {processor.py:840} INFO - DAG(s) 'example_task_group_decorator' retrieved from /home/airflow/.local/lib/python3.12/site-packages/airflow/example_dags/example_task_group_decorator.py
[2026-07-24T17:17:10.173+0000] {logging_mixin.py:188} INFO - [2026-07-24T17:17:10.172+0000] {dag.py:3089} INFO - Sync 1 DAGs
[2026-07-24T17:17:10.218+0000] {logging_mixin.py:188} INFO - [2026-07-24T17:17:10.218+0000] {dag.py:3947} INFO - Setting next_dagrun for example_task_group_decorator to 2026-07-23 00:00:00+00:00, run_after=2026-07-24 00:00:00+00:00
[2026-07-24T17:17:10.259+0000] {processor.py:183} INFO - Processing /home/airflow/.local/lib/python3.12/site-packages/airflow/example_dags/example_task_group_decorator.py took 0.185 seconds
[2026-07-24T17:17:43.220+0000] {processor.py:161} INFO - Started process (PID=1642) to work on /home/airflow/.local/lib/python3.12/site-packages/airflow/example_dags/example_task_group_decorator.py
[2026-07-24T17:17:43.229+0000] {processor.py:830} INFO - Processing file /home/airflow/.local/lib/python3.12/site-packages/airflow/example_dags/example_task_group_decorator.py for tasks to queue
[2026-07-24T17:17:43.236+0000] {logging_mixin.py:188} INFO - [2026-07-24T17:17:43.235+0000] {dagbag.py:545} INFO - Filling up the DagBag from /home/airflow/.local/lib/python3.12/site-packages/airflow/example_dags/example_task_group_decorator.py
[2026-07-24T17:17:43.297+0000] {processor.py:840} INFO - DAG(s) 'example_task_group_decorator' retrieved from /home/airflow/.local/lib/python3.12/site-packages/airflow/example_dags/example_task_group_decorator.py
[2026-07-24T17:17:43.418+0000] {logging_mixin.py:188} INFO - [2026-07-24T17:17:43.417+0000] {dag.py:3089} INFO - Sync 1 DAGs
[2026-07-24T17:17:43.497+0000] {logging_mixin.py:188} INFO - [2026-07-24T17:17:43.496+0000] {dag.py:3947} INFO - Setting next_dagrun for example_task_group_decorator to 2026-07-23 00:00:00+00:00, run_after=2026-07-24 00:00:00+00:00
[2026-07-24T17:17:43.559+0000] {processor.py:183} INFO - Processing /home/airflow/.local/lib/python3.12/site-packages/airflow/example_dags/example_task_group_decorator.py took 0.360 seconds
[2026-07-24T17:18:14.853+0000] {processor.py:161} INFO - Started process (PID=1716) to work on /home/airflow/.local/lib/python3.12/site-packages/airflow/example_dags/example_task_group_decorator.py
[2026-07-24T17:18:14.858+0000] {processor.py:830} INFO - Processing file /home/airflow/.local/lib/python3.12/site-packages/airflow/example_dags/example_task_group_decorator.py for tasks to queue
[2026-07-24T17:18:14.864+0000] {logging_mixin.py:188} INFO - [2026-07-24T17:18:14.863+0000] {dagbag.py:545} INFO - Filling up the DagBag from /home/airflow/.local/lib/python3.12/site-packages/airflow/example_dags/example_task_group_decorator.py
[2026-07-24T17:18:14.900+0000] {processor.py:840} INFO - DAG(s) 'example_task_group_decorator' retrieved from /home/airflow/.local/lib/python3.12/site-packages/airflow/example_dags/example_task_group_decorator.py
[2026-07-24T17:18:14.960+0000] {logging_mixin.py:188} INFO - [2026-07-24T17:18:14.960+0000] {dag.py:3089} INFO - Sync 1 DAGs
[2026-07-24T17:18:15.003+0000] {logging_mixin.py:188} INFO - [2026-07-24T17:18:15.003+0000] {dag.py:3947} INFO - Setting next_dagrun for example_task_group_decorator to 2026-07-23 00:00:00+00:00, run_after=2026-07-24 00:00:00+00:00
[2026-07-24T17:18:15.052+0000] {processor.py:183} INFO - Processing /home/airflow/.local/lib/python3.12/site-packages/airflow/example_dags/example_task_group_decorator.py took 0.215 seconds
[2026-07-24T17:18:45.544+0000] {processor.py:161} INFO - Started process (PID=1788) to work on /home/airflow/.local/lib/python3.12/site-packages/airflow/example_dags/example_task_group_decorator.py
[2026-07-24T17:18:45.556+0000] {processor.py:830} INFO - Processing file /home/airflow/.local/lib/python3.12/site-packages/airflow/example_dags/example_task_group_decorator.py for tasks to queue
[2026-07-24T17:18:45.563+0000] {logging_mixin.py:188} INFO - [2026-07-24T17:18:45.562+0000] {dagbag.py:545} INFO - Filling up the DagBag from /home/airflow/.local/lib/python3.12/site-packages/airflow/example_dags/example_task_group_decorator.py
[2026-07-24T17:18:45.609+0000] {processor.py:840} INFO - DAG(s) 'example_task_group_decorator' retrieved from /home/airflow/.local/lib/python3.12/site-packages/airflow/example_dags/example_task_group_decorator.py
[2026-07-24T17:18:45.693+0000] {logging_mixin.py:188} INFO - [2026-07-24T17:18:45.692+0000] {dag.py:3089} INFO - Sync 1 DAGs
[2026-07-24T17:18:45.760+0000] {logging_mixin.py:188} INFO - [2026-07-24T17:18:45.760+0000] {dag.py:3947} INFO - Setting next_dagrun for example_task_group_decorator to 2026-07-23 00:00:00+00:00, run_after=2026-07-24 00:00:00+00:00
[2026-07-24T17:18:45.813+0000] {processor.py:183} INFO - Processing /home/airflow/.local/lib/python3.12/site-packages/airflow/example_dags/example_task_group_decorator.py took 0.287 seconds
[2026-07-24T17:19:16.437+0000] {processor.py:161} INFO - Started process (PID=1854) to work on /home/airflow/.local/lib/python3.12/site-packages/airflow/example_dags/example_task_group_decorator.py
[2026-07-24T17:19:16.439+0000] {processor.py:830} INFO - Processing file /home/airflow/.local/lib/python3.12/site-packages/airflow/example_dags/example_task_group_decorator.py for tasks to queue
[2026-07-24T17:19:16.444+0000] {logging_mixin.py:188} INFO - [2026-07-24T17:19:16.443+0000] {dagbag.py:545} INFO - Filling up the DagBag from /home/airflow/.local/lib/python3.12/site-packages/airflow/example_dags/example_task_group_decorator.py
[2026-07-24T17:19:16.463+0000] {processor.py:840} INFO - DAG(s) 'example_task_group_decorator' retrieved from /home/airflow/.local/lib/python3.12/site-packages/airflow/example_dags/example_task_group_decorator.py
[2026-07-24T17:19:16.507+0000] {logging_mixin.py:188} INFO - [2026-07-24T17:19:16.506+0000] {dag.py:3089} INFO - Sync 1 DAGs
[2026-07-24T17:19:16.545+0000] {logging_mixin.py:188} INFO - [2026-07-24T17:19:16.545+0000] {dag.py:3947} INFO - Setting next_dagrun for example_task_group_decorator to 2026-07-23 00:00:00+00:00, run_after=2026-07-24 00:00:00+00:00
[2026-07-24T17:19:16.604+0000] {processor.py:183} INFO - Processing /home/airflow/.local/lib/python3.12/site-packages/airflow/example_dags/example_task_group_decorator.py took 0.179 seconds
[2026-07-24T17:19:49.327+0000] {processor.py:161} INFO - Started process (PID=1927) to work on /home/airflow/.local/lib/python3.12/site-packages/airflow/example_dags/example_task_group_decorator.py
[2026-07-24T17:19:49.330+0000] {processor.py:830} INFO - Processing file /home/airflow/.local/lib/python3.12/site-packages/airflow/example_dags/example_task_group_decorator.py for tasks to queue
[2026-07-24T17:19:49.336+0000] {logging_mixin.py:188} INFO - [2026-07-24T17:19:49.335+0000] {dagbag.py:545} INFO - Filling up the DagBag from /home/airflow/.local/lib/python3.12/site-packages/airflow/example_dags/example_task_group_decorator.py
[2026-07-24T17:19:49.375+0000] {processor.py:840} INFO - DAG(s) 'example_task_group_decorator' retrieved from /home/airflow/.local/lib/python3.12/site-packages/airflow/example_dags/example_task_group_decorator.py
[2026-07-24T17:19:49.425+0000] {logging_mixin.py:188} INFO - [2026-07-24T17:19:49.425+0000] {dag.py:3089} INFO - Sync 1 DAGs
[2026-07-24T17:19:49.471+0000] {logging_mixin.py:188} INFO - [2026-07-24T17:19:49.471+0000] {dag.py:3947} INFO - Setting next_dagrun for example_task_group_decorator to 2026-07-23 00:00:00+00:00, run_after=2026-07-24 00:00:00+00:00
[2026-07-24T17:19:49.508+0000] {processor.py:183} INFO - Processing /home/airflow/.local/lib/python3.12/site-packages/airflow/example_dags/example_task_group_decorator.py took 0.192 seconds
[2026-07-24T17:20:21.389+0000] {processor.py:161} INFO - Started process (PID=2001) to work on /home/airflow/.local/lib/python3.12/site-packages/airflow/example_dags/example_task_group_decorator.py
[2026-07-24T17:20:21.392+0000] {processor.py:830} INFO - Processing file /home/airflow/.local/lib/python3.12/site-packages/airflow/example_dags/example_task_group_decorator.py for tasks to queue
[2026-07-24T17:20:21.397+0000] {logging_mixin.py:188} INFO - [2026-07-24T17:20:21.396+0000] {dagbag.py:545} INFO - Filling up the DagBag from /home/airflow/.local/lib/python3.12/site-packages/airflow/example_dags/example_task_group_decorator.py
[2026-07-24T17:20:21.420+0000] {processor.py:840} INFO - DAG(s) 'example_task_group_decorator' retrieved from /home/airflow/.local/lib/python3.12/site-packages/airflow/example_dags/example_task_group_decorator.py
[2026-07-24T17:20:21.461+0000] {logging_mixin.py:188} INFO - [2026-07-24T17:20:21.461+0000] {dag.py:3089} INFO - Sync 1 DAGs
[2026-07-24T17:20:21.498+0000] {logging_mixin.py:188} INFO - [2026-07-24T17:20:21.497+0000] {dag.py:3947} INFO - Setting next_dagrun for example_task_group_decorator to 2026-07-23 00:00:00+00:00, run_after=2026-07-24 00:00:00+00:00
[2026-07-24T17:20:21.545+0000] {processor.py:183} INFO - Processing /home/airflow/.local/lib/python3.12/site-packages/airflow/example_dags/example_task_group_decorator.py took 0.165 seconds
[2026-07-24T17:20:54.529+0000] {processor.py:161} INFO - Started process (PID=2082) to work on /home/airflow/.local/lib/python3.12/site-packages/airflow/example_dags/example_task_group_decorator.py
[2026-07-24T17:20:54.550+0000] {processor.py:830} INFO - Processing file /home/airflow/.local/lib/python3.12/site-packages/airflow/example_dags/example_task_group_decorator.py for tasks to queue
[2026-07-24T17:20:54.559+0000] {logging_mixin.py:188} INFO - [2026-07-24T17:20:54.558+0000] {dagbag.py:545} INFO - Filling up the DagBag from /home/airflow/.local/lib/python3.12/site-packages/airflow/example_dags/example_task_group_decorator.py
[2026-07-24T17:20:54.599+0000] {processor.py:840} INFO - DAG(s) 'example_task_group_decorator' retrieved from /home/airflow/.local/lib/python3.12/site-packages/airflow/example_dags/example_task_group_decorator.py
[2026-07-24T17:20:54.655+0000] {logging_mixin.py:188} INFO - [2026-07-24T17:20:54.655+0000] {dag.py:3089} INFO - Sync 1 DAGs
[2026-07-24T17:20:54.716+0000] {logging_mixin.py:188} INFO - [2026-07-24T17:20:54.716+0000] {dag.py:3947} INFO - Setting next_dagrun for example_task_group_decorator to 2026-07-23 00:00:00+00:00, run_after=2026-07-24 00:00:00+00:00
[2026-07-24T17:20:54.813+0000] {processor.py:183} INFO - Processing /home/airflow/.local/lib/python3.12/site-packages/airflow/example_dags/example_task_group_decorator.py took 0.336 seconds
[2026-07-24T17:21:26.536+0000] {processor.py:161} INFO - Started process (PID=2155) to work on /home/airflow/.local/lib/python3.12/site-packages/airflow/example_dags/example_task_group_decorator.py
[2026-07-24T17:21:26.539+0000] {processor.py:830} INFO - Processing file /home/airflow/.local/lib/python3.12/site-packages/airflow/example_dags/example_task_group_decorator.py for tasks to queue
[2026-07-24T17:21:26.545+0000] {logging_mixin.py:188} INFO - [2026-07-24T17:21:26.544+0000] {dagbag.py:545} INFO - Filling up the DagBag from /home/airflow/.local/lib/python3.12/site-packages/airflow/example_dags/example_task_group_decorator.py
[2026-07-24T17:21:26.576+0000] {processor.py:840} INFO - DAG(s) 'example_task_group_decorator' retrieved from /home/airflow/.local/lib/python3.12/site-packages/airflow/example_dags/example_task_group_decorator.py
[2026-07-24T17:21:26.623+0000] {logging_mixin.py:188} INFO - [2026-07-24T17:21:26.623+0000] {dag.py:3089} INFO - Sync 1 DAGs
[2026-07-24T17:21:26.675+0000] {logging_mixin.py:188} INFO - [2026-07-24T17:21:26.674+0000] {dag.py:3947} INFO - Setting next_dagrun for example_task_group_decorator to 2026-07-23 00:00:00+00:00, run_after=2026-07-24 00:00:00+00:00
[2026-07-24T17:21:26.715+0000] {processor.py:183} INFO - Processing /home/airflow/.local/lib/python3.12/site-packages/airflow/example_dags/example_task_group_decorator.py took 0.189 seconds
[2026-07-24T17:21:57.979+0000] {processor.py:161} INFO - Started process (PID=2228) to work on /home/airflow/.local/lib/python3.12/site-packages/airflow/example_dags/example_task_group_decorator.py
[2026-07-24T17:21:57.982+0000] {processor.py:830} INFO - Processing file /home/airflow/.local/lib/python3.12/site-packages/airflow/example_dags/example_task_group_decorator.py for tasks to queue
[2026-07-24T17:21:57.993+0000] {logging_mixin.py:188} INFO - [2026-07-24T17:21:57.992+0000] {dagbag.py:545} INFO - Filling up the DagBag from /home/airflow/.local/lib/python3.12/site-packages/airflow/example_dags/example_task_group_decorator.py
[2026-07-24T17:21:58.021+0000] {processor.py:840} INFO - DAG(s) 'example_task_group_decorator' retrieved from /home/airflow/.local/lib/python3.12/site-packages/airflow/example_dags/example_task_group_decorator.py
[2026-07-24T17:21:58.073+0000] {logging_mixin.py:188} INFO - [2026-07-24T17:21:58.073+0000] {dag.py:3089} INFO - Sync 1 DAGs
[2026-07-24T17:21:58.465+0000] {logging_mixin.py:188} INFO - [2026-07-24T17:21:58.464+0000] {dag.py:3947} INFO - Setting next_dagrun for example_task_group_decorator to 2026-07-23 00:00:00+00:00, run_after=2026-07-24 00:00:00+00:00
[2026-07-24T17:21:58.512+0000] {processor.py:183} INFO - Processing /home/airflow/.local/lib/python3.12/site-packages/airflow/example_dags/example_task_group_decorator.py took 0.548 seconds
[2026-07-24T17:22:29.142+0000] {processor.py:161} INFO - Started process (PID=2301) to work on /home/airflow/.local/lib/python3.12/site-packages/airflow/example_dags/example_task_group_decorator.py
[2026-07-24T17:22:29.147+0000] {processor.py:830} INFO - Processing file /home/airflow/.local/lib/python3.12/site-packages/airflow/example_dags/example_task_group_decorator.py for tasks to queue
[2026-07-24T17:22:29.155+0000] {logging_mixin.py:188} INFO - [2026-07-24T17:22:29.153+0000] {dagbag.py:545} INFO - Filling up the DagBag from /home/airflow/.local/lib/python3.12/site-packages/airflow/example_dags/example_task_group_decorator.py
[2026-07-24T17:22:29.233+0000] {processor.py:840} INFO - DAG(s) 'example_task_group_decorator' retrieved from /home/airflow/.local/lib/python3.12/site-packages/airflow/example_dags/example_task_group_decorator.py
[2026-07-24T17:22:29.304+0000] {logging_mixin.py:188} INFO - [2026-07-24T17:22:29.304+0000] {dag.py:3089} INFO - Sync 1 DAGs
[2026-07-24T17:22:29.347+0000] {logging_mixin.py:188} INFO - [2026-07-24T17:22:29.346+0000] {dag.py:3947} INFO - Setting next_dagrun for example_task_group_decorator to 2026-07-23 00:00:00+00:00, run_after=2026-07-24 00:00:00+00:00
[2026-07-24T17:22:29.396+0000] {processor.py:183} INFO - Processing /home/airflow/.local/lib/python3.12/site-packages/airflow/example_dags/example_task_group_decorator.py took 0.273 seconds
[2026-07-24T17:23:00.247+0000] {processor.py:161} INFO - Started process (PID=2374) to work on /home/airflow/.local/lib/python3.12/site-packages/airflow/example_dags/example_task_group_decorator.py
[2026-07-24T17:23:00.251+0000] {processor.py:830} INFO - Processing file /home/airflow/.local/lib/python3.12/site-packages/airflow/example_dags/example_task_group_decorator.py for tasks to queue
[2026-07-24T17:23:00.256+0000] {logging_mixin.py:188} INFO - [2026-07-24T17:23:00.255+0000] {dagbag.py:545} INFO - Filling up the DagBag from /home/airflow/.local/lib/python3.12/site-packages/airflow/example_dags/example_task_group_decorator.py
[2026-07-24T17:23:00.287+0000] {processor.py:840} INFO - DAG(s) 'example_task_group_decorator' retrieved from /home/airflow/.local/lib/python3.12/site-packages/airflow/example_dags/example_task_group_decorator.py
[2026-07-24T17:23:00.370+0000] {logging_mixin.py:188} INFO - [2026-07-24T17:23:00.370+0000] {dag.py:3089} INFO - Sync 1 DAGs
[2026-07-24T17:23:00.421+0000] {logging_mixin.py:188} INFO - [2026-07-24T17:23:00.421+0000] {dag.py:3947} INFO - Setting next_dagrun for example_task_group_decorator to 2026-07-23 00:00:00+00:00, run_after=2026-07-24 00:00:00+00:00
[2026-07-24T17:23:00.480+0000] {processor.py:183} INFO - Processing /home/airflow/.local/lib/python3.12/site-packages/airflow/example_dags/example_task_group_decorator.py took 0.245 seconds
[2026-07-24T17:23:35.801+0000] {processor.py:161} INFO - Started process (PID=2446) to work on /home/airflow/.local/lib/python3.12/site-packages/airflow/example_dags/example_task_group_decorator.py
[2026-07-24T17:23:35.804+0000] {processor.py:830} INFO - Processing file /home/airflow/.local/lib/python3.12/site-packages/airflow/example_dags/example_task_group_decorator.py for tasks to queue
[2026-07-24T17:23:35.809+0000] {logging_mixin.py:188} INFO - [2026-07-24T17:23:35.808+0000] {dagbag.py:545} INFO - Filling up the DagBag from /home/airflow/.local/lib/python3.12/site-packages/airflow/example_dags/example_task_group_decorator.py
[2026-07-24T17:23:35.840+0000] {processor.py:840} INFO - DAG(s) 'example_task_group_decorator' retrieved from /home/airflow/.local/lib/python3.12/site-packages/airflow/example_dags/example_task_group_decorator.py
[2026-07-24T17:23:35.878+0000] {logging_mixin.py:188} INFO - [2026-07-24T17:23:35.878+0000] {dag.py:3089} INFO - Sync 1 DAGs
[2026-07-24T17:23:35.916+0000] {logging_mixin.py:188} INFO - [2026-07-24T17:23:35.916+0000] {dag.py:3947} INFO - Setting next_dagrun for example_task_group_decorator to 2026-07-23 00:00:00+00:00, run_after=2026-07-24 00:00:00+00:00
[2026-07-24T17:23:35.951+0000] {processor.py:183} INFO - Processing /home/airflow/.local/lib/python3.12/site-packages/airflow/example_dags/example_task_group_decorator.py took 0.160 seconds
[2026-07-24T17:24:06.516+0000] {processor.py:161} INFO - Started process (PID=2519) to work on /home/airflow/.local/lib/python3.12/site-packages/airflow/example_dags/example_task_group_decorator.py
[2026-07-24T17:24:06.518+0000] {processor.py:830} INFO - Processing file /home/airflow/.local/lib/python3.12/site-packages/airflow/example_dags/example_task_group_decorator.py for tasks to queue
[2026-07-24T17:24:06.522+0000] {logging_mixin.py:188} INFO - [2026-07-24T17:24:06.521+0000] {dagbag.py:545} INFO - Filling up the DagBag from /home/airflow/.local/lib/python3.12/site-packages/airflow/example_dags/example_task_group_decorator.py
[2026-07-24T17:24:06.541+0000] {processor.py:840} INFO - DAG(s) 'example_task_group_decorator' retrieved from /home/airflow/.local/lib/python3.12/site-packages/airflow/example_dags/example_task_group_decorator.py
[2026-07-24T17:24:06.578+0000] {logging_mixin.py:188} INFO - [2026-07-24T17:24:06.578+0000] {dag.py:3089} INFO - Sync 1 DAGs
[2026-07-24T17:24:06.614+0000] {logging_mixin.py:188} INFO - [2026-07-24T17:24:06.614+0000] {dag.py:3947} INFO - Setting next_dagrun for example_task_group_decorator to 2026-07-23 00:00:00+00:00, run_after=2026-07-24 00:00:00+00:00
[2026-07-24T17:24:06.658+0000] {processor.py:183} INFO - Processing /home/airflow/.local/lib/python3.12/site-packages/airflow/example_dags/example_task_group_decorator.py took 0.150 seconds
[2026-07-24T17:24:38.337+0000] {processor.py:161} INFO - Started process (PID=2593) to work on /home/airflow/.local/lib/python3.12/site-packages/airflow/example_dags/example_task_group_decorator.py
[2026-07-24T17:24:38.339+0000] {processor.py:830} INFO - Processing file /home/airflow/.local/lib/python3.12/site-packages/airflow/example_dags/example_task_group_decorator.py for tasks to queue
[2026-07-24T17:24:38.344+0000] {logging_mixin.py:188} INFO - [2026-07-24T17:24:38.343+0000] {dagbag.py:545} INFO - Filling up the DagBag from /home/airflow/.local/lib/python3.12/site-packages/airflow/example_dags/example_task_group_decorator.py
[2026-07-24T17:24:38.370+0000] {processor.py:840} INFO - DAG(s) 'example_task_group_decorator' retrieved from /home/airflow/.local/lib/python3.12/site-packages/airflow/example_dags/example_task_group_decorator.py
[2026-07-24T17:24:38.413+0000] {logging_mixin.py:188} INFO - [2026-07-24T17:24:38.412+0000] {dag.py:3089} INFO - Sync 1 DAGs
[2026-07-24T17:24:38.452+0000] {logging_mixin.py:188} INFO - [2026-07-24T17:24:38.451+0000] {dag.py:3947} INFO - Setting next_dagrun for example_task_group_decorator to 2026-07-23 00:00:00+00:00, run_after=2026-07-24 00:00:00+00:00
[2026-07-24T17:24:38.486+0000] {processor.py:183} INFO - Processing /home/airflow/.local/lib/python3.12/site-packages/airflow/example_dags/example_task_group_decorator.py took 0.161 seconds
[2026-07-24T17:25:09.473+0000] {processor.py:161} INFO - Started process (PID=2667) to work on /home/airflow/.local/lib/python3.12/site-packages/airflow/example_dags/example_task_group_decorator.py
[2026-07-24T17:25:09.475+0000] {processor.py:830} INFO - Processing file /home/airflow/.local/lib/python3.12/site-packages/airflow/example_dags/example_task_group_decorator.py for tasks to queue
[2026-07-24T17:25:09.479+0000] {logging_mixin.py:188} INFO - [2026-07-24T17:25:09.479+0000] {dagbag.py:545} INFO - Filling up the DagBag from /home/airflow/.local/lib/python3.12/site-packages/airflow/example_dags/example_task_group_decorator.py
[2026-07-24T17:25:09.508+0000] {processor.py:840} INFO - DAG(s) 'example_task_group_decorator' retrieved from /home/airflow/.local/lib/python3.12/site-packages/airflow/example_dags/example_task_group_decorator.py
[2026-07-24T17:25:09.542+0000] {logging_mixin.py:188} INFO - [2026-07-24T17:25:09.542+0000] {dag.py:3089} INFO - Sync 1 DAGs
[2026-07-24T17:25:09.575+0000] {logging_mixin.py:188} INFO - [2026-07-24T17:25:09.575+0000] {dag.py:3947} INFO - Setting next_dagrun for example_task_group_decorator to 2026-07-23 00:00:00+00:00, run_after=2026-07-24 00:00:00+00:00
[2026-07-24T17:25:09.638+0000] {processor.py:183} INFO - Processing /home/airflow/.local/lib/python3.12/site-packages/airflow/example_dags/example_task_group_decorator.py took 0.179 seconds
[2026-07-24T17:25:40.292+0000] {processor.py:161} INFO - Started process (PID=2741) to work on /home/airflow/.local/lib/python3.12/site-packages/airflow/example_dags/example_task_group_decorator.py
[2026-07-24T17:25:40.296+0000] {processor.py:830} INFO - Processing file /home/airflow/.local/lib/python3.12/site-packages/airflow/example_dags/example_task_group_decorator.py for tasks to queue
[2026-07-24T17:25:40.301+0000] {logging_mixin.py:188} INFO - [2026-07-24T17:25:40.300+0000] {dagbag.py:545} INFO - Filling up the DagBag from /home/airflow/.local/lib/python3.12/site-packages/airflow/example_dags/example_task_group_decorator.py
[2026-07-24T17:25:40.339+0000] {processor.py:840} INFO - DAG(s) 'example_task_group_decorator' retrieved from /home/airflow/.local/lib/python3.12/site-packages/airflow/example_dags/example_task_group_decorator.py
[2026-07-24T17:25:40.404+0000] {logging_mixin.py:188} INFO - [2026-07-24T17:25:40.403+0000] {dag.py:3089} INFO - Sync 1 DAGs
[2026-07-24T17:25:40.449+0000] {logging_mixin.py:188} INFO - [2026-07-24T17:25:40.448+0000] {dag.py:3947} INFO - Setting next_dagrun for example_task_group_decorator to 2026-07-23 00:00:00+00:00, run_after=2026-07-24 00:00:00+00:00
[2026-07-24T17:25:40.490+0000] {processor.py:183} INFO - Processing /home/airflow/.local/lib/python3.12/site-packages/airflow/example_dags/example_task_group_decorator.py took 0.226 seconds
[2026-07-24T17:26:11.061+0000] {processor.py:161} INFO - Started process (PID=2815) to work on /home/airflow/.local/lib/python3.12/site-packages/airflow/example_dags/example_task_group_decorator.py
[2026-07-24T17:26:11.065+0000] {processor.py:830} INFO - Processing file /home/airflow/.local/lib/python3.12/site-packages/airflow/example_dags/example_task_group_decorator.py for tasks to queue
[2026-07-24T17:26:11.070+0000] {logging_mixin.py:188} INFO - [2026-07-24T17:26:11.069+0000] {dagbag.py:545} INFO - Filling up the DagBag from /home/airflow/.local/lib/python3.12/site-packages/airflow/example_dags/example_task_group_decorator.py
[2026-07-24T17:26:11.089+0000] {processor.py:840} INFO - DAG(s) 'example_task_group_decorator' retrieved from /home/airflow/.local/lib/python3.12/site-packages/airflow/example_dags/example_task_group_decorator.py
[2026-07-24T17:26:11.125+0000] {logging_mixin.py:188} INFO - [2026-07-24T17:26:11.124+0000] {dag.py:3089} INFO - Sync 1 DAGs
[2026-07-24T17:26:11.162+0000] {logging_mixin.py:188} INFO - [2026-07-24T17:26:11.162+0000] {dag.py:3947} INFO - Setting next_dagrun for example_task_group_decorator to 2026-07-23 00:00:00+00:00, run_after=2026-07-24 00:00:00+00:00
[2026-07-24T17:26:11.197+0000] {processor.py:183} INFO - Processing /home/airflow/.local/lib/python3.12/site-packages/airflow/example_dags/example_task_group_decorator.py took 0.147 seconds
[2026-07-24T17:26:42.395+0000] {processor.py:161} INFO - Started process (PID=2887) to work on /home/airflow/.local/lib/python3.12/site-packages/airflow/example_dags/example_task_group_decorator.py
[2026-07-24T17:26:42.398+0000] {processor.py:830} INFO - Processing file /home/airflow/.local/lib/python3.12/site-packages/airflow/example_dags/example_task_group_decorator.py for tasks to queue
[2026-07-24T17:26:42.404+0000] {logging_mixin.py:188} INFO - [2026-07-24T17:26:42.403+0000] {dagbag.py:545} INFO - Filling up the DagBag from /home/airflow/.local/lib/python3.12/site-packages/airflow/example_dags/example_task_group_decorator.py
[2026-07-24T17:26:42.439+0000] {processor.py:840} INFO - DAG(s) 'example_task_group_decorator' retrieved from /home/airflow/.local/lib/python3.12/site-packages/airflow/example_dags/example_task_group_decorator.py
[2026-07-24T17:26:42.506+0000] {logging_mixin.py:188} INFO - [2026-07-24T17:26:42.506+0000] {dag.py:3089} INFO - Sync 1 DAGs
[2026-07-24T17:26:42.561+0000] {logging_mixin.py:188} INFO - [2026-07-24T17:26:42.561+0000] {dag.py:3947} INFO - Setting next_dagrun for example_task_group_decorator to 2026-07-23 00:00:00+00:00, run_after=2026-07-24 00:00:00+00:00
[2026-07-24T17:26:42.619+0000] {processor.py:183} INFO - Processing /home/airflow/.local/lib/python3.12/site-packages/airflow/example_dags/example_task_group_decorator.py took 0.243 seconds
[2026-07-24T17:27:13.239+0000] {processor.py:161} INFO - Started process (PID=2960) to work on /home/airflow/.local/lib/python3.12/site-packages/airflow/example_dags/example_task_group_decorator.py
[2026-07-24T17:27:13.241+0000] {processor.py:830} INFO - Processing file /home/airflow/.local/lib/python3.12/site-packages/airflow/example_dags/example_task_group_decorator.py for tasks to queue
[2026-07-24T17:27:13.245+0000] {logging_mixin.py:188} INFO - [2026-07-24T17:27:13.244+0000] {dagbag.py:545} INFO - Filling up the DagBag from /home/airflow/.local/lib/python3.12/site-packages/airflow/example_dags/example_task_group_decorator.py
[2026-07-24T17:27:13.273+0000] {processor.py:840} INFO - DAG(s) 'example_task_group_decorator' retrieved from /home/airflow/.local/lib/python3.12/site-packages/airflow/example_dags/example_task_group_decorator.py
[2026-07-24T17:27:13.328+0000] {logging_mixin.py:188} INFO - [2026-07-24T17:27:13.328+0000] {dag.py:3089} INFO - Sync 1 DAGs
[2026-07-24T17:27:13.374+0000] {logging_mixin.py:188} INFO - [2026-07-24T17:27:13.374+0000] {dag.py:3947} INFO - Setting next_dagrun for example_task_group_decorator to 2026-07-23 00:00:00+00:00, run_after=2026-07-24 00:00:00+00:00
[2026-07-24T17:27:13.412+0000] {processor.py:183} INFO - Processing /home/airflow/.local/lib/python3.12/site-packages/airflow/example_dags/example_task_group_decorator.py took 0.182 seconds
[2026-07-24T17:27:43.684+0000] {processor.py:161} INFO - Started process (PID=3034) to work on /home/airflow/.local/lib/python3.12/site-packages/airflow/example_dags/example_task_group_decorator.py
[2026-07-24T17:27:43.686+0000] {processor.py:830} INFO - Processing file /home/airflow/.local/lib/python3.12/site-packages/airflow/example_dags/example_task_group_decorator.py for tasks to queue
[2026-07-24T17:27:43.691+0000] {logging_mixin.py:188} INFO - [2026-07-24T17:27:43.690+0000] {dagbag.py:545} INFO - Filling up the DagBag from /home/airflow/.local/lib/python3.12/site-packages/airflow/example_dags/example_task_group_decorator.py
[2026-07-24T17:27:43.722+0000] {processor.py:840} INFO - DAG(s) 'example_task_group_decorator' retrieved from /home/airflow/.local/lib/python3.12/site-packages/airflow/example_dags/example_task_group_decorator.py
[2026-07-24T17:27:43.774+0000] {logging_mixin.py:188} INFO - [2026-07-24T17:27:43.773+0000] {dag.py:3089} INFO - Sync 1 DAGs
[2026-07-24T17:27:43.822+0000] {logging_mixin.py:188} INFO - [2026-07-24T17:27:43.822+0000] {dag.py:3947} INFO - Setting next_dagrun for example_task_group_decorator to 2026-07-23 00:00:00+00:00, run_after=2026-07-24 00:00:00+00:00
[2026-07-24T17:27:43.863+0000] {processor.py:183} INFO - Processing /home/airflow/.local/lib/python3.12/site-packages/airflow/example_dags/example_task_group_decorator.py took 0.190 seconds
[2026-07-24T17:28:14.310+0000] {processor.py:161} INFO - Started process (PID=3108) to work on /home/airflow/.local/lib/python3.12/site-packages/airflow/example_dags/example_task_group_decorator.py
[2026-07-24T17:28:14.313+0000] {processor.py:830} INFO - Processing file /home/airflow/.local/lib/python3.12/site-packages/airflow/example_dags/example_task_group_decorator.py for tasks to queue
[2026-07-24T17:28:14.318+0000] {logging_mixin.py:188} INFO - [2026-07-24T17:28:14.317+0000] {dagbag.py:545} INFO - Filling up the DagBag from /home/airflow/.local/lib/python3.12/site-packages/airflow/example_dags/example_task_group_decorator.py
[2026-07-24T17:28:14.353+0000] {processor.py:840} INFO - DAG(s) 'example_task_group_decorator' retrieved from /home/airflow/.local/lib/python3.12/site-packages/airflow/example_dags/example_task_group_decorator.py
[2026-07-24T17:28:14.415+0000] {logging_mixin.py:188} INFO - [2026-07-24T17:28:14.414+0000] {dag.py:3089} INFO - Sync 1 DAGs
[2026-07-24T17:28:14.465+0000] {logging_mixin.py:188} INFO - [2026-07-24T17:28:14.465+0000] {dag.py:3947} INFO - Setting next_dagrun for example_task_group_decorator to 2026-07-23 00:00:00+00:00, run_after=2026-07-24 00:00:00+00:00
[2026-07-24T17:28:14.522+0000] {processor.py:183} INFO - Processing /home/airflow/.local/lib/python3.12/site-packages/airflow/example_dags/example_task_group_decorator.py took 0.224 seconds
[2026-07-24T17:28:44.859+0000] {processor.py:161} INFO - Started process (PID=3181) to work on /home/airflow/.local/lib/python3.12/site-packages/airflow/example_dags/example_task_group_decorator.py
[2026-07-24T17:28:44.863+0000] {processor.py:830} INFO - Processing file /home/airflow/.local/lib/python3.12/site-packages/airflow/example_dags/example_task_group_decorator.py for tasks to queue
[2026-07-24T17:28:44.867+0000] {logging_mixin.py:188} INFO - [2026-07-24T17:28:44.867+0000] {dagbag.py:545} INFO - Filling up the DagBag from /home/airflow/.local/lib/python3.12/site-packages/airflow/example_dags/example_task_group_decorator.py
[2026-07-24T17:28:44.890+0000] {processor.py:840} INFO - DAG(s) 'example_task_group_decorator' retrieved from /home/airflow/.local/lib/python3.12/site-packages/airflow/example_dags/example_task_group_decorator.py
[2026-07-24T17:28:44.939+0000] {logging_mixin.py:188} INFO - [2026-07-24T17:28:44.939+0000] {dag.py:3089} INFO - Sync 1 DAGs
[2026-07-24T17:28:44.983+0000] {logging_mixin.py:188} INFO - [2026-07-24T17:28:44.982+0000] {dag.py:3947} INFO - Setting next_dagrun for example_task_group_decorator to 2026-07-23 00:00:00+00:00, run_after=2026-07-24 00:00:00+00:00
[2026-07-24T17:28:45.037+0000] {processor.py:183} INFO - Processing /home/airflow/.local/lib/python3.12/site-packages/airflow/example_dags/example_task_group_decorator.py took 0.187 seconds
[2026-07-24T17:29:15.573+0000] {processor.py:161} INFO - Started process (PID=3253) to work on /home/airflow/.local/lib/python3.12/site-packages/airflow/example_dags/example_task_group_decorator.py
[2026-07-24T17:29:15.576+0000] {processor.py:830} INFO - Processing file /home/airflow/.local/lib/python3.12/site-packages/airflow/example_dags/example_task_group_decorator.py for tasks to queue
[2026-07-24T17:29:15.580+0000] {logging_mixin.py:188} INFO - [2026-07-24T17:29:15.580+0000] {dagbag.py:545} INFO - Filling up the DagBag from /home/airflow/.local/lib/python3.12/site-packages/airflow/example_dags/example_task_group_decorator.py
[2026-07-24T17:29:15.608+0000] {processor.py:840} INFO - DAG(s) 'example_task_group_decorator' retrieved from /home/airflow/.local/lib/python3.12/site-packages/airflow/example_dags/example_task_group_decorator.py
[2026-07-24T17:29:15.652+0000] {logging_mixin.py:188} INFO - [2026-07-24T17:29:15.651+0000] {dag.py:3089} INFO - Sync 1 DAGs
[2026-07-24T17:29:15.697+0000] {logging_mixin.py:188} INFO - [2026-07-24T17:29:15.697+0000] {dag.py:3947} INFO - Setting next_dagrun for example_task_group_decorator to 2026-07-23 00:00:00+00:00, run_after=2026-07-24 00:00:00+00:00
[2026-07-24T17:29:15.750+0000] {processor.py:183} INFO - Processing /home/airflow/.local/lib/python3.12/site-packages/airflow/example_dags/example_task_group_decorator.py took 0.186 seconds
[2026-07-24T17:29:46.530+0000] {processor.py:161} INFO - Started process (PID=3326) to work on /home/airflow/.local/lib/python3.12/site-packages/airflow/example_dags/example_task_group_decorator.py
[2026-07-24T17:29:46.534+0000] {processor.py:830} INFO - Processing file /home/airflow/.local/lib/python3.12/site-packages/airflow/example_dags/example_task_group_decorator.py for tasks to queue
[2026-07-24T17:29:46.542+0000] {logging_mixin.py:188} INFO - [2026-07-24T17:29:46.540+0000] {dagbag.py:545} INFO - Filling up the DagBag from /home/airflow/.local/lib/python3.12/site-packages/airflow/example_dags/example_task_group_decorator.py
[2026-07-24T17:29:46.593+0000] {processor.py:840} INFO - DAG(s) 'example_task_group_decorator' retrieved from /home/airflow/.local/lib/python3.12/site-packages/airflow/example_dags/example_task_group_decorator.py
[2026-07-24T17:29:46.683+0000] {logging_mixin.py:188} INFO - [2026-07-24T17:29:46.682+0000] {dag.py:3089} INFO - Sync 1 DAGs
[2026-07-24T17:29:46.762+0000] {logging_mixin.py:188} INFO - [2026-07-24T17:29:46.761+0000] {dag.py:3947} INFO - Setting next_dagrun for example_task_group_decorator to 2026-07-23 00:00:00+00:00, run_after=2026-07-24 00:00:00+00:00
[2026-07-24T17:29:46.822+0000] {processor.py:183} INFO - Processing /home/airflow/.local/lib/python3.12/site-packages/airflow/example_dags/example_task_group_decorator.py took 0.311 seconds
[2026-07-24T17:30:17.077+0000] {processor.py:161} INFO - Started process (PID=3400) to work on /home/airflow/.local/lib/python3.12/site-packages/airflow/example_dags/example_task_group_decorator.py
[2026-07-24T17:30:17.079+0000] {processor.py:830} INFO - Processing file /home/airflow/.local/lib/python3.12/site-packages/airflow/example_dags/example_task_group_decorator.py for tasks to queue
[2026-07-24T17:30:17.084+0000] {logging_mixin.py:188} INFO - [2026-07-24T17:30:17.083+0000] {dagbag.py:545} INFO - Filling up the DagBag from /home/airflow/.local/lib/python3.12/site-packages/airflow/example_dags/example_task_group_decorator.py
[2026-07-24T17:30:17.112+0000] {processor.py:840} INFO - DAG(s) 'example_task_group_decorator' retrieved from /home/airflow/.local/lib/python3.12/site-packages/airflow/example_dags/example_task_group_decorator.py
[2026-07-24T17:30:17.153+0000] {logging_mixin.py:188} INFO - [2026-07-24T17:30:17.152+0000] {dag.py:3089} INFO - Sync 1 DAGs
[2026-07-24T17:30:17.192+0000] {logging_mixin.py:188} INFO - [2026-07-24T17:30:17.191+0000] {dag.py:3947} INFO - Setting next_dagrun for example_task_group_decorator to 2026-07-23 00:00:00+00:00, run_after=2026-07-24 00:00:00+00:00
[2026-07-24T17:30:17.268+0000] {processor.py:183} INFO - Processing /home/airflow/.local/lib/python3.12/site-packages/airflow/example_dags/example_task_group_decorator.py took 0.203 seconds
[2026-07-24T17:30:47.664+0000] {processor.py:161} INFO - Started process (PID=3473) to work on /home/airflow/.local/lib/python3.12/site-packages/airflow/example_dags/example_task_group_decorator.py
[2026-07-24T17:30:47.667+0000] {processor.py:830} INFO - Processing file /home/airflow/.local/lib/python3.12/site-packages/airflow/example_dags/example_task_group_decorator.py for tasks to queue
[2026-07-24T17:30:47.672+0000] {logging_mixin.py:188} INFO - [2026-07-24T17:30:47.672+0000] {dagbag.py:545} INFO - Filling up the DagBag from /home/airflow/.local/lib/python3.12/site-packages/airflow/example_dags/example_task_group_decorator.py
[2026-07-24T17:30:47.703+0000] {processor.py:840} INFO - DAG(s) 'example_task_group_decorator' retrieved from /home/airflow/.local/lib/python3.12/site-packages/airflow/example_dags/example_task_group_decorator.py
[2026-07-24T17:30:47.759+0000] {logging_mixin.py:188} INFO - [2026-07-24T17:30:47.759+0000] {dag.py:3089} INFO - Sync 1 DAGs
[2026-07-24T17:30:47.820+0000] {logging_mixin.py:188} INFO - [2026-07-24T17:30:47.819+0000] {dag.py:3947} INFO - Setting next_dagrun for example_task_group_decorator to 2026-07-23 00:00:00+00:00, run_after=2026-07-24 00:00:00+00:00
[2026-07-24T17:30:47.866+0000] {processor.py:183} INFO - Processing /home/airflow/.local/lib/python3.12/site-packages/airflow/example_dags/example_task_group_decorator.py took 0.216 seconds
[2026-07-24T17:31:19.068+0000] {processor.py:161} INFO - Started process (PID=3545) to work on /home/airflow/.local/lib/python3.12/site-packages/airflow/example_dags/example_task_group_decorator.py
[2026-07-24T17:31:19.078+0000] {processor.py:830} INFO - Processing file /home/airflow/.local/lib/python3.12/site-packages/airflow/example_dags/example_task_group_decorator.py for tasks to queue
[2026-07-24T17:31:19.105+0000] {logging_mixin.py:188} INFO - [2026-07-24T17:31:19.104+0000] {dagbag.py:545} INFO - Filling up the DagBag from /home/airflow/.local/lib/python3.12/site-packages/airflow/example_dags/example_task_group_decorator.py
[2026-07-24T17:31:19.183+0000] {processor.py:840} INFO - DAG(s) 'example_task_group_decorator' retrieved from /home/airflow/.local/lib/python3.12/site-packages/airflow/example_dags/example_task_group_decorator.py
[2026-07-24T17:31:19.274+0000] {logging_mixin.py:188} INFO - [2026-07-24T17:31:19.274+0000] {dag.py:3089} INFO - Sync 1 DAGs
[2026-07-24T17:31:19.366+0000] {logging_mixin.py:188} INFO - [2026-07-24T17:31:19.366+0000] {dag.py:3947} INFO - Setting next_dagrun for example_task_group_decorator to 2026-07-23 00:00:00+00:00, run_after=2026-07-24 00:00:00+00:00
[2026-07-24T17:31:19.420+0000] {processor.py:183} INFO - Processing /home/airflow/.local/lib/python3.12/site-packages/airflow/example_dags/example_task_group_decorator.py took 0.379 seconds
[2026-07-24T17:31:50.941+0000] {processor.py:161} INFO - Started process (PID=3619) to work on /home/airflow/.local/lib/python3.12/site-packages/airflow/example_dags/example_task_group_decorator.py
[2026-07-24T17:31:50.945+0000] {processor.py:830} INFO - Processing file /home/airflow/.local/lib/python3.12/site-packages/airflow/example_dags/example_task_group_decorator.py for tasks to queue
[2026-07-24T17:31:50.950+0000] {logging_mixin.py:188} INFO - [2026-07-24T17:31:50.949+0000] {dagbag.py:545} INFO - Filling up the DagBag from /home/airflow/.local/lib/python3.12/site-packages/airflow/example_dags/example_task_group_decorator.py
[2026-07-24T17:31:50.983+0000] {processor.py:840} INFO - DAG(s) 'example_task_group_decorator' retrieved from /home/airflow/.local/lib/python3.12/site-packages/airflow/example_dags/example_task_group_decorator.py
[2026-07-24T17:31:51.050+0000] {logging_mixin.py:188} INFO - [2026-07-24T17:31:51.050+0000] {dag.py:3089} INFO - Sync 1 DAGs
[2026-07-24T17:31:51.098+0000] {logging_mixin.py:188} INFO - [2026-07-24T17:31:51.097+0000] {dag.py:3947} INFO - Setting next_dagrun for example_task_group_decorator to 2026-07-23 00:00:00+00:00, run_after=2026-07-24 00:00:00+00:00
[2026-07-24T17:31:51.172+0000] {processor.py:183} INFO - Processing /home/airflow/.local/lib/python3.12/site-packages/airflow/example_dags/example_task_group_decorator.py took 0.246 seconds
[2026-07-24T17:32:21.322+0000] {processor.py:161} INFO - Started process (PID=3692) to work on /home/airflow/.local/lib/python3.12/site-packages/airflow/example_dags/example_task_group_decorator.py
[2026-07-24T17:32:21.330+0000] {processor.py:830} INFO - Processing file /home/airflow/.local/lib/python3.12/site-packages/airflow/example_dags/example_task_group_decorator.py for tasks to queue
[2026-07-24T17:32:21.337+0000] {logging_mixin.py:188} INFO - [2026-07-24T17:32:21.336+0000] {dagbag.py:545} INFO - Filling up the DagBag from /home/airflow/.local/lib/python3.12/site-packages/airflow/example_dags/example_task_group_decorator.py
[2026-07-24T17:32:21.366+0000] {processor.py:840} INFO - DAG(s) 'example_task_group_decorator' retrieved from /home/airflow/.local/lib/python3.12/site-packages/airflow/example_dags/example_task_group_decorator.py
[2026-07-24T17:32:21.428+0000] {logging_mixin.py:188} INFO - [2026-07-24T17:32:21.427+0000] {dag.py:3089} INFO - Sync 1 DAGs
[2026-07-24T17:32:21.491+0000] {logging_mixin.py:188} INFO - [2026-07-24T17:32:21.490+0000] {dag.py:3947} INFO - Setting next_dagrun for example_task_group_decorator to 2026-07-23 00:00:00+00:00, run_after=2026-07-24 00:00:00+00:00
[2026-07-24T17:32:21.567+0000] {processor.py:183} INFO - Processing /home/airflow/.local/lib/python3.12/site-packages/airflow/example_dags/example_task_group_decorator.py took 0.257 seconds
[2026-07-24T17:32:52.662+0000] {processor.py:161} INFO - Started process (PID=3765) to work on /home/airflow/.local/lib/python3.12/site-packages/airflow/example_dags/example_task_group_decorator.py
[2026-07-24T17:32:52.665+0000] {processor.py:830} INFO - Processing file /home/airflow/.local/lib/python3.12/site-packages/airflow/example_dags/example_task_group_decorator.py for tasks to queue
[2026-07-24T17:32:52.670+0000] {logging_mixin.py:188} INFO - [2026-07-24T17:32:52.669+0000] {dagbag.py:545} INFO - Filling up the DagBag from /home/airflow/.local/lib/python3.12/site-packages/airflow/example_dags/example_task_group_decorator.py
[2026-07-24T17:32:52.708+0000] {processor.py:840} INFO - DAG(s) 'example_task_group_decorator' retrieved from /home/airflow/.local/lib/python3.12/site-packages/airflow/example_dags/example_task_group_decorator.py
[2026-07-24T17:32:52.787+0000] {logging_mixin.py:188} INFO - [2026-07-24T17:32:52.786+0000] {dag.py:3089} INFO - Sync 1 DAGs
[2026-07-24T17:32:52.845+0000] {logging_mixin.py:188} INFO - [2026-07-24T17:32:52.844+0000] {dag.py:3947} INFO - Setting next_dagrun for example_task_group_decorator to 2026-07-23 00:00:00+00:00, run_after=2026-07-24 00:00:00+00:00
[2026-07-24T17:32:52.903+0000] {processor.py:183} INFO - Processing /home/airflow/.local/lib/python3.12/site-packages/airflow/example_dags/example_task_group_decorator.py took 0.255 seconds
[2026-07-24T17:33:23.184+0000] {processor.py:161} INFO - Started process (PID=3831) to work on /home/airflow/.local/lib/python3.12/site-packages/airflow/example_dags/example_task_group_decorator.py
[2026-07-24T17:33:23.186+0000] {processor.py:830} INFO - Processing file /home/airflow/.local/lib/python3.12/site-packages/airflow/example_dags/example_task_group_decorator.py for tasks to queue
[2026-07-24T17:33:23.190+0000] {logging_mixin.py:188} INFO - [2026-07-24T17:33:23.189+0000] {dagbag.py:545} INFO - Filling up the DagBag from /home/airflow/.local/lib/python3.12/site-packages/airflow/example_dags/example_task_group_decorator.py
[2026-07-24T17:33:23.217+0000] {processor.py:840} INFO - DAG(s) 'example_task_group_decorator' retrieved from /home/airflow/.local/lib/python3.12/site-packages/airflow/example_dags/example_task_group_decorator.py
[2026-07-24T17:33:23.275+0000] {logging_mixin.py:188} INFO - [2026-07-24T17:33:23.274+0000] {dag.py:3089} INFO - Sync 1 DAGs
[2026-07-24T17:33:23.318+0000] {logging_mixin.py:188} INFO - [2026-07-24T17:33:23.318+0000] {dag.py:3947} INFO - Setting next_dagrun for example_task_group_decorator to 2026-07-23 00:00:00+00:00, run_after=2026-07-24 00:00:00+00:00
[2026-07-24T17:33:23.361+0000] {processor.py:183} INFO - Processing /home/airflow/.local/lib/python3.12/site-packages/airflow/example_dags/example_task_group_decorator.py took 0.190 seconds
[2026-07-24T17:33:55.336+0000] {processor.py:161} INFO - Started process (PID=3906) to work on /home/airflow/.local/lib/python3.12/site-packages/airflow/example_dags/example_task_group_decorator.py
[2026-07-24T17:33:55.344+0000] {processor.py:830} INFO - Processing file /home/airflow/.local/lib/python3.12/site-packages/airflow/example_dags/example_task_group_decorator.py for tasks to queue
[2026-07-24T17:33:55.354+0000] {logging_mixin.py:188} INFO - [2026-07-24T17:33:55.352+0000] {dagbag.py:545} INFO - Filling up the DagBag from /home/airflow/.local/lib/python3.12/site-packages/airflow/example_dags/example_task_group_decorator.py
[2026-07-24T17:33:55.416+0000] {processor.py:840} INFO - DAG(s) 'example_task_group_decorator' retrieved from /home/airflow/.local/lib/python3.12/site-packages/airflow/example_dags/example_task_group_decorator.py
[2026-07-24T17:33:55.489+0000] {logging_mixin.py:188} INFO - [2026-07-24T17:33:55.488+0000] {dag.py:3089} INFO - Sync 1 DAGs
[2026-07-24T17:33:55.559+0000] {logging_mixin.py:188} INFO - [2026-07-24T17:33:55.559+0000] {dag.py:3947} INFO - Setting next_dagrun for example_task_group_decorator to 2026-07-23 00:00:00+00:00, run_after=2026-07-24 00:00:00+00:00
[2026-07-24T17:33:55.621+0000] {processor.py:183} INFO - Processing /home/airflow/.local/lib/python3.12/site-packages/airflow/example_dags/example_task_group_decorator.py took 0.310 seconds
[2026-07-24T17:34:26.182+0000] {processor.py:161} INFO - Started process (PID=3980) to work on /home/airflow/.local/lib/python3.12/site-packages/airflow/example_dags/example_task_group_decorator.py
[2026-07-24T17:34:26.184+0000] {processor.py:830} INFO - Processing file /home/airflow/.local/lib/python3.12/site-packages/airflow/example_dags/example_task_group_decorator.py for tasks to queue
[2026-07-24T17:34:26.188+0000] {logging_mixin.py:188} INFO - [2026-07-24T17:34:26.188+0000] {dagbag.py:545} INFO - Filling up the DagBag from /home/airflow/.local/lib/python3.12/site-packages/airflow/example_dags/example_task_group_decorator.py
[2026-07-24T17:34:26.212+0000] {processor.py:840} INFO - DAG(s) 'example_task_group_decorator' retrieved from /home/airflow/.local/lib/python3.12/site-packages/airflow/example_dags/example_task_group_decorator.py
[2026-07-24T17:34:26.252+0000] {logging_mixin.py:188} INFO - [2026-07-24T17:34:26.251+0000] {dag.py:3089} INFO - Sync 1 DAGs
[2026-07-24T17:34:26.287+0000] {logging_mixin.py:188} INFO - [2026-07-24T17:34:26.287+0000] {dag.py:3947} INFO - Setting next_dagrun for example_task_group_decorator to 2026-07-23 00:00:00+00:00, run_after=2026-07-24 00:00:00+00:00
[2026-07-24T17:34:26.321+0000] {processor.py:183} INFO - Processing /home/airflow/.local/lib/python3.12/site-packages/airflow/example_dags/example_task_group_decorator.py took 0.151 seconds
[2026-07-24T17:34:56.774+0000] {processor.py:161} INFO - Started process (PID=4053) to work on /home/airflow/.local/lib/python3.12/site-packages/airflow/example_dags/example_task_group_decorator.py
[2026-07-24T17:34:56.776+0000] {processor.py:830} INFO - Processing file /home/airflow/.local/lib/python3.12/site-packages/airflow/example_dags/example_task_group_decorator.py for tasks to queue
[2026-07-24T17:34:56.780+0000] {logging_mixin.py:188} INFO - [2026-07-24T17:34:56.780+0000] {dagbag.py:545} INFO - Filling up the DagBag from /home/airflow/.local/lib/python3.12/site-packages/airflow/example_dags/example_task_group_decorator.py
[2026-07-24T17:34:56.803+0000] {processor.py:840} INFO - DAG(s) 'example_task_group_decorator' retrieved from /home/airflow/.local/lib/python3.12/site-packages/airflow/example_dags/example_task_group_decorator.py
[2026-07-24T17:34:56.840+0000] {logging_mixin.py:188} INFO - [2026-07-24T17:34:56.840+0000] {dag.py:3089} INFO - Sync 1 DAGs
[2026-07-24T17:34:56.872+0000] {logging_mixin.py:188} INFO - [2026-07-24T17:34:56.872+0000] {dag.py:3947} INFO - Setting next_dagrun for example_task_group_decorator to 2026-07-23 00:00:00+00:00, run_after=2026-07-24 00:00:00+00:00
[2026-07-24T17:34:56.907+0000] {processor.py:183} INFO - Processing /home/airflow/.local/lib/python3.12/site-packages/airflow/example_dags/example_task_group_decorator.py took 0.144 seconds
[2026-07-24T17:35:27.196+0000] {processor.py:161} INFO - Started process (PID=4127) to work on /home/airflow/.local/lib/python3.12/site-packages/airflow/example_dags/example_task_group_decorator.py
[2026-07-24T17:35:27.198+0000] {processor.py:830} INFO - Processing file /home/airflow/.local/lib/python3.12/site-packages/airflow/example_dags/example_task_group_decorator.py for tasks to queue
[2026-07-24T17:35:27.203+0000] {logging_mixin.py:188} INFO - [2026-07-24T17:35:27.202+0000] {dagbag.py:545} INFO - Filling up the DagBag from /home/airflow/.local/lib/python3.12/site-packages/airflow/example_dags/example_task_group_decorator.py
[2026-07-24T17:35:27.228+0000] {processor.py:840} INFO - DAG(s) 'example_task_group_decorator' retrieved from /home/airflow/.local/lib/python3.12/site-packages/airflow/example_dags/example_task_group_decorator.py
[2026-07-24T17:35:27.267+0000] {logging_mixin.py:188} INFO - [2026-07-24T17:35:27.266+0000] {dag.py:3089} INFO - Sync 1 DAGs
[2026-07-24T17:35:27.310+0000] {logging_mixin.py:188} INFO - [2026-07-24T17:35:27.310+0000] {dag.py:3947} INFO - Setting next_dagrun for example_task_group_decorator to 2026-07-23 00:00:00+00:00, run_after=2026-07-24 00:00:00+00:00
[2026-07-24T17:35:27.345+0000] {processor.py:183} INFO - Processing /home/airflow/.local/lib/python3.12/site-packages/airflow/example_dags/example_task_group_decorator.py took 0.158 seconds
[2026-07-24T17:35:59.953+0000] {processor.py:161} INFO - Started process (PID=4200) to work on /home/airflow/.local/lib/python3.12/site-packages/airflow/example_dags/example_task_group_decorator.py
[2026-07-24T17:35:59.955+0000] {processor.py:830} INFO - Processing file /home/airflow/.local/lib/python3.12/site-packages/airflow/example_dags/example_task_group_decorator.py for tasks to queue
[2026-07-24T17:35:59.958+0000] {logging_mixin.py:188} INFO - [2026-07-24T17:35:59.958+0000] {dagbag.py:545} INFO - Filling up the DagBag from /home/airflow/.local/lib/python3.12/site-packages/airflow/example_dags/example_task_group_decorator.py
[2026-07-24T17:35:59.980+0000] {processor.py:840} INFO - DAG(s) 'example_task_group_decorator' retrieved from /home/airflow/.local/lib/python3.12/site-packages/airflow/example_dags/example_task_group_decorator.py
[2026-07-24T17:36:00.020+0000] {logging_mixin.py:188} INFO - [2026-07-24T17:36:00.019+0000] {dag.py:3089} INFO - Sync 1 DAGs
[2026-07-24T17:36:00.057+0000] {logging_mixin.py:188} INFO - [2026-07-24T17:36:00.057+0000] {dag.py:3947} INFO - Setting next_dagrun for example_task_group_decorator to 2026-07-23 00:00:00+00:00, run_after=2026-07-24 00:00:00+00:00
[2026-07-24T17:36:00.090+0000] {processor.py:183} INFO - Processing /home/airflow/.local/lib/python3.12/site-packages/airflow/example_dags/example_task_group_decorator.py took 0.145 seconds
[2026-07-24T17:36:30.378+0000] {processor.py:161} INFO - Started process (PID=4273) to work on /home/airflow/.local/lib/python3.12/site-packages/airflow/example_dags/example_task_group_decorator.py
[2026-07-24T17:36:30.380+0000] {processor.py:830} INFO - Processing file /home/airflow/.local/lib/python3.12/site-packages/airflow/example_dags/example_task_group_decorator.py for tasks to queue
[2026-07-24T17:36:30.384+0000] {logging_mixin.py:188} INFO - [2026-07-24T17:36:30.383+0000] {dagbag.py:545} INFO - Filling up the DagBag from /home/airflow/.local/lib/python3.12/site-packages/airflow/example_dags/example_task_group_decorator.py
[2026-07-24T17:36:30.409+0000] {processor.py:840} INFO - DAG(s) 'example_task_group_decorator' retrieved from /home/airflow/.local/lib/python3.12/site-packages/airflow/example_dags/example_task_group_decorator.py
[2026-07-24T17:36:30.450+0000] {logging_mixin.py:188} INFO - [2026-07-24T17:36:30.449+0000] {dag.py:3089} INFO - Sync 1 DAGs
[2026-07-24T17:36:30.484+0000] {logging_mixin.py:188} INFO - [2026-07-24T17:36:30.484+0000] {dag.py:3947} INFO - Setting next_dagrun for example_task_group_decorator to 2026-07-23 00:00:00+00:00, run_after=2026-07-24 00:00:00+00:00
[2026-07-24T17:36:30.522+0000] {processor.py:183} INFO - Processing /home/airflow/.local/lib/python3.12/site-packages/airflow/example_dags/example_task_group_decorator.py took 0.153 seconds
[2026-07-24T17:37:01.429+0000] {processor.py:161} INFO - Started process (PID=4346) to work on /home/airflow/.local/lib/python3.12/site-packages/airflow/example_dags/example_task_group_decorator.py
[2026-07-24T17:37:01.432+0000] {processor.py:830} INFO - Processing file /home/airflow/.local/lib/python3.12/site-packages/airflow/example_dags/example_task_group_decorator.py for tasks to queue
[2026-07-24T17:37:01.436+0000] {logging_mixin.py:188} INFO - [2026-07-24T17:37:01.435+0000] {dagbag.py:545} INFO - Filling up the DagBag from /home/airflow/.local/lib/python3.12/site-packages/airflow/example_dags/example_task_group_decorator.py
[2026-07-24T17:37:01.468+0000] {processor.py:840} INFO - DAG(s) 'example_task_group_decorator' retrieved from /home/airflow/.local/lib/python3.12/site-packages/airflow/example_dags/example_task_group_decorator.py
[2026-07-24T17:37:01.518+0000] {logging_mixin.py:188} INFO - [2026-07-24T17:37:01.518+0000] {dag.py:3089} INFO - Sync 1 DAGs
[2026-07-24T17:37:01.567+0000] {logging_mixin.py:188} INFO - [2026-07-24T17:37:01.566+0000] {dag.py:3947} INFO - Setting next_dagrun for example_task_group_decorator to 2026-07-23 00:00:00+00:00, run_after=2026-07-24 00:00:00+00:00
[2026-07-24T17:37:01.608+0000] {processor.py:183} INFO - Processing /home/airflow/.local/lib/python3.12/site-packages/airflow/example_dags/example_task_group_decorator.py took 0.189 seconds
[2026-07-24T17:37:33.125+0000] {processor.py:161} INFO - Started process (PID=4419) to work on /home/airflow/.local/lib/python3.12/site-packages/airflow/example_dags/example_task_group_decorator.py
[2026-07-24T17:37:33.128+0000] {processor.py:830} INFO - Processing file /home/airflow/.local/lib/python3.12/site-packages/airflow/example_dags/example_task_group_decorator.py for tasks to queue
[2026-07-24T17:37:33.133+0000] {logging_mixin.py:188} INFO - [2026-07-24T17:37:33.132+0000] {dagbag.py:545} INFO - Filling up the DagBag from /home/airflow/.local/lib/python3.12/site-packages/airflow/example_dags/example_task_group_decorator.py
[2026-07-24T17:37:33.157+0000] {processor.py:840} INFO - DAG(s) 'example_task_group_decorator' retrieved from /home/airflow/.local/lib/python3.12/site-packages/airflow/example_dags/example_task_group_decorator.py
[2026-07-24T17:37:33.197+0000] {logging_mixin.py:188} INFO - [2026-07-24T17:37:33.197+0000] {dag.py:3089} INFO - Sync 1 DAGs
[2026-07-24T17:37:33.247+0000] {logging_mixin.py:188} INFO - [2026-07-24T17:37:33.246+0000] {dag.py:3947} INFO - Setting next_dagrun for example_task_group_decorator to 2026-07-23 00:00:00+00:00, run_after=2026-07-24 00:00:00+00:00
[2026-07-24T17:37:33.283+0000] {processor.py:183} INFO - Processing /home/airflow/.local/lib/python3.12/site-packages/airflow/example_dags/example_task_group_decorator.py took 0.171 seconds
[2026-07-24T17:38:03.504+0000] {processor.py:161} INFO - Started process (PID=4495) to work on /home/airflow/.local/lib/python3.12/site-packages/airflow/example_dags/example_task_group_decorator.py
[2026-07-24T17:38:03.508+0000] {processor.py:830} INFO - Processing file /home/airflow/.local/lib/python3.12/site-packages/airflow/example_dags/example_task_group_decorator.py for tasks to queue
[2026-07-24T17:38:03.512+0000] {logging_mixin.py:188} INFO - [2026-07-24T17:38:03.512+0000] {dagbag.py:545} INFO - Filling up the DagBag from /home/airflow/.local/lib/python3.12/site-packages/airflow/example_dags/example_task_group_decorator.py
[2026-07-24T17:38:03.531+0000] {processor.py:840} INFO - DAG(s) 'example_task_group_decorator' retrieved from /home/airflow/.local/lib/python3.12/site-packages/airflow/example_dags/example_task_group_decorator.py
[2026-07-24T17:38:03.568+0000] {logging_mixin.py:188} INFO - [2026-07-24T17:38:03.567+0000] {dag.py:3089} INFO - Sync 1 DAGs
[2026-07-24T17:38:03.608+0000] {logging_mixin.py:188} INFO - [2026-07-24T17:38:03.608+0000] {dag.py:3947} INFO - Setting next_dagrun for example_task_group_decorator to 2026-07-23 00:00:00+00:00, run_after=2026-07-24 00:00:00+00:00
[2026-07-24T17:38:03.652+0000] {processor.py:183} INFO - Processing /home/airflow/.local/lib/python3.12/site-packages/airflow/example_dags/example_task_group_decorator.py took 0.156 seconds
[2026-07-24T17:38:36.082+0000] {processor.py:161} INFO - Started process (PID=4569) to work on /home/airflow/.local/lib/python3.12/site-packages/airflow/example_dags/example_task_group_decorator.py
[2026-07-24T17:38:36.085+0000] {processor.py:830} INFO - Processing file /home/airflow/.local/lib/python3.12/site-packages/airflow/example_dags/example_task_group_decorator.py for tasks to queue
[2026-07-24T17:38:36.090+0000] {logging_mixin.py:188} INFO - [2026-07-24T17:38:36.090+0000] {dagbag.py:545} INFO - Filling up the DagBag from /home/airflow/.local/lib/python3.12/site-packages/airflow/example_dags/example_task_group_decorator.py
[2026-07-24T17:38:36.119+0000] {processor.py:840} INFO - DAG(s) 'example_task_group_decorator' retrieved from /home/airflow/.local/lib/python3.12/site-packages/airflow/example_dags/example_task_group_decorator.py
[2026-07-24T17:38:36.174+0000] {logging_mixin.py:188} INFO - [2026-07-24T17:38:36.174+0000] {dag.py:3089} INFO - Sync 1 DAGs
[2026-07-24T17:38:36.210+0000] {logging_mixin.py:188} INFO - [2026-07-24T17:38:36.210+0000] {dag.py:3947} INFO - Setting next_dagrun for example_task_group_decorator to 2026-07-23 00:00:00+00:00, run_after=2026-07-24 00:00:00+00:00
[2026-07-24T17:38:36.246+0000] {processor.py:183} INFO - Processing /home/airflow/.local/lib/python3.12/site-packages/airflow/example_dags/example_task_group_decorator.py took 0.177 seconds
[2026-07-24T17:39:06.609+0000] {processor.py:161} INFO - Started process (PID=4642) to work on /home/airflow/.local/lib/python3.12/site-packages/airflow/example_dags/example_task_group_decorator.py
[2026-07-24T17:39:06.612+0000] {processor.py:830} INFO - Processing file /home/airflow/.local/lib/python3.12/site-packages/airflow/example_dags/example_task_group_decorator.py for tasks to queue
[2026-07-24T17:39:06.618+0000] {logging_mixin.py:188} INFO - [2026-07-24T17:39:06.617+0000] {dagbag.py:545} INFO - Filling up the DagBag from /home/airflow/.local/lib/python3.12/site-packages/airflow/example_dags/example_task_group_decorator.py
[2026-07-24T17:39:06.661+0000] {processor.py:840} INFO - DAG(s) 'example_task_group_decorator' retrieved from /home/airflow/.local/lib/python3.12/site-packages/airflow/example_dags/example_task_group_decorator.py
[2026-07-24T17:39:06.719+0000] {logging_mixin.py:188} INFO - [2026-07-24T17:39:06.718+0000] {dag.py:3089} INFO - Sync 1 DAGs
[2026-07-24T17:39:06.784+0000] {logging_mixin.py:188} INFO - [2026-07-24T17:39:06.784+0000] {dag.py:3947} INFO - Setting next_dagrun for example_task_group_decorator to 2026-07-23 00:00:00+00:00, run_after=2026-07-24 00:00:00+00:00
[2026-07-24T17:39:06.832+0000] {processor.py:183} INFO - Processing /home/airflow/.local/lib/python3.12/site-packages/airflow/example_dags/example_task_group_decorator.py took 0.238 seconds
[2026-07-24T17:39:38.559+0000] {processor.py:161} INFO - Started process (PID=4714) to work on /home/airflow/.local/lib/python3.12/site-packages/airflow/example_dags/example_task_group_decorator.py
[2026-07-24T17:39:38.562+0000] {processor.py:830} INFO - Processing file /home/airflow/.local/lib/python3.12/site-packages/airflow/example_dags/example_task_group_decorator.py for tasks to queue
[2026-07-24T17:39:38.568+0000] {logging_mixin.py:188} INFO - [2026-07-24T17:39:38.567+0000] {dagbag.py:545} INFO - Filling up the DagBag from /home/airflow/.local/lib/python3.12/site-packages/airflow/example_dags/example_task_group_decorator.py
[2026-07-24T17:39:38.610+0000] {processor.py:840} INFO - DAG(s) 'example_task_group_decorator' retrieved from /home/airflow/.local/lib/python3.12/site-packages/airflow/example_dags/example_task_group_decorator.py
[2026-07-24T17:39:38.674+0000] {logging_mixin.py:188} INFO - [2026-07-24T17:39:38.673+0000] {dag.py:3089} INFO - Sync 1 DAGs
[2026-07-24T17:39:38.732+0000] {logging_mixin.py:188} INFO - [2026-07-24T17:39:38.732+0000] {dag.py:3947} INFO - Setting next_dagrun for example_task_group_decorator to 2026-07-23 00:00:00+00:00, run_after=2026-07-24 00:00:00+00:00
[2026-07-24T17:39:38.788+0000] {processor.py:183} INFO - Processing /home/airflow/.local/lib/python3.12/site-packages/airflow/example_dags/example_task_group_decorator.py took 0.244 seconds
[2026-07-24T17:40:10.456+0000] {processor.py:161} INFO - Started process (PID=4796) to work on /home/airflow/.local/lib/python3.12/site-packages/airflow/example_dags/example_task_group_decorator.py
[2026-07-24T17:40:10.460+0000] {processor.py:830} INFO - Processing file /home/airflow/.local/lib/python3.12/site-packages/airflow/example_dags/example_task_group_decorator.py for tasks to queue
[2026-07-24T17:40:10.465+0000] {logging_mixin.py:188} INFO - [2026-07-24T17:40:10.465+0000] {dagbag.py:545} INFO - Filling up the DagBag from /home/airflow/.local/lib/python3.12/site-packages/airflow/example_dags/example_task_group_decorator.py
[2026-07-24T17:40:10.503+0000] {processor.py:840} INFO - DAG(s) 'example_task_group_decorator' retrieved from /home/airflow/.local/lib/python3.12/site-packages/airflow/example_dags/example_task_group_decorator.py
[2026-07-24T17:40:10.560+0000] {logging_mixin.py:188} INFO - [2026-07-24T17:40:10.559+0000] {dag.py:3089} INFO - Sync 1 DAGs
[2026-07-24T17:40:10.612+0000] {logging_mixin.py:188} INFO - [2026-07-24T17:40:10.612+0000] {dag.py:3947} INFO - Setting next_dagrun for example_task_group_decorator to 2026-07-23 00:00:00+00:00, run_after=2026-07-24 00:00:00+00:00
[2026-07-24T17:40:10.664+0000] {processor.py:183} INFO - Processing /home/airflow/.local/lib/python3.12/site-packages/airflow/example_dags/example_task_group_decorator.py took 0.223 seconds
[2026-07-24T17:40:41.945+0000] {processor.py:161} INFO - Started process (PID=4868) to work on /home/airflow/.local/lib/python3.12/site-packages/airflow/example_dags/example_task_group_decorator.py
[2026-07-24T17:40:41.948+0000] {processor.py:830} INFO - Processing file /home/airflow/.local/lib/python3.12/site-packages/airflow/example_dags/example_task_group_decorator.py for tasks to queue
[2026-07-24T17:40:41.954+0000] {logging_mixin.py:188} INFO - [2026-07-24T17:40:41.953+0000] {dagbag.py:545} INFO - Filling up the DagBag from /home/airflow/.local/lib/python3.12/site-packages/airflow/example_dags/example_task_group_decorator.py
[2026-07-24T17:40:41.987+0000] {processor.py:840} INFO - DAG(s) 'example_task_group_decorator' retrieved from /home/airflow/.local/lib/python3.12/site-packages/airflow/example_dags/example_task_group_decorator.py
[2026-07-24T17:40:42.048+0000] {logging_mixin.py:188} INFO - [2026-07-24T17:40:42.048+0000] {dag.py:3089} INFO - Sync 1 DAGs
[2026-07-24T17:40:42.101+0000] {logging_mixin.py:188} INFO - [2026-07-24T17:40:42.101+0000] {dag.py:3947} INFO - Setting next_dagrun for example_task_group_decorator to 2026-07-23 00:00:00+00:00, run_after=2026-07-24 00:00:00+00:00
[2026-07-24T17:40:42.148+0000] {processor.py:183} INFO - Processing /home/airflow/.local/lib/python3.12/site-packages/airflow/example_dags/example_task_group_decorator.py took 0.219 seconds
[2026-07-24T17:41:12.698+0000] {processor.py:161} INFO - Started process (PID=4941) to work on /home/airflow/.local/lib/python3.12/site-packages/airflow/example_dags/example_task_group_decorator.py
[2026-07-24T17:41:12.701+0000] {processor.py:830} INFO - Processing file /home/airflow/.local/lib/python3.12/site-packages/airflow/example_dags/example_task_group_decorator.py for tasks to queue
[2026-07-24T17:41:12.708+0000] {logging_mixin.py:188} INFO - [2026-07-24T17:41:12.707+0000] {dagbag.py:545} INFO - Filling up the DagBag from /home/airflow/.local/lib/python3.12/site-packages/airflow/example_dags/example_task_group_decorator.py
[2026-07-24T17:41:12.750+0000] {processor.py:840} INFO - DAG(s) 'example_task_group_decorator' retrieved from /home/airflow/.local/lib/python3.12/site-packages/airflow/example_dags/example_task_group_decorator.py
[2026-07-24T17:41:12.809+0000] {logging_mixin.py:188} INFO - [2026-07-24T17:41:12.809+0000] {dag.py:3089} INFO - Sync 1 DAGs
[2026-07-24T17:41:12.858+0000] {logging_mixin.py:188} INFO - [2026-07-24T17:41:12.857+0000] {dag.py:3947} INFO - Setting next_dagrun for example_task_group_decorator to 2026-07-23 00:00:00+00:00, run_after=2026-07-24 00:00:00+00:00
[2026-07-24T17:41:12.901+0000] {processor.py:183} INFO - Processing /home/airflow/.local/lib/python3.12/site-packages/airflow/example_dags/example_task_group_decorator.py took 0.220 seconds
[2026-07-24T17:41:44.092+0000] {processor.py:161} INFO - Started process (PID=5014) to work on /home/airflow/.local/lib/python3.12/site-packages/airflow/example_dags/example_task_group_decorator.py
[2026-07-24T17:41:44.095+0000] {processor.py:830} INFO - Processing file /home/airflow/.local/lib/python3.12/site-packages/airflow/example_dags/example_task_group_decorator.py for tasks to queue
[2026-07-24T17:41:44.101+0000] {logging_mixin.py:188} INFO - [2026-07-24T17:41:44.100+0000] {dagbag.py:545} INFO - Filling up the DagBag from /home/airflow/.local/lib/python3.12/site-packages/airflow/example_dags/example_task_group_decorator.py
[2026-07-24T17:41:44.137+0000] {processor.py:840} INFO - DAG(s) 'example_task_group_decorator' retrieved from /home/airflow/.local/lib/python3.12/site-packages/airflow/example_dags/example_task_group_decorator.py
[2026-07-24T17:41:44.195+0000] {logging_mixin.py:188} INFO - [2026-07-24T17:41:44.195+0000] {dag.py:3089} INFO - Sync 1 DAGs
[2026-07-24T17:41:44.254+0000] {logging_mixin.py:188} INFO - [2026-07-24T17:41:44.254+0000] {dag.py:3947} INFO - Setting next_dagrun for example_task_group_decorator to 2026-07-23 00:00:00+00:00, run_after=2026-07-24 00:00:00+00:00
[2026-07-24T17:41:44.309+0000] {processor.py:183} INFO - Processing /home/airflow/.local/lib/python3.12/site-packages/airflow/example_dags/example_task_group_decorator.py took 0.233 seconds
[2026-07-24T17:42:14.552+0000] {processor.py:161} INFO - Started process (PID=5087) to work on /home/airflow/.local/lib/python3.12/site-packages/airflow/example_dags/example_task_group_decorator.py
[2026-07-24T17:42:14.555+0000] {processor.py:830} INFO - Processing file /home/airflow/.local/lib/python3.12/site-packages/airflow/example_dags/example_task_group_decorator.py for tasks to queue
[2026-07-24T17:42:14.559+0000] {logging_mixin.py:188} INFO - [2026-07-24T17:42:14.559+0000] {dagbag.py:545} INFO - Filling up the DagBag from /home/airflow/.local/lib/python3.12/site-packages/airflow/example_dags/example_task_group_decorator.py
[2026-07-24T17:42:14.581+0000] {processor.py:840} INFO - DAG(s) 'example_task_group_decorator' retrieved from /home/airflow/.local/lib/python3.12/site-packages/airflow/example_dags/example_task_group_decorator.py
[2026-07-24T17:42:14.626+0000] {logging_mixin.py:188} INFO - [2026-07-24T17:42:14.625+0000] {dag.py:3089} INFO - Sync 1 DAGs
[2026-07-24T17:42:14.666+0000] {logging_mixin.py:188} INFO - [2026-07-24T17:42:14.665+0000] {dag.py:3947} INFO - Setting next_dagrun for example_task_group_decorator to 2026-07-23 00:00:00+00:00, run_after=2026-07-24 00:00:00+00:00
[2026-07-24T17:42:14.730+0000] {processor.py:183} INFO - Processing /home/airflow/.local/lib/python3.12/site-packages/airflow/example_dags/example_task_group_decorator.py took 0.188 seconds
[2026-07-24T17:42:45.578+0000] {processor.py:161} INFO - Started process (PID=5154) to work on /home/airflow/.local/lib/python3.12/site-packages/airflow/example_dags/example_task_group_decorator.py
[2026-07-24T17:42:45.580+0000] {processor.py:830} INFO - Processing file /home/airflow/.local/lib/python3.12/site-packages/airflow/example_dags/example_task_group_decorator.py for tasks to queue
[2026-07-24T17:42:45.585+0000] {logging_mixin.py:188} INFO - [2026-07-24T17:42:45.584+0000] {dagbag.py:545} INFO - Filling up the DagBag from /home/airflow/.local/lib/python3.12/site-packages/airflow/example_dags/example_task_group_decorator.py
[2026-07-24T17:42:45.614+0000] {processor.py:840} INFO - DAG(s) 'example_task_group_decorator' retrieved from /home/airflow/.local/lib/python3.12/site-packages/airflow/example_dags/example_task_group_decorator.py
[2026-07-24T17:42:45.660+0000] {logging_mixin.py:188} INFO - [2026-07-24T17:42:45.660+0000] {dag.py:3089} INFO - Sync 1 DAGs
[2026-07-24T17:42:45.717+0000] {logging_mixin.py:188} INFO - [2026-07-24T17:42:45.716+0000] {dag.py:3947} INFO - Setting next_dagrun for example_task_group_decorator to 2026-07-23 00:00:00+00:00, run_after=2026-07-24 00:00:00+00:00
[2026-07-24T17:42:45.759+0000] {processor.py:183} INFO - Processing /home/airflow/.local/lib/python3.12/site-packages/airflow/example_dags/example_task_group_decorator.py took 0.198 seconds
[2026-07-24T17:43:16.403+0000] {processor.py:161} INFO - Started process (PID=5227) to work on /home/airflow/.local/lib/python3.12/site-packages/airflow/example_dags/example_task_group_decorator.py
[2026-07-24T17:43:16.406+0000] {processor.py:830} INFO - Processing file /home/airflow/.local/lib/python3.12/site-packages/airflow/example_dags/example_task_group_decorator.py for tasks to queue
[2026-07-24T17:43:16.410+0000] {logging_mixin.py:188} INFO - [2026-07-24T17:43:16.409+0000] {dagbag.py:545} INFO - Filling up the DagBag from /home/airflow/.local/lib/python3.12/site-packages/airflow/example_dags/example_task_group_decorator.py
[2026-07-24T17:43:16.432+0000] {processor.py:840} INFO - DAG(s) 'example_task_group_decorator' retrieved from /home/airflow/.local/lib/python3.12/site-packages/airflow/example_dags/example_task_group_decorator.py
[2026-07-24T17:43:16.470+0000] {logging_mixin.py:188} INFO - [2026-07-24T17:43:16.470+0000] {dag.py:3089} INFO - Sync 1 DAGs
[2026-07-24T17:43:16.503+0000] {logging_mixin.py:188} INFO - [2026-07-24T17:43:16.503+0000] {dag.py:3947} INFO - Setting next_dagrun for example_task_group_decorator to 2026-07-23 00:00:00+00:00, run_after=2026-07-24 00:00:00+00:00
[2026-07-24T17:43:16.536+0000] {processor.py:183} INFO - Processing /home/airflow/.local/lib/python3.12/site-packages/airflow/example_dags/example_task_group_decorator.py took 0.140 seconds
[2026-07-24T17:43:47.280+0000] {processor.py:161} INFO - Started process (PID=5300) to work on /home/airflow/.local/lib/python3.12/site-packages/airflow/example_dags/example_task_group_decorator.py
[2026-07-24T17:43:47.283+0000] {processor.py:830} INFO - Processing file /home/airflow/.local/lib/python3.12/site-packages/airflow/example_dags/example_task_group_decorator.py for tasks to queue
[2026-07-24T17:43:47.287+0000] {logging_mixin.py:188} INFO - [2026-07-24T17:43:47.287+0000] {dagbag.py:545} INFO - Filling up the DagBag from /home/airflow/.local/lib/python3.12/site-packages/airflow/example_dags/example_task_group_decorator.py
[2026-07-24T17:43:47.312+0000] {processor.py:840} INFO - DAG(s) 'example_task_group_decorator' retrieved from /home/airflow/.local/lib/python3.12/site-packages/airflow/example_dags/example_task_group_decorator.py
[2026-07-24T17:43:47.355+0000] {logging_mixin.py:188} INFO - [2026-07-24T17:43:47.354+0000] {dag.py:3089} INFO - Sync 1 DAGs
[2026-07-24T17:43:47.388+0000] {logging_mixin.py:188} INFO - [2026-07-24T17:43:47.387+0000] {dag.py:3947} INFO - Setting next_dagrun for example_task_group_decorator to 2026-07-23 00:00:00+00:00, run_after=2026-07-24 00:00:00+00:00
[2026-07-24T17:43:47.419+0000] {processor.py:183} INFO - Processing /home/airflow/.local/lib/python3.12/site-packages/airflow/example_dags/example_task_group_decorator.py took 0.149 seconds
[2026-07-24T17:44:17.878+0000] {processor.py:161} INFO - Started process (PID=5375) to work on /home/airflow/.local/lib/python3.12/site-packages/airflow/example_dags/example_task_group_decorator.py
[2026-07-24T17:44:17.881+0000] {processor.py:830} INFO - Processing file /home/airflow/.local/lib/python3.12/site-packages/airflow/example_dags/example_task_group_decorator.py for tasks to queue
[2026-07-24T17:44:17.885+0000] {logging_mixin.py:188} INFO - [2026-07-24T17:44:17.884+0000] {dagbag.py:545} INFO - Filling up the DagBag from /home/airflow/.local/lib/python3.12/site-packages/airflow/example_dags/example_task_group_decorator.py
[2026-07-24T17:44:17.904+0000] {processor.py:840} INFO - DAG(s) 'example_task_group_decorator' retrieved from /home/airflow/.local/lib/python3.12/site-packages/airflow/example_dags/example_task_group_decorator.py
[2026-07-24T17:44:17.949+0000] {logging_mixin.py:188} INFO - [2026-07-24T17:44:17.948+0000] {dag.py:3089} INFO - Sync 1 DAGs
[2026-07-24T17:44:17.985+0000] {logging_mixin.py:188} INFO - [2026-07-24T17:44:17.984+0000] {dag.py:3947} INFO - Setting next_dagrun for example_task_group_decorator to 2026-07-23 00:00:00+00:00, run_after=2026-07-24 00:00:00+00:00
[2026-07-24T17:44:18.022+0000] {processor.py:183} INFO - Processing /home/airflow/.local/lib/python3.12/site-packages/airflow/example_dags/example_task_group_decorator.py took 0.153 seconds
[2026-07-24T17:44:48.382+0000] {processor.py:161} INFO - Started process (PID=5448) to work on /home/airflow/.local/lib/python3.12/site-packages/airflow/example_dags/example_task_group_decorator.py
[2026-07-24T17:44:48.384+0000] {processor.py:830} INFO - Processing file /home/airflow/.local/lib/python3.12/site-packages/airflow/example_dags/example_task_group_decorator.py for tasks to queue
[2026-07-24T17:44:48.388+0000] {logging_mixin.py:188} INFO - [2026-07-24T17:44:48.387+0000] {dagbag.py:545} INFO - Filling up the DagBag from /home/airflow/.local/lib/python3.12/site-packages/airflow/example_dags/example_task_group_decorator.py
[2026-07-24T17:44:48.435+0000] {processor.py:840} INFO - DAG(s) 'example_task_group_decorator' retrieved from /home/airflow/.local/lib/python3.12/site-packages/airflow/example_dags/example_task_group_decorator.py
[2026-07-24T17:44:48.502+0000] {logging_mixin.py:188} INFO - [2026-07-24T17:44:48.501+0000] {dag.py:3089} INFO - Sync 1 DAGs
[2026-07-24T17:44:48.536+0000] {logging_mixin.py:188} INFO - [2026-07-24T17:44:48.535+0000] {dag.py:3947} INFO - Setting next_dagrun for example_task_group_decorator to 2026-07-23 00:00:00+00:00, run_after=2026-07-24 00:00:00+00:00
[2026-07-24T17:44:48.566+0000] {processor.py:183} INFO - Processing /home/airflow/.local/lib/python3.12/site-packages/airflow/example_dags/example_task_group_decorator.py took 0.193 seconds
[2026-07-24T17:45:24.140+0000] {processor.py:161} INFO - Started process (PID=5522) to work on /home/airflow/.local/lib/python3.12/site-packages/airflow/example_dags/example_task_group_decorator.py
[2026-07-24T17:45:24.143+0000] {processor.py:830} INFO - Processing file /home/airflow/.local/lib/python3.12/site-packages/airflow/example_dags/example_task_group_decorator.py for tasks to queue
[2026-07-24T17:45:24.148+0000] {logging_mixin.py:188} INFO - [2026-07-24T17:45:24.147+0000] {dagbag.py:545} INFO - Filling up the DagBag from /home/airflow/.local/lib/python3.12/site-packages/airflow/example_dags/example_task_group_decorator.py
[2026-07-24T17:45:24.182+0000] {processor.py:840} INFO - DAG(s) 'example_task_group_decorator' retrieved from /home/airflow/.local/lib/python3.12/site-packages/airflow/example_dags/example_task_group_decorator.py
[2026-07-24T17:45:24.268+0000] {logging_mixin.py:188} INFO - [2026-07-24T17:45:24.267+0000] {dag.py:3089} INFO - Sync 1 DAGs
[2026-07-24T17:45:24.344+0000] {logging_mixin.py:188} INFO - [2026-07-24T17:45:24.343+0000] {dag.py:3947} INFO - Setting next_dagrun for example_task_group_decorator to 2026-07-23 00:00:00+00:00, run_after=2026-07-24 00:00:00+00:00
[2026-07-24T17:45:24.403+0000] {processor.py:183} INFO - Processing /home/airflow/.local/lib/python3.12/site-packages/airflow/example_dags/example_task_group_decorator.py took 0.277 seconds
[2026-07-24T17:45:54.716+0000] {processor.py:161} INFO - Started process (PID=5595) to work on /home/airflow/.local/lib/python3.12/site-packages/airflow/example_dags/example_task_group_decorator.py
[2026-07-24T17:45:54.719+0000] {processor.py:830} INFO - Processing file /home/airflow/.local/lib/python3.12/site-packages/airflow/example_dags/example_task_group_decorator.py for tasks to queue
[2026-07-24T17:45:54.723+0000] {logging_mixin.py:188} INFO - [2026-07-24T17:45:54.722+0000] {dagbag.py:545} INFO - Filling up the DagBag from /home/airflow/.local/lib/python3.12/site-packages/airflow/example_dags/example_task_group_decorator.py
[2026-07-24T17:45:54.749+0000] {processor.py:840} INFO - DAG(s) 'example_task_group_decorator' retrieved from /home/airflow/.local/lib/python3.12/site-packages/airflow/example_dags/example_task_group_decorator.py
[2026-07-24T17:45:54.792+0000] {logging_mixin.py:188} INFO - [2026-07-24T17:45:54.792+0000] {dag.py:3089} INFO - Sync 1 DAGs
[2026-07-24T17:45:54.832+0000] {logging_mixin.py:188} INFO - [2026-07-24T17:45:54.832+0000] {dag.py:3947} INFO - Setting next_dagrun for example_task_group_decorator to 2026-07-23 00:00:00+00:00, run_after=2026-07-24 00:00:00+00:00
[2026-07-24T17:45:54.868+0000] {processor.py:183} INFO - Processing /home/airflow/.local/lib/python3.12/site-packages/airflow/example_dags/example_task_group_decorator.py took 0.163 seconds
[2026-07-24T17:46:25.660+0000] {processor.py:161} INFO - Started process (PID=5669) to work on /home/airflow/.local/lib/python3.12/site-packages/airflow/example_dags/example_task_group_decorator.py
[2026-07-24T17:46:25.664+0000] {processor.py:830} INFO - Processing file /home/airflow/.local/lib/python3.12/site-packages/airflow/example_dags/example_task_group_decorator.py for tasks to queue
[2026-07-24T17:46:25.672+0000] {logging_mixin.py:188} INFO - [2026-07-24T17:46:25.670+0000] {dagbag.py:545} INFO - Filling up the DagBag from /home/airflow/.local/lib/python3.12/site-packages/airflow/example_dags/example_task_group_decorator.py
[2026-07-24T17:46:25.718+0000] {processor.py:840} INFO - DAG(s) 'example_task_group_decorator' retrieved from /home/airflow/.local/lib/python3.12/site-packages/airflow/example_dags/example_task_group_decorator.py
[2026-07-24T17:46:25.796+0000] {logging_mixin.py:188} INFO - [2026-07-24T17:46:25.795+0000] {dag.py:3089} INFO - Sync 1 DAGs
[2026-07-24T17:46:25.835+0000] {logging_mixin.py:188} INFO - [2026-07-24T17:46:25.834+0000] {dag.py:3947} INFO - Setting next_dagrun for example_task_group_decorator to 2026-07-23 00:00:00+00:00, run_after=2026-07-24 00:00:00+00:00
[2026-07-24T17:46:25.878+0000] {processor.py:183} INFO - Processing /home/airflow/.local/lib/python3.12/site-packages/airflow/example_dags/example_task_group_decorator.py took 0.238 seconds
[2026-07-24T17:47:00.865+0000] {processor.py:161} INFO - Started process (PID=5745) to work on /home/airflow/.local/lib/python3.12/site-packages/airflow/example_dags/example_task_group_decorator.py
[2026-07-24T17:47:00.868+0000] {processor.py:830} INFO - Processing file /home/airflow/.local/lib/python3.12/site-packages/airflow/example_dags/example_task_group_decorator.py for tasks to queue
[2026-07-24T17:47:00.874+0000] {logging_mixin.py:188} INFO - [2026-07-24T17:47:00.873+0000] {dagbag.py:545} INFO - Filling up the DagBag from /home/airflow/.local/lib/python3.12/site-packages/airflow/example_dags/example_task_group_decorator.py
[2026-07-24T17:47:00.902+0000] {processor.py:840} INFO - DAG(s) 'example_task_group_decorator' retrieved from /home/airflow/.local/lib/python3.12/site-packages/airflow/example_dags/example_task_group_decorator.py
[2026-07-24T17:47:00.953+0000] {logging_mixin.py:188} INFO - [2026-07-24T17:47:00.950+0000] {dag.py:3089} INFO - Sync 1 DAGs
[2026-07-24T17:47:01.014+0000] {logging_mixin.py:188} INFO - [2026-07-24T17:47:01.013+0000] {dag.py:3947} INFO - Setting next_dagrun for example_task_group_decorator to 2026-07-23 00:00:00+00:00, run_after=2026-07-24 00:00:00+00:00
[2026-07-24T17:47:01.073+0000] {processor.py:183} INFO - Processing /home/airflow/.local/lib/python3.12/site-packages/airflow/example_dags/example_task_group_decorator.py took 0.220 seconds
[2026-07-24T17:47:31.307+0000] {processor.py:161} INFO - Started process (PID=5819) to work on /home/airflow/.local/lib/python3.12/site-packages/airflow/example_dags/example_task_group_decorator.py
[2026-07-24T17:47:31.310+0000] {processor.py:830} INFO - Processing file /home/airflow/.local/lib/python3.12/site-packages/airflow/example_dags/example_task_group_decorator.py for tasks to queue
[2026-07-24T17:47:31.316+0000] {logging_mixin.py:188} INFO - [2026-07-24T17:47:31.315+0000] {dagbag.py:545} INFO - Filling up the DagBag from /home/airflow/.local/lib/python3.12/site-packages/airflow/example_dags/example_task_group_decorator.py
[2026-07-24T17:47:31.382+0000] {processor.py:840} INFO - DAG(s) 'example_task_group_decorator' retrieved from /home/airflow/.local/lib/python3.12/site-packages/airflow/example_dags/example_task_group_decorator.py
[2026-07-24T17:47:31.447+0000] {logging_mixin.py:188} INFO - [2026-07-24T17:47:31.446+0000] {dag.py:3089} INFO - Sync 1 DAGs
[2026-07-24T17:47:31.496+0000] {logging_mixin.py:188} INFO - [2026-07-24T17:47:31.495+0000] {dag.py:3947} INFO - Setting next_dagrun for example_task_group_decorator to 2026-07-23 00:00:00+00:00, run_after=2026-07-24 00:00:00+00:00
[2026-07-24T17:47:31.542+0000] {processor.py:183} INFO - Processing /home/airflow/.local/lib/python3.12/site-packages/airflow/example_dags/example_task_group_decorator.py took 0.247 seconds
[2026-07-24T17:48:02.125+0000] {processor.py:161} INFO - Started process (PID=5893) to work on /home/airflow/.local/lib/python3.12/site-packages/airflow/example_dags/example_task_group_decorator.py
[2026-07-24T17:48:02.129+0000] {processor.py:830} INFO - Processing file /home/airflow/.local/lib/python3.12/site-packages/airflow/example_dags/example_task_group_decorator.py for tasks to queue
[2026-07-24T17:48:02.135+0000] {logging_mixin.py:188} INFO - [2026-07-24T17:48:02.135+0000] {dagbag.py:545} INFO - Filling up the DagBag from /home/airflow/.local/lib/python3.12/site-packages/airflow/example_dags/example_task_group_decorator.py
[2026-07-24T17:48:02.164+0000] {processor.py:840} INFO - DAG(s) 'example_task_group_decorator' retrieved from /home/airflow/.local/lib/python3.12/site-packages/airflow/example_dags/example_task_group_decorator.py
[2026-07-24T17:48:02.218+0000] {logging_mixin.py:188} INFO - [2026-07-24T17:48:02.217+0000] {dag.py:3089} INFO - Sync 1 DAGs
[2026-07-24T17:48:02.265+0000] {logging_mixin.py:188} INFO - [2026-07-24T17:48:02.265+0000] {dag.py:3947} INFO - Setting next_dagrun for example_task_group_decorator to 2026-07-23 00:00:00+00:00, run_after=2026-07-24 00:00:00+00:00
[2026-07-24T17:48:02.303+0000] {processor.py:183} INFO - Processing /home/airflow/.local/lib/python3.12/site-packages/airflow/example_dags/example_task_group_decorator.py took 0.190 seconds
[2026-07-24T17:48:34.326+0000] {processor.py:161} INFO - Started process (PID=5966) to work on /home/airflow/.local/lib/python3.12/site-packages/airflow/example_dags/example_task_group_decorator.py
[2026-07-24T17:48:34.329+0000] {processor.py:830} INFO - Processing file /home/airflow/.local/lib/python3.12/site-packages/airflow/example_dags/example_task_group_decorator.py for tasks to queue
[2026-07-24T17:48:34.333+0000] {logging_mixin.py:188} INFO - [2026-07-24T17:48:34.333+0000] {dagbag.py:545} INFO - Filling up the DagBag from /home/airflow/.local/lib/python3.12/site-packages/airflow/example_dags/example_task_group_decorator.py
[2026-07-24T17:48:34.356+0000] {processor.py:840} INFO - DAG(s) 'example_task_group_decorator' retrieved from /home/airflow/.local/lib/python3.12/site-packages/airflow/example_dags/example_task_group_decorator.py
[2026-07-24T17:48:34.398+0000] {logging_mixin.py:188} INFO - [2026-07-24T17:48:34.397+0000] {dag.py:3089} INFO - Sync 1 DAGs
[2026-07-24T17:48:34.433+0000] {logging_mixin.py:188} INFO - [2026-07-24T17:48:34.433+0000] {dag.py:3947} INFO - Setting next_dagrun for example_task_group_decorator to 2026-07-23 00:00:00+00:00, run_after=2026-07-24 00:00:00+00:00
[2026-07-24T17:48:34.469+0000] {processor.py:183} INFO - Processing /home/airflow/.local/lib/python3.12/site-packages/airflow/example_dags/example_task_group_decorator.py took 0.153 seconds
[2026-07-24T17:49:04.726+0000] {processor.py:161} INFO - Started process (PID=6039) to work on /home/airflow/.local/lib/python3.12/site-packages/airflow/example_dags/example_task_group_decorator.py
[2026-07-24T17:49:04.729+0000] {processor.py:830} INFO - Processing file /home/airflow/.local/lib/python3.12/site-packages/airflow/example_dags/example_task_group_decorator.py for tasks to queue
[2026-07-24T17:49:04.734+0000] {logging_mixin.py:188} INFO - [2026-07-24T17:49:04.733+0000] {dagbag.py:545} INFO - Filling up the DagBag from /home/airflow/.local/lib/python3.12/site-packages/airflow/example_dags/example_task_group_decorator.py
[2026-07-24T17:49:04.763+0000] {processor.py:840} INFO - DAG(s) 'example_task_group_decorator' retrieved from /home/airflow/.local/lib/python3.12/site-packages/airflow/example_dags/example_task_group_decorator.py
[2026-07-24T17:49:04.804+0000] {logging_mixin.py:188} INFO - [2026-07-24T17:49:04.803+0000] {dag.py:3089} INFO - Sync 1 DAGs
[2026-07-24T17:49:04.837+0000] {logging_mixin.py:188} INFO - [2026-07-24T17:49:04.837+0000] {dag.py:3947} INFO - Setting next_dagrun for example_task_group_decorator to 2026-07-23 00:00:00+00:00, run_after=2026-07-24 00:00:00+00:00
[2026-07-24T17:49:04.872+0000] {processor.py:183} INFO - Processing /home/airflow/.local/lib/python3.12/site-packages/airflow/example_dags/example_task_group_decorator.py took 0.155 seconds
[2026-07-24T17:49:38.510+0000] {processor.py:161} INFO - Started process (PID=6112) to work on /home/airflow/.local/lib/python3.12/site-packages/airflow/example_dags/example_task_group_decorator.py
[2026-07-24T17:49:38.513+0000] {processor.py:830} INFO - Processing file /home/airflow/.local/lib/python3.12/site-packages/airflow/example_dags/example_task_group_decorator.py for tasks to queue
[2026-07-24T17:49:38.518+0000] {logging_mixin.py:188} INFO - [2026-07-24T17:49:38.518+0000] {dagbag.py:545} INFO - Filling up the DagBag from /home/airflow/.local/lib/python3.12/site-packages/airflow/example_dags/example_task_group_decorator.py
[2026-07-24T17:49:38.556+0000] {processor.py:840} INFO - DAG(s) 'example_task_group_decorator' retrieved from /home/airflow/.local/lib/python3.12/site-packages/airflow/example_dags/example_task_group_decorator.py
[2026-07-24T17:49:38.620+0000] {logging_mixin.py:188} INFO - [2026-07-24T17:49:38.619+0000] {dag.py:3089} INFO - Sync 1 DAGs
[2026-07-24T17:49:38.663+0000] {logging_mixin.py:188} INFO - [2026-07-24T17:49:38.662+0000] {dag.py:3947} INFO - Setting next_dagrun for example_task_group_decorator to 2026-07-23 00:00:00+00:00, run_after=2026-07-24 00:00:00+00:00
[2026-07-24T17:49:38.708+0000] {processor.py:183} INFO - Processing /home/airflow/.local/lib/python3.12/site-packages/airflow/example_dags/example_task_group_decorator.py took 0.214 seconds
[2026-07-24T17:50:09.875+0000] {processor.py:161} INFO - Started process (PID=6194) to work on /home/airflow/.local/lib/python3.12/site-packages/airflow/example_dags/example_task_group_decorator.py
[2026-07-24T17:50:09.878+0000] {processor.py:830} INFO - Processing file /home/airflow/.local/lib/python3.12/site-packages/airflow/example_dags/example_task_group_decorator.py for tasks to queue
[2026-07-24T17:50:09.886+0000] {logging_mixin.py:188} INFO - [2026-07-24T17:50:09.885+0000] {dagbag.py:545} INFO - Filling up the DagBag from /home/airflow/.local/lib/python3.12/site-packages/airflow/example_dags/example_task_group_decorator.py
[2026-07-24T17:50:09.950+0000] {processor.py:840} INFO - DAG(s) 'example_task_group_decorator' retrieved from /home/airflow/.local/lib/python3.12/site-packages/airflow/example_dags/example_task_group_decorator.py
[2026-07-24T17:50:10.112+0000] {logging_mixin.py:188} INFO - [2026-07-24T17:50:10.112+0000] {dag.py:3089} INFO - Sync 1 DAGs
[2026-07-24T17:50:10.189+0000] {logging_mixin.py:188} INFO - [2026-07-24T17:50:10.188+0000] {dag.py:3947} INFO - Setting next_dagrun for example_task_group_decorator to 2026-07-23 00:00:00+00:00, run_after=2026-07-24 00:00:00+00:00
[2026-07-24T17:50:10.282+0000] {processor.py:183} INFO - Processing /home/airflow/.local/lib/python3.12/site-packages/airflow/example_dags/example_task_group_decorator.py took 0.426 seconds
[2026-07-24T17:50:41.588+0000] {processor.py:161} INFO - Started process (PID=6267) to work on /home/airflow/.local/lib/python3.12/site-packages/airflow/example_dags/example_task_group_decorator.py
[2026-07-24T17:50:41.593+0000] {processor.py:830} INFO - Processing file /home/airflow/.local/lib/python3.12/site-packages/airflow/example_dags/example_task_group_decorator.py for tasks to queue
[2026-07-24T17:50:41.599+0000] {logging_mixin.py:188} INFO - [2026-07-24T17:50:41.598+0000] {dagbag.py:545} INFO - Filling up the DagBag from /home/airflow/.local/lib/python3.12/site-packages/airflow/example_dags/example_task_group_decorator.py
[2026-07-24T17:50:41.645+0000] {processor.py:840} INFO - DAG(s) 'example_task_group_decorator' retrieved from /home/airflow/.local/lib/python3.12/site-packages/airflow/example_dags/example_task_group_decorator.py
[2026-07-24T17:50:41.725+0000] {logging_mixin.py:188} INFO - [2026-07-24T17:50:41.724+0000] {dag.py:3089} INFO - Sync 1 DAGs
[2026-07-24T17:50:41.788+0000] {logging_mixin.py:188} INFO - [2026-07-24T17:50:41.787+0000] {dag.py:3947} INFO - Setting next_dagrun for example_task_group_decorator to 2026-07-23 00:00:00+00:00, run_after=2026-07-24 00:00:00+00:00
[2026-07-24T17:50:41.838+0000] {processor.py:183} INFO - Processing /home/airflow/.local/lib/python3.12/site-packages/airflow/example_dags/example_task_group_decorator.py took 0.262 seconds
[2026-07-24T17:51:12.272+0000] {processor.py:161} INFO - Started process (PID=6333) to work on /home/airflow/.local/lib/python3.12/site-packages/airflow/example_dags/example_task_group_decorator.py
[2026-07-24T17:51:12.276+0000] {processor.py:830} INFO - Processing file /home/airflow/.local/lib/python3.12/site-packages/airflow/example_dags/example_task_group_decorator.py for tasks to queue
[2026-07-24T17:51:12.280+0000] {logging_mixin.py:188} INFO - [2026-07-24T17:51:12.280+0000] {dagbag.py:545} INFO - Filling up the DagBag from /home/airflow/.local/lib/python3.12/site-packages/airflow/example_dags/example_task_group_decorator.py
[2026-07-24T17:51:12.310+0000] {processor.py:840} INFO - DAG(s) 'example_task_group_decorator' retrieved from /home/airflow/.local/lib/python3.12/site-packages/airflow/example_dags/example_task_group_decorator.py
[2026-07-24T17:51:12.376+0000] {logging_mixin.py:188} INFO - [2026-07-24T17:51:12.375+0000] {dag.py:3089} INFO - Sync 1 DAGs
[2026-07-24T17:51:12.436+0000] {logging_mixin.py:188} INFO - [2026-07-24T17:51:12.435+0000] {dag.py:3947} INFO - Setting next_dagrun for example_task_group_decorator to 2026-07-23 00:00:00+00:00, run_after=2026-07-24 00:00:00+00:00
[2026-07-24T17:51:12.530+0000] {processor.py:183} INFO - Processing /home/airflow/.local/lib/python3.12/site-packages/airflow/example_dags/example_task_group_decorator.py took 0.269 seconds
[2026-07-24T17:51:44.170+0000] {processor.py:161} INFO - Started process (PID=6406) to work on /home/airflow/.local/lib/python3.12/site-packages/airflow/example_dags/example_task_group_decorator.py
[2026-07-24T17:51:44.175+0000] {processor.py:830} INFO - Processing file /home/airflow/.local/lib/python3.12/site-packages/airflow/example_dags/example_task_group_decorator.py for tasks to queue
[2026-07-24T17:51:44.183+0000] {logging_mixin.py:188} INFO - [2026-07-24T17:51:44.182+0000] {dagbag.py:545} INFO - Filling up the DagBag from /home/airflow/.local/lib/python3.12/site-packages/airflow/example_dags/example_task_group_decorator.py
[2026-07-24T17:51:44.218+0000] {processor.py:840} INFO - DAG(s) 'example_task_group_decorator' retrieved from /home/airflow/.local/lib/python3.12/site-packages/airflow/example_dags/example_task_group_decorator.py
[2026-07-24T17:51:44.273+0000] {logging_mixin.py:188} INFO - [2026-07-24T17:51:44.273+0000] {dag.py:3089} INFO - Sync 1 DAGs
[2026-07-24T17:51:44.320+0000] {logging_mixin.py:188} INFO - [2026-07-24T17:51:44.320+0000] {dag.py:3947} INFO - Setting next_dagrun for example_task_group_decorator to 2026-07-23 00:00:00+00:00, run_after=2026-07-24 00:00:00+00:00
[2026-07-24T17:51:44.364+0000] {processor.py:183} INFO - Processing /home/airflow/.local/lib/python3.12/site-packages/airflow/example_dags/example_task_group_decorator.py took 0.217 seconds
[2026-07-24T17:52:14.497+0000] {processor.py:161} INFO - Started process (PID=6479) to work on /home/airflow/.local/lib/python3.12/site-packages/airflow/example_dags/example_task_group_decorator.py
[2026-07-24T17:52:14.499+0000] {processor.py:830} INFO - Processing file /home/airflow/.local/lib/python3.12/site-packages/airflow/example_dags/example_task_group_decorator.py for tasks to queue
[2026-07-24T17:52:14.503+0000] {logging_mixin.py:188} INFO - [2026-07-24T17:52:14.502+0000] {dagbag.py:545} INFO - Filling up the DagBag from /home/airflow/.local/lib/python3.12/site-packages/airflow/example_dags/example_task_group_decorator.py
[2026-07-24T17:52:14.521+0000] {processor.py:840} INFO - DAG(s) 'example_task_group_decorator' retrieved from /home/airflow/.local/lib/python3.12/site-packages/airflow/example_dags/example_task_group_decorator.py
[2026-07-24T17:52:14.554+0000] {logging_mixin.py:188} INFO - [2026-07-24T17:52:14.554+0000] {dag.py:3089} INFO - Sync 1 DAGs
[2026-07-24T17:52:14.586+0000] {logging_mixin.py:188} INFO - [2026-07-24T17:52:14.586+0000] {dag.py:3947} INFO - Setting next_dagrun for example_task_group_decorator to 2026-07-23 00:00:00+00:00, run_after=2026-07-24 00:00:00+00:00
[2026-07-24T17:52:14.614+0000] {processor.py:183} INFO - Processing /home/airflow/.local/lib/python3.12/site-packages/airflow/example_dags/example_task_group_decorator.py took 0.125 seconds
[2026-07-24T17:52:47.212+0000] {processor.py:161} INFO - Started process (PID=6553) to work on /home/airflow/.local/lib/python3.12/site-packages/airflow/example_dags/example_task_group_decorator.py
[2026-07-24T17:52:47.216+0000] {processor.py:830} INFO - Processing file /home/airflow/.local/lib/python3.12/site-packages/airflow/example_dags/example_task_group_decorator.py for tasks to queue
[2026-07-24T17:52:47.221+0000] {logging_mixin.py:188} INFO - [2026-07-24T17:52:47.220+0000] {dagbag.py:545} INFO - Filling up the DagBag from /home/airflow/.local/lib/python3.12/site-packages/airflow/example_dags/example_task_group_decorator.py
[2026-07-24T17:52:47.255+0000] {processor.py:840} INFO - DAG(s) 'example_task_group_decorator' retrieved from /home/airflow/.local/lib/python3.12/site-packages/airflow/example_dags/example_task_group_decorator.py
[2026-07-24T17:52:47.313+0000] {logging_mixin.py:188} INFO - [2026-07-24T17:52:47.313+0000] {dag.py:3089} INFO - Sync 1 DAGs
[2026-07-24T17:52:47.370+0000] {logging_mixin.py:188} INFO - [2026-07-24T17:52:47.369+0000] {dag.py:3947} INFO - Setting next_dagrun for example_task_group_decorator to 2026-07-23 00:00:00+00:00, run_after=2026-07-24 00:00:00+00:00
[2026-07-24T17:52:47.413+0000] {processor.py:183} INFO - Processing /home/airflow/.local/lib/python3.12/site-packages/airflow/example_dags/example_task_group_decorator.py took 0.213 seconds
[2026-07-24T17:53:17.526+0000] {processor.py:161} INFO - Started process (PID=6625) to work on /home/airflow/.local/lib/python3.12/site-packages/airflow/example_dags/example_task_group_decorator.py
[2026-07-24T17:53:17.529+0000] {processor.py:830} INFO - Processing file /home/airflow/.local/lib/python3.12/site-packages/airflow/example_dags/example_task_group_decorator.py for tasks to queue
[2026-07-24T17:53:17.535+0000] {logging_mixin.py:188} INFO - [2026-07-24T17:53:17.533+0000] {dagbag.py:545} INFO - Filling up the DagBag from /home/airflow/.local/lib/python3.12/site-packages/airflow/example_dags/example_task_group_decorator.py
[2026-07-24T17:53:17.556+0000] {processor.py:840} INFO - DAG(s) 'example_task_group_decorator' retrieved from /home/airflow/.local/lib/python3.12/site-packages/airflow/example_dags/example_task_group_decorator.py
[2026-07-24T17:53:17.591+0000] {logging_mixin.py:188} INFO - [2026-07-24T17:53:17.591+0000] {dag.py:3089} INFO - Sync 1 DAGs
[2026-07-24T17:53:17.623+0000] {logging_mixin.py:188} INFO - [2026-07-24T17:53:17.623+0000] {dag.py:3947} INFO - Setting next_dagrun for example_task_group_decorator to 2026-07-23 00:00:00+00:00, run_after=2026-07-24 00:00:00+00:00
[2026-07-24T17:53:17.652+0000] {processor.py:183} INFO - Processing /home/airflow/.local/lib/python3.12/site-packages/airflow/example_dags/example_task_group_decorator.py took 0.135 seconds
[2026-07-24T17:53:49.875+0000] {processor.py:161} INFO - Started process (PID=6698) to work on /home/airflow/.local/lib/python3.12/site-packages/airflow/example_dags/example_task_group_decorator.py
[2026-07-24T17:53:49.878+0000] {processor.py:830} INFO - Processing file /home/airflow/.local/lib/python3.12/site-packages/airflow/example_dags/example_task_group_decorator.py for tasks to queue
[2026-07-24T17:53:49.882+0000] {logging_mixin.py:188} INFO - [2026-07-24T17:53:49.881+0000] {dagbag.py:545} INFO - Filling up the DagBag from /home/airflow/.local/lib/python3.12/site-packages/airflow/example_dags/example_task_group_decorator.py
[2026-07-24T17:53:49.916+0000] {processor.py:840} INFO - DAG(s) 'example_task_group_decorator' retrieved from /home/airflow/.local/lib/python3.12/site-packages/airflow/example_dags/example_task_group_decorator.py
[2026-07-24T17:53:49.984+0000] {logging_mixin.py:188} INFO - [2026-07-24T17:53:49.983+0000] {dag.py:3089} INFO - Sync 1 DAGs
[2026-07-24T17:53:50.057+0000] {logging_mixin.py:188} INFO - [2026-07-24T17:53:50.055+0000] {dag.py:3947} INFO - Setting next_dagrun for example_task_group_decorator to 2026-07-23 00:00:00+00:00, run_after=2026-07-24 00:00:00+00:00
[2026-07-24T17:53:50.160+0000] {processor.py:183} INFO - Processing /home/airflow/.local/lib/python3.12/site-packages/airflow/example_dags/example_task_group_decorator.py took 0.296 seconds
[2026-07-24T17:54:22.267+0000] {processor.py:161} INFO - Started process (PID=6771) to work on /home/airflow/.local/lib/python3.12/site-packages/airflow/example_dags/example_task_group_decorator.py
[2026-07-24T17:54:22.268+0000] {processor.py:830} INFO - Processing file /home/airflow/.local/lib/python3.12/site-packages/airflow/example_dags/example_task_group_decorator.py for tasks to queue
[2026-07-24T17:54:22.273+0000] {logging_mixin.py:188} INFO - [2026-07-24T17:54:22.272+0000] {dagbag.py:545} INFO - Filling up the DagBag from /home/airflow/.local/lib/python3.12/site-packages/airflow/example_dags/example_task_group_decorator.py
[2026-07-24T17:54:22.292+0000] {processor.py:840} INFO - DAG(s) 'example_task_group_decorator' retrieved from /home/airflow/.local/lib/python3.12/site-packages/airflow/example_dags/example_task_group_decorator.py
[2026-07-24T17:54:22.330+0000] {logging_mixin.py:188} INFO - [2026-07-24T17:54:22.329+0000] {dag.py:3089} INFO - Sync 1 DAGs
[2026-07-24T17:54:22.362+0000] {logging_mixin.py:188} INFO - [2026-07-24T17:54:22.362+0000] {dag.py:3947} INFO - Setting next_dagrun for example_task_group_decorator to 2026-07-23 00:00:00+00:00, run_after=2026-07-24 00:00:00+00:00
[2026-07-24T17:54:22.395+0000] {processor.py:183} INFO - Processing /home/airflow/.local/lib/python3.12/site-packages/airflow/example_dags/example_task_group_decorator.py took 0.136 seconds
[2026-07-24T17:54:52.786+0000] {processor.py:161} INFO - Started process (PID=6844) to work on /home/airflow/.local/lib/python3.12/site-packages/airflow/example_dags/example_task_group_decorator.py
[2026-07-24T17:54:52.789+0000] {processor.py:830} INFO - Processing file /home/airflow/.local/lib/python3.12/site-packages/airflow/example_dags/example_task_group_decorator.py for tasks to queue
[2026-07-24T17:54:52.794+0000] {logging_mixin.py:188} INFO - [2026-07-24T17:54:52.793+0000] {dagbag.py:545} INFO - Filling up the DagBag from /home/airflow/.local/lib/python3.12/site-packages/airflow/example_dags/example_task_group_decorator.py
[2026-07-24T17:54:52.821+0000] {processor.py:840} INFO - DAG(s) 'example_task_group_decorator' retrieved from /home/airflow/.local/lib/python3.12/site-packages/airflow/example_dags/example_task_group_decorator.py
[2026-07-24T17:54:52.863+0000] {logging_mixin.py:188} INFO - [2026-07-24T17:54:52.862+0000] {dag.py:3089} INFO - Sync 1 DAGs
[2026-07-24T17:54:52.900+0000] {logging_mixin.py:188} INFO - [2026-07-24T17:54:52.899+0000] {dag.py:3947} INFO - Setting next_dagrun for example_task_group_decorator to 2026-07-23 00:00:00+00:00, run_after=2026-07-24 00:00:00+00:00
[2026-07-24T17:54:52.943+0000] {processor.py:183} INFO - Processing /home/airflow/.local/lib/python3.12/site-packages/airflow/example_dags/example_task_group_decorator.py took 0.170 seconds
[2026-07-24T17:55:24.455+0000] {processor.py:161} INFO - Started process (PID=6918) to work on /home/airflow/.local/lib/python3.12/site-packages/airflow/example_dags/example_task_group_decorator.py
[2026-07-24T17:55:24.457+0000] {processor.py:830} INFO - Processing file /home/airflow/.local/lib/python3.12/site-packages/airflow/example_dags/example_task_group_decorator.py for tasks to queue
[2026-07-24T17:55:24.463+0000] {logging_mixin.py:188} INFO - [2026-07-24T17:55:24.462+0000] {dagbag.py:545} INFO - Filling up the DagBag from /home/airflow/.local/lib/python3.12/site-packages/airflow/example_dags/example_task_group_decorator.py
[2026-07-24T17:55:24.485+0000] {processor.py:840} INFO - DAG(s) 'example_task_group_decorator' retrieved from /home/airflow/.local/lib/python3.12/site-packages/airflow/example_dags/example_task_group_decorator.py
[2026-07-24T17:55:24.522+0000] {logging_mixin.py:188} INFO - [2026-07-24T17:55:24.522+0000] {dag.py:3089} INFO - Sync 1 DAGs
[2026-07-24T17:55:24.555+0000] {logging_mixin.py:188} INFO - [2026-07-24T17:55:24.555+0000] {dag.py:3947} INFO - Setting next_dagrun for example_task_group_decorator to 2026-07-23 00:00:00+00:00, run_after=2026-07-24 00:00:00+00:00
[2026-07-24T17:55:24.589+0000] {processor.py:183} INFO - Processing /home/airflow/.local/lib/python3.12/site-packages/airflow/example_dags/example_task_group_decorator.py took 0.143 seconds
[2026-07-24T17:55:56.422+0000] {processor.py:161} INFO - Started process (PID=6992) to work on /home/airflow/.local/lib/python3.12/site-packages/airflow/example_dags/example_task_group_decorator.py
[2026-07-24T17:55:56.424+0000] {processor.py:830} INFO - Processing file /home/airflow/.local/lib/python3.12/site-packages/airflow/example_dags/example_task_group_decorator.py for tasks to queue
[2026-07-24T17:55:56.428+0000] {logging_mixin.py:188} INFO - [2026-07-24T17:55:56.427+0000] {dagbag.py:545} INFO - Filling up the DagBag from /home/airflow/.local/lib/python3.12/site-packages/airflow/example_dags/example_task_group_decorator.py
[2026-07-24T17:55:56.447+0000] {processor.py:840} INFO - DAG(s) 'example_task_group_decorator' retrieved from /home/airflow/.local/lib/python3.12/site-packages/airflow/example_dags/example_task_group_decorator.py
[2026-07-24T17:55:56.485+0000] {logging_mixin.py:188} INFO - [2026-07-24T17:55:56.485+0000] {dag.py:3089} INFO - Sync 1 DAGs
[2026-07-24T17:55:56.526+0000] {logging_mixin.py:188} INFO - [2026-07-24T17:55:56.526+0000] {dag.py:3947} INFO - Setting next_dagrun for example_task_group_decorator to 2026-07-23 00:00:00+00:00, run_after=2026-07-24 00:00:00+00:00
[2026-07-24T17:55:56.559+0000] {processor.py:183} INFO - Processing /home/airflow/.local/lib/python3.12/site-packages/airflow/example_dags/example_task_group_decorator.py took 0.145 seconds
[2026-07-24T17:56:27.768+0000] {processor.py:161} INFO - Started process (PID=7065) to work on /home/airflow/.local/lib/python3.12/site-packages/airflow/example_dags/example_task_group_decorator.py
[2026-07-24T17:56:27.771+0000] {processor.py:830} INFO - Processing file /home/airflow/.local/lib/python3.12/site-packages/airflow/example_dags/example_task_group_decorator.py for tasks to queue
[2026-07-24T17:56:27.775+0000] {logging_mixin.py:188} INFO - [2026-07-24T17:56:27.774+0000] {dagbag.py:545} INFO - Filling up the DagBag from /home/airflow/.local/lib/python3.12/site-packages/airflow/example_dags/example_task_group_decorator.py
[2026-07-24T17:56:27.803+0000] {processor.py:840} INFO - DAG(s) 'example_task_group_decorator' retrieved from /home/airflow/.local/lib/python3.12/site-packages/airflow/example_dags/example_task_group_decorator.py
[2026-07-24T17:56:27.859+0000] {logging_mixin.py:188} INFO - [2026-07-24T17:56:27.858+0000] {dag.py:3089} INFO - Sync 1 DAGs
[2026-07-24T17:56:27.902+0000] {logging_mixin.py:188} INFO - [2026-07-24T17:56:27.901+0000] {dag.py:3947} INFO - Setting next_dagrun for example_task_group_decorator to 2026-07-23 00:00:00+00:00, run_after=2026-07-24 00:00:00+00:00
[2026-07-24T17:56:27.940+0000] {processor.py:183} INFO - Processing /home/airflow/.local/lib/python3.12/site-packages/airflow/example_dags/example_task_group_decorator.py took 0.182 seconds
[2026-07-24T17:56:58.888+0000] {processor.py:161} INFO - Started process (PID=7139) to work on /home/airflow/.local/lib/python3.12/site-packages/airflow/example_dags/example_task_group_decorator.py
[2026-07-24T17:56:58.890+0000] {processor.py:830} INFO - Processing file /home/airflow/.local/lib/python3.12/site-packages/airflow/example_dags/example_task_group_decorator.py for tasks to queue
[2026-07-24T17:56:58.894+0000] {logging_mixin.py:188} INFO - [2026-07-24T17:56:58.893+0000] {dagbag.py:545} INFO - Filling up the DagBag from /home/airflow/.local/lib/python3.12/site-packages/airflow/example_dags/example_task_group_decorator.py
[2026-07-24T17:56:58.916+0000] {processor.py:840} INFO - DAG(s) 'example_task_group_decorator' retrieved from /home/airflow/.local/lib/python3.12/site-packages/airflow/example_dags/example_task_group_decorator.py
[2026-07-24T17:56:58.955+0000] {logging_mixin.py:188} INFO - [2026-07-24T17:56:58.954+0000] {dag.py:3089} INFO - Sync 1 DAGs
[2026-07-24T17:56:58.989+0000] {logging_mixin.py:188} INFO - [2026-07-24T17:56:58.989+0000] {dag.py:3947} INFO - Setting next_dagrun for example_task_group_decorator to 2026-07-23 00:00:00+00:00, run_after=2026-07-24 00:00:00+00:00
[2026-07-24T17:56:59.020+0000] {processor.py:183} INFO - Processing /home/airflow/.local/lib/python3.12/site-packages/airflow/example_dags/example_task_group_decorator.py took 0.142 seconds
[2026-07-24T17:57:31.098+0000] {processor.py:161} INFO - Started process (PID=7212) to work on /home/airflow/.local/lib/python3.12/site-packages/airflow/example_dags/example_task_group_decorator.py
[2026-07-24T17:57:31.101+0000] {processor.py:830} INFO - Processing file /home/airflow/.local/lib/python3.12/site-packages/airflow/example_dags/example_task_group_decorator.py for tasks to queue
[2026-07-24T17:57:31.105+0000] {logging_mixin.py:188} INFO - [2026-07-24T17:57:31.104+0000] {dagbag.py:545} INFO - Filling up the DagBag from /home/airflow/.local/lib/python3.12/site-packages/airflow/example_dags/example_task_group_decorator.py
[2026-07-24T17:57:31.137+0000] {processor.py:840} INFO - DAG(s) 'example_task_group_decorator' retrieved from /home/airflow/.local/lib/python3.12/site-packages/airflow/example_dags/example_task_group_decorator.py
[2026-07-24T17:57:31.181+0000] {logging_mixin.py:188} INFO - [2026-07-24T17:57:31.181+0000] {dag.py:3089} INFO - Sync 1 DAGs
[2026-07-24T17:57:31.222+0000] {logging_mixin.py:188} INFO - [2026-07-24T17:57:31.221+0000] {dag.py:3947} INFO - Setting next_dagrun for example_task_group_decorator to 2026-07-23 00:00:00+00:00, run_after=2026-07-24 00:00:00+00:00
[2026-07-24T17:57:31.258+0000] {processor.py:183} INFO - Processing /home/airflow/.local/lib/python3.12/site-packages/airflow/example_dags/example_task_group_decorator.py took 0.171 seconds
[2026-07-24T17:58:03.069+0000] {processor.py:161} INFO - Started process (PID=7288) to work on /home/airflow/.local/lib/python3.12/site-packages/airflow/example_dags/example_task_group_decorator.py
[2026-07-24T17:58:03.073+0000] {processor.py:830} INFO - Processing file /home/airflow/.local/lib/python3.12/site-packages/airflow/example_dags/example_task_group_decorator.py for tasks to queue
[2026-07-24T17:58:03.079+0000] {logging_mixin.py:188} INFO - [2026-07-24T17:58:03.078+0000] {dagbag.py:545} INFO - Filling up the DagBag from /home/airflow/.local/lib/python3.12/site-packages/airflow/example_dags/example_task_group_decorator.py
[2026-07-24T17:58:03.110+0000] {processor.py:840} INFO - DAG(s) 'example_task_group_decorator' retrieved from /home/airflow/.local/lib/python3.12/site-packages/airflow/example_dags/example_task_group_decorator.py
[2026-07-24T17:58:03.156+0000] {logging_mixin.py:188} INFO - [2026-07-24T17:58:03.155+0000] {dag.py:3089} INFO - Sync 1 DAGs
[2026-07-24T17:58:03.199+0000] {logging_mixin.py:188} INFO - [2026-07-24T17:58:03.199+0000] {dag.py:3947} INFO - Setting next_dagrun for example_task_group_decorator to 2026-07-23 00:00:00+00:00, run_after=2026-07-24 00:00:00+00:00
[2026-07-24T17:58:03.238+0000] {processor.py:183} INFO - Processing /home/airflow/.local/lib/python3.12/site-packages/airflow/example_dags/example_task_group_decorator.py took 0.180 seconds
[2026-07-24T17:58:34.759+0000] {processor.py:161} INFO - Started process (PID=7361) to work on /home/airflow/.local/lib/python3.12/site-packages/airflow/example_dags/example_task_group_decorator.py
[2026-07-24T17:58:34.761+0000] {processor.py:830} INFO - Processing file /home/airflow/.local/lib/python3.12/site-packages/airflow/example_dags/example_task_group_decorator.py for tasks to queue
[2026-07-24T17:58:34.767+0000] {logging_mixin.py:188} INFO - [2026-07-24T17:58:34.766+0000] {dagbag.py:545} INFO - Filling up the DagBag from /home/airflow/.local/lib/python3.12/site-packages/airflow/example_dags/example_task_group_decorator.py
[2026-07-24T17:58:34.797+0000] {processor.py:840} INFO - DAG(s) 'example_task_group_decorator' retrieved from /home/airflow/.local/lib/python3.12/site-packages/airflow/example_dags/example_task_group_decorator.py
[2026-07-24T17:58:34.837+0000] {logging_mixin.py:188} INFO - [2026-07-24T17:58:34.836+0000] {dag.py:3089} INFO - Sync 1 DAGs
[2026-07-24T17:58:34.868+0000] {logging_mixin.py:188} INFO - [2026-07-24T17:58:34.868+0000] {dag.py:3947} INFO - Setting next_dagrun for example_task_group_decorator to 2026-07-23 00:00:00+00:00, run_after=2026-07-24 00:00:00+00:00
[2026-07-24T17:58:34.898+0000] {processor.py:183} INFO - Processing /home/airflow/.local/lib/python3.12/site-packages/airflow/example_dags/example_task_group_decorator.py took 0.150 seconds
[2026-07-24T17:59:06.932+0000] {processor.py:161} INFO - Started process (PID=7438) to work on /home/airflow/.local/lib/python3.12/site-packages/airflow/example_dags/example_task_group_decorator.py
[2026-07-24T17:59:06.935+0000] {processor.py:830} INFO - Processing file /home/airflow/.local/lib/python3.12/site-packages/airflow/example_dags/example_task_group_decorator.py for tasks to queue
[2026-07-24T17:59:06.940+0000] {logging_mixin.py:188} INFO - [2026-07-24T17:59:06.939+0000] {dagbag.py:545} INFO - Filling up the DagBag from /home/airflow/.local/lib/python3.12/site-packages/airflow/example_dags/example_task_group_decorator.py
[2026-07-24T17:59:06.965+0000] {processor.py:840} INFO - DAG(s) 'example_task_group_decorator' retrieved from /home/airflow/.local/lib/python3.12/site-packages/airflow/example_dags/example_task_group_decorator.py
[2026-07-24T17:59:07.017+0000] {logging_mixin.py:188} INFO - [2026-07-24T17:59:07.016+0000] {dag.py:3089} INFO - Sync 1 DAGs
[2026-07-24T17:59:07.075+0000] {logging_mixin.py:188} INFO - [2026-07-24T17:59:07.074+0000] {dag.py:3947} INFO - Setting next_dagrun for example_task_group_decorator to 2026-07-23 00:00:00+00:00, run_after=2026-07-24 00:00:00+00:00
[2026-07-24T17:59:07.121+0000] {processor.py:183} INFO - Processing /home/airflow/.local/lib/python3.12/site-packages/airflow/example_dags/example_task_group_decorator.py took 0.201 seconds
[2026-07-24T17:59:39.925+0000] {processor.py:161} INFO - Started process (PID=7512) to work on /home/airflow/.local/lib/python3.12/site-packages/airflow/example_dags/example_task_group_decorator.py
[2026-07-24T17:59:39.927+0000] {processor.py:830} INFO - Processing file /home/airflow/.local/lib/python3.12/site-packages/airflow/example_dags/example_task_group_decorator.py for tasks to queue
[2026-07-24T17:59:39.931+0000] {logging_mixin.py:188} INFO - [2026-07-24T17:59:39.931+0000] {dagbag.py:545} INFO - Filling up the DagBag from /home/airflow/.local/lib/python3.12/site-packages/airflow/example_dags/example_task_group_decorator.py
[2026-07-24T17:59:39.953+0000] {processor.py:840} INFO - DAG(s) 'example_task_group_decorator' retrieved from /home/airflow/.local/lib/python3.12/site-packages/airflow/example_dags/example_task_group_decorator.py
[2026-07-24T17:59:39.989+0000] {logging_mixin.py:188} INFO - [2026-07-24T17:59:39.989+0000] {dag.py:3089} INFO - Sync 1 DAGs
[2026-07-24T17:59:40.021+0000] {logging_mixin.py:188} INFO - [2026-07-24T17:59:40.021+0000] {dag.py:3947} INFO - Setting next_dagrun for example_task_group_decorator to 2026-07-23 00:00:00+00:00, run_after=2026-07-24 00:00:00+00:00
[2026-07-24T17:59:40.055+0000] {processor.py:183} INFO - Processing /home/airflow/.local/lib/python3.12/site-packages/airflow/example_dags/example_task_group_decorator.py took 0.140 seconds
[2026-07-24T18:00:10.947+0000] {processor.py:161} INFO - Started process (PID=7585) to work on /home/airflow/.local/lib/python3.12/site-packages/airflow/example_dags/example_task_group_decorator.py
[2026-07-24T18:00:10.951+0000] {processor.py:830} INFO - Processing file /home/airflow/.local/lib/python3.12/site-packages/airflow/example_dags/example_task_group_decorator.py for tasks to queue
[2026-07-24T18:00:10.957+0000] {logging_mixin.py:188} INFO - [2026-07-24T18:00:10.956+0000] {dagbag.py:545} INFO - Filling up the DagBag from /home/airflow/.local/lib/python3.12/site-packages/airflow/example_dags/example_task_group_decorator.py
[2026-07-24T18:00:10.997+0000] {processor.py:840} INFO - DAG(s) 'example_task_group_decorator' retrieved from /home/airflow/.local/lib/python3.12/site-packages/airflow/example_dags/example_task_group_decorator.py
[2026-07-24T18:00:11.040+0000] {logging_mixin.py:188} INFO - [2026-07-24T18:00:11.039+0000] {dag.py:3089} INFO - Sync 1 DAGs
[2026-07-24T18:00:11.077+0000] {logging_mixin.py:188} INFO - [2026-07-24T18:00:11.076+0000] {dag.py:3947} INFO - Setting next_dagrun for example_task_group_decorator to 2026-07-23 00:00:00+00:00, run_after=2026-07-24 00:00:00+00:00
[2026-07-24T18:00:11.112+0000] {processor.py:183} INFO - Processing /home/airflow/.local/lib/python3.12/site-packages/airflow/example_dags/example_task_group_decorator.py took 0.179 seconds
[2026-07-24T18:00:41.702+0000] {processor.py:161} INFO - Started process (PID=7658) to work on /home/airflow/.local/lib/python3.12/site-packages/airflow/example_dags/example_task_group_decorator.py
[2026-07-24T18:00:41.705+0000] {processor.py:830} INFO - Processing file /home/airflow/.local/lib/python3.12/site-packages/airflow/example_dags/example_task_group_decorator.py for tasks to queue
[2026-07-24T18:00:41.708+0000] {logging_mixin.py:188} INFO - [2026-07-24T18:00:41.708+0000] {dagbag.py:545} INFO - Filling up the DagBag from /home/airflow/.local/lib/python3.12/site-packages/airflow/example_dags/example_task_group_decorator.py
[2026-07-24T18:00:41.734+0000] {processor.py:840} INFO - DAG(s) 'example_task_group_decorator' retrieved from /home/airflow/.local/lib/python3.12/site-packages/airflow/example_dags/example_task_group_decorator.py
[2026-07-24T18:00:41.787+0000] {logging_mixin.py:188} INFO - [2026-07-24T18:00:41.787+0000] {dag.py:3089} INFO - Sync 1 DAGs
[2026-07-24T18:00:41.826+0000] {logging_mixin.py:188} INFO - [2026-07-24T18:00:41.826+0000] {dag.py:3947} INFO - Setting next_dagrun for example_task_group_decorator to 2026-07-23 00:00:00+00:00, run_after=2026-07-24 00:00:00+00:00
[2026-07-24T18:00:41.860+0000] {processor.py:183} INFO - Processing /home/airflow/.local/lib/python3.12/site-packages/airflow/example_dags/example_task_group_decorator.py took 0.166 seconds
[2026-07-24T18:01:12.443+0000] {processor.py:161} INFO - Started process (PID=7732) to work on /home/airflow/.local/lib/python3.12/site-packages/airflow/example_dags/example_task_group_decorator.py
[2026-07-24T18:01:12.445+0000] {processor.py:830} INFO - Processing file /home/airflow/.local/lib/python3.12/site-packages/airflow/example_dags/example_task_group_decorator.py for tasks to queue
[2026-07-24T18:01:12.450+0000] {logging_mixin.py:188} INFO - [2026-07-24T18:01:12.449+0000] {dagbag.py:545} INFO - Filling up the DagBag from /home/airflow/.local/lib/python3.12/site-packages/airflow/example_dags/example_task_group_decorator.py
[2026-07-24T18:01:12.483+0000] {processor.py:840} INFO - DAG(s) 'example_task_group_decorator' retrieved from /home/airflow/.local/lib/python3.12/site-packages/airflow/example_dags/example_task_group_decorator.py
[2026-07-24T18:01:12.524+0000] {logging_mixin.py:188} INFO - [2026-07-24T18:01:12.523+0000] {dag.py:3089} INFO - Sync 1 DAGs
[2026-07-24T18:01:12.555+0000] {logging_mixin.py:188} INFO - [2026-07-24T18:01:12.554+0000] {dag.py:3947} INFO - Setting next_dagrun for example_task_group_decorator to 2026-07-23 00:00:00+00:00, run_after=2026-07-24 00:00:00+00:00
[2026-07-24T18:01:12.584+0000] {processor.py:183} INFO - Processing /home/airflow/.local/lib/python3.12/site-packages/airflow/example_dags/example_task_group_decorator.py took 0.152 seconds
[2026-07-24T18:01:45.174+0000] {processor.py:161} INFO - Started process (PID=7812) to work on /home/airflow/.local/lib/python3.12/site-packages/airflow/example_dags/example_task_group_decorator.py
[2026-07-24T18:01:45.177+0000] {processor.py:830} INFO - Processing file /home/airflow/.local/lib/python3.12/site-packages/airflow/example_dags/example_task_group_decorator.py for tasks to queue
[2026-07-24T18:01:45.183+0000] {logging_mixin.py:188} INFO - [2026-07-24T18:01:45.182+0000] {dagbag.py:545} INFO - Filling up the DagBag from /home/airflow/.local/lib/python3.12/site-packages/airflow/example_dags/example_task_group_decorator.py
[2026-07-24T18:01:45.221+0000] {processor.py:840} INFO - DAG(s) 'example_task_group_decorator' retrieved from /home/airflow/.local/lib/python3.12/site-packages/airflow/example_dags/example_task_group_decorator.py
[2026-07-24T18:01:45.287+0000] {logging_mixin.py:188} INFO - [2026-07-24T18:01:45.286+0000] {dag.py:3089} INFO - Sync 1 DAGs
[2026-07-24T18:01:45.339+0000] {logging_mixin.py:188} INFO - [2026-07-24T18:01:45.339+0000] {dag.py:3947} INFO - Setting next_dagrun for example_task_group_decorator to 2026-07-23 00:00:00+00:00, run_after=2026-07-24 00:00:00+00:00
[2026-07-24T18:01:45.393+0000] {processor.py:183} INFO - Processing /home/airflow/.local/lib/python3.12/site-packages/airflow/example_dags/example_task_group_decorator.py took 0.234 seconds
[2026-07-24T18:02:16.705+0000] {processor.py:161} INFO - Started process (PID=7885) to work on /home/airflow/.local/lib/python3.12/site-packages/airflow/example_dags/example_task_group_decorator.py
[2026-07-24T18:02:16.708+0000] {processor.py:830} INFO - Processing file /home/airflow/.local/lib/python3.12/site-packages/airflow/example_dags/example_task_group_decorator.py for tasks to queue
[2026-07-24T18:02:16.713+0000] {logging_mixin.py:188} INFO - [2026-07-24T18:02:16.712+0000] {dagbag.py:545} INFO - Filling up the DagBag from /home/airflow/.local/lib/python3.12/site-packages/airflow/example_dags/example_task_group_decorator.py
[2026-07-24T18:02:16.743+0000] {processor.py:840} INFO - DAG(s) 'example_task_group_decorator' retrieved from /home/airflow/.local/lib/python3.12/site-packages/airflow/example_dags/example_task_group_decorator.py
[2026-07-24T18:02:16.803+0000] {logging_mixin.py:188} INFO - [2026-07-24T18:02:16.802+0000] {dag.py:3089} INFO - Sync 1 DAGs
[2026-07-24T18:02:16.856+0000] {logging_mixin.py:188} INFO - [2026-07-24T18:02:16.855+0000] {dag.py:3947} INFO - Setting next_dagrun for example_task_group_decorator to 2026-07-23 00:00:00+00:00, run_after=2026-07-24 00:00:00+00:00
[2026-07-24T18:02:16.904+0000] {processor.py:183} INFO - Processing /home/airflow/.local/lib/python3.12/site-packages/airflow/example_dags/example_task_group_decorator.py took 0.212 seconds
[2026-07-24T18:02:48.381+0000] {processor.py:161} INFO - Started process (PID=7959) to work on /home/airflow/.local/lib/python3.12/site-packages/airflow/example_dags/example_task_group_decorator.py
[2026-07-24T18:02:48.384+0000] {processor.py:830} INFO - Processing file /home/airflow/.local/lib/python3.12/site-packages/airflow/example_dags/example_task_group_decorator.py for tasks to queue
[2026-07-24T18:02:48.392+0000] {logging_mixin.py:188} INFO - [2026-07-24T18:02:48.390+0000] {dagbag.py:545} INFO - Filling up the DagBag from /home/airflow/.local/lib/python3.12/site-packages/airflow/example_dags/example_task_group_decorator.py
[2026-07-24T18:02:48.457+0000] {processor.py:840} INFO - DAG(s) 'example_task_group_decorator' retrieved from /home/airflow/.local/lib/python3.12/site-packages/airflow/example_dags/example_task_group_decorator.py
[2026-07-24T18:02:48.568+0000] {logging_mixin.py:188} INFO - [2026-07-24T18:02:48.568+0000] {dag.py:3089} INFO - Sync 1 DAGs
[2026-07-24T18:02:48.650+0000] {logging_mixin.py:188} INFO - [2026-07-24T18:02:48.649+0000] {dag.py:3947} INFO - Setting next_dagrun for example_task_group_decorator to 2026-07-23 00:00:00+00:00, run_after=2026-07-24 00:00:00+00:00
[2026-07-24T18:02:48.713+0000] {processor.py:183} INFO - Processing /home/airflow/.local/lib/python3.12/site-packages/airflow/example_dags/example_task_group_decorator.py took 0.354 seconds
[2026-07-24T18:03:19.218+0000] {processor.py:161} INFO - Started process (PID=8034) to work on /home/airflow/.local/lib/python3.12/site-packages/airflow/example_dags/example_task_group_decorator.py
[2026-07-24T18:03:19.222+0000] {processor.py:830} INFO - Processing file /home/airflow/.local/lib/python3.12/site-packages/airflow/example_dags/example_task_group_decorator.py for tasks to queue
[2026-07-24T18:03:19.227+0000] {logging_mixin.py:188} INFO - [2026-07-24T18:03:19.226+0000] {dagbag.py:545} INFO - Filling up the DagBag from /home/airflow/.local/lib/python3.12/site-packages/airflow/example_dags/example_task_group_decorator.py
[2026-07-24T18:03:19.269+0000] {processor.py:840} INFO - DAG(s) 'example_task_group_decorator' retrieved from /home/airflow/.local/lib/python3.12/site-packages/airflow/example_dags/example_task_group_decorator.py
[2026-07-24T18:03:19.332+0000] {logging_mixin.py:188} INFO - [2026-07-24T18:03:19.332+0000] {dag.py:3089} INFO - Sync 1 DAGs
[2026-07-24T18:03:19.378+0000] {logging_mixin.py:188} INFO - [2026-07-24T18:03:19.377+0000] {dag.py:3947} INFO - Setting next_dagrun for example_task_group_decorator to 2026-07-23 00:00:00+00:00, run_after=2026-07-24 00:00:00+00:00
[2026-07-24T18:03:19.424+0000] {processor.py:183} INFO - Processing /home/airflow/.local/lib/python3.12/site-packages/airflow/example_dags/example_task_group_decorator.py took 0.222 seconds
[2026-07-24T18:03:53.200+0000] {processor.py:161} INFO - Started process (PID=8108) to work on /home/airflow/.local/lib/python3.12/site-packages/airflow/example_dags/example_task_group_decorator.py
[2026-07-24T18:03:53.255+0000] {processor.py:830} INFO - Processing file /home/airflow/.local/lib/python3.12/site-packages/airflow/example_dags/example_task_group_decorator.py for tasks to queue
[2026-07-24T18:03:53.278+0000] {logging_mixin.py:188} INFO - [2026-07-24T18:03:53.277+0000] {dagbag.py:545} INFO - Filling up the DagBag from /home/airflow/.local/lib/python3.12/site-packages/airflow/example_dags/example_task_group_decorator.py
[2026-07-24T18:03:53.362+0000] {processor.py:840} INFO - DAG(s) 'example_task_group_decorator' retrieved from /home/airflow/.local/lib/python3.12/site-packages/airflow/example_dags/example_task_group_decorator.py
[2026-07-24T18:03:53.495+0000] {logging_mixin.py:188} INFO - [2026-07-24T18:03:53.494+0000] {dag.py:3089} INFO - Sync 1 DAGs
[2026-07-24T18:03:53.608+0000] {logging_mixin.py:188} INFO - [2026-07-24T18:03:53.607+0000] {dag.py:3947} INFO - Setting next_dagrun for example_task_group_decorator to 2026-07-23 00:00:00+00:00, run_after=2026-07-24 00:00:00+00:00
[2026-07-24T18:03:53.768+0000] {processor.py:183} INFO - Processing /home/airflow/.local/lib/python3.12/site-packages/airflow/example_dags/example_task_group_decorator.py took 0.636 seconds
[2026-07-24T18:04:24.200+0000] {processor.py:161} INFO - Started process (PID=8175) to work on /home/airflow/.local/lib/python3.12/site-packages/airflow/example_dags/example_task_group_decorator.py
[2026-07-24T18:04:24.204+0000] {processor.py:830} INFO - Processing file /home/airflow/.local/lib/python3.12/site-packages/airflow/example_dags/example_task_group_decorator.py for tasks to queue
[2026-07-24T18:04:24.215+0000] {logging_mixin.py:188} INFO - [2026-07-24T18:04:24.214+0000] {dagbag.py:545} INFO - Filling up the DagBag from /home/airflow/.local/lib/python3.12/site-packages/airflow/example_dags/example_task_group_decorator.py
[2026-07-24T18:04:24.241+0000] {processor.py:840} INFO - DAG(s) 'example_task_group_decorator' retrieved from /home/airflow/.local/lib/python3.12/site-packages/airflow/example_dags/example_task_group_decorator.py
[2026-07-24T18:04:24.317+0000] {logging_mixin.py:188} INFO - [2026-07-24T18:04:24.317+0000] {dag.py:3089} INFO - Sync 1 DAGs
[2026-07-24T18:04:24.374+0000] {logging_mixin.py:188} INFO - [2026-07-24T18:04:24.374+0000] {dag.py:3947} INFO - Setting next_dagrun for example_task_group_decorator to 2026-07-23 00:00:00+00:00, run_after=2026-07-24 00:00:00+00:00
[2026-07-24T18:04:24.406+0000] {processor.py:183} INFO - Processing /home/airflow/.local/lib/python3.12/site-packages/airflow/example_dags/example_task_group_decorator.py took 0.219 seconds
[2026-07-24T18:04:55.565+0000] {processor.py:161} INFO - Started process (PID=8248) to work on /home/airflow/.local/lib/python3.12/site-packages/airflow/example_dags/example_task_group_decorator.py
[2026-07-24T18:04:55.568+0000] {processor.py:830} INFO - Processing file /home/airflow/.local/lib/python3.12/site-packages/airflow/example_dags/example_task_group_decorator.py for tasks to queue
[2026-07-24T18:04:55.573+0000] {logging_mixin.py:188} INFO - [2026-07-24T18:04:55.572+0000] {dagbag.py:545} INFO - Filling up the DagBag from /home/airflow/.local/lib/python3.12/site-packages/airflow/example_dags/example_task_group_decorator.py
[2026-07-24T18:04:55.605+0000] {processor.py:840} INFO - DAG(s) 'example_task_group_decorator' retrieved from /home/airflow/.local/lib/python3.12/site-packages/airflow/example_dags/example_task_group_decorator.py
[2026-07-24T18:04:55.656+0000] {logging_mixin.py:188} INFO - [2026-07-24T18:04:55.655+0000] {dag.py:3089} INFO - Sync 1 DAGs
[2026-07-24T18:04:55.697+0000] {logging_mixin.py:188} INFO - [2026-07-24T18:04:55.696+0000] {dag.py:3947} INFO - Setting next_dagrun for example_task_group_decorator to 2026-07-23 00:00:00+00:00, run_after=2026-07-24 00:00:00+00:00
[2026-07-24T18:04:55.734+0000] {processor.py:183} INFO - Processing /home/airflow/.local/lib/python3.12/site-packages/airflow/example_dags/example_task_group_decorator.py took 0.179 seconds
[2026-07-24T18:05:25.869+0000] {processor.py:161} INFO - Started process (PID=8320) to work on /home/airflow/.local/lib/python3.12/site-packages/airflow/example_dags/example_task_group_decorator.py
[2026-07-24T18:05:25.872+0000] {processor.py:830} INFO - Processing file /home/airflow/.local/lib/python3.12/site-packages/airflow/example_dags/example_task_group_decorator.py for tasks to queue
[2026-07-24T18:05:25.877+0000] {logging_mixin.py:188} INFO - [2026-07-24T18:05:25.876+0000] {dagbag.py:545} INFO - Filling up the DagBag from /home/airflow/.local/lib/python3.12/site-packages/airflow/example_dags/example_task_group_decorator.py
[2026-07-24T18:05:25.908+0000] {processor.py:840} INFO - DAG(s) 'example_task_group_decorator' retrieved from /home/airflow/.local/lib/python3.12/site-packages/airflow/example_dags/example_task_group_decorator.py
[2026-07-24T18:05:25.957+0000] {logging_mixin.py:188} INFO - [2026-07-24T18:05:25.956+0000] {dag.py:3089} INFO - Sync 1 DAGs
[2026-07-24T18:05:26.000+0000] {logging_mixin.py:188} INFO - [2026-07-24T18:05:26.000+0000] {dag.py:3947} INFO - Setting next_dagrun for example_task_group_decorator to 2026-07-23 00:00:00+00:00, run_after=2026-07-24 00:00:00+00:00
[2026-07-24T18:05:26.359+0000] {processor.py:183} INFO - Processing /home/airflow/.local/lib/python3.12/site-packages/airflow/example_dags/example_task_group_decorator.py took 0.505 seconds
[2026-07-24T18:05:59.728+0000] {processor.py:161} INFO - Started process (PID=8393) to work on /home/airflow/.local/lib/python3.12/site-packages/airflow/example_dags/example_task_group_decorator.py
[2026-07-24T18:05:59.732+0000] {processor.py:830} INFO - Processing file /home/airflow/.local/lib/python3.12/site-packages/airflow/example_dags/example_task_group_decorator.py for tasks to queue
[2026-07-24T18:05:59.740+0000] {logging_mixin.py:188} INFO - [2026-07-24T18:05:59.738+0000] {dagbag.py:545} INFO - Filling up the DagBag from /home/airflow/.local/lib/python3.12/site-packages/airflow/example_dags/example_task_group_decorator.py
[2026-07-24T18:05:59.836+0000] {processor.py:840} INFO - DAG(s) 'example_task_group_decorator' retrieved from /home/airflow/.local/lib/python3.12/site-packages/airflow/example_dags/example_task_group_decorator.py
[2026-07-24T18:05:59.967+0000] {logging_mixin.py:188} INFO - [2026-07-24T18:05:59.966+0000] {dag.py:3089} INFO - Sync 1 DAGs
[2026-07-24T18:06:00.071+0000] {logging_mixin.py:188} INFO - [2026-07-24T18:06:00.070+0000] {dag.py:3947} INFO - Setting next_dagrun for example_task_group_decorator to 2026-07-23 00:00:00+00:00, run_after=2026-07-24 00:00:00+00:00
[2026-07-24T18:06:00.647+0000] {processor.py:183} INFO - Processing /home/airflow/.local/lib/python3.12/site-packages/airflow/example_dags/example_task_group_decorator.py took 0.938 seconds
[2026-07-24T18:06:30.915+0000] {processor.py:161} INFO - Started process (PID=8467) to work on /home/airflow/.local/lib/python3.12/site-packages/airflow/example_dags/example_task_group_decorator.py
[2026-07-24T18:06:30.922+0000] {processor.py:830} INFO - Processing file /home/airflow/.local/lib/python3.12/site-packages/airflow/example_dags/example_task_group_decorator.py for tasks to queue
[2026-07-24T18:06:30.935+0000] {logging_mixin.py:188} INFO - [2026-07-24T18:06:30.934+0000] {dagbag.py:545} INFO - Filling up the DagBag from /home/airflow/.local/lib/python3.12/site-packages/airflow/example_dags/example_task_group_decorator.py
[2026-07-24T18:06:31.003+0000] {processor.py:840} INFO - DAG(s) 'example_task_group_decorator' retrieved from /home/airflow/.local/lib/python3.12/site-packages/airflow/example_dags/example_task_group_decorator.py
[2026-07-24T18:06:31.118+0000] {logging_mixin.py:188} INFO - [2026-07-24T18:06:31.117+0000] {dag.py:3089} INFO - Sync 1 DAGs
[2026-07-24T18:06:31.184+0000] {logging_mixin.py:188} INFO - [2026-07-24T18:06:31.183+0000] {dag.py:3947} INFO - Setting next_dagrun for example_task_group_decorator to 2026-07-23 00:00:00+00:00, run_after=2026-07-24 00:00:00+00:00
[2026-07-24T18:06:31.554+0000] {processor.py:183} INFO - Processing /home/airflow/.local/lib/python3.12/site-packages/airflow/example_dags/example_task_group_decorator.py took 0.658 seconds
[2026-07-24T18:07:02.483+0000] {processor.py:161} INFO - Started process (PID=8540) to work on /home/airflow/.local/lib/python3.12/site-packages/airflow/example_dags/example_task_group_decorator.py
[2026-07-24T18:07:02.484+0000] {processor.py:830} INFO - Processing file /home/airflow/.local/lib/python3.12/site-packages/airflow/example_dags/example_task_group_decorator.py for tasks to queue
[2026-07-24T18:07:02.488+0000] {logging_mixin.py:188} INFO - [2026-07-24T18:07:02.487+0000] {dagbag.py:545} INFO - Filling up the DagBag from /home/airflow/.local/lib/python3.12/site-packages/airflow/example_dags/example_task_group_decorator.py
[2026-07-24T18:07:02.505+0000] {processor.py:840} INFO - DAG(s) 'example_task_group_decorator' retrieved from /home/airflow/.local/lib/python3.12/site-packages/airflow/example_dags/example_task_group_decorator.py
[2026-07-24T18:07:02.539+0000] {logging_mixin.py:188} INFO - [2026-07-24T18:07:02.539+0000] {dag.py:3089} INFO - Sync 1 DAGs
[2026-07-24T18:07:02.570+0000] {logging_mixin.py:188} INFO - [2026-07-24T18:07:02.569+0000] {dag.py:3947} INFO - Setting next_dagrun for example_task_group_decorator to 2026-07-23 00:00:00+00:00, run_after=2026-07-24 00:00:00+00:00
[2026-07-24T18:07:02.602+0000] {processor.py:183} INFO - Processing /home/airflow/.local/lib/python3.12/site-packages/airflow/example_dags/example_task_group_decorator.py took 0.127 seconds
[2026-07-24T18:07:34.793+0000] {processor.py:161} INFO - Started process (PID=8619) to work on /home/airflow/.local/lib/python3.12/site-packages/airflow/example_dags/example_task_group_decorator.py
[2026-07-24T18:07:34.799+0000] {processor.py:830} INFO - Processing file /home/airflow/.local/lib/python3.12/site-packages/airflow/example_dags/example_task_group_decorator.py for tasks to queue
[2026-07-24T18:07:34.806+0000] {logging_mixin.py:188} INFO - [2026-07-24T18:07:34.805+0000] {dagbag.py:545} INFO - Filling up the DagBag from /home/airflow/.local/lib/python3.12/site-packages/airflow/example_dags/example_task_group_decorator.py
[2026-07-24T18:07:34.845+0000] {processor.py:840} INFO - DAG(s) 'example_task_group_decorator' retrieved from /home/airflow/.local/lib/python3.12/site-packages/airflow/example_dags/example_task_group_decorator.py
[2026-07-24T18:07:34.900+0000] {logging_mixin.py:188} INFO - [2026-07-24T18:07:34.900+0000] {dag.py:3089} INFO - Sync 1 DAGs
[2026-07-24T18:07:34.947+0000] {logging_mixin.py:188} INFO - [2026-07-24T18:07:34.946+0000] {dag.py:3947} INFO - Setting next_dagrun for example_task_group_decorator to 2026-07-23 00:00:00+00:00, run_after=2026-07-24 00:00:00+00:00
[2026-07-24T18:07:34.981+0000] {processor.py:183} INFO - Processing /home/airflow/.local/lib/python3.12/site-packages/airflow/example_dags/example_task_group_decorator.py took 0.201 seconds
[2026-07-24T18:08:05.869+0000] {processor.py:161} INFO - Started process (PID=8692) to work on /home/airflow/.local/lib/python3.12/site-packages/airflow/example_dags/example_task_group_decorator.py
[2026-07-24T18:08:05.872+0000] {processor.py:830} INFO - Processing file /home/airflow/.local/lib/python3.12/site-packages/airflow/example_dags/example_task_group_decorator.py for tasks to queue
[2026-07-24T18:08:05.878+0000] {logging_mixin.py:188} INFO - [2026-07-24T18:08:05.877+0000] {dagbag.py:545} INFO - Filling up the DagBag from /home/airflow/.local/lib/python3.12/site-packages/airflow/example_dags/example_task_group_decorator.py
[2026-07-24T18:08:05.900+0000] {processor.py:840} INFO - DAG(s) 'example_task_group_decorator' retrieved from /home/airflow/.local/lib/python3.12/site-packages/airflow/example_dags/example_task_group_decorator.py
[2026-07-24T18:08:05.939+0000] {logging_mixin.py:188} INFO - [2026-07-24T18:08:05.939+0000] {dag.py:3089} INFO - Sync 1 DAGs
[2026-07-24T18:08:05.979+0000] {logging_mixin.py:188} INFO - [2026-07-24T18:08:05.979+0000] {dag.py:3947} INFO - Setting next_dagrun for example_task_group_decorator to 2026-07-23 00:00:00+00:00, run_after=2026-07-24 00:00:00+00:00
[2026-07-24T18:08:06.019+0000] {processor.py:183} INFO - Processing /home/airflow/.local/lib/python3.12/site-packages/airflow/example_dags/example_task_group_decorator.py took 0.160 seconds
[2026-07-24T18:08:36.457+0000] {processor.py:161} INFO - Started process (PID=8765) to work on /home/airflow/.local/lib/python3.12/site-packages/airflow/example_dags/example_task_group_decorator.py
[2026-07-24T18:08:36.461+0000] {processor.py:830} INFO - Processing file /home/airflow/.local/lib/python3.12/site-packages/airflow/example_dags/example_task_group_decorator.py for tasks to queue
[2026-07-24T18:08:36.466+0000] {logging_mixin.py:188} INFO - [2026-07-24T18:08:36.465+0000] {dagbag.py:545} INFO - Filling up the DagBag from /home/airflow/.local/lib/python3.12/site-packages/airflow/example_dags/example_task_group_decorator.py
[2026-07-24T18:08:36.509+0000] {processor.py:840} INFO - DAG(s) 'example_task_group_decorator' retrieved from /home/airflow/.local/lib/python3.12/site-packages/airflow/example_dags/example_task_group_decorator.py
[2026-07-24T18:08:36.577+0000] {logging_mixin.py:188} INFO - [2026-07-24T18:08:36.576+0000] {dag.py:3089} INFO - Sync 1 DAGs
[2026-07-24T18:08:36.627+0000] {logging_mixin.py:188} INFO - [2026-07-24T18:08:36.626+0000] {dag.py:3947} INFO - Setting next_dagrun for example_task_group_decorator to 2026-07-23 00:00:00+00:00, run_after=2026-07-24 00:00:00+00:00
[2026-07-24T18:08:36.675+0000] {processor.py:183} INFO - Processing /home/airflow/.local/lib/python3.12/site-packages/airflow/example_dags/example_task_group_decorator.py took 0.235 seconds
[2026-07-24T18:09:07.473+0000] {processor.py:161} INFO - Started process (PID=8831) to work on /home/airflow/.local/lib/python3.12/site-packages/airflow/example_dags/example_task_group_decorator.py
[2026-07-24T18:09:07.475+0000] {processor.py:830} INFO - Processing file /home/airflow/.local/lib/python3.12/site-packages/airflow/example_dags/example_task_group_decorator.py for tasks to queue
[2026-07-24T18:09:07.479+0000] {logging_mixin.py:188} INFO - [2026-07-24T18:09:07.478+0000] {dagbag.py:545} INFO - Filling up the DagBag from /home/airflow/.local/lib/python3.12/site-packages/airflow/example_dags/example_task_group_decorator.py
[2026-07-24T18:09:07.501+0000] {processor.py:840} INFO - DAG(s) 'example_task_group_decorator' retrieved from /home/airflow/.local/lib/python3.12/site-packages/airflow/example_dags/example_task_group_decorator.py
[2026-07-24T18:09:07.563+0000] {logging_mixin.py:188} INFO - [2026-07-24T18:09:07.562+0000] {dag.py:3089} INFO - Sync 1 DAGs
[2026-07-24T18:09:07.613+0000] {logging_mixin.py:188} INFO - [2026-07-24T18:09:07.612+0000] {dag.py:3947} INFO - Setting next_dagrun for example_task_group_decorator to 2026-07-23 00:00:00+00:00, run_after=2026-07-24 00:00:00+00:00
[2026-07-24T18:09:07.656+0000] {processor.py:183} INFO - Processing /home/airflow/.local/lib/python3.12/site-packages/airflow/example_dags/example_task_group_decorator.py took 0.194 seconds
[2026-07-24T18:09:37.894+0000] {processor.py:161} INFO - Started process (PID=8905) to work on /home/airflow/.local/lib/python3.12/site-packages/airflow/example_dags/example_task_group_decorator.py
[2026-07-24T18:09:37.896+0000] {processor.py:830} INFO - Processing file /home/airflow/.local/lib/python3.12/site-packages/airflow/example_dags/example_task_group_decorator.py for tasks to queue
[2026-07-24T18:09:37.900+0000] {logging_mixin.py:188} INFO - [2026-07-24T18:09:37.899+0000] {dagbag.py:545} INFO - Filling up the DagBag from /home/airflow/.local/lib/python3.12/site-packages/airflow/example_dags/example_task_group_decorator.py
[2026-07-24T18:09:37.928+0000] {processor.py:840} INFO - DAG(s) 'example_task_group_decorator' retrieved from /home/airflow/.local/lib/python3.12/site-packages/airflow/example_dags/example_task_group_decorator.py
[2026-07-24T18:09:37.969+0000] {logging_mixin.py:188} INFO - [2026-07-24T18:09:37.969+0000] {dag.py:3089} INFO - Sync 1 DAGs
[2026-07-24T18:09:38.016+0000] {logging_mixin.py:188} INFO - [2026-07-24T18:09:38.015+0000] {dag.py:3947} INFO - Setting next_dagrun for example_task_group_decorator to 2026-07-23 00:00:00+00:00, run_after=2026-07-24 00:00:00+00:00
[2026-07-24T18:09:38.055+0000] {processor.py:183} INFO - Processing /home/airflow/.local/lib/python3.12/site-packages/airflow/example_dags/example_task_group_decorator.py took 0.170 seconds
[2026-07-24T18:10:08.461+0000] {processor.py:161} INFO - Started process (PID=8978) to work on /home/airflow/.local/lib/python3.12/site-packages/airflow/example_dags/example_task_group_decorator.py
[2026-07-24T18:10:08.464+0000] {processor.py:830} INFO - Processing file /home/airflow/.local/lib/python3.12/site-packages/airflow/example_dags/example_task_group_decorator.py for tasks to queue
[2026-07-24T18:10:08.470+0000] {logging_mixin.py:188} INFO - [2026-07-24T18:10:08.469+0000] {dagbag.py:545} INFO - Filling up the DagBag from /home/airflow/.local/lib/python3.12/site-packages/airflow/example_dags/example_task_group_decorator.py
[2026-07-24T18:10:08.508+0000] {processor.py:840} INFO - DAG(s) 'example_task_group_decorator' retrieved from /home/airflow/.local/lib/python3.12/site-packages/airflow/example_dags/example_task_group_decorator.py
[2026-07-24T18:10:08.557+0000] {logging_mixin.py:188} INFO - [2026-07-24T18:10:08.557+0000] {dag.py:3089} INFO - Sync 1 DAGs
[2026-07-24T18:10:08.600+0000] {logging_mixin.py:188} INFO - [2026-07-24T18:10:08.599+0000] {dag.py:3947} INFO - Setting next_dagrun for example_task_group_decorator to 2026-07-23 00:00:00+00:00, run_after=2026-07-24 00:00:00+00:00
[2026-07-24T18:10:08.644+0000] {processor.py:183} INFO - Processing /home/airflow/.local/lib/python3.12/site-packages/airflow/example_dags/example_task_group_decorator.py took 0.197 seconds
[2026-07-24T18:10:39.612+0000] {processor.py:161} INFO - Started process (PID=9053) to work on /home/airflow/.local/lib/python3.12/site-packages/airflow/example_dags/example_task_group_decorator.py
[2026-07-24T18:10:39.616+0000] {processor.py:830} INFO - Processing file /home/airflow/.local/lib/python3.12/site-packages/airflow/example_dags/example_task_group_decorator.py for tasks to queue
[2026-07-24T18:10:39.621+0000] {logging_mixin.py:188} INFO - [2026-07-24T18:10:39.620+0000] {dagbag.py:545} INFO - Filling up the DagBag from /home/airflow/.local/lib/python3.12/site-packages/airflow/example_dags/example_task_group_decorator.py
[2026-07-24T18:10:39.649+0000] {processor.py:840} INFO - DAG(s) 'example_task_group_decorator' retrieved from /home/airflow/.local/lib/python3.12/site-packages/airflow/example_dags/example_task_group_decorator.py
[2026-07-24T18:10:39.725+0000] {logging_mixin.py:188} INFO - [2026-07-24T18:10:39.724+0000] {dag.py:3089} INFO - Sync 1 DAGs
[2026-07-24T18:10:39.815+0000] {logging_mixin.py:188} INFO - [2026-07-24T18:10:39.814+0000] {dag.py:3947} INFO - Setting next_dagrun for example_task_group_decorator to 2026-07-23 00:00:00+00:00, run_after=2026-07-24 00:00:00+00:00
[2026-07-24T18:10:39.883+0000] {processor.py:183} INFO - Processing /home/airflow/.local/lib/python3.12/site-packages/airflow/example_dags/example_task_group_decorator.py took 0.285 seconds
[2026-07-24T18:11:10.672+0000] {processor.py:161} INFO - Started process (PID=9126) to work on /home/airflow/.local/lib/python3.12/site-packages/airflow/example_dags/example_task_group_decorator.py
[2026-07-24T18:11:10.674+0000] {processor.py:830} INFO - Processing file /home/airflow/.local/lib/python3.12/site-packages/airflow/example_dags/example_task_group_decorator.py for tasks to queue
[2026-07-24T18:11:10.678+0000] {logging_mixin.py:188} INFO - [2026-07-24T18:11:10.678+0000] {dagbag.py:545} INFO - Filling up the DagBag from /home/airflow/.local/lib/python3.12/site-packages/airflow/example_dags/example_task_group_decorator.py
[2026-07-24T18:11:10.717+0000] {processor.py:840} INFO - DAG(s) 'example_task_group_decorator' retrieved from /home/airflow/.local/lib/python3.12/site-packages/airflow/example_dags/example_task_group_decorator.py
[2026-07-24T18:11:10.783+0000] {logging_mixin.py:188} INFO - [2026-07-24T18:11:10.781+0000] {dag.py:3089} INFO - Sync 1 DAGs
[2026-07-24T18:11:10.860+0000] {logging_mixin.py:188} INFO - [2026-07-24T18:11:10.859+0000] {dag.py:3947} INFO - Setting next_dagrun for example_task_group_decorator to 2026-07-23 00:00:00+00:00, run_after=2026-07-24 00:00:00+00:00
[2026-07-24T18:11:10.944+0000] {processor.py:183} INFO - Processing /home/airflow/.local/lib/python3.12/site-packages/airflow/example_dags/example_task_group_decorator.py took 0.280 seconds
[2026-07-24T18:11:41.205+0000] {processor.py:161} INFO - Started process (PID=9199) to work on /home/airflow/.local/lib/python3.12/site-packages/airflow/example_dags/example_task_group_decorator.py
[2026-07-24T18:11:41.210+0000] {processor.py:830} INFO - Processing file /home/airflow/.local/lib/python3.12/site-packages/airflow/example_dags/example_task_group_decorator.py for tasks to queue
[2026-07-24T18:11:41.222+0000] {logging_mixin.py:188} INFO - [2026-07-24T18:11:41.220+0000] {dagbag.py:545} INFO - Filling up the DagBag from /home/airflow/.local/lib/python3.12/site-packages/airflow/example_dags/example_task_group_decorator.py
[2026-07-24T18:11:41.266+0000] {processor.py:840} INFO - DAG(s) 'example_task_group_decorator' retrieved from /home/airflow/.local/lib/python3.12/site-packages/airflow/example_dags/example_task_group_decorator.py
[2026-07-24T18:11:41.342+0000] {logging_mixin.py:188} INFO - [2026-07-24T18:11:41.341+0000] {dag.py:3089} INFO - Sync 1 DAGs
[2026-07-24T18:11:41.412+0000] {logging_mixin.py:188} INFO - [2026-07-24T18:11:41.411+0000] {dag.py:3947} INFO - Setting next_dagrun for example_task_group_decorator to 2026-07-23 00:00:00+00:00, run_after=2026-07-24 00:00:00+00:00
[2026-07-24T18:11:41.505+0000] {processor.py:183} INFO - Processing /home/airflow/.local/lib/python3.12/site-packages/airflow/example_dags/example_task_group_decorator.py took 0.319 seconds
[2026-07-24T18:12:12.664+0000] {processor.py:161} INFO - Started process (PID=9271) to work on /home/airflow/.local/lib/python3.12/site-packages/airflow/example_dags/example_task_group_decorator.py
[2026-07-24T18:12:12.667+0000] {processor.py:830} INFO - Processing file /home/airflow/.local/lib/python3.12/site-packages/airflow/example_dags/example_task_group_decorator.py for tasks to queue
[2026-07-24T18:12:12.671+0000] {logging_mixin.py:188} INFO - [2026-07-24T18:12:12.670+0000] {dagbag.py:545} INFO - Filling up the DagBag from /home/airflow/.local/lib/python3.12/site-packages/airflow/example_dags/example_task_group_decorator.py
[2026-07-24T18:12:12.697+0000] {processor.py:840} INFO - DAG(s) 'example_task_group_decorator' retrieved from /home/airflow/.local/lib/python3.12/site-packages/airflow/example_dags/example_task_group_decorator.py
[2026-07-24T18:12:12.749+0000] {logging_mixin.py:188} INFO - [2026-07-24T18:12:12.749+0000] {dag.py:3089} INFO - Sync 1 DAGs
[2026-07-24T18:12:12.792+0000] {logging_mixin.py:188} INFO - [2026-07-24T18:12:12.792+0000] {dag.py:3947} INFO - Setting next_dagrun for example_task_group_decorator to 2026-07-23 00:00:00+00:00, run_after=2026-07-24 00:00:00+00:00
[2026-07-24T18:12:12.830+0000] {processor.py:183} INFO - Processing /home/airflow/.local/lib/python3.12/site-packages/airflow/example_dags/example_task_group_decorator.py took 0.176 seconds
[2026-07-24T18:12:44.657+0000] {processor.py:161} INFO - Started process (PID=9344) to work on /home/airflow/.local/lib/python3.12/site-packages/airflow/example_dags/example_task_group_decorator.py
[2026-07-24T18:12:44.660+0000] {processor.py:830} INFO - Processing file /home/airflow/.local/lib/python3.12/site-packages/airflow/example_dags/example_task_group_decorator.py for tasks to queue
[2026-07-24T18:12:44.666+0000] {logging_mixin.py:188} INFO - [2026-07-24T18:12:44.665+0000] {dagbag.py:545} INFO - Filling up the DagBag from /home/airflow/.local/lib/python3.12/site-packages/airflow/example_dags/example_task_group_decorator.py
[2026-07-24T18:12:44.695+0000] {processor.py:840} INFO - DAG(s) 'example_task_group_decorator' retrieved from /home/airflow/.local/lib/python3.12/site-packages/airflow/example_dags/example_task_group_decorator.py
[2026-07-24T18:12:44.759+0000] {logging_mixin.py:188} INFO - [2026-07-24T18:12:44.758+0000] {dag.py:3089} INFO - Sync 1 DAGs
[2026-07-24T18:12:44.802+0000] {logging_mixin.py:188} INFO - [2026-07-24T18:12:44.802+0000] {dag.py:3947} INFO - Setting next_dagrun for example_task_group_decorator to 2026-07-23 00:00:00+00:00, run_after=2026-07-24 00:00:00+00:00
[2026-07-24T18:12:44.847+0000] {processor.py:183} INFO - Processing /home/airflow/.local/lib/python3.12/site-packages/airflow/example_dags/example_task_group_decorator.py took 0.203 seconds
[2026-07-24T18:13:16.333+0000] {processor.py:161} INFO - Started process (PID=9426) to work on /home/airflow/.local/lib/python3.12/site-packages/airflow/example_dags/example_task_group_decorator.py
[2026-07-24T18:13:16.336+0000] {processor.py:830} INFO - Processing file /home/airflow/.local/lib/python3.12/site-packages/airflow/example_dags/example_task_group_decorator.py for tasks to queue
[2026-07-24T18:13:16.341+0000] {logging_mixin.py:188} INFO - [2026-07-24T18:13:16.341+0000] {dagbag.py:545} INFO - Filling up the DagBag from /home/airflow/.local/lib/python3.12/site-packages/airflow/example_dags/example_task_group_decorator.py
[2026-07-24T18:13:16.372+0000] {processor.py:840} INFO - DAG(s) 'example_task_group_decorator' retrieved from /home/airflow/.local/lib/python3.12/site-packages/airflow/example_dags/example_task_group_decorator.py
[2026-07-24T18:13:16.428+0000] {logging_mixin.py:188} INFO - [2026-07-24T18:13:16.428+0000] {dag.py:3089} INFO - Sync 1 DAGs
[2026-07-24T18:13:16.478+0000] {logging_mixin.py:188} INFO - [2026-07-24T18:13:16.478+0000] {dag.py:3947} INFO - Setting next_dagrun for example_task_group_decorator to 2026-07-23 00:00:00+00:00, run_after=2026-07-24 00:00:00+00:00
[2026-07-24T18:13:16.519+0000] {processor.py:183} INFO - Processing /home/airflow/.local/lib/python3.12/site-packages/airflow/example_dags/example_task_group_decorator.py took 0.198 seconds
[2026-07-24T18:13:47.680+0000] {processor.py:161} INFO - Started process (PID=9499) to work on /home/airflow/.local/lib/python3.12/site-packages/airflow/example_dags/example_task_group_decorator.py
[2026-07-24T18:13:47.684+0000] {processor.py:830} INFO - Processing file /home/airflow/.local/lib/python3.12/site-packages/airflow/example_dags/example_task_group_decorator.py for tasks to queue
[2026-07-24T18:13:47.690+0000] {logging_mixin.py:188} INFO - [2026-07-24T18:13:47.689+0000] {dagbag.py:545} INFO - Filling up the DagBag from /home/airflow/.local/lib/python3.12/site-packages/airflow/example_dags/example_task_group_decorator.py
[2026-07-24T18:13:47.731+0000] {processor.py:840} INFO - DAG(s) 'example_task_group_decorator' retrieved from /home/airflow/.local/lib/python3.12/site-packages/airflow/example_dags/example_task_group_decorator.py
[2026-07-24T18:13:47.807+0000] {logging_mixin.py:188} INFO - [2026-07-24T18:13:47.807+0000] {dag.py:3089} INFO - Sync 1 DAGs
[2026-07-24T18:13:47.864+0000] {logging_mixin.py:188} INFO - [2026-07-24T18:13:47.863+0000] {dag.py:3947} INFO - Setting next_dagrun for example_task_group_decorator to 2026-07-23 00:00:00+00:00, run_after=2026-07-24 00:00:00+00:00
[2026-07-24T18:13:47.915+0000] {processor.py:183} INFO - Processing /home/airflow/.local/lib/python3.12/site-packages/airflow/example_dags/example_task_group_decorator.py took 0.251 seconds
[2026-07-24T18:14:18.011+0000] {processor.py:161} INFO - Started process (PID=9565) to work on /home/airflow/.local/lib/python3.12/site-packages/airflow/example_dags/example_task_group_decorator.py
[2026-07-24T18:14:18.014+0000] {processor.py:830} INFO - Processing file /home/airflow/.local/lib/python3.12/site-packages/airflow/example_dags/example_task_group_decorator.py for tasks to queue
[2026-07-24T18:14:18.019+0000] {logging_mixin.py:188} INFO - [2026-07-24T18:14:18.018+0000] {dagbag.py:545} INFO - Filling up the DagBag from /home/airflow/.local/lib/python3.12/site-packages/airflow/example_dags/example_task_group_decorator.py
[2026-07-24T18:14:18.058+0000] {processor.py:840} INFO - DAG(s) 'example_task_group_decorator' retrieved from /home/airflow/.local/lib/python3.12/site-packages/airflow/example_dags/example_task_group_decorator.py
[2026-07-24T18:14:18.111+0000] {logging_mixin.py:188} INFO - [2026-07-24T18:14:18.110+0000] {dag.py:3089} INFO - Sync 1 DAGs
[2026-07-24T18:14:18.168+0000] {logging_mixin.py:188} INFO - [2026-07-24T18:14:18.167+0000] {dag.py:3947} INFO - Setting next_dagrun for example_task_group_decorator to 2026-07-23 00:00:00+00:00, run_after=2026-07-24 00:00:00+00:00
[2026-07-24T18:14:18.216+0000] {processor.py:183} INFO - Processing /home/airflow/.local/lib/python3.12/site-packages/airflow/example_dags/example_task_group_decorator.py took 0.219 seconds
[2026-07-24T18:14:49.159+0000] {processor.py:161} INFO - Started process (PID=9639) to work on /home/airflow/.local/lib/python3.12/site-packages/airflow/example_dags/example_task_group_decorator.py
[2026-07-24T18:14:49.161+0000] {processor.py:830} INFO - Processing file /home/airflow/.local/lib/python3.12/site-packages/airflow/example_dags/example_task_group_decorator.py for tasks to queue
[2026-07-24T18:14:49.169+0000] {logging_mixin.py:188} INFO - [2026-07-24T18:14:49.169+0000] {dagbag.py:545} INFO - Filling up the DagBag from /home/airflow/.local/lib/python3.12/site-packages/airflow/example_dags/example_task_group_decorator.py
[2026-07-24T18:14:49.195+0000] {processor.py:840} INFO - DAG(s) 'example_task_group_decorator' retrieved from /home/airflow/.local/lib/python3.12/site-packages/airflow/example_dags/example_task_group_decorator.py
[2026-07-24T18:14:49.243+0000] {logging_mixin.py:188} INFO - [2026-07-24T18:14:49.243+0000] {dag.py:3089} INFO - Sync 1 DAGs
[2026-07-24T18:14:49.296+0000] {logging_mixin.py:188} INFO - [2026-07-24T18:14:49.295+0000] {dag.py:3947} INFO - Setting next_dagrun for example_task_group_decorator to 2026-07-23 00:00:00+00:00, run_after=2026-07-24 00:00:00+00:00
[2026-07-24T18:14:49.345+0000] {processor.py:183} INFO - Processing /home/airflow/.local/lib/python3.12/site-packages/airflow/example_dags/example_task_group_decorator.py took 0.196 seconds
[2026-07-24T18:15:20.092+0000] {processor.py:161} INFO - Started process (PID=9712) to work on /home/airflow/.local/lib/python3.12/site-packages/airflow/example_dags/example_task_group_decorator.py
[2026-07-24T18:15:20.095+0000] {processor.py:830} INFO - Processing file /home/airflow/.local/lib/python3.12/site-packages/airflow/example_dags/example_task_group_decorator.py for tasks to queue
[2026-07-24T18:15:20.100+0000] {logging_mixin.py:188} INFO - [2026-07-24T18:15:20.099+0000] {dagbag.py:545} INFO - Filling up the DagBag from /home/airflow/.local/lib/python3.12/site-packages/airflow/example_dags/example_task_group_decorator.py
[2026-07-24T18:15:20.128+0000] {processor.py:840} INFO - DAG(s) 'example_task_group_decorator' retrieved from /home/airflow/.local/lib/python3.12/site-packages/airflow/example_dags/example_task_group_decorator.py
[2026-07-24T18:15:20.180+0000] {logging_mixin.py:188} INFO - [2026-07-24T18:15:20.180+0000] {dag.py:3089} INFO - Sync 1 DAGs
[2026-07-24T18:15:20.230+0000] {logging_mixin.py:188} INFO - [2026-07-24T18:15:20.229+0000] {dag.py:3947} INFO - Setting next_dagrun for example_task_group_decorator to 2026-07-23 00:00:00+00:00, run_after=2026-07-24 00:00:00+00:00
[2026-07-24T18:15:20.273+0000] {processor.py:183} INFO - Processing /home/airflow/.local/lib/python3.12/site-packages/airflow/example_dags/example_task_group_decorator.py took 0.194 seconds
[2026-07-24T18:15:51.145+0000] {processor.py:161} INFO - Started process (PID=9786) to work on /home/airflow/.local/lib/python3.12/site-packages/airflow/example_dags/example_task_group_decorator.py
[2026-07-24T18:15:51.150+0000] {processor.py:830} INFO - Processing file /home/airflow/.local/lib/python3.12/site-packages/airflow/example_dags/example_task_group_decorator.py for tasks to queue
[2026-07-24T18:15:51.157+0000] {logging_mixin.py:188} INFO - [2026-07-24T18:15:51.156+0000] {dagbag.py:545} INFO - Filling up the DagBag from /home/airflow/.local/lib/python3.12/site-packages/airflow/example_dags/example_task_group_decorator.py
[2026-07-24T18:15:51.216+0000] {processor.py:840} INFO - DAG(s) 'example_task_group_decorator' retrieved from /home/airflow/.local/lib/python3.12/site-packages/airflow/example_dags/example_task_group_decorator.py
[2026-07-24T18:15:51.300+0000] {logging_mixin.py:188} INFO - [2026-07-24T18:15:51.300+0000] {dag.py:3089} INFO - Sync 1 DAGs
[2026-07-24T18:15:51.389+0000] {logging_mixin.py:188} INFO - [2026-07-24T18:15:51.388+0000] {dag.py:3947} INFO - Setting next_dagrun for example_task_group_decorator to 2026-07-23 00:00:00+00:00, run_after=2026-07-24 00:00:00+00:00
[2026-07-24T18:15:51.452+0000] {processor.py:183} INFO - Processing /home/airflow/.local/lib/python3.12/site-packages/airflow/example_dags/example_task_group_decorator.py took 0.336 seconds
[2026-07-24T18:16:22.781+0000] {processor.py:161} INFO - Started process (PID=9859) to work on /home/airflow/.local/lib/python3.12/site-packages/airflow/example_dags/example_task_group_decorator.py
[2026-07-24T18:16:22.784+0000] {processor.py:830} INFO - Processing file /home/airflow/.local/lib/python3.12/site-packages/airflow/example_dags/example_task_group_decorator.py for tasks to queue
[2026-07-24T18:16:22.789+0000] {logging_mixin.py:188} INFO - [2026-07-24T18:16:22.788+0000] {dagbag.py:545} INFO - Filling up the DagBag from /home/airflow/.local/lib/python3.12/site-packages/airflow/example_dags/example_task_group_decorator.py
[2026-07-24T18:16:22.811+0000] {processor.py:840} INFO - DAG(s) 'example_task_group_decorator' retrieved from /home/airflow/.local/lib/python3.12/site-packages/airflow/example_dags/example_task_group_decorator.py
[2026-07-24T18:16:22.851+0000] {logging_mixin.py:188} INFO - [2026-07-24T18:16:22.851+0000] {dag.py:3089} INFO - Sync 1 DAGs
[2026-07-24T18:16:22.885+0000] {logging_mixin.py:188} INFO - [2026-07-24T18:16:22.884+0000] {dag.py:3947} INFO - Setting next_dagrun for example_task_group_decorator to 2026-07-23 00:00:00+00:00, run_after=2026-07-24 00:00:00+00:00
[2026-07-24T18:16:22.922+0000] {processor.py:183} INFO - Processing /home/airflow/.local/lib/python3.12/site-packages/airflow/example_dags/example_task_group_decorator.py took 0.150 seconds
[2026-07-24T18:16:53.300+0000] {processor.py:161} INFO - Started process (PID=9932) to work on /home/airflow/.local/lib/python3.12/site-packages/airflow/example_dags/example_task_group_decorator.py
[2026-07-24T18:16:53.305+0000] {processor.py:830} INFO - Processing file /home/airflow/.local/lib/python3.12/site-packages/airflow/example_dags/example_task_group_decorator.py for tasks to queue
[2026-07-24T18:16:53.313+0000] {logging_mixin.py:188} INFO - [2026-07-24T18:16:53.312+0000] {dagbag.py:545} INFO - Filling up the DagBag from /home/airflow/.local/lib/python3.12/site-packages/airflow/example_dags/example_task_group_decorator.py
[2026-07-24T18:16:53.336+0000] {processor.py:840} INFO - DAG(s) 'example_task_group_decorator' retrieved from /home/airflow/.local/lib/python3.12/site-packages/airflow/example_dags/example_task_group_decorator.py
[2026-07-24T18:16:53.377+0000] {logging_mixin.py:188} INFO - [2026-07-24T18:16:53.376+0000] {dag.py:3089} INFO - Sync 1 DAGs
[2026-07-24T18:16:53.412+0000] {logging_mixin.py:188} INFO - [2026-07-24T18:16:53.411+0000] {dag.py:3947} INFO - Setting next_dagrun for example_task_group_decorator to 2026-07-23 00:00:00+00:00, run_after=2026-07-24 00:00:00+00:00
[2026-07-24T18:16:53.443+0000] {processor.py:183} INFO - Processing /home/airflow/.local/lib/python3.12/site-packages/airflow/example_dags/example_task_group_decorator.py took 0.151 seconds
[2026-07-24T18:17:26.339+0000] {processor.py:161} INFO - Started process (PID=10006) to work on /home/airflow/.local/lib/python3.12/site-packages/airflow/example_dags/example_task_group_decorator.py
[2026-07-24T18:17:26.343+0000] {processor.py:830} INFO - Processing file /home/airflow/.local/lib/python3.12/site-packages/airflow/example_dags/example_task_group_decorator.py for tasks to queue
[2026-07-24T18:17:26.349+0000] {logging_mixin.py:188} INFO - [2026-07-24T18:17:26.348+0000] {dagbag.py:545} INFO - Filling up the DagBag from /home/airflow/.local/lib/python3.12/site-packages/airflow/example_dags/example_task_group_decorator.py
[2026-07-24T18:17:26.388+0000] {processor.py:840} INFO - DAG(s) 'example_task_group_decorator' retrieved from /home/airflow/.local/lib/python3.12/site-packages/airflow/example_dags/example_task_group_decorator.py
[2026-07-24T18:17:26.455+0000] {logging_mixin.py:188} INFO - [2026-07-24T18:17:26.454+0000] {dag.py:3089} INFO - Sync 1 DAGs
[2026-07-24T18:17:26.514+0000] {logging_mixin.py:188} INFO - [2026-07-24T18:17:26.514+0000] {dag.py:3947} INFO - Setting next_dagrun for example_task_group_decorator to 2026-07-23 00:00:00+00:00, run_after=2026-07-24 00:00:00+00:00
[2026-07-24T18:17:26.578+0000] {processor.py:183} INFO - Processing /home/airflow/.local/lib/python3.12/site-packages/airflow/example_dags/example_task_group_decorator.py took 0.253 seconds
[2026-07-24T18:17:57.388+0000] {processor.py:161} INFO - Started process (PID=10080) to work on /home/airflow/.local/lib/python3.12/site-packages/airflow/example_dags/example_task_group_decorator.py
[2026-07-24T18:17:57.391+0000] {processor.py:830} INFO - Processing file /home/airflow/.local/lib/python3.12/site-packages/airflow/example_dags/example_task_group_decorator.py for tasks to queue
[2026-07-24T18:17:57.396+0000] {logging_mixin.py:188} INFO - [2026-07-24T18:17:57.395+0000] {dagbag.py:545} INFO - Filling up the DagBag from /home/airflow/.local/lib/python3.12/site-packages/airflow/example_dags/example_task_group_decorator.py
[2026-07-24T18:17:57.422+0000] {processor.py:840} INFO - DAG(s) 'example_task_group_decorator' retrieved from /home/airflow/.local/lib/python3.12/site-packages/airflow/example_dags/example_task_group_decorator.py
[2026-07-24T18:17:57.465+0000] {logging_mixin.py:188} INFO - [2026-07-24T18:17:57.464+0000] {dag.py:3089} INFO - Sync 1 DAGs
[2026-07-24T18:17:57.506+0000] {logging_mixin.py:188} INFO - [2026-07-24T18:17:57.506+0000] {dag.py:3947} INFO - Setting next_dagrun for example_task_group_decorator to 2026-07-23 00:00:00+00:00, run_after=2026-07-24 00:00:00+00:00
[2026-07-24T18:17:57.542+0000] {processor.py:183} INFO - Processing /home/airflow/.local/lib/python3.12/site-packages/airflow/example_dags/example_task_group_decorator.py took 0.167 seconds
[2026-07-24T18:18:28.928+0000] {processor.py:161} INFO - Started process (PID=10153) to work on /home/airflow/.local/lib/python3.12/site-packages/airflow/example_dags/example_task_group_decorator.py
[2026-07-24T18:18:28.930+0000] {processor.py:830} INFO - Processing file /home/airflow/.local/lib/python3.12/site-packages/airflow/example_dags/example_task_group_decorator.py for tasks to queue
[2026-07-24T18:18:28.935+0000] {logging_mixin.py:188} INFO - [2026-07-24T18:18:28.934+0000] {dagbag.py:545} INFO - Filling up the DagBag from /home/airflow/.local/lib/python3.12/site-packages/airflow/example_dags/example_task_group_decorator.py
[2026-07-24T18:18:28.973+0000] {processor.py:840} INFO - DAG(s) 'example_task_group_decorator' retrieved from /home/airflow/.local/lib/python3.12/site-packages/airflow/example_dags/example_task_group_decorator.py
[2026-07-24T18:18:29.026+0000] {logging_mixin.py:188} INFO - [2026-07-24T18:18:29.025+0000] {dag.py:3089} INFO - Sync 1 DAGs
[2026-07-24T18:18:29.069+0000] {logging_mixin.py:188} INFO - [2026-07-24T18:18:29.068+0000] {dag.py:3947} INFO - Setting next_dagrun for example_task_group_decorator to 2026-07-23 00:00:00+00:00, run_after=2026-07-24 00:00:00+00:00
[2026-07-24T18:18:29.118+0000] {processor.py:183} INFO - Processing /home/airflow/.local/lib/python3.12/site-packages/airflow/example_dags/example_task_group_decorator.py took 0.201 seconds
[2026-07-24T18:19:01.125+0000] {processor.py:161} INFO - Started process (PID=10227) to work on /home/airflow/.local/lib/python3.12/site-packages/airflow/example_dags/example_task_group_decorator.py
[2026-07-24T18:19:01.129+0000] {processor.py:830} INFO - Processing file /home/airflow/.local/lib/python3.12/site-packages/airflow/example_dags/example_task_group_decorator.py for tasks to queue
[2026-07-24T18:19:01.136+0000] {logging_mixin.py:188} INFO - [2026-07-24T18:19:01.135+0000] {dagbag.py:545} INFO - Filling up the DagBag from /home/airflow/.local/lib/python3.12/site-packages/airflow/example_dags/example_task_group_decorator.py
[2026-07-24T18:19:01.197+0000] {processor.py:840} INFO - DAG(s) 'example_task_group_decorator' retrieved from /home/airflow/.local/lib/python3.12/site-packages/airflow/example_dags/example_task_group_decorator.py
[2026-07-24T18:19:01.298+0000] {logging_mixin.py:188} INFO - [2026-07-24T18:19:01.297+0000] {dag.py:3089} INFO - Sync 1 DAGs
[2026-07-24T18:19:01.397+0000] {logging_mixin.py:188} INFO - [2026-07-24T18:19:01.396+0000] {dag.py:3947} INFO - Setting next_dagrun for example_task_group_decorator to 2026-07-23 00:00:00+00:00, run_after=2026-07-24 00:00:00+00:00
[2026-07-24T18:19:01.455+0000] {processor.py:183} INFO - Processing /home/airflow/.local/lib/python3.12/site-packages/airflow/example_dags/example_task_group_decorator.py took 0.360 seconds
[2026-07-24T18:19:33.113+0000] {processor.py:161} INFO - Started process (PID=10300) to work on /home/airflow/.local/lib/python3.12/site-packages/airflow/example_dags/example_task_group_decorator.py
[2026-07-24T18:19:33.117+0000] {processor.py:830} INFO - Processing file /home/airflow/.local/lib/python3.12/site-packages/airflow/example_dags/example_task_group_decorator.py for tasks to queue
[2026-07-24T18:19:33.126+0000] {logging_mixin.py:188} INFO - [2026-07-24T18:19:33.123+0000] {dagbag.py:545} INFO - Filling up the DagBag from /home/airflow/.local/lib/python3.12/site-packages/airflow/example_dags/example_task_group_decorator.py
[2026-07-24T18:19:33.157+0000] {processor.py:840} INFO - DAG(s) 'example_task_group_decorator' retrieved from /home/airflow/.local/lib/python3.12/site-packages/airflow/example_dags/example_task_group_decorator.py
[2026-07-24T18:19:33.209+0000] {logging_mixin.py:188} INFO - [2026-07-24T18:19:33.209+0000] {dag.py:3089} INFO - Sync 1 DAGs
[2026-07-24T18:19:33.258+0000] {logging_mixin.py:188} INFO - [2026-07-24T18:19:33.257+0000] {dag.py:3947} INFO - Setting next_dagrun for example_task_group_decorator to 2026-07-23 00:00:00+00:00, run_after=2026-07-24 00:00:00+00:00
[2026-07-24T18:19:33.294+0000] {processor.py:183} INFO - Processing /home/airflow/.local/lib/python3.12/site-packages/airflow/example_dags/example_task_group_decorator.py took 0.192 seconds
[2026-07-24T18:20:04.231+0000] {processor.py:161} INFO - Started process (PID=10373) to work on /home/airflow/.local/lib/python3.12/site-packages/airflow/example_dags/example_task_group_decorator.py
[2026-07-24T18:20:04.234+0000] {processor.py:830} INFO - Processing file /home/airflow/.local/lib/python3.12/site-packages/airflow/example_dags/example_task_group_decorator.py for tasks to queue
[2026-07-24T18:20:04.237+0000] {logging_mixin.py:188} INFO - [2026-07-24T18:20:04.237+0000] {dagbag.py:545} INFO - Filling up the DagBag from /home/airflow/.local/lib/python3.12/site-packages/airflow/example_dags/example_task_group_decorator.py
[2026-07-24T18:20:04.255+0000] {processor.py:840} INFO - DAG(s) 'example_task_group_decorator' retrieved from /home/airflow/.local/lib/python3.12/site-packages/airflow/example_dags/example_task_group_decorator.py
[2026-07-24T18:20:04.286+0000] {logging_mixin.py:188} INFO - [2026-07-24T18:20:04.286+0000] {dag.py:3089} INFO - Sync 1 DAGs
[2026-07-24T18:20:04.313+0000] {logging_mixin.py:188} INFO - [2026-07-24T18:20:04.313+0000] {dag.py:3947} INFO - Setting next_dagrun for example_task_group_decorator to 2026-07-23 00:00:00+00:00, run_after=2026-07-24 00:00:00+00:00
[2026-07-24T18:20:04.343+0000] {processor.py:183} INFO - Processing /home/airflow/.local/lib/python3.12/site-packages/airflow/example_dags/example_task_group_decorator.py took 0.118 seconds
[2026-07-24T18:20:35.511+0000] {processor.py:161} INFO - Started process (PID=10447) to work on /home/airflow/.local/lib/python3.12/site-packages/airflow/example_dags/example_task_group_decorator.py
[2026-07-24T18:20:35.513+0000] {processor.py:830} INFO - Processing file /home/airflow/.local/lib/python3.12/site-packages/airflow/example_dags/example_task_group_decorator.py for tasks to queue
[2026-07-24T18:20:35.517+0000] {logging_mixin.py:188} INFO - [2026-07-24T18:20:35.516+0000] {dagbag.py:545} INFO - Filling up the DagBag from /home/airflow/.local/lib/python3.12/site-packages/airflow/example_dags/example_task_group_decorator.py
[2026-07-24T18:20:35.535+0000] {processor.py:840} INFO - DAG(s) 'example_task_group_decorator' retrieved from /home/airflow/.local/lib/python3.12/site-packages/airflow/example_dags/example_task_group_decorator.py
[2026-07-24T18:20:35.572+0000] {logging_mixin.py:188} INFO - [2026-07-24T18:20:35.571+0000] {dag.py:3089} INFO - Sync 1 DAGs
[2026-07-24T18:20:35.602+0000] {logging_mixin.py:188} INFO - [2026-07-24T18:20:35.601+0000] {dag.py:3947} INFO - Setting next_dagrun for example_task_group_decorator to 2026-07-23 00:00:00+00:00, run_after=2026-07-24 00:00:00+00:00
[2026-07-24T18:20:35.630+0000] {processor.py:183} INFO - Processing /home/airflow/.local/lib/python3.12/site-packages/airflow/example_dags/example_task_group_decorator.py took 0.126 seconds
[2026-07-24T18:21:07.623+0000] {processor.py:161} INFO - Started process (PID=10527) to work on /home/airflow/.local/lib/python3.12/site-packages/airflow/example_dags/example_task_group_decorator.py
[2026-07-24T18:21:07.625+0000] {processor.py:830} INFO - Processing file /home/airflow/.local/lib/python3.12/site-packages/airflow/example_dags/example_task_group_decorator.py for tasks to queue
[2026-07-24T18:21:07.629+0000] {logging_mixin.py:188} INFO - [2026-07-24T18:21:07.629+0000] {dagbag.py:545} INFO - Filling up the DagBag from /home/airflow/.local/lib/python3.12/site-packages/airflow/example_dags/example_task_group_decorator.py
[2026-07-24T18:21:07.648+0000] {processor.py:840} INFO - DAG(s) 'example_task_group_decorator' retrieved from /home/airflow/.local/lib/python3.12/site-packages/airflow/example_dags/example_task_group_decorator.py
[2026-07-24T18:21:07.687+0000] {logging_mixin.py:188} INFO - [2026-07-24T18:21:07.687+0000] {dag.py:3089} INFO - Sync 1 DAGs
[2026-07-24T18:21:07.718+0000] {logging_mixin.py:188} INFO - [2026-07-24T18:21:07.717+0000] {dag.py:3947} INFO - Setting next_dagrun for example_task_group_decorator to 2026-07-23 00:00:00+00:00, run_after=2026-07-24 00:00:00+00:00
[2026-07-24T18:21:07.750+0000] {processor.py:183} INFO - Processing /home/airflow/.local/lib/python3.12/site-packages/airflow/example_dags/example_task_group_decorator.py took 0.135 seconds
[2026-07-24T18:21:38.042+0000] {processor.py:161} INFO - Started process (PID=10600) to work on /home/airflow/.local/lib/python3.12/site-packages/airflow/example_dags/example_task_group_decorator.py
[2026-07-24T18:21:38.046+0000] {processor.py:830} INFO - Processing file /home/airflow/.local/lib/python3.12/site-packages/airflow/example_dags/example_task_group_decorator.py for tasks to queue
[2026-07-24T18:21:38.053+0000] {logging_mixin.py:188} INFO - [2026-07-24T18:21:38.052+0000] {dagbag.py:545} INFO - Filling up the DagBag from /home/airflow/.local/lib/python3.12/site-packages/airflow/example_dags/example_task_group_decorator.py
[2026-07-24T18:21:38.102+0000] {processor.py:840} INFO - DAG(s) 'example_task_group_decorator' retrieved from /home/airflow/.local/lib/python3.12/site-packages/airflow/example_dags/example_task_group_decorator.py
[2026-07-24T18:21:38.182+0000] {logging_mixin.py:188} INFO - [2026-07-24T18:21:38.181+0000] {dag.py:3089} INFO - Sync 1 DAGs
[2026-07-24T18:21:38.246+0000] {logging_mixin.py:188} INFO - [2026-07-24T18:21:38.245+0000] {dag.py:3947} INFO - Setting next_dagrun for example_task_group_decorator to 2026-07-23 00:00:00+00:00, run_after=2026-07-24 00:00:00+00:00
[2026-07-24T18:21:38.313+0000] {processor.py:183} INFO - Processing /home/airflow/.local/lib/python3.12/site-packages/airflow/example_dags/example_task_group_decorator.py took 0.287 seconds
[2026-07-24T18:22:08.890+0000] {processor.py:161} INFO - Started process (PID=10673) to work on /home/airflow/.local/lib/python3.12/site-packages/airflow/example_dags/example_task_group_decorator.py
[2026-07-24T18:22:08.894+0000] {processor.py:830} INFO - Processing file /home/airflow/.local/lib/python3.12/site-packages/airflow/example_dags/example_task_group_decorator.py for tasks to queue
[2026-07-24T18:22:08.909+0000] {logging_mixin.py:188} INFO - [2026-07-24T18:22:08.905+0000] {dagbag.py:545} INFO - Filling up the DagBag from /home/airflow/.local/lib/python3.12/site-packages/airflow/example_dags/example_task_group_decorator.py
[2026-07-24T18:22:08.978+0000] {processor.py:840} INFO - DAG(s) 'example_task_group_decorator' retrieved from /home/airflow/.local/lib/python3.12/site-packages/airflow/example_dags/example_task_group_decorator.py
[2026-07-24T18:22:09.067+0000] {logging_mixin.py:188} INFO - [2026-07-24T18:22:09.066+0000] {dag.py:3089} INFO - Sync 1 DAGs
[2026-07-24T18:22:09.145+0000] {logging_mixin.py:188} INFO - [2026-07-24T18:22:09.144+0000] {dag.py:3947} INFO - Setting next_dagrun for example_task_group_decorator to 2026-07-23 00:00:00+00:00, run_after=2026-07-24 00:00:00+00:00
[2026-07-24T18:22:09.239+0000] {processor.py:183} INFO - Processing /home/airflow/.local/lib/python3.12/site-packages/airflow/example_dags/example_task_group_decorator.py took 0.366 seconds
[2026-07-24T18:22:40.213+0000] {processor.py:161} INFO - Started process (PID=10747) to work on /home/airflow/.local/lib/python3.12/site-packages/airflow/example_dags/example_task_group_decorator.py
[2026-07-24T18:22:40.216+0000] {processor.py:830} INFO - Processing file /home/airflow/.local/lib/python3.12/site-packages/airflow/example_dags/example_task_group_decorator.py for tasks to queue
[2026-07-24T18:22:40.222+0000] {logging_mixin.py:188} INFO - [2026-07-24T18:22:40.221+0000] {dagbag.py:545} INFO - Filling up the DagBag from /home/airflow/.local/lib/python3.12/site-packages/airflow/example_dags/example_task_group_decorator.py
[2026-07-24T18:22:40.258+0000] {processor.py:840} INFO - DAG(s) 'example_task_group_decorator' retrieved from /home/airflow/.local/lib/python3.12/site-packages/airflow/example_dags/example_task_group_decorator.py
[2026-07-24T18:22:40.327+0000] {logging_mixin.py:188} INFO - [2026-07-24T18:22:40.327+0000] {dag.py:3089} INFO - Sync 1 DAGs
[2026-07-24T18:22:40.398+0000] {logging_mixin.py:188} INFO - [2026-07-24T18:22:40.397+0000] {dag.py:3947} INFO - Setting next_dagrun for example_task_group_decorator to 2026-07-23 00:00:00+00:00, run_after=2026-07-24 00:00:00+00:00
[2026-07-24T18:22:40.437+0000] {processor.py:183} INFO - Processing /home/airflow/.local/lib/python3.12/site-packages/airflow/example_dags/example_task_group_decorator.py took 0.240 seconds
[2026-07-24T18:23:10.866+0000] {processor.py:161} INFO - Started process (PID=10820) to work on /home/airflow/.local/lib/python3.12/site-packages/airflow/example_dags/example_task_group_decorator.py
[2026-07-24T18:23:10.870+0000] {processor.py:830} INFO - Processing file /home/airflow/.local/lib/python3.12/site-packages/airflow/example_dags/example_task_group_decorator.py for tasks to queue
[2026-07-24T18:23:10.883+0000] {logging_mixin.py:188} INFO - [2026-07-24T18:23:10.882+0000] {dagbag.py:545} INFO - Filling up the DagBag from /home/airflow/.local/lib/python3.12/site-packages/airflow/example_dags/example_task_group_decorator.py
[2026-07-24T18:23:10.922+0000] {processor.py:840} INFO - DAG(s) 'example_task_group_decorator' retrieved from /home/airflow/.local/lib/python3.12/site-packages/airflow/example_dags/example_task_group_decorator.py
[2026-07-24T18:23:10.975+0000] {logging_mixin.py:188} INFO - [2026-07-24T18:23:10.974+0000] {dag.py:3089} INFO - Sync 1 DAGs
[2026-07-24T18:23:11.020+0000] {logging_mixin.py:188} INFO - [2026-07-24T18:23:11.020+0000] {dag.py:3947} INFO - Setting next_dagrun for example_task_group_decorator to 2026-07-23 00:00:00+00:00, run_after=2026-07-24 00:00:00+00:00
[2026-07-24T18:23:11.066+0000] {processor.py:183} INFO - Processing /home/airflow/.local/lib/python3.12/site-packages/airflow/example_dags/example_task_group_decorator.py took 0.217 seconds
[2026-07-24T18:23:42.515+0000] {processor.py:161} INFO - Started process (PID=10893) to work on /home/airflow/.local/lib/python3.12/site-packages/airflow/example_dags/example_task_group_decorator.py
[2026-07-24T18:23:42.522+0000] {processor.py:830} INFO - Processing file /home/airflow/.local/lib/python3.12/site-packages/airflow/example_dags/example_task_group_decorator.py for tasks to queue
[2026-07-24T18:23:42.533+0000] {logging_mixin.py:188} INFO - [2026-07-24T18:23:42.532+0000] {dagbag.py:545} INFO - Filling up the DagBag from /home/airflow/.local/lib/python3.12/site-packages/airflow/example_dags/example_task_group_decorator.py
[2026-07-24T18:23:42.580+0000] {processor.py:840} INFO - DAG(s) 'example_task_group_decorator' retrieved from /home/airflow/.local/lib/python3.12/site-packages/airflow/example_dags/example_task_group_decorator.py
[2026-07-24T18:23:42.648+0000] {logging_mixin.py:188} INFO - [2026-07-24T18:23:42.647+0000] {dag.py:3089} INFO - Sync 1 DAGs
[2026-07-24T18:23:42.718+0000] {logging_mixin.py:188} INFO - [2026-07-24T18:23:42.718+0000] {dag.py:3947} INFO - Setting next_dagrun for example_task_group_decorator to 2026-07-23 00:00:00+00:00, run_after=2026-07-24 00:00:00+00:00
[2026-07-24T18:23:42.763+0000] {processor.py:183} INFO - Processing /home/airflow/.local/lib/python3.12/site-packages/airflow/example_dags/example_task_group_decorator.py took 0.269 seconds
[2026-07-24T18:24:15.283+0000] {processor.py:161} INFO - Started process (PID=10966) to work on /home/airflow/.local/lib/python3.12/site-packages/airflow/example_dags/example_task_group_decorator.py
[2026-07-24T18:24:15.290+0000] {processor.py:830} INFO - Processing file /home/airflow/.local/lib/python3.12/site-packages/airflow/example_dags/example_task_group_decorator.py for tasks to queue
[2026-07-24T18:24:15.296+0000] {logging_mixin.py:188} INFO - [2026-07-24T18:24:15.295+0000] {dagbag.py:545} INFO - Filling up the DagBag from /home/airflow/.local/lib/python3.12/site-packages/airflow/example_dags/example_task_group_decorator.py
[2026-07-24T18:24:15.345+0000] {processor.py:840} INFO - DAG(s) 'example_task_group_decorator' retrieved from /home/airflow/.local/lib/python3.12/site-packages/airflow/example_dags/example_task_group_decorator.py
[2026-07-24T18:24:15.420+0000] {logging_mixin.py:188} INFO - [2026-07-24T18:24:15.419+0000] {dag.py:3089} INFO - Sync 1 DAGs
[2026-07-24T18:24:15.486+0000] {logging_mixin.py:188} INFO - [2026-07-24T18:24:15.485+0000] {dag.py:3947} INFO - Setting next_dagrun for example_task_group_decorator to 2026-07-23 00:00:00+00:00, run_after=2026-07-24 00:00:00+00:00
[2026-07-24T18:24:15.540+0000] {processor.py:183} INFO - Processing /home/airflow/.local/lib/python3.12/site-packages/airflow/example_dags/example_task_group_decorator.py took 0.276 seconds
[2026-07-24T18:24:45.961+0000] {processor.py:161} INFO - Started process (PID=11038) to work on /home/airflow/.local/lib/python3.12/site-packages/airflow/example_dags/example_task_group_decorator.py
[2026-07-24T18:24:45.970+0000] {processor.py:830} INFO - Processing file /home/airflow/.local/lib/python3.12/site-packages/airflow/example_dags/example_task_group_decorator.py for tasks to queue
[2026-07-24T18:24:45.979+0000] {logging_mixin.py:188} INFO - [2026-07-24T18:24:45.978+0000] {dagbag.py:545} INFO - Filling up the DagBag from /home/airflow/.local/lib/python3.12/site-packages/airflow/example_dags/example_task_group_decorator.py
[2026-07-24T18:24:46.074+0000] {processor.py:840} INFO - DAG(s) 'example_task_group_decorator' retrieved from /home/airflow/.local/lib/python3.12/site-packages/airflow/example_dags/example_task_group_decorator.py
[2026-07-24T18:24:46.185+0000] {logging_mixin.py:188} INFO - [2026-07-24T18:24:46.184+0000] {dag.py:3089} INFO - Sync 1 DAGs
[2026-07-24T18:24:46.252+0000] {logging_mixin.py:188} INFO - [2026-07-24T18:24:46.252+0000] {dag.py:3947} INFO - Setting next_dagrun for example_task_group_decorator to 2026-07-23 00:00:00+00:00, run_after=2026-07-24 00:00:00+00:00
[2026-07-24T18:24:46.309+0000] {processor.py:183} INFO - Processing /home/airflow/.local/lib/python3.12/site-packages/airflow/example_dags/example_task_group_decorator.py took 0.369 seconds
[2026-07-24T18:25:16.901+0000] {processor.py:161} INFO - Started process (PID=11105) to work on /home/airflow/.local/lib/python3.12/site-packages/airflow/example_dags/example_task_group_decorator.py
[2026-07-24T18:25:16.904+0000] {processor.py:830} INFO - Processing file /home/airflow/.local/lib/python3.12/site-packages/airflow/example_dags/example_task_group_decorator.py for tasks to queue
[2026-07-24T18:25:16.907+0000] {logging_mixin.py:188} INFO - [2026-07-24T18:25:16.907+0000] {dagbag.py:545} INFO - Filling up the DagBag from /home/airflow/.local/lib/python3.12/site-packages/airflow/example_dags/example_task_group_decorator.py
[2026-07-24T18:25:16.926+0000] {processor.py:840} INFO - DAG(s) 'example_task_group_decorator' retrieved from /home/airflow/.local/lib/python3.12/site-packages/airflow/example_dags/example_task_group_decorator.py
[2026-07-24T18:25:16.967+0000] {logging_mixin.py:188} INFO - [2026-07-24T18:25:16.966+0000] {dag.py:3089} INFO - Sync 1 DAGs
[2026-07-24T18:25:17.005+0000] {logging_mixin.py:188} INFO - [2026-07-24T18:25:17.004+0000] {dag.py:3947} INFO - Setting next_dagrun for example_task_group_decorator to 2026-07-23 00:00:00+00:00, run_after=2026-07-24 00:00:00+00:00
[2026-07-24T18:25:17.038+0000] {processor.py:183} INFO - Processing /home/airflow/.local/lib/python3.12/site-packages/airflow/example_dags/example_task_group_decorator.py took 0.145 seconds
[2026-07-24T18:25:49.755+0000] {processor.py:161} INFO - Started process (PID=11179) to work on /home/airflow/.local/lib/python3.12/site-packages/airflow/example_dags/example_task_group_decorator.py
[2026-07-24T18:25:49.759+0000] {processor.py:830} INFO - Processing file /home/airflow/.local/lib/python3.12/site-packages/airflow/example_dags/example_task_group_decorator.py for tasks to queue
[2026-07-24T18:25:49.766+0000] {logging_mixin.py:188} INFO - [2026-07-24T18:25:49.765+0000] {dagbag.py:545} INFO - Filling up the DagBag from /home/airflow/.local/lib/python3.12/site-packages/airflow/example_dags/example_task_group_decorator.py
[2026-07-24T18:25:49.792+0000] {processor.py:840} INFO - DAG(s) 'example_task_group_decorator' retrieved from /home/airflow/.local/lib/python3.12/site-packages/airflow/example_dags/example_task_group_decorator.py
[2026-07-24T18:25:49.841+0000] {logging_mixin.py:188} INFO - [2026-07-24T18:25:49.841+0000] {dag.py:3089} INFO - Sync 1 DAGs
[2026-07-24T18:25:49.896+0000] {logging_mixin.py:188} INFO - [2026-07-24T18:25:49.895+0000] {dag.py:3947} INFO - Setting next_dagrun for example_task_group_decorator to 2026-07-23 00:00:00+00:00, run_after=2026-07-24 00:00:00+00:00
[2026-07-24T18:25:49.940+0000] {processor.py:183} INFO - Processing /home/airflow/.local/lib/python3.12/site-packages/airflow/example_dags/example_task_group_decorator.py took 0.200 seconds
[2026-07-24T18:26:22.748+0000] {processor.py:161} INFO - Started process (PID=11252) to work on /home/airflow/.local/lib/python3.12/site-packages/airflow/example_dags/example_task_group_decorator.py
[2026-07-24T18:26:22.752+0000] {processor.py:830} INFO - Processing file /home/airflow/.local/lib/python3.12/site-packages/airflow/example_dags/example_task_group_decorator.py for tasks to queue
[2026-07-24T18:26:22.758+0000] {logging_mixin.py:188} INFO - [2026-07-24T18:26:22.757+0000] {dagbag.py:545} INFO - Filling up the DagBag from /home/airflow/.local/lib/python3.12/site-packages/airflow/example_dags/example_task_group_decorator.py
[2026-07-24T18:26:22.797+0000] {processor.py:840} INFO - DAG(s) 'example_task_group_decorator' retrieved from /home/airflow/.local/lib/python3.12/site-packages/airflow/example_dags/example_task_group_decorator.py
[2026-07-24T18:26:22.895+0000] {logging_mixin.py:188} INFO - [2026-07-24T18:26:22.894+0000] {dag.py:3089} INFO - Sync 1 DAGs
[2026-07-24T18:26:23.018+0000] {logging_mixin.py:188} INFO - [2026-07-24T18:26:23.017+0000] {dag.py:3947} INFO - Setting next_dagrun for example_task_group_decorator to 2026-07-23 00:00:00+00:00, run_after=2026-07-24 00:00:00+00:00
[2026-07-24T18:26:23.099+0000] {processor.py:183} INFO - Processing /home/airflow/.local/lib/python3.12/site-packages/airflow/example_dags/example_task_group_decorator.py took 0.365 seconds
[2026-07-24T18:26:55.624+0000] {processor.py:161} INFO - Started process (PID=11332) to work on /home/airflow/.local/lib/python3.12/site-packages/airflow/example_dags/example_task_group_decorator.py
[2026-07-24T18:26:55.628+0000] {processor.py:830} INFO - Processing file /home/airflow/.local/lib/python3.12/site-packages/airflow/example_dags/example_task_group_decorator.py for tasks to queue
[2026-07-24T18:26:55.633+0000] {logging_mixin.py:188} INFO - [2026-07-24T18:26:55.632+0000] {dagbag.py:545} INFO - Filling up the DagBag from /home/airflow/.local/lib/python3.12/site-packages/airflow/example_dags/example_task_group_decorator.py
[2026-07-24T18:26:55.687+0000] {processor.py:840} INFO - DAG(s) 'example_task_group_decorator' retrieved from /home/airflow/.local/lib/python3.12/site-packages/airflow/example_dags/example_task_group_decorator.py
[2026-07-24T18:26:55.873+0000] {logging_mixin.py:188} INFO - [2026-07-24T18:26:55.873+0000] {dag.py:3089} INFO - Sync 1 DAGs
[2026-07-24T18:26:55.949+0000] {logging_mixin.py:188} INFO - [2026-07-24T18:26:55.948+0000] {dag.py:3947} INFO - Setting next_dagrun for example_task_group_decorator to 2026-07-23 00:00:00+00:00, run_after=2026-07-24 00:00:00+00:00
[2026-07-24T18:26:56.050+0000] {processor.py:183} INFO - Processing /home/airflow/.local/lib/python3.12/site-packages/airflow/example_dags/example_task_group_decorator.py took 0.442 seconds
[2026-07-24T18:27:26.494+0000] {processor.py:161} INFO - Started process (PID=11398) to work on /home/airflow/.local/lib/python3.12/site-packages/airflow/example_dags/example_task_group_decorator.py
[2026-07-24T18:27:26.497+0000] {processor.py:830} INFO - Processing file /home/airflow/.local/lib/python3.12/site-packages/airflow/example_dags/example_task_group_decorator.py for tasks to queue
[2026-07-24T18:27:26.502+0000] {logging_mixin.py:188} INFO - [2026-07-24T18:27:26.501+0000] {dagbag.py:545} INFO - Filling up the DagBag from /home/airflow/.local/lib/python3.12/site-packages/airflow/example_dags/example_task_group_decorator.py
[2026-07-24T18:27:26.545+0000] {processor.py:840} INFO - DAG(s) 'example_task_group_decorator' retrieved from /home/airflow/.local/lib/python3.12/site-packages/airflow/example_dags/example_task_group_decorator.py
[2026-07-24T18:27:26.601+0000] {logging_mixin.py:188} INFO - [2026-07-24T18:27:26.601+0000] {dag.py:3089} INFO - Sync 1 DAGs
[2026-07-24T18:27:26.648+0000] {logging_mixin.py:188} INFO - [2026-07-24T18:27:26.647+0000] {dag.py:3947} INFO - Setting next_dagrun for example_task_group_decorator to 2026-07-23 00:00:00+00:00, run_after=2026-07-24 00:00:00+00:00
[2026-07-24T18:27:26.693+0000] {processor.py:183} INFO - Processing /home/airflow/.local/lib/python3.12/site-packages/airflow/example_dags/example_task_group_decorator.py took 0.213 seconds
[2026-07-24T18:27:57.301+0000] {processor.py:161} INFO - Started process (PID=11478) to work on /home/airflow/.local/lib/python3.12/site-packages/airflow/example_dags/example_task_group_decorator.py
[2026-07-24T18:27:57.304+0000] {processor.py:830} INFO - Processing file /home/airflow/.local/lib/python3.12/site-packages/airflow/example_dags/example_task_group_decorator.py for tasks to queue
[2026-07-24T18:27:57.310+0000] {logging_mixin.py:188} INFO - [2026-07-24T18:27:57.309+0000] {dagbag.py:545} INFO - Filling up the DagBag from /home/airflow/.local/lib/python3.12/site-packages/airflow/example_dags/example_task_group_decorator.py
[2026-07-24T18:27:57.341+0000] {processor.py:840} INFO - DAG(s) 'example_task_group_decorator' retrieved from /home/airflow/.local/lib/python3.12/site-packages/airflow/example_dags/example_task_group_decorator.py
[2026-07-24T18:27:57.393+0000] {logging_mixin.py:188} INFO - [2026-07-24T18:27:57.392+0000] {dag.py:3089} INFO - Sync 1 DAGs
[2026-07-24T18:27:57.436+0000] {logging_mixin.py:188} INFO - [2026-07-24T18:27:57.435+0000] {dag.py:3947} INFO - Setting next_dagrun for example_task_group_decorator to 2026-07-23 00:00:00+00:00, run_after=2026-07-24 00:00:00+00:00
[2026-07-24T18:27:57.473+0000] {processor.py:183} INFO - Processing /home/airflow/.local/lib/python3.12/site-packages/airflow/example_dags/example_task_group_decorator.py took 0.182 seconds
[2026-07-24T18:28:28.337+0000] {processor.py:161} INFO - Started process (PID=11553) to work on /home/airflow/.local/lib/python3.12/site-packages/airflow/example_dags/example_task_group_decorator.py
[2026-07-24T18:28:28.340+0000] {processor.py:830} INFO - Processing file /home/airflow/.local/lib/python3.12/site-packages/airflow/example_dags/example_task_group_decorator.py for tasks to queue
[2026-07-24T18:28:28.346+0000] {logging_mixin.py:188} INFO - [2026-07-24T18:28:28.345+0000] {dagbag.py:545} INFO - Filling up the DagBag from /home/airflow/.local/lib/python3.12/site-packages/airflow/example_dags/example_task_group_decorator.py
[2026-07-24T18:28:28.389+0000] {processor.py:840} INFO - DAG(s) 'example_task_group_decorator' retrieved from /home/airflow/.local/lib/python3.12/site-packages/airflow/example_dags/example_task_group_decorator.py
[2026-07-24T18:28:28.455+0000] {logging_mixin.py:188} INFO - [2026-07-24T18:28:28.455+0000] {dag.py:3089} INFO - Sync 1 DAGs
[2026-07-24T18:28:28.515+0000] {logging_mixin.py:188} INFO - [2026-07-24T18:28:28.514+0000] {dag.py:3947} INFO - Setting next_dagrun for example_task_group_decorator to 2026-07-23 00:00:00+00:00, run_after=2026-07-24 00:00:00+00:00
[2026-07-24T18:28:28.567+0000] {processor.py:183} INFO - Processing /home/airflow/.local/lib/python3.12/site-packages/airflow/example_dags/example_task_group_decorator.py took 0.245 seconds
[2026-07-24T18:28:58.976+0000] {processor.py:161} INFO - Started process (PID=11627) to work on /home/airflow/.local/lib/python3.12/site-packages/airflow/example_dags/example_task_group_decorator.py
[2026-07-24T18:28:58.978+0000] {processor.py:830} INFO - Processing file /home/airflow/.local/lib/python3.12/site-packages/airflow/example_dags/example_task_group_decorator.py for tasks to queue
[2026-07-24T18:28:58.986+0000] {logging_mixin.py:188} INFO - [2026-07-24T18:28:58.983+0000] {dagbag.py:545} INFO - Filling up the DagBag from /home/airflow/.local/lib/python3.12/site-packages/airflow/example_dags/example_task_group_decorator.py
[2026-07-24T18:28:59.020+0000] {processor.py:840} INFO - DAG(s) 'example_task_group_decorator' retrieved from /home/airflow/.local/lib/python3.12/site-packages/airflow/example_dags/example_task_group_decorator.py
[2026-07-24T18:28:59.084+0000] {logging_mixin.py:188} INFO - [2026-07-24T18:28:59.083+0000] {dag.py:3089} INFO - Sync 1 DAGs
[2026-07-24T18:28:59.126+0000] {logging_mixin.py:188} INFO - [2026-07-24T18:28:59.125+0000] {dag.py:3947} INFO - Setting next_dagrun for example_task_group_decorator to 2026-07-23 00:00:00+00:00, run_after=2026-07-24 00:00:00+00:00
[2026-07-24T18:28:59.174+0000] {processor.py:183} INFO - Processing /home/airflow/.local/lib/python3.12/site-packages/airflow/example_dags/example_task_group_decorator.py took 0.209 seconds
[2026-07-24T18:29:30.076+0000] {processor.py:161} INFO - Started process (PID=11700) to work on /home/airflow/.local/lib/python3.12/site-packages/airflow/example_dags/example_task_group_decorator.py
[2026-07-24T18:29:30.079+0000] {processor.py:830} INFO - Processing file /home/airflow/.local/lib/python3.12/site-packages/airflow/example_dags/example_task_group_decorator.py for tasks to queue
[2026-07-24T18:29:30.084+0000] {logging_mixin.py:188} INFO - [2026-07-24T18:29:30.084+0000] {dagbag.py:545} INFO - Filling up the DagBag from /home/airflow/.local/lib/python3.12/site-packages/airflow/example_dags/example_task_group_decorator.py
[2026-07-24T18:29:30.111+0000] {processor.py:840} INFO - DAG(s) 'example_task_group_decorator' retrieved from /home/airflow/.local/lib/python3.12/site-packages/airflow/example_dags/example_task_group_decorator.py
[2026-07-24T18:29:30.156+0000] {logging_mixin.py:188} INFO - [2026-07-24T18:29:30.155+0000] {dag.py:3089} INFO - Sync 1 DAGs
[2026-07-24T18:29:30.203+0000] {logging_mixin.py:188} INFO - [2026-07-24T18:29:30.203+0000] {dag.py:3947} INFO - Setting next_dagrun for example_task_group_decorator to 2026-07-23 00:00:00+00:00, run_after=2026-07-24 00:00:00+00:00
[2026-07-24T18:29:30.241+0000] {processor.py:183} INFO - Processing /home/airflow/.local/lib/python3.12/site-packages/airflow/example_dags/example_task_group_decorator.py took 0.176 seconds
[2026-07-24T18:30:01.369+0000] {processor.py:161} INFO - Started process (PID=11773) to work on /home/airflow/.local/lib/python3.12/site-packages/airflow/example_dags/example_task_group_decorator.py
[2026-07-24T18:30:01.373+0000] {processor.py:830} INFO - Processing file /home/airflow/.local/lib/python3.12/site-packages/airflow/example_dags/example_task_group_decorator.py for tasks to queue
[2026-07-24T18:30:01.377+0000] {logging_mixin.py:188} INFO - [2026-07-24T18:30:01.376+0000] {dagbag.py:545} INFO - Filling up the DagBag from /home/airflow/.local/lib/python3.12/site-packages/airflow/example_dags/example_task_group_decorator.py
[2026-07-24T18:30:01.405+0000] {processor.py:840} INFO - DAG(s) 'example_task_group_decorator' retrieved from /home/airflow/.local/lib/python3.12/site-packages/airflow/example_dags/example_task_group_decorator.py
[2026-07-24T18:30:01.476+0000] {logging_mixin.py:188} INFO - [2026-07-24T18:30:01.476+0000] {dag.py:3089} INFO - Sync 1 DAGs
[2026-07-24T18:30:01.524+0000] {logging_mixin.py:188} INFO - [2026-07-24T18:30:01.524+0000] {dag.py:3947} INFO - Setting next_dagrun for example_task_group_decorator to 2026-07-23 00:00:00+00:00, run_after=2026-07-24 00:00:00+00:00
[2026-07-24T18:30:01.591+0000] {processor.py:183} INFO - Processing /home/airflow/.local/lib/python3.12/site-packages/airflow/example_dags/example_task_group_decorator.py took 0.236 seconds
[2026-07-24T18:30:32.581+0000] {processor.py:161} INFO - Started process (PID=11847) to work on /home/airflow/.local/lib/python3.12/site-packages/airflow/example_dags/example_task_group_decorator.py
[2026-07-24T18:30:32.584+0000] {processor.py:830} INFO - Processing file /home/airflow/.local/lib/python3.12/site-packages/airflow/example_dags/example_task_group_decorator.py for tasks to queue
[2026-07-24T18:30:32.589+0000] {logging_mixin.py:188} INFO - [2026-07-24T18:30:32.588+0000] {dagbag.py:545} INFO - Filling up the DagBag from /home/airflow/.local/lib/python3.12/site-packages/airflow/example_dags/example_task_group_decorator.py
[2026-07-24T18:30:32.625+0000] {processor.py:840} INFO - DAG(s) 'example_task_group_decorator' retrieved from /home/airflow/.local/lib/python3.12/site-packages/airflow/example_dags/example_task_group_decorator.py
[2026-07-24T18:30:32.687+0000] {logging_mixin.py:188} INFO - [2026-07-24T18:30:32.687+0000] {dag.py:3089} INFO - Sync 1 DAGs
[2026-07-24T18:30:32.732+0000] {logging_mixin.py:188} INFO - [2026-07-24T18:30:32.732+0000] {dag.py:3947} INFO - Setting next_dagrun for example_task_group_decorator to 2026-07-23 00:00:00+00:00, run_after=2026-07-24 00:00:00+00:00
[2026-07-24T18:30:32.776+0000] {processor.py:183} INFO - Processing /home/airflow/.local/lib/python3.12/site-packages/airflow/example_dags/example_task_group_decorator.py took 0.206 seconds
[2026-07-24T18:31:03.243+0000] {processor.py:161} INFO - Started process (PID=11920) to work on /home/airflow/.local/lib/python3.12/site-packages/airflow/example_dags/example_task_group_decorator.py
[2026-07-24T18:31:03.256+0000] {processor.py:830} INFO - Processing file /home/airflow/.local/lib/python3.12/site-packages/airflow/example_dags/example_task_group_decorator.py for tasks to queue
[2026-07-24T18:31:03.285+0000] {logging_mixin.py:188} INFO - [2026-07-24T18:31:03.284+0000] {dagbag.py:545} INFO - Filling up the DagBag from /home/airflow/.local/lib/python3.12/site-packages/airflow/example_dags/example_task_group_decorator.py
[2026-07-24T18:31:03.342+0000] {processor.py:840} INFO - DAG(s) 'example_task_group_decorator' retrieved from /home/airflow/.local/lib/python3.12/site-packages/airflow/example_dags/example_task_group_decorator.py
[2026-07-24T18:31:03.461+0000] {logging_mixin.py:188} INFO - [2026-07-24T18:31:03.460+0000] {dag.py:3089} INFO - Sync 1 DAGs
[2026-07-24T18:31:03.534+0000] {logging_mixin.py:188} INFO - [2026-07-24T18:31:03.533+0000] {dag.py:3947} INFO - Setting next_dagrun for example_task_group_decorator to 2026-07-23 00:00:00+00:00, run_after=2026-07-24 00:00:00+00:00
[2026-07-24T18:31:03.648+0000] {processor.py:183} INFO - Processing /home/airflow/.local/lib/python3.12/site-packages/airflow/example_dags/example_task_group_decorator.py took 0.436 seconds
[2026-07-24T18:31:34.226+0000] {processor.py:161} INFO - Started process (PID=11992) to work on /home/airflow/.local/lib/python3.12/site-packages/airflow/example_dags/example_task_group_decorator.py
[2026-07-24T18:31:34.229+0000] {processor.py:830} INFO - Processing file /home/airflow/.local/lib/python3.12/site-packages/airflow/example_dags/example_task_group_decorator.py for tasks to queue
[2026-07-24T18:31:34.235+0000] {logging_mixin.py:188} INFO - [2026-07-24T18:31:34.234+0000] {dagbag.py:545} INFO - Filling up the DagBag from /home/airflow/.local/lib/python3.12/site-packages/airflow/example_dags/example_task_group_decorator.py
[2026-07-24T18:31:34.286+0000] {processor.py:840} INFO - DAG(s) 'example_task_group_decorator' retrieved from /home/airflow/.local/lib/python3.12/site-packages/airflow/example_dags/example_task_group_decorator.py
[2026-07-24T18:31:34.374+0000] {logging_mixin.py:188} INFO - [2026-07-24T18:31:34.373+0000] {dag.py:3089} INFO - Sync 1 DAGs
[2026-07-24T18:31:34.456+0000] {logging_mixin.py:188} INFO - [2026-07-24T18:31:34.455+0000] {dag.py:3947} INFO - Setting next_dagrun for example_task_group_decorator to 2026-07-23 00:00:00+00:00, run_after=2026-07-24 00:00:00+00:00
[2026-07-24T18:31:34.501+0000] {processor.py:183} INFO - Processing /home/airflow/.local/lib/python3.12/site-packages/airflow/example_dags/example_task_group_decorator.py took 0.292 seconds
[2026-07-24T18:32:05.852+0000] {processor.py:161} INFO - Started process (PID=12065) to work on /home/airflow/.local/lib/python3.12/site-packages/airflow/example_dags/example_task_group_decorator.py
[2026-07-24T18:32:05.857+0000] {processor.py:830} INFO - Processing file /home/airflow/.local/lib/python3.12/site-packages/airflow/example_dags/example_task_group_decorator.py for tasks to queue
[2026-07-24T18:32:05.866+0000] {logging_mixin.py:188} INFO - [2026-07-24T18:32:05.865+0000] {dagbag.py:545} INFO - Filling up the DagBag from /home/airflow/.local/lib/python3.12/site-packages/airflow/example_dags/example_task_group_decorator.py
[2026-07-24T18:32:05.944+0000] {processor.py:840} INFO - DAG(s) 'example_task_group_decorator' retrieved from /home/airflow/.local/lib/python3.12/site-packages/airflow/example_dags/example_task_group_decorator.py
[2026-07-24T18:32:06.053+0000] {logging_mixin.py:188} INFO - [2026-07-24T18:32:06.053+0000] {dag.py:3089} INFO - Sync 1 DAGs
[2026-07-24T18:32:06.158+0000] {logging_mixin.py:188} INFO - [2026-07-24T18:32:06.158+0000] {dag.py:3947} INFO - Setting next_dagrun for example_task_group_decorator to 2026-07-23 00:00:00+00:00, run_after=2026-07-24 00:00:00+00:00
[2026-07-24T18:32:06.255+0000] {processor.py:183} INFO - Processing /home/airflow/.local/lib/python3.12/site-packages/airflow/example_dags/example_task_group_decorator.py took 0.428 seconds
[2026-07-24T18:32:36.973+0000] {processor.py:161} INFO - Started process (PID=12138) to work on /home/airflow/.local/lib/python3.12/site-packages/airflow/example_dags/example_task_group_decorator.py
[2026-07-24T18:32:36.977+0000] {processor.py:830} INFO - Processing file /home/airflow/.local/lib/python3.12/site-packages/airflow/example_dags/example_task_group_decorator.py for tasks to queue
[2026-07-24T18:32:36.983+0000] {logging_mixin.py:188} INFO - [2026-07-24T18:32:36.982+0000] {dagbag.py:545} INFO - Filling up the DagBag from /home/airflow/.local/lib/python3.12/site-packages/airflow/example_dags/example_task_group_decorator.py
[2026-07-24T18:32:37.022+0000] {processor.py:840} INFO - DAG(s) 'example_task_group_decorator' retrieved from /home/airflow/.local/lib/python3.12/site-packages/airflow/example_dags/example_task_group_decorator.py
[2026-07-24T18:32:37.080+0000] {logging_mixin.py:188} INFO - [2026-07-24T18:32:37.080+0000] {dag.py:3089} INFO - Sync 1 DAGs
[2026-07-24T18:32:37.140+0000] {logging_mixin.py:188} INFO - [2026-07-24T18:32:37.140+0000] {dag.py:3947} INFO - Setting next_dagrun for example_task_group_decorator to 2026-07-23 00:00:00+00:00, run_after=2026-07-24 00:00:00+00:00
[2026-07-24T18:32:37.191+0000] {processor.py:183} INFO - Processing /home/airflow/.local/lib/python3.12/site-packages/airflow/example_dags/example_task_group_decorator.py took 0.236 seconds
[2026-07-24T18:33:07.671+0000] {processor.py:161} INFO - Started process (PID=12203) to work on /home/airflow/.local/lib/python3.12/site-packages/airflow/example_dags/example_task_group_decorator.py
[2026-07-24T18:33:07.674+0000] {processor.py:830} INFO - Processing file /home/airflow/.local/lib/python3.12/site-packages/airflow/example_dags/example_task_group_decorator.py for tasks to queue
[2026-07-24T18:33:07.678+0000] {logging_mixin.py:188} INFO - [2026-07-24T18:33:07.677+0000] {dagbag.py:545} INFO - Filling up the DagBag from /home/airflow/.local/lib/python3.12/site-packages/airflow/example_dags/example_task_group_decorator.py
[2026-07-24T18:33:07.697+0000] {processor.py:840} INFO - DAG(s) 'example_task_group_decorator' retrieved from /home/airflow/.local/lib/python3.12/site-packages/airflow/example_dags/example_task_group_decorator.py
[2026-07-24T18:33:07.731+0000] {logging_mixin.py:188} INFO - [2026-07-24T18:33:07.730+0000] {dag.py:3089} INFO - Sync 1 DAGs
[2026-07-24T18:33:07.761+0000] {logging_mixin.py:188} INFO - [2026-07-24T18:33:07.761+0000] {dag.py:3947} INFO - Setting next_dagrun for example_task_group_decorator to 2026-07-23 00:00:00+00:00, run_after=2026-07-24 00:00:00+00:00
[2026-07-24T18:33:07.789+0000] {processor.py:183} INFO - Processing /home/airflow/.local/lib/python3.12/site-packages/airflow/example_dags/example_task_group_decorator.py took 0.127 seconds
[2026-07-24T18:33:40.028+0000] {processor.py:161} INFO - Started process (PID=12276) to work on /home/airflow/.local/lib/python3.12/site-packages/airflow/example_dags/example_task_group_decorator.py
[2026-07-24T18:33:40.031+0000] {processor.py:830} INFO - Processing file /home/airflow/.local/lib/python3.12/site-packages/airflow/example_dags/example_task_group_decorator.py for tasks to queue
[2026-07-24T18:33:40.036+0000] {logging_mixin.py:188} INFO - [2026-07-24T18:33:40.036+0000] {dagbag.py:545} INFO - Filling up the DagBag from /home/airflow/.local/lib/python3.12/site-packages/airflow/example_dags/example_task_group_decorator.py
[2026-07-24T18:33:40.070+0000] {processor.py:840} INFO - DAG(s) 'example_task_group_decorator' retrieved from /home/airflow/.local/lib/python3.12/site-packages/airflow/example_dags/example_task_group_decorator.py
[2026-07-24T18:33:40.137+0000] {logging_mixin.py:188} INFO - [2026-07-24T18:33:40.136+0000] {dag.py:3089} INFO - Sync 1 DAGs
[2026-07-24T18:33:40.181+0000] {logging_mixin.py:188} INFO - [2026-07-24T18:33:40.180+0000] {dag.py:3947} INFO - Setting next_dagrun for example_task_group_decorator to 2026-07-23 00:00:00+00:00, run_after=2026-07-24 00:00:00+00:00
[2026-07-24T18:33:40.233+0000] {processor.py:183} INFO - Processing /home/airflow/.local/lib/python3.12/site-packages/airflow/example_dags/example_task_group_decorator.py took 0.213 seconds
[2026-07-24T18:34:11.951+0000] {processor.py:161} INFO - Started process (PID=12349) to work on /home/airflow/.local/lib/python3.12/site-packages/airflow/example_dags/example_task_group_decorator.py
[2026-07-24T18:34:11.954+0000] {processor.py:830} INFO - Processing file /home/airflow/.local/lib/python3.12/site-packages/airflow/example_dags/example_task_group_decorator.py for tasks to queue
[2026-07-24T18:34:11.962+0000] {logging_mixin.py:188} INFO - [2026-07-24T18:34:11.961+0000] {dagbag.py:545} INFO - Filling up the DagBag from /home/airflow/.local/lib/python3.12/site-packages/airflow/example_dags/example_task_group_decorator.py
[2026-07-24T18:34:12.029+0000] {processor.py:840} INFO - DAG(s) 'example_task_group_decorator' retrieved from /home/airflow/.local/lib/python3.12/site-packages/airflow/example_dags/example_task_group_decorator.py
[2026-07-24T18:34:12.112+0000] {logging_mixin.py:188} INFO - [2026-07-24T18:34:12.111+0000] {dag.py:3089} INFO - Sync 1 DAGs
[2026-07-24T18:34:12.199+0000] {logging_mixin.py:188} INFO - [2026-07-24T18:34:12.199+0000] {dag.py:3947} INFO - Setting next_dagrun for example_task_group_decorator to 2026-07-23 00:00:00+00:00, run_after=2026-07-24 00:00:00+00:00
[2026-07-24T18:34:12.293+0000] {processor.py:183} INFO - Processing /home/airflow/.local/lib/python3.12/site-packages/airflow/example_dags/example_task_group_decorator.py took 0.363 seconds
[2026-07-24T18:34:43.221+0000] {processor.py:161} INFO - Started process (PID=12422) to work on /home/airflow/.local/lib/python3.12/site-packages/airflow/example_dags/example_task_group_decorator.py
[2026-07-24T18:34:43.224+0000] {processor.py:830} INFO - Processing file /home/airflow/.local/lib/python3.12/site-packages/airflow/example_dags/example_task_group_decorator.py for tasks to queue
[2026-07-24T18:34:43.228+0000] {logging_mixin.py:188} INFO - [2026-07-24T18:34:43.227+0000] {dagbag.py:545} INFO - Filling up the DagBag from /home/airflow/.local/lib/python3.12/site-packages/airflow/example_dags/example_task_group_decorator.py
[2026-07-24T18:34:43.258+0000] {processor.py:840} INFO - DAG(s) 'example_task_group_decorator' retrieved from /home/airflow/.local/lib/python3.12/site-packages/airflow/example_dags/example_task_group_decorator.py
[2026-07-24T18:34:43.331+0000] {logging_mixin.py:188} INFO - [2026-07-24T18:34:43.331+0000] {dag.py:3089} INFO - Sync 1 DAGs
[2026-07-24T18:34:43.408+0000] {logging_mixin.py:188} INFO - [2026-07-24T18:34:43.407+0000] {dag.py:3947} INFO - Setting next_dagrun for example_task_group_decorator to 2026-07-23 00:00:00+00:00, run_after=2026-07-24 00:00:00+00:00
[2026-07-24T18:34:43.479+0000] {processor.py:183} INFO - Processing /home/airflow/.local/lib/python3.12/site-packages/airflow/example_dags/example_task_group_decorator.py took 0.269 seconds
[2026-07-24T18:35:17.797+0000] {processor.py:161} INFO - Started process (PID=12496) to work on /home/airflow/.local/lib/python3.12/site-packages/airflow/example_dags/example_task_group_decorator.py
[2026-07-24T18:35:17.800+0000] {processor.py:830} INFO - Processing file /home/airflow/.local/lib/python3.12/site-packages/airflow/example_dags/example_task_group_decorator.py for tasks to queue
[2026-07-24T18:35:17.805+0000] {logging_mixin.py:188} INFO - [2026-07-24T18:35:17.804+0000] {dagbag.py:545} INFO - Filling up the DagBag from /home/airflow/.local/lib/python3.12/site-packages/airflow/example_dags/example_task_group_decorator.py
[2026-07-24T18:35:17.836+0000] {processor.py:840} INFO - DAG(s) 'example_task_group_decorator' retrieved from /home/airflow/.local/lib/python3.12/site-packages/airflow/example_dags/example_task_group_decorator.py
[2026-07-24T18:35:17.887+0000] {logging_mixin.py:188} INFO - [2026-07-24T18:35:17.887+0000] {dag.py:3089} INFO - Sync 1 DAGs
[2026-07-24T18:35:17.929+0000] {logging_mixin.py:188} INFO - [2026-07-24T18:35:17.928+0000] {dag.py:3947} INFO - Setting next_dagrun for example_task_group_decorator to 2026-07-23 00:00:00+00:00, run_after=2026-07-24 00:00:00+00:00
[2026-07-24T18:35:17.972+0000] {processor.py:183} INFO - Processing /home/airflow/.local/lib/python3.12/site-packages/airflow/example_dags/example_task_group_decorator.py took 0.188 seconds
[2026-07-24T18:35:50.919+0000] {processor.py:161} INFO - Started process (PID=12569) to work on /home/airflow/.local/lib/python3.12/site-packages/airflow/example_dags/example_task_group_decorator.py
[2026-07-24T18:35:50.921+0000] {processor.py:830} INFO - Processing file /home/airflow/.local/lib/python3.12/site-packages/airflow/example_dags/example_task_group_decorator.py for tasks to queue
[2026-07-24T18:35:50.925+0000] {logging_mixin.py:188} INFO - [2026-07-24T18:35:50.924+0000] {dagbag.py:545} INFO - Filling up the DagBag from /home/airflow/.local/lib/python3.12/site-packages/airflow/example_dags/example_task_group_decorator.py
[2026-07-24T18:35:50.943+0000] {processor.py:840} INFO - DAG(s) 'example_task_group_decorator' retrieved from /home/airflow/.local/lib/python3.12/site-packages/airflow/example_dags/example_task_group_decorator.py
[2026-07-24T18:35:50.978+0000] {logging_mixin.py:188} INFO - [2026-07-24T18:35:50.977+0000] {dag.py:3089} INFO - Sync 1 DAGs
[2026-07-24T18:35:51.010+0000] {logging_mixin.py:188} INFO - [2026-07-24T18:35:51.009+0000] {dag.py:3947} INFO - Setting next_dagrun for example_task_group_decorator to 2026-07-23 00:00:00+00:00, run_after=2026-07-24 00:00:00+00:00
[2026-07-24T18:35:51.041+0000] {processor.py:183} INFO - Processing /home/airflow/.local/lib/python3.12/site-packages/airflow/example_dags/example_task_group_decorator.py took 0.130 seconds
[2026-07-24T18:36:22.740+0000] {processor.py:161} INFO - Started process (PID=12642) to work on /home/airflow/.local/lib/python3.12/site-packages/airflow/example_dags/example_task_group_decorator.py
[2026-07-24T18:36:22.743+0000] {processor.py:830} INFO - Processing file /home/airflow/.local/lib/python3.12/site-packages/airflow/example_dags/example_task_group_decorator.py for tasks to queue
[2026-07-24T18:36:22.747+0000] {logging_mixin.py:188} INFO - [2026-07-24T18:36:22.747+0000] {dagbag.py:545} INFO - Filling up the DagBag from /home/airflow/.local/lib/python3.12/site-packages/airflow/example_dags/example_task_group_decorator.py
[2026-07-24T18:36:22.769+0000] {processor.py:840} INFO - DAG(s) 'example_task_group_decorator' retrieved from /home/airflow/.local/lib/python3.12/site-packages/airflow/example_dags/example_task_group_decorator.py
[2026-07-24T18:36:22.816+0000] {logging_mixin.py:188} INFO - [2026-07-24T18:36:22.815+0000] {dag.py:3089} INFO - Sync 1 DAGs
[2026-07-24T18:36:22.852+0000] {logging_mixin.py:188} INFO - [2026-07-24T18:36:22.852+0000] {dag.py:3947} INFO - Setting next_dagrun for example_task_group_decorator to 2026-07-23 00:00:00+00:00, run_after=2026-07-24 00:00:00+00:00
[2026-07-24T18:36:22.885+0000] {processor.py:183} INFO - Processing /home/airflow/.local/lib/python3.12/site-packages/airflow/example_dags/example_task_group_decorator.py took 0.154 seconds
[2026-07-24T18:36:54.275+0000] {processor.py:161} INFO - Started process (PID=12713) to work on /home/airflow/.local/lib/python3.12/site-packages/airflow/example_dags/example_task_group_decorator.py
[2026-07-24T18:36:54.280+0000] {processor.py:830} INFO - Processing file /home/airflow/.local/lib/python3.12/site-packages/airflow/example_dags/example_task_group_decorator.py for tasks to queue
[2026-07-24T18:36:54.286+0000] {logging_mixin.py:188} INFO - [2026-07-24T18:36:54.285+0000] {dagbag.py:545} INFO - Filling up the DagBag from /home/airflow/.local/lib/python3.12/site-packages/airflow/example_dags/example_task_group_decorator.py
[2026-07-24T18:36:54.319+0000] {processor.py:840} INFO - DAG(s) 'example_task_group_decorator' retrieved from /home/airflow/.local/lib/python3.12/site-packages/airflow/example_dags/example_task_group_decorator.py
[2026-07-24T18:36:54.382+0000] {logging_mixin.py:188} INFO - [2026-07-24T18:36:54.381+0000] {dag.py:3089} INFO - Sync 1 DAGs
[2026-07-24T18:36:54.435+0000] {logging_mixin.py:188} INFO - [2026-07-24T18:36:54.434+0000] {dag.py:3947} INFO - Setting next_dagrun for example_task_group_decorator to 2026-07-23 00:00:00+00:00, run_after=2026-07-24 00:00:00+00:00
[2026-07-24T18:36:54.487+0000] {processor.py:183} INFO - Processing /home/airflow/.local/lib/python3.12/site-packages/airflow/example_dags/example_task_group_decorator.py took 0.231 seconds
[2026-07-24T18:37:26.119+0000] {processor.py:161} INFO - Started process (PID=12787) to work on /home/airflow/.local/lib/python3.12/site-packages/airflow/example_dags/example_task_group_decorator.py
[2026-07-24T18:37:26.122+0000] {processor.py:830} INFO - Processing file /home/airflow/.local/lib/python3.12/site-packages/airflow/example_dags/example_task_group_decorator.py for tasks to queue
[2026-07-24T18:37:26.127+0000] {logging_mixin.py:188} INFO - [2026-07-24T18:37:26.126+0000] {dagbag.py:545} INFO - Filling up the DagBag from /home/airflow/.local/lib/python3.12/site-packages/airflow/example_dags/example_task_group_decorator.py
[2026-07-24T18:37:26.161+0000] {processor.py:840} INFO - DAG(s) 'example_task_group_decorator' retrieved from /home/airflow/.local/lib/python3.12/site-packages/airflow/example_dags/example_task_group_decorator.py
[2026-07-24T18:37:26.220+0000] {logging_mixin.py:188} INFO - [2026-07-24T18:37:26.220+0000] {dag.py:3089} INFO - Sync 1 DAGs
[2026-07-24T18:37:26.268+0000] {logging_mixin.py:188} INFO - [2026-07-24T18:37:26.268+0000] {dag.py:3947} INFO - Setting next_dagrun for example_task_group_decorator to 2026-07-23 00:00:00+00:00, run_after=2026-07-24 00:00:00+00:00
[2026-07-24T18:37:26.304+0000] {processor.py:183} INFO - Processing /home/airflow/.local/lib/python3.12/site-packages/airflow/example_dags/example_task_group_decorator.py took 0.202 seconds
[2026-07-24T18:37:56.551+0000] {processor.py:161} INFO - Started process (PID=12860) to work on /home/airflow/.local/lib/python3.12/site-packages/airflow/example_dags/example_task_group_decorator.py
[2026-07-24T18:37:56.554+0000] {processor.py:830} INFO - Processing file /home/airflow/.local/lib/python3.12/site-packages/airflow/example_dags/example_task_group_decorator.py for tasks to queue
[2026-07-24T18:37:56.559+0000] {logging_mixin.py:188} INFO - [2026-07-24T18:37:56.558+0000] {dagbag.py:545} INFO - Filling up the DagBag from /home/airflow/.local/lib/python3.12/site-packages/airflow/example_dags/example_task_group_decorator.py
[2026-07-24T18:37:56.589+0000] {processor.py:840} INFO - DAG(s) 'example_task_group_decorator' retrieved from /home/airflow/.local/lib/python3.12/site-packages/airflow/example_dags/example_task_group_decorator.py
[2026-07-24T18:37:56.650+0000] {logging_mixin.py:188} INFO - [2026-07-24T18:37:56.650+0000] {dag.py:3089} INFO - Sync 1 DAGs
[2026-07-24T18:37:56.705+0000] {logging_mixin.py:188} INFO - [2026-07-24T18:37:56.705+0000] {dag.py:3947} INFO - Setting next_dagrun for example_task_group_decorator to 2026-07-23 00:00:00+00:00, run_after=2026-07-24 00:00:00+00:00
[2026-07-24T18:37:56.747+0000] {processor.py:183} INFO - Processing /home/airflow/.local/lib/python3.12/site-packages/airflow/example_dags/example_task_group_decorator.py took 0.205 seconds
[2026-07-24T18:38:28.731+0000] {processor.py:161} INFO - Started process (PID=12932) to work on /home/airflow/.local/lib/python3.12/site-packages/airflow/example_dags/example_task_group_decorator.py
[2026-07-24T18:38:28.735+0000] {processor.py:830} INFO - Processing file /home/airflow/.local/lib/python3.12/site-packages/airflow/example_dags/example_task_group_decorator.py for tasks to queue
[2026-07-24T18:38:28.740+0000] {logging_mixin.py:188} INFO - [2026-07-24T18:38:28.739+0000] {dagbag.py:545} INFO - Filling up the DagBag from /home/airflow/.local/lib/python3.12/site-packages/airflow/example_dags/example_task_group_decorator.py
[2026-07-24T18:38:28.778+0000] {processor.py:840} INFO - DAG(s) 'example_task_group_decorator' retrieved from /home/airflow/.local/lib/python3.12/site-packages/airflow/example_dags/example_task_group_decorator.py
[2026-07-24T18:38:28.830+0000] {logging_mixin.py:188} INFO - [2026-07-24T18:38:28.829+0000] {dag.py:3089} INFO - Sync 1 DAGs
[2026-07-24T18:38:28.892+0000] {logging_mixin.py:188} INFO - [2026-07-24T18:38:28.892+0000] {dag.py:3947} INFO - Setting next_dagrun for example_task_group_decorator to 2026-07-23 00:00:00+00:00, run_after=2026-07-24 00:00:00+00:00
[2026-07-24T18:38:28.954+0000] {processor.py:183} INFO - Processing /home/airflow/.local/lib/python3.12/site-packages/airflow/example_dags/example_task_group_decorator.py took 0.234 seconds
[2026-07-24T18:39:00.809+0000] {processor.py:161} INFO - Started process (PID=13006) to work on /home/airflow/.local/lib/python3.12/site-packages/airflow/example_dags/example_task_group_decorator.py
[2026-07-24T18:39:00.812+0000] {processor.py:830} INFO - Processing file /home/airflow/.local/lib/python3.12/site-packages/airflow/example_dags/example_task_group_decorator.py for tasks to queue
[2026-07-24T18:39:00.819+0000] {logging_mixin.py:188} INFO - [2026-07-24T18:39:00.818+0000] {dagbag.py:545} INFO - Filling up the DagBag from /home/airflow/.local/lib/python3.12/site-packages/airflow/example_dags/example_task_group_decorator.py
[2026-07-24T18:39:00.860+0000] {processor.py:840} INFO - DAG(s) 'example_task_group_decorator' retrieved from /home/airflow/.local/lib/python3.12/site-packages/airflow/example_dags/example_task_group_decorator.py
[2026-07-24T18:39:00.926+0000] {logging_mixin.py:188} INFO - [2026-07-24T18:39:00.925+0000] {dag.py:3089} INFO - Sync 1 DAGs
[2026-07-24T18:39:00.972+0000] {logging_mixin.py:188} INFO - [2026-07-24T18:39:00.971+0000] {dag.py:3947} INFO - Setting next_dagrun for example_task_group_decorator to 2026-07-23 00:00:00+00:00, run_after=2026-07-24 00:00:00+00:00
[2026-07-24T18:39:01.017+0000] {processor.py:183} INFO - Processing /home/airflow/.local/lib/python3.12/site-packages/airflow/example_dags/example_task_group_decorator.py took 0.226 seconds
[2026-07-24T18:39:31.966+0000] {processor.py:161} INFO - Started process (PID=13088) to work on /home/airflow/.local/lib/python3.12/site-packages/airflow/example_dags/example_task_group_decorator.py
[2026-07-24T18:39:31.969+0000] {processor.py:830} INFO - Processing file /home/airflow/.local/lib/python3.12/site-packages/airflow/example_dags/example_task_group_decorator.py for tasks to queue
[2026-07-24T18:39:31.975+0000] {logging_mixin.py:188} INFO - [2026-07-24T18:39:31.974+0000] {dagbag.py:545} INFO - Filling up the DagBag from /home/airflow/.local/lib/python3.12/site-packages/airflow/example_dags/example_task_group_decorator.py
[2026-07-24T18:39:32.012+0000] {processor.py:840} INFO - DAG(s) 'example_task_group_decorator' retrieved from /home/airflow/.local/lib/python3.12/site-packages/airflow/example_dags/example_task_group_decorator.py
[2026-07-24T18:39:32.084+0000] {logging_mixin.py:188} INFO - [2026-07-24T18:39:32.083+0000] {dag.py:3089} INFO - Sync 1 DAGs
[2026-07-24T18:39:32.157+0000] {logging_mixin.py:188} INFO - [2026-07-24T18:39:32.156+0000] {dag.py:3947} INFO - Setting next_dagrun for example_task_group_decorator to 2026-07-23 00:00:00+00:00, run_after=2026-07-24 00:00:00+00:00
[2026-07-24T18:39:32.226+0000] {processor.py:183} INFO - Processing /home/airflow/.local/lib/python3.12/site-packages/airflow/example_dags/example_task_group_decorator.py took 0.280 seconds
[2026-07-24T18:40:03.044+0000] {processor.py:161} INFO - Started process (PID=13161) to work on /home/airflow/.local/lib/python3.12/site-packages/airflow/example_dags/example_task_group_decorator.py
[2026-07-24T18:40:03.046+0000] {processor.py:830} INFO - Processing file /home/airflow/.local/lib/python3.12/site-packages/airflow/example_dags/example_task_group_decorator.py for tasks to queue
[2026-07-24T18:40:03.052+0000] {logging_mixin.py:188} INFO - [2026-07-24T18:40:03.051+0000] {dagbag.py:545} INFO - Filling up the DagBag from /home/airflow/.local/lib/python3.12/site-packages/airflow/example_dags/example_task_group_decorator.py
[2026-07-24T18:40:03.074+0000] {processor.py:840} INFO - DAG(s) 'example_task_group_decorator' retrieved from /home/airflow/.local/lib/python3.12/site-packages/airflow/example_dags/example_task_group_decorator.py
[2026-07-24T18:40:03.115+0000] {logging_mixin.py:188} INFO - [2026-07-24T18:40:03.115+0000] {dag.py:3089} INFO - Sync 1 DAGs
[2026-07-24T18:40:03.153+0000] {logging_mixin.py:188} INFO - [2026-07-24T18:40:03.153+0000] {dag.py:3947} INFO - Setting next_dagrun for example_task_group_decorator to 2026-07-23 00:00:00+00:00, run_after=2026-07-24 00:00:00+00:00
[2026-07-24T18:40:03.187+0000] {processor.py:183} INFO - Processing /home/airflow/.local/lib/python3.12/site-packages/airflow/example_dags/example_task_group_decorator.py took 0.155 seconds
[2026-07-24T18:40:33.419+0000] {processor.py:161} INFO - Started process (PID=13235) to work on /home/airflow/.local/lib/python3.12/site-packages/airflow/example_dags/example_task_group_decorator.py
[2026-07-24T18:40:33.422+0000] {processor.py:830} INFO - Processing file /home/airflow/.local/lib/python3.12/site-packages/airflow/example_dags/example_task_group_decorator.py for tasks to queue
[2026-07-24T18:40:33.427+0000] {logging_mixin.py:188} INFO - [2026-07-24T18:40:33.426+0000] {dagbag.py:545} INFO - Filling up the DagBag from /home/airflow/.local/lib/python3.12/site-packages/airflow/example_dags/example_task_group_decorator.py
[2026-07-24T18:40:33.452+0000] {processor.py:840} INFO - DAG(s) 'example_task_group_decorator' retrieved from /home/airflow/.local/lib/python3.12/site-packages/airflow/example_dags/example_task_group_decorator.py
[2026-07-24T18:40:33.508+0000] {logging_mixin.py:188} INFO - [2026-07-24T18:40:33.507+0000] {dag.py:3089} INFO - Sync 1 DAGs
[2026-07-24T18:40:33.610+0000] {logging_mixin.py:188} INFO - [2026-07-24T18:40:33.609+0000] {dag.py:3947} INFO - Setting next_dagrun for example_task_group_decorator to 2026-07-23 00:00:00+00:00, run_after=2026-07-24 00:00:00+00:00
[2026-07-24T18:40:33.679+0000] {processor.py:183} INFO - Processing /home/airflow/.local/lib/python3.12/site-packages/airflow/example_dags/example_task_group_decorator.py took 0.272 seconds
[2026-07-24T18:41:04.402+0000] {processor.py:161} INFO - Started process (PID=13309) to work on /home/airflow/.local/lib/python3.12/site-packages/airflow/example_dags/example_task_group_decorator.py
[2026-07-24T18:41:04.407+0000] {processor.py:830} INFO - Processing file /home/airflow/.local/lib/python3.12/site-packages/airflow/example_dags/example_task_group_decorator.py for tasks to queue
[2026-07-24T18:41:04.412+0000] {logging_mixin.py:188} INFO - [2026-07-24T18:41:04.411+0000] {dagbag.py:545} INFO - Filling up the DagBag from /home/airflow/.local/lib/python3.12/site-packages/airflow/example_dags/example_task_group_decorator.py
[2026-07-24T18:41:04.454+0000] {processor.py:840} INFO - DAG(s) 'example_task_group_decorator' retrieved from /home/airflow/.local/lib/python3.12/site-packages/airflow/example_dags/example_task_group_decorator.py
[2026-07-24T18:41:04.526+0000] {logging_mixin.py:188} INFO - [2026-07-24T18:41:04.526+0000] {dag.py:3089} INFO - Sync 1 DAGs
[2026-07-24T18:41:04.584+0000] {logging_mixin.py:188} INFO - [2026-07-24T18:41:04.583+0000] {dag.py:3947} INFO - Setting next_dagrun for example_task_group_decorator to 2026-07-23 00:00:00+00:00, run_after=2026-07-24 00:00:00+00:00
[2026-07-24T18:41:04.675+0000] {processor.py:183} INFO - Processing /home/airflow/.local/lib/python3.12/site-packages/airflow/example_dags/example_task_group_decorator.py took 0.285 seconds
[2026-07-24T18:41:36.434+0000] {processor.py:161} INFO - Started process (PID=13382) to work on /home/airflow/.local/lib/python3.12/site-packages/airflow/example_dags/example_task_group_decorator.py
[2026-07-24T18:41:36.437+0000] {processor.py:830} INFO - Processing file /home/airflow/.local/lib/python3.12/site-packages/airflow/example_dags/example_task_group_decorator.py for tasks to queue
[2026-07-24T18:41:36.442+0000] {logging_mixin.py:188} INFO - [2026-07-24T18:41:36.441+0000] {dagbag.py:545} INFO - Filling up the DagBag from /home/airflow/.local/lib/python3.12/site-packages/airflow/example_dags/example_task_group_decorator.py
[2026-07-24T18:41:36.480+0000] {processor.py:840} INFO - DAG(s) 'example_task_group_decorator' retrieved from /home/airflow/.local/lib/python3.12/site-packages/airflow/example_dags/example_task_group_decorator.py
[2026-07-24T18:41:36.542+0000] {logging_mixin.py:188} INFO - [2026-07-24T18:41:36.541+0000] {dag.py:3089} INFO - Sync 1 DAGs
[2026-07-24T18:41:36.592+0000] {logging_mixin.py:188} INFO - [2026-07-24T18:41:36.592+0000] {dag.py:3947} INFO - Setting next_dagrun for example_task_group_decorator to 2026-07-23 00:00:00+00:00, run_after=2026-07-24 00:00:00+00:00
[2026-07-24T18:41:36.640+0000] {processor.py:183} INFO - Processing /home/airflow/.local/lib/python3.12/site-packages/airflow/example_dags/example_task_group_decorator.py took 0.216 seconds
[2026-07-24T18:42:07.710+0000] {processor.py:161} INFO - Started process (PID=13455) to work on /home/airflow/.local/lib/python3.12/site-packages/airflow/example_dags/example_task_group_decorator.py
[2026-07-24T18:42:07.713+0000] {processor.py:830} INFO - Processing file /home/airflow/.local/lib/python3.12/site-packages/airflow/example_dags/example_task_group_decorator.py for tasks to queue
[2026-07-24T18:42:07.719+0000] {logging_mixin.py:188} INFO - [2026-07-24T18:42:07.718+0000] {dagbag.py:545} INFO - Filling up the DagBag from /home/airflow/.local/lib/python3.12/site-packages/airflow/example_dags/example_task_group_decorator.py
[2026-07-24T18:42:07.763+0000] {processor.py:840} INFO - DAG(s) 'example_task_group_decorator' retrieved from /home/airflow/.local/lib/python3.12/site-packages/airflow/example_dags/example_task_group_decorator.py
[2026-07-24T18:42:07.829+0000] {logging_mixin.py:188} INFO - [2026-07-24T18:42:07.828+0000] {dag.py:3089} INFO - Sync 1 DAGs
[2026-07-24T18:42:07.881+0000] {logging_mixin.py:188} INFO - [2026-07-24T18:42:07.880+0000] {dag.py:3947} INFO - Setting next_dagrun for example_task_group_decorator to 2026-07-23 00:00:00+00:00, run_after=2026-07-24 00:00:00+00:00
[2026-07-24T18:42:07.926+0000] {processor.py:183} INFO - Processing /home/airflow/.local/lib/python3.12/site-packages/airflow/example_dags/example_task_group_decorator.py took 0.231 seconds
[2026-07-24T18:42:39.480+0000] {processor.py:161} INFO - Started process (PID=13529) to work on /home/airflow/.local/lib/python3.12/site-packages/airflow/example_dags/example_task_group_decorator.py
[2026-07-24T18:42:39.492+0000] {processor.py:830} INFO - Processing file /home/airflow/.local/lib/python3.12/site-packages/airflow/example_dags/example_task_group_decorator.py for tasks to queue
[2026-07-24T18:42:39.498+0000] {logging_mixin.py:188} INFO - [2026-07-24T18:42:39.497+0000] {dagbag.py:545} INFO - Filling up the DagBag from /home/airflow/.local/lib/python3.12/site-packages/airflow/example_dags/example_task_group_decorator.py
[2026-07-24T18:42:39.550+0000] {processor.py:840} INFO - DAG(s) 'example_task_group_decorator' retrieved from /home/airflow/.local/lib/python3.12/site-packages/airflow/example_dags/example_task_group_decorator.py
[2026-07-24T18:42:39.625+0000] {logging_mixin.py:188} INFO - [2026-07-24T18:42:39.624+0000] {dag.py:3089} INFO - Sync 1 DAGs
[2026-07-24T18:42:39.692+0000] {logging_mixin.py:188} INFO - [2026-07-24T18:42:39.692+0000] {dag.py:3947} INFO - Setting next_dagrun for example_task_group_decorator to 2026-07-23 00:00:00+00:00, run_after=2026-07-24 00:00:00+00:00
[2026-07-24T18:42:39.751+0000] {processor.py:183} INFO - Processing /home/airflow/.local/lib/python3.12/site-packages/airflow/example_dags/example_task_group_decorator.py took 0.297 seconds
[2026-07-24T18:43:09.960+0000] {processor.py:161} INFO - Started process (PID=13603) to work on /home/airflow/.local/lib/python3.12/site-packages/airflow/example_dags/example_task_group_decorator.py
[2026-07-24T18:43:09.964+0000] {processor.py:830} INFO - Processing file /home/airflow/.local/lib/python3.12/site-packages/airflow/example_dags/example_task_group_decorator.py for tasks to queue
[2026-07-24T18:43:09.973+0000] {logging_mixin.py:188} INFO - [2026-07-24T18:43:09.970+0000] {dagbag.py:545} INFO - Filling up the DagBag from /home/airflow/.local/lib/python3.12/site-packages/airflow/example_dags/example_task_group_decorator.py
[2026-07-24T18:43:10.006+0000] {processor.py:840} INFO - DAG(s) 'example_task_group_decorator' retrieved from /home/airflow/.local/lib/python3.12/site-packages/airflow/example_dags/example_task_group_decorator.py
[2026-07-24T18:43:10.064+0000] {logging_mixin.py:188} INFO - [2026-07-24T18:43:10.063+0000] {dag.py:3089} INFO - Sync 1 DAGs
[2026-07-24T18:43:10.123+0000] {logging_mixin.py:188} INFO - [2026-07-24T18:43:10.123+0000] {dag.py:3947} INFO - Setting next_dagrun for example_task_group_decorator to 2026-07-23 00:00:00+00:00, run_after=2026-07-24 00:00:00+00:00
[2026-07-24T18:43:10.186+0000] {processor.py:183} INFO - Processing /home/airflow/.local/lib/python3.12/site-packages/airflow/example_dags/example_task_group_decorator.py took 0.241 seconds
[2026-07-24T18:43:40.775+0000] {processor.py:161} INFO - Started process (PID=13676) to work on /home/airflow/.local/lib/python3.12/site-packages/airflow/example_dags/example_task_group_decorator.py
[2026-07-24T18:43:40.777+0000] {processor.py:830} INFO - Processing file /home/airflow/.local/lib/python3.12/site-packages/airflow/example_dags/example_task_group_decorator.py for tasks to queue
[2026-07-24T18:43:40.782+0000] {logging_mixin.py:188} INFO - [2026-07-24T18:43:40.781+0000] {dagbag.py:545} INFO - Filling up the DagBag from /home/airflow/.local/lib/python3.12/site-packages/airflow/example_dags/example_task_group_decorator.py
[2026-07-24T18:43:40.817+0000] {processor.py:840} INFO - DAG(s) 'example_task_group_decorator' retrieved from /home/airflow/.local/lib/python3.12/site-packages/airflow/example_dags/example_task_group_decorator.py
[2026-07-24T18:43:40.873+0000] {logging_mixin.py:188} INFO - [2026-07-24T18:43:40.873+0000] {dag.py:3089} INFO - Sync 1 DAGs
[2026-07-24T18:43:40.918+0000] {logging_mixin.py:188} INFO - [2026-07-24T18:43:40.917+0000] {dag.py:3947} INFO - Setting next_dagrun for example_task_group_decorator to 2026-07-23 00:00:00+00:00, run_after=2026-07-24 00:00:00+00:00
[2026-07-24T18:43:40.960+0000] {processor.py:183} INFO - Processing /home/airflow/.local/lib/python3.12/site-packages/airflow/example_dags/example_task_group_decorator.py took 0.195 seconds
[2026-07-24T18:44:11.713+0000] {processor.py:161} INFO - Started process (PID=13751) to work on /home/airflow/.local/lib/python3.12/site-packages/airflow/example_dags/example_task_group_decorator.py
[2026-07-24T18:44:11.716+0000] {processor.py:830} INFO - Processing file /home/airflow/.local/lib/python3.12/site-packages/airflow/example_dags/example_task_group_decorator.py for tasks to queue
[2026-07-24T18:44:11.722+0000] {logging_mixin.py:188} INFO - [2026-07-24T18:44:11.721+0000] {dagbag.py:545} INFO - Filling up the DagBag from /home/airflow/.local/lib/python3.12/site-packages/airflow/example_dags/example_task_group_decorator.py
[2026-07-24T18:44:11.765+0000] {processor.py:840} INFO - DAG(s) 'example_task_group_decorator' retrieved from /home/airflow/.local/lib/python3.12/site-packages/airflow/example_dags/example_task_group_decorator.py
[2026-07-24T18:44:11.845+0000] {logging_mixin.py:188} INFO - [2026-07-24T18:44:11.844+0000] {dag.py:3089} INFO - Sync 1 DAGs
[2026-07-24T18:44:11.904+0000] {logging_mixin.py:188} INFO - [2026-07-24T18:44:11.903+0000] {dag.py:3947} INFO - Setting next_dagrun for example_task_group_decorator to 2026-07-23 00:00:00+00:00, run_after=2026-07-24 00:00:00+00:00
[2026-07-24T18:44:11.967+0000] {processor.py:183} INFO - Processing /home/airflow/.local/lib/python3.12/site-packages/airflow/example_dags/example_task_group_decorator.py took 0.272 seconds
[2026-07-24T18:44:44.212+0000] {processor.py:161} INFO - Started process (PID=13824) to work on /home/airflow/.local/lib/python3.12/site-packages/airflow/example_dags/example_task_group_decorator.py
[2026-07-24T18:44:44.215+0000] {processor.py:830} INFO - Processing file /home/airflow/.local/lib/python3.12/site-packages/airflow/example_dags/example_task_group_decorator.py for tasks to queue
[2026-07-24T18:44:44.222+0000] {logging_mixin.py:188} INFO - [2026-07-24T18:44:44.221+0000] {dagbag.py:545} INFO - Filling up the DagBag from /home/airflow/.local/lib/python3.12/site-packages/airflow/example_dags/example_task_group_decorator.py
[2026-07-24T18:44:44.288+0000] {processor.py:840} INFO - DAG(s) 'example_task_group_decorator' retrieved from /home/airflow/.local/lib/python3.12/site-packages/airflow/example_dags/example_task_group_decorator.py
[2026-07-24T18:44:44.388+0000] {logging_mixin.py:188} INFO - [2026-07-24T18:44:44.388+0000] {dag.py:3089} INFO - Sync 1 DAGs
[2026-07-24T18:44:44.461+0000] {logging_mixin.py:188} INFO - [2026-07-24T18:44:44.460+0000] {dag.py:3947} INFO - Setting next_dagrun for example_task_group_decorator to 2026-07-23 00:00:00+00:00, run_after=2026-07-24 00:00:00+00:00
[2026-07-24T18:44:44.523+0000] {processor.py:183} INFO - Processing /home/airflow/.local/lib/python3.12/site-packages/airflow/example_dags/example_task_group_decorator.py took 0.328 seconds
[2026-07-24T18:45:17.586+0000] {processor.py:161} INFO - Started process (PID=13898) to work on /home/airflow/.local/lib/python3.12/site-packages/airflow/example_dags/example_task_group_decorator.py
[2026-07-24T18:45:17.593+0000] {processor.py:830} INFO - Processing file /home/airflow/.local/lib/python3.12/site-packages/airflow/example_dags/example_task_group_decorator.py for tasks to queue
[2026-07-24T18:45:17.602+0000] {logging_mixin.py:188} INFO - [2026-07-24T18:45:17.601+0000] {dagbag.py:545} INFO - Filling up the DagBag from /home/airflow/.local/lib/python3.12/site-packages/airflow/example_dags/example_task_group_decorator.py
[2026-07-24T18:45:17.663+0000] {processor.py:840} INFO - DAG(s) 'example_task_group_decorator' retrieved from /home/airflow/.local/lib/python3.12/site-packages/airflow/example_dags/example_task_group_decorator.py
[2026-07-24T18:45:17.755+0000] {logging_mixin.py:188} INFO - [2026-07-24T18:45:17.755+0000] {dag.py:3089} INFO - Sync 1 DAGs
[2026-07-24T18:45:17.828+0000] {logging_mixin.py:188} INFO - [2026-07-24T18:45:17.828+0000] {dag.py:3947} INFO - Setting next_dagrun for example_task_group_decorator to 2026-07-23 00:00:00+00:00, run_after=2026-07-24 00:00:00+00:00
[2026-07-24T18:45:17.891+0000] {processor.py:183} INFO - Processing /home/airflow/.local/lib/python3.12/site-packages/airflow/example_dags/example_task_group_decorator.py took 0.330 seconds
[2026-07-24T18:45:49.227+0000] {processor.py:161} INFO - Started process (PID=13970) to work on /home/airflow/.local/lib/python3.12/site-packages/airflow/example_dags/example_task_group_decorator.py
[2026-07-24T18:45:49.229+0000] {processor.py:830} INFO - Processing file /home/airflow/.local/lib/python3.12/site-packages/airflow/example_dags/example_task_group_decorator.py for tasks to queue
[2026-07-24T18:45:49.234+0000] {logging_mixin.py:188} INFO - [2026-07-24T18:45:49.234+0000] {dagbag.py:545} INFO - Filling up the DagBag from /home/airflow/.local/lib/python3.12/site-packages/airflow/example_dags/example_task_group_decorator.py
[2026-07-24T18:45:49.270+0000] {processor.py:840} INFO - DAG(s) 'example_task_group_decorator' retrieved from /home/airflow/.local/lib/python3.12/site-packages/airflow/example_dags/example_task_group_decorator.py
[2026-07-24T18:45:49.320+0000] {logging_mixin.py:188} INFO - [2026-07-24T18:45:49.320+0000] {dag.py:3089} INFO - Sync 1 DAGs
[2026-07-24T18:45:49.369+0000] {logging_mixin.py:188} INFO - [2026-07-24T18:45:49.368+0000] {dag.py:3947} INFO - Setting next_dagrun for example_task_group_decorator to 2026-07-23 00:00:00+00:00, run_after=2026-07-24 00:00:00+00:00
[2026-07-24T18:45:49.414+0000] {processor.py:183} INFO - Processing /home/airflow/.local/lib/python3.12/site-packages/airflow/example_dags/example_task_group_decorator.py took 0.205 seconds
[2026-07-24T18:46:20.165+0000] {processor.py:161} INFO - Started process (PID=14043) to work on /home/airflow/.local/lib/python3.12/site-packages/airflow/example_dags/example_task_group_decorator.py
[2026-07-24T18:46:20.168+0000] {processor.py:830} INFO - Processing file /home/airflow/.local/lib/python3.12/site-packages/airflow/example_dags/example_task_group_decorator.py for tasks to queue
[2026-07-24T18:46:20.173+0000] {logging_mixin.py:188} INFO - [2026-07-24T18:46:20.172+0000] {dagbag.py:545} INFO - Filling up the DagBag from /home/airflow/.local/lib/python3.12/site-packages/airflow/example_dags/example_task_group_decorator.py
[2026-07-24T18:46:20.200+0000] {processor.py:840} INFO - DAG(s) 'example_task_group_decorator' retrieved from /home/airflow/.local/lib/python3.12/site-packages/airflow/example_dags/example_task_group_decorator.py
[2026-07-24T18:46:20.248+0000] {logging_mixin.py:188} INFO - [2026-07-24T18:46:20.248+0000] {dag.py:3089} INFO - Sync 1 DAGs
[2026-07-24T18:46:20.315+0000] {logging_mixin.py:188} INFO - [2026-07-24T18:46:20.315+0000] {dag.py:3947} INFO - Setting next_dagrun for example_task_group_decorator to 2026-07-23 00:00:00+00:00, run_after=2026-07-24 00:00:00+00:00
[2026-07-24T18:46:20.365+0000] {processor.py:183} INFO - Processing /home/airflow/.local/lib/python3.12/site-packages/airflow/example_dags/example_task_group_decorator.py took 0.222 seconds
[2026-07-24T18:46:53.170+0000] {processor.py:161} INFO - Started process (PID=14116) to work on /home/airflow/.local/lib/python3.12/site-packages/airflow/example_dags/example_task_group_decorator.py
[2026-07-24T18:46:53.174+0000] {processor.py:830} INFO - Processing file /home/airflow/.local/lib/python3.12/site-packages/airflow/example_dags/example_task_group_decorator.py for tasks to queue
[2026-07-24T18:46:53.178+0000] {logging_mixin.py:188} INFO - [2026-07-24T18:46:53.178+0000] {dagbag.py:545} INFO - Filling up the DagBag from /home/airflow/.local/lib/python3.12/site-packages/airflow/example_dags/example_task_group_decorator.py
[2026-07-24T18:46:53.211+0000] {processor.py:840} INFO - DAG(s) 'example_task_group_decorator' retrieved from /home/airflow/.local/lib/python3.12/site-packages/airflow/example_dags/example_task_group_decorator.py
[2026-07-24T18:46:53.265+0000] {logging_mixin.py:188} INFO - [2026-07-24T18:46:53.264+0000] {dag.py:3089} INFO - Sync 1 DAGs
[2026-07-24T18:46:53.311+0000] {logging_mixin.py:188} INFO - [2026-07-24T18:46:53.310+0000] {dag.py:3947} INFO - Setting next_dagrun for example_task_group_decorator to 2026-07-23 00:00:00+00:00, run_after=2026-07-24 00:00:00+00:00
[2026-07-24T18:46:53.360+0000] {processor.py:183} INFO - Processing /home/airflow/.local/lib/python3.12/site-packages/airflow/example_dags/example_task_group_decorator.py took 0.205 seconds
[2026-07-24T18:47:23.646+0000] {processor.py:161} INFO - Started process (PID=14189) to work on /home/airflow/.local/lib/python3.12/site-packages/airflow/example_dags/example_task_group_decorator.py
[2026-07-24T18:47:23.648+0000] {processor.py:830} INFO - Processing file /home/airflow/.local/lib/python3.12/site-packages/airflow/example_dags/example_task_group_decorator.py for tasks to queue
[2026-07-24T18:47:23.652+0000] {logging_mixin.py:188} INFO - [2026-07-24T18:47:23.652+0000] {dagbag.py:545} INFO - Filling up the DagBag from /home/airflow/.local/lib/python3.12/site-packages/airflow/example_dags/example_task_group_decorator.py
[2026-07-24T18:47:23.674+0000] {processor.py:840} INFO - DAG(s) 'example_task_group_decorator' retrieved from /home/airflow/.local/lib/python3.12/site-packages/airflow/example_dags/example_task_group_decorator.py
[2026-07-24T18:47:23.719+0000] {logging_mixin.py:188} INFO - [2026-07-24T18:47:23.719+0000] {dag.py:3089} INFO - Sync 1 DAGs
[2026-07-24T18:47:23.759+0000] {logging_mixin.py:188} INFO - [2026-07-24T18:47:23.758+0000] {dag.py:3947} INFO - Setting next_dagrun for example_task_group_decorator to 2026-07-23 00:00:00+00:00, run_after=2026-07-24 00:00:00+00:00
[2026-07-24T18:47:23.796+0000] {processor.py:183} INFO - Processing /home/airflow/.local/lib/python3.12/site-packages/airflow/example_dags/example_task_group_decorator.py took 0.159 seconds
[2026-07-24T18:47:54.478+0000] {processor.py:161} INFO - Started process (PID=14262) to work on /home/airflow/.local/lib/python3.12/site-packages/airflow/example_dags/example_task_group_decorator.py
[2026-07-24T18:47:54.481+0000] {processor.py:830} INFO - Processing file /home/airflow/.local/lib/python3.12/site-packages/airflow/example_dags/example_task_group_decorator.py for tasks to queue
[2026-07-24T18:47:54.490+0000] {logging_mixin.py:188} INFO - [2026-07-24T18:47:54.489+0000] {dagbag.py:545} INFO - Filling up the DagBag from /home/airflow/.local/lib/python3.12/site-packages/airflow/example_dags/example_task_group_decorator.py
[2026-07-24T18:47:54.582+0000] {processor.py:840} INFO - DAG(s) 'example_task_group_decorator' retrieved from /home/airflow/.local/lib/python3.12/site-packages/airflow/example_dags/example_task_group_decorator.py
[2026-07-24T18:47:54.664+0000] {logging_mixin.py:188} INFO - [2026-07-24T18:47:54.663+0000] {dag.py:3089} INFO - Sync 1 DAGs
[2026-07-24T18:47:54.735+0000] {logging_mixin.py:188} INFO - [2026-07-24T18:47:54.734+0000] {dag.py:3947} INFO - Setting next_dagrun for example_task_group_decorator to 2026-07-23 00:00:00+00:00, run_after=2026-07-24 00:00:00+00:00
[2026-07-24T18:47:54.800+0000] {processor.py:183} INFO - Processing /home/airflow/.local/lib/python3.12/site-packages/airflow/example_dags/example_task_group_decorator.py took 0.336 seconds
[2026-07-24T18:48:24.987+0000] {processor.py:161} INFO - Started process (PID=14336) to work on /home/airflow/.local/lib/python3.12/site-packages/airflow/example_dags/example_task_group_decorator.py
[2026-07-24T18:48:24.993+0000] {processor.py:830} INFO - Processing file /home/airflow/.local/lib/python3.12/site-packages/airflow/example_dags/example_task_group_decorator.py for tasks to queue
[2026-07-24T18:48:25.003+0000] {logging_mixin.py:188} INFO - [2026-07-24T18:48:25.002+0000] {dagbag.py:545} INFO - Filling up the DagBag from /home/airflow/.local/lib/python3.12/site-packages/airflow/example_dags/example_task_group_decorator.py
[2026-07-24T18:48:25.064+0000] {processor.py:840} INFO - DAG(s) 'example_task_group_decorator' retrieved from /home/airflow/.local/lib/python3.12/site-packages/airflow/example_dags/example_task_group_decorator.py
[2026-07-24T18:48:25.146+0000] {logging_mixin.py:188} INFO - [2026-07-24T18:48:25.145+0000] {dag.py:3089} INFO - Sync 1 DAGs
[2026-07-24T18:48:25.210+0000] {logging_mixin.py:188} INFO - [2026-07-24T18:48:25.209+0000] {dag.py:3947} INFO - Setting next_dagrun for example_task_group_decorator to 2026-07-23 00:00:00+00:00, run_after=2026-07-24 00:00:00+00:00
[2026-07-24T18:48:25.264+0000] {processor.py:183} INFO - Processing /home/airflow/.local/lib/python3.12/site-packages/airflow/example_dags/example_task_group_decorator.py took 0.308 seconds
[2026-07-24T18:48:57.125+0000] {processor.py:161} INFO - Started process (PID=14409) to work on /home/airflow/.local/lib/python3.12/site-packages/airflow/example_dags/example_task_group_decorator.py
[2026-07-24T18:48:57.128+0000] {processor.py:830} INFO - Processing file /home/airflow/.local/lib/python3.12/site-packages/airflow/example_dags/example_task_group_decorator.py for tasks to queue
[2026-07-24T18:48:57.133+0000] {logging_mixin.py:188} INFO - [2026-07-24T18:48:57.132+0000] {dagbag.py:545} INFO - Filling up the DagBag from /home/airflow/.local/lib/python3.12/site-packages/airflow/example_dags/example_task_group_decorator.py
[2026-07-24T18:48:57.158+0000] {processor.py:840} INFO - DAG(s) 'example_task_group_decorator' retrieved from /home/airflow/.local/lib/python3.12/site-packages/airflow/example_dags/example_task_group_decorator.py
[2026-07-24T18:48:57.210+0000] {logging_mixin.py:188} INFO - [2026-07-24T18:48:57.209+0000] {dag.py:3089} INFO - Sync 1 DAGs
[2026-07-24T18:48:57.254+0000] {logging_mixin.py:188} INFO - [2026-07-24T18:48:57.254+0000] {dag.py:3947} INFO - Setting next_dagrun for example_task_group_decorator to 2026-07-23 00:00:00+00:00, run_after=2026-07-24 00:00:00+00:00
[2026-07-24T18:48:57.291+0000] {processor.py:183} INFO - Processing /home/airflow/.local/lib/python3.12/site-packages/airflow/example_dags/example_task_group_decorator.py took 0.179 seconds
[2026-07-24T18:49:27.492+0000] {processor.py:161} INFO - Started process (PID=14481) to work on /home/airflow/.local/lib/python3.12/site-packages/airflow/example_dags/example_task_group_decorator.py
[2026-07-24T18:49:27.495+0000] {processor.py:830} INFO - Processing file /home/airflow/.local/lib/python3.12/site-packages/airflow/example_dags/example_task_group_decorator.py for tasks to queue
[2026-07-24T18:49:27.500+0000] {logging_mixin.py:188} INFO - [2026-07-24T18:49:27.499+0000] {dagbag.py:545} INFO - Filling up the DagBag from /home/airflow/.local/lib/python3.12/site-packages/airflow/example_dags/example_task_group_decorator.py
[2026-07-24T18:49:27.530+0000] {processor.py:840} INFO - DAG(s) 'example_task_group_decorator' retrieved from /home/airflow/.local/lib/python3.12/site-packages/airflow/example_dags/example_task_group_decorator.py
[2026-07-24T18:49:27.576+0000] {logging_mixin.py:188} INFO - [2026-07-24T18:49:27.575+0000] {dag.py:3089} INFO - Sync 1 DAGs
[2026-07-24T18:49:27.614+0000] {logging_mixin.py:188} INFO - [2026-07-24T18:49:27.613+0000] {dag.py:3947} INFO - Setting next_dagrun for example_task_group_decorator to 2026-07-23 00:00:00+00:00, run_after=2026-07-24 00:00:00+00:00
[2026-07-24T18:49:27.654+0000] {processor.py:183} INFO - Processing /home/airflow/.local/lib/python3.12/site-packages/airflow/example_dags/example_task_group_decorator.py took 0.177 seconds
[2026-07-24T18:49:58.020+0000] {processor.py:161} INFO - Started process (PID=14547) to work on /home/airflow/.local/lib/python3.12/site-packages/airflow/example_dags/example_task_group_decorator.py
[2026-07-24T18:49:58.023+0000] {processor.py:830} INFO - Processing file /home/airflow/.local/lib/python3.12/site-packages/airflow/example_dags/example_task_group_decorator.py for tasks to queue
[2026-07-24T18:49:58.027+0000] {logging_mixin.py:188} INFO - [2026-07-24T18:49:58.026+0000] {dagbag.py:545} INFO - Filling up the DagBag from /home/airflow/.local/lib/python3.12/site-packages/airflow/example_dags/example_task_group_decorator.py
[2026-07-24T18:49:58.062+0000] {processor.py:840} INFO - DAG(s) 'example_task_group_decorator' retrieved from /home/airflow/.local/lib/python3.12/site-packages/airflow/example_dags/example_task_group_decorator.py
[2026-07-24T18:49:58.120+0000] {logging_mixin.py:188} INFO - [2026-07-24T18:49:58.119+0000] {dag.py:3089} INFO - Sync 1 DAGs
[2026-07-24T18:49:58.173+0000] {logging_mixin.py:188} INFO - [2026-07-24T18:49:58.172+0000] {dag.py:3947} INFO - Setting next_dagrun for example_task_group_decorator to 2026-07-23 00:00:00+00:00, run_after=2026-07-24 00:00:00+00:00
[2026-07-24T18:49:58.214+0000] {processor.py:183} INFO - Processing /home/airflow/.local/lib/python3.12/site-packages/airflow/example_dags/example_task_group_decorator.py took 0.207 seconds
[2026-07-24T18:50:29.230+0000] {processor.py:161} INFO - Started process (PID=14621) to work on /home/airflow/.local/lib/python3.12/site-packages/airflow/example_dags/example_task_group_decorator.py
[2026-07-24T18:50:29.233+0000] {processor.py:830} INFO - Processing file /home/airflow/.local/lib/python3.12/site-packages/airflow/example_dags/example_task_group_decorator.py for tasks to queue
[2026-07-24T18:50:29.237+0000] {logging_mixin.py:188} INFO - [2026-07-24T18:50:29.236+0000] {dagbag.py:545} INFO - Filling up the DagBag from /home/airflow/.local/lib/python3.12/site-packages/airflow/example_dags/example_task_group_decorator.py
[2026-07-24T18:50:29.260+0000] {processor.py:840} INFO - DAG(s) 'example_task_group_decorator' retrieved from /home/airflow/.local/lib/python3.12/site-packages/airflow/example_dags/example_task_group_decorator.py
[2026-07-24T18:50:29.312+0000] {logging_mixin.py:188} INFO - [2026-07-24T18:50:29.312+0000] {dag.py:3089} INFO - Sync 1 DAGs
[2026-07-24T18:50:29.358+0000] {logging_mixin.py:188} INFO - [2026-07-24T18:50:29.358+0000] {dag.py:3947} INFO - Setting next_dagrun for example_task_group_decorator to 2026-07-23 00:00:00+00:00, run_after=2026-07-24 00:00:00+00:00
[2026-07-24T18:50:29.401+0000] {processor.py:183} INFO - Processing /home/airflow/.local/lib/python3.12/site-packages/airflow/example_dags/example_task_group_decorator.py took 0.181 seconds
[2026-07-24T18:51:01.582+0000] {processor.py:161} INFO - Started process (PID=14694) to work on /home/airflow/.local/lib/python3.12/site-packages/airflow/example_dags/example_task_group_decorator.py
[2026-07-24T18:51:01.586+0000] {processor.py:830} INFO - Processing file /home/airflow/.local/lib/python3.12/site-packages/airflow/example_dags/example_task_group_decorator.py for tasks to queue
[2026-07-24T18:51:01.594+0000] {logging_mixin.py:188} INFO - [2026-07-24T18:51:01.593+0000] {dagbag.py:545} INFO - Filling up the DagBag from /home/airflow/.local/lib/python3.12/site-packages/airflow/example_dags/example_task_group_decorator.py
[2026-07-24T18:51:01.635+0000] {processor.py:840} INFO - DAG(s) 'example_task_group_decorator' retrieved from /home/airflow/.local/lib/python3.12/site-packages/airflow/example_dags/example_task_group_decorator.py
[2026-07-24T18:51:01.690+0000] {logging_mixin.py:188} INFO - [2026-07-24T18:51:01.690+0000] {dag.py:3089} INFO - Sync 1 DAGs
[2026-07-24T18:51:01.735+0000] {logging_mixin.py:188} INFO - [2026-07-24T18:51:01.735+0000] {dag.py:3947} INFO - Setting next_dagrun for example_task_group_decorator to 2026-07-23 00:00:00+00:00, run_after=2026-07-24 00:00:00+00:00
[2026-07-24T18:51:01.780+0000] {processor.py:183} INFO - Processing /home/airflow/.local/lib/python3.12/site-packages/airflow/example_dags/example_task_group_decorator.py took 0.216 seconds
[2026-07-24T18:51:36.451+0000] {processor.py:161} INFO - Started process (PID=14775) to work on /home/airflow/.local/lib/python3.12/site-packages/airflow/example_dags/example_task_group_decorator.py
[2026-07-24T18:51:36.457+0000] {processor.py:830} INFO - Processing file /home/airflow/.local/lib/python3.12/site-packages/airflow/example_dags/example_task_group_decorator.py for tasks to queue
[2026-07-24T18:51:36.464+0000] {logging_mixin.py:188} INFO - [2026-07-24T18:51:36.463+0000] {dagbag.py:545} INFO - Filling up the DagBag from /home/airflow/.local/lib/python3.12/site-packages/airflow/example_dags/example_task_group_decorator.py
[2026-07-24T18:51:36.511+0000] {processor.py:840} INFO - DAG(s) 'example_task_group_decorator' retrieved from /home/airflow/.local/lib/python3.12/site-packages/airflow/example_dags/example_task_group_decorator.py
[2026-07-24T18:51:37.012+0000] {logging_mixin.py:188} INFO - [2026-07-24T18:51:37.012+0000] {dag.py:3089} INFO - Sync 1 DAGs
[2026-07-24T18:51:37.063+0000] {logging_mixin.py:188} INFO - [2026-07-24T18:51:37.062+0000] {dag.py:3947} INFO - Setting next_dagrun for example_task_group_decorator to 2026-07-23 00:00:00+00:00, run_after=2026-07-24 00:00:00+00:00
[2026-07-24T18:51:37.110+0000] {processor.py:183} INFO - Processing /home/airflow/.local/lib/python3.12/site-packages/airflow/example_dags/example_task_group_decorator.py took 0.674 seconds
[2026-07-24T18:52:07.632+0000] {processor.py:161} INFO - Started process (PID=14849) to work on /home/airflow/.local/lib/python3.12/site-packages/airflow/example_dags/example_task_group_decorator.py
[2026-07-24T18:52:07.636+0000] {processor.py:830} INFO - Processing file /home/airflow/.local/lib/python3.12/site-packages/airflow/example_dags/example_task_group_decorator.py for tasks to queue
[2026-07-24T18:52:07.643+0000] {logging_mixin.py:188} INFO - [2026-07-24T18:52:07.641+0000] {dagbag.py:545} INFO - Filling up the DagBag from /home/airflow/.local/lib/python3.12/site-packages/airflow/example_dags/example_task_group_decorator.py
[2026-07-24T18:52:07.687+0000] {processor.py:840} INFO - DAG(s) 'example_task_group_decorator' retrieved from /home/airflow/.local/lib/python3.12/site-packages/airflow/example_dags/example_task_group_decorator.py
[2026-07-24T18:52:07.754+0000] {logging_mixin.py:188} INFO - [2026-07-24T18:52:07.754+0000] {dag.py:3089} INFO - Sync 1 DAGs
[2026-07-24T18:52:08.249+0000] {logging_mixin.py:188} INFO - [2026-07-24T18:52:08.248+0000] {dag.py:3947} INFO - Setting next_dagrun for example_task_group_decorator to 2026-07-23 00:00:00+00:00, run_after=2026-07-24 00:00:00+00:00
[2026-07-24T18:52:08.294+0000] {processor.py:183} INFO - Processing /home/airflow/.local/lib/python3.12/site-packages/airflow/example_dags/example_task_group_decorator.py took 0.681 seconds
[2026-07-24T18:52:39.096+0000] {processor.py:161} INFO - Started process (PID=14922) to work on /home/airflow/.local/lib/python3.12/site-packages/airflow/example_dags/example_task_group_decorator.py
[2026-07-24T18:52:39.100+0000] {processor.py:830} INFO - Processing file /home/airflow/.local/lib/python3.12/site-packages/airflow/example_dags/example_task_group_decorator.py for tasks to queue
[2026-07-24T18:52:39.106+0000] {logging_mixin.py:188} INFO - [2026-07-24T18:52:39.105+0000] {dagbag.py:545} INFO - Filling up the DagBag from /home/airflow/.local/lib/python3.12/site-packages/airflow/example_dags/example_task_group_decorator.py
[2026-07-24T18:52:39.132+0000] {processor.py:840} INFO - DAG(s) 'example_task_group_decorator' retrieved from /home/airflow/.local/lib/python3.12/site-packages/airflow/example_dags/example_task_group_decorator.py
[2026-07-24T18:52:39.205+0000] {logging_mixin.py:188} INFO - [2026-07-24T18:52:39.205+0000] {dag.py:3089} INFO - Sync 1 DAGs
[2026-07-24T18:52:39.255+0000] {logging_mixin.py:188} INFO - [2026-07-24T18:52:39.254+0000] {dag.py:3947} INFO - Setting next_dagrun for example_task_group_decorator to 2026-07-23 00:00:00+00:00, run_after=2026-07-24 00:00:00+00:00
[2026-07-24T18:52:39.304+0000] {processor.py:183} INFO - Processing /home/airflow/.local/lib/python3.12/site-packages/airflow/example_dags/example_task_group_decorator.py took 0.219 seconds
[2026-07-24T18:53:09.514+0000] {processor.py:161} INFO - Started process (PID=14995) to work on /home/airflow/.local/lib/python3.12/site-packages/airflow/example_dags/example_task_group_decorator.py
[2026-07-24T18:53:09.517+0000] {processor.py:830} INFO - Processing file /home/airflow/.local/lib/python3.12/site-packages/airflow/example_dags/example_task_group_decorator.py for tasks to queue
[2026-07-24T18:53:09.522+0000] {logging_mixin.py:188} INFO - [2026-07-24T18:53:09.521+0000] {dagbag.py:545} INFO - Filling up the DagBag from /home/airflow/.local/lib/python3.12/site-packages/airflow/example_dags/example_task_group_decorator.py
[2026-07-24T18:53:09.553+0000] {processor.py:840} INFO - DAG(s) 'example_task_group_decorator' retrieved from /home/airflow/.local/lib/python3.12/site-packages/airflow/example_dags/example_task_group_decorator.py
[2026-07-24T18:53:09.595+0000] {logging_mixin.py:188} INFO - [2026-07-24T18:53:09.595+0000] {dag.py:3089} INFO - Sync 1 DAGs
[2026-07-24T18:53:09.643+0000] {logging_mixin.py:188} INFO - [2026-07-24T18:53:09.643+0000] {dag.py:3947} INFO - Setting next_dagrun for example_task_group_decorator to 2026-07-23 00:00:00+00:00, run_after=2026-07-24 00:00:00+00:00
[2026-07-24T18:53:09.680+0000] {processor.py:183} INFO - Processing /home/airflow/.local/lib/python3.12/site-packages/airflow/example_dags/example_task_group_decorator.py took 0.175 seconds
[2026-07-24T18:53:40.108+0000] {processor.py:161} INFO - Started process (PID=15068) to work on /home/airflow/.local/lib/python3.12/site-packages/airflow/example_dags/example_task_group_decorator.py
[2026-07-24T18:53:40.113+0000] {processor.py:830} INFO - Processing file /home/airflow/.local/lib/python3.12/site-packages/airflow/example_dags/example_task_group_decorator.py for tasks to queue
[2026-07-24T18:53:40.120+0000] {logging_mixin.py:188} INFO - [2026-07-24T18:53:40.119+0000] {dagbag.py:545} INFO - Filling up the DagBag from /home/airflow/.local/lib/python3.12/site-packages/airflow/example_dags/example_task_group_decorator.py
[2026-07-24T18:53:40.167+0000] {processor.py:840} INFO - DAG(s) 'example_task_group_decorator' retrieved from /home/airflow/.local/lib/python3.12/site-packages/airflow/example_dags/example_task_group_decorator.py
[2026-07-24T18:53:40.231+0000] {logging_mixin.py:188} INFO - [2026-07-24T18:53:40.230+0000] {dag.py:3089} INFO - Sync 1 DAGs
[2026-07-24T18:53:40.286+0000] {logging_mixin.py:188} INFO - [2026-07-24T18:53:40.286+0000] {dag.py:3947} INFO - Setting next_dagrun for example_task_group_decorator to 2026-07-23 00:00:00+00:00, run_after=2026-07-24 00:00:00+00:00
[2026-07-24T18:53:40.336+0000] {processor.py:183} INFO - Processing /home/airflow/.local/lib/python3.12/site-packages/airflow/example_dags/example_task_group_decorator.py took 0.244 seconds
[2026-07-24T18:54:10.663+0000] {processor.py:161} INFO - Started process (PID=15142) to work on /home/airflow/.local/lib/python3.12/site-packages/airflow/example_dags/example_task_group_decorator.py
[2026-07-24T18:54:10.665+0000] {processor.py:830} INFO - Processing file /home/airflow/.local/lib/python3.12/site-packages/airflow/example_dags/example_task_group_decorator.py for tasks to queue
[2026-07-24T18:54:10.670+0000] {logging_mixin.py:188} INFO - [2026-07-24T18:54:10.670+0000] {dagbag.py:545} INFO - Filling up the DagBag from /home/airflow/.local/lib/python3.12/site-packages/airflow/example_dags/example_task_group_decorator.py
[2026-07-24T18:54:10.703+0000] {processor.py:840} INFO - DAG(s) 'example_task_group_decorator' retrieved from /home/airflow/.local/lib/python3.12/site-packages/airflow/example_dags/example_task_group_decorator.py
[2026-07-24T18:54:10.763+0000] {logging_mixin.py:188} INFO - [2026-07-24T18:54:10.762+0000] {dag.py:3089} INFO - Sync 1 DAGs
[2026-07-24T18:54:10.813+0000] {logging_mixin.py:188} INFO - [2026-07-24T18:54:10.812+0000] {dag.py:3947} INFO - Setting next_dagrun for example_task_group_decorator to 2026-07-23 00:00:00+00:00, run_after=2026-07-24 00:00:00+00:00
[2026-07-24T18:54:10.868+0000] {processor.py:183} INFO - Processing /home/airflow/.local/lib/python3.12/site-packages/airflow/example_dags/example_task_group_decorator.py took 0.217 seconds
[2026-07-24T18:54:41.671+0000] {processor.py:161} INFO - Started process (PID=15215) to work on /home/airflow/.local/lib/python3.12/site-packages/airflow/example_dags/example_task_group_decorator.py
[2026-07-24T18:54:41.674+0000] {processor.py:830} INFO - Processing file /home/airflow/.local/lib/python3.12/site-packages/airflow/example_dags/example_task_group_decorator.py for tasks to queue
[2026-07-24T18:54:41.681+0000] {logging_mixin.py:188} INFO - [2026-07-24T18:54:41.680+0000] {dagbag.py:545} INFO - Filling up the DagBag from /home/airflow/.local/lib/python3.12/site-packages/airflow/example_dags/example_task_group_decorator.py
[2026-07-24T18:54:41.727+0000] {processor.py:840} INFO - DAG(s) 'example_task_group_decorator' retrieved from /home/airflow/.local/lib/python3.12/site-packages/airflow/example_dags/example_task_group_decorator.py
[2026-07-24T18:54:41.803+0000] {logging_mixin.py:188} INFO - [2026-07-24T18:54:41.803+0000] {dag.py:3089} INFO - Sync 1 DAGs
[2026-07-24T18:54:41.857+0000] {logging_mixin.py:188} INFO - [2026-07-24T18:54:41.857+0000] {dag.py:3947} INFO - Setting next_dagrun for example_task_group_decorator to 2026-07-23 00:00:00+00:00, run_after=2026-07-24 00:00:00+00:00
[2026-07-24T18:54:41.902+0000] {processor.py:183} INFO - Processing /home/airflow/.local/lib/python3.12/site-packages/airflow/example_dags/example_task_group_decorator.py took 0.251 seconds
[2026-07-24T18:55:12.628+0000] {processor.py:161} INFO - Started process (PID=15288) to work on /home/airflow/.local/lib/python3.12/site-packages/airflow/example_dags/example_task_group_decorator.py
[2026-07-24T18:55:12.632+0000] {processor.py:830} INFO - Processing file /home/airflow/.local/lib/python3.12/site-packages/airflow/example_dags/example_task_group_decorator.py for tasks to queue
[2026-07-24T18:55:12.638+0000] {logging_mixin.py:188} INFO - [2026-07-24T18:55:12.637+0000] {dagbag.py:545} INFO - Filling up the DagBag from /home/airflow/.local/lib/python3.12/site-packages/airflow/example_dags/example_task_group_decorator.py
[2026-07-24T18:55:12.680+0000] {processor.py:840} INFO - DAG(s) 'example_task_group_decorator' retrieved from /home/airflow/.local/lib/python3.12/site-packages/airflow/example_dags/example_task_group_decorator.py
[2026-07-24T18:55:12.774+0000] {logging_mixin.py:188} INFO - [2026-07-24T18:55:12.773+0000] {dag.py:3089} INFO - Sync 1 DAGs
[2026-07-24T18:55:12.888+0000] {logging_mixin.py:188} INFO - [2026-07-24T18:55:12.883+0000] {dag.py:3947} INFO - Setting next_dagrun for example_task_group_decorator to 2026-07-23 00:00:00+00:00, run_after=2026-07-24 00:00:00+00:00
[2026-07-24T18:55:12.957+0000] {processor.py:183} INFO - Processing /home/airflow/.local/lib/python3.12/site-packages/airflow/example_dags/example_task_group_decorator.py took 0.345 seconds
[2026-07-24T18:55:43.298+0000] {processor.py:161} INFO - Started process (PID=15361) to work on /home/airflow/.local/lib/python3.12/site-packages/airflow/example_dags/example_task_group_decorator.py
[2026-07-24T18:55:43.301+0000] {processor.py:830} INFO - Processing file /home/airflow/.local/lib/python3.12/site-packages/airflow/example_dags/example_task_group_decorator.py for tasks to queue
[2026-07-24T18:55:43.309+0000] {logging_mixin.py:188} INFO - [2026-07-24T18:55:43.309+0000] {dagbag.py:545} INFO - Filling up the DagBag from /home/airflow/.local/lib/python3.12/site-packages/airflow/example_dags/example_task_group_decorator.py
[2026-07-24T18:55:43.355+0000] {processor.py:840} INFO - DAG(s) 'example_task_group_decorator' retrieved from /home/airflow/.local/lib/python3.12/site-packages/airflow/example_dags/example_task_group_decorator.py
[2026-07-24T18:55:43.456+0000] {logging_mixin.py:188} INFO - [2026-07-24T18:55:43.455+0000] {dag.py:3089} INFO - Sync 1 DAGs
[2026-07-24T18:55:43.543+0000] {logging_mixin.py:188} INFO - [2026-07-24T18:55:43.542+0000] {dag.py:3947} INFO - Setting next_dagrun for example_task_group_decorator to 2026-07-23 00:00:00+00:00, run_after=2026-07-24 00:00:00+00:00
[2026-07-24T18:55:43.617+0000] {processor.py:183} INFO - Processing /home/airflow/.local/lib/python3.12/site-packages/airflow/example_dags/example_task_group_decorator.py took 0.376 seconds
[2026-07-24T18:56:14.272+0000] {processor.py:161} INFO - Started process (PID=15435) to work on /home/airflow/.local/lib/python3.12/site-packages/airflow/example_dags/example_task_group_decorator.py
[2026-07-24T18:56:14.275+0000] {processor.py:830} INFO - Processing file /home/airflow/.local/lib/python3.12/site-packages/airflow/example_dags/example_task_group_decorator.py for tasks to queue
[2026-07-24T18:56:14.283+0000] {logging_mixin.py:188} INFO - [2026-07-24T18:56:14.282+0000] {dagbag.py:545} INFO - Filling up the DagBag from /home/airflow/.local/lib/python3.12/site-packages/airflow/example_dags/example_task_group_decorator.py
[2026-07-24T18:56:14.335+0000] {processor.py:840} INFO - DAG(s) 'example_task_group_decorator' retrieved from /home/airflow/.local/lib/python3.12/site-packages/airflow/example_dags/example_task_group_decorator.py
[2026-07-24T18:56:14.456+0000] {logging_mixin.py:188} INFO - [2026-07-24T18:56:14.455+0000] {dag.py:3089} INFO - Sync 1 DAGs
[2026-07-24T18:56:14.538+0000] {logging_mixin.py:188} INFO - [2026-07-24T18:56:14.537+0000] {dag.py:3947} INFO - Setting next_dagrun for example_task_group_decorator to 2026-07-23 00:00:00+00:00, run_after=2026-07-24 00:00:00+00:00
[2026-07-24T18:56:14.597+0000] {processor.py:183} INFO - Processing /home/airflow/.local/lib/python3.12/site-packages/airflow/example_dags/example_task_group_decorator.py took 0.361 seconds
[2026-07-24T18:56:46.647+0000] {processor.py:161} INFO - Started process (PID=15508) to work on /home/airflow/.local/lib/python3.12/site-packages/airflow/example_dags/example_task_group_decorator.py
[2026-07-24T18:56:46.651+0000] {processor.py:830} INFO - Processing file /home/airflow/.local/lib/python3.12/site-packages/airflow/example_dags/example_task_group_decorator.py for tasks to queue
[2026-07-24T18:56:46.656+0000] {logging_mixin.py:188} INFO - [2026-07-24T18:56:46.656+0000] {dagbag.py:545} INFO - Filling up the DagBag from /home/airflow/.local/lib/python3.12/site-packages/airflow/example_dags/example_task_group_decorator.py
[2026-07-24T18:56:46.694+0000] {processor.py:840} INFO - DAG(s) 'example_task_group_decorator' retrieved from /home/airflow/.local/lib/python3.12/site-packages/airflow/example_dags/example_task_group_decorator.py
[2026-07-24T18:56:46.766+0000] {logging_mixin.py:188} INFO - [2026-07-24T18:56:46.765+0000] {dag.py:3089} INFO - Sync 1 DAGs
[2026-07-24T18:56:46.820+0000] {logging_mixin.py:188} INFO - [2026-07-24T18:56:46.820+0000] {dag.py:3947} INFO - Setting next_dagrun for example_task_group_decorator to 2026-07-23 00:00:00+00:00, run_after=2026-07-24 00:00:00+00:00
[2026-07-24T18:56:46.880+0000] {processor.py:183} INFO - Processing /home/airflow/.local/lib/python3.12/site-packages/airflow/example_dags/example_task_group_decorator.py took 0.246 seconds
[2026-07-24T18:57:17.744+0000] {processor.py:161} INFO - Started process (PID=15581) to work on /home/airflow/.local/lib/python3.12/site-packages/airflow/example_dags/example_task_group_decorator.py
[2026-07-24T18:57:17.747+0000] {processor.py:830} INFO - Processing file /home/airflow/.local/lib/python3.12/site-packages/airflow/example_dags/example_task_group_decorator.py for tasks to queue
[2026-07-24T18:57:17.753+0000] {logging_mixin.py:188} INFO - [2026-07-24T18:57:17.752+0000] {dagbag.py:545} INFO - Filling up the DagBag from /home/airflow/.local/lib/python3.12/site-packages/airflow/example_dags/example_task_group_decorator.py
[2026-07-24T18:57:17.791+0000] {processor.py:840} INFO - DAG(s) 'example_task_group_decorator' retrieved from /home/airflow/.local/lib/python3.12/site-packages/airflow/example_dags/example_task_group_decorator.py
[2026-07-24T18:57:17.858+0000] {logging_mixin.py:188} INFO - [2026-07-24T18:57:17.858+0000] {dag.py:3089} INFO - Sync 1 DAGs
[2026-07-24T18:57:17.912+0000] {logging_mixin.py:188} INFO - [2026-07-24T18:57:17.912+0000] {dag.py:3947} INFO - Setting next_dagrun for example_task_group_decorator to 2026-07-23 00:00:00+00:00, run_after=2026-07-24 00:00:00+00:00
[2026-07-24T18:57:17.979+0000] {processor.py:183} INFO - Processing /home/airflow/.local/lib/python3.12/site-packages/airflow/example_dags/example_task_group_decorator.py took 0.250 seconds
[2026-07-24T18:57:48.370+0000] {processor.py:161} INFO - Started process (PID=15647) to work on /home/airflow/.local/lib/python3.12/site-packages/airflow/example_dags/example_task_group_decorator.py
[2026-07-24T18:57:48.373+0000] {processor.py:830} INFO - Processing file /home/airflow/.local/lib/python3.12/site-packages/airflow/example_dags/example_task_group_decorator.py for tasks to queue
[2026-07-24T18:57:48.379+0000] {logging_mixin.py:188} INFO - [2026-07-24T18:57:48.378+0000] {dagbag.py:545} INFO - Filling up the DagBag from /home/airflow/.local/lib/python3.12/site-packages/airflow/example_dags/example_task_group_decorator.py
[2026-07-24T18:57:48.408+0000] {processor.py:840} INFO - DAG(s) 'example_task_group_decorator' retrieved from /home/airflow/.local/lib/python3.12/site-packages/airflow/example_dags/example_task_group_decorator.py
[2026-07-24T18:57:48.459+0000] {logging_mixin.py:188} INFO - [2026-07-24T18:57:48.458+0000] {dag.py:3089} INFO - Sync 1 DAGs
[2026-07-24T18:57:48.502+0000] {logging_mixin.py:188} INFO - [2026-07-24T18:57:48.501+0000] {dag.py:3947} INFO - Setting next_dagrun for example_task_group_decorator to 2026-07-23 00:00:00+00:00, run_after=2026-07-24 00:00:00+00:00
[2026-07-24T18:57:48.542+0000] {processor.py:183} INFO - Processing /home/airflow/.local/lib/python3.12/site-packages/airflow/example_dags/example_task_group_decorator.py took 0.185 seconds
[2026-07-24T18:58:20.579+0000] {processor.py:161} INFO - Started process (PID=15722) to work on /home/airflow/.local/lib/python3.12/site-packages/airflow/example_dags/example_task_group_decorator.py
[2026-07-24T18:58:20.582+0000] {processor.py:830} INFO - Processing file /home/airflow/.local/lib/python3.12/site-packages/airflow/example_dags/example_task_group_decorator.py for tasks to queue
[2026-07-24T18:58:20.587+0000] {logging_mixin.py:188} INFO - [2026-07-24T18:58:20.586+0000] {dagbag.py:545} INFO - Filling up the DagBag from /home/airflow/.local/lib/python3.12/site-packages/airflow/example_dags/example_task_group_decorator.py
[2026-07-24T18:58:20.612+0000] {processor.py:840} INFO - DAG(s) 'example_task_group_decorator' retrieved from /home/airflow/.local/lib/python3.12/site-packages/airflow/example_dags/example_task_group_decorator.py
[2026-07-24T18:58:20.653+0000] {logging_mixin.py:188} INFO - [2026-07-24T18:58:20.653+0000] {dag.py:3089} INFO - Sync 1 DAGs
[2026-07-24T18:58:20.704+0000] {logging_mixin.py:188} INFO - [2026-07-24T18:58:20.703+0000] {dag.py:3947} INFO - Setting next_dagrun for example_task_group_decorator to 2026-07-23 00:00:00+00:00, run_after=2026-07-24 00:00:00+00:00
[2026-07-24T18:58:20.741+0000] {processor.py:183} INFO - Processing /home/airflow/.local/lib/python3.12/site-packages/airflow/example_dags/example_task_group_decorator.py took 0.170 seconds
[2026-07-24T18:58:51.183+0000] {processor.py:161} INFO - Started process (PID=15795) to work on /home/airflow/.local/lib/python3.12/site-packages/airflow/example_dags/example_task_group_decorator.py
[2026-07-24T18:58:51.187+0000] {processor.py:830} INFO - Processing file /home/airflow/.local/lib/python3.12/site-packages/airflow/example_dags/example_task_group_decorator.py for tasks to queue
[2026-07-24T18:58:51.191+0000] {logging_mixin.py:188} INFO - [2026-07-24T18:58:51.190+0000] {dagbag.py:545} INFO - Filling up the DagBag from /home/airflow/.local/lib/python3.12/site-packages/airflow/example_dags/example_task_group_decorator.py
[2026-07-24T18:58:51.219+0000] {processor.py:840} INFO - DAG(s) 'example_task_group_decorator' retrieved from /home/airflow/.local/lib/python3.12/site-packages/airflow/example_dags/example_task_group_decorator.py
[2026-07-24T18:58:51.261+0000] {logging_mixin.py:188} INFO - [2026-07-24T18:58:51.260+0000] {dag.py:3089} INFO - Sync 1 DAGs
[2026-07-24T18:58:51.304+0000] {logging_mixin.py:188} INFO - [2026-07-24T18:58:51.304+0000] {dag.py:3947} INFO - Setting next_dagrun for example_task_group_decorator to 2026-07-23 00:00:00+00:00, run_after=2026-07-24 00:00:00+00:00
[2026-07-24T18:58:51.337+0000] {processor.py:183} INFO - Processing /home/airflow/.local/lib/python3.12/site-packages/airflow/example_dags/example_task_group_decorator.py took 0.168 seconds
[2026-07-24T18:59:22.221+0000] {processor.py:161} INFO - Started process (PID=15868) to work on /home/airflow/.local/lib/python3.12/site-packages/airflow/example_dags/example_task_group_decorator.py
[2026-07-24T18:59:22.223+0000] {processor.py:830} INFO - Processing file /home/airflow/.local/lib/python3.12/site-packages/airflow/example_dags/example_task_group_decorator.py for tasks to queue
[2026-07-24T18:59:22.228+0000] {logging_mixin.py:188} INFO - [2026-07-24T18:59:22.227+0000] {dagbag.py:545} INFO - Filling up the DagBag from /home/airflow/.local/lib/python3.12/site-packages/airflow/example_dags/example_task_group_decorator.py
[2026-07-24T18:59:22.254+0000] {processor.py:840} INFO - DAG(s) 'example_task_group_decorator' retrieved from /home/airflow/.local/lib/python3.12/site-packages/airflow/example_dags/example_task_group_decorator.py
[2026-07-24T18:59:22.304+0000] {logging_mixin.py:188} INFO - [2026-07-24T18:59:22.304+0000] {dag.py:3089} INFO - Sync 1 DAGs
[2026-07-24T18:59:22.346+0000] {logging_mixin.py:188} INFO - [2026-07-24T18:59:22.346+0000] {dag.py:3947} INFO - Setting next_dagrun for example_task_group_decorator to 2026-07-23 00:00:00+00:00, run_after=2026-07-24 00:00:00+00:00
[2026-07-24T18:59:22.386+0000] {processor.py:183} INFO - Processing /home/airflow/.local/lib/python3.12/site-packages/airflow/example_dags/example_task_group_decorator.py took 0.175 seconds
[2026-07-24T18:59:54.207+0000] {processor.py:161} INFO - Started process (PID=15941) to work on /home/airflow/.local/lib/python3.12/site-packages/airflow/example_dags/example_task_group_decorator.py
[2026-07-24T18:59:54.212+0000] {processor.py:830} INFO - Processing file /home/airflow/.local/lib/python3.12/site-packages/airflow/example_dags/example_task_group_decorator.py for tasks to queue
[2026-07-24T18:59:54.219+0000] {logging_mixin.py:188} INFO - [2026-07-24T18:59:54.218+0000] {dagbag.py:545} INFO - Filling up the DagBag from /home/airflow/.local/lib/python3.12/site-packages/airflow/example_dags/example_task_group_decorator.py
[2026-07-24T18:59:54.259+0000] {processor.py:840} INFO - DAG(s) 'example_task_group_decorator' retrieved from /home/airflow/.local/lib/python3.12/site-packages/airflow/example_dags/example_task_group_decorator.py
[2026-07-24T18:59:54.327+0000] {logging_mixin.py:188} INFO - [2026-07-24T18:59:54.327+0000] {dag.py:3089} INFO - Sync 1 DAGs
[2026-07-24T18:59:54.379+0000] {logging_mixin.py:188} INFO - [2026-07-24T18:59:54.379+0000] {dag.py:3947} INFO - Setting next_dagrun for example_task_group_decorator to 2026-07-23 00:00:00+00:00, run_after=2026-07-24 00:00:00+00:00
[2026-07-24T18:59:54.418+0000] {processor.py:183} INFO - Processing /home/airflow/.local/lib/python3.12/site-packages/airflow/example_dags/example_task_group_decorator.py took 0.223 seconds
[2026-07-24T19:00:25.789+0000] {processor.py:161} INFO - Started process (PID=16016) to work on /home/airflow/.local/lib/python3.12/site-packages/airflow/example_dags/example_task_group_decorator.py
[2026-07-24T19:00:25.791+0000] {processor.py:830} INFO - Processing file /home/airflow/.local/lib/python3.12/site-packages/airflow/example_dags/example_task_group_decorator.py for tasks to queue
[2026-07-24T19:00:25.795+0000] {logging_mixin.py:188} INFO - [2026-07-24T19:00:25.794+0000] {dagbag.py:545} INFO - Filling up the DagBag from /home/airflow/.local/lib/python3.12/site-packages/airflow/example_dags/example_task_group_decorator.py
[2026-07-24T19:00:25.814+0000] {processor.py:840} INFO - DAG(s) 'example_task_group_decorator' retrieved from /home/airflow/.local/lib/python3.12/site-packages/airflow/example_dags/example_task_group_decorator.py
[2026-07-24T19:00:25.856+0000] {logging_mixin.py:188} INFO - [2026-07-24T19:00:25.856+0000] {dag.py:3089} INFO - Sync 1 DAGs
[2026-07-24T19:00:25.892+0000] {logging_mixin.py:188} INFO - [2026-07-24T19:00:25.891+0000] {dag.py:3947} INFO - Setting next_dagrun for example_task_group_decorator to 2026-07-23 00:00:00+00:00, run_after=2026-07-24 00:00:00+00:00
[2026-07-24T19:00:25.928+0000] {processor.py:183} INFO - Processing /home/airflow/.local/lib/python3.12/site-packages/airflow/example_dags/example_task_group_decorator.py took 0.149 seconds
[2026-07-24T19:00:58.326+0000] {processor.py:161} INFO - Started process (PID=16090) to work on /home/airflow/.local/lib/python3.12/site-packages/airflow/example_dags/example_task_group_decorator.py
[2026-07-24T19:00:58.329+0000] {processor.py:830} INFO - Processing file /home/airflow/.local/lib/python3.12/site-packages/airflow/example_dags/example_task_group_decorator.py for tasks to queue
[2026-07-24T19:00:58.333+0000] {logging_mixin.py:188} INFO - [2026-07-24T19:00:58.332+0000] {dagbag.py:545} INFO - Filling up the DagBag from /home/airflow/.local/lib/python3.12/site-packages/airflow/example_dags/example_task_group_decorator.py
[2026-07-24T19:00:58.355+0000] {processor.py:840} INFO - DAG(s) 'example_task_group_decorator' retrieved from /home/airflow/.local/lib/python3.12/site-packages/airflow/example_dags/example_task_group_decorator.py
[2026-07-24T19:00:58.395+0000] {logging_mixin.py:188} INFO - [2026-07-24T19:00:58.394+0000] {dag.py:3089} INFO - Sync 1 DAGs
[2026-07-24T19:00:58.436+0000] {logging_mixin.py:188} INFO - [2026-07-24T19:00:58.436+0000] {dag.py:3947} INFO - Setting next_dagrun for example_task_group_decorator to 2026-07-23 00:00:00+00:00, run_after=2026-07-24 00:00:00+00:00
[2026-07-24T19:00:58.485+0000] {processor.py:183} INFO - Processing /home/airflow/.local/lib/python3.12/site-packages/airflow/example_dags/example_task_group_decorator.py took 0.170 seconds
[2026-07-24T19:01:29.602+0000] {processor.py:161} INFO - Started process (PID=16163) to work on /home/airflow/.local/lib/python3.12/site-packages/airflow/example_dags/example_task_group_decorator.py
[2026-07-24T19:01:29.605+0000] {processor.py:830} INFO - Processing file /home/airflow/.local/lib/python3.12/site-packages/airflow/example_dags/example_task_group_decorator.py for tasks to queue
[2026-07-24T19:01:29.610+0000] {logging_mixin.py:188} INFO - [2026-07-24T19:01:29.609+0000] {dagbag.py:545} INFO - Filling up the DagBag from /home/airflow/.local/lib/python3.12/site-packages/airflow/example_dags/example_task_group_decorator.py
[2026-07-24T19:01:29.644+0000] {processor.py:840} INFO - DAG(s) 'example_task_group_decorator' retrieved from /home/airflow/.local/lib/python3.12/site-packages/airflow/example_dags/example_task_group_decorator.py
[2026-07-24T19:01:29.699+0000] {logging_mixin.py:188} INFO - [2026-07-24T19:01:29.699+0000] {dag.py:3089} INFO - Sync 1 DAGs
[2026-07-24T19:01:29.745+0000] {logging_mixin.py:188} INFO - [2026-07-24T19:01:29.745+0000] {dag.py:3947} INFO - Setting next_dagrun for example_task_group_decorator to 2026-07-23 00:00:00+00:00, run_after=2026-07-24 00:00:00+00:00
[2026-07-24T19:01:29.794+0000] {processor.py:183} INFO - Processing /home/airflow/.local/lib/python3.12/site-packages/airflow/example_dags/example_task_group_decorator.py took 0.204 seconds
[2026-07-24T19:02:00.879+0000] {processor.py:161} INFO - Started process (PID=16235) to work on /home/airflow/.local/lib/python3.12/site-packages/airflow/example_dags/example_task_group_decorator.py
[2026-07-24T19:02:00.881+0000] {processor.py:830} INFO - Processing file /home/airflow/.local/lib/python3.12/site-packages/airflow/example_dags/example_task_group_decorator.py for tasks to queue
[2026-07-24T19:02:00.886+0000] {logging_mixin.py:188} INFO - [2026-07-24T19:02:00.885+0000] {dagbag.py:545} INFO - Filling up the DagBag from /home/airflow/.local/lib/python3.12/site-packages/airflow/example_dags/example_task_group_decorator.py
[2026-07-24T19:02:00.911+0000] {processor.py:840} INFO - DAG(s) 'example_task_group_decorator' retrieved from /home/airflow/.local/lib/python3.12/site-packages/airflow/example_dags/example_task_group_decorator.py
[2026-07-24T19:02:00.965+0000] {logging_mixin.py:188} INFO - [2026-07-24T19:02:00.964+0000] {dag.py:3089} INFO - Sync 1 DAGs
[2026-07-24T19:02:01.008+0000] {logging_mixin.py:188} INFO - [2026-07-24T19:02:01.007+0000] {dag.py:3947} INFO - Setting next_dagrun for example_task_group_decorator to 2026-07-23 00:00:00+00:00, run_after=2026-07-24 00:00:00+00:00
[2026-07-24T19:02:01.076+0000] {processor.py:183} INFO - Processing /home/airflow/.local/lib/python3.12/site-packages/airflow/example_dags/example_task_group_decorator.py took 0.211 seconds
[2026-07-24T19:02:32.432+0000] {processor.py:161} INFO - Started process (PID=16309) to work on /home/airflow/.local/lib/python3.12/site-packages/airflow/example_dags/example_task_group_decorator.py
[2026-07-24T19:02:32.434+0000] {processor.py:830} INFO - Processing file /home/airflow/.local/lib/python3.12/site-packages/airflow/example_dags/example_task_group_decorator.py for tasks to queue
[2026-07-24T19:02:32.439+0000] {logging_mixin.py:188} INFO - [2026-07-24T19:02:32.438+0000] {dagbag.py:545} INFO - Filling up the DagBag from /home/airflow/.local/lib/python3.12/site-packages/airflow/example_dags/example_task_group_decorator.py
[2026-07-24T19:02:32.470+0000] {processor.py:840} INFO - DAG(s) 'example_task_group_decorator' retrieved from /home/airflow/.local/lib/python3.12/site-packages/airflow/example_dags/example_task_group_decorator.py
[2026-07-24T19:02:32.524+0000] {logging_mixin.py:188} INFO - [2026-07-24T19:02:32.524+0000] {dag.py:3089} INFO - Sync 1 DAGs
[2026-07-24T19:02:32.557+0000] {logging_mixin.py:188} INFO - [2026-07-24T19:02:32.556+0000] {dag.py:3947} INFO - Setting next_dagrun for example_task_group_decorator to 2026-07-23 00:00:00+00:00, run_after=2026-07-24 00:00:00+00:00
[2026-07-24T19:02:32.591+0000] {processor.py:183} INFO - Processing /home/airflow/.local/lib/python3.12/site-packages/airflow/example_dags/example_task_group_decorator.py took 0.170 seconds
[2026-07-24T19:03:03.198+0000] {processor.py:161} INFO - Started process (PID=16382) to work on /home/airflow/.local/lib/python3.12/site-packages/airflow/example_dags/example_task_group_decorator.py
[2026-07-24T19:03:03.204+0000] {processor.py:830} INFO - Processing file /home/airflow/.local/lib/python3.12/site-packages/airflow/example_dags/example_task_group_decorator.py for tasks to queue
[2026-07-24T19:03:03.211+0000] {logging_mixin.py:188} INFO - [2026-07-24T19:03:03.210+0000] {dagbag.py:545} INFO - Filling up the DagBag from /home/airflow/.local/lib/python3.12/site-packages/airflow/example_dags/example_task_group_decorator.py
[2026-07-24T19:03:03.253+0000] {processor.py:840} INFO - DAG(s) 'example_task_group_decorator' retrieved from /home/airflow/.local/lib/python3.12/site-packages/airflow/example_dags/example_task_group_decorator.py
[2026-07-24T19:03:03.330+0000] {logging_mixin.py:188} INFO - [2026-07-24T19:03:03.329+0000] {dag.py:3089} INFO - Sync 1 DAGs
[2026-07-24T19:03:03.398+0000] {logging_mixin.py:188} INFO - [2026-07-24T19:03:03.397+0000] {dag.py:3947} INFO - Setting next_dagrun for example_task_group_decorator to 2026-07-23 00:00:00+00:00, run_after=2026-07-24 00:00:00+00:00
[2026-07-24T19:03:03.455+0000] {processor.py:183} INFO - Processing /home/airflow/.local/lib/python3.12/site-packages/airflow/example_dags/example_task_group_decorator.py took 0.277 seconds
[2026-07-24T19:03:34.207+0000] {processor.py:161} INFO - Started process (PID=16456) to work on /home/airflow/.local/lib/python3.12/site-packages/airflow/example_dags/example_task_group_decorator.py
[2026-07-24T19:03:34.210+0000] {processor.py:830} INFO - Processing file /home/airflow/.local/lib/python3.12/site-packages/airflow/example_dags/example_task_group_decorator.py for tasks to queue
[2026-07-24T19:03:34.216+0000] {logging_mixin.py:188} INFO - [2026-07-24T19:03:34.215+0000] {dagbag.py:545} INFO - Filling up the DagBag from /home/airflow/.local/lib/python3.12/site-packages/airflow/example_dags/example_task_group_decorator.py
[2026-07-24T19:03:34.239+0000] {processor.py:840} INFO - DAG(s) 'example_task_group_decorator' retrieved from /home/airflow/.local/lib/python3.12/site-packages/airflow/example_dags/example_task_group_decorator.py
[2026-07-24T19:03:34.278+0000] {logging_mixin.py:188} INFO - [2026-07-24T19:03:34.278+0000] {dag.py:3089} INFO - Sync 1 DAGs
[2026-07-24T19:03:34.313+0000] {logging_mixin.py:188} INFO - [2026-07-24T19:03:34.313+0000] {dag.py:3947} INFO - Setting next_dagrun for example_task_group_decorator to 2026-07-23 00:00:00+00:00, run_after=2026-07-24 00:00:00+00:00
[2026-07-24T19:03:34.350+0000] {processor.py:183} INFO - Processing /home/airflow/.local/lib/python3.12/site-packages/airflow/example_dags/example_task_group_decorator.py took 0.155 seconds
[2026-07-24T19:04:05.766+0000] {processor.py:161} INFO - Started process (PID=16537) to work on /home/airflow/.local/lib/python3.12/site-packages/airflow/example_dags/example_task_group_decorator.py
[2026-07-24T19:04:05.768+0000] {processor.py:830} INFO - Processing file /home/airflow/.local/lib/python3.12/site-packages/airflow/example_dags/example_task_group_decorator.py for tasks to queue
[2026-07-24T19:04:05.774+0000] {logging_mixin.py:188} INFO - [2026-07-24T19:04:05.773+0000] {dagbag.py:545} INFO - Filling up the DagBag from /home/airflow/.local/lib/python3.12/site-packages/airflow/example_dags/example_task_group_decorator.py
[2026-07-24T19:04:05.804+0000] {processor.py:840} INFO - DAG(s) 'example_task_group_decorator' retrieved from /home/airflow/.local/lib/python3.12/site-packages/airflow/example_dags/example_task_group_decorator.py
[2026-07-24T19:04:05.862+0000] {logging_mixin.py:188} INFO - [2026-07-24T19:04:05.861+0000] {dag.py:3089} INFO - Sync 1 DAGs
[2026-07-24T19:04:05.901+0000] {logging_mixin.py:188} INFO - [2026-07-24T19:04:05.901+0000] {dag.py:3947} INFO - Setting next_dagrun for example_task_group_decorator to 2026-07-23 00:00:00+00:00, run_after=2026-07-24 00:00:00+00:00
[2026-07-24T19:04:05.939+0000] {processor.py:183} INFO - Processing /home/airflow/.local/lib/python3.12/site-packages/airflow/example_dags/example_task_group_decorator.py took 0.183 seconds
[2026-07-24T19:04:36.977+0000] {processor.py:161} INFO - Started process (PID=16605) to work on /home/airflow/.local/lib/python3.12/site-packages/airflow/example_dags/example_task_group_decorator.py
[2026-07-24T19:04:36.981+0000] {processor.py:830} INFO - Processing file /home/airflow/.local/lib/python3.12/site-packages/airflow/example_dags/example_task_group_decorator.py for tasks to queue
[2026-07-24T19:04:36.987+0000] {logging_mixin.py:188} INFO - [2026-07-24T19:04:36.986+0000] {dagbag.py:545} INFO - Filling up the DagBag from /home/airflow/.local/lib/python3.12/site-packages/airflow/example_dags/example_task_group_decorator.py
[2026-07-24T19:04:37.014+0000] {processor.py:840} INFO - DAG(s) 'example_task_group_decorator' retrieved from /home/airflow/.local/lib/python3.12/site-packages/airflow/example_dags/example_task_group_decorator.py
[2026-07-24T19:04:37.064+0000] {logging_mixin.py:188} INFO - [2026-07-24T19:04:37.064+0000] {dag.py:3089} INFO - Sync 1 DAGs
[2026-07-24T19:04:37.110+0000] {logging_mixin.py:188} INFO - [2026-07-24T19:04:37.109+0000] {dag.py:3947} INFO - Setting next_dagrun for example_task_group_decorator to 2026-07-23 00:00:00+00:00, run_after=2026-07-24 00:00:00+00:00
[2026-07-24T19:04:37.149+0000] {processor.py:183} INFO - Processing /home/airflow/.local/lib/python3.12/site-packages/airflow/example_dags/example_task_group_decorator.py took 0.184 seconds
[2026-07-24T19:05:07.678+0000] {processor.py:161} INFO - Started process (PID=16684) to work on /home/airflow/.local/lib/python3.12/site-packages/airflow/example_dags/example_task_group_decorator.py
[2026-07-24T19:05:07.681+0000] {processor.py:830} INFO - Processing file /home/airflow/.local/lib/python3.12/site-packages/airflow/example_dags/example_task_group_decorator.py for tasks to queue
[2026-07-24T19:05:07.688+0000] {logging_mixin.py:188} INFO - [2026-07-24T19:05:07.687+0000] {dagbag.py:545} INFO - Filling up the DagBag from /home/airflow/.local/lib/python3.12/site-packages/airflow/example_dags/example_task_group_decorator.py
[2026-07-24T19:05:07.725+0000] {processor.py:840} INFO - DAG(s) 'example_task_group_decorator' retrieved from /home/airflow/.local/lib/python3.12/site-packages/airflow/example_dags/example_task_group_decorator.py
[2026-07-24T19:05:07.775+0000] {logging_mixin.py:188} INFO - [2026-07-24T19:05:07.774+0000] {dag.py:3089} INFO - Sync 1 DAGs
[2026-07-24T19:05:07.838+0000] {logging_mixin.py:188} INFO - [2026-07-24T19:05:07.837+0000] {dag.py:3947} INFO - Setting next_dagrun for example_task_group_decorator to 2026-07-23 00:00:00+00:00, run_after=2026-07-24 00:00:00+00:00
[2026-07-24T19:05:07.888+0000] {processor.py:183} INFO - Processing /home/airflow/.local/lib/python3.12/site-packages/airflow/example_dags/example_task_group_decorator.py took 0.224 seconds
[2026-07-24T19:05:38.136+0000] {processor.py:161} INFO - Started process (PID=16750) to work on /home/airflow/.local/lib/python3.12/site-packages/airflow/example_dags/example_task_group_decorator.py
[2026-07-24T19:05:38.138+0000] {processor.py:830} INFO - Processing file /home/airflow/.local/lib/python3.12/site-packages/airflow/example_dags/example_task_group_decorator.py for tasks to queue
[2026-07-24T19:05:38.143+0000] {logging_mixin.py:188} INFO - [2026-07-24T19:05:38.142+0000] {dagbag.py:545} INFO - Filling up the DagBag from /home/airflow/.local/lib/python3.12/site-packages/airflow/example_dags/example_task_group_decorator.py
[2026-07-24T19:05:38.165+0000] {processor.py:840} INFO - DAG(s) 'example_task_group_decorator' retrieved from /home/airflow/.local/lib/python3.12/site-packages/airflow/example_dags/example_task_group_decorator.py
[2026-07-24T19:05:38.210+0000] {logging_mixin.py:188} INFO - [2026-07-24T19:05:38.210+0000] {dag.py:3089} INFO - Sync 1 DAGs
[2026-07-24T19:05:38.249+0000] {logging_mixin.py:188} INFO - [2026-07-24T19:05:38.248+0000] {dag.py:3947} INFO - Setting next_dagrun for example_task_group_decorator to 2026-07-23 00:00:00+00:00, run_after=2026-07-24 00:00:00+00:00
[2026-07-24T19:05:38.283+0000] {processor.py:183} INFO - Processing /home/airflow/.local/lib/python3.12/site-packages/airflow/example_dags/example_task_group_decorator.py took 0.155 seconds
[2026-07-24T19:06:10.168+0000] {processor.py:161} INFO - Started process (PID=16832) to work on /home/airflow/.local/lib/python3.12/site-packages/airflow/example_dags/example_task_group_decorator.py
[2026-07-24T19:06:10.170+0000] {processor.py:830} INFO - Processing file /home/airflow/.local/lib/python3.12/site-packages/airflow/example_dags/example_task_group_decorator.py for tasks to queue
[2026-07-24T19:06:10.175+0000] {logging_mixin.py:188} INFO - [2026-07-24T19:06:10.174+0000] {dagbag.py:545} INFO - Filling up the DagBag from /home/airflow/.local/lib/python3.12/site-packages/airflow/example_dags/example_task_group_decorator.py
[2026-07-24T19:06:10.205+0000] {processor.py:840} INFO - DAG(s) 'example_task_group_decorator' retrieved from /home/airflow/.local/lib/python3.12/site-packages/airflow/example_dags/example_task_group_decorator.py
[2026-07-24T19:06:10.271+0000] {logging_mixin.py:188} INFO - [2026-07-24T19:06:10.270+0000] {dag.py:3089} INFO - Sync 1 DAGs
[2026-07-24T19:06:10.320+0000] {logging_mixin.py:188} INFO - [2026-07-24T19:06:10.319+0000] {dag.py:3947} INFO - Setting next_dagrun for example_task_group_decorator to 2026-07-23 00:00:00+00:00, run_after=2026-07-24 00:00:00+00:00
[2026-07-24T19:06:10.381+0000] {processor.py:183} INFO - Processing /home/airflow/.local/lib/python3.12/site-packages/airflow/example_dags/example_task_group_decorator.py took 0.222 seconds
[2026-07-24T19:06:40.719+0000] {processor.py:161} INFO - Started process (PID=16898) to work on /home/airflow/.local/lib/python3.12/site-packages/airflow/example_dags/example_task_group_decorator.py
[2026-07-24T19:06:40.721+0000] {processor.py:830} INFO - Processing file /home/airflow/.local/lib/python3.12/site-packages/airflow/example_dags/example_task_group_decorator.py for tasks to queue
[2026-07-24T19:06:40.726+0000] {logging_mixin.py:188} INFO - [2026-07-24T19:06:40.725+0000] {dagbag.py:545} INFO - Filling up the DagBag from /home/airflow/.local/lib/python3.12/site-packages/airflow/example_dags/example_task_group_decorator.py
[2026-07-24T19:06:40.747+0000] {processor.py:840} INFO - DAG(s) 'example_task_group_decorator' retrieved from /home/airflow/.local/lib/python3.12/site-packages/airflow/example_dags/example_task_group_decorator.py
[2026-07-24T19:06:40.782+0000] {logging_mixin.py:188} INFO - [2026-07-24T19:06:40.782+0000] {dag.py:3089} INFO - Sync 1 DAGs
[2026-07-24T19:06:40.815+0000] {logging_mixin.py:188} INFO - [2026-07-24T19:06:40.814+0000] {dag.py:3947} INFO - Setting next_dagrun for example_task_group_decorator to 2026-07-23 00:00:00+00:00, run_after=2026-07-24 00:00:00+00:00
[2026-07-24T19:06:40.847+0000] {processor.py:183} INFO - Processing /home/airflow/.local/lib/python3.12/site-packages/airflow/example_dags/example_task_group_decorator.py took 0.135 seconds
[2026-07-24T19:07:12.097+0000] {processor.py:161} INFO - Started process (PID=16971) to work on /home/airflow/.local/lib/python3.12/site-packages/airflow/example_dags/example_task_group_decorator.py
[2026-07-24T19:07:12.099+0000] {processor.py:830} INFO - Processing file /home/airflow/.local/lib/python3.12/site-packages/airflow/example_dags/example_task_group_decorator.py for tasks to queue
[2026-07-24T19:07:12.105+0000] {logging_mixin.py:188} INFO - [2026-07-24T19:07:12.104+0000] {dagbag.py:545} INFO - Filling up the DagBag from /home/airflow/.local/lib/python3.12/site-packages/airflow/example_dags/example_task_group_decorator.py
[2026-07-24T19:07:12.142+0000] {processor.py:840} INFO - DAG(s) 'example_task_group_decorator' retrieved from /home/airflow/.local/lib/python3.12/site-packages/airflow/example_dags/example_task_group_decorator.py
[2026-07-24T19:07:12.196+0000] {logging_mixin.py:188} INFO - [2026-07-24T19:07:12.195+0000] {dag.py:3089} INFO - Sync 1 DAGs
[2026-07-24T19:07:12.240+0000] {logging_mixin.py:188} INFO - [2026-07-24T19:07:12.239+0000] {dag.py:3947} INFO - Setting next_dagrun for example_task_group_decorator to 2026-07-23 00:00:00+00:00, run_after=2026-07-24 00:00:00+00:00
[2026-07-24T19:07:12.283+0000] {processor.py:183} INFO - Processing /home/airflow/.local/lib/python3.12/site-packages/airflow/example_dags/example_task_group_decorator.py took 0.214 seconds
[2026-07-24T19:07:42.451+0000] {processor.py:161} INFO - Started process (PID=17044) to work on /home/airflow/.local/lib/python3.12/site-packages/airflow/example_dags/example_task_group_decorator.py
[2026-07-24T19:07:42.453+0000] {processor.py:830} INFO - Processing file /home/airflow/.local/lib/python3.12/site-packages/airflow/example_dags/example_task_group_decorator.py for tasks to queue
[2026-07-24T19:07:42.457+0000] {logging_mixin.py:188} INFO - [2026-07-24T19:07:42.456+0000] {dagbag.py:545} INFO - Filling up the DagBag from /home/airflow/.local/lib/python3.12/site-packages/airflow/example_dags/example_task_group_decorator.py
[2026-07-24T19:07:42.475+0000] {processor.py:840} INFO - DAG(s) 'example_task_group_decorator' retrieved from /home/airflow/.local/lib/python3.12/site-packages/airflow/example_dags/example_task_group_decorator.py
[2026-07-24T19:07:42.518+0000] {logging_mixin.py:188} INFO - [2026-07-24T19:07:42.518+0000] {dag.py:3089} INFO - Sync 1 DAGs
[2026-07-24T19:07:42.554+0000] {logging_mixin.py:188} INFO - [2026-07-24T19:07:42.553+0000] {dag.py:3947} INFO - Setting next_dagrun for example_task_group_decorator to 2026-07-23 00:00:00+00:00, run_after=2026-07-24 00:00:00+00:00
[2026-07-24T19:07:42.596+0000] {processor.py:183} INFO - Processing /home/airflow/.local/lib/python3.12/site-packages/airflow/example_dags/example_task_group_decorator.py took 0.153 seconds
[2026-07-24T19:08:13.399+0000] {processor.py:161} INFO - Started process (PID=17117) to work on /home/airflow/.local/lib/python3.12/site-packages/airflow/example_dags/example_task_group_decorator.py
[2026-07-24T19:08:13.403+0000] {processor.py:830} INFO - Processing file /home/airflow/.local/lib/python3.12/site-packages/airflow/example_dags/example_task_group_decorator.py for tasks to queue
[2026-07-24T19:08:13.409+0000] {logging_mixin.py:188} INFO - [2026-07-24T19:08:13.408+0000] {dagbag.py:545} INFO - Filling up the DagBag from /home/airflow/.local/lib/python3.12/site-packages/airflow/example_dags/example_task_group_decorator.py
[2026-07-24T19:08:13.455+0000] {processor.py:840} INFO - DAG(s) 'example_task_group_decorator' retrieved from /home/airflow/.local/lib/python3.12/site-packages/airflow/example_dags/example_task_group_decorator.py
[2026-07-24T19:08:13.528+0000] {logging_mixin.py:188} INFO - [2026-07-24T19:08:13.527+0000] {dag.py:3089} INFO - Sync 1 DAGs
[2026-07-24T19:08:13.597+0000] {logging_mixin.py:188} INFO - [2026-07-24T19:08:13.596+0000] {dag.py:3947} INFO - Setting next_dagrun for example_task_group_decorator to 2026-07-23 00:00:00+00:00, run_after=2026-07-24 00:00:00+00:00
[2026-07-24T19:08:13.652+0000] {processor.py:183} INFO - Processing /home/airflow/.local/lib/python3.12/site-packages/airflow/example_dags/example_task_group_decorator.py took 0.270 seconds
[2026-07-24T19:08:45.102+0000] {processor.py:161} INFO - Started process (PID=17190) to work on /home/airflow/.local/lib/python3.12/site-packages/airflow/example_dags/example_task_group_decorator.py
[2026-07-24T19:08:45.107+0000] {processor.py:830} INFO - Processing file /home/airflow/.local/lib/python3.12/site-packages/airflow/example_dags/example_task_group_decorator.py for tasks to queue
[2026-07-24T19:08:45.115+0000] {logging_mixin.py:188} INFO - [2026-07-24T19:08:45.113+0000] {dagbag.py:545} INFO - Filling up the DagBag from /home/airflow/.local/lib/python3.12/site-packages/airflow/example_dags/example_task_group_decorator.py
[2026-07-24T19:08:45.160+0000] {processor.py:840} INFO - DAG(s) 'example_task_group_decorator' retrieved from /home/airflow/.local/lib/python3.12/site-packages/airflow/example_dags/example_task_group_decorator.py
[2026-07-24T19:08:45.242+0000] {logging_mixin.py:188} INFO - [2026-07-24T19:08:45.241+0000] {dag.py:3089} INFO - Sync 1 DAGs
[2026-07-24T19:08:45.312+0000] {logging_mixin.py:188} INFO - [2026-07-24T19:08:45.312+0000] {dag.py:3947} INFO - Setting next_dagrun for example_task_group_decorator to 2026-07-23 00:00:00+00:00, run_after=2026-07-24 00:00:00+00:00
[2026-07-24T19:08:45.369+0000] {processor.py:183} INFO - Processing /home/airflow/.local/lib/python3.12/site-packages/airflow/example_dags/example_task_group_decorator.py took 0.290 seconds
[2026-07-24T19:09:15.775+0000] {processor.py:161} INFO - Started process (PID=17263) to work on /home/airflow/.local/lib/python3.12/site-packages/airflow/example_dags/example_task_group_decorator.py
[2026-07-24T19:09:15.778+0000] {processor.py:830} INFO - Processing file /home/airflow/.local/lib/python3.12/site-packages/airflow/example_dags/example_task_group_decorator.py for tasks to queue
[2026-07-24T19:09:15.783+0000] {logging_mixin.py:188} INFO - [2026-07-24T19:09:15.782+0000] {dagbag.py:545} INFO - Filling up the DagBag from /home/airflow/.local/lib/python3.12/site-packages/airflow/example_dags/example_task_group_decorator.py
[2026-07-24T19:09:15.831+0000] {processor.py:840} INFO - DAG(s) 'example_task_group_decorator' retrieved from /home/airflow/.local/lib/python3.12/site-packages/airflow/example_dags/example_task_group_decorator.py
[2026-07-24T19:09:15.898+0000] {logging_mixin.py:188} INFO - [2026-07-24T19:09:15.898+0000] {dag.py:3089} INFO - Sync 1 DAGs
[2026-07-24T19:09:15.937+0000] {logging_mixin.py:188} INFO - [2026-07-24T19:09:15.937+0000] {dag.py:3947} INFO - Setting next_dagrun for example_task_group_decorator to 2026-07-23 00:00:00+00:00, run_after=2026-07-24 00:00:00+00:00
[2026-07-24T19:09:15.983+0000] {processor.py:183} INFO - Processing /home/airflow/.local/lib/python3.12/site-packages/airflow/example_dags/example_task_group_decorator.py took 0.216 seconds
[2026-07-24T19:09:47.678+0000] {processor.py:161} INFO - Started process (PID=17336) to work on /home/airflow/.local/lib/python3.12/site-packages/airflow/example_dags/example_task_group_decorator.py
[2026-07-24T19:09:47.681+0000] {processor.py:830} INFO - Processing file /home/airflow/.local/lib/python3.12/site-packages/airflow/example_dags/example_task_group_decorator.py for tasks to queue
[2026-07-24T19:09:47.686+0000] {logging_mixin.py:188} INFO - [2026-07-24T19:09:47.685+0000] {dagbag.py:545} INFO - Filling up the DagBag from /home/airflow/.local/lib/python3.12/site-packages/airflow/example_dags/example_task_group_decorator.py
[2026-07-24T19:09:47.730+0000] {processor.py:840} INFO - DAG(s) 'example_task_group_decorator' retrieved from /home/airflow/.local/lib/python3.12/site-packages/airflow/example_dags/example_task_group_decorator.py
[2026-07-24T19:09:47.799+0000] {logging_mixin.py:188} INFO - [2026-07-24T19:09:47.799+0000] {dag.py:3089} INFO - Sync 1 DAGs
[2026-07-24T19:09:47.866+0000] {logging_mixin.py:188} INFO - [2026-07-24T19:09:47.865+0000] {dag.py:3947} INFO - Setting next_dagrun for example_task_group_decorator to 2026-07-23 00:00:00+00:00, run_after=2026-07-24 00:00:00+00:00
[2026-07-24T19:09:47.918+0000] {processor.py:183} INFO - Processing /home/airflow/.local/lib/python3.12/site-packages/airflow/example_dags/example_task_group_decorator.py took 0.259 seconds
[2026-07-24T19:10:24.092+0000] {processor.py:161} INFO - Started process (PID=17409) to work on /home/airflow/.local/lib/python3.12/site-packages/airflow/example_dags/example_task_group_decorator.py
[2026-07-24T19:10:24.096+0000] {processor.py:830} INFO - Processing file /home/airflow/.local/lib/python3.12/site-packages/airflow/example_dags/example_task_group_decorator.py for tasks to queue
[2026-07-24T19:10:24.100+0000] {logging_mixin.py:188} INFO - [2026-07-24T19:10:24.100+0000] {dagbag.py:545} INFO - Filling up the DagBag from /home/airflow/.local/lib/python3.12/site-packages/airflow/example_dags/example_task_group_decorator.py
[2026-07-24T19:10:24.130+0000] {processor.py:840} INFO - DAG(s) 'example_task_group_decorator' retrieved from /home/airflow/.local/lib/python3.12/site-packages/airflow/example_dags/example_task_group_decorator.py
[2026-07-24T19:10:24.186+0000] {logging_mixin.py:188} INFO - [2026-07-24T19:10:24.186+0000] {dag.py:3089} INFO - Sync 1 DAGs
[2026-07-24T19:10:24.234+0000] {logging_mixin.py:188} INFO - [2026-07-24T19:10:24.234+0000] {dag.py:3947} INFO - Setting next_dagrun for example_task_group_decorator to 2026-07-23 00:00:00+00:00, run_after=2026-07-24 00:00:00+00:00
[2026-07-24T19:10:24.272+0000] {processor.py:183} INFO - Processing /home/airflow/.local/lib/python3.12/site-packages/airflow/example_dags/example_task_group_decorator.py took 0.195 seconds
[2026-07-24T19:11:24.622+0000] {processor.py:161} INFO - Started process (PID=17484) to work on /home/airflow/.local/lib/python3.12/site-packages/airflow/example_dags/example_task_group_decorator.py
[2026-07-24T19:11:24.626+0000] {processor.py:830} INFO - Processing file /home/airflow/.local/lib/python3.12/site-packages/airflow/example_dags/example_task_group_decorator.py for tasks to queue
[2026-07-24T19:11:24.634+0000] {logging_mixin.py:188} INFO - [2026-07-24T19:11:24.633+0000] {dagbag.py:545} INFO - Filling up the DagBag from /home/airflow/.local/lib/python3.12/site-packages/airflow/example_dags/example_task_group_decorator.py
[2026-07-24T19:11:24.680+0000] {processor.py:840} INFO - DAG(s) 'example_task_group_decorator' retrieved from /home/airflow/.local/lib/python3.12/site-packages/airflow/example_dags/example_task_group_decorator.py
[2026-07-24T19:11:24.746+0000] {logging_mixin.py:188} INFO - [2026-07-24T19:11:24.746+0000] {dag.py:3089} INFO - Sync 1 DAGs
[2026-07-24T19:11:24.799+0000] {logging_mixin.py:188} INFO - [2026-07-24T19:11:24.798+0000] {dag.py:3947} INFO - Setting next_dagrun for example_task_group_decorator to 2026-07-23 00:00:00+00:00, run_after=2026-07-24 00:00:00+00:00
[2026-07-24T19:11:24.856+0000] {processor.py:183} INFO - Processing /home/airflow/.local/lib/python3.12/site-packages/airflow/example_dags/example_task_group_decorator.py took 0.250 seconds
[2026-07-24T19:11:57.137+0000] {processor.py:161} INFO - Started process (PID=17557) to work on /home/airflow/.local/lib/python3.12/site-packages/airflow/example_dags/example_task_group_decorator.py
[2026-07-24T19:11:57.141+0000] {processor.py:830} INFO - Processing file /home/airflow/.local/lib/python3.12/site-packages/airflow/example_dags/example_task_group_decorator.py for tasks to queue
[2026-07-24T19:11:57.148+0000] {logging_mixin.py:188} INFO - [2026-07-24T19:11:57.147+0000] {dagbag.py:545} INFO - Filling up the DagBag from /home/airflow/.local/lib/python3.12/site-packages/airflow/example_dags/example_task_group_decorator.py
[2026-07-24T19:11:57.189+0000] {processor.py:840} INFO - DAG(s) 'example_task_group_decorator' retrieved from /home/airflow/.local/lib/python3.12/site-packages/airflow/example_dags/example_task_group_decorator.py
[2026-07-24T19:11:57.284+0000] {logging_mixin.py:188} INFO - [2026-07-24T19:11:57.284+0000] {dag.py:3089} INFO - Sync 1 DAGs
[2026-07-24T19:11:57.390+0000] {logging_mixin.py:188} INFO - [2026-07-24T19:11:57.389+0000] {dag.py:3947} INFO - Setting next_dagrun for example_task_group_decorator to 2026-07-23 00:00:00+00:00, run_after=2026-07-24 00:00:00+00:00
[2026-07-24T19:11:57.473+0000] {processor.py:183} INFO - Processing /home/airflow/.local/lib/python3.12/site-packages/airflow/example_dags/example_task_group_decorator.py took 0.357 seconds
[2026-07-24T19:12:29.175+0000] {processor.py:161} INFO - Started process (PID=17632) to work on /home/airflow/.local/lib/python3.12/site-packages/airflow/example_dags/example_task_group_decorator.py
[2026-07-24T19:12:29.184+0000] {processor.py:830} INFO - Processing file /home/airflow/.local/lib/python3.12/site-packages/airflow/example_dags/example_task_group_decorator.py for tasks to queue
[2026-07-24T19:12:29.206+0000] {logging_mixin.py:188} INFO - [2026-07-24T19:12:29.205+0000] {dagbag.py:545} INFO - Filling up the DagBag from /home/airflow/.local/lib/python3.12/site-packages/airflow/example_dags/example_task_group_decorator.py
[2026-07-24T19:12:29.329+0000] {processor.py:840} INFO - DAG(s) 'example_task_group_decorator' retrieved from /home/airflow/.local/lib/python3.12/site-packages/airflow/example_dags/example_task_group_decorator.py
[2026-07-24T19:12:29.435+0000] {logging_mixin.py:188} INFO - [2026-07-24T19:12:29.434+0000] {dag.py:3089} INFO - Sync 1 DAGs
[2026-07-24T19:12:29.527+0000] {logging_mixin.py:188} INFO - [2026-07-24T19:12:29.526+0000] {dag.py:3947} INFO - Setting next_dagrun for example_task_group_decorator to 2026-07-23 00:00:00+00:00, run_after=2026-07-24 00:00:00+00:00
[2026-07-24T19:12:29.745+0000] {processor.py:183} INFO - Processing /home/airflow/.local/lib/python3.12/site-packages/airflow/example_dags/example_task_group_decorator.py took 0.602 seconds
[2026-07-24T19:12:59.883+0000] {processor.py:161} INFO - Started process (PID=17698) to work on /home/airflow/.local/lib/python3.12/site-packages/airflow/example_dags/example_task_group_decorator.py
[2026-07-24T19:12:59.885+0000] {processor.py:830} INFO - Processing file /home/airflow/.local/lib/python3.12/site-packages/airflow/example_dags/example_task_group_decorator.py for tasks to queue
[2026-07-24T19:12:59.890+0000] {logging_mixin.py:188} INFO - [2026-07-24T19:12:59.889+0000] {dagbag.py:545} INFO - Filling up the DagBag from /home/airflow/.local/lib/python3.12/site-packages/airflow/example_dags/example_task_group_decorator.py
[2026-07-24T19:12:59.916+0000] {processor.py:840} INFO - DAG(s) 'example_task_group_decorator' retrieved from /home/airflow/.local/lib/python3.12/site-packages/airflow/example_dags/example_task_group_decorator.py
[2026-07-24T19:12:59.960+0000] {logging_mixin.py:188} INFO - [2026-07-24T19:12:59.959+0000] {dag.py:3089} INFO - Sync 1 DAGs
[2026-07-24T19:13:00.002+0000] {logging_mixin.py:188} INFO - [2026-07-24T19:13:00.001+0000] {dag.py:3947} INFO - Setting next_dagrun for example_task_group_decorator to 2026-07-23 00:00:00+00:00, run_after=2026-07-24 00:00:00+00:00
[2026-07-24T19:13:00.041+0000] {processor.py:183} INFO - Processing /home/airflow/.local/lib/python3.12/site-packages/airflow/example_dags/example_task_group_decorator.py took 0.169 seconds
[2026-07-24T19:13:30.350+0000] {processor.py:161} INFO - Started process (PID=17771) to work on /home/airflow/.local/lib/python3.12/site-packages/airflow/example_dags/example_task_group_decorator.py
[2026-07-24T19:13:30.354+0000] {processor.py:830} INFO - Processing file /home/airflow/.local/lib/python3.12/site-packages/airflow/example_dags/example_task_group_decorator.py for tasks to queue
[2026-07-24T19:13:30.359+0000] {logging_mixin.py:188} INFO - [2026-07-24T19:13:30.358+0000] {dagbag.py:545} INFO - Filling up the DagBag from /home/airflow/.local/lib/python3.12/site-packages/airflow/example_dags/example_task_group_decorator.py
[2026-07-24T19:13:30.392+0000] {processor.py:840} INFO - DAG(s) 'example_task_group_decorator' retrieved from /home/airflow/.local/lib/python3.12/site-packages/airflow/example_dags/example_task_group_decorator.py
[2026-07-24T19:13:30.431+0000] {logging_mixin.py:188} INFO - [2026-07-24T19:13:30.430+0000] {dag.py:3089} INFO - Sync 1 DAGs
[2026-07-24T19:13:30.467+0000] {logging_mixin.py:188} INFO - [2026-07-24T19:13:30.467+0000] {dag.py:3947} INFO - Setting next_dagrun for example_task_group_decorator to 2026-07-23 00:00:00+00:00, run_after=2026-07-24 00:00:00+00:00
[2026-07-24T19:13:30.499+0000] {processor.py:183} INFO - Processing /home/airflow/.local/lib/python3.12/site-packages/airflow/example_dags/example_task_group_decorator.py took 0.163 seconds
[2026-07-24T19:14:00.792+0000] {processor.py:161} INFO - Started process (PID=17844) to work on /home/airflow/.local/lib/python3.12/site-packages/airflow/example_dags/example_task_group_decorator.py
[2026-07-24T19:14:00.795+0000] {processor.py:830} INFO - Processing file /home/airflow/.local/lib/python3.12/site-packages/airflow/example_dags/example_task_group_decorator.py for tasks to queue
[2026-07-24T19:14:00.802+0000] {logging_mixin.py:188} INFO - [2026-07-24T19:14:00.801+0000] {dagbag.py:545} INFO - Filling up the DagBag from /home/airflow/.local/lib/python3.12/site-packages/airflow/example_dags/example_task_group_decorator.py
[2026-07-24T19:14:00.831+0000] {processor.py:840} INFO - DAG(s) 'example_task_group_decorator' retrieved from /home/airflow/.local/lib/python3.12/site-packages/airflow/example_dags/example_task_group_decorator.py
[2026-07-24T19:14:00.872+0000] {logging_mixin.py:188} INFO - [2026-07-24T19:14:00.872+0000] {dag.py:3089} INFO - Sync 1 DAGs
[2026-07-24T19:14:00.908+0000] {logging_mixin.py:188} INFO - [2026-07-24T19:14:00.908+0000] {dag.py:3947} INFO - Setting next_dagrun for example_task_group_decorator to 2026-07-23 00:00:00+00:00, run_after=2026-07-24 00:00:00+00:00
[2026-07-24T19:14:00.943+0000] {processor.py:183} INFO - Processing /home/airflow/.local/lib/python3.12/site-packages/airflow/example_dags/example_task_group_decorator.py took 0.166 seconds
[2026-07-24T19:14:32.193+0000] {processor.py:161} INFO - Started process (PID=17917) to work on /home/airflow/.local/lib/python3.12/site-packages/airflow/example_dags/example_task_group_decorator.py
[2026-07-24T19:14:32.198+0000] {processor.py:830} INFO - Processing file /home/airflow/.local/lib/python3.12/site-packages/airflow/example_dags/example_task_group_decorator.py for tasks to queue
[2026-07-24T19:14:32.204+0000] {logging_mixin.py:188} INFO - [2026-07-24T19:14:32.203+0000] {dagbag.py:545} INFO - Filling up the DagBag from /home/airflow/.local/lib/python3.12/site-packages/airflow/example_dags/example_task_group_decorator.py
[2026-07-24T19:14:32.238+0000] {processor.py:840} INFO - DAG(s) 'example_task_group_decorator' retrieved from /home/airflow/.local/lib/python3.12/site-packages/airflow/example_dags/example_task_group_decorator.py
[2026-07-24T19:14:32.303+0000] {logging_mixin.py:188} INFO - [2026-07-24T19:14:32.302+0000] {dag.py:3089} INFO - Sync 1 DAGs
[2026-07-24T19:14:32.361+0000] {logging_mixin.py:188} INFO - [2026-07-24T19:14:32.360+0000] {dag.py:3947} INFO - Setting next_dagrun for example_task_group_decorator to 2026-07-23 00:00:00+00:00, run_after=2026-07-24 00:00:00+00:00
[2026-07-24T19:14:32.427+0000] {processor.py:183} INFO - Processing /home/airflow/.local/lib/python3.12/site-packages/airflow/example_dags/example_task_group_decorator.py took 0.247 seconds
[2026-07-24T19:15:04.244+0000] {processor.py:161} INFO - Started process (PID=17989) to work on /home/airflow/.local/lib/python3.12/site-packages/airflow/example_dags/example_task_group_decorator.py
[2026-07-24T19:15:04.247+0000] {processor.py:830} INFO - Processing file /home/airflow/.local/lib/python3.12/site-packages/airflow/example_dags/example_task_group_decorator.py for tasks to queue
[2026-07-24T19:15:04.255+0000] {logging_mixin.py:188} INFO - [2026-07-24T19:15:04.253+0000] {dagbag.py:545} INFO - Filling up the DagBag from /home/airflow/.local/lib/python3.12/site-packages/airflow/example_dags/example_task_group_decorator.py
[2026-07-24T19:15:04.305+0000] {processor.py:840} INFO - DAG(s) 'example_task_group_decorator' retrieved from /home/airflow/.local/lib/python3.12/site-packages/airflow/example_dags/example_task_group_decorator.py
[2026-07-24T19:15:04.372+0000] {logging_mixin.py:188} INFO - [2026-07-24T19:15:04.372+0000] {dag.py:3089} INFO - Sync 1 DAGs
[2026-07-24T19:15:04.423+0000] {logging_mixin.py:188} INFO - [2026-07-24T19:15:04.423+0000] {dag.py:3947} INFO - Setting next_dagrun for example_task_group_decorator to 2026-07-23 00:00:00+00:00, run_after=2026-07-24 00:00:00+00:00
[2026-07-24T19:15:04.467+0000] {processor.py:183} INFO - Processing /home/airflow/.local/lib/python3.12/site-packages/airflow/example_dags/example_task_group_decorator.py took 0.257 seconds
[2026-07-24T19:15:34.812+0000] {processor.py:161} INFO - Started process (PID=18062) to work on /home/airflow/.local/lib/python3.12/site-packages/airflow/example_dags/example_task_group_decorator.py
[2026-07-24T19:15:34.815+0000] {processor.py:830} INFO - Processing file /home/airflow/.local/lib/python3.12/site-packages/airflow/example_dags/example_task_group_decorator.py for tasks to queue
[2026-07-24T19:15:34.824+0000] {logging_mixin.py:188} INFO - [2026-07-24T19:15:34.823+0000] {dagbag.py:545} INFO - Filling up the DagBag from /home/airflow/.local/lib/python3.12/site-packages/airflow/example_dags/example_task_group_decorator.py
[2026-07-24T19:15:34.850+0000] {processor.py:840} INFO - DAG(s) 'example_task_group_decorator' retrieved from /home/airflow/.local/lib/python3.12/site-packages/airflow/example_dags/example_task_group_decorator.py
[2026-07-24T19:15:34.939+0000] {logging_mixin.py:188} INFO - [2026-07-24T19:15:34.937+0000] {dag.py:3089} INFO - Sync 1 DAGs
[2026-07-24T19:15:34.994+0000] {logging_mixin.py:188} INFO - [2026-07-24T19:15:34.994+0000] {dag.py:3947} INFO - Setting next_dagrun for example_task_group_decorator to 2026-07-23 00:00:00+00:00, run_after=2026-07-24 00:00:00+00:00
[2026-07-24T19:15:35.039+0000] {processor.py:183} INFO - Processing /home/airflow/.local/lib/python3.12/site-packages/airflow/example_dags/example_task_group_decorator.py took 0.239 seconds
[2026-07-24T19:16:06.551+0000] {processor.py:161} INFO - Started process (PID=18135) to work on /home/airflow/.local/lib/python3.12/site-packages/airflow/example_dags/example_task_group_decorator.py
[2026-07-24T19:16:06.555+0000] {processor.py:830} INFO - Processing file /home/airflow/.local/lib/python3.12/site-packages/airflow/example_dags/example_task_group_decorator.py for tasks to queue
[2026-07-24T19:16:06.562+0000] {logging_mixin.py:188} INFO - [2026-07-24T19:16:06.561+0000] {dagbag.py:545} INFO - Filling up the DagBag from /home/airflow/.local/lib/python3.12/site-packages/airflow/example_dags/example_task_group_decorator.py
[2026-07-24T19:16:06.605+0000] {processor.py:840} INFO - DAG(s) 'example_task_group_decorator' retrieved from /home/airflow/.local/lib/python3.12/site-packages/airflow/example_dags/example_task_group_decorator.py
[2026-07-24T19:16:06.674+0000] {logging_mixin.py:188} INFO - [2026-07-24T19:16:06.674+0000] {dag.py:3089} INFO - Sync 1 DAGs
[2026-07-24T19:16:06.732+0000] {logging_mixin.py:188} INFO - [2026-07-24T19:16:06.731+0000] {dag.py:3947} INFO - Setting next_dagrun for example_task_group_decorator to 2026-07-23 00:00:00+00:00, run_after=2026-07-24 00:00:00+00:00
[2026-07-24T19:16:06.806+0000] {processor.py:183} INFO - Processing /home/airflow/.local/lib/python3.12/site-packages/airflow/example_dags/example_task_group_decorator.py took 0.273 seconds
[2026-07-24T19:16:37.092+0000] {processor.py:161} INFO - Started process (PID=18201) to work on /home/airflow/.local/lib/python3.12/site-packages/airflow/example_dags/example_task_group_decorator.py
[2026-07-24T19:16:37.094+0000] {processor.py:830} INFO - Processing file /home/airflow/.local/lib/python3.12/site-packages/airflow/example_dags/example_task_group_decorator.py for tasks to queue
[2026-07-24T19:16:37.099+0000] {logging_mixin.py:188} INFO - [2026-07-24T19:16:37.098+0000] {dagbag.py:545} INFO - Filling up the DagBag from /home/airflow/.local/lib/python3.12/site-packages/airflow/example_dags/example_task_group_decorator.py
[2026-07-24T19:16:37.130+0000] {processor.py:840} INFO - DAG(s) 'example_task_group_decorator' retrieved from /home/airflow/.local/lib/python3.12/site-packages/airflow/example_dags/example_task_group_decorator.py
[2026-07-24T19:16:37.191+0000] {logging_mixin.py:188} INFO - [2026-07-24T19:16:37.190+0000] {dag.py:3089} INFO - Sync 1 DAGs
[2026-07-24T19:16:37.246+0000] {logging_mixin.py:188} INFO - [2026-07-24T19:16:37.245+0000] {dag.py:3947} INFO - Setting next_dagrun for example_task_group_decorator to 2026-07-23 00:00:00+00:00, run_after=2026-07-24 00:00:00+00:00
[2026-07-24T19:16:37.305+0000] {processor.py:183} INFO - Processing /home/airflow/.local/lib/python3.12/site-packages/airflow/example_dags/example_task_group_decorator.py took 0.225 seconds
[2026-07-24T19:17:08.239+0000] {processor.py:161} INFO - Started process (PID=18274) to work on /home/airflow/.local/lib/python3.12/site-packages/airflow/example_dags/example_task_group_decorator.py
[2026-07-24T19:17:08.241+0000] {processor.py:830} INFO - Processing file /home/airflow/.local/lib/python3.12/site-packages/airflow/example_dags/example_task_group_decorator.py for tasks to queue
[2026-07-24T19:17:08.245+0000] {logging_mixin.py:188} INFO - [2026-07-24T19:17:08.245+0000] {dagbag.py:545} INFO - Filling up the DagBag from /home/airflow/.local/lib/python3.12/site-packages/airflow/example_dags/example_task_group_decorator.py
[2026-07-24T19:17:08.269+0000] {processor.py:840} INFO - DAG(s) 'example_task_group_decorator' retrieved from /home/airflow/.local/lib/python3.12/site-packages/airflow/example_dags/example_task_group_decorator.py
[2026-07-24T19:17:08.316+0000] {logging_mixin.py:188} INFO - [2026-07-24T19:17:08.316+0000] {dag.py:3089} INFO - Sync 1 DAGs
[2026-07-24T19:17:08.361+0000] {logging_mixin.py:188} INFO - [2026-07-24T19:17:08.360+0000] {dag.py:3947} INFO - Setting next_dagrun for example_task_group_decorator to 2026-07-23 00:00:00+00:00, run_after=2026-07-24 00:00:00+00:00
[2026-07-24T19:17:08.399+0000] {processor.py:183} INFO - Processing /home/airflow/.local/lib/python3.12/site-packages/airflow/example_dags/example_task_group_decorator.py took 0.169 seconds
[2026-07-24T19:17:38.540+0000] {processor.py:161} INFO - Started process (PID=18347) to work on /home/airflow/.local/lib/python3.12/site-packages/airflow/example_dags/example_task_group_decorator.py
[2026-07-24T19:17:38.543+0000] {processor.py:830} INFO - Processing file /home/airflow/.local/lib/python3.12/site-packages/airflow/example_dags/example_task_group_decorator.py for tasks to queue
[2026-07-24T19:17:38.548+0000] {logging_mixin.py:188} INFO - [2026-07-24T19:17:38.547+0000] {dagbag.py:545} INFO - Filling up the DagBag from /home/airflow/.local/lib/python3.12/site-packages/airflow/example_dags/example_task_group_decorator.py
[2026-07-24T19:17:38.570+0000] {processor.py:840} INFO - DAG(s) 'example_task_group_decorator' retrieved from /home/airflow/.local/lib/python3.12/site-packages/airflow/example_dags/example_task_group_decorator.py
[2026-07-24T19:17:38.613+0000] {logging_mixin.py:188} INFO - [2026-07-24T19:17:38.612+0000] {dag.py:3089} INFO - Sync 1 DAGs
[2026-07-24T19:17:38.651+0000] {logging_mixin.py:188} INFO - [2026-07-24T19:17:38.650+0000] {dag.py:3947} INFO - Setting next_dagrun for example_task_group_decorator to 2026-07-23 00:00:00+00:00, run_after=2026-07-24 00:00:00+00:00
[2026-07-24T19:17:38.687+0000] {processor.py:183} INFO - Processing /home/airflow/.local/lib/python3.12/site-packages/airflow/example_dags/example_task_group_decorator.py took 0.155 seconds
[2026-07-24T19:18:09.791+0000] {processor.py:161} INFO - Started process (PID=18420) to work on /home/airflow/.local/lib/python3.12/site-packages/airflow/example_dags/example_task_group_decorator.py
[2026-07-24T19:18:09.794+0000] {processor.py:830} INFO - Processing file /home/airflow/.local/lib/python3.12/site-packages/airflow/example_dags/example_task_group_decorator.py for tasks to queue
[2026-07-24T19:18:09.799+0000] {logging_mixin.py:188} INFO - [2026-07-24T19:18:09.798+0000] {dagbag.py:545} INFO - Filling up the DagBag from /home/airflow/.local/lib/python3.12/site-packages/airflow/example_dags/example_task_group_decorator.py
[2026-07-24T19:18:09.834+0000] {processor.py:840} INFO - DAG(s) 'example_task_group_decorator' retrieved from /home/airflow/.local/lib/python3.12/site-packages/airflow/example_dags/example_task_group_decorator.py
[2026-07-24T19:18:09.882+0000] {logging_mixin.py:188} INFO - [2026-07-24T19:18:09.882+0000] {dag.py:3089} INFO - Sync 1 DAGs
[2026-07-24T19:18:09.919+0000] {logging_mixin.py:188} INFO - [2026-07-24T19:18:09.919+0000] {dag.py:3947} INFO - Setting next_dagrun for example_task_group_decorator to 2026-07-23 00:00:00+00:00, run_after=2026-07-24 00:00:00+00:00
[2026-07-24T19:18:09.961+0000] {processor.py:183} INFO - Processing /home/airflow/.local/lib/python3.12/site-packages/airflow/example_dags/example_task_group_decorator.py took 0.178 seconds
[2026-07-24T19:18:40.426+0000] {processor.py:161} INFO - Started process (PID=18494) to work on /home/airflow/.local/lib/python3.12/site-packages/airflow/example_dags/example_task_group_decorator.py
[2026-07-24T19:18:40.429+0000] {processor.py:830} INFO - Processing file /home/airflow/.local/lib/python3.12/site-packages/airflow/example_dags/example_task_group_decorator.py for tasks to queue
[2026-07-24T19:18:40.433+0000] {logging_mixin.py:188} INFO - [2026-07-24T19:18:40.432+0000] {dagbag.py:545} INFO - Filling up the DagBag from /home/airflow/.local/lib/python3.12/site-packages/airflow/example_dags/example_task_group_decorator.py
[2026-07-24T19:18:40.453+0000] {processor.py:840} INFO - DAG(s) 'example_task_group_decorator' retrieved from /home/airflow/.local/lib/python3.12/site-packages/airflow/example_dags/example_task_group_decorator.py
[2026-07-24T19:18:40.488+0000] {logging_mixin.py:188} INFO - [2026-07-24T19:18:40.488+0000] {dag.py:3089} INFO - Sync 1 DAGs
[2026-07-24T19:18:40.517+0000] {logging_mixin.py:188} INFO - [2026-07-24T19:18:40.517+0000] {dag.py:3947} INFO - Setting next_dagrun for example_task_group_decorator to 2026-07-23 00:00:00+00:00, run_after=2026-07-24 00:00:00+00:00
[2026-07-24T19:18:40.544+0000] {processor.py:183} INFO - Processing /home/airflow/.local/lib/python3.12/site-packages/airflow/example_dags/example_task_group_decorator.py took 0.126 seconds
[2026-07-24T19:19:13.291+0000] {processor.py:161} INFO - Started process (PID=18567) to work on /home/airflow/.local/lib/python3.12/site-packages/airflow/example_dags/example_task_group_decorator.py
[2026-07-24T19:19:13.294+0000] {processor.py:830} INFO - Processing file /home/airflow/.local/lib/python3.12/site-packages/airflow/example_dags/example_task_group_decorator.py for tasks to queue
[2026-07-24T19:19:13.298+0000] {logging_mixin.py:188} INFO - [2026-07-24T19:19:13.297+0000] {dagbag.py:545} INFO - Filling up the DagBag from /home/airflow/.local/lib/python3.12/site-packages/airflow/example_dags/example_task_group_decorator.py
[2026-07-24T19:19:13.324+0000] {processor.py:840} INFO - DAG(s) 'example_task_group_decorator' retrieved from /home/airflow/.local/lib/python3.12/site-packages/airflow/example_dags/example_task_group_decorator.py
[2026-07-24T19:19:13.374+0000] {logging_mixin.py:188} INFO - [2026-07-24T19:19:13.373+0000] {dag.py:3089} INFO - Sync 1 DAGs
[2026-07-24T19:19:13.415+0000] {logging_mixin.py:188} INFO - [2026-07-24T19:19:13.415+0000] {dag.py:3947} INFO - Setting next_dagrun for example_task_group_decorator to 2026-07-23 00:00:00+00:00, run_after=2026-07-24 00:00:00+00:00
[2026-07-24T19:19:13.456+0000] {processor.py:183} INFO - Processing /home/airflow/.local/lib/python3.12/site-packages/airflow/example_dags/example_task_group_decorator.py took 0.177 seconds
[2026-07-24T19:19:44.070+0000] {processor.py:161} INFO - Started process (PID=18640) to work on /home/airflow/.local/lib/python3.12/site-packages/airflow/example_dags/example_task_group_decorator.py
[2026-07-24T19:19:44.072+0000] {processor.py:830} INFO - Processing file /home/airflow/.local/lib/python3.12/site-packages/airflow/example_dags/example_task_group_decorator.py for tasks to queue
[2026-07-24T19:19:44.076+0000] {logging_mixin.py:188} INFO - [2026-07-24T19:19:44.076+0000] {dagbag.py:545} INFO - Filling up the DagBag from /home/airflow/.local/lib/python3.12/site-packages/airflow/example_dags/example_task_group_decorator.py
[2026-07-24T19:19:44.103+0000] {processor.py:840} INFO - DAG(s) 'example_task_group_decorator' retrieved from /home/airflow/.local/lib/python3.12/site-packages/airflow/example_dags/example_task_group_decorator.py
[2026-07-24T19:19:44.153+0000] {logging_mixin.py:188} INFO - [2026-07-24T19:19:44.153+0000] {dag.py:3089} INFO - Sync 1 DAGs
[2026-07-24T19:19:44.215+0000] {logging_mixin.py:188} INFO - [2026-07-24T19:19:44.215+0000] {dag.py:3947} INFO - Setting next_dagrun for example_task_group_decorator to 2026-07-23 00:00:00+00:00, run_after=2026-07-24 00:00:00+00:00
[2026-07-24T19:19:44.265+0000] {processor.py:183} INFO - Processing /home/airflow/.local/lib/python3.12/site-packages/airflow/example_dags/example_task_group_decorator.py took 0.210 seconds
[2026-07-24T19:20:15.296+0000] {processor.py:161} INFO - Started process (PID=18713) to work on /home/airflow/.local/lib/python3.12/site-packages/airflow/example_dags/example_task_group_decorator.py
[2026-07-24T19:20:15.298+0000] {processor.py:830} INFO - Processing file /home/airflow/.local/lib/python3.12/site-packages/airflow/example_dags/example_task_group_decorator.py for tasks to queue
[2026-07-24T19:20:15.302+0000] {logging_mixin.py:188} INFO - [2026-07-24T19:20:15.301+0000] {dagbag.py:545} INFO - Filling up the DagBag from /home/airflow/.local/lib/python3.12/site-packages/airflow/example_dags/example_task_group_decorator.py
[2026-07-24T19:20:15.324+0000] {processor.py:840} INFO - DAG(s) 'example_task_group_decorator' retrieved from /home/airflow/.local/lib/python3.12/site-packages/airflow/example_dags/example_task_group_decorator.py
[2026-07-24T19:20:15.369+0000] {logging_mixin.py:188} INFO - [2026-07-24T19:20:15.369+0000] {dag.py:3089} INFO - Sync 1 DAGs
[2026-07-24T19:20:15.403+0000] {logging_mixin.py:188} INFO - [2026-07-24T19:20:15.403+0000] {dag.py:3947} INFO - Setting next_dagrun for example_task_group_decorator to 2026-07-23 00:00:00+00:00, run_after=2026-07-24 00:00:00+00:00
[2026-07-24T19:20:15.437+0000] {processor.py:183} INFO - Processing /home/airflow/.local/lib/python3.12/site-packages/airflow/example_dags/example_task_group_decorator.py took 0.152 seconds
[2026-07-24T19:20:45.899+0000] {processor.py:161} INFO - Started process (PID=18786) to work on /home/airflow/.local/lib/python3.12/site-packages/airflow/example_dags/example_task_group_decorator.py
[2026-07-24T19:20:45.901+0000] {processor.py:830} INFO - Processing file /home/airflow/.local/lib/python3.12/site-packages/airflow/example_dags/example_task_group_decorator.py for tasks to queue
[2026-07-24T19:20:45.907+0000] {logging_mixin.py:188} INFO - [2026-07-24T19:20:45.906+0000] {dagbag.py:545} INFO - Filling up the DagBag from /home/airflow/.local/lib/python3.12/site-packages/airflow/example_dags/example_task_group_decorator.py
[2026-07-24T19:20:45.935+0000] {processor.py:840} INFO - DAG(s) 'example_task_group_decorator' retrieved from /home/airflow/.local/lib/python3.12/site-packages/airflow/example_dags/example_task_group_decorator.py
[2026-07-24T19:20:45.971+0000] {logging_mixin.py:188} INFO - [2026-07-24T19:20:45.971+0000] {dag.py:3089} INFO - Sync 1 DAGs
[2026-07-24T19:20:46.005+0000] {logging_mixin.py:188} INFO - [2026-07-24T19:20:46.005+0000] {dag.py:3947} INFO - Setting next_dagrun for example_task_group_decorator to 2026-07-23 00:00:00+00:00, run_after=2026-07-24 00:00:00+00:00
[2026-07-24T19:20:46.040+0000] {processor.py:183} INFO - Processing /home/airflow/.local/lib/python3.12/site-packages/airflow/example_dags/example_task_group_decorator.py took 0.150 seconds
[2026-07-24T19:21:16.137+0000] {processor.py:161} INFO - Started process (PID=18864) to work on /home/airflow/.local/lib/python3.12/site-packages/airflow/example_dags/example_task_group_decorator.py
[2026-07-24T19:21:16.139+0000] {processor.py:830} INFO - Processing file /home/airflow/.local/lib/python3.12/site-packages/airflow/example_dags/example_task_group_decorator.py for tasks to queue
[2026-07-24T19:21:16.143+0000] {logging_mixin.py:188} INFO - [2026-07-24T19:21:16.143+0000] {dagbag.py:545} INFO - Filling up the DagBag from /home/airflow/.local/lib/python3.12/site-packages/airflow/example_dags/example_task_group_decorator.py
[2026-07-24T19:21:16.171+0000] {processor.py:840} INFO - DAG(s) 'example_task_group_decorator' retrieved from /home/airflow/.local/lib/python3.12/site-packages/airflow/example_dags/example_task_group_decorator.py
[2026-07-24T19:21:16.208+0000] {logging_mixin.py:188} INFO - [2026-07-24T19:21:16.207+0000] {dag.py:3089} INFO - Sync 1 DAGs
[2026-07-24T19:21:16.241+0000] {logging_mixin.py:188} INFO - [2026-07-24T19:21:16.241+0000] {dag.py:3947} INFO - Setting next_dagrun for example_task_group_decorator to 2026-07-23 00:00:00+00:00, run_after=2026-07-24 00:00:00+00:00
[2026-07-24T19:21:16.281+0000] {processor.py:183} INFO - Processing /home/airflow/.local/lib/python3.12/site-packages/airflow/example_dags/example_task_group_decorator.py took 0.155 seconds
[2026-07-24T19:21:47.026+0000] {processor.py:161} INFO - Started process (PID=18937) to work on /home/airflow/.local/lib/python3.12/site-packages/airflow/example_dags/example_task_group_decorator.py
[2026-07-24T19:21:47.029+0000] {processor.py:830} INFO - Processing file /home/airflow/.local/lib/python3.12/site-packages/airflow/example_dags/example_task_group_decorator.py for tasks to queue
[2026-07-24T19:21:47.033+0000] {logging_mixin.py:188} INFO - [2026-07-24T19:21:47.033+0000] {dagbag.py:545} INFO - Filling up the DagBag from /home/airflow/.local/lib/python3.12/site-packages/airflow/example_dags/example_task_group_decorator.py
[2026-07-24T19:21:47.065+0000] {processor.py:840} INFO - DAG(s) 'example_task_group_decorator' retrieved from /home/airflow/.local/lib/python3.12/site-packages/airflow/example_dags/example_task_group_decorator.py
[2026-07-24T19:21:47.104+0000] {logging_mixin.py:188} INFO - [2026-07-24T19:21:47.103+0000] {dag.py:3089} INFO - Sync 1 DAGs
[2026-07-24T19:21:47.145+0000] {logging_mixin.py:188} INFO - [2026-07-24T19:21:47.144+0000] {dag.py:3947} INFO - Setting next_dagrun for example_task_group_decorator to 2026-07-23 00:00:00+00:00, run_after=2026-07-24 00:00:00+00:00
[2026-07-24T19:21:47.193+0000] {processor.py:183} INFO - Processing /home/airflow/.local/lib/python3.12/site-packages/airflow/example_dags/example_task_group_decorator.py took 0.180 seconds
[2026-07-24T19:22:19.546+0000] {processor.py:161} INFO - Started process (PID=19009) to work on /home/airflow/.local/lib/python3.12/site-packages/airflow/example_dags/example_task_group_decorator.py
[2026-07-24T19:22:19.549+0000] {processor.py:830} INFO - Processing file /home/airflow/.local/lib/python3.12/site-packages/airflow/example_dags/example_task_group_decorator.py for tasks to queue
[2026-07-24T19:22:19.555+0000] {logging_mixin.py:188} INFO - [2026-07-24T19:22:19.553+0000] {dagbag.py:545} INFO - Filling up the DagBag from /home/airflow/.local/lib/python3.12/site-packages/airflow/example_dags/example_task_group_decorator.py
[2026-07-24T19:22:19.588+0000] {processor.py:840} INFO - DAG(s) 'example_task_group_decorator' retrieved from /home/airflow/.local/lib/python3.12/site-packages/airflow/example_dags/example_task_group_decorator.py
[2026-07-24T19:22:19.647+0000] {logging_mixin.py:188} INFO - [2026-07-24T19:22:19.646+0000] {dag.py:3089} INFO - Sync 1 DAGs
[2026-07-24T19:22:19.693+0000] {logging_mixin.py:188} INFO - [2026-07-24T19:22:19.692+0000] {dag.py:3947} INFO - Setting next_dagrun for example_task_group_decorator to 2026-07-23 00:00:00+00:00, run_after=2026-07-24 00:00:00+00:00
[2026-07-24T19:22:19.763+0000] {processor.py:183} INFO - Processing /home/airflow/.local/lib/python3.12/site-packages/airflow/example_dags/example_task_group_decorator.py took 0.241 seconds
[2026-07-24T19:22:52.052+0000] {processor.py:161} INFO - Started process (PID=19083) to work on /home/airflow/.local/lib/python3.12/site-packages/airflow/example_dags/example_task_group_decorator.py
[2026-07-24T19:22:52.058+0000] {processor.py:830} INFO - Processing file /home/airflow/.local/lib/python3.12/site-packages/airflow/example_dags/example_task_group_decorator.py for tasks to queue
[2026-07-24T19:22:52.067+0000] {logging_mixin.py:188} INFO - [2026-07-24T19:22:52.066+0000] {dagbag.py:545} INFO - Filling up the DagBag from /home/airflow/.local/lib/python3.12/site-packages/airflow/example_dags/example_task_group_decorator.py
[2026-07-24T19:22:52.115+0000] {processor.py:840} INFO - DAG(s) 'example_task_group_decorator' retrieved from /home/airflow/.local/lib/python3.12/site-packages/airflow/example_dags/example_task_group_decorator.py
[2026-07-24T19:22:52.196+0000] {logging_mixin.py:188} INFO - [2026-07-24T19:22:52.195+0000] {dag.py:3089} INFO - Sync 1 DAGs
[2026-07-24T19:22:52.262+0000] {logging_mixin.py:188} INFO - [2026-07-24T19:22:52.262+0000] {dag.py:3947} INFO - Setting next_dagrun for example_task_group_decorator to 2026-07-23 00:00:00+00:00, run_after=2026-07-24 00:00:00+00:00
[2026-07-24T19:22:52.314+0000] {processor.py:183} INFO - Processing /home/airflow/.local/lib/python3.12/site-packages/airflow/example_dags/example_task_group_decorator.py took 0.283 seconds
[2026-07-24T19:23:23.180+0000] {processor.py:161} INFO - Started process (PID=19156) to work on /home/airflow/.local/lib/python3.12/site-packages/airflow/example_dags/example_task_group_decorator.py
[2026-07-24T19:23:23.196+0000] {processor.py:830} INFO - Processing file /home/airflow/.local/lib/python3.12/site-packages/airflow/example_dags/example_task_group_decorator.py for tasks to queue
[2026-07-24T19:23:23.217+0000] {logging_mixin.py:188} INFO - [2026-07-24T19:23:23.214+0000] {dagbag.py:545} INFO - Filling up the DagBag from /home/airflow/.local/lib/python3.12/site-packages/airflow/example_dags/example_task_group_decorator.py
[2026-07-24T19:23:23.274+0000] {processor.py:840} INFO - DAG(s) 'example_task_group_decorator' retrieved from /home/airflow/.local/lib/python3.12/site-packages/airflow/example_dags/example_task_group_decorator.py
[2026-07-24T19:23:23.330+0000] {logging_mixin.py:188} INFO - [2026-07-24T19:23:23.329+0000] {dag.py:3089} INFO - Sync 1 DAGs
[2026-07-24T19:23:23.375+0000] {logging_mixin.py:188} INFO - [2026-07-24T19:23:23.374+0000] {dag.py:3947} INFO - Setting next_dagrun for example_task_group_decorator to 2026-07-23 00:00:00+00:00, run_after=2026-07-24 00:00:00+00:00
[2026-07-24T19:23:23.413+0000] {processor.py:183} INFO - Processing /home/airflow/.local/lib/python3.12/site-packages/airflow/example_dags/example_task_group_decorator.py took 0.256 seconds
[2026-07-24T19:23:54.578+0000] {processor.py:161} INFO - Started process (PID=19231) to work on /home/airflow/.local/lib/python3.12/site-packages/airflow/example_dags/example_task_group_decorator.py
[2026-07-24T19:23:54.580+0000] {processor.py:830} INFO - Processing file /home/airflow/.local/lib/python3.12/site-packages/airflow/example_dags/example_task_group_decorator.py for tasks to queue
[2026-07-24T19:23:54.584+0000] {logging_mixin.py:188} INFO - [2026-07-24T19:23:54.584+0000] {dagbag.py:545} INFO - Filling up the DagBag from /home/airflow/.local/lib/python3.12/site-packages/airflow/example_dags/example_task_group_decorator.py
[2026-07-24T19:23:54.615+0000] {processor.py:840} INFO - DAG(s) 'example_task_group_decorator' retrieved from /home/airflow/.local/lib/python3.12/site-packages/airflow/example_dags/example_task_group_decorator.py
[2026-07-24T19:23:54.662+0000] {logging_mixin.py:188} INFO - [2026-07-24T19:23:54.661+0000] {dag.py:3089} INFO - Sync 1 DAGs
[2026-07-24T19:23:54.708+0000] {logging_mixin.py:188} INFO - [2026-07-24T19:23:54.707+0000] {dag.py:3947} INFO - Setting next_dagrun for example_task_group_decorator to 2026-07-23 00:00:00+00:00, run_after=2026-07-24 00:00:00+00:00
[2026-07-24T19:23:54.803+0000] {processor.py:183} INFO - Processing /home/airflow/.local/lib/python3.12/site-packages/airflow/example_dags/example_task_group_decorator.py took 0.237 seconds
[2026-07-24T19:24:25.666+0000] {processor.py:161} INFO - Started process (PID=19297) to work on /home/airflow/.local/lib/python3.12/site-packages/airflow/example_dags/example_task_group_decorator.py
[2026-07-24T19:24:25.669+0000] {processor.py:830} INFO - Processing file /home/airflow/.local/lib/python3.12/site-packages/airflow/example_dags/example_task_group_decorator.py for tasks to queue
[2026-07-24T19:24:25.675+0000] {logging_mixin.py:188} INFO - [2026-07-24T19:24:25.674+0000] {dagbag.py:545} INFO - Filling up the DagBag from /home/airflow/.local/lib/python3.12/site-packages/airflow/example_dags/example_task_group_decorator.py
[2026-07-24T19:24:25.701+0000] {processor.py:840} INFO - DAG(s) 'example_task_group_decorator' retrieved from /home/airflow/.local/lib/python3.12/site-packages/airflow/example_dags/example_task_group_decorator.py
[2026-07-24T19:24:25.745+0000] {logging_mixin.py:188} INFO - [2026-07-24T19:24:25.744+0000] {dag.py:3089} INFO - Sync 1 DAGs
[2026-07-24T19:24:25.794+0000] {logging_mixin.py:188} INFO - [2026-07-24T19:24:25.793+0000] {dag.py:3947} INFO - Setting next_dagrun for example_task_group_decorator to 2026-07-23 00:00:00+00:00, run_after=2026-07-24 00:00:00+00:00
[2026-07-24T19:24:25.867+0000] {processor.py:183} INFO - Processing /home/airflow/.local/lib/python3.12/site-packages/airflow/example_dags/example_task_group_decorator.py took 0.212 seconds
[2026-07-24T19:24:56.053+0000] {processor.py:161} INFO - Started process (PID=19368) to work on /home/airflow/.local/lib/python3.12/site-packages/airflow/example_dags/example_task_group_decorator.py
[2026-07-24T19:24:56.055+0000] {processor.py:830} INFO - Processing file /home/airflow/.local/lib/python3.12/site-packages/airflow/example_dags/example_task_group_decorator.py for tasks to queue
[2026-07-24T19:24:56.059+0000] {logging_mixin.py:188} INFO - [2026-07-24T19:24:56.058+0000] {dagbag.py:545} INFO - Filling up the DagBag from /home/airflow/.local/lib/python3.12/site-packages/airflow/example_dags/example_task_group_decorator.py
[2026-07-24T19:24:56.079+0000] {processor.py:840} INFO - DAG(s) 'example_task_group_decorator' retrieved from /home/airflow/.local/lib/python3.12/site-packages/airflow/example_dags/example_task_group_decorator.py
[2026-07-24T19:24:56.121+0000] {logging_mixin.py:188} INFO - [2026-07-24T19:24:56.121+0000] {dag.py:3089} INFO - Sync 1 DAGs
[2026-07-24T19:24:56.159+0000] {logging_mixin.py:188} INFO - [2026-07-24T19:24:56.158+0000] {dag.py:3947} INFO - Setting next_dagrun for example_task_group_decorator to 2026-07-23 00:00:00+00:00, run_after=2026-07-24 00:00:00+00:00
[2026-07-24T19:24:56.191+0000] {processor.py:183} INFO - Processing /home/airflow/.local/lib/python3.12/site-packages/airflow/example_dags/example_task_group_decorator.py took 0.147 seconds
[2026-07-24T19:25:26.425+0000] {processor.py:161} INFO - Started process (PID=19442) to work on /home/airflow/.local/lib/python3.12/site-packages/airflow/example_dags/example_task_group_decorator.py
[2026-07-24T19:25:26.428+0000] {processor.py:830} INFO - Processing file /home/airflow/.local/lib/python3.12/site-packages/airflow/example_dags/example_task_group_decorator.py for tasks to queue
[2026-07-24T19:25:26.432+0000] {logging_mixin.py:188} INFO - [2026-07-24T19:25:26.431+0000] {dagbag.py:545} INFO - Filling up the DagBag from /home/airflow/.local/lib/python3.12/site-packages/airflow/example_dags/example_task_group_decorator.py
[2026-07-24T19:25:26.456+0000] {processor.py:840} INFO - DAG(s) 'example_task_group_decorator' retrieved from /home/airflow/.local/lib/python3.12/site-packages/airflow/example_dags/example_task_group_decorator.py
[2026-07-24T19:25:26.504+0000] {logging_mixin.py:188} INFO - [2026-07-24T19:25:26.504+0000] {dag.py:3089} INFO - Sync 1 DAGs
[2026-07-24T19:25:26.560+0000] {logging_mixin.py:188} INFO - [2026-07-24T19:25:26.559+0000] {dag.py:3947} INFO - Setting next_dagrun for example_task_group_decorator to 2026-07-23 00:00:00+00:00, run_after=2026-07-24 00:00:00+00:00
[2026-07-24T19:25:26.610+0000] {processor.py:183} INFO - Processing /home/airflow/.local/lib/python3.12/site-packages/airflow/example_dags/example_task_group_decorator.py took 0.194 seconds
[2026-07-24T19:25:57.957+0000] {processor.py:161} INFO - Started process (PID=19516) to work on /home/airflow/.local/lib/python3.12/site-packages/airflow/example_dags/example_task_group_decorator.py
[2026-07-24T19:25:57.960+0000] {processor.py:830} INFO - Processing file /home/airflow/.local/lib/python3.12/site-packages/airflow/example_dags/example_task_group_decorator.py for tasks to queue
[2026-07-24T19:25:57.965+0000] {logging_mixin.py:188} INFO - [2026-07-24T19:25:57.964+0000] {dagbag.py:545} INFO - Filling up the DagBag from /home/airflow/.local/lib/python3.12/site-packages/airflow/example_dags/example_task_group_decorator.py
[2026-07-24T19:25:57.996+0000] {processor.py:840} INFO - DAG(s) 'example_task_group_decorator' retrieved from /home/airflow/.local/lib/python3.12/site-packages/airflow/example_dags/example_task_group_decorator.py
[2026-07-24T19:25:58.107+0000] {logging_mixin.py:188} INFO - [2026-07-24T19:25:58.106+0000] {dag.py:3089} INFO - Sync 1 DAGs
[2026-07-24T19:25:58.212+0000] {logging_mixin.py:188} INFO - [2026-07-24T19:25:58.211+0000] {dag.py:3947} INFO - Setting next_dagrun for example_task_group_decorator to 2026-07-23 00:00:00+00:00, run_after=2026-07-24 00:00:00+00:00
[2026-07-24T19:25:58.285+0000] {processor.py:183} INFO - Processing /home/airflow/.local/lib/python3.12/site-packages/airflow/example_dags/example_task_group_decorator.py took 0.341 seconds
[2026-07-24T19:26:29.696+0000] {processor.py:161} INFO - Started process (PID=19589) to work on /home/airflow/.local/lib/python3.12/site-packages/airflow/example_dags/example_task_group_decorator.py
[2026-07-24T19:26:29.699+0000] {processor.py:830} INFO - Processing file /home/airflow/.local/lib/python3.12/site-packages/airflow/example_dags/example_task_group_decorator.py for tasks to queue
[2026-07-24T19:26:29.703+0000] {logging_mixin.py:188} INFO - [2026-07-24T19:26:29.702+0000] {dagbag.py:545} INFO - Filling up the DagBag from /home/airflow/.local/lib/python3.12/site-packages/airflow/example_dags/example_task_group_decorator.py
[2026-07-24T19:26:29.723+0000] {processor.py:840} INFO - DAG(s) 'example_task_group_decorator' retrieved from /home/airflow/.local/lib/python3.12/site-packages/airflow/example_dags/example_task_group_decorator.py
[2026-07-24T19:26:29.765+0000] {logging_mixin.py:188} INFO - [2026-07-24T19:26:29.765+0000] {dag.py:3089} INFO - Sync 1 DAGs
[2026-07-24T19:26:29.798+0000] {logging_mixin.py:188} INFO - [2026-07-24T19:26:29.797+0000] {dag.py:3947} INFO - Setting next_dagrun for example_task_group_decorator to 2026-07-23 00:00:00+00:00, run_after=2026-07-24 00:00:00+00:00
[2026-07-24T19:26:29.831+0000] {processor.py:183} INFO - Processing /home/airflow/.local/lib/python3.12/site-packages/airflow/example_dags/example_task_group_decorator.py took 0.145 seconds
[2026-07-24T19:27:00.718+0000] {processor.py:161} INFO - Started process (PID=19662) to work on /home/airflow/.local/lib/python3.12/site-packages/airflow/example_dags/example_task_group_decorator.py
[2026-07-24T19:27:00.724+0000] {processor.py:830} INFO - Processing file /home/airflow/.local/lib/python3.12/site-packages/airflow/example_dags/example_task_group_decorator.py for tasks to queue
[2026-07-24T19:27:00.729+0000] {logging_mixin.py:188} INFO - [2026-07-24T19:27:00.728+0000] {dagbag.py:545} INFO - Filling up the DagBag from /home/airflow/.local/lib/python3.12/site-packages/airflow/example_dags/example_task_group_decorator.py
[2026-07-24T19:27:00.756+0000] {processor.py:840} INFO - DAG(s) 'example_task_group_decorator' retrieved from /home/airflow/.local/lib/python3.12/site-packages/airflow/example_dags/example_task_group_decorator.py
[2026-07-24T19:27:00.815+0000] {logging_mixin.py:188} INFO - [2026-07-24T19:27:00.815+0000] {dag.py:3089} INFO - Sync 1 DAGs
[2026-07-24T19:27:00.866+0000] {logging_mixin.py:188} INFO - [2026-07-24T19:27:00.865+0000] {dag.py:3947} INFO - Setting next_dagrun for example_task_group_decorator to 2026-07-23 00:00:00+00:00, run_after=2026-07-24 00:00:00+00:00
[2026-07-24T19:27:00.912+0000] {processor.py:183} INFO - Processing /home/airflow/.local/lib/python3.12/site-packages/airflow/example_dags/example_task_group_decorator.py took 0.223 seconds
[2026-07-24T19:27:31.418+0000] {processor.py:161} INFO - Started process (PID=19735) to work on /home/airflow/.local/lib/python3.12/site-packages/airflow/example_dags/example_task_group_decorator.py
[2026-07-24T19:27:31.420+0000] {processor.py:830} INFO - Processing file /home/airflow/.local/lib/python3.12/site-packages/airflow/example_dags/example_task_group_decorator.py for tasks to queue
[2026-07-24T19:27:31.426+0000] {logging_mixin.py:188} INFO - [2026-07-24T19:27:31.426+0000] {dagbag.py:545} INFO - Filling up the DagBag from /home/airflow/.local/lib/python3.12/site-packages/airflow/example_dags/example_task_group_decorator.py
[2026-07-24T19:27:31.455+0000] {processor.py:840} INFO - DAG(s) 'example_task_group_decorator' retrieved from /home/airflow/.local/lib/python3.12/site-packages/airflow/example_dags/example_task_group_decorator.py
[2026-07-24T19:27:31.508+0000] {logging_mixin.py:188} INFO - [2026-07-24T19:27:31.507+0000] {dag.py:3089} INFO - Sync 1 DAGs
[2026-07-24T19:27:31.545+0000] {logging_mixin.py:188} INFO - [2026-07-24T19:27:31.544+0000] {dag.py:3947} INFO - Setting next_dagrun for example_task_group_decorator to 2026-07-23 00:00:00+00:00, run_after=2026-07-24 00:00:00+00:00
[2026-07-24T19:27:31.603+0000] {processor.py:183} INFO - Processing /home/airflow/.local/lib/python3.12/site-packages/airflow/example_dags/example_task_group_decorator.py took 0.195 seconds
[2026-07-24T19:28:02.033+0000] {processor.py:161} INFO - Started process (PID=19806) to work on /home/airflow/.local/lib/python3.12/site-packages/airflow/example_dags/example_task_group_decorator.py
[2026-07-24T19:28:02.035+0000] {processor.py:830} INFO - Processing file /home/airflow/.local/lib/python3.12/site-packages/airflow/example_dags/example_task_group_decorator.py for tasks to queue
[2026-07-24T19:28:02.039+0000] {logging_mixin.py:188} INFO - [2026-07-24T19:28:02.038+0000] {dagbag.py:545} INFO - Filling up the DagBag from /home/airflow/.local/lib/python3.12/site-packages/airflow/example_dags/example_task_group_decorator.py
[2026-07-24T19:28:02.060+0000] {processor.py:840} INFO - DAG(s) 'example_task_group_decorator' retrieved from /home/airflow/.local/lib/python3.12/site-packages/airflow/example_dags/example_task_group_decorator.py
[2026-07-24T19:28:02.108+0000] {logging_mixin.py:188} INFO - [2026-07-24T19:28:02.107+0000] {dag.py:3089} INFO - Sync 1 DAGs
[2026-07-24T19:28:02.147+0000] {logging_mixin.py:188} INFO - [2026-07-24T19:28:02.147+0000] {dag.py:3947} INFO - Setting next_dagrun for example_task_group_decorator to 2026-07-23 00:00:00+00:00, run_after=2026-07-24 00:00:00+00:00
[2026-07-24T19:28:02.185+0000] {processor.py:183} INFO - Processing /home/airflow/.local/lib/python3.12/site-packages/airflow/example_dags/example_task_group_decorator.py took 0.163 seconds
[2026-07-24T19:28:32.788+0000] {processor.py:161} INFO - Started process (PID=19879) to work on /home/airflow/.local/lib/python3.12/site-packages/airflow/example_dags/example_task_group_decorator.py
[2026-07-24T19:28:32.791+0000] {processor.py:830} INFO - Processing file /home/airflow/.local/lib/python3.12/site-packages/airflow/example_dags/example_task_group_decorator.py for tasks to queue
[2026-07-24T19:28:32.796+0000] {logging_mixin.py:188} INFO - [2026-07-24T19:28:32.795+0000] {dagbag.py:545} INFO - Filling up the DagBag from /home/airflow/.local/lib/python3.12/site-packages/airflow/example_dags/example_task_group_decorator.py
[2026-07-24T19:28:32.820+0000] {processor.py:840} INFO - DAG(s) 'example_task_group_decorator' retrieved from /home/airflow/.local/lib/python3.12/site-packages/airflow/example_dags/example_task_group_decorator.py
[2026-07-24T19:28:32.875+0000] {logging_mixin.py:188} INFO - [2026-07-24T19:28:32.875+0000] {dag.py:3089} INFO - Sync 1 DAGs
[2026-07-24T19:28:32.922+0000] {logging_mixin.py:188} INFO - [2026-07-24T19:28:32.922+0000] {dag.py:3947} INFO - Setting next_dagrun for example_task_group_decorator to 2026-07-23 00:00:00+00:00, run_after=2026-07-24 00:00:00+00:00
[2026-07-24T19:28:32.956+0000] {processor.py:183} INFO - Processing /home/airflow/.local/lib/python3.12/site-packages/airflow/example_dags/example_task_group_decorator.py took 0.183 seconds
[2026-07-24T19:29:03.740+0000] {processor.py:161} INFO - Started process (PID=19953) to work on /home/airflow/.local/lib/python3.12/site-packages/airflow/example_dags/example_task_group_decorator.py
[2026-07-24T19:29:03.743+0000] {processor.py:830} INFO - Processing file /home/airflow/.local/lib/python3.12/site-packages/airflow/example_dags/example_task_group_decorator.py for tasks to queue
[2026-07-24T19:29:03.748+0000] {logging_mixin.py:188} INFO - [2026-07-24T19:29:03.747+0000] {dagbag.py:545} INFO - Filling up the DagBag from /home/airflow/.local/lib/python3.12/site-packages/airflow/example_dags/example_task_group_decorator.py
[2026-07-24T19:29:03.777+0000] {processor.py:840} INFO - DAG(s) 'example_task_group_decorator' retrieved from /home/airflow/.local/lib/python3.12/site-packages/airflow/example_dags/example_task_group_decorator.py
[2026-07-24T19:29:03.819+0000] {logging_mixin.py:188} INFO - [2026-07-24T19:29:03.819+0000] {dag.py:3089} INFO - Sync 1 DAGs
[2026-07-24T19:29:03.862+0000] {logging_mixin.py:188} INFO - [2026-07-24T19:29:03.861+0000] {dag.py:3947} INFO - Setting next_dagrun for example_task_group_decorator to 2026-07-23 00:00:00+00:00, run_after=2026-07-24 00:00:00+00:00
[2026-07-24T19:29:03.905+0000] {processor.py:183} INFO - Processing /home/airflow/.local/lib/python3.12/site-packages/airflow/example_dags/example_task_group_decorator.py took 0.174 seconds
[2026-07-24T19:29:34.802+0000] {processor.py:161} INFO - Started process (PID=20027) to work on /home/airflow/.local/lib/python3.12/site-packages/airflow/example_dags/example_task_group_decorator.py
[2026-07-24T19:29:34.805+0000] {processor.py:830} INFO - Processing file /home/airflow/.local/lib/python3.12/site-packages/airflow/example_dags/example_task_group_decorator.py for tasks to queue
[2026-07-24T19:29:34.810+0000] {logging_mixin.py:188} INFO - [2026-07-24T19:29:34.809+0000] {dagbag.py:545} INFO - Filling up the DagBag from /home/airflow/.local/lib/python3.12/site-packages/airflow/example_dags/example_task_group_decorator.py
[2026-07-24T19:29:34.836+0000] {processor.py:840} INFO - DAG(s) 'example_task_group_decorator' retrieved from /home/airflow/.local/lib/python3.12/site-packages/airflow/example_dags/example_task_group_decorator.py
[2026-07-24T19:29:34.875+0000] {logging_mixin.py:188} INFO - [2026-07-24T19:29:34.874+0000] {dag.py:3089} INFO - Sync 1 DAGs
[2026-07-24T19:29:34.915+0000] {logging_mixin.py:188} INFO - [2026-07-24T19:29:34.915+0000] {dag.py:3947} INFO - Setting next_dagrun for example_task_group_decorator to 2026-07-23 00:00:00+00:00, run_after=2026-07-24 00:00:00+00:00
[2026-07-24T19:29:34.985+0000] {processor.py:183} INFO - Processing /home/airflow/.local/lib/python3.12/site-packages/airflow/example_dags/example_task_group_decorator.py took 0.193 seconds
[2026-07-24T19:30:05.216+0000] {processor.py:161} INFO - Started process (PID=20099) to work on /home/airflow/.local/lib/python3.12/site-packages/airflow/example_dags/example_task_group_decorator.py
[2026-07-24T19:30:05.223+0000] {processor.py:830} INFO - Processing file /home/airflow/.local/lib/python3.12/site-packages/airflow/example_dags/example_task_group_decorator.py for tasks to queue
[2026-07-24T19:30:05.228+0000] {logging_mixin.py:188} INFO - [2026-07-24T19:30:05.227+0000] {dagbag.py:545} INFO - Filling up the DagBag from /home/airflow/.local/lib/python3.12/site-packages/airflow/example_dags/example_task_group_decorator.py
[2026-07-24T19:30:05.254+0000] {processor.py:840} INFO - DAG(s) 'example_task_group_decorator' retrieved from /home/airflow/.local/lib/python3.12/site-packages/airflow/example_dags/example_task_group_decorator.py
[2026-07-24T19:30:05.319+0000] {logging_mixin.py:188} INFO - [2026-07-24T19:30:05.319+0000] {dag.py:3089} INFO - Sync 1 DAGs
[2026-07-24T19:30:05.368+0000] {logging_mixin.py:188} INFO - [2026-07-24T19:30:05.367+0000] {dag.py:3947} INFO - Setting next_dagrun for example_task_group_decorator to 2026-07-23 00:00:00+00:00, run_after=2026-07-24 00:00:00+00:00
[2026-07-24T19:30:05.417+0000] {processor.py:183} INFO - Processing /home/airflow/.local/lib/python3.12/site-packages/airflow/example_dags/example_task_group_decorator.py took 0.213 seconds
[2026-07-24T19:30:35.748+0000] {processor.py:161} INFO - Started process (PID=20172) to work on /home/airflow/.local/lib/python3.12/site-packages/airflow/example_dags/example_task_group_decorator.py
[2026-07-24T19:30:35.750+0000] {processor.py:830} INFO - Processing file /home/airflow/.local/lib/python3.12/site-packages/airflow/example_dags/example_task_group_decorator.py for tasks to queue
[2026-07-24T19:30:35.754+0000] {logging_mixin.py:188} INFO - [2026-07-24T19:30:35.754+0000] {dagbag.py:545} INFO - Filling up the DagBag from /home/airflow/.local/lib/python3.12/site-packages/airflow/example_dags/example_task_group_decorator.py
[2026-07-24T19:30:35.773+0000] {processor.py:840} INFO - DAG(s) 'example_task_group_decorator' retrieved from /home/airflow/.local/lib/python3.12/site-packages/airflow/example_dags/example_task_group_decorator.py
[2026-07-24T19:30:35.812+0000] {logging_mixin.py:188} INFO - [2026-07-24T19:30:35.812+0000] {dag.py:3089} INFO - Sync 1 DAGs
[2026-07-24T19:30:35.849+0000] {logging_mixin.py:188} INFO - [2026-07-24T19:30:35.849+0000] {dag.py:3947} INFO - Setting next_dagrun for example_task_group_decorator to 2026-07-23 00:00:00+00:00, run_after=2026-07-24 00:00:00+00:00
[2026-07-24T19:30:35.888+0000] {processor.py:183} INFO - Processing /home/airflow/.local/lib/python3.12/site-packages/airflow/example_dags/example_task_group_decorator.py took 0.148 seconds
[2026-07-24T19:31:06.405+0000] {processor.py:161} INFO - Started process (PID=20245) to work on /home/airflow/.local/lib/python3.12/site-packages/airflow/example_dags/example_task_group_decorator.py
[2026-07-24T19:31:06.408+0000] {processor.py:830} INFO - Processing file /home/airflow/.local/lib/python3.12/site-packages/airflow/example_dags/example_task_group_decorator.py for tasks to queue
[2026-07-24T19:31:06.411+0000] {logging_mixin.py:188} INFO - [2026-07-24T19:31:06.411+0000] {dagbag.py:545} INFO - Filling up the DagBag from /home/airflow/.local/lib/python3.12/site-packages/airflow/example_dags/example_task_group_decorator.py
[2026-07-24T19:31:06.431+0000] {processor.py:840} INFO - DAG(s) 'example_task_group_decorator' retrieved from /home/airflow/.local/lib/python3.12/site-packages/airflow/example_dags/example_task_group_decorator.py
[2026-07-24T19:31:06.472+0000] {logging_mixin.py:188} INFO - [2026-07-24T19:31:06.472+0000] {dag.py:3089} INFO - Sync 1 DAGs
[2026-07-24T19:31:06.512+0000] {logging_mixin.py:188} INFO - [2026-07-24T19:31:06.511+0000] {dag.py:3947} INFO - Setting next_dagrun for example_task_group_decorator to 2026-07-23 00:00:00+00:00, run_after=2026-07-24 00:00:00+00:00
[2026-07-24T19:31:06.546+0000] {processor.py:183} INFO - Processing /home/airflow/.local/lib/python3.12/site-packages/airflow/example_dags/example_task_group_decorator.py took 0.152 seconds
[2026-07-24T19:31:36.829+0000] {processor.py:161} INFO - Started process (PID=20318) to work on /home/airflow/.local/lib/python3.12/site-packages/airflow/example_dags/example_task_group_decorator.py
[2026-07-24T19:31:36.831+0000] {processor.py:830} INFO - Processing file /home/airflow/.local/lib/python3.12/site-packages/airflow/example_dags/example_task_group_decorator.py for tasks to queue
[2026-07-24T19:31:36.836+0000] {logging_mixin.py:188} INFO - [2026-07-24T19:31:36.835+0000] {dagbag.py:545} INFO - Filling up the DagBag from /home/airflow/.local/lib/python3.12/site-packages/airflow/example_dags/example_task_group_decorator.py
[2026-07-24T19:31:36.871+0000] {processor.py:840} INFO - DAG(s) 'example_task_group_decorator' retrieved from /home/airflow/.local/lib/python3.12/site-packages/airflow/example_dags/example_task_group_decorator.py
[2026-07-24T19:31:36.930+0000] {logging_mixin.py:188} INFO - [2026-07-24T19:31:36.929+0000] {dag.py:3089} INFO - Sync 1 DAGs
[2026-07-24T19:31:36.994+0000] {logging_mixin.py:188} INFO - [2026-07-24T19:31:36.994+0000] {dag.py:3947} INFO - Setting next_dagrun for example_task_group_decorator to 2026-07-23 00:00:00+00:00, run_after=2026-07-24 00:00:00+00:00
[2026-07-24T19:31:37.402+0000] {processor.py:183} INFO - Processing /home/airflow/.local/lib/python3.12/site-packages/airflow/example_dags/example_task_group_decorator.py took 0.582 seconds
[2026-07-24T19:32:07.732+0000] {processor.py:161} INFO - Started process (PID=20398) to work on /home/airflow/.local/lib/python3.12/site-packages/airflow/example_dags/example_task_group_decorator.py
[2026-07-24T19:32:07.734+0000] {processor.py:830} INFO - Processing file /home/airflow/.local/lib/python3.12/site-packages/airflow/example_dags/example_task_group_decorator.py for tasks to queue
[2026-07-24T19:32:07.739+0000] {logging_mixin.py:188} INFO - [2026-07-24T19:32:07.739+0000] {dagbag.py:545} INFO - Filling up the DagBag from /home/airflow/.local/lib/python3.12/site-packages/airflow/example_dags/example_task_group_decorator.py
[2026-07-24T19:32:07.765+0000] {processor.py:840} INFO - DAG(s) 'example_task_group_decorator' retrieved from /home/airflow/.local/lib/python3.12/site-packages/airflow/example_dags/example_task_group_decorator.py
[2026-07-24T19:32:07.806+0000] {logging_mixin.py:188} INFO - [2026-07-24T19:32:07.805+0000] {dag.py:3089} INFO - Sync 1 DAGs
[2026-07-24T19:32:07.840+0000] {logging_mixin.py:188} INFO - [2026-07-24T19:32:07.840+0000] {dag.py:3947} INFO - Setting next_dagrun for example_task_group_decorator to 2026-07-23 00:00:00+00:00, run_after=2026-07-24 00:00:00+00:00
[2026-07-24T19:32:07.879+0000] {processor.py:183} INFO - Processing /home/airflow/.local/lib/python3.12/site-packages/airflow/example_dags/example_task_group_decorator.py took 0.156 seconds
[2026-07-24T19:32:38.560+0000] {processor.py:161} INFO - Started process (PID=20471) to work on /home/airflow/.local/lib/python3.12/site-packages/airflow/example_dags/example_task_group_decorator.py
[2026-07-24T19:32:38.564+0000] {processor.py:830} INFO - Processing file /home/airflow/.local/lib/python3.12/site-packages/airflow/example_dags/example_task_group_decorator.py for tasks to queue
[2026-07-24T19:32:38.577+0000] {logging_mixin.py:188} INFO - [2026-07-24T19:32:38.576+0000] {dagbag.py:545} INFO - Filling up the DagBag from /home/airflow/.local/lib/python3.12/site-packages/airflow/example_dags/example_task_group_decorator.py
[2026-07-24T19:32:38.632+0000] {processor.py:840} INFO - DAG(s) 'example_task_group_decorator' retrieved from /home/airflow/.local/lib/python3.12/site-packages/airflow/example_dags/example_task_group_decorator.py
[2026-07-24T19:32:38.719+0000] {logging_mixin.py:188} INFO - [2026-07-24T19:32:38.718+0000] {dag.py:3089} INFO - Sync 1 DAGs
[2026-07-24T19:32:38.843+0000] {logging_mixin.py:188} INFO - [2026-07-24T19:32:38.843+0000] {dag.py:3947} INFO - Setting next_dagrun for example_task_group_decorator to 2026-07-23 00:00:00+00:00, run_after=2026-07-24 00:00:00+00:00
[2026-07-24T19:32:38.930+0000] {processor.py:183} INFO - Processing /home/airflow/.local/lib/python3.12/site-packages/airflow/example_dags/example_task_group_decorator.py took 0.387 seconds
[2026-07-24T19:33:09.193+0000] {processor.py:161} INFO - Started process (PID=20545) to work on /home/airflow/.local/lib/python3.12/site-packages/airflow/example_dags/example_task_group_decorator.py
[2026-07-24T19:33:09.198+0000] {processor.py:830} INFO - Processing file /home/airflow/.local/lib/python3.12/site-packages/airflow/example_dags/example_task_group_decorator.py for tasks to queue
[2026-07-24T19:33:09.203+0000] {logging_mixin.py:188} INFO - [2026-07-24T19:33:09.203+0000] {dagbag.py:545} INFO - Filling up the DagBag from /home/airflow/.local/lib/python3.12/site-packages/airflow/example_dags/example_task_group_decorator.py
[2026-07-24T19:33:09.231+0000] {processor.py:840} INFO - DAG(s) 'example_task_group_decorator' retrieved from /home/airflow/.local/lib/python3.12/site-packages/airflow/example_dags/example_task_group_decorator.py
[2026-07-24T19:33:09.284+0000] {logging_mixin.py:188} INFO - [2026-07-24T19:33:09.284+0000] {dag.py:3089} INFO - Sync 1 DAGs
[2026-07-24T19:33:09.330+0000] {logging_mixin.py:188} INFO - [2026-07-24T19:33:09.329+0000] {dag.py:3947} INFO - Setting next_dagrun for example_task_group_decorator to 2026-07-23 00:00:00+00:00, run_after=2026-07-24 00:00:00+00:00
[2026-07-24T19:33:09.368+0000] {processor.py:183} INFO - Processing /home/airflow/.local/lib/python3.12/site-packages/airflow/example_dags/example_task_group_decorator.py took 0.188 seconds
[2026-07-24T19:33:39.709+0000] {processor.py:161} INFO - Started process (PID=20618) to work on /home/airflow/.local/lib/python3.12/site-packages/airflow/example_dags/example_task_group_decorator.py
[2026-07-24T19:33:39.712+0000] {processor.py:830} INFO - Processing file /home/airflow/.local/lib/python3.12/site-packages/airflow/example_dags/example_task_group_decorator.py for tasks to queue
[2026-07-24T19:33:39.717+0000] {logging_mixin.py:188} INFO - [2026-07-24T19:33:39.717+0000] {dagbag.py:545} INFO - Filling up the DagBag from /home/airflow/.local/lib/python3.12/site-packages/airflow/example_dags/example_task_group_decorator.py
[2026-07-24T19:33:39.745+0000] {processor.py:840} INFO - DAG(s) 'example_task_group_decorator' retrieved from /home/airflow/.local/lib/python3.12/site-packages/airflow/example_dags/example_task_group_decorator.py
[2026-07-24T19:33:39.798+0000] {logging_mixin.py:188} INFO - [2026-07-24T19:33:39.797+0000] {dag.py:3089} INFO - Sync 1 DAGs
[2026-07-24T19:33:39.851+0000] {logging_mixin.py:188} INFO - [2026-07-24T19:33:39.851+0000] {dag.py:3947} INFO - Setting next_dagrun for example_task_group_decorator to 2026-07-23 00:00:00+00:00, run_after=2026-07-24 00:00:00+00:00
[2026-07-24T19:33:39.905+0000] {processor.py:183} INFO - Processing /home/airflow/.local/lib/python3.12/site-packages/airflow/example_dags/example_task_group_decorator.py took 0.206 seconds
[2026-07-24T19:34:11.051+0000] {processor.py:161} INFO - Started process (PID=20691) to work on /home/airflow/.local/lib/python3.12/site-packages/airflow/example_dags/example_task_group_decorator.py
[2026-07-24T19:34:11.059+0000] {processor.py:830} INFO - Processing file /home/airflow/.local/lib/python3.12/site-packages/airflow/example_dags/example_task_group_decorator.py for tasks to queue
[2026-07-24T19:34:11.077+0000] {logging_mixin.py:188} INFO - [2026-07-24T19:34:11.076+0000] {dagbag.py:545} INFO - Filling up the DagBag from /home/airflow/.local/lib/python3.12/site-packages/airflow/example_dags/example_task_group_decorator.py
[2026-07-24T19:34:11.187+0000] {processor.py:840} INFO - DAG(s) 'example_task_group_decorator' retrieved from /home/airflow/.local/lib/python3.12/site-packages/airflow/example_dags/example_task_group_decorator.py
[2026-07-24T19:34:11.257+0000] {logging_mixin.py:188} INFO - [2026-07-24T19:34:11.256+0000] {dag.py:3089} INFO - Sync 1 DAGs
[2026-07-24T19:34:11.333+0000] {logging_mixin.py:188} INFO - [2026-07-24T19:34:11.331+0000] {dag.py:3947} INFO - Setting next_dagrun for example_task_group_decorator to 2026-07-23 00:00:00+00:00, run_after=2026-07-24 00:00:00+00:00
[2026-07-24T19:34:11.400+0000] {processor.py:183} INFO - Processing /home/airflow/.local/lib/python3.12/site-packages/airflow/example_dags/example_task_group_decorator.py took 0.382 seconds
[2026-07-24T19:34:41.685+0000] {processor.py:161} INFO - Started process (PID=20764) to work on /home/airflow/.local/lib/python3.12/site-packages/airflow/example_dags/example_task_group_decorator.py
[2026-07-24T19:34:41.688+0000] {processor.py:830} INFO - Processing file /home/airflow/.local/lib/python3.12/site-packages/airflow/example_dags/example_task_group_decorator.py for tasks to queue
[2026-07-24T19:34:41.693+0000] {logging_mixin.py:188} INFO - [2026-07-24T19:34:41.692+0000] {dagbag.py:545} INFO - Filling up the DagBag from /home/airflow/.local/lib/python3.12/site-packages/airflow/example_dags/example_task_group_decorator.py
[2026-07-24T19:34:41.736+0000] {processor.py:840} INFO - DAG(s) 'example_task_group_decorator' retrieved from /home/airflow/.local/lib/python3.12/site-packages/airflow/example_dags/example_task_group_decorator.py
[2026-07-24T19:34:41.812+0000] {logging_mixin.py:188} INFO - [2026-07-24T19:34:41.812+0000] {dag.py:3089} INFO - Sync 1 DAGs
[2026-07-24T19:34:41.878+0000] {logging_mixin.py:188} INFO - [2026-07-24T19:34:41.877+0000] {dag.py:3947} INFO - Setting next_dagrun for example_task_group_decorator to 2026-07-23 00:00:00+00:00, run_after=2026-07-24 00:00:00+00:00
[2026-07-24T19:34:41.934+0000] {processor.py:183} INFO - Processing /home/airflow/.local/lib/python3.12/site-packages/airflow/example_dags/example_task_group_decorator.py took 0.259 seconds
[2026-07-24T19:35:12.139+0000] {processor.py:161} INFO - Started process (PID=20837) to work on /home/airflow/.local/lib/python3.12/site-packages/airflow/example_dags/example_task_group_decorator.py
[2026-07-24T19:35:12.141+0000] {processor.py:830} INFO - Processing file /home/airflow/.local/lib/python3.12/site-packages/airflow/example_dags/example_task_group_decorator.py for tasks to queue
[2026-07-24T19:35:12.146+0000] {logging_mixin.py:188} INFO - [2026-07-24T19:35:12.145+0000] {dagbag.py:545} INFO - Filling up the DagBag from /home/airflow/.local/lib/python3.12/site-packages/airflow/example_dags/example_task_group_decorator.py
[2026-07-24T19:35:12.175+0000] {processor.py:840} INFO - DAG(s) 'example_task_group_decorator' retrieved from /home/airflow/.local/lib/python3.12/site-packages/airflow/example_dags/example_task_group_decorator.py
[2026-07-24T19:35:12.230+0000] {logging_mixin.py:188} INFO - [2026-07-24T19:35:12.229+0000] {dag.py:3089} INFO - Sync 1 DAGs
[2026-07-24T19:35:12.279+0000] {logging_mixin.py:188} INFO - [2026-07-24T19:35:12.279+0000] {dag.py:3947} INFO - Setting next_dagrun for example_task_group_decorator to 2026-07-23 00:00:00+00:00, run_after=2026-07-24 00:00:00+00:00
[2026-07-24T19:35:12.325+0000] {processor.py:183} INFO - Processing /home/airflow/.local/lib/python3.12/site-packages/airflow/example_dags/example_task_group_decorator.py took 0.196 seconds
[2026-07-24T19:35:43.116+0000] {processor.py:161} INFO - Started process (PID=20910) to work on /home/airflow/.local/lib/python3.12/site-packages/airflow/example_dags/example_task_group_decorator.py
[2026-07-24T19:35:43.120+0000] {processor.py:830} INFO - Processing file /home/airflow/.local/lib/python3.12/site-packages/airflow/example_dags/example_task_group_decorator.py for tasks to queue
[2026-07-24T19:35:43.127+0000] {logging_mixin.py:188} INFO - [2026-07-24T19:35:43.126+0000] {dagbag.py:545} INFO - Filling up the DagBag from /home/airflow/.local/lib/python3.12/site-packages/airflow/example_dags/example_task_group_decorator.py
[2026-07-24T19:35:43.165+0000] {processor.py:840} INFO - DAG(s) 'example_task_group_decorator' retrieved from /home/airflow/.local/lib/python3.12/site-packages/airflow/example_dags/example_task_group_decorator.py
[2026-07-24T19:35:43.238+0000] {logging_mixin.py:188} INFO - [2026-07-24T19:35:43.238+0000] {dag.py:3089} INFO - Sync 1 DAGs
[2026-07-24T19:35:43.296+0000] {logging_mixin.py:188} INFO - [2026-07-24T19:35:43.295+0000] {dag.py:3947} INFO - Setting next_dagrun for example_task_group_decorator to 2026-07-23 00:00:00+00:00, run_after=2026-07-24 00:00:00+00:00
[2026-07-24T19:35:43.344+0000] {processor.py:183} INFO - Processing /home/airflow/.local/lib/python3.12/site-packages/airflow/example_dags/example_task_group_decorator.py took 0.243 seconds
[2026-07-24T19:36:13.566+0000] {processor.py:161} INFO - Started process (PID=20976) to work on /home/airflow/.local/lib/python3.12/site-packages/airflow/example_dags/example_task_group_decorator.py
[2026-07-24T19:36:13.570+0000] {processor.py:830} INFO - Processing file /home/airflow/.local/lib/python3.12/site-packages/airflow/example_dags/example_task_group_decorator.py for tasks to queue
[2026-07-24T19:36:13.577+0000] {logging_mixin.py:188} INFO - [2026-07-24T19:36:13.576+0000] {dagbag.py:545} INFO - Filling up the DagBag from /home/airflow/.local/lib/python3.12/site-packages/airflow/example_dags/example_task_group_decorator.py
[2026-07-24T19:36:13.618+0000] {processor.py:840} INFO - DAG(s) 'example_task_group_decorator' retrieved from /home/airflow/.local/lib/python3.12/site-packages/airflow/example_dags/example_task_group_decorator.py
[2026-07-24T19:36:13.691+0000] {logging_mixin.py:188} INFO - [2026-07-24T19:36:13.690+0000] {dag.py:3089} INFO - Sync 1 DAGs
[2026-07-24T19:36:13.772+0000] {logging_mixin.py:188} INFO - [2026-07-24T19:36:13.769+0000] {dag.py:3947} INFO - Setting next_dagrun for example_task_group_decorator to 2026-07-23 00:00:00+00:00, run_after=2026-07-24 00:00:00+00:00
[2026-07-24T19:36:13.824+0000] {processor.py:183} INFO - Processing /home/airflow/.local/lib/python3.12/site-packages/airflow/example_dags/example_task_group_decorator.py took 0.285 seconds
[2026-07-24T19:36:43.990+0000] {processor.py:161} INFO - Started process (PID=21056) to work on /home/airflow/.local/lib/python3.12/site-packages/airflow/example_dags/example_task_group_decorator.py
[2026-07-24T19:36:43.994+0000] {processor.py:830} INFO - Processing file /home/airflow/.local/lib/python3.12/site-packages/airflow/example_dags/example_task_group_decorator.py for tasks to queue
[2026-07-24T19:36:43.999+0000] {logging_mixin.py:188} INFO - [2026-07-24T19:36:43.998+0000] {dagbag.py:545} INFO - Filling up the DagBag from /home/airflow/.local/lib/python3.12/site-packages/airflow/example_dags/example_task_group_decorator.py
[2026-07-24T19:36:44.030+0000] {processor.py:840} INFO - DAG(s) 'example_task_group_decorator' retrieved from /home/airflow/.local/lib/python3.12/site-packages/airflow/example_dags/example_task_group_decorator.py
[2026-07-24T19:36:44.085+0000] {logging_mixin.py:188} INFO - [2026-07-24T19:36:44.085+0000] {dag.py:3089} INFO - Sync 1 DAGs
[2026-07-24T19:36:44.133+0000] {logging_mixin.py:188} INFO - [2026-07-24T19:36:44.133+0000] {dag.py:3947} INFO - Setting next_dagrun for example_task_group_decorator to 2026-07-23 00:00:00+00:00, run_after=2026-07-24 00:00:00+00:00
[2026-07-24T19:36:44.170+0000] {processor.py:183} INFO - Processing /home/airflow/.local/lib/python3.12/site-packages/airflow/example_dags/example_task_group_decorator.py took 0.194 seconds
[2026-07-24T19:37:14.750+0000] {processor.py:161} INFO - Started process (PID=21122) to work on /home/airflow/.local/lib/python3.12/site-packages/airflow/example_dags/example_task_group_decorator.py
[2026-07-24T19:37:14.753+0000] {processor.py:830} INFO - Processing file /home/airflow/.local/lib/python3.12/site-packages/airflow/example_dags/example_task_group_decorator.py for tasks to queue
[2026-07-24T19:37:14.758+0000] {logging_mixin.py:188} INFO - [2026-07-24T19:37:14.757+0000] {dagbag.py:545} INFO - Filling up the DagBag from /home/airflow/.local/lib/python3.12/site-packages/airflow/example_dags/example_task_group_decorator.py
[2026-07-24T19:37:14.804+0000] {processor.py:840} INFO - DAG(s) 'example_task_group_decorator' retrieved from /home/airflow/.local/lib/python3.12/site-packages/airflow/example_dags/example_task_group_decorator.py
[2026-07-24T19:37:14.869+0000] {logging_mixin.py:188} INFO - [2026-07-24T19:37:14.868+0000] {dag.py:3089} INFO - Sync 1 DAGs
[2026-07-24T19:37:14.921+0000] {logging_mixin.py:188} INFO - [2026-07-24T19:37:14.921+0000] {dag.py:3947} INFO - Setting next_dagrun for example_task_group_decorator to 2026-07-23 00:00:00+00:00, run_after=2026-07-24 00:00:00+00:00
[2026-07-24T19:37:14.973+0000] {processor.py:183} INFO - Processing /home/airflow/.local/lib/python3.12/site-packages/airflow/example_dags/example_task_group_decorator.py took 0.235 seconds
[2026-07-24T19:37:45.552+0000] {processor.py:161} INFO - Started process (PID=21202) to work on /home/airflow/.local/lib/python3.12/site-packages/airflow/example_dags/example_task_group_decorator.py
[2026-07-24T19:37:45.555+0000] {processor.py:830} INFO - Processing file /home/airflow/.local/lib/python3.12/site-packages/airflow/example_dags/example_task_group_decorator.py for tasks to queue
[2026-07-24T19:37:45.559+0000] {logging_mixin.py:188} INFO - [2026-07-24T19:37:45.558+0000] {dagbag.py:545} INFO - Filling up the DagBag from /home/airflow/.local/lib/python3.12/site-packages/airflow/example_dags/example_task_group_decorator.py
[2026-07-24T19:37:45.580+0000] {processor.py:840} INFO - DAG(s) 'example_task_group_decorator' retrieved from /home/airflow/.local/lib/python3.12/site-packages/airflow/example_dags/example_task_group_decorator.py
[2026-07-24T19:37:45.619+0000] {logging_mixin.py:188} INFO - [2026-07-24T19:37:45.619+0000] {dag.py:3089} INFO - Sync 1 DAGs
[2026-07-24T19:37:45.661+0000] {logging_mixin.py:188} INFO - [2026-07-24T19:37:45.661+0000] {dag.py:3947} INFO - Setting next_dagrun for example_task_group_decorator to 2026-07-23 00:00:00+00:00, run_after=2026-07-24 00:00:00+00:00
[2026-07-24T19:37:45.744+0000] {processor.py:183} INFO - Processing /home/airflow/.local/lib/python3.12/site-packages/airflow/example_dags/example_task_group_decorator.py took 0.202 seconds
[2026-07-24T19:38:16.545+0000] {processor.py:161} INFO - Started process (PID=21275) to work on /home/airflow/.local/lib/python3.12/site-packages/airflow/example_dags/example_task_group_decorator.py
[2026-07-24T19:38:16.548+0000] {processor.py:830} INFO - Processing file /home/airflow/.local/lib/python3.12/site-packages/airflow/example_dags/example_task_group_decorator.py for tasks to queue
[2026-07-24T19:38:16.553+0000] {logging_mixin.py:188} INFO - [2026-07-24T19:38:16.552+0000] {dagbag.py:545} INFO - Filling up the DagBag from /home/airflow/.local/lib/python3.12/site-packages/airflow/example_dags/example_task_group_decorator.py
[2026-07-24T19:38:16.583+0000] {processor.py:840} INFO - DAG(s) 'example_task_group_decorator' retrieved from /home/airflow/.local/lib/python3.12/site-packages/airflow/example_dags/example_task_group_decorator.py
[2026-07-24T19:38:16.627+0000] {logging_mixin.py:188} INFO - [2026-07-24T19:38:16.627+0000] {dag.py:3089} INFO - Sync 1 DAGs
[2026-07-24T19:38:16.671+0000] {logging_mixin.py:188} INFO - [2026-07-24T19:38:16.671+0000] {dag.py:3947} INFO - Setting next_dagrun for example_task_group_decorator to 2026-07-23 00:00:00+00:00, run_after=2026-07-24 00:00:00+00:00
[2026-07-24T19:38:16.729+0000] {processor.py:183} INFO - Processing /home/airflow/.local/lib/python3.12/site-packages/airflow/example_dags/example_task_group_decorator.py took 0.205 seconds
[2026-07-24T19:38:47.020+0000] {processor.py:161} INFO - Started process (PID=21348) to work on /home/airflow/.local/lib/python3.12/site-packages/airflow/example_dags/example_task_group_decorator.py
[2026-07-24T19:38:47.028+0000] {processor.py:830} INFO - Processing file /home/airflow/.local/lib/python3.12/site-packages/airflow/example_dags/example_task_group_decorator.py for tasks to queue
[2026-07-24T19:38:47.037+0000] {logging_mixin.py:188} INFO - [2026-07-24T19:38:47.036+0000] {dagbag.py:545} INFO - Filling up the DagBag from /home/airflow/.local/lib/python3.12/site-packages/airflow/example_dags/example_task_group_decorator.py
[2026-07-24T19:38:47.071+0000] {processor.py:840} INFO - DAG(s) 'example_task_group_decorator' retrieved from /home/airflow/.local/lib/python3.12/site-packages/airflow/example_dags/example_task_group_decorator.py
[2026-07-24T19:38:47.137+0000] {logging_mixin.py:188} INFO - [2026-07-24T19:38:47.136+0000] {dag.py:3089} INFO - Sync 1 DAGs
[2026-07-24T19:38:47.196+0000] {logging_mixin.py:188} INFO - [2026-07-24T19:38:47.196+0000] {dag.py:3947} INFO - Setting next_dagrun for example_task_group_decorator to 2026-07-23 00:00:00+00:00, run_after=2026-07-24 00:00:00+00:00
[2026-07-24T19:38:47.250+0000] {processor.py:183} INFO - Processing /home/airflow/.local/lib/python3.12/site-packages/airflow/example_dags/example_task_group_decorator.py took 0.243 seconds
[2026-07-24T19:39:18.221+0000] {processor.py:161} INFO - Started process (PID=21421) to work on /home/airflow/.local/lib/python3.12/site-packages/airflow/example_dags/example_task_group_decorator.py
[2026-07-24T19:39:18.224+0000] {processor.py:830} INFO - Processing file /home/airflow/.local/lib/python3.12/site-packages/airflow/example_dags/example_task_group_decorator.py for tasks to queue
[2026-07-24T19:39:18.233+0000] {logging_mixin.py:188} INFO - [2026-07-24T19:39:18.231+0000] {dagbag.py:545} INFO - Filling up the DagBag from /home/airflow/.local/lib/python3.12/site-packages/airflow/example_dags/example_task_group_decorator.py
[2026-07-24T19:39:18.298+0000] {processor.py:840} INFO - DAG(s) 'example_task_group_decorator' retrieved from /home/airflow/.local/lib/python3.12/site-packages/airflow/example_dags/example_task_group_decorator.py
[2026-07-24T19:39:18.363+0000] {logging_mixin.py:188} INFO - [2026-07-24T19:39:18.363+0000] {dag.py:3089} INFO - Sync 1 DAGs
[2026-07-24T19:39:18.417+0000] {logging_mixin.py:188} INFO - [2026-07-24T19:39:18.417+0000] {dag.py:3947} INFO - Setting next_dagrun for example_task_group_decorator to 2026-07-23 00:00:00+00:00, run_after=2026-07-24 00:00:00+00:00
[2026-07-24T19:39:18.470+0000] {processor.py:183} INFO - Processing /home/airflow/.local/lib/python3.12/site-packages/airflow/example_dags/example_task_group_decorator.py took 0.266 seconds
[2026-07-24T19:39:49.049+0000] {processor.py:161} INFO - Started process (PID=21487) to work on /home/airflow/.local/lib/python3.12/site-packages/airflow/example_dags/example_task_group_decorator.py
[2026-07-24T19:39:49.053+0000] {processor.py:830} INFO - Processing file /home/airflow/.local/lib/python3.12/site-packages/airflow/example_dags/example_task_group_decorator.py for tasks to queue
[2026-07-24T19:39:49.058+0000] {logging_mixin.py:188} INFO - [2026-07-24T19:39:49.057+0000] {dagbag.py:545} INFO - Filling up the DagBag from /home/airflow/.local/lib/python3.12/site-packages/airflow/example_dags/example_task_group_decorator.py
[2026-07-24T19:39:49.111+0000] {processor.py:840} INFO - DAG(s) 'example_task_group_decorator' retrieved from /home/airflow/.local/lib/python3.12/site-packages/airflow/example_dags/example_task_group_decorator.py
[2026-07-24T19:39:49.206+0000] {logging_mixin.py:188} INFO - [2026-07-24T19:39:49.205+0000] {dag.py:3089} INFO - Sync 1 DAGs
[2026-07-24T19:39:49.259+0000] {logging_mixin.py:188} INFO - [2026-07-24T19:39:49.258+0000] {dag.py:3947} INFO - Setting next_dagrun for example_task_group_decorator to 2026-07-23 00:00:00+00:00, run_after=2026-07-24 00:00:00+00:00
[2026-07-24T19:39:49.301+0000] {processor.py:183} INFO - Processing /home/airflow/.local/lib/python3.12/site-packages/airflow/example_dags/example_task_group_decorator.py took 0.271 seconds
[2026-07-24T19:40:20.262+0000] {processor.py:161} INFO - Started process (PID=21560) to work on /home/airflow/.local/lib/python3.12/site-packages/airflow/example_dags/example_task_group_decorator.py
[2026-07-24T19:40:20.264+0000] {processor.py:830} INFO - Processing file /home/airflow/.local/lib/python3.12/site-packages/airflow/example_dags/example_task_group_decorator.py for tasks to queue
[2026-07-24T19:40:20.268+0000] {logging_mixin.py:188} INFO - [2026-07-24T19:40:20.268+0000] {dagbag.py:545} INFO - Filling up the DagBag from /home/airflow/.local/lib/python3.12/site-packages/airflow/example_dags/example_task_group_decorator.py
[2026-07-24T19:40:20.289+0000] {processor.py:840} INFO - DAG(s) 'example_task_group_decorator' retrieved from /home/airflow/.local/lib/python3.12/site-packages/airflow/example_dags/example_task_group_decorator.py
[2026-07-24T19:40:20.327+0000] {logging_mixin.py:188} INFO - [2026-07-24T19:40:20.327+0000] {dag.py:3089} INFO - Sync 1 DAGs
[2026-07-24T19:40:20.362+0000] {logging_mixin.py:188} INFO - [2026-07-24T19:40:20.361+0000] {dag.py:3947} INFO - Setting next_dagrun for example_task_group_decorator to 2026-07-23 00:00:00+00:00, run_after=2026-07-24 00:00:00+00:00
[2026-07-24T19:40:20.455+0000] {processor.py:183} INFO - Processing /home/airflow/.local/lib/python3.12/site-packages/airflow/example_dags/example_task_group_decorator.py took 0.201 seconds
[2026-07-24T19:40:50.818+0000] {processor.py:161} INFO - Started process (PID=21632) to work on /home/airflow/.local/lib/python3.12/site-packages/airflow/example_dags/example_task_group_decorator.py
[2026-07-24T19:40:50.820+0000] {processor.py:830} INFO - Processing file /home/airflow/.local/lib/python3.12/site-packages/airflow/example_dags/example_task_group_decorator.py for tasks to queue
[2026-07-24T19:40:50.823+0000] {logging_mixin.py:188} INFO - [2026-07-24T19:40:50.823+0000] {dagbag.py:545} INFO - Filling up the DagBag from /home/airflow/.local/lib/python3.12/site-packages/airflow/example_dags/example_task_group_decorator.py
[2026-07-24T19:40:50.843+0000] {processor.py:840} INFO - DAG(s) 'example_task_group_decorator' retrieved from /home/airflow/.local/lib/python3.12/site-packages/airflow/example_dags/example_task_group_decorator.py
[2026-07-24T19:40:50.879+0000] {logging_mixin.py:188} INFO - [2026-07-24T19:40:50.879+0000] {dag.py:3089} INFO - Sync 1 DAGs
[2026-07-24T19:40:50.908+0000] {logging_mixin.py:188} INFO - [2026-07-24T19:40:50.907+0000] {dag.py:3947} INFO - Setting next_dagrun for example_task_group_decorator to 2026-07-23 00:00:00+00:00, run_after=2026-07-24 00:00:00+00:00
[2026-07-24T19:40:50.937+0000] {processor.py:183} INFO - Processing /home/airflow/.local/lib/python3.12/site-packages/airflow/example_dags/example_task_group_decorator.py took 0.127 seconds
[2026-07-24T19:41:21.603+0000] {processor.py:161} INFO - Started process (PID=21705) to work on /home/airflow/.local/lib/python3.12/site-packages/airflow/example_dags/example_task_group_decorator.py
[2026-07-24T19:41:21.606+0000] {processor.py:830} INFO - Processing file /home/airflow/.local/lib/python3.12/site-packages/airflow/example_dags/example_task_group_decorator.py for tasks to queue
[2026-07-24T19:41:21.610+0000] {logging_mixin.py:188} INFO - [2026-07-24T19:41:21.609+0000] {dagbag.py:545} INFO - Filling up the DagBag from /home/airflow/.local/lib/python3.12/site-packages/airflow/example_dags/example_task_group_decorator.py
[2026-07-24T19:41:21.630+0000] {processor.py:840} INFO - DAG(s) 'example_task_group_decorator' retrieved from /home/airflow/.local/lib/python3.12/site-packages/airflow/example_dags/example_task_group_decorator.py
[2026-07-24T19:41:21.668+0000] {logging_mixin.py:188} INFO - [2026-07-24T19:41:21.668+0000] {dag.py:3089} INFO - Sync 1 DAGs
[2026-07-24T19:41:21.700+0000] {logging_mixin.py:188} INFO - [2026-07-24T19:41:21.700+0000] {dag.py:3947} INFO - Setting next_dagrun for example_task_group_decorator to 2026-07-23 00:00:00+00:00, run_after=2026-07-24 00:00:00+00:00
[2026-07-24T19:41:21.731+0000] {processor.py:183} INFO - Processing /home/airflow/.local/lib/python3.12/site-packages/airflow/example_dags/example_task_group_decorator.py took 0.135 seconds
[2026-07-24T19:41:52.218+0000] {processor.py:161} INFO - Started process (PID=21777) to work on /home/airflow/.local/lib/python3.12/site-packages/airflow/example_dags/example_task_group_decorator.py
[2026-07-24T19:41:52.220+0000] {processor.py:830} INFO - Processing file /home/airflow/.local/lib/python3.12/site-packages/airflow/example_dags/example_task_group_decorator.py for tasks to queue
[2026-07-24T19:41:52.224+0000] {logging_mixin.py:188} INFO - [2026-07-24T19:41:52.224+0000] {dagbag.py:545} INFO - Filling up the DagBag from /home/airflow/.local/lib/python3.12/site-packages/airflow/example_dags/example_task_group_decorator.py
[2026-07-24T19:41:52.251+0000] {processor.py:840} INFO - DAG(s) 'example_task_group_decorator' retrieved from /home/airflow/.local/lib/python3.12/site-packages/airflow/example_dags/example_task_group_decorator.py
[2026-07-24T19:41:52.291+0000] {logging_mixin.py:188} INFO - [2026-07-24T19:41:52.290+0000] {dag.py:3089} INFO - Sync 1 DAGs
[2026-07-24T19:41:52.322+0000] {logging_mixin.py:188} INFO - [2026-07-24T19:41:52.322+0000] {dag.py:3947} INFO - Setting next_dagrun for example_task_group_decorator to 2026-07-23 00:00:00+00:00, run_after=2026-07-24 00:00:00+00:00
[2026-07-24T19:41:52.353+0000] {processor.py:183} INFO - Processing /home/airflow/.local/lib/python3.12/site-packages/airflow/example_dags/example_task_group_decorator.py took 0.144 seconds
[2026-07-24T19:42:22.615+0000] {processor.py:161} INFO - Started process (PID=21850) to work on /home/airflow/.local/lib/python3.12/site-packages/airflow/example_dags/example_task_group_decorator.py
[2026-07-24T19:42:22.617+0000] {processor.py:830} INFO - Processing file /home/airflow/.local/lib/python3.12/site-packages/airflow/example_dags/example_task_group_decorator.py for tasks to queue
[2026-07-24T19:42:22.621+0000] {logging_mixin.py:188} INFO - [2026-07-24T19:42:22.620+0000] {dagbag.py:545} INFO - Filling up the DagBag from /home/airflow/.local/lib/python3.12/site-packages/airflow/example_dags/example_task_group_decorator.py
[2026-07-24T19:42:22.641+0000] {processor.py:840} INFO - DAG(s) 'example_task_group_decorator' retrieved from /home/airflow/.local/lib/python3.12/site-packages/airflow/example_dags/example_task_group_decorator.py
[2026-07-24T19:42:22.684+0000] {logging_mixin.py:188} INFO - [2026-07-24T19:42:22.683+0000] {dag.py:3089} INFO - Sync 1 DAGs
[2026-07-24T19:42:22.728+0000] {logging_mixin.py:188} INFO - [2026-07-24T19:42:22.727+0000] {dag.py:3947} INFO - Setting next_dagrun for example_task_group_decorator to 2026-07-23 00:00:00+00:00, run_after=2026-07-24 00:00:00+00:00
[2026-07-24T19:42:22.764+0000] {processor.py:183} INFO - Processing /home/airflow/.local/lib/python3.12/site-packages/airflow/example_dags/example_task_group_decorator.py took 0.157 seconds
[2026-07-24T19:42:53.025+0000] {processor.py:161} INFO - Started process (PID=21923) to work on /home/airflow/.local/lib/python3.12/site-packages/airflow/example_dags/example_task_group_decorator.py
[2026-07-24T19:42:53.028+0000] {processor.py:830} INFO - Processing file /home/airflow/.local/lib/python3.12/site-packages/airflow/example_dags/example_task_group_decorator.py for tasks to queue
[2026-07-24T19:42:53.035+0000] {logging_mixin.py:188} INFO - [2026-07-24T19:42:53.034+0000] {dagbag.py:545} INFO - Filling up the DagBag from /home/airflow/.local/lib/python3.12/site-packages/airflow/example_dags/example_task_group_decorator.py
[2026-07-24T19:42:53.087+0000] {processor.py:840} INFO - DAG(s) 'example_task_group_decorator' retrieved from /home/airflow/.local/lib/python3.12/site-packages/airflow/example_dags/example_task_group_decorator.py
[2026-07-24T19:42:53.155+0000] {logging_mixin.py:188} INFO - [2026-07-24T19:42:53.154+0000] {dag.py:3089} INFO - Sync 1 DAGs
[2026-07-24T19:42:53.209+0000] {logging_mixin.py:188} INFO - [2026-07-24T19:42:53.209+0000] {dag.py:3947} INFO - Setting next_dagrun for example_task_group_decorator to 2026-07-23 00:00:00+00:00, run_after=2026-07-24 00:00:00+00:00
[2026-07-24T19:42:53.256+0000] {processor.py:183} INFO - Processing /home/airflow/.local/lib/python3.12/site-packages/airflow/example_dags/example_task_group_decorator.py took 0.249 seconds
[2026-07-24T19:43:23.557+0000] {processor.py:161} INFO - Started process (PID=21996) to work on /home/airflow/.local/lib/python3.12/site-packages/airflow/example_dags/example_task_group_decorator.py
[2026-07-24T19:43:23.561+0000] {processor.py:830} INFO - Processing file /home/airflow/.local/lib/python3.12/site-packages/airflow/example_dags/example_task_group_decorator.py for tasks to queue
[2026-07-24T19:43:23.570+0000] {logging_mixin.py:188} INFO - [2026-07-24T19:43:23.568+0000] {dagbag.py:545} INFO - Filling up the DagBag from /home/airflow/.local/lib/python3.12/site-packages/airflow/example_dags/example_task_group_decorator.py
[2026-07-24T19:43:23.611+0000] {processor.py:840} INFO - DAG(s) 'example_task_group_decorator' retrieved from /home/airflow/.local/lib/python3.12/site-packages/airflow/example_dags/example_task_group_decorator.py
[2026-07-24T19:43:23.664+0000] {logging_mixin.py:188} INFO - [2026-07-24T19:43:23.663+0000] {dag.py:3089} INFO - Sync 1 DAGs
[2026-07-24T19:43:23.706+0000] {logging_mixin.py:188} INFO - [2026-07-24T19:43:23.706+0000] {dag.py:3947} INFO - Setting next_dagrun for example_task_group_decorator to 2026-07-23 00:00:00+00:00, run_after=2026-07-24 00:00:00+00:00
[2026-07-24T19:43:23.757+0000] {processor.py:183} INFO - Processing /home/airflow/.local/lib/python3.12/site-packages/airflow/example_dags/example_task_group_decorator.py took 0.217 seconds
[2026-07-24T19:43:53.983+0000] {processor.py:161} INFO - Started process (PID=22072) to work on /home/airflow/.local/lib/python3.12/site-packages/airflow/example_dags/example_task_group_decorator.py
[2026-07-24T19:43:53.987+0000] {processor.py:830} INFO - Processing file /home/airflow/.local/lib/python3.12/site-packages/airflow/example_dags/example_task_group_decorator.py for tasks to queue
[2026-07-24T19:43:53.993+0000] {logging_mixin.py:188} INFO - [2026-07-24T19:43:53.992+0000] {dagbag.py:545} INFO - Filling up the DagBag from /home/airflow/.local/lib/python3.12/site-packages/airflow/example_dags/example_task_group_decorator.py
[2026-07-24T19:43:54.055+0000] {processor.py:840} INFO - DAG(s) 'example_task_group_decorator' retrieved from /home/airflow/.local/lib/python3.12/site-packages/airflow/example_dags/example_task_group_decorator.py
[2026-07-24T19:43:54.188+0000] {logging_mixin.py:188} INFO - [2026-07-24T19:43:54.187+0000] {dag.py:3089} INFO - Sync 1 DAGs
[2026-07-24T19:43:54.224+0000] {logging_mixin.py:188} INFO - [2026-07-24T19:43:54.224+0000] {dag.py:3947} INFO - Setting next_dagrun for example_task_group_decorator to 2026-07-23 00:00:00+00:00, run_after=2026-07-24 00:00:00+00:00
[2026-07-24T19:43:54.263+0000] {processor.py:183} INFO - Processing /home/airflow/.local/lib/python3.12/site-packages/airflow/example_dags/example_task_group_decorator.py took 0.302 seconds
[2026-07-24T19:44:24.907+0000] {processor.py:161} INFO - Started process (PID=22145) to work on /home/airflow/.local/lib/python3.12/site-packages/airflow/example_dags/example_task_group_decorator.py
[2026-07-24T19:44:24.909+0000] {processor.py:830} INFO - Processing file /home/airflow/.local/lib/python3.12/site-packages/airflow/example_dags/example_task_group_decorator.py for tasks to queue
[2026-07-24T19:44:24.913+0000] {logging_mixin.py:188} INFO - [2026-07-24T19:44:24.912+0000] {dagbag.py:545} INFO - Filling up the DagBag from /home/airflow/.local/lib/python3.12/site-packages/airflow/example_dags/example_task_group_decorator.py
[2026-07-24T19:44:24.933+0000] {processor.py:840} INFO - DAG(s) 'example_task_group_decorator' retrieved from /home/airflow/.local/lib/python3.12/site-packages/airflow/example_dags/example_task_group_decorator.py
[2026-07-24T19:44:24.984+0000] {logging_mixin.py:188} INFO - [2026-07-24T19:44:24.984+0000] {dag.py:3089} INFO - Sync 1 DAGs
[2026-07-24T19:44:25.019+0000] {logging_mixin.py:188} INFO - [2026-07-24T19:44:25.019+0000] {dag.py:3947} INFO - Setting next_dagrun for example_task_group_decorator to 2026-07-23 00:00:00+00:00, run_after=2026-07-24 00:00:00+00:00
[2026-07-24T19:44:25.066+0000] {processor.py:183} INFO - Processing /home/airflow/.local/lib/python3.12/site-packages/airflow/example_dags/example_task_group_decorator.py took 0.169 seconds
[2026-07-24T19:44:55.593+0000] {processor.py:161} INFO - Started process (PID=22218) to work on /home/airflow/.local/lib/python3.12/site-packages/airflow/example_dags/example_task_group_decorator.py
[2026-07-24T19:44:55.596+0000] {processor.py:830} INFO - Processing file /home/airflow/.local/lib/python3.12/site-packages/airflow/example_dags/example_task_group_decorator.py for tasks to queue
[2026-07-24T19:44:55.600+0000] {logging_mixin.py:188} INFO - [2026-07-24T19:44:55.600+0000] {dagbag.py:545} INFO - Filling up the DagBag from /home/airflow/.local/lib/python3.12/site-packages/airflow/example_dags/example_task_group_decorator.py
[2026-07-24T19:44:55.621+0000] {processor.py:840} INFO - DAG(s) 'example_task_group_decorator' retrieved from /home/airflow/.local/lib/python3.12/site-packages/airflow/example_dags/example_task_group_decorator.py
[2026-07-24T19:44:55.660+0000] {logging_mixin.py:188} INFO - [2026-07-24T19:44:55.659+0000] {dag.py:3089} INFO - Sync 1 DAGs
[2026-07-24T19:44:55.695+0000] {logging_mixin.py:188} INFO - [2026-07-24T19:44:55.694+0000] {dag.py:3947} INFO - Setting next_dagrun for example_task_group_decorator to 2026-07-23 00:00:00+00:00, run_after=2026-07-24 00:00:00+00:00
[2026-07-24T19:44:55.724+0000] {processor.py:183} INFO - Processing /home/airflow/.local/lib/python3.12/site-packages/airflow/example_dags/example_task_group_decorator.py took 0.141 seconds
[2026-07-24T19:45:26.561+0000] {processor.py:161} INFO - Started process (PID=22291) to work on /home/airflow/.local/lib/python3.12/site-packages/airflow/example_dags/example_task_group_decorator.py
[2026-07-24T19:45:26.563+0000] {processor.py:830} INFO - Processing file /home/airflow/.local/lib/python3.12/site-packages/airflow/example_dags/example_task_group_decorator.py for tasks to queue
[2026-07-24T19:45:26.566+0000] {logging_mixin.py:188} INFO - [2026-07-24T19:45:26.566+0000] {dagbag.py:545} INFO - Filling up the DagBag from /home/airflow/.local/lib/python3.12/site-packages/airflow/example_dags/example_task_group_decorator.py
[2026-07-24T19:45:26.585+0000] {processor.py:840} INFO - DAG(s) 'example_task_group_decorator' retrieved from /home/airflow/.local/lib/python3.12/site-packages/airflow/example_dags/example_task_group_decorator.py
[2026-07-24T19:45:26.624+0000] {logging_mixin.py:188} INFO - [2026-07-24T19:45:26.624+0000] {dag.py:3089} INFO - Sync 1 DAGs
[2026-07-24T19:45:26.665+0000] {logging_mixin.py:188} INFO - [2026-07-24T19:45:26.665+0000] {dag.py:3947} INFO - Setting next_dagrun for example_task_group_decorator to 2026-07-23 00:00:00+00:00, run_after=2026-07-24 00:00:00+00:00
[2026-07-24T19:45:26.697+0000] {processor.py:183} INFO - Processing /home/airflow/.local/lib/python3.12/site-packages/airflow/example_dags/example_task_group_decorator.py took 0.144 seconds
[2026-07-24T19:45:58.349+0000] {processor.py:161} INFO - Started process (PID=22371) to work on /home/airflow/.local/lib/python3.12/site-packages/airflow/example_dags/example_task_group_decorator.py
[2026-07-24T19:45:58.353+0000] {processor.py:830} INFO - Processing file /home/airflow/.local/lib/python3.12/site-packages/airflow/example_dags/example_task_group_decorator.py for tasks to queue
[2026-07-24T19:45:58.360+0000] {logging_mixin.py:188} INFO - [2026-07-24T19:45:58.357+0000] {dagbag.py:545} INFO - Filling up the DagBag from /home/airflow/.local/lib/python3.12/site-packages/airflow/example_dags/example_task_group_decorator.py
[2026-07-24T19:45:58.412+0000] {processor.py:840} INFO - DAG(s) 'example_task_group_decorator' retrieved from /home/airflow/.local/lib/python3.12/site-packages/airflow/example_dags/example_task_group_decorator.py
[2026-07-24T19:45:58.501+0000] {logging_mixin.py:188} INFO - [2026-07-24T19:45:58.500+0000] {dag.py:3089} INFO - Sync 1 DAGs
[2026-07-24T19:45:58.579+0000] {logging_mixin.py:188} INFO - [2026-07-24T19:45:58.578+0000] {dag.py:3947} INFO - Setting next_dagrun for example_task_group_decorator to 2026-07-23 00:00:00+00:00, run_after=2026-07-24 00:00:00+00:00
[2026-07-24T19:45:58.640+0000] {processor.py:183} INFO - Processing /home/airflow/.local/lib/python3.12/site-packages/airflow/example_dags/example_task_group_decorator.py took 0.309 seconds
[2026-07-24T19:46:29.735+0000] {processor.py:161} INFO - Started process (PID=22444) to work on /home/airflow/.local/lib/python3.12/site-packages/airflow/example_dags/example_task_group_decorator.py
[2026-07-24T19:46:29.738+0000] {processor.py:830} INFO - Processing file /home/airflow/.local/lib/python3.12/site-packages/airflow/example_dags/example_task_group_decorator.py for tasks to queue
[2026-07-24T19:46:29.744+0000] {logging_mixin.py:188} INFO - [2026-07-24T19:46:29.742+0000] {dagbag.py:545} INFO - Filling up the DagBag from /home/airflow/.local/lib/python3.12/site-packages/airflow/example_dags/example_task_group_decorator.py
[2026-07-24T19:46:29.787+0000] {processor.py:840} INFO - DAG(s) 'example_task_group_decorator' retrieved from /home/airflow/.local/lib/python3.12/site-packages/airflow/example_dags/example_task_group_decorator.py
[2026-07-24T19:46:29.851+0000] {logging_mixin.py:188} INFO - [2026-07-24T19:46:29.850+0000] {dag.py:3089} INFO - Sync 1 DAGs
[2026-07-24T19:46:29.889+0000] {logging_mixin.py:188} INFO - [2026-07-24T19:46:29.889+0000] {dag.py:3947} INFO - Setting next_dagrun for example_task_group_decorator to 2026-07-23 00:00:00+00:00, run_after=2026-07-24 00:00:00+00:00
[2026-07-24T19:46:29.936+0000] {processor.py:183} INFO - Processing /home/airflow/.local/lib/python3.12/site-packages/airflow/example_dags/example_task_group_decorator.py took 0.211 seconds
[2026-07-24T19:47:01.005+0000] {processor.py:161} INFO - Started process (PID=22517) to work on /home/airflow/.local/lib/python3.12/site-packages/airflow/example_dags/example_task_group_decorator.py
[2026-07-24T19:47:01.008+0000] {processor.py:830} INFO - Processing file /home/airflow/.local/lib/python3.12/site-packages/airflow/example_dags/example_task_group_decorator.py for tasks to queue
[2026-07-24T19:47:01.012+0000] {logging_mixin.py:188} INFO - [2026-07-24T19:47:01.011+0000] {dagbag.py:545} INFO - Filling up the DagBag from /home/airflow/.local/lib/python3.12/site-packages/airflow/example_dags/example_task_group_decorator.py
[2026-07-24T19:47:01.035+0000] {processor.py:840} INFO - DAG(s) 'example_task_group_decorator' retrieved from /home/airflow/.local/lib/python3.12/site-packages/airflow/example_dags/example_task_group_decorator.py
[2026-07-24T19:47:01.077+0000] {logging_mixin.py:188} INFO - [2026-07-24T19:47:01.076+0000] {dag.py:3089} INFO - Sync 1 DAGs
[2026-07-24T19:47:01.123+0000] {logging_mixin.py:188} INFO - [2026-07-24T19:47:01.123+0000] {dag.py:3947} INFO - Setting next_dagrun for example_task_group_decorator to 2026-07-23 00:00:00+00:00, run_after=2026-07-24 00:00:00+00:00
[2026-07-24T19:47:01.172+0000] {processor.py:183} INFO - Processing /home/airflow/.local/lib/python3.12/site-packages/airflow/example_dags/example_task_group_decorator.py took 0.176 seconds
[2026-07-24T19:47:32.521+0000] {processor.py:161} INFO - Started process (PID=22590) to work on /home/airflow/.local/lib/python3.12/site-packages/airflow/example_dags/example_task_group_decorator.py
[2026-07-24T19:47:32.524+0000] {processor.py:830} INFO - Processing file /home/airflow/.local/lib/python3.12/site-packages/airflow/example_dags/example_task_group_decorator.py for tasks to queue
[2026-07-24T19:47:32.529+0000] {logging_mixin.py:188} INFO - [2026-07-24T19:47:32.528+0000] {dagbag.py:545} INFO - Filling up the DagBag from /home/airflow/.local/lib/python3.12/site-packages/airflow/example_dags/example_task_group_decorator.py
[2026-07-24T19:47:32.560+0000] {processor.py:840} INFO - DAG(s) 'example_task_group_decorator' retrieved from /home/airflow/.local/lib/python3.12/site-packages/airflow/example_dags/example_task_group_decorator.py
[2026-07-24T19:47:32.608+0000] {logging_mixin.py:188} INFO - [2026-07-24T19:47:32.607+0000] {dag.py:3089} INFO - Sync 1 DAGs
[2026-07-24T19:47:32.653+0000] {logging_mixin.py:188} INFO - [2026-07-24T19:47:32.653+0000] {dag.py:3947} INFO - Setting next_dagrun for example_task_group_decorator to 2026-07-23 00:00:00+00:00, run_after=2026-07-24 00:00:00+00:00
[2026-07-24T19:47:32.697+0000] {processor.py:183} INFO - Processing /home/airflow/.local/lib/python3.12/site-packages/airflow/example_dags/example_task_group_decorator.py took 0.195 seconds
[2026-07-24T19:48:03.869+0000] {processor.py:161} INFO - Started process (PID=22663) to work on /home/airflow/.local/lib/python3.12/site-packages/airflow/example_dags/example_task_group_decorator.py
[2026-07-24T19:48:03.872+0000] {processor.py:830} INFO - Processing file /home/airflow/.local/lib/python3.12/site-packages/airflow/example_dags/example_task_group_decorator.py for tasks to queue
[2026-07-24T19:48:03.877+0000] {logging_mixin.py:188} INFO - [2026-07-24T19:48:03.876+0000] {dagbag.py:545} INFO - Filling up the DagBag from /home/airflow/.local/lib/python3.12/site-packages/airflow/example_dags/example_task_group_decorator.py
[2026-07-24T19:48:03.906+0000] {processor.py:840} INFO - DAG(s) 'example_task_group_decorator' retrieved from /home/airflow/.local/lib/python3.12/site-packages/airflow/example_dags/example_task_group_decorator.py
[2026-07-24T19:48:03.956+0000] {logging_mixin.py:188} INFO - [2026-07-24T19:48:03.955+0000] {dag.py:3089} INFO - Sync 1 DAGs
[2026-07-24T19:48:04.009+0000] {logging_mixin.py:188} INFO - [2026-07-24T19:48:04.008+0000] {dag.py:3947} INFO - Setting next_dagrun for example_task_group_decorator to 2026-07-23 00:00:00+00:00, run_after=2026-07-24 00:00:00+00:00
[2026-07-24T19:48:04.094+0000] {processor.py:183} INFO - Processing /home/airflow/.local/lib/python3.12/site-packages/airflow/example_dags/example_task_group_decorator.py took 0.236 seconds
[2026-07-24T19:48:34.529+0000] {processor.py:161} INFO - Started process (PID=22737) to work on /home/airflow/.local/lib/python3.12/site-packages/airflow/example_dags/example_task_group_decorator.py
[2026-07-24T19:48:34.532+0000] {processor.py:830} INFO - Processing file /home/airflow/.local/lib/python3.12/site-packages/airflow/example_dags/example_task_group_decorator.py for tasks to queue
[2026-07-24T19:48:34.537+0000] {logging_mixin.py:188} INFO - [2026-07-24T19:48:34.536+0000] {dagbag.py:545} INFO - Filling up the DagBag from /home/airflow/.local/lib/python3.12/site-packages/airflow/example_dags/example_task_group_decorator.py
[2026-07-24T19:48:34.560+0000] {processor.py:840} INFO - DAG(s) 'example_task_group_decorator' retrieved from /home/airflow/.local/lib/python3.12/site-packages/airflow/example_dags/example_task_group_decorator.py
[2026-07-24T19:48:34.608+0000] {logging_mixin.py:188} INFO - [2026-07-24T19:48:34.607+0000] {dag.py:3089} INFO - Sync 1 DAGs
[2026-07-24T19:48:34.649+0000] {logging_mixin.py:188} INFO - [2026-07-24T19:48:34.648+0000] {dag.py:3947} INFO - Setting next_dagrun for example_task_group_decorator to 2026-07-23 00:00:00+00:00, run_after=2026-07-24 00:00:00+00:00
[2026-07-24T19:48:34.690+0000] {processor.py:183} INFO - Processing /home/airflow/.local/lib/python3.12/site-packages/airflow/example_dags/example_task_group_decorator.py took 0.170 seconds
[2026-07-24T19:49:06.493+0000] {processor.py:161} INFO - Started process (PID=22811) to work on /home/airflow/.local/lib/python3.12/site-packages/airflow/example_dags/example_task_group_decorator.py
[2026-07-24T19:49:06.499+0000] {processor.py:830} INFO - Processing file /home/airflow/.local/lib/python3.12/site-packages/airflow/example_dags/example_task_group_decorator.py for tasks to queue
[2026-07-24T19:49:06.509+0000] {logging_mixin.py:188} INFO - [2026-07-24T19:49:06.508+0000] {dagbag.py:545} INFO - Filling up the DagBag from /home/airflow/.local/lib/python3.12/site-packages/airflow/example_dags/example_task_group_decorator.py
[2026-07-24T19:49:06.582+0000] {processor.py:840} INFO - DAG(s) 'example_task_group_decorator' retrieved from /home/airflow/.local/lib/python3.12/site-packages/airflow/example_dags/example_task_group_decorator.py
[2026-07-24T19:49:06.648+0000] {logging_mixin.py:188} INFO - [2026-07-24T19:49:06.648+0000] {dag.py:3089} INFO - Sync 1 DAGs
[2026-07-24T19:49:06.705+0000] {logging_mixin.py:188} INFO - [2026-07-24T19:49:06.704+0000] {dag.py:3947} INFO - Setting next_dagrun for example_task_group_decorator to 2026-07-23 00:00:00+00:00, run_after=2026-07-24 00:00:00+00:00
[2026-07-24T19:49:06.763+0000] {processor.py:183} INFO - Processing /home/airflow/.local/lib/python3.12/site-packages/airflow/example_dags/example_task_group_decorator.py took 0.299 seconds
[2026-07-24T19:49:37.232+0000] {processor.py:161} INFO - Started process (PID=22883) to work on /home/airflow/.local/lib/python3.12/site-packages/airflow/example_dags/example_task_group_decorator.py
[2026-07-24T19:49:37.234+0000] {processor.py:830} INFO - Processing file /home/airflow/.local/lib/python3.12/site-packages/airflow/example_dags/example_task_group_decorator.py for tasks to queue
[2026-07-24T19:49:37.238+0000] {logging_mixin.py:188} INFO - [2026-07-24T19:49:37.238+0000] {dagbag.py:545} INFO - Filling up the DagBag from /home/airflow/.local/lib/python3.12/site-packages/airflow/example_dags/example_task_group_decorator.py
[2026-07-24T19:49:37.257+0000] {processor.py:840} INFO - DAG(s) 'example_task_group_decorator' retrieved from /home/airflow/.local/lib/python3.12/site-packages/airflow/example_dags/example_task_group_decorator.py
[2026-07-24T19:49:37.291+0000] {logging_mixin.py:188} INFO - [2026-07-24T19:49:37.291+0000] {dag.py:3089} INFO - Sync 1 DAGs
[2026-07-24T19:49:37.323+0000] {logging_mixin.py:188} INFO - [2026-07-24T19:49:37.323+0000] {dag.py:3947} INFO - Setting next_dagrun for example_task_group_decorator to 2026-07-23 00:00:00+00:00, run_after=2026-07-24 00:00:00+00:00
[2026-07-24T19:49:37.354+0000] {processor.py:183} INFO - Processing /home/airflow/.local/lib/python3.12/site-packages/airflow/example_dags/example_task_group_decorator.py took 0.131 seconds
[2026-07-24T19:50:07.737+0000] {processor.py:161} INFO - Started process (PID=22959) to work on /home/airflow/.local/lib/python3.12/site-packages/airflow/example_dags/example_task_group_decorator.py
[2026-07-24T19:50:07.739+0000] {processor.py:830} INFO - Processing file /home/airflow/.local/lib/python3.12/site-packages/airflow/example_dags/example_task_group_decorator.py for tasks to queue
[2026-07-24T19:50:07.743+0000] {logging_mixin.py:188} INFO - [2026-07-24T19:50:07.742+0000] {dagbag.py:545} INFO - Filling up the DagBag from /home/airflow/.local/lib/python3.12/site-packages/airflow/example_dags/example_task_group_decorator.py
[2026-07-24T19:50:07.759+0000] {processor.py:840} INFO - DAG(s) 'example_task_group_decorator' retrieved from /home/airflow/.local/lib/python3.12/site-packages/airflow/example_dags/example_task_group_decorator.py
[2026-07-24T19:50:07.790+0000] {logging_mixin.py:188} INFO - [2026-07-24T19:50:07.790+0000] {dag.py:3089} INFO - Sync 1 DAGs
[2026-07-24T19:50:07.820+0000] {logging_mixin.py:188} INFO - [2026-07-24T19:50:07.820+0000] {dag.py:3947} INFO - Setting next_dagrun for example_task_group_decorator to 2026-07-23 00:00:00+00:00, run_after=2026-07-24 00:00:00+00:00
[2026-07-24T19:50:07.846+0000] {processor.py:183} INFO - Processing /home/airflow/.local/lib/python3.12/site-packages/airflow/example_dags/example_task_group_decorator.py took 0.117 seconds
[2026-07-24T19:50:39.056+0000] {processor.py:161} INFO - Started process (PID=23032) to work on /home/airflow/.local/lib/python3.12/site-packages/airflow/example_dags/example_task_group_decorator.py
[2026-07-24T19:50:39.058+0000] {processor.py:830} INFO - Processing file /home/airflow/.local/lib/python3.12/site-packages/airflow/example_dags/example_task_group_decorator.py for tasks to queue
[2026-07-24T19:50:39.063+0000] {logging_mixin.py:188} INFO - [2026-07-24T19:50:39.063+0000] {dagbag.py:545} INFO - Filling up the DagBag from /home/airflow/.local/lib/python3.12/site-packages/airflow/example_dags/example_task_group_decorator.py
[2026-07-24T19:50:39.086+0000] {processor.py:840} INFO - DAG(s) 'example_task_group_decorator' retrieved from /home/airflow/.local/lib/python3.12/site-packages/airflow/example_dags/example_task_group_decorator.py
[2026-07-24T19:50:39.148+0000] {logging_mixin.py:188} INFO - [2026-07-24T19:50:39.147+0000] {dag.py:3089} INFO - Sync 1 DAGs
[2026-07-24T19:50:39.226+0000] {logging_mixin.py:188} INFO - [2026-07-24T19:50:39.226+0000] {dag.py:3947} INFO - Setting next_dagrun for example_task_group_decorator to 2026-07-23 00:00:00+00:00, run_after=2026-07-24 00:00:00+00:00
[2026-07-24T19:50:39.289+0000] {processor.py:183} INFO - Processing /home/airflow/.local/lib/python3.12/site-packages/airflow/example_dags/example_task_group_decorator.py took 0.246 seconds
[2026-07-24T19:51:11.034+0000] {processor.py:161} INFO - Started process (PID=23106) to work on /home/airflow/.local/lib/python3.12/site-packages/airflow/example_dags/example_task_group_decorator.py
[2026-07-24T19:51:11.037+0000] {processor.py:830} INFO - Processing file /home/airflow/.local/lib/python3.12/site-packages/airflow/example_dags/example_task_group_decorator.py for tasks to queue
[2026-07-24T19:51:11.040+0000] {logging_mixin.py:188} INFO - [2026-07-24T19:51:11.040+0000] {dagbag.py:545} INFO - Filling up the DagBag from /home/airflow/.local/lib/python3.12/site-packages/airflow/example_dags/example_task_group_decorator.py
[2026-07-24T19:51:11.073+0000] {processor.py:840} INFO - DAG(s) 'example_task_group_decorator' retrieved from /home/airflow/.local/lib/python3.12/site-packages/airflow/example_dags/example_task_group_decorator.py
[2026-07-24T19:51:11.116+0000] {logging_mixin.py:188} INFO - [2026-07-24T19:51:11.116+0000] {dag.py:3089} INFO - Sync 1 DAGs
[2026-07-24T19:51:11.154+0000] {logging_mixin.py:188} INFO - [2026-07-24T19:51:11.153+0000] {dag.py:3947} INFO - Setting next_dagrun for example_task_group_decorator to 2026-07-23 00:00:00+00:00, run_after=2026-07-24 00:00:00+00:00
[2026-07-24T19:51:11.189+0000] {processor.py:183} INFO - Processing /home/airflow/.local/lib/python3.12/site-packages/airflow/example_dags/example_task_group_decorator.py took 0.167 seconds
