[2026-07-24T17:06:31.435+0000] {processor.py:161} INFO - Started process (PID=79) to work on /home/airflow/.local/lib/python3.12/site-packages/airflow/example_dags/example_sensor_decorator.py
[2026-07-24T17:06:31.454+0000] {processor.py:830} INFO - Processing file /home/airflow/.local/lib/python3.12/site-packages/airflow/example_dags/example_sensor_decorator.py for tasks to queue
[2026-07-24T17:06:31.470+0000] {logging_mixin.py:188} INFO - [2026-07-24T17:06:31.463+0000] {dagbag.py:545} INFO - Filling up the DagBag from /home/airflow/.local/lib/python3.12/site-packages/airflow/example_dags/example_sensor_decorator.py
[2026-07-24T17:06:31.548+0000] {processor.py:840} INFO - DAG(s) 'example_sensor_decorator' retrieved from /home/airflow/.local/lib/python3.12/site-packages/airflow/example_dags/example_sensor_decorator.py
[2026-07-24T17:06:32.247+0000] {logging_mixin.py:188} INFO - [2026-07-24T17:06:32.247+0000] {dag.py:3089} INFO - Sync 1 DAGs
[2026-07-24T17:06:32.343+0000] {logging_mixin.py:188} INFO - [2026-07-24T17:06:32.343+0000] {dag.py:3947} INFO - Setting next_dagrun for example_sensor_decorator to None, run_after=None
[2026-07-24T17:06:32.554+0000] {processor.py:183} INFO - Processing /home/airflow/.local/lib/python3.12/site-packages/airflow/example_dags/example_sensor_decorator.py took 1.192 seconds
[2026-07-24T17:07:03.499+0000] {processor.py:161} INFO - Started process (PID=144) to work on /home/airflow/.local/lib/python3.12/site-packages/airflow/example_dags/example_sensor_decorator.py
[2026-07-24T17:07:03.502+0000] {processor.py:830} INFO - Processing file /home/airflow/.local/lib/python3.12/site-packages/airflow/example_dags/example_sensor_decorator.py for tasks to queue
[2026-07-24T17:07:03.513+0000] {logging_mixin.py:188} INFO - [2026-07-24T17:07:03.512+0000] {dagbag.py:545} INFO - Filling up the DagBag from /home/airflow/.local/lib/python3.12/site-packages/airflow/example_dags/example_sensor_decorator.py
[2026-07-24T17:07:03.557+0000] {processor.py:840} INFO - DAG(s) 'example_sensor_decorator' retrieved from /home/airflow/.local/lib/python3.12/site-packages/airflow/example_dags/example_sensor_decorator.py
[2026-07-24T17:07:03.635+0000] {logging_mixin.py:188} INFO - [2026-07-24T17:07:03.634+0000] {dag.py:3089} INFO - Sync 1 DAGs
[2026-07-24T17:07:03.675+0000] {logging_mixin.py:188} INFO - [2026-07-24T17:07:03.674+0000] {dag.py:3947} INFO - Setting next_dagrun for example_sensor_decorator to None, run_after=None
[2026-07-24T17:07:03.730+0000] {processor.py:183} INFO - Processing /home/airflow/.local/lib/python3.12/site-packages/airflow/example_dags/example_sensor_decorator.py took 0.246 seconds
[2026-07-24T17:07:34.931+0000] {processor.py:161} INFO - Started process (PID=217) to work on /home/airflow/.local/lib/python3.12/site-packages/airflow/example_dags/example_sensor_decorator.py
[2026-07-24T17:07:34.934+0000] {processor.py:830} INFO - Processing file /home/airflow/.local/lib/python3.12/site-packages/airflow/example_dags/example_sensor_decorator.py for tasks to queue
[2026-07-24T17:07:34.941+0000] {logging_mixin.py:188} INFO - [2026-07-24T17:07:34.940+0000] {dagbag.py:545} INFO - Filling up the DagBag from /home/airflow/.local/lib/python3.12/site-packages/airflow/example_dags/example_sensor_decorator.py
[2026-07-24T17:07:34.959+0000] {processor.py:840} INFO - DAG(s) 'example_sensor_decorator' retrieved from /home/airflow/.local/lib/python3.12/site-packages/airflow/example_dags/example_sensor_decorator.py
[2026-07-24T17:07:35.008+0000] {logging_mixin.py:188} INFO - [2026-07-24T17:07:35.008+0000] {dag.py:3089} INFO - Sync 1 DAGs
[2026-07-24T17:07:35.040+0000] {logging_mixin.py:188} INFO - [2026-07-24T17:07:35.040+0000] {dag.py:3947} INFO - Setting next_dagrun for example_sensor_decorator to None, run_after=None
[2026-07-24T17:07:35.078+0000] {processor.py:183} INFO - Processing /home/airflow/.local/lib/python3.12/site-packages/airflow/example_dags/example_sensor_decorator.py took 0.162 seconds
[2026-07-24T17:08:07.263+0000] {processor.py:161} INFO - Started process (PID=290) to work on /home/airflow/.local/lib/python3.12/site-packages/airflow/example_dags/example_sensor_decorator.py
[2026-07-24T17:08:07.265+0000] {processor.py:830} INFO - Processing file /home/airflow/.local/lib/python3.12/site-packages/airflow/example_dags/example_sensor_decorator.py for tasks to queue
[2026-07-24T17:08:07.270+0000] {logging_mixin.py:188} INFO - [2026-07-24T17:08:07.269+0000] {dagbag.py:545} INFO - Filling up the DagBag from /home/airflow/.local/lib/python3.12/site-packages/airflow/example_dags/example_sensor_decorator.py
[2026-07-24T17:08:07.284+0000] {processor.py:840} INFO - DAG(s) 'example_sensor_decorator' retrieved from /home/airflow/.local/lib/python3.12/site-packages/airflow/example_dags/example_sensor_decorator.py
[2026-07-24T17:08:07.323+0000] {logging_mixin.py:188} INFO - [2026-07-24T17:08:07.322+0000] {dag.py:3089} INFO - Sync 1 DAGs
[2026-07-24T17:08:07.347+0000] {logging_mixin.py:188} INFO - [2026-07-24T17:08:07.347+0000] {dag.py:3947} INFO - Setting next_dagrun for example_sensor_decorator to None, run_after=None
[2026-07-24T17:08:07.386+0000] {processor.py:183} INFO - Processing /home/airflow/.local/lib/python3.12/site-packages/airflow/example_dags/example_sensor_decorator.py took 0.133 seconds
[2026-07-24T17:08:39.604+0000] {processor.py:161} INFO - Started process (PID=364) to work on /home/airflow/.local/lib/python3.12/site-packages/airflow/example_dags/example_sensor_decorator.py
[2026-07-24T17:08:39.607+0000] {processor.py:830} INFO - Processing file /home/airflow/.local/lib/python3.12/site-packages/airflow/example_dags/example_sensor_decorator.py for tasks to queue
[2026-07-24T17:08:39.611+0000] {logging_mixin.py:188} INFO - [2026-07-24T17:08:39.610+0000] {dagbag.py:545} INFO - Filling up the DagBag from /home/airflow/.local/lib/python3.12/site-packages/airflow/example_dags/example_sensor_decorator.py
[2026-07-24T17:08:39.622+0000] {processor.py:840} INFO - DAG(s) 'example_sensor_decorator' retrieved from /home/airflow/.local/lib/python3.12/site-packages/airflow/example_dags/example_sensor_decorator.py
[2026-07-24T17:08:39.657+0000] {logging_mixin.py:188} INFO - [2026-07-24T17:08:39.657+0000] {dag.py:3089} INFO - Sync 1 DAGs
[2026-07-24T17:08:39.694+0000] {logging_mixin.py:188} INFO - [2026-07-24T17:08:39.694+0000] {dag.py:3947} INFO - Setting next_dagrun for example_sensor_decorator to None, run_after=None
[2026-07-24T17:08:39.741+0000] {processor.py:183} INFO - Processing /home/airflow/.local/lib/python3.12/site-packages/airflow/example_dags/example_sensor_decorator.py took 0.146 seconds
[2026-07-24T17:09:11.654+0000] {processor.py:161} INFO - Started process (PID=437) to work on /home/airflow/.local/lib/python3.12/site-packages/airflow/example_dags/example_sensor_decorator.py
[2026-07-24T17:09:11.657+0000] {processor.py:830} INFO - Processing file /home/airflow/.local/lib/python3.12/site-packages/airflow/example_dags/example_sensor_decorator.py for tasks to queue
[2026-07-24T17:09:11.665+0000] {logging_mixin.py:188} INFO - [2026-07-24T17:09:11.662+0000] {dagbag.py:545} INFO - Filling up the DagBag from /home/airflow/.local/lib/python3.12/site-packages/airflow/example_dags/example_sensor_decorator.py
[2026-07-24T17:09:11.684+0000] {processor.py:840} INFO - DAG(s) 'example_sensor_decorator' retrieved from /home/airflow/.local/lib/python3.12/site-packages/airflow/example_dags/example_sensor_decorator.py
[2026-07-24T17:09:11.735+0000] {logging_mixin.py:188} INFO - [2026-07-24T17:09:11.734+0000] {dag.py:3089} INFO - Sync 1 DAGs
[2026-07-24T17:09:11.767+0000] {logging_mixin.py:188} INFO - [2026-07-24T17:09:11.767+0000] {dag.py:3947} INFO - Setting next_dagrun for example_sensor_decorator to None, run_after=None
[2026-07-24T17:09:11.815+0000] {processor.py:183} INFO - Processing /home/airflow/.local/lib/python3.12/site-packages/airflow/example_dags/example_sensor_decorator.py took 0.177 seconds
[2026-07-24T17:09:43.336+0000] {processor.py:161} INFO - Started process (PID=510) to work on /home/airflow/.local/lib/python3.12/site-packages/airflow/example_dags/example_sensor_decorator.py
[2026-07-24T17:09:43.341+0000] {processor.py:830} INFO - Processing file /home/airflow/.local/lib/python3.12/site-packages/airflow/example_dags/example_sensor_decorator.py for tasks to queue
[2026-07-24T17:09:43.347+0000] {logging_mixin.py:188} INFO - [2026-07-24T17:09:43.346+0000] {dagbag.py:545} INFO - Filling up the DagBag from /home/airflow/.local/lib/python3.12/site-packages/airflow/example_dags/example_sensor_decorator.py
[2026-07-24T17:09:43.374+0000] {processor.py:840} INFO - DAG(s) 'example_sensor_decorator' retrieved from /home/airflow/.local/lib/python3.12/site-packages/airflow/example_dags/example_sensor_decorator.py
[2026-07-24T17:09:43.434+0000] {logging_mixin.py:188} INFO - [2026-07-24T17:09:43.433+0000] {dag.py:3089} INFO - Sync 1 DAGs
[2026-07-24T17:09:43.478+0000] {logging_mixin.py:188} INFO - [2026-07-24T17:09:43.478+0000] {dag.py:3947} INFO - Setting next_dagrun for example_sensor_decorator to None, run_after=None
[2026-07-24T17:09:43.541+0000] {processor.py:183} INFO - Processing /home/airflow/.local/lib/python3.12/site-packages/airflow/example_dags/example_sensor_decorator.py took 0.224 seconds
[2026-07-24T17:10:14.918+0000] {processor.py:161} INFO - Started process (PID=583) to work on /home/airflow/.local/lib/python3.12/site-packages/airflow/example_dags/example_sensor_decorator.py
[2026-07-24T17:10:14.924+0000] {processor.py:830} INFO - Processing file /home/airflow/.local/lib/python3.12/site-packages/airflow/example_dags/example_sensor_decorator.py for tasks to queue
[2026-07-24T17:10:14.929+0000] {logging_mixin.py:188} INFO - [2026-07-24T17:10:14.929+0000] {dagbag.py:545} INFO - Filling up the DagBag from /home/airflow/.local/lib/python3.12/site-packages/airflow/example_dags/example_sensor_decorator.py
[2026-07-24T17:10:14.944+0000] {processor.py:840} INFO - DAG(s) 'example_sensor_decorator' retrieved from /home/airflow/.local/lib/python3.12/site-packages/airflow/example_dags/example_sensor_decorator.py
[2026-07-24T17:10:14.988+0000] {logging_mixin.py:188} INFO - [2026-07-24T17:10:14.987+0000] {dag.py:3089} INFO - Sync 1 DAGs
[2026-07-24T17:10:15.015+0000] {logging_mixin.py:188} INFO - [2026-07-24T17:10:15.014+0000] {dag.py:3947} INFO - Setting next_dagrun for example_sensor_decorator to None, run_after=None
[2026-07-24T17:10:15.079+0000] {processor.py:183} INFO - Processing /home/airflow/.local/lib/python3.12/site-packages/airflow/example_dags/example_sensor_decorator.py took 0.173 seconds
[2026-07-24T17:10:45.967+0000] {processor.py:161} INFO - Started process (PID=657) to work on /home/airflow/.local/lib/python3.12/site-packages/airflow/example_dags/example_sensor_decorator.py
[2026-07-24T17:10:45.970+0000] {processor.py:830} INFO - Processing file /home/airflow/.local/lib/python3.12/site-packages/airflow/example_dags/example_sensor_decorator.py for tasks to queue
[2026-07-24T17:10:45.975+0000] {logging_mixin.py:188} INFO - [2026-07-24T17:10:45.974+0000] {dagbag.py:545} INFO - Filling up the DagBag from /home/airflow/.local/lib/python3.12/site-packages/airflow/example_dags/example_sensor_decorator.py
[2026-07-24T17:10:45.987+0000] {processor.py:840} INFO - DAG(s) 'example_sensor_decorator' retrieved from /home/airflow/.local/lib/python3.12/site-packages/airflow/example_dags/example_sensor_decorator.py
[2026-07-24T17:10:46.034+0000] {logging_mixin.py:188} INFO - [2026-07-24T17:10:46.033+0000] {dag.py:3089} INFO - Sync 1 DAGs
[2026-07-24T17:10:46.057+0000] {logging_mixin.py:188} INFO - [2026-07-24T17:10:46.057+0000] {dag.py:3947} INFO - Setting next_dagrun for example_sensor_decorator to None, run_after=None
[2026-07-24T17:10:46.099+0000] {processor.py:183} INFO - Processing /home/airflow/.local/lib/python3.12/site-packages/airflow/example_dags/example_sensor_decorator.py took 0.143 seconds
[2026-07-24T17:11:18.369+0000] {processor.py:161} INFO - Started process (PID=730) to work on /home/airflow/.local/lib/python3.12/site-packages/airflow/example_dags/example_sensor_decorator.py
[2026-07-24T17:11:18.373+0000] {processor.py:830} INFO - Processing file /home/airflow/.local/lib/python3.12/site-packages/airflow/example_dags/example_sensor_decorator.py for tasks to queue
[2026-07-24T17:11:18.380+0000] {logging_mixin.py:188} INFO - [2026-07-24T17:11:18.379+0000] {dagbag.py:545} INFO - Filling up the DagBag from /home/airflow/.local/lib/python3.12/site-packages/airflow/example_dags/example_sensor_decorator.py
[2026-07-24T17:11:18.409+0000] {processor.py:840} INFO - DAG(s) 'example_sensor_decorator' retrieved from /home/airflow/.local/lib/python3.12/site-packages/airflow/example_dags/example_sensor_decorator.py
[2026-07-24T17:11:18.485+0000] {logging_mixin.py:188} INFO - [2026-07-24T17:11:18.484+0000] {dag.py:3089} INFO - Sync 1 DAGs
[2026-07-24T17:11:18.593+0000] {logging_mixin.py:188} INFO - [2026-07-24T17:11:18.592+0000] {dag.py:3947} INFO - Setting next_dagrun for example_sensor_decorator to None, run_after=None
[2026-07-24T17:11:18.664+0000] {processor.py:183} INFO - Processing /home/airflow/.local/lib/python3.12/site-packages/airflow/example_dags/example_sensor_decorator.py took 0.336 seconds
[2026-07-24T17:11:49.911+0000] {processor.py:161} INFO - Started process (PID=805) to work on /home/airflow/.local/lib/python3.12/site-packages/airflow/example_dags/example_sensor_decorator.py
[2026-07-24T17:11:49.915+0000] {processor.py:830} INFO - Processing file /home/airflow/.local/lib/python3.12/site-packages/airflow/example_dags/example_sensor_decorator.py for tasks to queue
[2026-07-24T17:11:49.921+0000] {logging_mixin.py:188} INFO - [2026-07-24T17:11:49.920+0000] {dagbag.py:545} INFO - Filling up the DagBag from /home/airflow/.local/lib/python3.12/site-packages/airflow/example_dags/example_sensor_decorator.py
[2026-07-24T17:11:49.934+0000] {processor.py:840} INFO - DAG(s) 'example_sensor_decorator' retrieved from /home/airflow/.local/lib/python3.12/site-packages/airflow/example_dags/example_sensor_decorator.py
[2026-07-24T17:11:49.974+0000] {logging_mixin.py:188} INFO - [2026-07-24T17:11:49.973+0000] {dag.py:3089} INFO - Sync 1 DAGs
[2026-07-24T17:11:49.997+0000] {logging_mixin.py:188} INFO - [2026-07-24T17:11:49.996+0000] {dag.py:3947} INFO - Setting next_dagrun for example_sensor_decorator to None, run_after=None
[2026-07-24T17:11:50.071+0000] {processor.py:183} INFO - Processing /home/airflow/.local/lib/python3.12/site-packages/airflow/example_dags/example_sensor_decorator.py took 0.170 seconds
[2026-07-24T17:12:21.645+0000] {processor.py:161} INFO - Started process (PID=871) to work on /home/airflow/.local/lib/python3.12/site-packages/airflow/example_dags/example_sensor_decorator.py
[2026-07-24T17:12:21.648+0000] {processor.py:830} INFO - Processing file /home/airflow/.local/lib/python3.12/site-packages/airflow/example_dags/example_sensor_decorator.py for tasks to queue
[2026-07-24T17:12:21.653+0000] {logging_mixin.py:188} INFO - [2026-07-24T17:12:21.652+0000] {dagbag.py:545} INFO - Filling up the DagBag from /home/airflow/.local/lib/python3.12/site-packages/airflow/example_dags/example_sensor_decorator.py
[2026-07-24T17:12:21.665+0000] {processor.py:840} INFO - DAG(s) 'example_sensor_decorator' retrieved from /home/airflow/.local/lib/python3.12/site-packages/airflow/example_dags/example_sensor_decorator.py
[2026-07-24T17:12:21.710+0000] {logging_mixin.py:188} INFO - [2026-07-24T17:12:21.710+0000] {dag.py:3089} INFO - Sync 1 DAGs
[2026-07-24T17:12:21.734+0000] {logging_mixin.py:188} INFO - [2026-07-24T17:12:21.734+0000] {dag.py:3947} INFO - Setting next_dagrun for example_sensor_decorator to None, run_after=None
[2026-07-24T17:12:21.770+0000] {processor.py:183} INFO - Processing /home/airflow/.local/lib/python3.12/site-packages/airflow/example_dags/example_sensor_decorator.py took 0.138 seconds
[2026-07-24T17:12:53.133+0000] {processor.py:161} INFO - Started process (PID=945) to work on /home/airflow/.local/lib/python3.12/site-packages/airflow/example_dags/example_sensor_decorator.py
[2026-07-24T17:12:53.135+0000] {processor.py:830} INFO - Processing file /home/airflow/.local/lib/python3.12/site-packages/airflow/example_dags/example_sensor_decorator.py for tasks to queue
[2026-07-24T17:12:53.140+0000] {logging_mixin.py:188} INFO - [2026-07-24T17:12:53.139+0000] {dagbag.py:545} INFO - Filling up the DagBag from /home/airflow/.local/lib/python3.12/site-packages/airflow/example_dags/example_sensor_decorator.py
[2026-07-24T17:12:53.152+0000] {processor.py:840} INFO - DAG(s) 'example_sensor_decorator' retrieved from /home/airflow/.local/lib/python3.12/site-packages/airflow/example_dags/example_sensor_decorator.py
[2026-07-24T17:12:53.187+0000] {logging_mixin.py:188} INFO - [2026-07-24T17:12:53.187+0000] {dag.py:3089} INFO - Sync 1 DAGs
[2026-07-24T17:12:53.206+0000] {logging_mixin.py:188} INFO - [2026-07-24T17:12:53.206+0000] {dag.py:3947} INFO - Setting next_dagrun for example_sensor_decorator to None, run_after=None
[2026-07-24T17:12:53.263+0000] {processor.py:183} INFO - Processing /home/airflow/.local/lib/python3.12/site-packages/airflow/example_dags/example_sensor_decorator.py took 0.138 seconds
[2026-07-24T17:13:24.379+0000] {processor.py:161} INFO - Started process (PID=1018) to work on /home/airflow/.local/lib/python3.12/site-packages/airflow/example_dags/example_sensor_decorator.py
[2026-07-24T17:13:24.382+0000] {processor.py:830} INFO - Processing file /home/airflow/.local/lib/python3.12/site-packages/airflow/example_dags/example_sensor_decorator.py for tasks to queue
[2026-07-24T17:13:24.385+0000] {logging_mixin.py:188} INFO - [2026-07-24T17:13:24.384+0000] {dagbag.py:545} INFO - Filling up the DagBag from /home/airflow/.local/lib/python3.12/site-packages/airflow/example_dags/example_sensor_decorator.py
[2026-07-24T17:13:24.395+0000] {processor.py:840} INFO - DAG(s) 'example_sensor_decorator' retrieved from /home/airflow/.local/lib/python3.12/site-packages/airflow/example_dags/example_sensor_decorator.py
[2026-07-24T17:13:24.426+0000] {logging_mixin.py:188} INFO - [2026-07-24T17:13:24.426+0000] {dag.py:3089} INFO - Sync 1 DAGs
[2026-07-24T17:13:24.445+0000] {logging_mixin.py:188} INFO - [2026-07-24T17:13:24.445+0000] {dag.py:3947} INFO - Setting next_dagrun for example_sensor_decorator to None, run_after=None
[2026-07-24T17:13:24.483+0000] {processor.py:183} INFO - Processing /home/airflow/.local/lib/python3.12/site-packages/airflow/example_dags/example_sensor_decorator.py took 0.111 seconds
[2026-07-24T17:13:55.768+0000] {processor.py:161} INFO - Started process (PID=1091) to work on /home/airflow/.local/lib/python3.12/site-packages/airflow/example_dags/example_sensor_decorator.py
[2026-07-24T17:13:55.771+0000] {processor.py:830} INFO - Processing file /home/airflow/.local/lib/python3.12/site-packages/airflow/example_dags/example_sensor_decorator.py for tasks to queue
[2026-07-24T17:13:55.775+0000] {logging_mixin.py:188} INFO - [2026-07-24T17:13:55.775+0000] {dagbag.py:545} INFO - Filling up the DagBag from /home/airflow/.local/lib/python3.12/site-packages/airflow/example_dags/example_sensor_decorator.py
[2026-07-24T17:13:55.785+0000] {processor.py:840} INFO - DAG(s) 'example_sensor_decorator' retrieved from /home/airflow/.local/lib/python3.12/site-packages/airflow/example_dags/example_sensor_decorator.py
[2026-07-24T17:13:55.816+0000] {logging_mixin.py:188} INFO - [2026-07-24T17:13:55.816+0000] {dag.py:3089} INFO - Sync 1 DAGs
[2026-07-24T17:13:55.834+0000] {logging_mixin.py:188} INFO - [2026-07-24T17:13:55.833+0000] {dag.py:3947} INFO - Setting next_dagrun for example_sensor_decorator to None, run_after=None
[2026-07-24T17:13:55.870+0000] {processor.py:183} INFO - Processing /home/airflow/.local/lib/python3.12/site-packages/airflow/example_dags/example_sensor_decorator.py took 0.110 seconds
[2026-07-24T17:14:28.504+0000] {processor.py:161} INFO - Started process (PID=1165) to work on /home/airflow/.local/lib/python3.12/site-packages/airflow/example_dags/example_sensor_decorator.py
[2026-07-24T17:14:28.515+0000] {processor.py:830} INFO - Processing file /home/airflow/.local/lib/python3.12/site-packages/airflow/example_dags/example_sensor_decorator.py for tasks to queue
[2026-07-24T17:14:28.532+0000] {logging_mixin.py:188} INFO - [2026-07-24T17:14:28.530+0000] {dagbag.py:545} INFO - Filling up the DagBag from /home/airflow/.local/lib/python3.12/site-packages/airflow/example_dags/example_sensor_decorator.py
[2026-07-24T17:14:28.602+0000] {processor.py:840} INFO - DAG(s) 'example_sensor_decorator' retrieved from /home/airflow/.local/lib/python3.12/site-packages/airflow/example_dags/example_sensor_decorator.py
[2026-07-24T17:14:28.776+0000] {logging_mixin.py:188} INFO - [2026-07-24T17:14:28.774+0000] {dag.py:3089} INFO - Sync 1 DAGs
[2026-07-24T17:14:28.829+0000] {logging_mixin.py:188} INFO - [2026-07-24T17:14:28.828+0000] {dag.py:3947} INFO - Setting next_dagrun for example_sensor_decorator to None, run_after=None
[2026-07-24T17:14:28.904+0000] {processor.py:183} INFO - Processing /home/airflow/.local/lib/python3.12/site-packages/airflow/example_dags/example_sensor_decorator.py took 0.432 seconds
[2026-07-24T17:14:59.818+0000] {processor.py:161} INFO - Started process (PID=1239) to work on /home/airflow/.local/lib/python3.12/site-packages/airflow/example_dags/example_sensor_decorator.py
[2026-07-24T17:14:59.820+0000] {processor.py:830} INFO - Processing file /home/airflow/.local/lib/python3.12/site-packages/airflow/example_dags/example_sensor_decorator.py for tasks to queue
[2026-07-24T17:14:59.824+0000] {logging_mixin.py:188} INFO - [2026-07-24T17:14:59.824+0000] {dagbag.py:545} INFO - Filling up the DagBag from /home/airflow/.local/lib/python3.12/site-packages/airflow/example_dags/example_sensor_decorator.py
[2026-07-24T17:14:59.841+0000] {processor.py:840} INFO - DAG(s) 'example_sensor_decorator' retrieved from /home/airflow/.local/lib/python3.12/site-packages/airflow/example_dags/example_sensor_decorator.py
[2026-07-24T17:14:59.882+0000] {logging_mixin.py:188} INFO - [2026-07-24T17:14:59.881+0000] {dag.py:3089} INFO - Sync 1 DAGs
[2026-07-24T17:14:59.902+0000] {logging_mixin.py:188} INFO - [2026-07-24T17:14:59.901+0000] {dag.py:3947} INFO - Setting next_dagrun for example_sensor_decorator to None, run_after=None
[2026-07-24T17:14:59.941+0000] {processor.py:183} INFO - Processing /home/airflow/.local/lib/python3.12/site-packages/airflow/example_dags/example_sensor_decorator.py took 0.132 seconds
[2026-07-24T17:15:31.551+0000] {processor.py:161} INFO - Started process (PID=1312) to work on /home/airflow/.local/lib/python3.12/site-packages/airflow/example_dags/example_sensor_decorator.py
[2026-07-24T17:15:31.553+0000] {processor.py:830} INFO - Processing file /home/airflow/.local/lib/python3.12/site-packages/airflow/example_dags/example_sensor_decorator.py for tasks to queue
[2026-07-24T17:15:31.558+0000] {logging_mixin.py:188} INFO - [2026-07-24T17:15:31.557+0000] {dagbag.py:545} INFO - Filling up the DagBag from /home/airflow/.local/lib/python3.12/site-packages/airflow/example_dags/example_sensor_decorator.py
[2026-07-24T17:15:31.570+0000] {processor.py:840} INFO - DAG(s) 'example_sensor_decorator' retrieved from /home/airflow/.local/lib/python3.12/site-packages/airflow/example_dags/example_sensor_decorator.py
[2026-07-24T17:15:31.613+0000] {logging_mixin.py:188} INFO - [2026-07-24T17:15:31.613+0000] {dag.py:3089} INFO - Sync 1 DAGs
[2026-07-24T17:15:31.635+0000] {logging_mixin.py:188} INFO - [2026-07-24T17:15:31.634+0000] {dag.py:3947} INFO - Setting next_dagrun for example_sensor_decorator to None, run_after=None
[2026-07-24T17:15:31.674+0000] {processor.py:183} INFO - Processing /home/airflow/.local/lib/python3.12/site-packages/airflow/example_dags/example_sensor_decorator.py took 0.132 seconds
[2026-07-24T17:16:03.093+0000] {processor.py:161} INFO - Started process (PID=1386) to work on /home/airflow/.local/lib/python3.12/site-packages/airflow/example_dags/example_sensor_decorator.py
[2026-07-24T17:16:03.095+0000] {processor.py:830} INFO - Processing file /home/airflow/.local/lib/python3.12/site-packages/airflow/example_dags/example_sensor_decorator.py for tasks to queue
[2026-07-24T17:16:03.099+0000] {logging_mixin.py:188} INFO - [2026-07-24T17:16:03.098+0000] {dagbag.py:545} INFO - Filling up the DagBag from /home/airflow/.local/lib/python3.12/site-packages/airflow/example_dags/example_sensor_decorator.py
[2026-07-24T17:16:03.115+0000] {processor.py:840} INFO - DAG(s) 'example_sensor_decorator' retrieved from /home/airflow/.local/lib/python3.12/site-packages/airflow/example_dags/example_sensor_decorator.py
[2026-07-24T17:16:03.147+0000] {logging_mixin.py:188} INFO - [2026-07-24T17:16:03.147+0000] {dag.py:3089} INFO - Sync 1 DAGs
[2026-07-24T17:16:03.167+0000] {logging_mixin.py:188} INFO - [2026-07-24T17:16:03.167+0000] {dag.py:3947} INFO - Setting next_dagrun for example_sensor_decorator to None, run_after=None
[2026-07-24T17:16:03.209+0000] {processor.py:183} INFO - Processing /home/airflow/.local/lib/python3.12/site-packages/airflow/example_dags/example_sensor_decorator.py took 0.124 seconds
[2026-07-24T17:16:34.982+0000] {processor.py:161} INFO - Started process (PID=1459) to work on /home/airflow/.local/lib/python3.12/site-packages/airflow/example_dags/example_sensor_decorator.py
[2026-07-24T17:16:34.984+0000] {processor.py:830} INFO - Processing file /home/airflow/.local/lib/python3.12/site-packages/airflow/example_dags/example_sensor_decorator.py for tasks to queue
[2026-07-24T17:16:34.989+0000] {logging_mixin.py:188} INFO - [2026-07-24T17:16:34.989+0000] {dagbag.py:545} INFO - Filling up the DagBag from /home/airflow/.local/lib/python3.12/site-packages/airflow/example_dags/example_sensor_decorator.py
[2026-07-24T17:16:35.003+0000] {processor.py:840} INFO - DAG(s) 'example_sensor_decorator' retrieved from /home/airflow/.local/lib/python3.12/site-packages/airflow/example_dags/example_sensor_decorator.py
[2026-07-24T17:16:35.054+0000] {logging_mixin.py:188} INFO - [2026-07-24T17:16:35.054+0000] {dag.py:3089} INFO - Sync 1 DAGs
[2026-07-24T17:16:35.077+0000] {logging_mixin.py:188} INFO - [2026-07-24T17:16:35.077+0000] {dag.py:3947} INFO - Setting next_dagrun for example_sensor_decorator to None, run_after=None
[2026-07-24T17:16:35.113+0000] {processor.py:183} INFO - Processing /home/airflow/.local/lib/python3.12/site-packages/airflow/example_dags/example_sensor_decorator.py took 0.140 seconds
[2026-07-24T17:17:06.502+0000] {processor.py:161} INFO - Started process (PID=1533) to work on /home/airflow/.local/lib/python3.12/site-packages/airflow/example_dags/example_sensor_decorator.py
[2026-07-24T17:17:06.505+0000] {processor.py:830} INFO - Processing file /home/airflow/.local/lib/python3.12/site-packages/airflow/example_dags/example_sensor_decorator.py for tasks to queue
[2026-07-24T17:17:06.509+0000] {logging_mixin.py:188} INFO - [2026-07-24T17:17:06.508+0000] {dagbag.py:545} INFO - Filling up the DagBag from /home/airflow/.local/lib/python3.12/site-packages/airflow/example_dags/example_sensor_decorator.py
[2026-07-24T17:17:06.524+0000] {processor.py:840} INFO - DAG(s) 'example_sensor_decorator' retrieved from /home/airflow/.local/lib/python3.12/site-packages/airflow/example_dags/example_sensor_decorator.py
[2026-07-24T17:17:06.560+0000] {logging_mixin.py:188} INFO - [2026-07-24T17:17:06.559+0000] {dag.py:3089} INFO - Sync 1 DAGs
[2026-07-24T17:17:06.579+0000] {logging_mixin.py:188} INFO - [2026-07-24T17:17:06.579+0000] {dag.py:3947} INFO - Setting next_dagrun for example_sensor_decorator to None, run_after=None
[2026-07-24T17:17:06.611+0000] {processor.py:183} INFO - Processing /home/airflow/.local/lib/python3.12/site-packages/airflow/example_dags/example_sensor_decorator.py took 0.119 seconds
[2026-07-24T17:17:38.591+0000] {processor.py:161} INFO - Started process (PID=1606) to work on /home/airflow/.local/lib/python3.12/site-packages/airflow/example_dags/example_sensor_decorator.py
[2026-07-24T17:17:38.595+0000] {processor.py:830} INFO - Processing file /home/airflow/.local/lib/python3.12/site-packages/airflow/example_dags/example_sensor_decorator.py for tasks to queue
[2026-07-24T17:17:38.601+0000] {logging_mixin.py:188} INFO - [2026-07-24T17:17:38.600+0000] {dagbag.py:545} INFO - Filling up the DagBag from /home/airflow/.local/lib/python3.12/site-packages/airflow/example_dags/example_sensor_decorator.py
[2026-07-24T17:17:38.628+0000] {processor.py:840} INFO - DAG(s) 'example_sensor_decorator' retrieved from /home/airflow/.local/lib/python3.12/site-packages/airflow/example_dags/example_sensor_decorator.py
[2026-07-24T17:17:38.695+0000] {logging_mixin.py:188} INFO - [2026-07-24T17:17:38.694+0000] {dag.py:3089} INFO - Sync 1 DAGs
[2026-07-24T17:17:38.739+0000] {logging_mixin.py:188} INFO - [2026-07-24T17:17:38.738+0000] {dag.py:3947} INFO - Setting next_dagrun for example_sensor_decorator to None, run_after=None
[2026-07-24T17:17:38.807+0000] {processor.py:183} INFO - Processing /home/airflow/.local/lib/python3.12/site-packages/airflow/example_dags/example_sensor_decorator.py took 0.232 seconds
[2026-07-24T17:18:09.938+0000] {processor.py:161} INFO - Started process (PID=1679) to work on /home/airflow/.local/lib/python3.12/site-packages/airflow/example_dags/example_sensor_decorator.py
[2026-07-24T17:18:09.941+0000] {processor.py:830} INFO - Processing file /home/airflow/.local/lib/python3.12/site-packages/airflow/example_dags/example_sensor_decorator.py for tasks to queue
[2026-07-24T17:18:09.945+0000] {logging_mixin.py:188} INFO - [2026-07-24T17:18:09.944+0000] {dagbag.py:545} INFO - Filling up the DagBag from /home/airflow/.local/lib/python3.12/site-packages/airflow/example_dags/example_sensor_decorator.py
[2026-07-24T17:18:09.958+0000] {processor.py:840} INFO - DAG(s) 'example_sensor_decorator' retrieved from /home/airflow/.local/lib/python3.12/site-packages/airflow/example_dags/example_sensor_decorator.py
[2026-07-24T17:18:09.996+0000] {logging_mixin.py:188} INFO - [2026-07-24T17:18:09.996+0000] {dag.py:3089} INFO - Sync 1 DAGs
[2026-07-24T17:18:10.028+0000] {logging_mixin.py:188} INFO - [2026-07-24T17:18:10.028+0000] {dag.py:3947} INFO - Setting next_dagrun for example_sensor_decorator to None, run_after=None
[2026-07-24T17:18:10.065+0000] {processor.py:183} INFO - Processing /home/airflow/.local/lib/python3.12/site-packages/airflow/example_dags/example_sensor_decorator.py took 0.136 seconds
[2026-07-24T17:18:41.494+0000] {processor.py:161} INFO - Started process (PID=1753) to work on /home/airflow/.local/lib/python3.12/site-packages/airflow/example_dags/example_sensor_decorator.py
[2026-07-24T17:18:41.496+0000] {processor.py:830} INFO - Processing file /home/airflow/.local/lib/python3.12/site-packages/airflow/example_dags/example_sensor_decorator.py for tasks to queue
[2026-07-24T17:18:41.502+0000] {logging_mixin.py:188} INFO - [2026-07-24T17:18:41.502+0000] {dagbag.py:545} INFO - Filling up the DagBag from /home/airflow/.local/lib/python3.12/site-packages/airflow/example_dags/example_sensor_decorator.py
[2026-07-24T17:18:41.518+0000] {processor.py:840} INFO - DAG(s) 'example_sensor_decorator' retrieved from /home/airflow/.local/lib/python3.12/site-packages/airflow/example_dags/example_sensor_decorator.py
[2026-07-24T17:18:41.558+0000] {logging_mixin.py:188} INFO - [2026-07-24T17:18:41.557+0000] {dag.py:3089} INFO - Sync 1 DAGs
[2026-07-24T17:18:41.583+0000] {logging_mixin.py:188} INFO - [2026-07-24T17:18:41.583+0000] {dag.py:3947} INFO - Setting next_dagrun for example_sensor_decorator to None, run_after=None
[2026-07-24T17:18:41.664+0000] {processor.py:183} INFO - Processing /home/airflow/.local/lib/python3.12/site-packages/airflow/example_dags/example_sensor_decorator.py took 0.179 seconds
[2026-07-24T17:19:12.797+0000] {processor.py:161} INFO - Started process (PID=1825) to work on /home/airflow/.local/lib/python3.12/site-packages/airflow/example_dags/example_sensor_decorator.py
[2026-07-24T17:19:12.800+0000] {processor.py:830} INFO - Processing file /home/airflow/.local/lib/python3.12/site-packages/airflow/example_dags/example_sensor_decorator.py for tasks to queue
[2026-07-24T17:19:12.807+0000] {logging_mixin.py:188} INFO - [2026-07-24T17:19:12.804+0000] {dagbag.py:545} INFO - Filling up the DagBag from /home/airflow/.local/lib/python3.12/site-packages/airflow/example_dags/example_sensor_decorator.py
[2026-07-24T17:19:12.826+0000] {processor.py:840} INFO - DAG(s) 'example_sensor_decorator' retrieved from /home/airflow/.local/lib/python3.12/site-packages/airflow/example_dags/example_sensor_decorator.py
[2026-07-24T17:19:12.869+0000] {logging_mixin.py:188} INFO - [2026-07-24T17:19:12.869+0000] {dag.py:3089} INFO - Sync 1 DAGs
[2026-07-24T17:19:12.894+0000] {logging_mixin.py:188} INFO - [2026-07-24T17:19:12.893+0000] {dag.py:3947} INFO - Setting next_dagrun for example_sensor_decorator to None, run_after=None
[2026-07-24T17:19:12.954+0000] {processor.py:183} INFO - Processing /home/airflow/.local/lib/python3.12/site-packages/airflow/example_dags/example_sensor_decorator.py took 0.166 seconds
[2026-07-24T17:19:45.563+0000] {processor.py:161} INFO - Started process (PID=1898) to work on /home/airflow/.local/lib/python3.12/site-packages/airflow/example_dags/example_sensor_decorator.py
[2026-07-24T17:19:45.567+0000] {processor.py:830} INFO - Processing file /home/airflow/.local/lib/python3.12/site-packages/airflow/example_dags/example_sensor_decorator.py for tasks to queue
[2026-07-24T17:19:45.574+0000] {logging_mixin.py:188} INFO - [2026-07-24T17:19:45.573+0000] {dagbag.py:545} INFO - Filling up the DagBag from /home/airflow/.local/lib/python3.12/site-packages/airflow/example_dags/example_sensor_decorator.py
[2026-07-24T17:19:45.601+0000] {processor.py:840} INFO - DAG(s) 'example_sensor_decorator' retrieved from /home/airflow/.local/lib/python3.12/site-packages/airflow/example_dags/example_sensor_decorator.py
[2026-07-24T17:19:45.672+0000] {logging_mixin.py:188} INFO - [2026-07-24T17:19:45.671+0000] {dag.py:3089} INFO - Sync 1 DAGs
[2026-07-24T17:19:45.719+0000] {logging_mixin.py:188} INFO - [2026-07-24T17:19:45.718+0000] {dag.py:3947} INFO - Setting next_dagrun for example_sensor_decorator to None, run_after=None
[2026-07-24T17:19:45.768+0000] {processor.py:183} INFO - Processing /home/airflow/.local/lib/python3.12/site-packages/airflow/example_dags/example_sensor_decorator.py took 0.222 seconds
[2026-07-24T17:20:17.143+0000] {processor.py:161} INFO - Started process (PID=1971) to work on /home/airflow/.local/lib/python3.12/site-packages/airflow/example_dags/example_sensor_decorator.py
[2026-07-24T17:20:17.146+0000] {processor.py:830} INFO - Processing file /home/airflow/.local/lib/python3.12/site-packages/airflow/example_dags/example_sensor_decorator.py for tasks to queue
[2026-07-24T17:20:17.150+0000] {logging_mixin.py:188} INFO - [2026-07-24T17:20:17.150+0000] {dagbag.py:545} INFO - Filling up the DagBag from /home/airflow/.local/lib/python3.12/site-packages/airflow/example_dags/example_sensor_decorator.py
[2026-07-24T17:20:17.159+0000] {processor.py:840} INFO - DAG(s) 'example_sensor_decorator' retrieved from /home/airflow/.local/lib/python3.12/site-packages/airflow/example_dags/example_sensor_decorator.py
[2026-07-24T17:20:17.195+0000] {logging_mixin.py:188} INFO - [2026-07-24T17:20:17.195+0000] {dag.py:3089} INFO - Sync 1 DAGs
[2026-07-24T17:20:17.214+0000] {logging_mixin.py:188} INFO - [2026-07-24T17:20:17.214+0000] {dag.py:3947} INFO - Setting next_dagrun for example_sensor_decorator to None, run_after=None
[2026-07-24T17:20:17.245+0000] {processor.py:183} INFO - Processing /home/airflow/.local/lib/python3.12/site-packages/airflow/example_dags/example_sensor_decorator.py took 0.109 seconds
[2026-07-24T17:20:48.886+0000] {processor.py:161} INFO - Started process (PID=2045) to work on /home/airflow/.local/lib/python3.12/site-packages/airflow/example_dags/example_sensor_decorator.py
[2026-07-24T17:20:48.894+0000] {processor.py:830} INFO - Processing file /home/airflow/.local/lib/python3.12/site-packages/airflow/example_dags/example_sensor_decorator.py for tasks to queue
[2026-07-24T17:20:48.915+0000] {logging_mixin.py:188} INFO - [2026-07-24T17:20:48.914+0000] {dagbag.py:545} INFO - Filling up the DagBag from /home/airflow/.local/lib/python3.12/site-packages/airflow/example_dags/example_sensor_decorator.py
[2026-07-24T17:20:48.956+0000] {processor.py:840} INFO - DAG(s) 'example_sensor_decorator' retrieved from /home/airflow/.local/lib/python3.12/site-packages/airflow/example_dags/example_sensor_decorator.py
[2026-07-24T17:20:49.003+0000] {logging_mixin.py:188} INFO - [2026-07-24T17:20:49.002+0000] {dag.py:3089} INFO - Sync 1 DAGs
[2026-07-24T17:20:49.028+0000] {logging_mixin.py:188} INFO - [2026-07-24T17:20:49.027+0000] {dag.py:3947} INFO - Setting next_dagrun for example_sensor_decorator to None, run_after=None
[2026-07-24T17:20:49.071+0000] {processor.py:183} INFO - Processing /home/airflow/.local/lib/python3.12/site-packages/airflow/example_dags/example_sensor_decorator.py took 0.211 seconds
[2026-07-24T17:21:20.073+0000] {processor.py:161} INFO - Started process (PID=2118) to work on /home/airflow/.local/lib/python3.12/site-packages/airflow/example_dags/example_sensor_decorator.py
[2026-07-24T17:21:20.075+0000] {processor.py:830} INFO - Processing file /home/airflow/.local/lib/python3.12/site-packages/airflow/example_dags/example_sensor_decorator.py for tasks to queue
[2026-07-24T17:21:20.079+0000] {logging_mixin.py:188} INFO - [2026-07-24T17:21:20.078+0000] {dagbag.py:545} INFO - Filling up the DagBag from /home/airflow/.local/lib/python3.12/site-packages/airflow/example_dags/example_sensor_decorator.py
[2026-07-24T17:21:20.088+0000] {processor.py:840} INFO - DAG(s) 'example_sensor_decorator' retrieved from /home/airflow/.local/lib/python3.12/site-packages/airflow/example_dags/example_sensor_decorator.py
[2026-07-24T17:21:20.128+0000] {logging_mixin.py:188} INFO - [2026-07-24T17:21:20.128+0000] {dag.py:3089} INFO - Sync 1 DAGs
[2026-07-24T17:21:20.155+0000] {logging_mixin.py:188} INFO - [2026-07-24T17:21:20.155+0000] {dag.py:3947} INFO - Setting next_dagrun for example_sensor_decorator to None, run_after=None
[2026-07-24T17:21:20.202+0000] {processor.py:183} INFO - Processing /home/airflow/.local/lib/python3.12/site-packages/airflow/example_dags/example_sensor_decorator.py took 0.137 seconds
[2026-07-24T17:21:51.540+0000] {processor.py:161} INFO - Started process (PID=2191) to work on /home/airflow/.local/lib/python3.12/site-packages/airflow/example_dags/example_sensor_decorator.py
[2026-07-24T17:21:51.543+0000] {processor.py:830} INFO - Processing file /home/airflow/.local/lib/python3.12/site-packages/airflow/example_dags/example_sensor_decorator.py for tasks to queue
[2026-07-24T17:21:51.546+0000] {logging_mixin.py:188} INFO - [2026-07-24T17:21:51.546+0000] {dagbag.py:545} INFO - Filling up the DagBag from /home/airflow/.local/lib/python3.12/site-packages/airflow/example_dags/example_sensor_decorator.py
[2026-07-24T17:21:51.557+0000] {processor.py:840} INFO - DAG(s) 'example_sensor_decorator' retrieved from /home/airflow/.local/lib/python3.12/site-packages/airflow/example_dags/example_sensor_decorator.py
[2026-07-24T17:21:51.597+0000] {logging_mixin.py:188} INFO - [2026-07-24T17:21:51.596+0000] {dag.py:3089} INFO - Sync 1 DAGs
[2026-07-24T17:21:51.618+0000] {logging_mixin.py:188} INFO - [2026-07-24T17:21:51.618+0000] {dag.py:3947} INFO - Setting next_dagrun for example_sensor_decorator to None, run_after=None
[2026-07-24T17:21:51.670+0000] {processor.py:183} INFO - Processing /home/airflow/.local/lib/python3.12/site-packages/airflow/example_dags/example_sensor_decorator.py took 0.139 seconds
[2026-07-24T17:22:23.136+0000] {processor.py:161} INFO - Started process (PID=2264) to work on /home/airflow/.local/lib/python3.12/site-packages/airflow/example_dags/example_sensor_decorator.py
[2026-07-24T17:22:23.138+0000] {processor.py:830} INFO - Processing file /home/airflow/.local/lib/python3.12/site-packages/airflow/example_dags/example_sensor_decorator.py for tasks to queue
[2026-07-24T17:22:23.143+0000] {logging_mixin.py:188} INFO - [2026-07-24T17:22:23.142+0000] {dagbag.py:545} INFO - Filling up the DagBag from /home/airflow/.local/lib/python3.12/site-packages/airflow/example_dags/example_sensor_decorator.py
[2026-07-24T17:22:23.156+0000] {processor.py:840} INFO - DAG(s) 'example_sensor_decorator' retrieved from /home/airflow/.local/lib/python3.12/site-packages/airflow/example_dags/example_sensor_decorator.py
[2026-07-24T17:22:23.192+0000] {logging_mixin.py:188} INFO - [2026-07-24T17:22:23.191+0000] {dag.py:3089} INFO - Sync 1 DAGs
[2026-07-24T17:22:23.218+0000] {logging_mixin.py:188} INFO - [2026-07-24T17:22:23.218+0000] {dag.py:3947} INFO - Setting next_dagrun for example_sensor_decorator to None, run_after=None
[2026-07-24T17:22:23.284+0000] {processor.py:183} INFO - Processing /home/airflow/.local/lib/python3.12/site-packages/airflow/example_dags/example_sensor_decorator.py took 0.157 seconds
[2026-07-24T17:22:55.100+0000] {processor.py:161} INFO - Started process (PID=2337) to work on /home/airflow/.local/lib/python3.12/site-packages/airflow/example_dags/example_sensor_decorator.py
[2026-07-24T17:22:55.102+0000] {processor.py:830} INFO - Processing file /home/airflow/.local/lib/python3.12/site-packages/airflow/example_dags/example_sensor_decorator.py for tasks to queue
[2026-07-24T17:22:55.107+0000] {logging_mixin.py:188} INFO - [2026-07-24T17:22:55.106+0000] {dagbag.py:545} INFO - Filling up the DagBag from /home/airflow/.local/lib/python3.12/site-packages/airflow/example_dags/example_sensor_decorator.py
[2026-07-24T17:22:55.120+0000] {processor.py:840} INFO - DAG(s) 'example_sensor_decorator' retrieved from /home/airflow/.local/lib/python3.12/site-packages/airflow/example_dags/example_sensor_decorator.py
[2026-07-24T17:22:55.161+0000] {logging_mixin.py:188} INFO - [2026-07-24T17:22:55.161+0000] {dag.py:3089} INFO - Sync 1 DAGs
[2026-07-24T17:22:55.441+0000] {logging_mixin.py:188} INFO - [2026-07-24T17:22:55.441+0000] {dag.py:3947} INFO - Setting next_dagrun for example_sensor_decorator to None, run_after=None
[2026-07-24T17:22:55.475+0000] {processor.py:183} INFO - Processing /home/airflow/.local/lib/python3.12/site-packages/airflow/example_dags/example_sensor_decorator.py took 0.385 seconds
[2026-07-24T17:23:26.143+0000] {processor.py:161} INFO - Started process (PID=2410) to work on /home/airflow/.local/lib/python3.12/site-packages/airflow/example_dags/example_sensor_decorator.py
[2026-07-24T17:23:26.145+0000] {processor.py:830} INFO - Processing file /home/airflow/.local/lib/python3.12/site-packages/airflow/example_dags/example_sensor_decorator.py for tasks to queue
[2026-07-24T17:23:26.150+0000] {logging_mixin.py:188} INFO - [2026-07-24T17:23:26.149+0000] {dagbag.py:545} INFO - Filling up the DagBag from /home/airflow/.local/lib/python3.12/site-packages/airflow/example_dags/example_sensor_decorator.py
[2026-07-24T17:23:26.161+0000] {processor.py:840} INFO - DAG(s) 'example_sensor_decorator' retrieved from /home/airflow/.local/lib/python3.12/site-packages/airflow/example_dags/example_sensor_decorator.py
[2026-07-24T17:23:26.203+0000] {logging_mixin.py:188} INFO - [2026-07-24T17:23:26.202+0000] {dag.py:3089} INFO - Sync 1 DAGs
[2026-07-24T17:23:26.227+0000] {logging_mixin.py:188} INFO - [2026-07-24T17:23:26.226+0000] {dag.py:3947} INFO - Setting next_dagrun for example_sensor_decorator to None, run_after=None
[2026-07-24T17:23:26.279+0000] {processor.py:183} INFO - Processing /home/airflow/.local/lib/python3.12/site-packages/airflow/example_dags/example_sensor_decorator.py took 0.144 seconds
[2026-07-24T17:23:56.435+0000] {processor.py:161} INFO - Started process (PID=2481) to work on /home/airflow/.local/lib/python3.12/site-packages/airflow/example_dags/example_sensor_decorator.py
[2026-07-24T17:23:56.437+0000] {processor.py:830} INFO - Processing file /home/airflow/.local/lib/python3.12/site-packages/airflow/example_dags/example_sensor_decorator.py for tasks to queue
[2026-07-24T17:23:56.441+0000] {logging_mixin.py:188} INFO - [2026-07-24T17:23:56.440+0000] {dagbag.py:545} INFO - Filling up the DagBag from /home/airflow/.local/lib/python3.12/site-packages/airflow/example_dags/example_sensor_decorator.py
[2026-07-24T17:23:56.450+0000] {processor.py:840} INFO - DAG(s) 'example_sensor_decorator' retrieved from /home/airflow/.local/lib/python3.12/site-packages/airflow/example_dags/example_sensor_decorator.py
[2026-07-24T17:23:56.476+0000] {logging_mixin.py:188} INFO - [2026-07-24T17:23:56.476+0000] {dag.py:3089} INFO - Sync 1 DAGs
[2026-07-24T17:23:56.493+0000] {logging_mixin.py:188} INFO - [2026-07-24T17:23:56.493+0000] {dag.py:3947} INFO - Setting next_dagrun for example_sensor_decorator to None, run_after=None
[2026-07-24T17:23:56.537+0000] {processor.py:183} INFO - Processing /home/airflow/.local/lib/python3.12/site-packages/airflow/example_dags/example_sensor_decorator.py took 0.109 seconds
[2026-07-24T17:24:27.693+0000] {processor.py:161} INFO - Started process (PID=2555) to work on /home/airflow/.local/lib/python3.12/site-packages/airflow/example_dags/example_sensor_decorator.py
[2026-07-24T17:24:27.695+0000] {processor.py:830} INFO - Processing file /home/airflow/.local/lib/python3.12/site-packages/airflow/example_dags/example_sensor_decorator.py for tasks to queue
[2026-07-24T17:24:27.698+0000] {logging_mixin.py:188} INFO - [2026-07-24T17:24:27.698+0000] {dagbag.py:545} INFO - Filling up the DagBag from /home/airflow/.local/lib/python3.12/site-packages/airflow/example_dags/example_sensor_decorator.py
[2026-07-24T17:24:27.710+0000] {processor.py:840} INFO - DAG(s) 'example_sensor_decorator' retrieved from /home/airflow/.local/lib/python3.12/site-packages/airflow/example_dags/example_sensor_decorator.py
[2026-07-24T17:24:27.743+0000] {logging_mixin.py:188} INFO - [2026-07-24T17:24:27.743+0000] {dag.py:3089} INFO - Sync 1 DAGs
[2026-07-24T17:24:27.765+0000] {logging_mixin.py:188} INFO - [2026-07-24T17:24:27.765+0000] {dag.py:3947} INFO - Setting next_dagrun for example_sensor_decorator to None, run_after=None
[2026-07-24T17:24:27.803+0000] {processor.py:183} INFO - Processing /home/airflow/.local/lib/python3.12/site-packages/airflow/example_dags/example_sensor_decorator.py took 0.118 seconds
[2026-07-24T17:24:58.830+0000] {processor.py:161} INFO - Started process (PID=2628) to work on /home/airflow/.local/lib/python3.12/site-packages/airflow/example_dags/example_sensor_decorator.py
[2026-07-24T17:24:58.834+0000] {processor.py:830} INFO - Processing file /home/airflow/.local/lib/python3.12/site-packages/airflow/example_dags/example_sensor_decorator.py for tasks to queue
[2026-07-24T17:24:58.841+0000] {logging_mixin.py:188} INFO - [2026-07-24T17:24:58.839+0000] {dagbag.py:545} INFO - Filling up the DagBag from /home/airflow/.local/lib/python3.12/site-packages/airflow/example_dags/example_sensor_decorator.py
[2026-07-24T17:24:58.861+0000] {processor.py:840} INFO - DAG(s) 'example_sensor_decorator' retrieved from /home/airflow/.local/lib/python3.12/site-packages/airflow/example_dags/example_sensor_decorator.py
[2026-07-24T17:24:58.926+0000] {logging_mixin.py:188} INFO - [2026-07-24T17:24:58.925+0000] {dag.py:3089} INFO - Sync 1 DAGs
[2026-07-24T17:24:58.962+0000] {logging_mixin.py:188} INFO - [2026-07-24T17:24:58.962+0000] {dag.py:3947} INFO - Setting next_dagrun for example_sensor_decorator to None, run_after=None
[2026-07-24T17:24:59.036+0000] {processor.py:183} INFO - Processing /home/airflow/.local/lib/python3.12/site-packages/airflow/example_dags/example_sensor_decorator.py took 0.232 seconds
[2026-07-24T17:25:30.519+0000] {processor.py:161} INFO - Started process (PID=2702) to work on /home/airflow/.local/lib/python3.12/site-packages/airflow/example_dags/example_sensor_decorator.py
[2026-07-24T17:25:30.522+0000] {processor.py:830} INFO - Processing file /home/airflow/.local/lib/python3.12/site-packages/airflow/example_dags/example_sensor_decorator.py for tasks to queue
[2026-07-24T17:25:30.526+0000] {logging_mixin.py:188} INFO - [2026-07-24T17:25:30.525+0000] {dagbag.py:545} INFO - Filling up the DagBag from /home/airflow/.local/lib/python3.12/site-packages/airflow/example_dags/example_sensor_decorator.py
[2026-07-24T17:25:30.535+0000] {processor.py:840} INFO - DAG(s) 'example_sensor_decorator' retrieved from /home/airflow/.local/lib/python3.12/site-packages/airflow/example_dags/example_sensor_decorator.py
[2026-07-24T17:25:30.579+0000] {logging_mixin.py:188} INFO - [2026-07-24T17:25:30.579+0000] {dag.py:3089} INFO - Sync 1 DAGs
[2026-07-24T17:25:30.603+0000] {logging_mixin.py:188} INFO - [2026-07-24T17:25:30.602+0000] {dag.py:3947} INFO - Setting next_dagrun for example_sensor_decorator to None, run_after=None
[2026-07-24T17:25:30.636+0000] {processor.py:183} INFO - Processing /home/airflow/.local/lib/python3.12/site-packages/airflow/example_dags/example_sensor_decorator.py took 0.124 seconds
[2026-07-24T17:26:02.185+0000] {processor.py:161} INFO - Started process (PID=2778) to work on /home/airflow/.local/lib/python3.12/site-packages/airflow/example_dags/example_sensor_decorator.py
[2026-07-24T17:26:02.188+0000] {processor.py:830} INFO - Processing file /home/airflow/.local/lib/python3.12/site-packages/airflow/example_dags/example_sensor_decorator.py for tasks to queue
[2026-07-24T17:26:02.192+0000] {logging_mixin.py:188} INFO - [2026-07-24T17:26:02.192+0000] {dagbag.py:545} INFO - Filling up the DagBag from /home/airflow/.local/lib/python3.12/site-packages/airflow/example_dags/example_sensor_decorator.py
[2026-07-24T17:26:02.201+0000] {processor.py:840} INFO - DAG(s) 'example_sensor_decorator' retrieved from /home/airflow/.local/lib/python3.12/site-packages/airflow/example_dags/example_sensor_decorator.py
[2026-07-24T17:26:02.232+0000] {logging_mixin.py:188} INFO - [2026-07-24T17:26:02.231+0000] {dag.py:3089} INFO - Sync 1 DAGs
[2026-07-24T17:26:02.251+0000] {logging_mixin.py:188} INFO - [2026-07-24T17:26:02.251+0000] {dag.py:3947} INFO - Setting next_dagrun for example_sensor_decorator to None, run_after=None
[2026-07-24T17:26:02.280+0000] {processor.py:183} INFO - Processing /home/airflow/.local/lib/python3.12/site-packages/airflow/example_dags/example_sensor_decorator.py took 0.103 seconds
[2026-07-24T17:26:33.162+0000] {processor.py:161} INFO - Started process (PID=2851) to work on /home/airflow/.local/lib/python3.12/site-packages/airflow/example_dags/example_sensor_decorator.py
[2026-07-24T17:26:33.164+0000] {processor.py:830} INFO - Processing file /home/airflow/.local/lib/python3.12/site-packages/airflow/example_dags/example_sensor_decorator.py for tasks to queue
[2026-07-24T17:26:33.169+0000] {logging_mixin.py:188} INFO - [2026-07-24T17:26:33.168+0000] {dagbag.py:545} INFO - Filling up the DagBag from /home/airflow/.local/lib/python3.12/site-packages/airflow/example_dags/example_sensor_decorator.py
[2026-07-24T17:26:33.185+0000] {processor.py:840} INFO - DAG(s) 'example_sensor_decorator' retrieved from /home/airflow/.local/lib/python3.12/site-packages/airflow/example_dags/example_sensor_decorator.py
[2026-07-24T17:26:33.215+0000] {logging_mixin.py:188} INFO - [2026-07-24T17:26:33.214+0000] {dag.py:3089} INFO - Sync 1 DAGs
[2026-07-24T17:26:33.233+0000] {logging_mixin.py:188} INFO - [2026-07-24T17:26:33.232+0000] {dag.py:3947} INFO - Setting next_dagrun for example_sensor_decorator to None, run_after=None
[2026-07-24T17:26:33.265+0000] {processor.py:183} INFO - Processing /home/airflow/.local/lib/python3.12/site-packages/airflow/example_dags/example_sensor_decorator.py took 0.112 seconds
[2026-07-24T17:27:03.887+0000] {processor.py:161} INFO - Started process (PID=2923) to work on /home/airflow/.local/lib/python3.12/site-packages/airflow/example_dags/example_sensor_decorator.py
[2026-07-24T17:27:03.890+0000] {processor.py:830} INFO - Processing file /home/airflow/.local/lib/python3.12/site-packages/airflow/example_dags/example_sensor_decorator.py for tasks to queue
[2026-07-24T17:27:03.893+0000] {logging_mixin.py:188} INFO - [2026-07-24T17:27:03.893+0000] {dagbag.py:545} INFO - Filling up the DagBag from /home/airflow/.local/lib/python3.12/site-packages/airflow/example_dags/example_sensor_decorator.py
[2026-07-24T17:27:03.903+0000] {processor.py:840} INFO - DAG(s) 'example_sensor_decorator' retrieved from /home/airflow/.local/lib/python3.12/site-packages/airflow/example_dags/example_sensor_decorator.py
[2026-07-24T17:27:03.934+0000] {logging_mixin.py:188} INFO - [2026-07-24T17:27:03.934+0000] {dag.py:3089} INFO - Sync 1 DAGs
[2026-07-24T17:27:03.957+0000] {logging_mixin.py:188} INFO - [2026-07-24T17:27:03.957+0000] {dag.py:3947} INFO - Setting next_dagrun for example_sensor_decorator to None, run_after=None
[2026-07-24T17:27:03.990+0000] {processor.py:183} INFO - Processing /home/airflow/.local/lib/python3.12/site-packages/airflow/example_dags/example_sensor_decorator.py took 0.111 seconds
[2026-07-24T17:27:35.290+0000] {processor.py:161} INFO - Started process (PID=2996) to work on /home/airflow/.local/lib/python3.12/site-packages/airflow/example_dags/example_sensor_decorator.py
[2026-07-24T17:27:35.294+0000] {processor.py:830} INFO - Processing file /home/airflow/.local/lib/python3.12/site-packages/airflow/example_dags/example_sensor_decorator.py for tasks to queue
[2026-07-24T17:27:35.301+0000] {logging_mixin.py:188} INFO - [2026-07-24T17:27:35.300+0000] {dagbag.py:545} INFO - Filling up the DagBag from /home/airflow/.local/lib/python3.12/site-packages/airflow/example_dags/example_sensor_decorator.py
[2026-07-24T17:27:35.319+0000] {processor.py:840} INFO - DAG(s) 'example_sensor_decorator' retrieved from /home/airflow/.local/lib/python3.12/site-packages/airflow/example_dags/example_sensor_decorator.py
[2026-07-24T17:27:35.367+0000] {logging_mixin.py:188} INFO - [2026-07-24T17:27:35.366+0000] {dag.py:3089} INFO - Sync 1 DAGs
[2026-07-24T17:27:35.409+0000] {logging_mixin.py:188} INFO - [2026-07-24T17:27:35.408+0000] {dag.py:3947} INFO - Setting next_dagrun for example_sensor_decorator to None, run_after=None
[2026-07-24T17:27:35.469+0000] {processor.py:183} INFO - Processing /home/airflow/.local/lib/python3.12/site-packages/airflow/example_dags/example_sensor_decorator.py took 0.192 seconds
[2026-07-24T17:28:06.497+0000] {processor.py:161} INFO - Started process (PID=3069) to work on /home/airflow/.local/lib/python3.12/site-packages/airflow/example_dags/example_sensor_decorator.py
[2026-07-24T17:28:06.499+0000] {processor.py:830} INFO - Processing file /home/airflow/.local/lib/python3.12/site-packages/airflow/example_dags/example_sensor_decorator.py for tasks to queue
[2026-07-24T17:28:06.503+0000] {logging_mixin.py:188} INFO - [2026-07-24T17:28:06.502+0000] {dagbag.py:545} INFO - Filling up the DagBag from /home/airflow/.local/lib/python3.12/site-packages/airflow/example_dags/example_sensor_decorator.py
[2026-07-24T17:28:06.513+0000] {processor.py:840} INFO - DAG(s) 'example_sensor_decorator' retrieved from /home/airflow/.local/lib/python3.12/site-packages/airflow/example_dags/example_sensor_decorator.py
[2026-07-24T17:28:06.546+0000] {logging_mixin.py:188} INFO - [2026-07-24T17:28:06.546+0000] {dag.py:3089} INFO - Sync 1 DAGs
[2026-07-24T17:28:06.565+0000] {logging_mixin.py:188} INFO - [2026-07-24T17:28:06.565+0000] {dag.py:3947} INFO - Setting next_dagrun for example_sensor_decorator to None, run_after=None
[2026-07-24T17:28:06.598+0000] {processor.py:183} INFO - Processing /home/airflow/.local/lib/python3.12/site-packages/airflow/example_dags/example_sensor_decorator.py took 0.110 seconds
[2026-07-24T17:28:37.392+0000] {processor.py:161} INFO - Started process (PID=3143) to work on /home/airflow/.local/lib/python3.12/site-packages/airflow/example_dags/example_sensor_decorator.py
[2026-07-24T17:28:37.395+0000] {processor.py:830} INFO - Processing file /home/airflow/.local/lib/python3.12/site-packages/airflow/example_dags/example_sensor_decorator.py for tasks to queue
[2026-07-24T17:28:37.399+0000] {logging_mixin.py:188} INFO - [2026-07-24T17:28:37.398+0000] {dagbag.py:545} INFO - Filling up the DagBag from /home/airflow/.local/lib/python3.12/site-packages/airflow/example_dags/example_sensor_decorator.py
[2026-07-24T17:28:37.410+0000] {processor.py:840} INFO - DAG(s) 'example_sensor_decorator' retrieved from /home/airflow/.local/lib/python3.12/site-packages/airflow/example_dags/example_sensor_decorator.py
[2026-07-24T17:28:37.452+0000] {logging_mixin.py:188} INFO - [2026-07-24T17:28:37.451+0000] {dag.py:3089} INFO - Sync 1 DAGs
[2026-07-24T17:28:37.482+0000] {logging_mixin.py:188} INFO - [2026-07-24T17:28:37.482+0000] {dag.py:3947} INFO - Setting next_dagrun for example_sensor_decorator to None, run_after=None
[2026-07-24T17:28:37.526+0000] {processor.py:183} INFO - Processing /home/airflow/.local/lib/python3.12/site-packages/airflow/example_dags/example_sensor_decorator.py took 0.147 seconds
[2026-07-24T17:29:08.707+0000] {processor.py:161} INFO - Started process (PID=3216) to work on /home/airflow/.local/lib/python3.12/site-packages/airflow/example_dags/example_sensor_decorator.py
[2026-07-24T17:29:08.709+0000] {processor.py:830} INFO - Processing file /home/airflow/.local/lib/python3.12/site-packages/airflow/example_dags/example_sensor_decorator.py for tasks to queue
[2026-07-24T17:29:08.714+0000] {logging_mixin.py:188} INFO - [2026-07-24T17:29:08.713+0000] {dagbag.py:545} INFO - Filling up the DagBag from /home/airflow/.local/lib/python3.12/site-packages/airflow/example_dags/example_sensor_decorator.py
[2026-07-24T17:29:08.723+0000] {processor.py:840} INFO - DAG(s) 'example_sensor_decorator' retrieved from /home/airflow/.local/lib/python3.12/site-packages/airflow/example_dags/example_sensor_decorator.py
[2026-07-24T17:29:08.770+0000] {logging_mixin.py:188} INFO - [2026-07-24T17:29:08.770+0000] {dag.py:3089} INFO - Sync 1 DAGs
[2026-07-24T17:29:08.803+0000] {logging_mixin.py:188} INFO - [2026-07-24T17:29:08.803+0000] {dag.py:3947} INFO - Setting next_dagrun for example_sensor_decorator to None, run_after=None
[2026-07-24T17:29:08.847+0000] {processor.py:183} INFO - Processing /home/airflow/.local/lib/python3.12/site-packages/airflow/example_dags/example_sensor_decorator.py took 0.149 seconds
[2026-07-24T17:29:40.563+0000] {processor.py:161} INFO - Started process (PID=3296) to work on /home/airflow/.local/lib/python3.12/site-packages/airflow/example_dags/example_sensor_decorator.py
[2026-07-24T17:29:40.567+0000] {processor.py:830} INFO - Processing file /home/airflow/.local/lib/python3.12/site-packages/airflow/example_dags/example_sensor_decorator.py for tasks to queue
[2026-07-24T17:29:40.574+0000] {logging_mixin.py:188} INFO - [2026-07-24T17:29:40.573+0000] {dagbag.py:545} INFO - Filling up the DagBag from /home/airflow/.local/lib/python3.12/site-packages/airflow/example_dags/example_sensor_decorator.py
[2026-07-24T17:29:40.592+0000] {processor.py:840} INFO - DAG(s) 'example_sensor_decorator' retrieved from /home/airflow/.local/lib/python3.12/site-packages/airflow/example_dags/example_sensor_decorator.py
[2026-07-24T17:29:40.634+0000] {logging_mixin.py:188} INFO - [2026-07-24T17:29:40.634+0000] {dag.py:3089} INFO - Sync 1 DAGs
[2026-07-24T17:29:40.659+0000] {logging_mixin.py:188} INFO - [2026-07-24T17:29:40.659+0000] {dag.py:3947} INFO - Setting next_dagrun for example_sensor_decorator to None, run_after=None
[2026-07-24T17:29:40.704+0000] {processor.py:183} INFO - Processing /home/airflow/.local/lib/python3.12/site-packages/airflow/example_dags/example_sensor_decorator.py took 0.156 seconds
[2026-07-24T17:30:12.169+0000] {processor.py:161} INFO - Started process (PID=3363) to work on /home/airflow/.local/lib/python3.12/site-packages/airflow/example_dags/example_sensor_decorator.py
[2026-07-24T17:30:12.171+0000] {processor.py:830} INFO - Processing file /home/airflow/.local/lib/python3.12/site-packages/airflow/example_dags/example_sensor_decorator.py for tasks to queue
[2026-07-24T17:30:12.176+0000] {logging_mixin.py:188} INFO - [2026-07-24T17:30:12.175+0000] {dagbag.py:545} INFO - Filling up the DagBag from /home/airflow/.local/lib/python3.12/site-packages/airflow/example_dags/example_sensor_decorator.py
[2026-07-24T17:30:12.187+0000] {processor.py:840} INFO - DAG(s) 'example_sensor_decorator' retrieved from /home/airflow/.local/lib/python3.12/site-packages/airflow/example_dags/example_sensor_decorator.py
[2026-07-24T17:30:12.231+0000] {logging_mixin.py:188} INFO - [2026-07-24T17:30:12.231+0000] {dag.py:3089} INFO - Sync 1 DAGs
[2026-07-24T17:30:12.262+0000] {logging_mixin.py:188} INFO - [2026-07-24T17:30:12.261+0000] {dag.py:3947} INFO - Setting next_dagrun for example_sensor_decorator to None, run_after=None
[2026-07-24T17:30:12.302+0000] {processor.py:183} INFO - Processing /home/airflow/.local/lib/python3.12/site-packages/airflow/example_dags/example_sensor_decorator.py took 0.142 seconds
[2026-07-24T17:30:43.305+0000] {processor.py:161} INFO - Started process (PID=3436) to work on /home/airflow/.local/lib/python3.12/site-packages/airflow/example_dags/example_sensor_decorator.py
[2026-07-24T17:30:43.307+0000] {processor.py:830} INFO - Processing file /home/airflow/.local/lib/python3.12/site-packages/airflow/example_dags/example_sensor_decorator.py for tasks to queue
[2026-07-24T17:30:43.313+0000] {logging_mixin.py:188} INFO - [2026-07-24T17:30:43.312+0000] {dagbag.py:545} INFO - Filling up the DagBag from /home/airflow/.local/lib/python3.12/site-packages/airflow/example_dags/example_sensor_decorator.py
[2026-07-24T17:30:43.324+0000] {processor.py:840} INFO - DAG(s) 'example_sensor_decorator' retrieved from /home/airflow/.local/lib/python3.12/site-packages/airflow/example_dags/example_sensor_decorator.py
[2026-07-24T17:30:43.366+0000] {logging_mixin.py:188} INFO - [2026-07-24T17:30:43.365+0000] {dag.py:3089} INFO - Sync 1 DAGs
[2026-07-24T17:30:43.390+0000] {logging_mixin.py:188} INFO - [2026-07-24T17:30:43.390+0000] {dag.py:3947} INFO - Setting next_dagrun for example_sensor_decorator to None, run_after=None
[2026-07-24T17:30:43.428+0000] {processor.py:183} INFO - Processing /home/airflow/.local/lib/python3.12/site-packages/airflow/example_dags/example_sensor_decorator.py took 0.132 seconds
[2026-07-24T17:31:13.856+0000] {processor.py:161} INFO - Started process (PID=3509) to work on /home/airflow/.local/lib/python3.12/site-packages/airflow/example_dags/example_sensor_decorator.py
[2026-07-24T17:31:13.859+0000] {processor.py:830} INFO - Processing file /home/airflow/.local/lib/python3.12/site-packages/airflow/example_dags/example_sensor_decorator.py for tasks to queue
[2026-07-24T17:31:13.864+0000] {logging_mixin.py:188} INFO - [2026-07-24T17:31:13.863+0000] {dagbag.py:545} INFO - Filling up the DagBag from /home/airflow/.local/lib/python3.12/site-packages/airflow/example_dags/example_sensor_decorator.py
[2026-07-24T17:31:13.879+0000] {processor.py:840} INFO - DAG(s) 'example_sensor_decorator' retrieved from /home/airflow/.local/lib/python3.12/site-packages/airflow/example_dags/example_sensor_decorator.py
[2026-07-24T17:31:13.918+0000] {logging_mixin.py:188} INFO - [2026-07-24T17:31:13.917+0000] {dag.py:3089} INFO - Sync 1 DAGs
[2026-07-24T17:31:13.936+0000] {logging_mixin.py:188} INFO - [2026-07-24T17:31:13.936+0000] {dag.py:3947} INFO - Setting next_dagrun for example_sensor_decorator to None, run_after=None
[2026-07-24T17:31:13.981+0000] {processor.py:183} INFO - Processing /home/airflow/.local/lib/python3.12/site-packages/airflow/example_dags/example_sensor_decorator.py took 0.135 seconds
[2026-07-24T17:31:45.847+0000] {processor.py:161} INFO - Started process (PID=3583) to work on /home/airflow/.local/lib/python3.12/site-packages/airflow/example_dags/example_sensor_decorator.py
[2026-07-24T17:31:45.850+0000] {processor.py:830} INFO - Processing file /home/airflow/.local/lib/python3.12/site-packages/airflow/example_dags/example_sensor_decorator.py for tasks to queue
[2026-07-24T17:31:45.857+0000] {logging_mixin.py:188} INFO - [2026-07-24T17:31:45.856+0000] {dagbag.py:545} INFO - Filling up the DagBag from /home/airflow/.local/lib/python3.12/site-packages/airflow/example_dags/example_sensor_decorator.py
[2026-07-24T17:31:45.875+0000] {processor.py:840} INFO - DAG(s) 'example_sensor_decorator' retrieved from /home/airflow/.local/lib/python3.12/site-packages/airflow/example_dags/example_sensor_decorator.py
[2026-07-24T17:31:45.924+0000] {logging_mixin.py:188} INFO - [2026-07-24T17:31:45.923+0000] {dag.py:3089} INFO - Sync 1 DAGs
[2026-07-24T17:31:45.955+0000] {logging_mixin.py:188} INFO - [2026-07-24T17:31:45.955+0000] {dag.py:3947} INFO - Setting next_dagrun for example_sensor_decorator to None, run_after=None
[2026-07-24T17:31:45.993+0000] {processor.py:183} INFO - Processing /home/airflow/.local/lib/python3.12/site-packages/airflow/example_dags/example_sensor_decorator.py took 0.165 seconds
[2026-07-24T17:32:16.245+0000] {processor.py:161} INFO - Started process (PID=3656) to work on /home/airflow/.local/lib/python3.12/site-packages/airflow/example_dags/example_sensor_decorator.py
[2026-07-24T17:32:16.247+0000] {processor.py:830} INFO - Processing file /home/airflow/.local/lib/python3.12/site-packages/airflow/example_dags/example_sensor_decorator.py for tasks to queue
[2026-07-24T17:32:16.250+0000] {logging_mixin.py:188} INFO - [2026-07-24T17:32:16.250+0000] {dagbag.py:545} INFO - Filling up the DagBag from /home/airflow/.local/lib/python3.12/site-packages/airflow/example_dags/example_sensor_decorator.py
[2026-07-24T17:32:16.262+0000] {processor.py:840} INFO - DAG(s) 'example_sensor_decorator' retrieved from /home/airflow/.local/lib/python3.12/site-packages/airflow/example_dags/example_sensor_decorator.py
[2026-07-24T17:32:16.298+0000] {logging_mixin.py:188} INFO - [2026-07-24T17:32:16.298+0000] {dag.py:3089} INFO - Sync 1 DAGs
[2026-07-24T17:32:16.320+0000] {logging_mixin.py:188} INFO - [2026-07-24T17:32:16.319+0000] {dag.py:3947} INFO - Setting next_dagrun for example_sensor_decorator to None, run_after=None
[2026-07-24T17:32:16.363+0000] {processor.py:183} INFO - Processing /home/airflow/.local/lib/python3.12/site-packages/airflow/example_dags/example_sensor_decorator.py took 0.126 seconds
[2026-07-24T17:32:47.435+0000] {processor.py:161} INFO - Started process (PID=3730) to work on /home/airflow/.local/lib/python3.12/site-packages/airflow/example_dags/example_sensor_decorator.py
[2026-07-24T17:32:47.437+0000] {processor.py:830} INFO - Processing file /home/airflow/.local/lib/python3.12/site-packages/airflow/example_dags/example_sensor_decorator.py for tasks to queue
[2026-07-24T17:32:47.442+0000] {logging_mixin.py:188} INFO - [2026-07-24T17:32:47.441+0000] {dagbag.py:545} INFO - Filling up the DagBag from /home/airflow/.local/lib/python3.12/site-packages/airflow/example_dags/example_sensor_decorator.py
[2026-07-24T17:32:47.453+0000] {processor.py:840} INFO - DAG(s) 'example_sensor_decorator' retrieved from /home/airflow/.local/lib/python3.12/site-packages/airflow/example_dags/example_sensor_decorator.py
[2026-07-24T17:32:47.486+0000] {logging_mixin.py:188} INFO - [2026-07-24T17:32:47.485+0000] {dag.py:3089} INFO - Sync 1 DAGs
[2026-07-24T17:32:47.504+0000] {logging_mixin.py:188} INFO - [2026-07-24T17:32:47.504+0000] {dag.py:3947} INFO - Setting next_dagrun for example_sensor_decorator to None, run_after=None
[2026-07-24T17:32:47.542+0000] {processor.py:183} INFO - Processing /home/airflow/.local/lib/python3.12/site-packages/airflow/example_dags/example_sensor_decorator.py took 0.115 seconds
[2026-07-24T17:33:18.339+0000] {processor.py:161} INFO - Started process (PID=3802) to work on /home/airflow/.local/lib/python3.12/site-packages/airflow/example_dags/example_sensor_decorator.py
[2026-07-24T17:33:18.341+0000] {processor.py:830} INFO - Processing file /home/airflow/.local/lib/python3.12/site-packages/airflow/example_dags/example_sensor_decorator.py for tasks to queue
[2026-07-24T17:33:18.345+0000] {logging_mixin.py:188} INFO - [2026-07-24T17:33:18.344+0000] {dagbag.py:545} INFO - Filling up the DagBag from /home/airflow/.local/lib/python3.12/site-packages/airflow/example_dags/example_sensor_decorator.py
[2026-07-24T17:33:18.355+0000] {processor.py:840} INFO - DAG(s) 'example_sensor_decorator' retrieved from /home/airflow/.local/lib/python3.12/site-packages/airflow/example_dags/example_sensor_decorator.py
[2026-07-24T17:33:18.396+0000] {logging_mixin.py:188} INFO - [2026-07-24T17:33:18.395+0000] {dag.py:3089} INFO - Sync 1 DAGs
[2026-07-24T17:33:18.419+0000] {logging_mixin.py:188} INFO - [2026-07-24T17:33:18.419+0000] {dag.py:3947} INFO - Setting next_dagrun for example_sensor_decorator to None, run_after=None
[2026-07-24T17:33:18.468+0000] {processor.py:183} INFO - Processing /home/airflow/.local/lib/python3.12/site-packages/airflow/example_dags/example_sensor_decorator.py took 0.137 seconds
[2026-07-24T17:33:49.765+0000] {processor.py:161} INFO - Started process (PID=3877) to work on /home/airflow/.local/lib/python3.12/site-packages/airflow/example_dags/example_sensor_decorator.py
[2026-07-24T17:33:49.768+0000] {processor.py:830} INFO - Processing file /home/airflow/.local/lib/python3.12/site-packages/airflow/example_dags/example_sensor_decorator.py for tasks to queue
[2026-07-24T17:33:49.773+0000] {logging_mixin.py:188} INFO - [2026-07-24T17:33:49.772+0000] {dagbag.py:545} INFO - Filling up the DagBag from /home/airflow/.local/lib/python3.12/site-packages/airflow/example_dags/example_sensor_decorator.py
[2026-07-24T17:33:49.784+0000] {processor.py:840} INFO - DAG(s) 'example_sensor_decorator' retrieved from /home/airflow/.local/lib/python3.12/site-packages/airflow/example_dags/example_sensor_decorator.py
[2026-07-24T17:33:49.821+0000] {logging_mixin.py:188} INFO - [2026-07-24T17:33:49.820+0000] {dag.py:3089} INFO - Sync 1 DAGs
[2026-07-24T17:33:49.842+0000] {logging_mixin.py:188} INFO - [2026-07-24T17:33:49.841+0000] {dag.py:3947} INFO - Setting next_dagrun for example_sensor_decorator to None, run_after=None
[2026-07-24T17:33:49.894+0000] {processor.py:183} INFO - Processing /home/airflow/.local/lib/python3.12/site-packages/airflow/example_dags/example_sensor_decorator.py took 0.140 seconds
[2026-07-24T17:34:20.645+0000] {processor.py:161} INFO - Started process (PID=3951) to work on /home/airflow/.local/lib/python3.12/site-packages/airflow/example_dags/example_sensor_decorator.py
[2026-07-24T17:34:20.647+0000] {processor.py:830} INFO - Processing file /home/airflow/.local/lib/python3.12/site-packages/airflow/example_dags/example_sensor_decorator.py for tasks to queue
[2026-07-24T17:34:20.651+0000] {logging_mixin.py:188} INFO - [2026-07-24T17:34:20.651+0000] {dagbag.py:545} INFO - Filling up the DagBag from /home/airflow/.local/lib/python3.12/site-packages/airflow/example_dags/example_sensor_decorator.py
[2026-07-24T17:34:20.661+0000] {processor.py:840} INFO - DAG(s) 'example_sensor_decorator' retrieved from /home/airflow/.local/lib/python3.12/site-packages/airflow/example_dags/example_sensor_decorator.py
[2026-07-24T17:34:20.692+0000] {logging_mixin.py:188} INFO - [2026-07-24T17:34:20.691+0000] {dag.py:3089} INFO - Sync 1 DAGs
[2026-07-24T17:34:20.710+0000] {logging_mixin.py:188} INFO - [2026-07-24T17:34:20.710+0000] {dag.py:3947} INFO - Setting next_dagrun for example_sensor_decorator to None, run_after=None
[2026-07-24T17:34:20.755+0000] {processor.py:183} INFO - Processing /home/airflow/.local/lib/python3.12/site-packages/airflow/example_dags/example_sensor_decorator.py took 0.117 seconds
[2026-07-24T17:34:52.297+0000] {processor.py:161} INFO - Started process (PID=4024) to work on /home/airflow/.local/lib/python3.12/site-packages/airflow/example_dags/example_sensor_decorator.py
[2026-07-24T17:34:52.300+0000] {processor.py:830} INFO - Processing file /home/airflow/.local/lib/python3.12/site-packages/airflow/example_dags/example_sensor_decorator.py for tasks to queue
[2026-07-24T17:34:52.304+0000] {logging_mixin.py:188} INFO - [2026-07-24T17:34:52.303+0000] {dagbag.py:545} INFO - Filling up the DagBag from /home/airflow/.local/lib/python3.12/site-packages/airflow/example_dags/example_sensor_decorator.py
[2026-07-24T17:34:52.314+0000] {processor.py:840} INFO - DAG(s) 'example_sensor_decorator' retrieved from /home/airflow/.local/lib/python3.12/site-packages/airflow/example_dags/example_sensor_decorator.py
[2026-07-24T17:34:52.355+0000] {logging_mixin.py:188} INFO - [2026-07-24T17:34:52.355+0000] {dag.py:3089} INFO - Sync 1 DAGs
[2026-07-24T17:34:52.377+0000] {logging_mixin.py:188} INFO - [2026-07-24T17:34:52.377+0000] {dag.py:3947} INFO - Setting next_dagrun for example_sensor_decorator to None, run_after=None
[2026-07-24T17:34:52.417+0000] {processor.py:183} INFO - Processing /home/airflow/.local/lib/python3.12/site-packages/airflow/example_dags/example_sensor_decorator.py took 0.129 seconds
[2026-07-24T17:35:23.653+0000] {processor.py:161} INFO - Started process (PID=4098) to work on /home/airflow/.local/lib/python3.12/site-packages/airflow/example_dags/example_sensor_decorator.py
[2026-07-24T17:35:23.655+0000] {processor.py:830} INFO - Processing file /home/airflow/.local/lib/python3.12/site-packages/airflow/example_dags/example_sensor_decorator.py for tasks to queue
[2026-07-24T17:35:23.658+0000] {logging_mixin.py:188} INFO - [2026-07-24T17:35:23.658+0000] {dagbag.py:545} INFO - Filling up the DagBag from /home/airflow/.local/lib/python3.12/site-packages/airflow/example_dags/example_sensor_decorator.py
[2026-07-24T17:35:23.670+0000] {processor.py:840} INFO - DAG(s) 'example_sensor_decorator' retrieved from /home/airflow/.local/lib/python3.12/site-packages/airflow/example_dags/example_sensor_decorator.py
[2026-07-24T17:35:23.704+0000] {logging_mixin.py:188} INFO - [2026-07-24T17:35:23.703+0000] {dag.py:3089} INFO - Sync 1 DAGs
[2026-07-24T17:35:23.726+0000] {logging_mixin.py:188} INFO - [2026-07-24T17:35:23.725+0000] {dag.py:3947} INFO - Setting next_dagrun for example_sensor_decorator to None, run_after=None
[2026-07-24T17:35:23.780+0000] {processor.py:183} INFO - Processing /home/airflow/.local/lib/python3.12/site-packages/airflow/example_dags/example_sensor_decorator.py took 0.136 seconds
[2026-07-24T17:35:55.249+0000] {processor.py:161} INFO - Started process (PID=4171) to work on /home/airflow/.local/lib/python3.12/site-packages/airflow/example_dags/example_sensor_decorator.py
[2026-07-24T17:35:55.252+0000] {processor.py:830} INFO - Processing file /home/airflow/.local/lib/python3.12/site-packages/airflow/example_dags/example_sensor_decorator.py for tasks to queue
[2026-07-24T17:35:55.259+0000] {logging_mixin.py:188} INFO - [2026-07-24T17:35:55.259+0000] {dagbag.py:545} INFO - Filling up the DagBag from /home/airflow/.local/lib/python3.12/site-packages/airflow/example_dags/example_sensor_decorator.py
[2026-07-24T17:35:55.272+0000] {processor.py:840} INFO - DAG(s) 'example_sensor_decorator' retrieved from /home/airflow/.local/lib/python3.12/site-packages/airflow/example_dags/example_sensor_decorator.py
[2026-07-24T17:35:55.315+0000] {logging_mixin.py:188} INFO - [2026-07-24T17:35:55.314+0000] {dag.py:3089} INFO - Sync 1 DAGs
[2026-07-24T17:35:55.342+0000] {logging_mixin.py:188} INFO - [2026-07-24T17:35:55.341+0000] {dag.py:3947} INFO - Setting next_dagrun for example_sensor_decorator to None, run_after=None
[2026-07-24T17:35:55.384+0000] {processor.py:183} INFO - Processing /home/airflow/.local/lib/python3.12/site-packages/airflow/example_dags/example_sensor_decorator.py took 0.149 seconds
[2026-07-24T17:36:25.869+0000] {processor.py:161} INFO - Started process (PID=4244) to work on /home/airflow/.local/lib/python3.12/site-packages/airflow/example_dags/example_sensor_decorator.py
[2026-07-24T17:36:25.871+0000] {processor.py:830} INFO - Processing file /home/airflow/.local/lib/python3.12/site-packages/airflow/example_dags/example_sensor_decorator.py for tasks to queue
[2026-07-24T17:36:25.876+0000] {logging_mixin.py:188} INFO - [2026-07-24T17:36:25.875+0000] {dagbag.py:545} INFO - Filling up the DagBag from /home/airflow/.local/lib/python3.12/site-packages/airflow/example_dags/example_sensor_decorator.py
[2026-07-24T17:36:25.894+0000] {processor.py:840} INFO - DAG(s) 'example_sensor_decorator' retrieved from /home/airflow/.local/lib/python3.12/site-packages/airflow/example_dags/example_sensor_decorator.py
[2026-07-24T17:36:25.927+0000] {logging_mixin.py:188} INFO - [2026-07-24T17:36:25.927+0000] {dag.py:3089} INFO - Sync 1 DAGs
[2026-07-24T17:36:25.950+0000] {logging_mixin.py:188} INFO - [2026-07-24T17:36:25.949+0000] {dag.py:3947} INFO - Setting next_dagrun for example_sensor_decorator to None, run_after=None
[2026-07-24T17:36:25.980+0000] {processor.py:183} INFO - Processing /home/airflow/.local/lib/python3.12/site-packages/airflow/example_dags/example_sensor_decorator.py took 0.120 seconds
[2026-07-24T17:36:56.576+0000] {processor.py:161} INFO - Started process (PID=4317) to work on /home/airflow/.local/lib/python3.12/site-packages/airflow/example_dags/example_sensor_decorator.py
[2026-07-24T17:36:56.578+0000] {processor.py:830} INFO - Processing file /home/airflow/.local/lib/python3.12/site-packages/airflow/example_dags/example_sensor_decorator.py for tasks to queue
[2026-07-24T17:36:56.582+0000] {logging_mixin.py:188} INFO - [2026-07-24T17:36:56.581+0000] {dagbag.py:545} INFO - Filling up the DagBag from /home/airflow/.local/lib/python3.12/site-packages/airflow/example_dags/example_sensor_decorator.py
[2026-07-24T17:36:56.591+0000] {processor.py:840} INFO - DAG(s) 'example_sensor_decorator' retrieved from /home/airflow/.local/lib/python3.12/site-packages/airflow/example_dags/example_sensor_decorator.py
[2026-07-24T17:36:56.623+0000] {logging_mixin.py:188} INFO - [2026-07-24T17:36:56.622+0000] {dag.py:3089} INFO - Sync 1 DAGs
[2026-07-24T17:36:56.641+0000] {logging_mixin.py:188} INFO - [2026-07-24T17:36:56.641+0000] {dag.py:3947} INFO - Setting next_dagrun for example_sensor_decorator to None, run_after=None
[2026-07-24T17:36:56.688+0000] {processor.py:183} INFO - Processing /home/airflow/.local/lib/python3.12/site-packages/airflow/example_dags/example_sensor_decorator.py took 0.120 seconds
[2026-07-24T17:37:28.430+0000] {processor.py:161} INFO - Started process (PID=4390) to work on /home/airflow/.local/lib/python3.12/site-packages/airflow/example_dags/example_sensor_decorator.py
[2026-07-24T17:37:28.433+0000] {processor.py:830} INFO - Processing file /home/airflow/.local/lib/python3.12/site-packages/airflow/example_dags/example_sensor_decorator.py for tasks to queue
[2026-07-24T17:37:28.436+0000] {logging_mixin.py:188} INFO - [2026-07-24T17:37:28.436+0000] {dagbag.py:545} INFO - Filling up the DagBag from /home/airflow/.local/lib/python3.12/site-packages/airflow/example_dags/example_sensor_decorator.py
[2026-07-24T17:37:28.446+0000] {processor.py:840} INFO - DAG(s) 'example_sensor_decorator' retrieved from /home/airflow/.local/lib/python3.12/site-packages/airflow/example_dags/example_sensor_decorator.py
[2026-07-24T17:37:28.479+0000] {logging_mixin.py:188} INFO - [2026-07-24T17:37:28.479+0000] {dag.py:3089} INFO - Sync 1 DAGs
[2026-07-24T17:37:28.499+0000] {logging_mixin.py:188} INFO - [2026-07-24T17:37:28.499+0000] {dag.py:3947} INFO - Setting next_dagrun for example_sensor_decorator to None, run_after=None
[2026-07-24T17:37:28.556+0000] {processor.py:183} INFO - Processing /home/airflow/.local/lib/python3.12/site-packages/airflow/example_dags/example_sensor_decorator.py took 0.135 seconds
[2026-07-24T17:37:59.508+0000] {processor.py:161} INFO - Started process (PID=4466) to work on /home/airflow/.local/lib/python3.12/site-packages/airflow/example_dags/example_sensor_decorator.py
[2026-07-24T17:37:59.511+0000] {processor.py:830} INFO - Processing file /home/airflow/.local/lib/python3.12/site-packages/airflow/example_dags/example_sensor_decorator.py for tasks to queue
[2026-07-24T17:37:59.520+0000] {logging_mixin.py:188} INFO - [2026-07-24T17:37:59.519+0000] {dagbag.py:545} INFO - Filling up the DagBag from /home/airflow/.local/lib/python3.12/site-packages/airflow/example_dags/example_sensor_decorator.py
[2026-07-24T17:37:59.549+0000] {processor.py:840} INFO - DAG(s) 'example_sensor_decorator' retrieved from /home/airflow/.local/lib/python3.12/site-packages/airflow/example_dags/example_sensor_decorator.py
[2026-07-24T17:37:59.609+0000] {logging_mixin.py:188} INFO - [2026-07-24T17:37:59.609+0000] {dag.py:3089} INFO - Sync 1 DAGs
[2026-07-24T17:37:59.646+0000] {logging_mixin.py:188} INFO - [2026-07-24T17:37:59.646+0000] {dag.py:3947} INFO - Setting next_dagrun for example_sensor_decorator to None, run_after=None
[2026-07-24T17:37:59.779+0000] {processor.py:183} INFO - Processing /home/airflow/.local/lib/python3.12/site-packages/airflow/example_dags/example_sensor_decorator.py took 0.290 seconds
[2026-07-24T17:38:31.278+0000] {processor.py:161} INFO - Started process (PID=4540) to work on /home/airflow/.local/lib/python3.12/site-packages/airflow/example_dags/example_sensor_decorator.py
[2026-07-24T17:38:31.281+0000] {processor.py:830} INFO - Processing file /home/airflow/.local/lib/python3.12/site-packages/airflow/example_dags/example_sensor_decorator.py for tasks to queue
[2026-07-24T17:38:31.285+0000] {logging_mixin.py:188} INFO - [2026-07-24T17:38:31.284+0000] {dagbag.py:545} INFO - Filling up the DagBag from /home/airflow/.local/lib/python3.12/site-packages/airflow/example_dags/example_sensor_decorator.py
[2026-07-24T17:38:31.297+0000] {processor.py:840} INFO - DAG(s) 'example_sensor_decorator' retrieved from /home/airflow/.local/lib/python3.12/site-packages/airflow/example_dags/example_sensor_decorator.py
[2026-07-24T17:38:31.346+0000] {logging_mixin.py:188} INFO - [2026-07-24T17:38:31.346+0000] {dag.py:3089} INFO - Sync 1 DAGs
[2026-07-24T17:38:31.370+0000] {logging_mixin.py:188} INFO - [2026-07-24T17:38:31.370+0000] {dag.py:3947} INFO - Setting next_dagrun for example_sensor_decorator to None, run_after=None
[2026-07-24T17:38:31.404+0000] {processor.py:183} INFO - Processing /home/airflow/.local/lib/python3.12/site-packages/airflow/example_dags/example_sensor_decorator.py took 0.137 seconds
[2026-07-24T17:39:02.373+0000] {processor.py:161} INFO - Started process (PID=4613) to work on /home/airflow/.local/lib/python3.12/site-packages/airflow/example_dags/example_sensor_decorator.py
[2026-07-24T17:39:02.375+0000] {processor.py:830} INFO - Processing file /home/airflow/.local/lib/python3.12/site-packages/airflow/example_dags/example_sensor_decorator.py for tasks to queue
[2026-07-24T17:39:02.380+0000] {logging_mixin.py:188} INFO - [2026-07-24T17:39:02.379+0000] {dagbag.py:545} INFO - Filling up the DagBag from /home/airflow/.local/lib/python3.12/site-packages/airflow/example_dags/example_sensor_decorator.py
[2026-07-24T17:39:02.389+0000] {processor.py:840} INFO - DAG(s) 'example_sensor_decorator' retrieved from /home/airflow/.local/lib/python3.12/site-packages/airflow/example_dags/example_sensor_decorator.py
[2026-07-24T17:39:02.423+0000] {logging_mixin.py:188} INFO - [2026-07-24T17:39:02.422+0000] {dag.py:3089} INFO - Sync 1 DAGs
[2026-07-24T17:39:02.443+0000] {logging_mixin.py:188} INFO - [2026-07-24T17:39:02.442+0000] {dag.py:3947} INFO - Setting next_dagrun for example_sensor_decorator to None, run_after=None
[2026-07-24T17:39:02.475+0000] {processor.py:183} INFO - Processing /home/airflow/.local/lib/python3.12/site-packages/airflow/example_dags/example_sensor_decorator.py took 0.110 seconds
[2026-07-24T17:39:33.697+0000] {processor.py:161} INFO - Started process (PID=4685) to work on /home/airflow/.local/lib/python3.12/site-packages/airflow/example_dags/example_sensor_decorator.py
[2026-07-24T17:39:33.700+0000] {processor.py:830} INFO - Processing file /home/airflow/.local/lib/python3.12/site-packages/airflow/example_dags/example_sensor_decorator.py for tasks to queue
[2026-07-24T17:39:33.706+0000] {logging_mixin.py:188} INFO - [2026-07-24T17:39:33.705+0000] {dagbag.py:545} INFO - Filling up the DagBag from /home/airflow/.local/lib/python3.12/site-packages/airflow/example_dags/example_sensor_decorator.py
[2026-07-24T17:39:33.724+0000] {processor.py:840} INFO - DAG(s) 'example_sensor_decorator' retrieved from /home/airflow/.local/lib/python3.12/site-packages/airflow/example_dags/example_sensor_decorator.py
[2026-07-24T17:39:33.767+0000] {logging_mixin.py:188} INFO - [2026-07-24T17:39:33.767+0000] {dag.py:3089} INFO - Sync 1 DAGs
[2026-07-24T17:39:33.799+0000] {logging_mixin.py:188} INFO - [2026-07-24T17:39:33.798+0000] {dag.py:3947} INFO - Setting next_dagrun for example_sensor_decorator to None, run_after=None
[2026-07-24T17:39:33.841+0000] {processor.py:183} INFO - Processing /home/airflow/.local/lib/python3.12/site-packages/airflow/example_dags/example_sensor_decorator.py took 0.157 seconds
[2026-07-24T17:40:05.480+0000] {processor.py:161} INFO - Started process (PID=4759) to work on /home/airflow/.local/lib/python3.12/site-packages/airflow/example_dags/example_sensor_decorator.py
[2026-07-24T17:40:05.483+0000] {processor.py:830} INFO - Processing file /home/airflow/.local/lib/python3.12/site-packages/airflow/example_dags/example_sensor_decorator.py for tasks to queue
[2026-07-24T17:40:05.490+0000] {logging_mixin.py:188} INFO - [2026-07-24T17:40:05.489+0000] {dagbag.py:545} INFO - Filling up the DagBag from /home/airflow/.local/lib/python3.12/site-packages/airflow/example_dags/example_sensor_decorator.py
[2026-07-24T17:40:05.510+0000] {processor.py:840} INFO - DAG(s) 'example_sensor_decorator' retrieved from /home/airflow/.local/lib/python3.12/site-packages/airflow/example_dags/example_sensor_decorator.py
[2026-07-24T17:40:05.559+0000] {logging_mixin.py:188} INFO - [2026-07-24T17:40:05.558+0000] {dag.py:3089} INFO - Sync 1 DAGs
[2026-07-24T17:40:05.589+0000] {logging_mixin.py:188} INFO - [2026-07-24T17:40:05.589+0000] {dag.py:3947} INFO - Setting next_dagrun for example_sensor_decorator to None, run_after=None
[2026-07-24T17:40:05.633+0000] {processor.py:183} INFO - Processing /home/airflow/.local/lib/python3.12/site-packages/airflow/example_dags/example_sensor_decorator.py took 0.166 seconds
[2026-07-24T17:40:35.887+0000] {processor.py:161} INFO - Started process (PID=4833) to work on /home/airflow/.local/lib/python3.12/site-packages/airflow/example_dags/example_sensor_decorator.py
[2026-07-24T17:40:35.890+0000] {processor.py:830} INFO - Processing file /home/airflow/.local/lib/python3.12/site-packages/airflow/example_dags/example_sensor_decorator.py for tasks to queue
[2026-07-24T17:40:35.895+0000] {logging_mixin.py:188} INFO - [2026-07-24T17:40:35.894+0000] {dagbag.py:545} INFO - Filling up the DagBag from /home/airflow/.local/lib/python3.12/site-packages/airflow/example_dags/example_sensor_decorator.py
[2026-07-24T17:40:35.908+0000] {processor.py:840} INFO - DAG(s) 'example_sensor_decorator' retrieved from /home/airflow/.local/lib/python3.12/site-packages/airflow/example_dags/example_sensor_decorator.py
[2026-07-24T17:40:35.948+0000] {logging_mixin.py:188} INFO - [2026-07-24T17:40:35.947+0000] {dag.py:3089} INFO - Sync 1 DAGs
[2026-07-24T17:40:35.975+0000] {logging_mixin.py:188} INFO - [2026-07-24T17:40:35.974+0000] {dag.py:3947} INFO - Setting next_dagrun for example_sensor_decorator to None, run_after=None
[2026-07-24T17:40:36.015+0000] {processor.py:183} INFO - Processing /home/airflow/.local/lib/python3.12/site-packages/airflow/example_dags/example_sensor_decorator.py took 0.138 seconds
[2026-07-24T17:41:07.844+0000] {processor.py:161} INFO - Started process (PID=4905) to work on /home/airflow/.local/lib/python3.12/site-packages/airflow/example_dags/example_sensor_decorator.py
[2026-07-24T17:41:07.846+0000] {processor.py:830} INFO - Processing file /home/airflow/.local/lib/python3.12/site-packages/airflow/example_dags/example_sensor_decorator.py for tasks to queue
[2026-07-24T17:41:07.850+0000] {logging_mixin.py:188} INFO - [2026-07-24T17:41:07.850+0000] {dagbag.py:545} INFO - Filling up the DagBag from /home/airflow/.local/lib/python3.12/site-packages/airflow/example_dags/example_sensor_decorator.py
[2026-07-24T17:41:07.862+0000] {processor.py:840} INFO - DAG(s) 'example_sensor_decorator' retrieved from /home/airflow/.local/lib/python3.12/site-packages/airflow/example_dags/example_sensor_decorator.py
[2026-07-24T17:41:07.897+0000] {logging_mixin.py:188} INFO - [2026-07-24T17:41:07.897+0000] {dag.py:3089} INFO - Sync 1 DAGs
[2026-07-24T17:41:07.920+0000] {logging_mixin.py:188} INFO - [2026-07-24T17:41:07.920+0000] {dag.py:3947} INFO - Setting next_dagrun for example_sensor_decorator to None, run_after=None
[2026-07-24T17:41:07.957+0000] {processor.py:183} INFO - Processing /home/airflow/.local/lib/python3.12/site-packages/airflow/example_dags/example_sensor_decorator.py took 0.122 seconds
[2026-07-24T17:41:39.386+0000] {processor.py:161} INFO - Started process (PID=4978) to work on /home/airflow/.local/lib/python3.12/site-packages/airflow/example_dags/example_sensor_decorator.py
[2026-07-24T17:41:39.389+0000] {processor.py:830} INFO - Processing file /home/airflow/.local/lib/python3.12/site-packages/airflow/example_dags/example_sensor_decorator.py for tasks to queue
[2026-07-24T17:41:39.400+0000] {logging_mixin.py:188} INFO - [2026-07-24T17:41:39.399+0000] {dagbag.py:545} INFO - Filling up the DagBag from /home/airflow/.local/lib/python3.12/site-packages/airflow/example_dags/example_sensor_decorator.py
[2026-07-24T17:41:39.449+0000] {processor.py:840} INFO - DAG(s) 'example_sensor_decorator' retrieved from /home/airflow/.local/lib/python3.12/site-packages/airflow/example_dags/example_sensor_decorator.py
[2026-07-24T17:41:39.550+0000] {logging_mixin.py:188} INFO - [2026-07-24T17:41:39.549+0000] {dag.py:3089} INFO - Sync 1 DAGs
[2026-07-24T17:41:39.607+0000] {logging_mixin.py:188} INFO - [2026-07-24T17:41:39.606+0000] {dag.py:3947} INFO - Setting next_dagrun for example_sensor_decorator to None, run_after=None
[2026-07-24T17:41:39.691+0000] {processor.py:183} INFO - Processing /home/airflow/.local/lib/python3.12/site-packages/airflow/example_dags/example_sensor_decorator.py took 0.319 seconds
[2026-07-24T17:42:10.572+0000] {processor.py:161} INFO - Started process (PID=5051) to work on /home/airflow/.local/lib/python3.12/site-packages/airflow/example_dags/example_sensor_decorator.py
[2026-07-24T17:42:10.574+0000] {processor.py:830} INFO - Processing file /home/airflow/.local/lib/python3.12/site-packages/airflow/example_dags/example_sensor_decorator.py for tasks to queue
[2026-07-24T17:42:10.578+0000] {logging_mixin.py:188} INFO - [2026-07-24T17:42:10.578+0000] {dagbag.py:545} INFO - Filling up the DagBag from /home/airflow/.local/lib/python3.12/site-packages/airflow/example_dags/example_sensor_decorator.py
[2026-07-24T17:42:10.592+0000] {processor.py:840} INFO - DAG(s) 'example_sensor_decorator' retrieved from /home/airflow/.local/lib/python3.12/site-packages/airflow/example_dags/example_sensor_decorator.py
[2026-07-24T17:42:10.635+0000] {logging_mixin.py:188} INFO - [2026-07-24T17:42:10.634+0000] {dag.py:3089} INFO - Sync 1 DAGs
[2026-07-24T17:42:10.656+0000] {logging_mixin.py:188} INFO - [2026-07-24T17:42:10.656+0000] {dag.py:3947} INFO - Setting next_dagrun for example_sensor_decorator to None, run_after=None
[2026-07-24T17:42:10.706+0000] {processor.py:183} INFO - Processing /home/airflow/.local/lib/python3.12/site-packages/airflow/example_dags/example_sensor_decorator.py took 0.145 seconds
[2026-07-24T17:42:41.201+0000] {processor.py:161} INFO - Started process (PID=5125) to work on /home/airflow/.local/lib/python3.12/site-packages/airflow/example_dags/example_sensor_decorator.py
[2026-07-24T17:42:41.203+0000] {processor.py:830} INFO - Processing file /home/airflow/.local/lib/python3.12/site-packages/airflow/example_dags/example_sensor_decorator.py for tasks to queue
[2026-07-24T17:42:41.207+0000] {logging_mixin.py:188} INFO - [2026-07-24T17:42:41.206+0000] {dagbag.py:545} INFO - Filling up the DagBag from /home/airflow/.local/lib/python3.12/site-packages/airflow/example_dags/example_sensor_decorator.py
[2026-07-24T17:42:41.218+0000] {processor.py:840} INFO - DAG(s) 'example_sensor_decorator' retrieved from /home/airflow/.local/lib/python3.12/site-packages/airflow/example_dags/example_sensor_decorator.py
[2026-07-24T17:42:41.252+0000] {logging_mixin.py:188} INFO - [2026-07-24T17:42:41.251+0000] {dag.py:3089} INFO - Sync 1 DAGs
[2026-07-24T17:42:41.277+0000] {logging_mixin.py:188} INFO - [2026-07-24T17:42:41.277+0000] {dag.py:3947} INFO - Setting next_dagrun for example_sensor_decorator to None, run_after=None
[2026-07-24T17:42:41.313+0000] {processor.py:183} INFO - Processing /home/airflow/.local/lib/python3.12/site-packages/airflow/example_dags/example_sensor_decorator.py took 0.120 seconds
[2026-07-24T17:43:12.212+0000] {processor.py:161} INFO - Started process (PID=5198) to work on /home/airflow/.local/lib/python3.12/site-packages/airflow/example_dags/example_sensor_decorator.py
[2026-07-24T17:43:12.215+0000] {processor.py:830} INFO - Processing file /home/airflow/.local/lib/python3.12/site-packages/airflow/example_dags/example_sensor_decorator.py for tasks to queue
[2026-07-24T17:43:12.219+0000] {logging_mixin.py:188} INFO - [2026-07-24T17:43:12.218+0000] {dagbag.py:545} INFO - Filling up the DagBag from /home/airflow/.local/lib/python3.12/site-packages/airflow/example_dags/example_sensor_decorator.py
[2026-07-24T17:43:12.232+0000] {processor.py:840} INFO - DAG(s) 'example_sensor_decorator' retrieved from /home/airflow/.local/lib/python3.12/site-packages/airflow/example_dags/example_sensor_decorator.py
[2026-07-24T17:43:12.271+0000] {logging_mixin.py:188} INFO - [2026-07-24T17:43:12.271+0000] {dag.py:3089} INFO - Sync 1 DAGs
[2026-07-24T17:43:12.296+0000] {logging_mixin.py:188} INFO - [2026-07-24T17:43:12.295+0000] {dag.py:3947} INFO - Setting next_dagrun for example_sensor_decorator to None, run_after=None
[2026-07-24T17:43:12.334+0000] {processor.py:183} INFO - Processing /home/airflow/.local/lib/python3.12/site-packages/airflow/example_dags/example_sensor_decorator.py took 0.133 seconds
[2026-07-24T17:43:43.081+0000] {processor.py:161} INFO - Started process (PID=5271) to work on /home/airflow/.local/lib/python3.12/site-packages/airflow/example_dags/example_sensor_decorator.py
[2026-07-24T17:43:43.084+0000] {processor.py:830} INFO - Processing file /home/airflow/.local/lib/python3.12/site-packages/airflow/example_dags/example_sensor_decorator.py for tasks to queue
[2026-07-24T17:43:43.088+0000] {logging_mixin.py:188} INFO - [2026-07-24T17:43:43.087+0000] {dagbag.py:545} INFO - Filling up the DagBag from /home/airflow/.local/lib/python3.12/site-packages/airflow/example_dags/example_sensor_decorator.py
[2026-07-24T17:43:43.101+0000] {processor.py:840} INFO - DAG(s) 'example_sensor_decorator' retrieved from /home/airflow/.local/lib/python3.12/site-packages/airflow/example_dags/example_sensor_decorator.py
[2026-07-24T17:43:43.135+0000] {logging_mixin.py:188} INFO - [2026-07-24T17:43:43.135+0000] {dag.py:3089} INFO - Sync 1 DAGs
[2026-07-24T17:43:43.155+0000] {logging_mixin.py:188} INFO - [2026-07-24T17:43:43.155+0000] {dag.py:3947} INFO - Setting next_dagrun for example_sensor_decorator to None, run_after=None
[2026-07-24T17:43:43.189+0000] {processor.py:183} INFO - Processing /home/airflow/.local/lib/python3.12/site-packages/airflow/example_dags/example_sensor_decorator.py took 0.119 seconds
[2026-07-24T17:44:13.359+0000] {processor.py:161} INFO - Started process (PID=5344) to work on /home/airflow/.local/lib/python3.12/site-packages/airflow/example_dags/example_sensor_decorator.py
[2026-07-24T17:44:13.361+0000] {processor.py:830} INFO - Processing file /home/airflow/.local/lib/python3.12/site-packages/airflow/example_dags/example_sensor_decorator.py for tasks to queue
[2026-07-24T17:44:13.365+0000] {logging_mixin.py:188} INFO - [2026-07-24T17:44:13.365+0000] {dagbag.py:545} INFO - Filling up the DagBag from /home/airflow/.local/lib/python3.12/site-packages/airflow/example_dags/example_sensor_decorator.py
[2026-07-24T17:44:13.375+0000] {processor.py:840} INFO - DAG(s) 'example_sensor_decorator' retrieved from /home/airflow/.local/lib/python3.12/site-packages/airflow/example_dags/example_sensor_decorator.py
[2026-07-24T17:44:13.410+0000] {logging_mixin.py:188} INFO - [2026-07-24T17:44:13.410+0000] {dag.py:3089} INFO - Sync 1 DAGs
[2026-07-24T17:44:13.430+0000] {logging_mixin.py:188} INFO - [2026-07-24T17:44:13.429+0000] {dag.py:3947} INFO - Setting next_dagrun for example_sensor_decorator to None, run_after=None
[2026-07-24T17:44:13.469+0000] {processor.py:183} INFO - Processing /home/airflow/.local/lib/python3.12/site-packages/airflow/example_dags/example_sensor_decorator.py took 0.118 seconds
[2026-07-24T17:44:44.441+0000] {processor.py:161} INFO - Started process (PID=5417) to work on /home/airflow/.local/lib/python3.12/site-packages/airflow/example_dags/example_sensor_decorator.py
[2026-07-24T17:44:44.444+0000] {processor.py:830} INFO - Processing file /home/airflow/.local/lib/python3.12/site-packages/airflow/example_dags/example_sensor_decorator.py for tasks to queue
[2026-07-24T17:44:44.449+0000] {logging_mixin.py:188} INFO - [2026-07-24T17:44:44.448+0000] {dagbag.py:545} INFO - Filling up the DagBag from /home/airflow/.local/lib/python3.12/site-packages/airflow/example_dags/example_sensor_decorator.py
[2026-07-24T17:44:44.458+0000] {processor.py:840} INFO - DAG(s) 'example_sensor_decorator' retrieved from /home/airflow/.local/lib/python3.12/site-packages/airflow/example_dags/example_sensor_decorator.py
[2026-07-24T17:44:44.489+0000] {logging_mixin.py:188} INFO - [2026-07-24T17:44:44.489+0000] {dag.py:3089} INFO - Sync 1 DAGs
[2026-07-24T17:44:44.519+0000] {logging_mixin.py:188} INFO - [2026-07-24T17:44:44.518+0000] {dag.py:3947} INFO - Setting next_dagrun for example_sensor_decorator to None, run_after=None
[2026-07-24T17:44:44.579+0000] {processor.py:183} INFO - Processing /home/airflow/.local/lib/python3.12/site-packages/airflow/example_dags/example_sensor_decorator.py took 0.145 seconds
[2026-07-24T17:45:16.304+0000] {processor.py:161} INFO - Started process (PID=5491) to work on /home/airflow/.local/lib/python3.12/site-packages/airflow/example_dags/example_sensor_decorator.py
[2026-07-24T17:45:16.308+0000] {processor.py:830} INFO - Processing file /home/airflow/.local/lib/python3.12/site-packages/airflow/example_dags/example_sensor_decorator.py for tasks to queue
[2026-07-24T17:45:16.318+0000] {logging_mixin.py:188} INFO - [2026-07-24T17:45:16.317+0000] {dagbag.py:545} INFO - Filling up the DagBag from /home/airflow/.local/lib/python3.12/site-packages/airflow/example_dags/example_sensor_decorator.py
[2026-07-24T17:45:16.344+0000] {processor.py:840} INFO - DAG(s) 'example_sensor_decorator' retrieved from /home/airflow/.local/lib/python3.12/site-packages/airflow/example_dags/example_sensor_decorator.py
[2026-07-24T17:45:16.437+0000] {logging_mixin.py:188} INFO - [2026-07-24T17:45:16.436+0000] {dag.py:3089} INFO - Sync 1 DAGs
[2026-07-24T17:45:16.495+0000] {logging_mixin.py:188} INFO - [2026-07-24T17:45:16.494+0000] {dag.py:3947} INFO - Setting next_dagrun for example_sensor_decorator to None, run_after=None
[2026-07-24T17:45:16.571+0000] {processor.py:183} INFO - Processing /home/airflow/.local/lib/python3.12/site-packages/airflow/example_dags/example_sensor_decorator.py took 0.284 seconds
[2026-07-24T17:45:46.710+0000] {processor.py:161} INFO - Started process (PID=5562) to work on /home/airflow/.local/lib/python3.12/site-packages/airflow/example_dags/example_sensor_decorator.py
[2026-07-24T17:45:46.712+0000] {processor.py:830} INFO - Processing file /home/airflow/.local/lib/python3.12/site-packages/airflow/example_dags/example_sensor_decorator.py for tasks to queue
[2026-07-24T17:45:46.718+0000] {logging_mixin.py:188} INFO - [2026-07-24T17:45:46.717+0000] {dagbag.py:545} INFO - Filling up the DagBag from /home/airflow/.local/lib/python3.12/site-packages/airflow/example_dags/example_sensor_decorator.py
[2026-07-24T17:45:46.734+0000] {processor.py:840} INFO - DAG(s) 'example_sensor_decorator' retrieved from /home/airflow/.local/lib/python3.12/site-packages/airflow/example_dags/example_sensor_decorator.py
[2026-07-24T17:45:46.782+0000] {logging_mixin.py:188} INFO - [2026-07-24T17:45:46.781+0000] {dag.py:3089} INFO - Sync 1 DAGs
[2026-07-24T17:45:46.814+0000] {logging_mixin.py:188} INFO - [2026-07-24T17:45:46.814+0000] {dag.py:3947} INFO - Setting next_dagrun for example_sensor_decorator to None, run_after=None
[2026-07-24T17:45:46.858+0000] {processor.py:183} INFO - Processing /home/airflow/.local/lib/python3.12/site-packages/airflow/example_dags/example_sensor_decorator.py took 0.160 seconds
[2026-07-24T17:46:17.129+0000] {processor.py:161} INFO - Started process (PID=5634) to work on /home/airflow/.local/lib/python3.12/site-packages/airflow/example_dags/example_sensor_decorator.py
[2026-07-24T17:46:17.137+0000] {processor.py:830} INFO - Processing file /home/airflow/.local/lib/python3.12/site-packages/airflow/example_dags/example_sensor_decorator.py for tasks to queue
[2026-07-24T17:46:17.149+0000] {logging_mixin.py:188} INFO - [2026-07-24T17:46:17.148+0000] {dagbag.py:545} INFO - Filling up the DagBag from /home/airflow/.local/lib/python3.12/site-packages/airflow/example_dags/example_sensor_decorator.py
[2026-07-24T17:46:17.173+0000] {processor.py:840} INFO - DAG(s) 'example_sensor_decorator' retrieved from /home/airflow/.local/lib/python3.12/site-packages/airflow/example_dags/example_sensor_decorator.py
[2026-07-24T17:46:17.245+0000] {logging_mixin.py:188} INFO - [2026-07-24T17:46:17.244+0000] {dag.py:3089} INFO - Sync 1 DAGs
[2026-07-24T17:46:17.294+0000] {logging_mixin.py:188} INFO - [2026-07-24T17:46:17.293+0000] {dag.py:3947} INFO - Setting next_dagrun for example_sensor_decorator to None, run_after=None
[2026-07-24T17:46:17.389+0000] {processor.py:183} INFO - Processing /home/airflow/.local/lib/python3.12/site-packages/airflow/example_dags/example_sensor_decorator.py took 0.283 seconds
[2026-07-24T17:46:47.945+0000] {processor.py:161} INFO - Started process (PID=5707) to work on /home/airflow/.local/lib/python3.12/site-packages/airflow/example_dags/example_sensor_decorator.py
[2026-07-24T17:46:47.947+0000] {processor.py:830} INFO - Processing file /home/airflow/.local/lib/python3.12/site-packages/airflow/example_dags/example_sensor_decorator.py for tasks to queue
[2026-07-24T17:46:47.951+0000] {logging_mixin.py:188} INFO - [2026-07-24T17:46:47.951+0000] {dagbag.py:545} INFO - Filling up the DagBag from /home/airflow/.local/lib/python3.12/site-packages/airflow/example_dags/example_sensor_decorator.py
[2026-07-24T17:46:47.965+0000] {processor.py:840} INFO - DAG(s) 'example_sensor_decorator' retrieved from /home/airflow/.local/lib/python3.12/site-packages/airflow/example_dags/example_sensor_decorator.py
[2026-07-24T17:46:48.004+0000] {logging_mixin.py:188} INFO - [2026-07-24T17:46:48.003+0000] {dag.py:3089} INFO - Sync 1 DAGs
[2026-07-24T17:46:48.025+0000] {logging_mixin.py:188} INFO - [2026-07-24T17:46:48.025+0000] {dag.py:3947} INFO - Setting next_dagrun for example_sensor_decorator to None, run_after=None
[2026-07-24T17:46:48.100+0000] {processor.py:183} INFO - Processing /home/airflow/.local/lib/python3.12/site-packages/airflow/example_dags/example_sensor_decorator.py took 0.164 seconds
[2026-07-24T17:47:18.370+0000] {processor.py:161} INFO - Started process (PID=5780) to work on /home/airflow/.local/lib/python3.12/site-packages/airflow/example_dags/example_sensor_decorator.py
[2026-07-24T17:47:18.375+0000] {processor.py:830} INFO - Processing file /home/airflow/.local/lib/python3.12/site-packages/airflow/example_dags/example_sensor_decorator.py for tasks to queue
[2026-07-24T17:47:18.389+0000] {logging_mixin.py:188} INFO - [2026-07-24T17:47:18.388+0000] {dagbag.py:545} INFO - Filling up the DagBag from /home/airflow/.local/lib/python3.12/site-packages/airflow/example_dags/example_sensor_decorator.py
[2026-07-24T17:47:18.420+0000] {processor.py:840} INFO - DAG(s) 'example_sensor_decorator' retrieved from /home/airflow/.local/lib/python3.12/site-packages/airflow/example_dags/example_sensor_decorator.py
[2026-07-24T17:47:18.515+0000] {logging_mixin.py:188} INFO - [2026-07-24T17:47:18.514+0000] {dag.py:3089} INFO - Sync 1 DAGs
[2026-07-24T17:47:18.576+0000] {logging_mixin.py:188} INFO - [2026-07-24T17:47:18.575+0000] {dag.py:3947} INFO - Setting next_dagrun for example_sensor_decorator to None, run_after=None
[2026-07-24T17:47:18.695+0000] {processor.py:183} INFO - Processing /home/airflow/.local/lib/python3.12/site-packages/airflow/example_dags/example_sensor_decorator.py took 0.351 seconds
[2026-07-24T17:47:49.364+0000] {processor.py:161} INFO - Started process (PID=5848) to work on /home/airflow/.local/lib/python3.12/site-packages/airflow/example_dags/example_sensor_decorator.py
[2026-07-24T17:47:49.367+0000] {processor.py:830} INFO - Processing file /home/airflow/.local/lib/python3.12/site-packages/airflow/example_dags/example_sensor_decorator.py for tasks to queue
[2026-07-24T17:47:49.374+0000] {logging_mixin.py:188} INFO - [2026-07-24T17:47:49.373+0000] {dagbag.py:545} INFO - Filling up the DagBag from /home/airflow/.local/lib/python3.12/site-packages/airflow/example_dags/example_sensor_decorator.py
[2026-07-24T17:47:49.388+0000] {processor.py:840} INFO - DAG(s) 'example_sensor_decorator' retrieved from /home/airflow/.local/lib/python3.12/site-packages/airflow/example_dags/example_sensor_decorator.py
[2026-07-24T17:47:49.436+0000] {logging_mixin.py:188} INFO - [2026-07-24T17:47:49.435+0000] {dag.py:3089} INFO - Sync 1 DAGs
[2026-07-24T17:47:49.468+0000] {logging_mixin.py:188} INFO - [2026-07-24T17:47:49.467+0000] {dag.py:3947} INFO - Setting next_dagrun for example_sensor_decorator to None, run_after=None
[2026-07-24T17:47:49.524+0000] {processor.py:183} INFO - Processing /home/airflow/.local/lib/python3.12/site-packages/airflow/example_dags/example_sensor_decorator.py took 0.171 seconds
[2026-07-24T17:48:20.108+0000] {processor.py:161} INFO - Started process (PID=5921) to work on /home/airflow/.local/lib/python3.12/site-packages/airflow/example_dags/example_sensor_decorator.py
[2026-07-24T17:48:20.114+0000] {processor.py:830} INFO - Processing file /home/airflow/.local/lib/python3.12/site-packages/airflow/example_dags/example_sensor_decorator.py for tasks to queue
[2026-07-24T17:48:20.121+0000] {logging_mixin.py:188} INFO - [2026-07-24T17:48:20.120+0000] {dagbag.py:545} INFO - Filling up the DagBag from /home/airflow/.local/lib/python3.12/site-packages/airflow/example_dags/example_sensor_decorator.py
[2026-07-24T17:48:20.142+0000] {processor.py:840} INFO - DAG(s) 'example_sensor_decorator' retrieved from /home/airflow/.local/lib/python3.12/site-packages/airflow/example_dags/example_sensor_decorator.py
[2026-07-24T17:48:20.205+0000] {logging_mixin.py:188} INFO - [2026-07-24T17:48:20.205+0000] {dag.py:3089} INFO - Sync 1 DAGs
[2026-07-24T17:48:20.245+0000] {logging_mixin.py:188} INFO - [2026-07-24T17:48:20.244+0000] {dag.py:3947} INFO - Setting next_dagrun for example_sensor_decorator to None, run_after=None
[2026-07-24T17:48:20.305+0000] {processor.py:183} INFO - Processing /home/airflow/.local/lib/python3.12/site-packages/airflow/example_dags/example_sensor_decorator.py took 0.222 seconds
[2026-07-24T17:48:50.924+0000] {processor.py:161} INFO - Started process (PID=5994) to work on /home/airflow/.local/lib/python3.12/site-packages/airflow/example_dags/example_sensor_decorator.py
[2026-07-24T17:48:50.926+0000] {processor.py:830} INFO - Processing file /home/airflow/.local/lib/python3.12/site-packages/airflow/example_dags/example_sensor_decorator.py for tasks to queue
[2026-07-24T17:48:50.931+0000] {logging_mixin.py:188} INFO - [2026-07-24T17:48:50.930+0000] {dagbag.py:545} INFO - Filling up the DagBag from /home/airflow/.local/lib/python3.12/site-packages/airflow/example_dags/example_sensor_decorator.py
[2026-07-24T17:48:50.942+0000] {processor.py:840} INFO - DAG(s) 'example_sensor_decorator' retrieved from /home/airflow/.local/lib/python3.12/site-packages/airflow/example_dags/example_sensor_decorator.py
[2026-07-24T17:48:50.974+0000] {logging_mixin.py:188} INFO - [2026-07-24T17:48:50.973+0000] {dag.py:3089} INFO - Sync 1 DAGs
[2026-07-24T17:48:50.993+0000] {logging_mixin.py:188} INFO - [2026-07-24T17:48:50.993+0000] {dag.py:3947} INFO - Setting next_dagrun for example_sensor_decorator to None, run_after=None
[2026-07-24T17:48:51.024+0000] {processor.py:183} INFO - Processing /home/airflow/.local/lib/python3.12/site-packages/airflow/example_dags/example_sensor_decorator.py took 0.109 seconds
[2026-07-24T17:49:21.475+0000] {processor.py:161} INFO - Started process (PID=6067) to work on /home/airflow/.local/lib/python3.12/site-packages/airflow/example_dags/example_sensor_decorator.py
[2026-07-24T17:49:21.477+0000] {processor.py:830} INFO - Processing file /home/airflow/.local/lib/python3.12/site-packages/airflow/example_dags/example_sensor_decorator.py for tasks to queue
[2026-07-24T17:49:21.483+0000] {logging_mixin.py:188} INFO - [2026-07-24T17:49:21.482+0000] {dagbag.py:545} INFO - Filling up the DagBag from /home/airflow/.local/lib/python3.12/site-packages/airflow/example_dags/example_sensor_decorator.py
[2026-07-24T17:49:21.506+0000] {processor.py:840} INFO - DAG(s) 'example_sensor_decorator' retrieved from /home/airflow/.local/lib/python3.12/site-packages/airflow/example_dags/example_sensor_decorator.py
[2026-07-24T17:49:21.561+0000] {logging_mixin.py:188} INFO - [2026-07-24T17:49:21.561+0000] {dag.py:3089} INFO - Sync 1 DAGs
[2026-07-24T17:49:21.605+0000] {logging_mixin.py:188} INFO - [2026-07-24T17:49:21.605+0000] {dag.py:3947} INFO - Setting next_dagrun for example_sensor_decorator to None, run_after=None
[2026-07-24T17:49:21.671+0000] {processor.py:183} INFO - Processing /home/airflow/.local/lib/python3.12/site-packages/airflow/example_dags/example_sensor_decorator.py took 0.207 seconds
[2026-07-24T17:49:51.904+0000] {processor.py:161} INFO - Started process (PID=6140) to work on /home/airflow/.local/lib/python3.12/site-packages/airflow/example_dags/example_sensor_decorator.py
[2026-07-24T17:49:51.907+0000] {processor.py:830} INFO - Processing file /home/airflow/.local/lib/python3.12/site-packages/airflow/example_dags/example_sensor_decorator.py for tasks to queue
[2026-07-24T17:49:51.914+0000] {logging_mixin.py:188} INFO - [2026-07-24T17:49:51.913+0000] {dagbag.py:545} INFO - Filling up the DagBag from /home/airflow/.local/lib/python3.12/site-packages/airflow/example_dags/example_sensor_decorator.py
[2026-07-24T17:49:51.933+0000] {processor.py:840} INFO - DAG(s) 'example_sensor_decorator' retrieved from /home/airflow/.local/lib/python3.12/site-packages/airflow/example_dags/example_sensor_decorator.py
[2026-07-24T17:49:51.975+0000] {logging_mixin.py:188} INFO - [2026-07-24T17:49:51.974+0000] {dag.py:3089} INFO - Sync 1 DAGs
[2026-07-24T17:49:51.999+0000] {logging_mixin.py:188} INFO - [2026-07-24T17:49:51.998+0000] {dag.py:3947} INFO - Setting next_dagrun for example_sensor_decorator to None, run_after=None
[2026-07-24T17:49:52.044+0000] {processor.py:183} INFO - Processing /home/airflow/.local/lib/python3.12/site-packages/airflow/example_dags/example_sensor_decorator.py took 0.158 seconds
[2026-07-24T17:50:22.144+0000] {processor.py:161} INFO - Started process (PID=6215) to work on /home/airflow/.local/lib/python3.12/site-packages/airflow/example_dags/example_sensor_decorator.py
[2026-07-24T17:50:22.145+0000] {processor.py:830} INFO - Processing file /home/airflow/.local/lib/python3.12/site-packages/airflow/example_dags/example_sensor_decorator.py for tasks to queue
[2026-07-24T17:50:22.149+0000] {logging_mixin.py:188} INFO - [2026-07-24T17:50:22.149+0000] {dagbag.py:545} INFO - Filling up the DagBag from /home/airflow/.local/lib/python3.12/site-packages/airflow/example_dags/example_sensor_decorator.py
[2026-07-24T17:50:22.159+0000] {processor.py:840} INFO - DAG(s) 'example_sensor_decorator' retrieved from /home/airflow/.local/lib/python3.12/site-packages/airflow/example_dags/example_sensor_decorator.py
[2026-07-24T17:50:22.191+0000] {logging_mixin.py:188} INFO - [2026-07-24T17:50:22.190+0000] {dag.py:3089} INFO - Sync 1 DAGs
[2026-07-24T17:50:22.210+0000] {logging_mixin.py:188} INFO - [2026-07-24T17:50:22.210+0000] {dag.py:3947} INFO - Setting next_dagrun for example_sensor_decorator to None, run_after=None
[2026-07-24T17:50:22.240+0000] {processor.py:183} INFO - Processing /home/airflow/.local/lib/python3.12/site-packages/airflow/example_dags/example_sensor_decorator.py took 0.105 seconds
[2026-07-24T17:50:52.746+0000] {processor.py:161} INFO - Started process (PID=6288) to work on /home/airflow/.local/lib/python3.12/site-packages/airflow/example_dags/example_sensor_decorator.py
[2026-07-24T17:50:52.749+0000] {processor.py:830} INFO - Processing file /home/airflow/.local/lib/python3.12/site-packages/airflow/example_dags/example_sensor_decorator.py for tasks to queue
[2026-07-24T17:50:52.754+0000] {logging_mixin.py:188} INFO - [2026-07-24T17:50:52.754+0000] {dagbag.py:545} INFO - Filling up the DagBag from /home/airflow/.local/lib/python3.12/site-packages/airflow/example_dags/example_sensor_decorator.py
[2026-07-24T17:50:52.767+0000] {processor.py:840} INFO - DAG(s) 'example_sensor_decorator' retrieved from /home/airflow/.local/lib/python3.12/site-packages/airflow/example_dags/example_sensor_decorator.py
[2026-07-24T17:50:52.804+0000] {logging_mixin.py:188} INFO - [2026-07-24T17:50:52.804+0000] {dag.py:3089} INFO - Sync 1 DAGs
[2026-07-24T17:50:52.829+0000] {logging_mixin.py:188} INFO - [2026-07-24T17:50:52.829+0000] {dag.py:3947} INFO - Setting next_dagrun for example_sensor_decorator to None, run_after=None
[2026-07-24T17:50:52.880+0000] {processor.py:183} INFO - Processing /home/airflow/.local/lib/python3.12/site-packages/airflow/example_dags/example_sensor_decorator.py took 0.142 seconds
[2026-07-24T17:51:23.239+0000] {processor.py:161} INFO - Started process (PID=6362) to work on /home/airflow/.local/lib/python3.12/site-packages/airflow/example_dags/example_sensor_decorator.py
[2026-07-24T17:51:23.242+0000] {processor.py:830} INFO - Processing file /home/airflow/.local/lib/python3.12/site-packages/airflow/example_dags/example_sensor_decorator.py for tasks to queue
[2026-07-24T17:51:23.245+0000] {logging_mixin.py:188} INFO - [2026-07-24T17:51:23.245+0000] {dagbag.py:545} INFO - Filling up the DagBag from /home/airflow/.local/lib/python3.12/site-packages/airflow/example_dags/example_sensor_decorator.py
[2026-07-24T17:51:23.255+0000] {processor.py:840} INFO - DAG(s) 'example_sensor_decorator' retrieved from /home/airflow/.local/lib/python3.12/site-packages/airflow/example_dags/example_sensor_decorator.py
[2026-07-24T17:51:23.283+0000] {logging_mixin.py:188} INFO - [2026-07-24T17:51:23.283+0000] {dag.py:3089} INFO - Sync 1 DAGs
[2026-07-24T17:51:23.300+0000] {logging_mixin.py:188} INFO - [2026-07-24T17:51:23.300+0000] {dag.py:3947} INFO - Setting next_dagrun for example_sensor_decorator to None, run_after=None
[2026-07-24T17:51:23.330+0000] {processor.py:183} INFO - Processing /home/airflow/.local/lib/python3.12/site-packages/airflow/example_dags/example_sensor_decorator.py took 0.097 seconds
[2026-07-24T17:51:54.137+0000] {processor.py:161} INFO - Started process (PID=6435) to work on /home/airflow/.local/lib/python3.12/site-packages/airflow/example_dags/example_sensor_decorator.py
[2026-07-24T17:51:54.139+0000] {processor.py:830} INFO - Processing file /home/airflow/.local/lib/python3.12/site-packages/airflow/example_dags/example_sensor_decorator.py for tasks to queue
[2026-07-24T17:51:54.142+0000] {logging_mixin.py:188} INFO - [2026-07-24T17:51:54.142+0000] {dagbag.py:545} INFO - Filling up the DagBag from /home/airflow/.local/lib/python3.12/site-packages/airflow/example_dags/example_sensor_decorator.py
[2026-07-24T17:51:54.152+0000] {processor.py:840} INFO - DAG(s) 'example_sensor_decorator' retrieved from /home/airflow/.local/lib/python3.12/site-packages/airflow/example_dags/example_sensor_decorator.py
[2026-07-24T17:51:54.181+0000] {logging_mixin.py:188} INFO - [2026-07-24T17:51:54.181+0000] {dag.py:3089} INFO - Sync 1 DAGs
[2026-07-24T17:51:54.199+0000] {logging_mixin.py:188} INFO - [2026-07-24T17:51:54.198+0000] {dag.py:3947} INFO - Setting next_dagrun for example_sensor_decorator to None, run_after=None
[2026-07-24T17:51:54.227+0000] {processor.py:183} INFO - Processing /home/airflow/.local/lib/python3.12/site-packages/airflow/example_dags/example_sensor_decorator.py took 0.098 seconds
[2026-07-24T17:52:25.034+0000] {processor.py:161} INFO - Started process (PID=6509) to work on /home/airflow/.local/lib/python3.12/site-packages/airflow/example_dags/example_sensor_decorator.py
[2026-07-24T17:52:25.036+0000] {processor.py:830} INFO - Processing file /home/airflow/.local/lib/python3.12/site-packages/airflow/example_dags/example_sensor_decorator.py for tasks to queue
[2026-07-24T17:52:25.040+0000] {logging_mixin.py:188} INFO - [2026-07-24T17:52:25.039+0000] {dagbag.py:545} INFO - Filling up the DagBag from /home/airflow/.local/lib/python3.12/site-packages/airflow/example_dags/example_sensor_decorator.py
[2026-07-24T17:52:25.049+0000] {processor.py:840} INFO - DAG(s) 'example_sensor_decorator' retrieved from /home/airflow/.local/lib/python3.12/site-packages/airflow/example_dags/example_sensor_decorator.py
[2026-07-24T17:52:25.078+0000] {logging_mixin.py:188} INFO - [2026-07-24T17:52:25.077+0000] {dag.py:3089} INFO - Sync 1 DAGs
[2026-07-24T17:52:25.096+0000] {logging_mixin.py:188} INFO - [2026-07-24T17:52:25.095+0000] {dag.py:3947} INFO - Setting next_dagrun for example_sensor_decorator to None, run_after=None
[2026-07-24T17:52:25.124+0000] {processor.py:183} INFO - Processing /home/airflow/.local/lib/python3.12/site-packages/airflow/example_dags/example_sensor_decorator.py took 0.097 seconds
[2026-07-24T17:52:55.533+0000] {processor.py:161} INFO - Started process (PID=6582) to work on /home/airflow/.local/lib/python3.12/site-packages/airflow/example_dags/example_sensor_decorator.py
[2026-07-24T17:52:55.536+0000] {processor.py:830} INFO - Processing file /home/airflow/.local/lib/python3.12/site-packages/airflow/example_dags/example_sensor_decorator.py for tasks to queue
[2026-07-24T17:52:55.541+0000] {logging_mixin.py:188} INFO - [2026-07-24T17:52:55.540+0000] {dagbag.py:545} INFO - Filling up the DagBag from /home/airflow/.local/lib/python3.12/site-packages/airflow/example_dags/example_sensor_decorator.py
[2026-07-24T17:52:55.554+0000] {processor.py:840} INFO - DAG(s) 'example_sensor_decorator' retrieved from /home/airflow/.local/lib/python3.12/site-packages/airflow/example_dags/example_sensor_decorator.py
[2026-07-24T17:52:55.608+0000] {logging_mixin.py:188} INFO - [2026-07-24T17:52:55.605+0000] {dag.py:3089} INFO - Sync 1 DAGs
[2026-07-24T17:52:55.636+0000] {logging_mixin.py:188} INFO - [2026-07-24T17:52:55.635+0000] {dag.py:3947} INFO - Setting next_dagrun for example_sensor_decorator to None, run_after=None
[2026-07-24T17:52:55.681+0000] {processor.py:183} INFO - Processing /home/airflow/.local/lib/python3.12/site-packages/airflow/example_dags/example_sensor_decorator.py took 0.158 seconds
[2026-07-24T17:53:26.088+0000] {processor.py:161} INFO - Started process (PID=6655) to work on /home/airflow/.local/lib/python3.12/site-packages/airflow/example_dags/example_sensor_decorator.py
[2026-07-24T17:53:26.091+0000] {processor.py:830} INFO - Processing file /home/airflow/.local/lib/python3.12/site-packages/airflow/example_dags/example_sensor_decorator.py for tasks to queue
[2026-07-24T17:53:26.097+0000] {logging_mixin.py:188} INFO - [2026-07-24T17:53:26.096+0000] {dagbag.py:545} INFO - Filling up the DagBag from /home/airflow/.local/lib/python3.12/site-packages/airflow/example_dags/example_sensor_decorator.py
[2026-07-24T17:53:26.113+0000] {processor.py:840} INFO - DAG(s) 'example_sensor_decorator' retrieved from /home/airflow/.local/lib/python3.12/site-packages/airflow/example_dags/example_sensor_decorator.py
[2026-07-24T17:53:26.160+0000] {logging_mixin.py:188} INFO - [2026-07-24T17:53:26.159+0000] {dag.py:3089} INFO - Sync 1 DAGs
[2026-07-24T17:53:26.191+0000] {logging_mixin.py:188} INFO - [2026-07-24T17:53:26.190+0000] {dag.py:3947} INFO - Setting next_dagrun for example_sensor_decorator to None, run_after=None
[2026-07-24T17:53:26.236+0000] {processor.py:183} INFO - Processing /home/airflow/.local/lib/python3.12/site-packages/airflow/example_dags/example_sensor_decorator.py took 0.162 seconds
[2026-07-24T17:53:56.624+0000] {processor.py:161} INFO - Started process (PID=6726) to work on /home/airflow/.local/lib/python3.12/site-packages/airflow/example_dags/example_sensor_decorator.py
[2026-07-24T17:53:56.627+0000] {processor.py:830} INFO - Processing file /home/airflow/.local/lib/python3.12/site-packages/airflow/example_dags/example_sensor_decorator.py for tasks to queue
[2026-07-24T17:53:56.632+0000] {logging_mixin.py:188} INFO - [2026-07-24T17:53:56.632+0000] {dagbag.py:545} INFO - Filling up the DagBag from /home/airflow/.local/lib/python3.12/site-packages/airflow/example_dags/example_sensor_decorator.py
[2026-07-24T17:53:56.646+0000] {processor.py:840} INFO - DAG(s) 'example_sensor_decorator' retrieved from /home/airflow/.local/lib/python3.12/site-packages/airflow/example_dags/example_sensor_decorator.py
[2026-07-24T17:53:56.693+0000] {logging_mixin.py:188} INFO - [2026-07-24T17:53:56.693+0000] {dag.py:3089} INFO - Sync 1 DAGs
[2026-07-24T17:53:56.720+0000] {logging_mixin.py:188} INFO - [2026-07-24T17:53:56.720+0000] {dag.py:3947} INFO - Setting next_dagrun for example_sensor_decorator to None, run_after=None
[2026-07-24T17:53:56.766+0000] {processor.py:183} INFO - Processing /home/airflow/.local/lib/python3.12/site-packages/airflow/example_dags/example_sensor_decorator.py took 0.151 seconds
[2026-07-24T17:54:27.530+0000] {processor.py:161} INFO - Started process (PID=6799) to work on /home/airflow/.local/lib/python3.12/site-packages/airflow/example_dags/example_sensor_decorator.py
[2026-07-24T17:54:27.533+0000] {processor.py:830} INFO - Processing file /home/airflow/.local/lib/python3.12/site-packages/airflow/example_dags/example_sensor_decorator.py for tasks to queue
[2026-07-24T17:54:27.540+0000] {logging_mixin.py:188} INFO - [2026-07-24T17:54:27.539+0000] {dagbag.py:545} INFO - Filling up the DagBag from /home/airflow/.local/lib/python3.12/site-packages/airflow/example_dags/example_sensor_decorator.py
[2026-07-24T17:54:27.559+0000] {processor.py:840} INFO - DAG(s) 'example_sensor_decorator' retrieved from /home/airflow/.local/lib/python3.12/site-packages/airflow/example_dags/example_sensor_decorator.py
[2026-07-24T17:54:27.606+0000] {logging_mixin.py:188} INFO - [2026-07-24T17:54:27.606+0000] {dag.py:3089} INFO - Sync 1 DAGs
[2026-07-24T17:54:27.636+0000] {logging_mixin.py:188} INFO - [2026-07-24T17:54:27.636+0000] {dag.py:3947} INFO - Setting next_dagrun for example_sensor_decorator to None, run_after=None
[2026-07-24T17:54:27.693+0000] {processor.py:183} INFO - Processing /home/airflow/.local/lib/python3.12/site-packages/airflow/example_dags/example_sensor_decorator.py took 0.177 seconds
[2026-07-24T17:54:58.039+0000] {processor.py:161} INFO - Started process (PID=6873) to work on /home/airflow/.local/lib/python3.12/site-packages/airflow/example_dags/example_sensor_decorator.py
[2026-07-24T17:54:58.042+0000] {processor.py:830} INFO - Processing file /home/airflow/.local/lib/python3.12/site-packages/airflow/example_dags/example_sensor_decorator.py for tasks to queue
[2026-07-24T17:54:58.047+0000] {logging_mixin.py:188} INFO - [2026-07-24T17:54:58.046+0000] {dagbag.py:545} INFO - Filling up the DagBag from /home/airflow/.local/lib/python3.12/site-packages/airflow/example_dags/example_sensor_decorator.py
[2026-07-24T17:54:58.062+0000] {processor.py:840} INFO - DAG(s) 'example_sensor_decorator' retrieved from /home/airflow/.local/lib/python3.12/site-packages/airflow/example_dags/example_sensor_decorator.py
[2026-07-24T17:54:58.109+0000] {logging_mixin.py:188} INFO - [2026-07-24T17:54:58.109+0000] {dag.py:3089} INFO - Sync 1 DAGs
[2026-07-24T17:54:58.133+0000] {logging_mixin.py:188} INFO - [2026-07-24T17:54:58.132+0000] {dag.py:3947} INFO - Setting next_dagrun for example_sensor_decorator to None, run_after=None
[2026-07-24T17:54:58.179+0000] {processor.py:183} INFO - Processing /home/airflow/.local/lib/python3.12/site-packages/airflow/example_dags/example_sensor_decorator.py took 0.151 seconds
[2026-07-24T17:55:28.396+0000] {processor.py:161} INFO - Started process (PID=6947) to work on /home/airflow/.local/lib/python3.12/site-packages/airflow/example_dags/example_sensor_decorator.py
[2026-07-24T17:55:28.398+0000] {processor.py:830} INFO - Processing file /home/airflow/.local/lib/python3.12/site-packages/airflow/example_dags/example_sensor_decorator.py for tasks to queue
[2026-07-24T17:55:28.403+0000] {logging_mixin.py:188} INFO - [2026-07-24T17:55:28.402+0000] {dagbag.py:545} INFO - Filling up the DagBag from /home/airflow/.local/lib/python3.12/site-packages/airflow/example_dags/example_sensor_decorator.py
[2026-07-24T17:55:28.416+0000] {processor.py:840} INFO - DAG(s) 'example_sensor_decorator' retrieved from /home/airflow/.local/lib/python3.12/site-packages/airflow/example_dags/example_sensor_decorator.py
[2026-07-24T17:55:28.453+0000] {logging_mixin.py:188} INFO - [2026-07-24T17:55:28.452+0000] {dag.py:3089} INFO - Sync 1 DAGs
[2026-07-24T17:55:28.483+0000] {logging_mixin.py:188} INFO - [2026-07-24T17:55:28.482+0000] {dag.py:3947} INFO - Setting next_dagrun for example_sensor_decorator to None, run_after=None
[2026-07-24T17:55:28.532+0000] {processor.py:183} INFO - Processing /home/airflow/.local/lib/python3.12/site-packages/airflow/example_dags/example_sensor_decorator.py took 0.147 seconds
[2026-07-24T17:55:59.382+0000] {processor.py:161} INFO - Started process (PID=7020) to work on /home/airflow/.local/lib/python3.12/site-packages/airflow/example_dags/example_sensor_decorator.py
[2026-07-24T17:55:59.385+0000] {processor.py:830} INFO - Processing file /home/airflow/.local/lib/python3.12/site-packages/airflow/example_dags/example_sensor_decorator.py for tasks to queue
[2026-07-24T17:55:59.395+0000] {logging_mixin.py:188} INFO - [2026-07-24T17:55:59.394+0000] {dagbag.py:545} INFO - Filling up the DagBag from /home/airflow/.local/lib/python3.12/site-packages/airflow/example_dags/example_sensor_decorator.py
[2026-07-24T17:55:59.431+0000] {processor.py:840} INFO - DAG(s) 'example_sensor_decorator' retrieved from /home/airflow/.local/lib/python3.12/site-packages/airflow/example_dags/example_sensor_decorator.py
[2026-07-24T17:55:59.505+0000] {logging_mixin.py:188} INFO - [2026-07-24T17:55:59.505+0000] {dag.py:3089} INFO - Sync 1 DAGs
[2026-07-24T17:55:59.547+0000] {logging_mixin.py:188} INFO - [2026-07-24T17:55:59.546+0000] {dag.py:3947} INFO - Setting next_dagrun for example_sensor_decorator to None, run_after=None
[2026-07-24T17:55:59.601+0000] {processor.py:183} INFO - Processing /home/airflow/.local/lib/python3.12/site-packages/airflow/example_dags/example_sensor_decorator.py took 0.238 seconds
[2026-07-24T17:56:31.361+0000] {processor.py:161} INFO - Started process (PID=7093) to work on /home/airflow/.local/lib/python3.12/site-packages/airflow/example_dags/example_sensor_decorator.py
[2026-07-24T17:56:31.365+0000] {processor.py:830} INFO - Processing file /home/airflow/.local/lib/python3.12/site-packages/airflow/example_dags/example_sensor_decorator.py for tasks to queue
[2026-07-24T17:56:31.370+0000] {logging_mixin.py:188} INFO - [2026-07-24T17:56:31.369+0000] {dagbag.py:545} INFO - Filling up the DagBag from /home/airflow/.local/lib/python3.12/site-packages/airflow/example_dags/example_sensor_decorator.py
[2026-07-24T17:56:31.385+0000] {processor.py:840} INFO - DAG(s) 'example_sensor_decorator' retrieved from /home/airflow/.local/lib/python3.12/site-packages/airflow/example_dags/example_sensor_decorator.py
[2026-07-24T17:56:31.433+0000] {logging_mixin.py:188} INFO - [2026-07-24T17:56:31.433+0000] {dag.py:3089} INFO - Sync 1 DAGs
[2026-07-24T17:56:31.460+0000] {logging_mixin.py:188} INFO - [2026-07-24T17:56:31.459+0000] {dag.py:3947} INFO - Setting next_dagrun for example_sensor_decorator to None, run_after=None
[2026-07-24T17:56:31.506+0000] {processor.py:183} INFO - Processing /home/airflow/.local/lib/python3.12/site-packages/airflow/example_dags/example_sensor_decorator.py took 0.154 seconds
[2026-07-24T17:57:02.543+0000] {processor.py:161} INFO - Started process (PID=7167) to work on /home/airflow/.local/lib/python3.12/site-packages/airflow/example_dags/example_sensor_decorator.py
[2026-07-24T17:57:02.548+0000] {processor.py:830} INFO - Processing file /home/airflow/.local/lib/python3.12/site-packages/airflow/example_dags/example_sensor_decorator.py for tasks to queue
[2026-07-24T17:57:02.555+0000] {logging_mixin.py:188} INFO - [2026-07-24T17:57:02.555+0000] {dagbag.py:545} INFO - Filling up the DagBag from /home/airflow/.local/lib/python3.12/site-packages/airflow/example_dags/example_sensor_decorator.py
[2026-07-24T17:57:02.566+0000] {processor.py:840} INFO - DAG(s) 'example_sensor_decorator' retrieved from /home/airflow/.local/lib/python3.12/site-packages/airflow/example_dags/example_sensor_decorator.py
[2026-07-24T17:57:02.606+0000] {logging_mixin.py:188} INFO - [2026-07-24T17:57:02.605+0000] {dag.py:3089} INFO - Sync 1 DAGs
[2026-07-24T17:57:02.629+0000] {logging_mixin.py:188} INFO - [2026-07-24T17:57:02.628+0000] {dag.py:3947} INFO - Setting next_dagrun for example_sensor_decorator to None, run_after=None
[2026-07-24T17:57:02.681+0000] {processor.py:183} INFO - Processing /home/airflow/.local/lib/python3.12/site-packages/airflow/example_dags/example_sensor_decorator.py took 0.151 seconds
[2026-07-24T17:57:33.519+0000] {processor.py:161} INFO - Started process (PID=7226) to work on /home/airflow/.local/lib/python3.12/site-packages/airflow/example_dags/example_sensor_decorator.py
[2026-07-24T17:57:33.524+0000] {processor.py:830} INFO - Processing file /home/airflow/.local/lib/python3.12/site-packages/airflow/example_dags/example_sensor_decorator.py for tasks to queue
[2026-07-24T17:57:33.535+0000] {logging_mixin.py:188} INFO - [2026-07-24T17:57:33.532+0000] {dagbag.py:545} INFO - Filling up the DagBag from /home/airflow/.local/lib/python3.12/site-packages/airflow/example_dags/example_sensor_decorator.py
[2026-07-24T17:57:33.554+0000] {processor.py:840} INFO - DAG(s) 'example_sensor_decorator' retrieved from /home/airflow/.local/lib/python3.12/site-packages/airflow/example_dags/example_sensor_decorator.py
[2026-07-24T17:57:33.608+0000] {logging_mixin.py:188} INFO - [2026-07-24T17:57:33.608+0000] {dag.py:3089} INFO - Sync 1 DAGs
[2026-07-24T17:57:33.647+0000] {logging_mixin.py:188} INFO - [2026-07-24T17:57:33.646+0000] {dag.py:3947} INFO - Setting next_dagrun for example_sensor_decorator to None, run_after=None
[2026-07-24T17:57:33.739+0000] {processor.py:183} INFO - Processing /home/airflow/.local/lib/python3.12/site-packages/airflow/example_dags/example_sensor_decorator.py took 0.237 seconds
[2026-07-24T17:58:04.489+0000] {processor.py:161} INFO - Started process (PID=7299) to work on /home/airflow/.local/lib/python3.12/site-packages/airflow/example_dags/example_sensor_decorator.py
[2026-07-24T17:58:04.491+0000] {processor.py:830} INFO - Processing file /home/airflow/.local/lib/python3.12/site-packages/airflow/example_dags/example_sensor_decorator.py for tasks to queue
[2026-07-24T17:58:04.495+0000] {logging_mixin.py:188} INFO - [2026-07-24T17:58:04.495+0000] {dagbag.py:545} INFO - Filling up the DagBag from /home/airflow/.local/lib/python3.12/site-packages/airflow/example_dags/example_sensor_decorator.py
[2026-07-24T17:58:04.506+0000] {processor.py:840} INFO - DAG(s) 'example_sensor_decorator' retrieved from /home/airflow/.local/lib/python3.12/site-packages/airflow/example_dags/example_sensor_decorator.py
[2026-07-24T17:58:04.538+0000] {logging_mixin.py:188} INFO - [2026-07-24T17:58:04.538+0000] {dag.py:3089} INFO - Sync 1 DAGs
[2026-07-24T17:58:04.557+0000] {logging_mixin.py:188} INFO - [2026-07-24T17:58:04.557+0000] {dag.py:3947} INFO - Setting next_dagrun for example_sensor_decorator to None, run_after=None
[2026-07-24T17:58:04.591+0000] {processor.py:183} INFO - Processing /home/airflow/.local/lib/python3.12/site-packages/airflow/example_dags/example_sensor_decorator.py took 0.111 seconds
[2026-07-24T17:58:35.376+0000] {processor.py:161} INFO - Started process (PID=7367) to work on /home/airflow/.local/lib/python3.12/site-packages/airflow/example_dags/example_sensor_decorator.py
[2026-07-24T17:58:35.378+0000] {processor.py:830} INFO - Processing file /home/airflow/.local/lib/python3.12/site-packages/airflow/example_dags/example_sensor_decorator.py for tasks to queue
[2026-07-24T17:58:35.381+0000] {logging_mixin.py:188} INFO - [2026-07-24T17:58:35.380+0000] {dagbag.py:545} INFO - Filling up the DagBag from /home/airflow/.local/lib/python3.12/site-packages/airflow/example_dags/example_sensor_decorator.py
[2026-07-24T17:58:35.392+0000] {processor.py:840} INFO - DAG(s) 'example_sensor_decorator' retrieved from /home/airflow/.local/lib/python3.12/site-packages/airflow/example_dags/example_sensor_decorator.py
[2026-07-24T17:58:35.423+0000] {logging_mixin.py:188} INFO - [2026-07-24T17:58:35.423+0000] {dag.py:3089} INFO - Sync 1 DAGs
[2026-07-24T17:58:35.441+0000] {logging_mixin.py:188} INFO - [2026-07-24T17:58:35.440+0000] {dag.py:3947} INFO - Setting next_dagrun for example_sensor_decorator to None, run_after=None
[2026-07-24T17:58:35.469+0000] {processor.py:183} INFO - Processing /home/airflow/.local/lib/python3.12/site-packages/airflow/example_dags/example_sensor_decorator.py took 0.102 seconds
[2026-07-24T17:59:06.697+0000] {processor.py:161} INFO - Started process (PID=7436) to work on /home/airflow/.local/lib/python3.12/site-packages/airflow/example_dags/example_sensor_decorator.py
[2026-07-24T17:59:06.699+0000] {processor.py:830} INFO - Processing file /home/airflow/.local/lib/python3.12/site-packages/airflow/example_dags/example_sensor_decorator.py for tasks to queue
[2026-07-24T17:59:06.704+0000] {logging_mixin.py:188} INFO - [2026-07-24T17:59:06.703+0000] {dagbag.py:545} INFO - Filling up the DagBag from /home/airflow/.local/lib/python3.12/site-packages/airflow/example_dags/example_sensor_decorator.py
[2026-07-24T17:59:06.722+0000] {processor.py:840} INFO - DAG(s) 'example_sensor_decorator' retrieved from /home/airflow/.local/lib/python3.12/site-packages/airflow/example_dags/example_sensor_decorator.py
[2026-07-24T17:59:06.763+0000] {logging_mixin.py:188} INFO - [2026-07-24T17:59:06.762+0000] {dag.py:3089} INFO - Sync 1 DAGs
[2026-07-24T17:59:06.797+0000] {logging_mixin.py:188} INFO - [2026-07-24T17:59:06.797+0000] {dag.py:3947} INFO - Setting next_dagrun for example_sensor_decorator to None, run_after=None
[2026-07-24T17:59:06.842+0000] {processor.py:183} INFO - Processing /home/airflow/.local/lib/python3.12/site-packages/airflow/example_dags/example_sensor_decorator.py took 0.163 seconds
[2026-07-24T17:59:39.569+0000] {processor.py:161} INFO - Started process (PID=7510) to work on /home/airflow/.local/lib/python3.12/site-packages/airflow/example_dags/example_sensor_decorator.py
[2026-07-24T17:59:39.571+0000] {processor.py:830} INFO - Processing file /home/airflow/.local/lib/python3.12/site-packages/airflow/example_dags/example_sensor_decorator.py for tasks to queue
[2026-07-24T17:59:39.575+0000] {logging_mixin.py:188} INFO - [2026-07-24T17:59:39.575+0000] {dagbag.py:545} INFO - Filling up the DagBag from /home/airflow/.local/lib/python3.12/site-packages/airflow/example_dags/example_sensor_decorator.py
[2026-07-24T17:59:39.588+0000] {processor.py:840} INFO - DAG(s) 'example_sensor_decorator' retrieved from /home/airflow/.local/lib/python3.12/site-packages/airflow/example_dags/example_sensor_decorator.py
[2026-07-24T17:59:39.620+0000] {logging_mixin.py:188} INFO - [2026-07-24T17:59:39.620+0000] {dag.py:3089} INFO - Sync 1 DAGs
[2026-07-24T17:59:39.639+0000] {logging_mixin.py:188} INFO - [2026-07-24T17:59:39.639+0000] {dag.py:3947} INFO - Setting next_dagrun for example_sensor_decorator to None, run_after=None
[2026-07-24T17:59:39.674+0000] {processor.py:183} INFO - Processing /home/airflow/.local/lib/python3.12/site-packages/airflow/example_dags/example_sensor_decorator.py took 0.116 seconds
[2026-07-24T18:00:10.222+0000] {processor.py:161} INFO - Started process (PID=7583) to work on /home/airflow/.local/lib/python3.12/site-packages/airflow/example_dags/example_sensor_decorator.py
[2026-07-24T18:00:10.226+0000] {processor.py:830} INFO - Processing file /home/airflow/.local/lib/python3.12/site-packages/airflow/example_dags/example_sensor_decorator.py for tasks to queue
[2026-07-24T18:00:10.232+0000] {logging_mixin.py:188} INFO - [2026-07-24T18:00:10.231+0000] {dagbag.py:545} INFO - Filling up the DagBag from /home/airflow/.local/lib/python3.12/site-packages/airflow/example_dags/example_sensor_decorator.py
[2026-07-24T18:00:10.246+0000] {processor.py:840} INFO - DAG(s) 'example_sensor_decorator' retrieved from /home/airflow/.local/lib/python3.12/site-packages/airflow/example_dags/example_sensor_decorator.py
[2026-07-24T18:00:10.292+0000] {logging_mixin.py:188} INFO - [2026-07-24T18:00:10.291+0000] {dag.py:3089} INFO - Sync 1 DAGs
[2026-07-24T18:00:10.321+0000] {logging_mixin.py:188} INFO - [2026-07-24T18:00:10.320+0000] {dag.py:3947} INFO - Setting next_dagrun for example_sensor_decorator to None, run_after=None
[2026-07-24T18:00:10.384+0000] {processor.py:183} INFO - Processing /home/airflow/.local/lib/python3.12/site-packages/airflow/example_dags/example_sensor_decorator.py took 0.174 seconds
[2026-07-24T18:00:41.034+0000] {processor.py:161} INFO - Started process (PID=7653) to work on /home/airflow/.local/lib/python3.12/site-packages/airflow/example_dags/example_sensor_decorator.py
[2026-07-24T18:00:41.038+0000] {processor.py:830} INFO - Processing file /home/airflow/.local/lib/python3.12/site-packages/airflow/example_dags/example_sensor_decorator.py for tasks to queue
[2026-07-24T18:00:41.054+0000] {logging_mixin.py:188} INFO - [2026-07-24T18:00:41.050+0000] {dagbag.py:545} INFO - Filling up the DagBag from /home/airflow/.local/lib/python3.12/site-packages/airflow/example_dags/example_sensor_decorator.py
[2026-07-24T18:00:41.082+0000] {processor.py:840} INFO - DAG(s) 'example_sensor_decorator' retrieved from /home/airflow/.local/lib/python3.12/site-packages/airflow/example_dags/example_sensor_decorator.py
[2026-07-24T18:00:41.124+0000] {logging_mixin.py:188} INFO - [2026-07-24T18:00:41.124+0000] {dag.py:3089} INFO - Sync 1 DAGs
[2026-07-24T18:00:41.147+0000] {logging_mixin.py:188} INFO - [2026-07-24T18:00:41.146+0000] {dag.py:3947} INFO - Setting next_dagrun for example_sensor_decorator to None, run_after=None
[2026-07-24T18:00:41.187+0000] {processor.py:183} INFO - Processing /home/airflow/.local/lib/python3.12/site-packages/airflow/example_dags/example_sensor_decorator.py took 0.170 seconds
[2026-07-24T18:01:11.805+0000] {processor.py:161} INFO - Started process (PID=7727) to work on /home/airflow/.local/lib/python3.12/site-packages/airflow/example_dags/example_sensor_decorator.py
[2026-07-24T18:01:11.807+0000] {processor.py:830} INFO - Processing file /home/airflow/.local/lib/python3.12/site-packages/airflow/example_dags/example_sensor_decorator.py for tasks to queue
[2026-07-24T18:01:11.811+0000] {logging_mixin.py:188} INFO - [2026-07-24T18:01:11.811+0000] {dagbag.py:545} INFO - Filling up the DagBag from /home/airflow/.local/lib/python3.12/site-packages/airflow/example_dags/example_sensor_decorator.py
[2026-07-24T18:01:11.823+0000] {processor.py:840} INFO - DAG(s) 'example_sensor_decorator' retrieved from /home/airflow/.local/lib/python3.12/site-packages/airflow/example_dags/example_sensor_decorator.py
[2026-07-24T18:01:11.856+0000] {logging_mixin.py:188} INFO - [2026-07-24T18:01:11.856+0000] {dag.py:3089} INFO - Sync 1 DAGs
[2026-07-24T18:01:11.884+0000] {logging_mixin.py:188} INFO - [2026-07-24T18:01:11.884+0000] {dag.py:3947} INFO - Setting next_dagrun for example_sensor_decorator to None, run_after=None
[2026-07-24T18:01:11.930+0000] {processor.py:183} INFO - Processing /home/airflow/.local/lib/python3.12/site-packages/airflow/example_dags/example_sensor_decorator.py took 0.133 seconds
[2026-07-24T18:01:42.930+0000] {processor.py:161} INFO - Started process (PID=7792) to work on /home/airflow/.local/lib/python3.12/site-packages/airflow/example_dags/example_sensor_decorator.py
[2026-07-24T18:01:42.932+0000] {processor.py:830} INFO - Processing file /home/airflow/.local/lib/python3.12/site-packages/airflow/example_dags/example_sensor_decorator.py for tasks to queue
[2026-07-24T18:01:42.936+0000] {logging_mixin.py:188} INFO - [2026-07-24T18:01:42.935+0000] {dagbag.py:545} INFO - Filling up the DagBag from /home/airflow/.local/lib/python3.12/site-packages/airflow/example_dags/example_sensor_decorator.py
[2026-07-24T18:01:42.946+0000] {processor.py:840} INFO - DAG(s) 'example_sensor_decorator' retrieved from /home/airflow/.local/lib/python3.12/site-packages/airflow/example_dags/example_sensor_decorator.py
[2026-07-24T18:01:42.978+0000] {logging_mixin.py:188} INFO - [2026-07-24T18:01:42.978+0000] {dag.py:3089} INFO - Sync 1 DAGs
[2026-07-24T18:01:42.997+0000] {logging_mixin.py:188} INFO - [2026-07-24T18:01:42.996+0000] {dag.py:3947} INFO - Setting next_dagrun for example_sensor_decorator to None, run_after=None
[2026-07-24T18:01:43.029+0000] {processor.py:183} INFO - Processing /home/airflow/.local/lib/python3.12/site-packages/airflow/example_dags/example_sensor_decorator.py took 0.107 seconds
[2026-07-24T18:02:13.483+0000] {processor.py:161} INFO - Started process (PID=7863) to work on /home/airflow/.local/lib/python3.12/site-packages/airflow/example_dags/example_sensor_decorator.py
[2026-07-24T18:02:13.486+0000] {processor.py:830} INFO - Processing file /home/airflow/.local/lib/python3.12/site-packages/airflow/example_dags/example_sensor_decorator.py for tasks to queue
[2026-07-24T18:02:13.492+0000] {logging_mixin.py:188} INFO - [2026-07-24T18:02:13.491+0000] {dagbag.py:545} INFO - Filling up the DagBag from /home/airflow/.local/lib/python3.12/site-packages/airflow/example_dags/example_sensor_decorator.py
[2026-07-24T18:02:13.504+0000] {processor.py:840} INFO - DAG(s) 'example_sensor_decorator' retrieved from /home/airflow/.local/lib/python3.12/site-packages/airflow/example_dags/example_sensor_decorator.py
[2026-07-24T18:02:13.537+0000] {logging_mixin.py:188} INFO - [2026-07-24T18:02:13.537+0000] {dag.py:3089} INFO - Sync 1 DAGs
[2026-07-24T18:02:13.559+0000] {logging_mixin.py:188} INFO - [2026-07-24T18:02:13.559+0000] {dag.py:3947} INFO - Setting next_dagrun for example_sensor_decorator to None, run_after=None
[2026-07-24T18:02:13.592+0000] {processor.py:183} INFO - Processing /home/airflow/.local/lib/python3.12/site-packages/airflow/example_dags/example_sensor_decorator.py took 0.122 seconds
[2026-07-24T18:02:44.868+0000] {processor.py:161} INFO - Started process (PID=7933) to work on /home/airflow/.local/lib/python3.12/site-packages/airflow/example_dags/example_sensor_decorator.py
[2026-07-24T18:02:44.872+0000] {processor.py:830} INFO - Processing file /home/airflow/.local/lib/python3.12/site-packages/airflow/example_dags/example_sensor_decorator.py for tasks to queue
[2026-07-24T18:02:44.876+0000] {logging_mixin.py:188} INFO - [2026-07-24T18:02:44.876+0000] {dagbag.py:545} INFO - Filling up the DagBag from /home/airflow/.local/lib/python3.12/site-packages/airflow/example_dags/example_sensor_decorator.py
[2026-07-24T18:02:44.886+0000] {processor.py:840} INFO - DAG(s) 'example_sensor_decorator' retrieved from /home/airflow/.local/lib/python3.12/site-packages/airflow/example_dags/example_sensor_decorator.py
[2026-07-24T18:02:44.918+0000] {logging_mixin.py:188} INFO - [2026-07-24T18:02:44.918+0000] {dag.py:3089} INFO - Sync 1 DAGs
[2026-07-24T18:02:44.938+0000] {logging_mixin.py:188} INFO - [2026-07-24T18:02:44.938+0000] {dag.py:3947} INFO - Setting next_dagrun for example_sensor_decorator to None, run_after=None
[2026-07-24T18:02:44.969+0000] {processor.py:183} INFO - Processing /home/airflow/.local/lib/python3.12/site-packages/airflow/example_dags/example_sensor_decorator.py took 0.109 seconds
[2026-07-24T18:03:15.882+0000] {processor.py:161} INFO - Started process (PID=8003) to work on /home/airflow/.local/lib/python3.12/site-packages/airflow/example_dags/example_sensor_decorator.py
[2026-07-24T18:03:15.886+0000] {processor.py:830} INFO - Processing file /home/airflow/.local/lib/python3.12/site-packages/airflow/example_dags/example_sensor_decorator.py for tasks to queue
[2026-07-24T18:03:15.892+0000] {logging_mixin.py:188} INFO - [2026-07-24T18:03:15.891+0000] {dagbag.py:545} INFO - Filling up the DagBag from /home/airflow/.local/lib/python3.12/site-packages/airflow/example_dags/example_sensor_decorator.py
[2026-07-24T18:03:15.907+0000] {processor.py:840} INFO - DAG(s) 'example_sensor_decorator' retrieved from /home/airflow/.local/lib/python3.12/site-packages/airflow/example_dags/example_sensor_decorator.py
[2026-07-24T18:03:15.942+0000] {logging_mixin.py:188} INFO - [2026-07-24T18:03:15.941+0000] {dag.py:3089} INFO - Sync 1 DAGs
[2026-07-24T18:03:15.972+0000] {logging_mixin.py:188} INFO - [2026-07-24T18:03:15.971+0000] {dag.py:3947} INFO - Setting next_dagrun for example_sensor_decorator to None, run_after=None
[2026-07-24T18:03:16.011+0000] {processor.py:183} INFO - Processing /home/airflow/.local/lib/python3.12/site-packages/airflow/example_dags/example_sensor_decorator.py took 0.141 seconds
[2026-07-24T18:03:47.266+0000] {processor.py:161} INFO - Started process (PID=8071) to work on /home/airflow/.local/lib/python3.12/site-packages/airflow/example_dags/example_sensor_decorator.py
[2026-07-24T18:03:47.268+0000] {processor.py:830} INFO - Processing file /home/airflow/.local/lib/python3.12/site-packages/airflow/example_dags/example_sensor_decorator.py for tasks to queue
[2026-07-24T18:03:47.272+0000] {logging_mixin.py:188} INFO - [2026-07-24T18:03:47.271+0000] {dagbag.py:545} INFO - Filling up the DagBag from /home/airflow/.local/lib/python3.12/site-packages/airflow/example_dags/example_sensor_decorator.py
[2026-07-24T18:03:47.285+0000] {processor.py:840} INFO - DAG(s) 'example_sensor_decorator' retrieved from /home/airflow/.local/lib/python3.12/site-packages/airflow/example_dags/example_sensor_decorator.py
[2026-07-24T18:03:47.330+0000] {logging_mixin.py:188} INFO - [2026-07-24T18:03:47.329+0000] {dag.py:3089} INFO - Sync 1 DAGs
[2026-07-24T18:03:47.360+0000] {logging_mixin.py:188} INFO - [2026-07-24T18:03:47.359+0000] {dag.py:3947} INFO - Setting next_dagrun for example_sensor_decorator to None, run_after=None
[2026-07-24T18:03:47.398+0000] {processor.py:183} INFO - Processing /home/airflow/.local/lib/python3.12/site-packages/airflow/example_dags/example_sensor_decorator.py took 0.144 seconds
[2026-07-24T18:04:18.516+0000] {processor.py:161} INFO - Started process (PID=8145) to work on /home/airflow/.local/lib/python3.12/site-packages/airflow/example_dags/example_sensor_decorator.py
[2026-07-24T18:04:18.519+0000] {processor.py:830} INFO - Processing file /home/airflow/.local/lib/python3.12/site-packages/airflow/example_dags/example_sensor_decorator.py for tasks to queue
[2026-07-24T18:04:18.524+0000] {logging_mixin.py:188} INFO - [2026-07-24T18:04:18.523+0000] {dagbag.py:545} INFO - Filling up the DagBag from /home/airflow/.local/lib/python3.12/site-packages/airflow/example_dags/example_sensor_decorator.py
[2026-07-24T18:04:18.536+0000] {processor.py:840} INFO - DAG(s) 'example_sensor_decorator' retrieved from /home/airflow/.local/lib/python3.12/site-packages/airflow/example_dags/example_sensor_decorator.py
[2026-07-24T18:04:18.582+0000] {logging_mixin.py:188} INFO - [2026-07-24T18:04:18.581+0000] {dag.py:3089} INFO - Sync 1 DAGs
[2026-07-24T18:04:18.602+0000] {logging_mixin.py:188} INFO - [2026-07-24T18:04:18.601+0000] {dag.py:3947} INFO - Setting next_dagrun for example_sensor_decorator to None, run_after=None
[2026-07-24T18:04:18.629+0000] {processor.py:183} INFO - Processing /home/airflow/.local/lib/python3.12/site-packages/airflow/example_dags/example_sensor_decorator.py took 0.123 seconds
[2026-07-24T18:04:49.671+0000] {processor.py:161} INFO - Started process (PID=8218) to work on /home/airflow/.local/lib/python3.12/site-packages/airflow/example_dags/example_sensor_decorator.py
[2026-07-24T18:04:49.674+0000] {processor.py:830} INFO - Processing file /home/airflow/.local/lib/python3.12/site-packages/airflow/example_dags/example_sensor_decorator.py for tasks to queue
[2026-07-24T18:04:49.678+0000] {logging_mixin.py:188} INFO - [2026-07-24T18:04:49.677+0000] {dagbag.py:545} INFO - Filling up the DagBag from /home/airflow/.local/lib/python3.12/site-packages/airflow/example_dags/example_sensor_decorator.py
[2026-07-24T18:04:49.688+0000] {processor.py:840} INFO - DAG(s) 'example_sensor_decorator' retrieved from /home/airflow/.local/lib/python3.12/site-packages/airflow/example_dags/example_sensor_decorator.py
[2026-07-24T18:04:49.717+0000] {logging_mixin.py:188} INFO - [2026-07-24T18:04:49.717+0000] {dag.py:3089} INFO - Sync 1 DAGs
[2026-07-24T18:04:49.734+0000] {logging_mixin.py:188} INFO - [2026-07-24T18:04:49.734+0000] {dag.py:3947} INFO - Setting next_dagrun for example_sensor_decorator to None, run_after=None
[2026-07-24T18:04:49.788+0000] {processor.py:183} INFO - Processing /home/airflow/.local/lib/python3.12/site-packages/airflow/example_dags/example_sensor_decorator.py took 0.126 seconds
[2026-07-24T18:05:21.987+0000] {processor.py:161} INFO - Started process (PID=8290) to work on /home/airflow/.local/lib/python3.12/site-packages/airflow/example_dags/example_sensor_decorator.py
[2026-07-24T18:05:21.990+0000] {processor.py:830} INFO - Processing file /home/airflow/.local/lib/python3.12/site-packages/airflow/example_dags/example_sensor_decorator.py for tasks to queue
[2026-07-24T18:05:21.994+0000] {logging_mixin.py:188} INFO - [2026-07-24T18:05:21.993+0000] {dagbag.py:545} INFO - Filling up the DagBag from /home/airflow/.local/lib/python3.12/site-packages/airflow/example_dags/example_sensor_decorator.py
[2026-07-24T18:05:22.004+0000] {processor.py:840} INFO - DAG(s) 'example_sensor_decorator' retrieved from /home/airflow/.local/lib/python3.12/site-packages/airflow/example_dags/example_sensor_decorator.py
[2026-07-24T18:05:22.037+0000] {logging_mixin.py:188} INFO - [2026-07-24T18:05:22.036+0000] {dag.py:3089} INFO - Sync 1 DAGs
[2026-07-24T18:05:22.059+0000] {logging_mixin.py:188} INFO - [2026-07-24T18:05:22.058+0000] {dag.py:3947} INFO - Setting next_dagrun for example_sensor_decorator to None, run_after=None
[2026-07-24T18:05:22.087+0000] {processor.py:183} INFO - Processing /home/airflow/.local/lib/python3.12/site-packages/airflow/example_dags/example_sensor_decorator.py took 0.110 seconds
[2026-07-24T18:05:53.501+0000] {processor.py:161} INFO - Started process (PID=8362) to work on /home/airflow/.local/lib/python3.12/site-packages/airflow/example_dags/example_sensor_decorator.py
[2026-07-24T18:05:53.503+0000] {processor.py:830} INFO - Processing file /home/airflow/.local/lib/python3.12/site-packages/airflow/example_dags/example_sensor_decorator.py for tasks to queue
[2026-07-24T18:05:53.507+0000] {logging_mixin.py:188} INFO - [2026-07-24T18:05:53.506+0000] {dagbag.py:545} INFO - Filling up the DagBag from /home/airflow/.local/lib/python3.12/site-packages/airflow/example_dags/example_sensor_decorator.py
[2026-07-24T18:05:53.518+0000] {processor.py:840} INFO - DAG(s) 'example_sensor_decorator' retrieved from /home/airflow/.local/lib/python3.12/site-packages/airflow/example_dags/example_sensor_decorator.py
[2026-07-24T18:05:53.550+0000] {logging_mixin.py:188} INFO - [2026-07-24T18:05:53.549+0000] {dag.py:3089} INFO - Sync 1 DAGs
[2026-07-24T18:05:53.578+0000] {logging_mixin.py:188} INFO - [2026-07-24T18:05:53.577+0000] {dag.py:3947} INFO - Setting next_dagrun for example_sensor_decorator to None, run_after=None
[2026-07-24T18:05:53.611+0000] {processor.py:183} INFO - Processing /home/airflow/.local/lib/python3.12/site-packages/airflow/example_dags/example_sensor_decorator.py took 0.119 seconds
[2026-07-24T18:06:24.918+0000] {processor.py:161} INFO - Started process (PID=8436) to work on /home/airflow/.local/lib/python3.12/site-packages/airflow/example_dags/example_sensor_decorator.py
[2026-07-24T18:06:24.921+0000] {processor.py:830} INFO - Processing file /home/airflow/.local/lib/python3.12/site-packages/airflow/example_dags/example_sensor_decorator.py for tasks to queue
[2026-07-24T18:06:24.925+0000] {logging_mixin.py:188} INFO - [2026-07-24T18:06:24.924+0000] {dagbag.py:545} INFO - Filling up the DagBag from /home/airflow/.local/lib/python3.12/site-packages/airflow/example_dags/example_sensor_decorator.py
[2026-07-24T18:06:24.935+0000] {processor.py:840} INFO - DAG(s) 'example_sensor_decorator' retrieved from /home/airflow/.local/lib/python3.12/site-packages/airflow/example_dags/example_sensor_decorator.py
[2026-07-24T18:06:24.967+0000] {logging_mixin.py:188} INFO - [2026-07-24T18:06:24.966+0000] {dag.py:3089} INFO - Sync 1 DAGs
[2026-07-24T18:06:24.985+0000] {logging_mixin.py:188} INFO - [2026-07-24T18:06:24.985+0000] {dag.py:3947} INFO - Setting next_dagrun for example_sensor_decorator to None, run_after=None
[2026-07-24T18:06:25.015+0000] {processor.py:183} INFO - Processing /home/airflow/.local/lib/python3.12/site-packages/airflow/example_dags/example_sensor_decorator.py took 0.106 seconds
[2026-07-24T18:06:56.384+0000] {processor.py:161} INFO - Started process (PID=8509) to work on /home/airflow/.local/lib/python3.12/site-packages/airflow/example_dags/example_sensor_decorator.py
[2026-07-24T18:06:56.386+0000] {processor.py:830} INFO - Processing file /home/airflow/.local/lib/python3.12/site-packages/airflow/example_dags/example_sensor_decorator.py for tasks to queue
[2026-07-24T18:06:56.389+0000] {logging_mixin.py:188} INFO - [2026-07-24T18:06:56.388+0000] {dagbag.py:545} INFO - Filling up the DagBag from /home/airflow/.local/lib/python3.12/site-packages/airflow/example_dags/example_sensor_decorator.py
[2026-07-24T18:06:56.398+0000] {processor.py:840} INFO - DAG(s) 'example_sensor_decorator' retrieved from /home/airflow/.local/lib/python3.12/site-packages/airflow/example_dags/example_sensor_decorator.py
[2026-07-24T18:06:56.433+0000] {logging_mixin.py:188} INFO - [2026-07-24T18:06:56.433+0000] {dag.py:3089} INFO - Sync 1 DAGs
[2026-07-24T18:06:56.459+0000] {logging_mixin.py:188} INFO - [2026-07-24T18:06:56.459+0000] {dag.py:3947} INFO - Setting next_dagrun for example_sensor_decorator to None, run_after=None
[2026-07-24T18:06:56.493+0000] {processor.py:183} INFO - Processing /home/airflow/.local/lib/python3.12/site-packages/airflow/example_dags/example_sensor_decorator.py took 0.117 seconds
[2026-07-24T18:07:28.196+0000] {processor.py:161} INFO - Started process (PID=8582) to work on /home/airflow/.local/lib/python3.12/site-packages/airflow/example_dags/example_sensor_decorator.py
[2026-07-24T18:07:28.200+0000] {processor.py:830} INFO - Processing file /home/airflow/.local/lib/python3.12/site-packages/airflow/example_dags/example_sensor_decorator.py for tasks to queue
[2026-07-24T18:07:28.205+0000] {logging_mixin.py:188} INFO - [2026-07-24T18:07:28.204+0000] {dagbag.py:545} INFO - Filling up the DagBag from /home/airflow/.local/lib/python3.12/site-packages/airflow/example_dags/example_sensor_decorator.py
[2026-07-24T18:07:28.216+0000] {processor.py:840} INFO - DAG(s) 'example_sensor_decorator' retrieved from /home/airflow/.local/lib/python3.12/site-packages/airflow/example_dags/example_sensor_decorator.py
[2026-07-24T18:07:28.248+0000] {logging_mixin.py:188} INFO - [2026-07-24T18:07:28.248+0000] {dag.py:3089} INFO - Sync 1 DAGs
[2026-07-24T18:07:28.541+0000] {logging_mixin.py:188} INFO - [2026-07-24T18:07:28.541+0000] {dag.py:3947} INFO - Setting next_dagrun for example_sensor_decorator to None, run_after=None
[2026-07-24T18:07:28.572+0000] {processor.py:183} INFO - Processing /home/airflow/.local/lib/python3.12/site-packages/airflow/example_dags/example_sensor_decorator.py took 0.384 seconds
[2026-07-24T18:07:59.016+0000] {processor.py:161} INFO - Started process (PID=8655) to work on /home/airflow/.local/lib/python3.12/site-packages/airflow/example_dags/example_sensor_decorator.py
[2026-07-24T18:07:59.020+0000] {processor.py:830} INFO - Processing file /home/airflow/.local/lib/python3.12/site-packages/airflow/example_dags/example_sensor_decorator.py for tasks to queue
[2026-07-24T18:07:59.024+0000] {logging_mixin.py:188} INFO - [2026-07-24T18:07:59.024+0000] {dagbag.py:545} INFO - Filling up the DagBag from /home/airflow/.local/lib/python3.12/site-packages/airflow/example_dags/example_sensor_decorator.py
[2026-07-24T18:07:59.039+0000] {processor.py:840} INFO - DAG(s) 'example_sensor_decorator' retrieved from /home/airflow/.local/lib/python3.12/site-packages/airflow/example_dags/example_sensor_decorator.py
[2026-07-24T18:07:59.081+0000] {logging_mixin.py:188} INFO - [2026-07-24T18:07:59.080+0000] {dag.py:3089} INFO - Sync 1 DAGs
[2026-07-24T18:07:59.115+0000] {logging_mixin.py:188} INFO - [2026-07-24T18:07:59.115+0000] {dag.py:3947} INFO - Setting next_dagrun for example_sensor_decorator to None, run_after=None
[2026-07-24T18:07:59.153+0000] {processor.py:183} INFO - Processing /home/airflow/.local/lib/python3.12/site-packages/airflow/example_dags/example_sensor_decorator.py took 0.149 seconds
[2026-07-24T18:08:29.555+0000] {processor.py:161} INFO - Started process (PID=8728) to work on /home/airflow/.local/lib/python3.12/site-packages/airflow/example_dags/example_sensor_decorator.py
[2026-07-24T18:08:29.558+0000] {processor.py:830} INFO - Processing file /home/airflow/.local/lib/python3.12/site-packages/airflow/example_dags/example_sensor_decorator.py for tasks to queue
[2026-07-24T18:08:29.563+0000] {logging_mixin.py:188} INFO - [2026-07-24T18:08:29.562+0000] {dagbag.py:545} INFO - Filling up the DagBag from /home/airflow/.local/lib/python3.12/site-packages/airflow/example_dags/example_sensor_decorator.py
[2026-07-24T18:08:29.575+0000] {processor.py:840} INFO - DAG(s) 'example_sensor_decorator' retrieved from /home/airflow/.local/lib/python3.12/site-packages/airflow/example_dags/example_sensor_decorator.py
[2026-07-24T18:08:29.610+0000] {logging_mixin.py:188} INFO - [2026-07-24T18:08:29.609+0000] {dag.py:3089} INFO - Sync 1 DAGs
[2026-07-24T18:08:29.630+0000] {logging_mixin.py:188} INFO - [2026-07-24T18:08:29.630+0000] {dag.py:3947} INFO - Setting next_dagrun for example_sensor_decorator to None, run_after=None
[2026-07-24T18:08:29.661+0000] {processor.py:183} INFO - Processing /home/airflow/.local/lib/python3.12/site-packages/airflow/example_dags/example_sensor_decorator.py took 0.117 seconds
[2026-07-24T18:09:01.707+0000] {processor.py:161} INFO - Started process (PID=8801) to work on /home/airflow/.local/lib/python3.12/site-packages/airflow/example_dags/example_sensor_decorator.py
[2026-07-24T18:09:01.710+0000] {processor.py:830} INFO - Processing file /home/airflow/.local/lib/python3.12/site-packages/airflow/example_dags/example_sensor_decorator.py for tasks to queue
[2026-07-24T18:09:01.714+0000] {logging_mixin.py:188} INFO - [2026-07-24T18:09:01.713+0000] {dagbag.py:545} INFO - Filling up the DagBag from /home/airflow/.local/lib/python3.12/site-packages/airflow/example_dags/example_sensor_decorator.py
[2026-07-24T18:09:01.726+0000] {processor.py:840} INFO - DAG(s) 'example_sensor_decorator' retrieved from /home/airflow/.local/lib/python3.12/site-packages/airflow/example_dags/example_sensor_decorator.py
[2026-07-24T18:09:01.759+0000] {logging_mixin.py:188} INFO - [2026-07-24T18:09:01.759+0000] {dag.py:3089} INFO - Sync 1 DAGs
[2026-07-24T18:09:01.780+0000] {logging_mixin.py:188} INFO - [2026-07-24T18:09:01.779+0000] {dag.py:3947} INFO - Setting next_dagrun for example_sensor_decorator to None, run_after=None
[2026-07-24T18:09:01.815+0000] {processor.py:183} INFO - Processing /home/airflow/.local/lib/python3.12/site-packages/airflow/example_dags/example_sensor_decorator.py took 0.118 seconds
[2026-07-24T18:09:32.428+0000] {processor.py:161} INFO - Started process (PID=8874) to work on /home/airflow/.local/lib/python3.12/site-packages/airflow/example_dags/example_sensor_decorator.py
[2026-07-24T18:09:32.429+0000] {processor.py:830} INFO - Processing file /home/airflow/.local/lib/python3.12/site-packages/airflow/example_dags/example_sensor_decorator.py for tasks to queue
[2026-07-24T18:09:32.433+0000] {logging_mixin.py:188} INFO - [2026-07-24T18:09:32.432+0000] {dagbag.py:545} INFO - Filling up the DagBag from /home/airflow/.local/lib/python3.12/site-packages/airflow/example_dags/example_sensor_decorator.py
[2026-07-24T18:09:32.442+0000] {processor.py:840} INFO - DAG(s) 'example_sensor_decorator' retrieved from /home/airflow/.local/lib/python3.12/site-packages/airflow/example_dags/example_sensor_decorator.py
[2026-07-24T18:09:32.472+0000] {logging_mixin.py:188} INFO - [2026-07-24T18:09:32.471+0000] {dag.py:3089} INFO - Sync 1 DAGs
[2026-07-24T18:09:32.488+0000] {logging_mixin.py:188} INFO - [2026-07-24T18:09:32.488+0000] {dag.py:3947} INFO - Setting next_dagrun for example_sensor_decorator to None, run_after=None
[2026-07-24T18:09:32.516+0000] {processor.py:183} INFO - Processing /home/airflow/.local/lib/python3.12/site-packages/airflow/example_dags/example_sensor_decorator.py took 0.096 seconds
[2026-07-24T18:10:03.766+0000] {processor.py:161} INFO - Started process (PID=8947) to work on /home/airflow/.local/lib/python3.12/site-packages/airflow/example_dags/example_sensor_decorator.py
[2026-07-24T18:10:03.768+0000] {processor.py:830} INFO - Processing file /home/airflow/.local/lib/python3.12/site-packages/airflow/example_dags/example_sensor_decorator.py for tasks to queue
[2026-07-24T18:10:03.772+0000] {logging_mixin.py:188} INFO - [2026-07-24T18:10:03.772+0000] {dagbag.py:545} INFO - Filling up the DagBag from /home/airflow/.local/lib/python3.12/site-packages/airflow/example_dags/example_sensor_decorator.py
[2026-07-24T18:10:03.783+0000] {processor.py:840} INFO - DAG(s) 'example_sensor_decorator' retrieved from /home/airflow/.local/lib/python3.12/site-packages/airflow/example_dags/example_sensor_decorator.py
[2026-07-24T18:10:03.816+0000] {logging_mixin.py:188} INFO - [2026-07-24T18:10:03.816+0000] {dag.py:3089} INFO - Sync 1 DAGs
[2026-07-24T18:10:03.835+0000] {logging_mixin.py:188} INFO - [2026-07-24T18:10:03.835+0000] {dag.py:3947} INFO - Setting next_dagrun for example_sensor_decorator to None, run_after=None
[2026-07-24T18:10:03.872+0000] {processor.py:183} INFO - Processing /home/airflow/.local/lib/python3.12/site-packages/airflow/example_dags/example_sensor_decorator.py took 0.118 seconds
[2026-07-24T18:10:34.883+0000] {processor.py:161} INFO - Started process (PID=9022) to work on /home/airflow/.local/lib/python3.12/site-packages/airflow/example_dags/example_sensor_decorator.py
[2026-07-24T18:10:34.886+0000] {processor.py:830} INFO - Processing file /home/airflow/.local/lib/python3.12/site-packages/airflow/example_dags/example_sensor_decorator.py for tasks to queue
[2026-07-24T18:10:34.891+0000] {logging_mixin.py:188} INFO - [2026-07-24T18:10:34.890+0000] {dagbag.py:545} INFO - Filling up the DagBag from /home/airflow/.local/lib/python3.12/site-packages/airflow/example_dags/example_sensor_decorator.py
[2026-07-24T18:10:34.907+0000] {processor.py:840} INFO - DAG(s) 'example_sensor_decorator' retrieved from /home/airflow/.local/lib/python3.12/site-packages/airflow/example_dags/example_sensor_decorator.py
[2026-07-24T18:10:34.943+0000] {logging_mixin.py:188} INFO - [2026-07-24T18:10:34.942+0000] {dag.py:3089} INFO - Sync 1 DAGs
[2026-07-24T18:10:34.970+0000] {logging_mixin.py:188} INFO - [2026-07-24T18:10:34.969+0000] {dag.py:3947} INFO - Setting next_dagrun for example_sensor_decorator to None, run_after=None
[2026-07-24T18:10:35.007+0000] {processor.py:183} INFO - Processing /home/airflow/.local/lib/python3.12/site-packages/airflow/example_dags/example_sensor_decorator.py took 0.136 seconds
[2026-07-24T18:11:05.630+0000] {processor.py:161} INFO - Started process (PID=9095) to work on /home/airflow/.local/lib/python3.12/site-packages/airflow/example_dags/example_sensor_decorator.py
[2026-07-24T18:11:05.636+0000] {processor.py:830} INFO - Processing file /home/airflow/.local/lib/python3.12/site-packages/airflow/example_dags/example_sensor_decorator.py for tasks to queue
[2026-07-24T18:11:05.641+0000] {logging_mixin.py:188} INFO - [2026-07-24T18:11:05.640+0000] {dagbag.py:545} INFO - Filling up the DagBag from /home/airflow/.local/lib/python3.12/site-packages/airflow/example_dags/example_sensor_decorator.py
[2026-07-24T18:11:05.653+0000] {processor.py:840} INFO - DAG(s) 'example_sensor_decorator' retrieved from /home/airflow/.local/lib/python3.12/site-packages/airflow/example_dags/example_sensor_decorator.py
[2026-07-24T18:11:05.693+0000] {logging_mixin.py:188} INFO - [2026-07-24T18:11:05.692+0000] {dag.py:3089} INFO - Sync 1 DAGs
[2026-07-24T18:11:05.715+0000] {logging_mixin.py:188} INFO - [2026-07-24T18:11:05.715+0000] {dag.py:3947} INFO - Setting next_dagrun for example_sensor_decorator to None, run_after=None
[2026-07-24T18:11:05.748+0000] {processor.py:183} INFO - Processing /home/airflow/.local/lib/python3.12/site-packages/airflow/example_dags/example_sensor_decorator.py took 0.129 seconds
[2026-07-24T18:11:36.685+0000] {processor.py:161} INFO - Started process (PID=9168) to work on /home/airflow/.local/lib/python3.12/site-packages/airflow/example_dags/example_sensor_decorator.py
[2026-07-24T18:11:36.689+0000] {processor.py:830} INFO - Processing file /home/airflow/.local/lib/python3.12/site-packages/airflow/example_dags/example_sensor_decorator.py for tasks to queue
[2026-07-24T18:11:36.694+0000] {logging_mixin.py:188} INFO - [2026-07-24T18:11:36.694+0000] {dagbag.py:545} INFO - Filling up the DagBag from /home/airflow/.local/lib/python3.12/site-packages/airflow/example_dags/example_sensor_decorator.py
[2026-07-24T18:11:36.710+0000] {processor.py:840} INFO - DAG(s) 'example_sensor_decorator' retrieved from /home/airflow/.local/lib/python3.12/site-packages/airflow/example_dags/example_sensor_decorator.py
[2026-07-24T18:11:36.763+0000] {logging_mixin.py:188} INFO - [2026-07-24T18:11:36.763+0000] {dag.py:3089} INFO - Sync 1 DAGs
[2026-07-24T18:11:36.794+0000] {logging_mixin.py:188} INFO - [2026-07-24T18:11:36.793+0000] {dag.py:3947} INFO - Setting next_dagrun for example_sensor_decorator to None, run_after=None
[2026-07-24T18:11:36.827+0000] {processor.py:183} INFO - Processing /home/airflow/.local/lib/python3.12/site-packages/airflow/example_dags/example_sensor_decorator.py took 0.156 seconds
[2026-07-24T18:12:08.251+0000] {processor.py:161} INFO - Started process (PID=9241) to work on /home/airflow/.local/lib/python3.12/site-packages/airflow/example_dags/example_sensor_decorator.py
[2026-07-24T18:12:08.253+0000] {processor.py:830} INFO - Processing file /home/airflow/.local/lib/python3.12/site-packages/airflow/example_dags/example_sensor_decorator.py for tasks to queue
[2026-07-24T18:12:08.260+0000] {logging_mixin.py:188} INFO - [2026-07-24T18:12:08.259+0000] {dagbag.py:545} INFO - Filling up the DagBag from /home/airflow/.local/lib/python3.12/site-packages/airflow/example_dags/example_sensor_decorator.py
[2026-07-24T18:12:08.272+0000] {processor.py:840} INFO - DAG(s) 'example_sensor_decorator' retrieved from /home/airflow/.local/lib/python3.12/site-packages/airflow/example_dags/example_sensor_decorator.py
[2026-07-24T18:12:08.316+0000] {logging_mixin.py:188} INFO - [2026-07-24T18:12:08.316+0000] {dag.py:3089} INFO - Sync 1 DAGs
[2026-07-24T18:12:08.342+0000] {logging_mixin.py:188} INFO - [2026-07-24T18:12:08.342+0000] {dag.py:3947} INFO - Setting next_dagrun for example_sensor_decorator to None, run_after=None
[2026-07-24T18:12:08.387+0000] {processor.py:183} INFO - Processing /home/airflow/.local/lib/python3.12/site-packages/airflow/example_dags/example_sensor_decorator.py took 0.146 seconds
[2026-07-24T18:12:39.623+0000] {processor.py:161} INFO - Started process (PID=9314) to work on /home/airflow/.local/lib/python3.12/site-packages/airflow/example_dags/example_sensor_decorator.py
[2026-07-24T18:12:39.625+0000] {processor.py:830} INFO - Processing file /home/airflow/.local/lib/python3.12/site-packages/airflow/example_dags/example_sensor_decorator.py for tasks to queue
[2026-07-24T18:12:39.629+0000] {logging_mixin.py:188} INFO - [2026-07-24T18:12:39.628+0000] {dagbag.py:545} INFO - Filling up the DagBag from /home/airflow/.local/lib/python3.12/site-packages/airflow/example_dags/example_sensor_decorator.py
[2026-07-24T18:12:39.639+0000] {processor.py:840} INFO - DAG(s) 'example_sensor_decorator' retrieved from /home/airflow/.local/lib/python3.12/site-packages/airflow/example_dags/example_sensor_decorator.py
[2026-07-24T18:12:39.675+0000] {logging_mixin.py:188} INFO - [2026-07-24T18:12:39.674+0000] {dag.py:3089} INFO - Sync 1 DAGs
[2026-07-24T18:12:39.695+0000] {logging_mixin.py:188} INFO - [2026-07-24T18:12:39.694+0000] {dag.py:3947} INFO - Setting next_dagrun for example_sensor_decorator to None, run_after=None
[2026-07-24T18:12:39.727+0000] {processor.py:183} INFO - Processing /home/airflow/.local/lib/python3.12/site-packages/airflow/example_dags/example_sensor_decorator.py took 0.114 seconds
[2026-07-24T18:13:11.402+0000] {processor.py:161} INFO - Started process (PID=9389) to work on /home/airflow/.local/lib/python3.12/site-packages/airflow/example_dags/example_sensor_decorator.py
[2026-07-24T18:13:11.406+0000] {processor.py:830} INFO - Processing file /home/airflow/.local/lib/python3.12/site-packages/airflow/example_dags/example_sensor_decorator.py for tasks to queue
[2026-07-24T18:13:11.412+0000] {logging_mixin.py:188} INFO - [2026-07-24T18:13:11.411+0000] {dagbag.py:545} INFO - Filling up the DagBag from /home/airflow/.local/lib/python3.12/site-packages/airflow/example_dags/example_sensor_decorator.py
[2026-07-24T18:13:11.433+0000] {processor.py:840} INFO - DAG(s) 'example_sensor_decorator' retrieved from /home/airflow/.local/lib/python3.12/site-packages/airflow/example_dags/example_sensor_decorator.py
[2026-07-24T18:13:11.490+0000] {logging_mixin.py:188} INFO - [2026-07-24T18:13:11.489+0000] {dag.py:3089} INFO - Sync 1 DAGs
[2026-07-24T18:13:11.536+0000] {logging_mixin.py:188} INFO - [2026-07-24T18:13:11.536+0000] {dag.py:3947} INFO - Setting next_dagrun for example_sensor_decorator to None, run_after=None
[2026-07-24T18:13:11.587+0000] {processor.py:183} INFO - Processing /home/airflow/.local/lib/python3.12/site-packages/airflow/example_dags/example_sensor_decorator.py took 0.207 seconds
[2026-07-24T18:13:42.658+0000] {processor.py:161} INFO - Started process (PID=9462) to work on /home/airflow/.local/lib/python3.12/site-packages/airflow/example_dags/example_sensor_decorator.py
[2026-07-24T18:13:42.661+0000] {processor.py:830} INFO - Processing file /home/airflow/.local/lib/python3.12/site-packages/airflow/example_dags/example_sensor_decorator.py for tasks to queue
[2026-07-24T18:13:42.668+0000] {logging_mixin.py:188} INFO - [2026-07-24T18:13:42.667+0000] {dagbag.py:545} INFO - Filling up the DagBag from /home/airflow/.local/lib/python3.12/site-packages/airflow/example_dags/example_sensor_decorator.py
[2026-07-24T18:13:42.682+0000] {processor.py:840} INFO - DAG(s) 'example_sensor_decorator' retrieved from /home/airflow/.local/lib/python3.12/site-packages/airflow/example_dags/example_sensor_decorator.py
[2026-07-24T18:13:42.717+0000] {logging_mixin.py:188} INFO - [2026-07-24T18:13:42.716+0000] {dag.py:3089} INFO - Sync 1 DAGs
[2026-07-24T18:13:42.739+0000] {logging_mixin.py:188} INFO - [2026-07-24T18:13:42.739+0000] {dag.py:3947} INFO - Setting next_dagrun for example_sensor_decorator to None, run_after=None
[2026-07-24T18:13:42.771+0000] {processor.py:183} INFO - Processing /home/airflow/.local/lib/python3.12/site-packages/airflow/example_dags/example_sensor_decorator.py took 0.127 seconds
[2026-07-24T18:14:13.942+0000] {processor.py:161} INFO - Started process (PID=9535) to work on /home/airflow/.local/lib/python3.12/site-packages/airflow/example_dags/example_sensor_decorator.py
[2026-07-24T18:14:13.945+0000] {processor.py:830} INFO - Processing file /home/airflow/.local/lib/python3.12/site-packages/airflow/example_dags/example_sensor_decorator.py for tasks to queue
[2026-07-24T18:14:13.949+0000] {logging_mixin.py:188} INFO - [2026-07-24T18:14:13.948+0000] {dagbag.py:545} INFO - Filling up the DagBag from /home/airflow/.local/lib/python3.12/site-packages/airflow/example_dags/example_sensor_decorator.py
[2026-07-24T18:14:13.961+0000] {processor.py:840} INFO - DAG(s) 'example_sensor_decorator' retrieved from /home/airflow/.local/lib/python3.12/site-packages/airflow/example_dags/example_sensor_decorator.py
[2026-07-24T18:14:13.997+0000] {logging_mixin.py:188} INFO - [2026-07-24T18:14:13.996+0000] {dag.py:3089} INFO - Sync 1 DAGs
[2026-07-24T18:14:14.016+0000] {logging_mixin.py:188} INFO - [2026-07-24T18:14:14.016+0000] {dag.py:3947} INFO - Setting next_dagrun for example_sensor_decorator to None, run_after=None
[2026-07-24T18:14:14.056+0000] {processor.py:183} INFO - Processing /home/airflow/.local/lib/python3.12/site-packages/airflow/example_dags/example_sensor_decorator.py took 0.122 seconds
[2026-07-24T18:14:45.007+0000] {processor.py:161} INFO - Started process (PID=9609) to work on /home/airflow/.local/lib/python3.12/site-packages/airflow/example_dags/example_sensor_decorator.py
[2026-07-24T18:14:45.011+0000] {processor.py:830} INFO - Processing file /home/airflow/.local/lib/python3.12/site-packages/airflow/example_dags/example_sensor_decorator.py for tasks to queue
[2026-07-24T18:14:45.018+0000] {logging_mixin.py:188} INFO - [2026-07-24T18:14:45.017+0000] {dagbag.py:545} INFO - Filling up the DagBag from /home/airflow/.local/lib/python3.12/site-packages/airflow/example_dags/example_sensor_decorator.py
[2026-07-24T18:14:45.038+0000] {processor.py:840} INFO - DAG(s) 'example_sensor_decorator' retrieved from /home/airflow/.local/lib/python3.12/site-packages/airflow/example_dags/example_sensor_decorator.py
[2026-07-24T18:14:45.085+0000] {logging_mixin.py:188} INFO - [2026-07-24T18:14:45.084+0000] {dag.py:3089} INFO - Sync 1 DAGs
[2026-07-24T18:14:45.122+0000] {logging_mixin.py:188} INFO - [2026-07-24T18:14:45.121+0000] {dag.py:3947} INFO - Setting next_dagrun for example_sensor_decorator to None, run_after=None
[2026-07-24T18:14:45.168+0000] {processor.py:183} INFO - Processing /home/airflow/.local/lib/python3.12/site-packages/airflow/example_dags/example_sensor_decorator.py took 0.172 seconds
[2026-07-24T18:15:15.892+0000] {processor.py:161} INFO - Started process (PID=9682) to work on /home/airflow/.local/lib/python3.12/site-packages/airflow/example_dags/example_sensor_decorator.py
[2026-07-24T18:15:15.894+0000] {processor.py:830} INFO - Processing file /home/airflow/.local/lib/python3.12/site-packages/airflow/example_dags/example_sensor_decorator.py for tasks to queue
[2026-07-24T18:15:15.898+0000] {logging_mixin.py:188} INFO - [2026-07-24T18:15:15.898+0000] {dagbag.py:545} INFO - Filling up the DagBag from /home/airflow/.local/lib/python3.12/site-packages/airflow/example_dags/example_sensor_decorator.py
[2026-07-24T18:15:15.908+0000] {processor.py:840} INFO - DAG(s) 'example_sensor_decorator' retrieved from /home/airflow/.local/lib/python3.12/site-packages/airflow/example_dags/example_sensor_decorator.py
[2026-07-24T18:15:15.940+0000] {logging_mixin.py:188} INFO - [2026-07-24T18:15:15.940+0000] {dag.py:3089} INFO - Sync 1 DAGs
[2026-07-24T18:15:15.959+0000] {logging_mixin.py:188} INFO - [2026-07-24T18:15:15.959+0000] {dag.py:3947} INFO - Setting next_dagrun for example_sensor_decorator to None, run_after=None
[2026-07-24T18:15:15.989+0000] {processor.py:183} INFO - Processing /home/airflow/.local/lib/python3.12/site-packages/airflow/example_dags/example_sensor_decorator.py took 0.105 seconds
[2026-07-24T18:15:46.968+0000] {processor.py:161} INFO - Started process (PID=9756) to work on /home/airflow/.local/lib/python3.12/site-packages/airflow/example_dags/example_sensor_decorator.py
[2026-07-24T18:15:46.970+0000] {processor.py:830} INFO - Processing file /home/airflow/.local/lib/python3.12/site-packages/airflow/example_dags/example_sensor_decorator.py for tasks to queue
[2026-07-24T18:15:46.975+0000] {logging_mixin.py:188} INFO - [2026-07-24T18:15:46.974+0000] {dagbag.py:545} INFO - Filling up the DagBag from /home/airflow/.local/lib/python3.12/site-packages/airflow/example_dags/example_sensor_decorator.py
[2026-07-24T18:15:46.986+0000] {processor.py:840} INFO - DAG(s) 'example_sensor_decorator' retrieved from /home/airflow/.local/lib/python3.12/site-packages/airflow/example_dags/example_sensor_decorator.py
[2026-07-24T18:15:47.015+0000] {logging_mixin.py:188} INFO - [2026-07-24T18:15:47.015+0000] {dag.py:3089} INFO - Sync 1 DAGs
[2026-07-24T18:15:47.033+0000] {logging_mixin.py:188} INFO - [2026-07-24T18:15:47.033+0000] {dag.py:3947} INFO - Setting next_dagrun for example_sensor_decorator to None, run_after=None
[2026-07-24T18:15:47.063+0000] {processor.py:183} INFO - Processing /home/airflow/.local/lib/python3.12/site-packages/airflow/example_dags/example_sensor_decorator.py took 0.104 seconds
[2026-07-24T18:16:18.505+0000] {processor.py:161} INFO - Started process (PID=9829) to work on /home/airflow/.local/lib/python3.12/site-packages/airflow/example_dags/example_sensor_decorator.py
[2026-07-24T18:16:18.508+0000] {processor.py:830} INFO - Processing file /home/airflow/.local/lib/python3.12/site-packages/airflow/example_dags/example_sensor_decorator.py for tasks to queue
[2026-07-24T18:16:18.513+0000] {logging_mixin.py:188} INFO - [2026-07-24T18:16:18.512+0000] {dagbag.py:545} INFO - Filling up the DagBag from /home/airflow/.local/lib/python3.12/site-packages/airflow/example_dags/example_sensor_decorator.py
[2026-07-24T18:16:18.525+0000] {processor.py:840} INFO - DAG(s) 'example_sensor_decorator' retrieved from /home/airflow/.local/lib/python3.12/site-packages/airflow/example_dags/example_sensor_decorator.py
[2026-07-24T18:16:18.571+0000] {logging_mixin.py:188} INFO - [2026-07-24T18:16:18.571+0000] {dag.py:3089} INFO - Sync 1 DAGs
[2026-07-24T18:16:18.602+0000] {logging_mixin.py:188} INFO - [2026-07-24T18:16:18.601+0000] {dag.py:3947} INFO - Setting next_dagrun for example_sensor_decorator to None, run_after=None
[2026-07-24T18:16:18.644+0000] {processor.py:183} INFO - Processing /home/airflow/.local/lib/python3.12/site-packages/airflow/example_dags/example_sensor_decorator.py took 0.152 seconds
[2026-07-24T18:16:49.276+0000] {processor.py:161} INFO - Started process (PID=9902) to work on /home/airflow/.local/lib/python3.12/site-packages/airflow/example_dags/example_sensor_decorator.py
[2026-07-24T18:16:49.278+0000] {processor.py:830} INFO - Processing file /home/airflow/.local/lib/python3.12/site-packages/airflow/example_dags/example_sensor_decorator.py for tasks to queue
[2026-07-24T18:16:49.283+0000] {logging_mixin.py:188} INFO - [2026-07-24T18:16:49.282+0000] {dagbag.py:545} INFO - Filling up the DagBag from /home/airflow/.local/lib/python3.12/site-packages/airflow/example_dags/example_sensor_decorator.py
[2026-07-24T18:16:49.295+0000] {processor.py:840} INFO - DAG(s) 'example_sensor_decorator' retrieved from /home/airflow/.local/lib/python3.12/site-packages/airflow/example_dags/example_sensor_decorator.py
[2026-07-24T18:16:49.344+0000] {logging_mixin.py:188} INFO - [2026-07-24T18:16:49.344+0000] {dag.py:3089} INFO - Sync 1 DAGs
[2026-07-24T18:16:49.384+0000] {logging_mixin.py:188} INFO - [2026-07-24T18:16:49.383+0000] {dag.py:3947} INFO - Setting next_dagrun for example_sensor_decorator to None, run_after=None
[2026-07-24T18:16:49.434+0000] {processor.py:183} INFO - Processing /home/airflow/.local/lib/python3.12/site-packages/airflow/example_dags/example_sensor_decorator.py took 0.168 seconds
[2026-07-24T18:17:21.025+0000] {processor.py:161} INFO - Started process (PID=9976) to work on /home/airflow/.local/lib/python3.12/site-packages/airflow/example_dags/example_sensor_decorator.py
[2026-07-24T18:17:21.035+0000] {processor.py:830} INFO - Processing file /home/airflow/.local/lib/python3.12/site-packages/airflow/example_dags/example_sensor_decorator.py for tasks to queue
[2026-07-24T18:17:21.044+0000] {logging_mixin.py:188} INFO - [2026-07-24T18:17:21.043+0000] {dagbag.py:545} INFO - Filling up the DagBag from /home/airflow/.local/lib/python3.12/site-packages/airflow/example_dags/example_sensor_decorator.py
[2026-07-24T18:17:21.096+0000] {processor.py:840} INFO - DAG(s) 'example_sensor_decorator' retrieved from /home/airflow/.local/lib/python3.12/site-packages/airflow/example_dags/example_sensor_decorator.py
[2026-07-24T18:17:21.207+0000] {logging_mixin.py:188} INFO - [2026-07-24T18:17:21.207+0000] {dag.py:3089} INFO - Sync 1 DAGs
[2026-07-24T18:17:21.316+0000] {logging_mixin.py:188} INFO - [2026-07-24T18:17:21.308+0000] {dag.py:3947} INFO - Setting next_dagrun for example_sensor_decorator to None, run_after=None
[2026-07-24T18:17:21.476+0000] {processor.py:183} INFO - Processing /home/airflow/.local/lib/python3.12/site-packages/airflow/example_dags/example_sensor_decorator.py took 0.467 seconds
[2026-07-24T18:17:52.594+0000] {processor.py:161} INFO - Started process (PID=10050) to work on /home/airflow/.local/lib/python3.12/site-packages/airflow/example_dags/example_sensor_decorator.py
[2026-07-24T18:17:52.599+0000] {processor.py:830} INFO - Processing file /home/airflow/.local/lib/python3.12/site-packages/airflow/example_dags/example_sensor_decorator.py for tasks to queue
[2026-07-24T18:17:52.605+0000] {logging_mixin.py:188} INFO - [2026-07-24T18:17:52.604+0000] {dagbag.py:545} INFO - Filling up the DagBag from /home/airflow/.local/lib/python3.12/site-packages/airflow/example_dags/example_sensor_decorator.py
[2026-07-24T18:17:52.629+0000] {processor.py:840} INFO - DAG(s) 'example_sensor_decorator' retrieved from /home/airflow/.local/lib/python3.12/site-packages/airflow/example_dags/example_sensor_decorator.py
[2026-07-24T18:17:52.698+0000] {logging_mixin.py:188} INFO - [2026-07-24T18:17:52.696+0000] {dag.py:3089} INFO - Sync 1 DAGs
[2026-07-24T18:17:52.750+0000] {logging_mixin.py:188} INFO - [2026-07-24T18:17:52.750+0000] {dag.py:3947} INFO - Setting next_dagrun for example_sensor_decorator to None, run_after=None
[2026-07-24T18:17:52.839+0000] {processor.py:183} INFO - Processing /home/airflow/.local/lib/python3.12/site-packages/airflow/example_dags/example_sensor_decorator.py took 0.260 seconds
[2026-07-24T18:18:24.291+0000] {processor.py:161} INFO - Started process (PID=10123) to work on /home/airflow/.local/lib/python3.12/site-packages/airflow/example_dags/example_sensor_decorator.py
[2026-07-24T18:18:24.293+0000] {processor.py:830} INFO - Processing file /home/airflow/.local/lib/python3.12/site-packages/airflow/example_dags/example_sensor_decorator.py for tasks to queue
[2026-07-24T18:18:24.297+0000] {logging_mixin.py:188} INFO - [2026-07-24T18:18:24.297+0000] {dagbag.py:545} INFO - Filling up the DagBag from /home/airflow/.local/lib/python3.12/site-packages/airflow/example_dags/example_sensor_decorator.py
[2026-07-24T18:18:24.315+0000] {processor.py:840} INFO - DAG(s) 'example_sensor_decorator' retrieved from /home/airflow/.local/lib/python3.12/site-packages/airflow/example_dags/example_sensor_decorator.py
[2026-07-24T18:18:24.370+0000] {logging_mixin.py:188} INFO - [2026-07-24T18:18:24.370+0000] {dag.py:3089} INFO - Sync 1 DAGs
[2026-07-24T18:18:24.397+0000] {logging_mixin.py:188} INFO - [2026-07-24T18:18:24.397+0000] {dag.py:3947} INFO - Setting next_dagrun for example_sensor_decorator to None, run_after=None
[2026-07-24T18:18:24.455+0000] {processor.py:183} INFO - Processing /home/airflow/.local/lib/python3.12/site-packages/airflow/example_dags/example_sensor_decorator.py took 0.175 seconds
[2026-07-24T18:18:55.271+0000] {processor.py:161} INFO - Started process (PID=10196) to work on /home/airflow/.local/lib/python3.12/site-packages/airflow/example_dags/example_sensor_decorator.py
[2026-07-24T18:18:55.300+0000] {processor.py:830} INFO - Processing file /home/airflow/.local/lib/python3.12/site-packages/airflow/example_dags/example_sensor_decorator.py for tasks to queue
[2026-07-24T18:18:55.306+0000] {logging_mixin.py:188} INFO - [2026-07-24T18:18:55.306+0000] {dagbag.py:545} INFO - Filling up the DagBag from /home/airflow/.local/lib/python3.12/site-packages/airflow/example_dags/example_sensor_decorator.py
[2026-07-24T18:18:55.326+0000] {processor.py:840} INFO - DAG(s) 'example_sensor_decorator' retrieved from /home/airflow/.local/lib/python3.12/site-packages/airflow/example_dags/example_sensor_decorator.py
[2026-07-24T18:18:55.385+0000] {logging_mixin.py:188} INFO - [2026-07-24T18:18:55.384+0000] {dag.py:3089} INFO - Sync 1 DAGs
[2026-07-24T18:18:55.419+0000] {logging_mixin.py:188} INFO - [2026-07-24T18:18:55.418+0000] {dag.py:3947} INFO - Setting next_dagrun for example_sensor_decorator to None, run_after=None
[2026-07-24T18:18:55.459+0000] {processor.py:183} INFO - Processing /home/airflow/.local/lib/python3.12/site-packages/airflow/example_dags/example_sensor_decorator.py took 0.210 seconds
[2026-07-24T18:19:27.429+0000] {processor.py:161} INFO - Started process (PID=10269) to work on /home/airflow/.local/lib/python3.12/site-packages/airflow/example_dags/example_sensor_decorator.py
[2026-07-24T18:19:27.433+0000] {processor.py:830} INFO - Processing file /home/airflow/.local/lib/python3.12/site-packages/airflow/example_dags/example_sensor_decorator.py for tasks to queue
[2026-07-24T18:19:27.440+0000] {logging_mixin.py:188} INFO - [2026-07-24T18:19:27.439+0000] {dagbag.py:545} INFO - Filling up the DagBag from /home/airflow/.local/lib/python3.12/site-packages/airflow/example_dags/example_sensor_decorator.py
[2026-07-24T18:19:27.459+0000] {processor.py:840} INFO - DAG(s) 'example_sensor_decorator' retrieved from /home/airflow/.local/lib/python3.12/site-packages/airflow/example_dags/example_sensor_decorator.py
[2026-07-24T18:19:27.523+0000] {logging_mixin.py:188} INFO - [2026-07-24T18:19:27.522+0000] {dag.py:3089} INFO - Sync 1 DAGs
[2026-07-24T18:19:27.567+0000] {logging_mixin.py:188} INFO - [2026-07-24T18:19:27.566+0000] {dag.py:3947} INFO - Setting next_dagrun for example_sensor_decorator to None, run_after=None
[2026-07-24T18:19:27.626+0000] {processor.py:183} INFO - Processing /home/airflow/.local/lib/python3.12/site-packages/airflow/example_dags/example_sensor_decorator.py took 0.211 seconds
[2026-07-24T18:19:58.770+0000] {processor.py:161} INFO - Started process (PID=10342) to work on /home/airflow/.local/lib/python3.12/site-packages/airflow/example_dags/example_sensor_decorator.py
[2026-07-24T18:19:58.777+0000] {processor.py:830} INFO - Processing file /home/airflow/.local/lib/python3.12/site-packages/airflow/example_dags/example_sensor_decorator.py for tasks to queue
[2026-07-24T18:19:58.781+0000] {logging_mixin.py:188} INFO - [2026-07-24T18:19:58.781+0000] {dagbag.py:545} INFO - Filling up the DagBag from /home/airflow/.local/lib/python3.12/site-packages/airflow/example_dags/example_sensor_decorator.py
[2026-07-24T18:19:58.793+0000] {processor.py:840} INFO - DAG(s) 'example_sensor_decorator' retrieved from /home/airflow/.local/lib/python3.12/site-packages/airflow/example_dags/example_sensor_decorator.py
[2026-07-24T18:19:58.836+0000] {logging_mixin.py:188} INFO - [2026-07-24T18:19:58.836+0000] {dag.py:3089} INFO - Sync 1 DAGs
[2026-07-24T18:19:58.864+0000] {logging_mixin.py:188} INFO - [2026-07-24T18:19:58.864+0000] {dag.py:3947} INFO - Setting next_dagrun for example_sensor_decorator to None, run_after=None
[2026-07-24T18:19:58.908+0000] {processor.py:183} INFO - Processing /home/airflow/.local/lib/python3.12/site-packages/airflow/example_dags/example_sensor_decorator.py took 0.147 seconds
[2026-07-24T18:20:29.736+0000] {processor.py:161} INFO - Started process (PID=10416) to work on /home/airflow/.local/lib/python3.12/site-packages/airflow/example_dags/example_sensor_decorator.py
[2026-07-24T18:20:29.739+0000] {processor.py:830} INFO - Processing file /home/airflow/.local/lib/python3.12/site-packages/airflow/example_dags/example_sensor_decorator.py for tasks to queue
[2026-07-24T18:20:29.743+0000] {logging_mixin.py:188} INFO - [2026-07-24T18:20:29.742+0000] {dagbag.py:545} INFO - Filling up the DagBag from /home/airflow/.local/lib/python3.12/site-packages/airflow/example_dags/example_sensor_decorator.py
[2026-07-24T18:20:29.758+0000] {processor.py:840} INFO - DAG(s) 'example_sensor_decorator' retrieved from /home/airflow/.local/lib/python3.12/site-packages/airflow/example_dags/example_sensor_decorator.py
[2026-07-24T18:20:29.790+0000] {logging_mixin.py:188} INFO - [2026-07-24T18:20:29.790+0000] {dag.py:3089} INFO - Sync 1 DAGs
[2026-07-24T18:20:29.811+0000] {logging_mixin.py:188} INFO - [2026-07-24T18:20:29.811+0000] {dag.py:3947} INFO - Setting next_dagrun for example_sensor_decorator to None, run_after=None
[2026-07-24T18:20:29.847+0000] {processor.py:183} INFO - Processing /home/airflow/.local/lib/python3.12/site-packages/airflow/example_dags/example_sensor_decorator.py took 0.121 seconds
[2026-07-24T18:21:01.011+0000] {processor.py:161} INFO - Started process (PID=10489) to work on /home/airflow/.local/lib/python3.12/site-packages/airflow/example_dags/example_sensor_decorator.py
[2026-07-24T18:21:01.014+0000] {processor.py:830} INFO - Processing file /home/airflow/.local/lib/python3.12/site-packages/airflow/example_dags/example_sensor_decorator.py for tasks to queue
[2026-07-24T18:21:01.018+0000] {logging_mixin.py:188} INFO - [2026-07-24T18:21:01.017+0000] {dagbag.py:545} INFO - Filling up the DagBag from /home/airflow/.local/lib/python3.12/site-packages/airflow/example_dags/example_sensor_decorator.py
[2026-07-24T18:21:01.030+0000] {processor.py:840} INFO - DAG(s) 'example_sensor_decorator' retrieved from /home/airflow/.local/lib/python3.12/site-packages/airflow/example_dags/example_sensor_decorator.py
[2026-07-24T18:21:01.068+0000] {logging_mixin.py:188} INFO - [2026-07-24T18:21:01.067+0000] {dag.py:3089} INFO - Sync 1 DAGs
[2026-07-24T18:21:01.088+0000] {logging_mixin.py:188} INFO - [2026-07-24T18:21:01.088+0000] {dag.py:3947} INFO - Setting next_dagrun for example_sensor_decorator to None, run_after=None
[2026-07-24T18:21:01.125+0000] {processor.py:183} INFO - Processing /home/airflow/.local/lib/python3.12/site-packages/airflow/example_dags/example_sensor_decorator.py took 0.124 seconds
[2026-07-24T18:21:32.447+0000] {processor.py:161} INFO - Started process (PID=10561) to work on /home/airflow/.local/lib/python3.12/site-packages/airflow/example_dags/example_sensor_decorator.py
[2026-07-24T18:21:32.449+0000] {processor.py:830} INFO - Processing file /home/airflow/.local/lib/python3.12/site-packages/airflow/example_dags/example_sensor_decorator.py for tasks to queue
[2026-07-24T18:21:32.453+0000] {logging_mixin.py:188} INFO - [2026-07-24T18:21:32.452+0000] {dagbag.py:545} INFO - Filling up the DagBag from /home/airflow/.local/lib/python3.12/site-packages/airflow/example_dags/example_sensor_decorator.py
[2026-07-24T18:21:32.464+0000] {processor.py:840} INFO - DAG(s) 'example_sensor_decorator' retrieved from /home/airflow/.local/lib/python3.12/site-packages/airflow/example_dags/example_sensor_decorator.py
[2026-07-24T18:21:32.500+0000] {logging_mixin.py:188} INFO - [2026-07-24T18:21:32.499+0000] {dag.py:3089} INFO - Sync 1 DAGs
[2026-07-24T18:21:32.521+0000] {logging_mixin.py:188} INFO - [2026-07-24T18:21:32.521+0000] {dag.py:3947} INFO - Setting next_dagrun for example_sensor_decorator to None, run_after=None
[2026-07-24T18:21:32.555+0000] {processor.py:183} INFO - Processing /home/airflow/.local/lib/python3.12/site-packages/airflow/example_dags/example_sensor_decorator.py took 0.116 seconds
[2026-07-24T18:22:03.518+0000] {processor.py:161} INFO - Started process (PID=10635) to work on /home/airflow/.local/lib/python3.12/site-packages/airflow/example_dags/example_sensor_decorator.py
[2026-07-24T18:22:03.521+0000] {processor.py:830} INFO - Processing file /home/airflow/.local/lib/python3.12/site-packages/airflow/example_dags/example_sensor_decorator.py for tasks to queue
[2026-07-24T18:22:03.526+0000] {logging_mixin.py:188} INFO - [2026-07-24T18:22:03.525+0000] {dagbag.py:545} INFO - Filling up the DagBag from /home/airflow/.local/lib/python3.12/site-packages/airflow/example_dags/example_sensor_decorator.py
[2026-07-24T18:22:03.538+0000] {processor.py:840} INFO - DAG(s) 'example_sensor_decorator' retrieved from /home/airflow/.local/lib/python3.12/site-packages/airflow/example_dags/example_sensor_decorator.py
[2026-07-24T18:22:03.575+0000] {logging_mixin.py:188} INFO - [2026-07-24T18:22:03.575+0000] {dag.py:3089} INFO - Sync 1 DAGs
[2026-07-24T18:22:03.595+0000] {logging_mixin.py:188} INFO - [2026-07-24T18:22:03.595+0000] {dag.py:3947} INFO - Setting next_dagrun for example_sensor_decorator to None, run_after=None
[2026-07-24T18:22:03.671+0000] {processor.py:183} INFO - Processing /home/airflow/.local/lib/python3.12/site-packages/airflow/example_dags/example_sensor_decorator.py took 0.162 seconds
[2026-07-24T18:22:34.826+0000] {processor.py:161} INFO - Started process (PID=10709) to work on /home/airflow/.local/lib/python3.12/site-packages/airflow/example_dags/example_sensor_decorator.py
[2026-07-24T18:22:34.828+0000] {processor.py:830} INFO - Processing file /home/airflow/.local/lib/python3.12/site-packages/airflow/example_dags/example_sensor_decorator.py for tasks to queue
[2026-07-24T18:22:34.832+0000] {logging_mixin.py:188} INFO - [2026-07-24T18:22:34.832+0000] {dagbag.py:545} INFO - Filling up the DagBag from /home/airflow/.local/lib/python3.12/site-packages/airflow/example_dags/example_sensor_decorator.py
[2026-07-24T18:22:34.844+0000] {processor.py:840} INFO - DAG(s) 'example_sensor_decorator' retrieved from /home/airflow/.local/lib/python3.12/site-packages/airflow/example_dags/example_sensor_decorator.py
[2026-07-24T18:22:34.885+0000] {logging_mixin.py:188} INFO - [2026-07-24T18:22:34.884+0000] {dag.py:3089} INFO - Sync 1 DAGs
[2026-07-24T18:22:34.934+0000] {logging_mixin.py:188} INFO - [2026-07-24T18:22:34.933+0000] {dag.py:3947} INFO - Setting next_dagrun for example_sensor_decorator to None, run_after=None
[2026-07-24T18:22:34.994+0000] {processor.py:183} INFO - Processing /home/airflow/.local/lib/python3.12/site-packages/airflow/example_dags/example_sensor_decorator.py took 0.180 seconds
[2026-07-24T18:23:05.905+0000] {processor.py:161} INFO - Started process (PID=10783) to work on /home/airflow/.local/lib/python3.12/site-packages/airflow/example_dags/example_sensor_decorator.py
[2026-07-24T18:23:05.907+0000] {processor.py:830} INFO - Processing file /home/airflow/.local/lib/python3.12/site-packages/airflow/example_dags/example_sensor_decorator.py for tasks to queue
[2026-07-24T18:23:05.910+0000] {logging_mixin.py:188} INFO - [2026-07-24T18:23:05.909+0000] {dagbag.py:545} INFO - Filling up the DagBag from /home/airflow/.local/lib/python3.12/site-packages/airflow/example_dags/example_sensor_decorator.py
[2026-07-24T18:23:05.919+0000] {processor.py:840} INFO - DAG(s) 'example_sensor_decorator' retrieved from /home/airflow/.local/lib/python3.12/site-packages/airflow/example_dags/example_sensor_decorator.py
[2026-07-24T18:23:05.948+0000] {logging_mixin.py:188} INFO - [2026-07-24T18:23:05.947+0000] {dag.py:3089} INFO - Sync 1 DAGs
[2026-07-24T18:23:05.965+0000] {logging_mixin.py:188} INFO - [2026-07-24T18:23:05.964+0000] {dag.py:3947} INFO - Setting next_dagrun for example_sensor_decorator to None, run_after=None
[2026-07-24T18:23:05.992+0000] {processor.py:183} INFO - Processing /home/airflow/.local/lib/python3.12/site-packages/airflow/example_dags/example_sensor_decorator.py took 0.095 seconds
[2026-07-24T18:23:37.563+0000] {processor.py:161} INFO - Started process (PID=10856) to work on /home/airflow/.local/lib/python3.12/site-packages/airflow/example_dags/example_sensor_decorator.py
[2026-07-24T18:23:37.566+0000] {processor.py:830} INFO - Processing file /home/airflow/.local/lib/python3.12/site-packages/airflow/example_dags/example_sensor_decorator.py for tasks to queue
[2026-07-24T18:23:37.570+0000] {logging_mixin.py:188} INFO - [2026-07-24T18:23:37.569+0000] {dagbag.py:545} INFO - Filling up the DagBag from /home/airflow/.local/lib/python3.12/site-packages/airflow/example_dags/example_sensor_decorator.py
[2026-07-24T18:23:37.585+0000] {processor.py:840} INFO - DAG(s) 'example_sensor_decorator' retrieved from /home/airflow/.local/lib/python3.12/site-packages/airflow/example_dags/example_sensor_decorator.py
[2026-07-24T18:23:37.640+0000] {logging_mixin.py:188} INFO - [2026-07-24T18:23:37.640+0000] {dag.py:3089} INFO - Sync 1 DAGs
[2026-07-24T18:23:37.673+0000] {logging_mixin.py:188} INFO - [2026-07-24T18:23:37.672+0000] {dag.py:3947} INFO - Setting next_dagrun for example_sensor_decorator to None, run_after=None
[2026-07-24T18:23:37.720+0000] {processor.py:183} INFO - Processing /home/airflow/.local/lib/python3.12/site-packages/airflow/example_dags/example_sensor_decorator.py took 0.172 seconds
[2026-07-24T18:24:08.243+0000] {processor.py:161} INFO - Started process (PID=10929) to work on /home/airflow/.local/lib/python3.12/site-packages/airflow/example_dags/example_sensor_decorator.py
[2026-07-24T18:24:08.257+0000] {processor.py:830} INFO - Processing file /home/airflow/.local/lib/python3.12/site-packages/airflow/example_dags/example_sensor_decorator.py for tasks to queue
[2026-07-24T18:24:08.295+0000] {logging_mixin.py:188} INFO - [2026-07-24T18:24:08.293+0000] {dagbag.py:545} INFO - Filling up the DagBag from /home/airflow/.local/lib/python3.12/site-packages/airflow/example_dags/example_sensor_decorator.py
[2026-07-24T18:24:08.345+0000] {processor.py:840} INFO - DAG(s) 'example_sensor_decorator' retrieved from /home/airflow/.local/lib/python3.12/site-packages/airflow/example_dags/example_sensor_decorator.py
[2026-07-24T18:24:08.484+0000] {logging_mixin.py:188} INFO - [2026-07-24T18:24:08.483+0000] {dag.py:3089} INFO - Sync 1 DAGs
[2026-07-24T18:24:08.588+0000] {logging_mixin.py:188} INFO - [2026-07-24T18:24:08.587+0000] {dag.py:3947} INFO - Setting next_dagrun for example_sensor_decorator to None, run_after=None
[2026-07-24T18:24:08.712+0000] {processor.py:183} INFO - Processing /home/airflow/.local/lib/python3.12/site-packages/airflow/example_dags/example_sensor_decorator.py took 0.518 seconds
[2026-07-24T18:24:39.250+0000] {processor.py:161} INFO - Started process (PID=11002) to work on /home/airflow/.local/lib/python3.12/site-packages/airflow/example_dags/example_sensor_decorator.py
[2026-07-24T18:24:39.252+0000] {processor.py:830} INFO - Processing file /home/airflow/.local/lib/python3.12/site-packages/airflow/example_dags/example_sensor_decorator.py for tasks to queue
[2026-07-24T18:24:39.258+0000] {logging_mixin.py:188} INFO - [2026-07-24T18:24:39.258+0000] {dagbag.py:545} INFO - Filling up the DagBag from /home/airflow/.local/lib/python3.12/site-packages/airflow/example_dags/example_sensor_decorator.py
[2026-07-24T18:24:39.274+0000] {processor.py:840} INFO - DAG(s) 'example_sensor_decorator' retrieved from /home/airflow/.local/lib/python3.12/site-packages/airflow/example_dags/example_sensor_decorator.py
[2026-07-24T18:24:39.318+0000] {logging_mixin.py:188} INFO - [2026-07-24T18:24:39.317+0000] {dag.py:3089} INFO - Sync 1 DAGs
[2026-07-24T18:24:39.351+0000] {logging_mixin.py:188} INFO - [2026-07-24T18:24:39.350+0000] {dag.py:3947} INFO - Setting next_dagrun for example_sensor_decorator to None, run_after=None
[2026-07-24T18:24:39.394+0000] {processor.py:183} INFO - Processing /home/airflow/.local/lib/python3.12/site-packages/airflow/example_dags/example_sensor_decorator.py took 0.159 seconds
[2026-07-24T18:25:11.333+0000] {processor.py:161} INFO - Started process (PID=11075) to work on /home/airflow/.local/lib/python3.12/site-packages/airflow/example_dags/example_sensor_decorator.py
[2026-07-24T18:25:11.336+0000] {processor.py:830} INFO - Processing file /home/airflow/.local/lib/python3.12/site-packages/airflow/example_dags/example_sensor_decorator.py for tasks to queue
[2026-07-24T18:25:11.342+0000] {logging_mixin.py:188} INFO - [2026-07-24T18:25:11.341+0000] {dagbag.py:545} INFO - Filling up the DagBag from /home/airflow/.local/lib/python3.12/site-packages/airflow/example_dags/example_sensor_decorator.py
[2026-07-24T18:25:11.371+0000] {processor.py:840} INFO - DAG(s) 'example_sensor_decorator' retrieved from /home/airflow/.local/lib/python3.12/site-packages/airflow/example_dags/example_sensor_decorator.py
[2026-07-24T18:25:11.459+0000] {logging_mixin.py:188} INFO - [2026-07-24T18:25:11.459+0000] {dag.py:3089} INFO - Sync 1 DAGs
[2026-07-24T18:25:11.510+0000] {logging_mixin.py:188} INFO - [2026-07-24T18:25:11.508+0000] {dag.py:3947} INFO - Setting next_dagrun for example_sensor_decorator to None, run_after=None
[2026-07-24T18:25:11.588+0000] {processor.py:183} INFO - Processing /home/airflow/.local/lib/python3.12/site-packages/airflow/example_dags/example_sensor_decorator.py took 0.272 seconds
[2026-07-24T18:25:44.058+0000] {processor.py:161} INFO - Started process (PID=11149) to work on /home/airflow/.local/lib/python3.12/site-packages/airflow/example_dags/example_sensor_decorator.py
[2026-07-24T18:25:44.062+0000] {processor.py:830} INFO - Processing file /home/airflow/.local/lib/python3.12/site-packages/airflow/example_dags/example_sensor_decorator.py for tasks to queue
[2026-07-24T18:25:44.073+0000] {logging_mixin.py:188} INFO - [2026-07-24T18:25:44.072+0000] {dagbag.py:545} INFO - Filling up the DagBag from /home/airflow/.local/lib/python3.12/site-packages/airflow/example_dags/example_sensor_decorator.py
[2026-07-24T18:25:44.109+0000] {processor.py:840} INFO - DAG(s) 'example_sensor_decorator' retrieved from /home/airflow/.local/lib/python3.12/site-packages/airflow/example_dags/example_sensor_decorator.py
[2026-07-24T18:25:44.207+0000] {logging_mixin.py:188} INFO - [2026-07-24T18:25:44.206+0000] {dag.py:3089} INFO - Sync 1 DAGs
[2026-07-24T18:25:44.318+0000] {logging_mixin.py:188} INFO - [2026-07-24T18:25:44.317+0000] {dag.py:3947} INFO - Setting next_dagrun for example_sensor_decorator to None, run_after=None
[2026-07-24T18:25:44.430+0000] {processor.py:183} INFO - Processing /home/airflow/.local/lib/python3.12/site-packages/airflow/example_dags/example_sensor_decorator.py took 0.412 seconds
[2026-07-24T18:26:15.559+0000] {processor.py:161} INFO - Started process (PID=11222) to work on /home/airflow/.local/lib/python3.12/site-packages/airflow/example_dags/example_sensor_decorator.py
[2026-07-24T18:26:15.563+0000] {processor.py:830} INFO - Processing file /home/airflow/.local/lib/python3.12/site-packages/airflow/example_dags/example_sensor_decorator.py for tasks to queue
[2026-07-24T18:26:15.569+0000] {logging_mixin.py:188} INFO - [2026-07-24T18:26:15.568+0000] {dagbag.py:545} INFO - Filling up the DagBag from /home/airflow/.local/lib/python3.12/site-packages/airflow/example_dags/example_sensor_decorator.py
[2026-07-24T18:26:15.588+0000] {processor.py:840} INFO - DAG(s) 'example_sensor_decorator' retrieved from /home/airflow/.local/lib/python3.12/site-packages/airflow/example_dags/example_sensor_decorator.py
[2026-07-24T18:26:15.630+0000] {logging_mixin.py:188} INFO - [2026-07-24T18:26:15.630+0000] {dag.py:3089} INFO - Sync 1 DAGs
[2026-07-24T18:26:15.654+0000] {logging_mixin.py:188} INFO - [2026-07-24T18:26:15.654+0000] {dag.py:3947} INFO - Setting next_dagrun for example_sensor_decorator to None, run_after=None
[2026-07-24T18:26:15.695+0000] {processor.py:183} INFO - Processing /home/airflow/.local/lib/python3.12/site-packages/airflow/example_dags/example_sensor_decorator.py took 0.147 seconds
[2026-07-24T18:26:46.414+0000] {processor.py:161} INFO - Started process (PID=11295) to work on /home/airflow/.local/lib/python3.12/site-packages/airflow/example_dags/example_sensor_decorator.py
[2026-07-24T18:26:46.417+0000] {processor.py:830} INFO - Processing file /home/airflow/.local/lib/python3.12/site-packages/airflow/example_dags/example_sensor_decorator.py for tasks to queue
[2026-07-24T18:26:46.422+0000] {logging_mixin.py:188} INFO - [2026-07-24T18:26:46.421+0000] {dagbag.py:545} INFO - Filling up the DagBag from /home/airflow/.local/lib/python3.12/site-packages/airflow/example_dags/example_sensor_decorator.py
[2026-07-24T18:26:46.434+0000] {processor.py:840} INFO - DAG(s) 'example_sensor_decorator' retrieved from /home/airflow/.local/lib/python3.12/site-packages/airflow/example_dags/example_sensor_decorator.py
[2026-07-24T18:26:46.479+0000] {logging_mixin.py:188} INFO - [2026-07-24T18:26:46.478+0000] {dag.py:3089} INFO - Sync 1 DAGs
[2026-07-24T18:26:46.510+0000] {logging_mixin.py:188} INFO - [2026-07-24T18:26:46.510+0000] {dag.py:3947} INFO - Setting next_dagrun for example_sensor_decorator to None, run_after=None
[2026-07-24T18:26:46.548+0000] {processor.py:183} INFO - Processing /home/airflow/.local/lib/python3.12/site-packages/airflow/example_dags/example_sensor_decorator.py took 0.143 seconds
[2026-07-24T18:27:18.058+0000] {processor.py:161} INFO - Started process (PID=11368) to work on /home/airflow/.local/lib/python3.12/site-packages/airflow/example_dags/example_sensor_decorator.py
[2026-07-24T18:27:18.062+0000] {processor.py:830} INFO - Processing file /home/airflow/.local/lib/python3.12/site-packages/airflow/example_dags/example_sensor_decorator.py for tasks to queue
[2026-07-24T18:27:18.068+0000] {logging_mixin.py:188} INFO - [2026-07-24T18:27:18.067+0000] {dagbag.py:545} INFO - Filling up the DagBag from /home/airflow/.local/lib/python3.12/site-packages/airflow/example_dags/example_sensor_decorator.py
[2026-07-24T18:27:18.087+0000] {processor.py:840} INFO - DAG(s) 'example_sensor_decorator' retrieved from /home/airflow/.local/lib/python3.12/site-packages/airflow/example_dags/example_sensor_decorator.py
[2026-07-24T18:27:18.134+0000] {logging_mixin.py:188} INFO - [2026-07-24T18:27:18.134+0000] {dag.py:3089} INFO - Sync 1 DAGs
[2026-07-24T18:27:18.163+0000] {logging_mixin.py:188} INFO - [2026-07-24T18:27:18.163+0000] {dag.py:3947} INFO - Setting next_dagrun for example_sensor_decorator to None, run_after=None
[2026-07-24T18:27:18.206+0000] {processor.py:183} INFO - Processing /home/airflow/.local/lib/python3.12/site-packages/airflow/example_dags/example_sensor_decorator.py took 0.162 seconds
[2026-07-24T18:27:49.185+0000] {processor.py:161} INFO - Started process (PID=11441) to work on /home/airflow/.local/lib/python3.12/site-packages/airflow/example_dags/example_sensor_decorator.py
[2026-07-24T18:27:49.188+0000] {processor.py:830} INFO - Processing file /home/airflow/.local/lib/python3.12/site-packages/airflow/example_dags/example_sensor_decorator.py for tasks to queue
[2026-07-24T18:27:49.194+0000] {logging_mixin.py:188} INFO - [2026-07-24T18:27:49.193+0000] {dagbag.py:545} INFO - Filling up the DagBag from /home/airflow/.local/lib/python3.12/site-packages/airflow/example_dags/example_sensor_decorator.py
[2026-07-24T18:27:49.211+0000] {processor.py:840} INFO - DAG(s) 'example_sensor_decorator' retrieved from /home/airflow/.local/lib/python3.12/site-packages/airflow/example_dags/example_sensor_decorator.py
[2026-07-24T18:27:49.266+0000] {logging_mixin.py:188} INFO - [2026-07-24T18:27:49.265+0000] {dag.py:3089} INFO - Sync 1 DAGs
[2026-07-24T18:27:49.298+0000] {logging_mixin.py:188} INFO - [2026-07-24T18:27:49.298+0000] {dag.py:3947} INFO - Setting next_dagrun for example_sensor_decorator to None, run_after=None
[2026-07-24T18:27:49.349+0000] {processor.py:183} INFO - Processing /home/airflow/.local/lib/python3.12/site-packages/airflow/example_dags/example_sensor_decorator.py took 0.187 seconds
[2026-07-24T18:28:20.322+0000] {processor.py:161} INFO - Started process (PID=11515) to work on /home/airflow/.local/lib/python3.12/site-packages/airflow/example_dags/example_sensor_decorator.py
[2026-07-24T18:28:20.325+0000] {processor.py:830} INFO - Processing file /home/airflow/.local/lib/python3.12/site-packages/airflow/example_dags/example_sensor_decorator.py for tasks to queue
[2026-07-24T18:28:20.329+0000] {logging_mixin.py:188} INFO - [2026-07-24T18:28:20.329+0000] {dagbag.py:545} INFO - Filling up the DagBag from /home/airflow/.local/lib/python3.12/site-packages/airflow/example_dags/example_sensor_decorator.py
[2026-07-24T18:28:20.339+0000] {processor.py:840} INFO - DAG(s) 'example_sensor_decorator' retrieved from /home/airflow/.local/lib/python3.12/site-packages/airflow/example_dags/example_sensor_decorator.py
[2026-07-24T18:28:20.373+0000] {logging_mixin.py:188} INFO - [2026-07-24T18:28:20.373+0000] {dag.py:3089} INFO - Sync 1 DAGs
[2026-07-24T18:28:20.394+0000] {logging_mixin.py:188} INFO - [2026-07-24T18:28:20.393+0000] {dag.py:3947} INFO - Setting next_dagrun for example_sensor_decorator to None, run_after=None
[2026-07-24T18:28:20.427+0000] {processor.py:183} INFO - Processing /home/airflow/.local/lib/python3.12/site-packages/airflow/example_dags/example_sensor_decorator.py took 0.112 seconds
[2026-07-24T18:28:51.048+0000] {processor.py:161} INFO - Started process (PID=11590) to work on /home/airflow/.local/lib/python3.12/site-packages/airflow/example_dags/example_sensor_decorator.py
[2026-07-24T18:28:51.050+0000] {processor.py:830} INFO - Processing file /home/airflow/.local/lib/python3.12/site-packages/airflow/example_dags/example_sensor_decorator.py for tasks to queue
[2026-07-24T18:28:51.054+0000] {logging_mixin.py:188} INFO - [2026-07-24T18:28:51.054+0000] {dagbag.py:545} INFO - Filling up the DagBag from /home/airflow/.local/lib/python3.12/site-packages/airflow/example_dags/example_sensor_decorator.py
[2026-07-24T18:28:51.073+0000] {processor.py:840} INFO - DAG(s) 'example_sensor_decorator' retrieved from /home/airflow/.local/lib/python3.12/site-packages/airflow/example_dags/example_sensor_decorator.py
[2026-07-24T18:28:51.109+0000] {logging_mixin.py:188} INFO - [2026-07-24T18:28:51.109+0000] {dag.py:3089} INFO - Sync 1 DAGs
[2026-07-24T18:28:51.129+0000] {logging_mixin.py:188} INFO - [2026-07-24T18:28:51.129+0000] {dag.py:3947} INFO - Setting next_dagrun for example_sensor_decorator to None, run_after=None
[2026-07-24T18:28:51.161+0000] {processor.py:183} INFO - Processing /home/airflow/.local/lib/python3.12/site-packages/airflow/example_dags/example_sensor_decorator.py took 0.121 seconds
[2026-07-24T18:29:23.361+0000] {processor.py:161} INFO - Started process (PID=11663) to work on /home/airflow/.local/lib/python3.12/site-packages/airflow/example_dags/example_sensor_decorator.py
[2026-07-24T18:29:23.368+0000] {processor.py:830} INFO - Processing file /home/airflow/.local/lib/python3.12/site-packages/airflow/example_dags/example_sensor_decorator.py for tasks to queue
[2026-07-24T18:29:23.375+0000] {logging_mixin.py:188} INFO - [2026-07-24T18:29:23.374+0000] {dagbag.py:545} INFO - Filling up the DagBag from /home/airflow/.local/lib/python3.12/site-packages/airflow/example_dags/example_sensor_decorator.py
[2026-07-24T18:29:23.399+0000] {processor.py:840} INFO - DAG(s) 'example_sensor_decorator' retrieved from /home/airflow/.local/lib/python3.12/site-packages/airflow/example_dags/example_sensor_decorator.py
[2026-07-24T18:29:23.460+0000] {logging_mixin.py:188} INFO - [2026-07-24T18:29:23.459+0000] {dag.py:3089} INFO - Sync 1 DAGs
[2026-07-24T18:29:23.515+0000] {logging_mixin.py:188} INFO - [2026-07-24T18:29:23.514+0000] {dag.py:3947} INFO - Setting next_dagrun for example_sensor_decorator to None, run_after=None
[2026-07-24T18:29:23.600+0000] {processor.py:183} INFO - Processing /home/airflow/.local/lib/python3.12/site-packages/airflow/example_dags/example_sensor_decorator.py took 0.256 seconds
[2026-07-24T18:29:54.834+0000] {processor.py:161} INFO - Started process (PID=11736) to work on /home/airflow/.local/lib/python3.12/site-packages/airflow/example_dags/example_sensor_decorator.py
[2026-07-24T18:29:54.837+0000] {processor.py:830} INFO - Processing file /home/airflow/.local/lib/python3.12/site-packages/airflow/example_dags/example_sensor_decorator.py for tasks to queue
[2026-07-24T18:29:54.841+0000] {logging_mixin.py:188} INFO - [2026-07-24T18:29:54.840+0000] {dagbag.py:545} INFO - Filling up the DagBag from /home/airflow/.local/lib/python3.12/site-packages/airflow/example_dags/example_sensor_decorator.py
[2026-07-24T18:29:54.853+0000] {processor.py:840} INFO - DAG(s) 'example_sensor_decorator' retrieved from /home/airflow/.local/lib/python3.12/site-packages/airflow/example_dags/example_sensor_decorator.py
[2026-07-24T18:29:54.888+0000] {logging_mixin.py:188} INFO - [2026-07-24T18:29:54.888+0000] {dag.py:3089} INFO - Sync 1 DAGs
[2026-07-24T18:29:54.907+0000] {logging_mixin.py:188} INFO - [2026-07-24T18:29:54.907+0000] {dag.py:3947} INFO - Setting next_dagrun for example_sensor_decorator to None, run_after=None
[2026-07-24T18:29:54.938+0000] {processor.py:183} INFO - Processing /home/airflow/.local/lib/python3.12/site-packages/airflow/example_dags/example_sensor_decorator.py took 0.113 seconds
[2026-07-24T18:30:27.389+0000] {processor.py:161} INFO - Started process (PID=11810) to work on /home/airflow/.local/lib/python3.12/site-packages/airflow/example_dags/example_sensor_decorator.py
[2026-07-24T18:30:27.393+0000] {processor.py:830} INFO - Processing file /home/airflow/.local/lib/python3.12/site-packages/airflow/example_dags/example_sensor_decorator.py for tasks to queue
[2026-07-24T18:30:27.399+0000] {logging_mixin.py:188} INFO - [2026-07-24T18:30:27.398+0000] {dagbag.py:545} INFO - Filling up the DagBag from /home/airflow/.local/lib/python3.12/site-packages/airflow/example_dags/example_sensor_decorator.py
[2026-07-24T18:30:27.417+0000] {processor.py:840} INFO - DAG(s) 'example_sensor_decorator' retrieved from /home/airflow/.local/lib/python3.12/site-packages/airflow/example_dags/example_sensor_decorator.py
[2026-07-24T18:30:27.465+0000] {logging_mixin.py:188} INFO - [2026-07-24T18:30:27.465+0000] {dag.py:3089} INFO - Sync 1 DAGs
[2026-07-24T18:30:27.492+0000] {logging_mixin.py:188} INFO - [2026-07-24T18:30:27.492+0000] {dag.py:3947} INFO - Setting next_dagrun for example_sensor_decorator to None, run_after=None
[2026-07-24T18:30:27.523+0000] {processor.py:183} INFO - Processing /home/airflow/.local/lib/python3.12/site-packages/airflow/example_dags/example_sensor_decorator.py took 0.152 seconds
[2026-07-24T18:30:57.861+0000] {processor.py:161} INFO - Started process (PID=11883) to work on /home/airflow/.local/lib/python3.12/site-packages/airflow/example_dags/example_sensor_decorator.py
[2026-07-24T18:30:57.863+0000] {processor.py:830} INFO - Processing file /home/airflow/.local/lib/python3.12/site-packages/airflow/example_dags/example_sensor_decorator.py for tasks to queue
[2026-07-24T18:30:57.866+0000] {logging_mixin.py:188} INFO - [2026-07-24T18:30:57.866+0000] {dagbag.py:545} INFO - Filling up the DagBag from /home/airflow/.local/lib/python3.12/site-packages/airflow/example_dags/example_sensor_decorator.py
[2026-07-24T18:30:57.877+0000] {processor.py:840} INFO - DAG(s) 'example_sensor_decorator' retrieved from /home/airflow/.local/lib/python3.12/site-packages/airflow/example_dags/example_sensor_decorator.py
[2026-07-24T18:30:57.908+0000] {logging_mixin.py:188} INFO - [2026-07-24T18:30:57.907+0000] {dag.py:3089} INFO - Sync 1 DAGs
[2026-07-24T18:30:57.925+0000] {logging_mixin.py:188} INFO - [2026-07-24T18:30:57.925+0000] {dag.py:3947} INFO - Setting next_dagrun for example_sensor_decorator to None, run_after=None
[2026-07-24T18:30:57.956+0000] {processor.py:183} INFO - Processing /home/airflow/.local/lib/python3.12/site-packages/airflow/example_dags/example_sensor_decorator.py took 0.103 seconds
[2026-07-24T18:31:29.194+0000] {processor.py:161} INFO - Started process (PID=11955) to work on /home/airflow/.local/lib/python3.12/site-packages/airflow/example_dags/example_sensor_decorator.py
[2026-07-24T18:31:29.196+0000] {processor.py:830} INFO - Processing file /home/airflow/.local/lib/python3.12/site-packages/airflow/example_dags/example_sensor_decorator.py for tasks to queue
[2026-07-24T18:31:29.200+0000] {logging_mixin.py:188} INFO - [2026-07-24T18:31:29.200+0000] {dagbag.py:545} INFO - Filling up the DagBag from /home/airflow/.local/lib/python3.12/site-packages/airflow/example_dags/example_sensor_decorator.py
[2026-07-24T18:31:29.210+0000] {processor.py:840} INFO - DAG(s) 'example_sensor_decorator' retrieved from /home/airflow/.local/lib/python3.12/site-packages/airflow/example_dags/example_sensor_decorator.py
[2026-07-24T18:31:29.246+0000] {logging_mixin.py:188} INFO - [2026-07-24T18:31:29.245+0000] {dag.py:3089} INFO - Sync 1 DAGs
[2026-07-24T18:31:29.266+0000] {logging_mixin.py:188} INFO - [2026-07-24T18:31:29.266+0000] {dag.py:3947} INFO - Setting next_dagrun for example_sensor_decorator to None, run_after=None
[2026-07-24T18:31:29.298+0000] {processor.py:183} INFO - Processing /home/airflow/.local/lib/python3.12/site-packages/airflow/example_dags/example_sensor_decorator.py took 0.111 seconds
[2026-07-24T18:32:00.403+0000] {processor.py:161} INFO - Started process (PID=12028) to work on /home/airflow/.local/lib/python3.12/site-packages/airflow/example_dags/example_sensor_decorator.py
[2026-07-24T18:32:00.407+0000] {processor.py:830} INFO - Processing file /home/airflow/.local/lib/python3.12/site-packages/airflow/example_dags/example_sensor_decorator.py for tasks to queue
[2026-07-24T18:32:00.412+0000] {logging_mixin.py:188} INFO - [2026-07-24T18:32:00.411+0000] {dagbag.py:545} INFO - Filling up the DagBag from /home/airflow/.local/lib/python3.12/site-packages/airflow/example_dags/example_sensor_decorator.py
[2026-07-24T18:32:00.424+0000] {processor.py:840} INFO - DAG(s) 'example_sensor_decorator' retrieved from /home/airflow/.local/lib/python3.12/site-packages/airflow/example_dags/example_sensor_decorator.py
[2026-07-24T18:32:00.463+0000] {logging_mixin.py:188} INFO - [2026-07-24T18:32:00.463+0000] {dag.py:3089} INFO - Sync 1 DAGs
[2026-07-24T18:32:00.492+0000] {logging_mixin.py:188} INFO - [2026-07-24T18:32:00.491+0000] {dag.py:3947} INFO - Setting next_dagrun for example_sensor_decorator to None, run_after=None
[2026-07-24T18:32:00.534+0000] {processor.py:183} INFO - Processing /home/airflow/.local/lib/python3.12/site-packages/airflow/example_dags/example_sensor_decorator.py took 0.141 seconds
[2026-07-24T18:32:31.897+0000] {processor.py:161} INFO - Started process (PID=12101) to work on /home/airflow/.local/lib/python3.12/site-packages/airflow/example_dags/example_sensor_decorator.py
[2026-07-24T18:32:31.900+0000] {processor.py:830} INFO - Processing file /home/airflow/.local/lib/python3.12/site-packages/airflow/example_dags/example_sensor_decorator.py for tasks to queue
[2026-07-24T18:32:31.909+0000] {logging_mixin.py:188} INFO - [2026-07-24T18:32:31.907+0000] {dagbag.py:545} INFO - Filling up the DagBag from /home/airflow/.local/lib/python3.12/site-packages/airflow/example_dags/example_sensor_decorator.py
[2026-07-24T18:32:31.933+0000] {processor.py:840} INFO - DAG(s) 'example_sensor_decorator' retrieved from /home/airflow/.local/lib/python3.12/site-packages/airflow/example_dags/example_sensor_decorator.py
[2026-07-24T18:32:31.991+0000] {logging_mixin.py:188} INFO - [2026-07-24T18:32:31.990+0000] {dag.py:3089} INFO - Sync 1 DAGs
[2026-07-24T18:32:32.026+0000] {logging_mixin.py:188} INFO - [2026-07-24T18:32:32.026+0000] {dag.py:3947} INFO - Setting next_dagrun for example_sensor_decorator to None, run_after=None
[2026-07-24T18:32:32.099+0000] {processor.py:183} INFO - Processing /home/airflow/.local/lib/python3.12/site-packages/airflow/example_dags/example_sensor_decorator.py took 0.222 seconds
[2026-07-24T18:33:04.056+0000] {processor.py:161} INFO - Started process (PID=12174) to work on /home/airflow/.local/lib/python3.12/site-packages/airflow/example_dags/example_sensor_decorator.py
[2026-07-24T18:33:04.058+0000] {processor.py:830} INFO - Processing file /home/airflow/.local/lib/python3.12/site-packages/airflow/example_dags/example_sensor_decorator.py for tasks to queue
[2026-07-24T18:33:04.063+0000] {logging_mixin.py:188} INFO - [2026-07-24T18:33:04.062+0000] {dagbag.py:545} INFO - Filling up the DagBag from /home/airflow/.local/lib/python3.12/site-packages/airflow/example_dags/example_sensor_decorator.py
[2026-07-24T18:33:04.078+0000] {processor.py:840} INFO - DAG(s) 'example_sensor_decorator' retrieved from /home/airflow/.local/lib/python3.12/site-packages/airflow/example_dags/example_sensor_decorator.py
[2026-07-24T18:33:04.114+0000] {logging_mixin.py:188} INFO - [2026-07-24T18:33:04.114+0000] {dag.py:3089} INFO - Sync 1 DAGs
[2026-07-24T18:33:04.136+0000] {logging_mixin.py:188} INFO - [2026-07-24T18:33:04.136+0000] {dag.py:3947} INFO - Setting next_dagrun for example_sensor_decorator to None, run_after=None
[2026-07-24T18:33:04.193+0000] {processor.py:183} INFO - Processing /home/airflow/.local/lib/python3.12/site-packages/airflow/example_dags/example_sensor_decorator.py took 0.147 seconds
[2026-07-24T18:33:36.666+0000] {processor.py:161} INFO - Started process (PID=12247) to work on /home/airflow/.local/lib/python3.12/site-packages/airflow/example_dags/example_sensor_decorator.py
[2026-07-24T18:33:36.668+0000] {processor.py:830} INFO - Processing file /home/airflow/.local/lib/python3.12/site-packages/airflow/example_dags/example_sensor_decorator.py for tasks to queue
[2026-07-24T18:33:36.674+0000] {logging_mixin.py:188} INFO - [2026-07-24T18:33:36.672+0000] {dagbag.py:545} INFO - Filling up the DagBag from /home/airflow/.local/lib/python3.12/site-packages/airflow/example_dags/example_sensor_decorator.py
[2026-07-24T18:33:36.690+0000] {processor.py:840} INFO - DAG(s) 'example_sensor_decorator' retrieved from /home/airflow/.local/lib/python3.12/site-packages/airflow/example_dags/example_sensor_decorator.py
[2026-07-24T18:33:36.744+0000] {logging_mixin.py:188} INFO - [2026-07-24T18:33:36.744+0000] {dag.py:3089} INFO - Sync 1 DAGs
[2026-07-24T18:33:36.767+0000] {logging_mixin.py:188} INFO - [2026-07-24T18:33:36.767+0000] {dag.py:3947} INFO - Setting next_dagrun for example_sensor_decorator to None, run_after=None
[2026-07-24T18:33:36.815+0000] {processor.py:183} INFO - Processing /home/airflow/.local/lib/python3.12/site-packages/airflow/example_dags/example_sensor_decorator.py took 0.164 seconds
[2026-07-24T18:34:08.154+0000] {processor.py:161} INFO - Started process (PID=12320) to work on /home/airflow/.local/lib/python3.12/site-packages/airflow/example_dags/example_sensor_decorator.py
[2026-07-24T18:34:08.157+0000] {processor.py:830} INFO - Processing file /home/airflow/.local/lib/python3.12/site-packages/airflow/example_dags/example_sensor_decorator.py for tasks to queue
[2026-07-24T18:34:08.161+0000] {logging_mixin.py:188} INFO - [2026-07-24T18:34:08.160+0000] {dagbag.py:545} INFO - Filling up the DagBag from /home/airflow/.local/lib/python3.12/site-packages/airflow/example_dags/example_sensor_decorator.py
[2026-07-24T18:34:08.182+0000] {processor.py:840} INFO - DAG(s) 'example_sensor_decorator' retrieved from /home/airflow/.local/lib/python3.12/site-packages/airflow/example_dags/example_sensor_decorator.py
[2026-07-24T18:34:08.239+0000] {logging_mixin.py:188} INFO - [2026-07-24T18:34:08.239+0000] {dag.py:3089} INFO - Sync 1 DAGs
[2026-07-24T18:34:08.283+0000] {logging_mixin.py:188} INFO - [2026-07-24T18:34:08.282+0000] {dag.py:3947} INFO - Setting next_dagrun for example_sensor_decorator to None, run_after=None
[2026-07-24T18:34:08.338+0000] {processor.py:183} INFO - Processing /home/airflow/.local/lib/python3.12/site-packages/airflow/example_dags/example_sensor_decorator.py took 0.195 seconds
[2026-07-24T18:34:39.746+0000] {processor.py:161} INFO - Started process (PID=12393) to work on /home/airflow/.local/lib/python3.12/site-packages/airflow/example_dags/example_sensor_decorator.py
[2026-07-24T18:34:39.748+0000] {processor.py:830} INFO - Processing file /home/airflow/.local/lib/python3.12/site-packages/airflow/example_dags/example_sensor_decorator.py for tasks to queue
[2026-07-24T18:34:39.753+0000] {logging_mixin.py:188} INFO - [2026-07-24T18:34:39.752+0000] {dagbag.py:545} INFO - Filling up the DagBag from /home/airflow/.local/lib/python3.12/site-packages/airflow/example_dags/example_sensor_decorator.py
[2026-07-24T18:34:39.774+0000] {processor.py:840} INFO - DAG(s) 'example_sensor_decorator' retrieved from /home/airflow/.local/lib/python3.12/site-packages/airflow/example_dags/example_sensor_decorator.py
[2026-07-24T18:34:39.804+0000] {logging_mixin.py:188} INFO - [2026-07-24T18:34:39.804+0000] {dag.py:3089} INFO - Sync 1 DAGs
[2026-07-24T18:34:39.824+0000] {logging_mixin.py:188} INFO - [2026-07-24T18:34:39.823+0000] {dag.py:3947} INFO - Setting next_dagrun for example_sensor_decorator to None, run_after=None
[2026-07-24T18:34:39.853+0000] {processor.py:183} INFO - Processing /home/airflow/.local/lib/python3.12/site-packages/airflow/example_dags/example_sensor_decorator.py took 0.116 seconds
[2026-07-24T18:35:13.095+0000] {processor.py:161} INFO - Started process (PID=12466) to work on /home/airflow/.local/lib/python3.12/site-packages/airflow/example_dags/example_sensor_decorator.py
[2026-07-24T18:35:13.099+0000] {processor.py:830} INFO - Processing file /home/airflow/.local/lib/python3.12/site-packages/airflow/example_dags/example_sensor_decorator.py for tasks to queue
[2026-07-24T18:35:13.108+0000] {logging_mixin.py:188} INFO - [2026-07-24T18:35:13.107+0000] {dagbag.py:545} INFO - Filling up the DagBag from /home/airflow/.local/lib/python3.12/site-packages/airflow/example_dags/example_sensor_decorator.py
[2026-07-24T18:35:13.148+0000] {processor.py:840} INFO - DAG(s) 'example_sensor_decorator' retrieved from /home/airflow/.local/lib/python3.12/site-packages/airflow/example_dags/example_sensor_decorator.py
[2026-07-24T18:35:13.234+0000] {logging_mixin.py:188} INFO - [2026-07-24T18:35:13.233+0000] {dag.py:3089} INFO - Sync 1 DAGs
[2026-07-24T18:35:13.285+0000] {logging_mixin.py:188} INFO - [2026-07-24T18:35:13.284+0000] {dag.py:3947} INFO - Setting next_dagrun for example_sensor_decorator to None, run_after=None
[2026-07-24T18:35:13.387+0000] {processor.py:183} INFO - Processing /home/airflow/.local/lib/python3.12/site-packages/airflow/example_dags/example_sensor_decorator.py took 0.317 seconds
[2026-07-24T18:35:45.029+0000] {processor.py:161} INFO - Started process (PID=12539) to work on /home/airflow/.local/lib/python3.12/site-packages/airflow/example_dags/example_sensor_decorator.py
[2026-07-24T18:35:45.032+0000] {processor.py:830} INFO - Processing file /home/airflow/.local/lib/python3.12/site-packages/airflow/example_dags/example_sensor_decorator.py for tasks to queue
[2026-07-24T18:35:45.039+0000] {logging_mixin.py:188} INFO - [2026-07-24T18:35:45.038+0000] {dagbag.py:545} INFO - Filling up the DagBag from /home/airflow/.local/lib/python3.12/site-packages/airflow/example_dags/example_sensor_decorator.py
[2026-07-24T18:35:45.054+0000] {processor.py:840} INFO - DAG(s) 'example_sensor_decorator' retrieved from /home/airflow/.local/lib/python3.12/site-packages/airflow/example_dags/example_sensor_decorator.py
[2026-07-24T18:35:45.098+0000] {logging_mixin.py:188} INFO - [2026-07-24T18:35:45.097+0000] {dag.py:3089} INFO - Sync 1 DAGs
[2026-07-24T18:35:45.151+0000] {logging_mixin.py:188} INFO - [2026-07-24T18:35:45.150+0000] {dag.py:3947} INFO - Setting next_dagrun for example_sensor_decorator to None, run_after=None
[2026-07-24T18:35:45.207+0000] {processor.py:183} INFO - Processing /home/airflow/.local/lib/python3.12/site-packages/airflow/example_dags/example_sensor_decorator.py took 0.190 seconds
[2026-07-24T18:36:17.054+0000] {processor.py:161} INFO - Started process (PID=12612) to work on /home/airflow/.local/lib/python3.12/site-packages/airflow/example_dags/example_sensor_decorator.py
[2026-07-24T18:36:17.057+0000] {processor.py:830} INFO - Processing file /home/airflow/.local/lib/python3.12/site-packages/airflow/example_dags/example_sensor_decorator.py for tasks to queue
[2026-07-24T18:36:17.062+0000] {logging_mixin.py:188} INFO - [2026-07-24T18:36:17.061+0000] {dagbag.py:545} INFO - Filling up the DagBag from /home/airflow/.local/lib/python3.12/site-packages/airflow/example_dags/example_sensor_decorator.py
[2026-07-24T18:36:17.079+0000] {processor.py:840} INFO - DAG(s) 'example_sensor_decorator' retrieved from /home/airflow/.local/lib/python3.12/site-packages/airflow/example_dags/example_sensor_decorator.py
[2026-07-24T18:36:17.118+0000] {logging_mixin.py:188} INFO - [2026-07-24T18:36:17.118+0000] {dag.py:3089} INFO - Sync 1 DAGs
[2026-07-24T18:36:17.152+0000] {logging_mixin.py:188} INFO - [2026-07-24T18:36:17.151+0000] {dag.py:3947} INFO - Setting next_dagrun for example_sensor_decorator to None, run_after=None
[2026-07-24T18:36:17.200+0000] {processor.py:183} INFO - Processing /home/airflow/.local/lib/python3.12/site-packages/airflow/example_dags/example_sensor_decorator.py took 0.164 seconds
[2026-07-24T18:36:48.479+0000] {processor.py:161} INFO - Started process (PID=12683) to work on /home/airflow/.local/lib/python3.12/site-packages/airflow/example_dags/example_sensor_decorator.py
[2026-07-24T18:36:48.481+0000] {processor.py:830} INFO - Processing file /home/airflow/.local/lib/python3.12/site-packages/airflow/example_dags/example_sensor_decorator.py for tasks to queue
[2026-07-24T18:36:48.485+0000] {logging_mixin.py:188} INFO - [2026-07-24T18:36:48.485+0000] {dagbag.py:545} INFO - Filling up the DagBag from /home/airflow/.local/lib/python3.12/site-packages/airflow/example_dags/example_sensor_decorator.py
[2026-07-24T18:36:48.495+0000] {processor.py:840} INFO - DAG(s) 'example_sensor_decorator' retrieved from /home/airflow/.local/lib/python3.12/site-packages/airflow/example_dags/example_sensor_decorator.py
[2026-07-24T18:36:48.534+0000] {logging_mixin.py:188} INFO - [2026-07-24T18:36:48.533+0000] {dag.py:3089} INFO - Sync 1 DAGs
[2026-07-24T18:36:48.553+0000] {logging_mixin.py:188} INFO - [2026-07-24T18:36:48.553+0000] {dag.py:3947} INFO - Setting next_dagrun for example_sensor_decorator to None, run_after=None
[2026-07-24T18:36:48.586+0000] {processor.py:183} INFO - Processing /home/airflow/.local/lib/python3.12/site-packages/airflow/example_dags/example_sensor_decorator.py took 0.115 seconds
[2026-07-24T18:37:20.240+0000] {processor.py:161} INFO - Started process (PID=12756) to work on /home/airflow/.local/lib/python3.12/site-packages/airflow/example_dags/example_sensor_decorator.py
[2026-07-24T18:37:20.243+0000] {processor.py:830} INFO - Processing file /home/airflow/.local/lib/python3.12/site-packages/airflow/example_dags/example_sensor_decorator.py for tasks to queue
[2026-07-24T18:37:20.248+0000] {logging_mixin.py:188} INFO - [2026-07-24T18:37:20.247+0000] {dagbag.py:545} INFO - Filling up the DagBag from /home/airflow/.local/lib/python3.12/site-packages/airflow/example_dags/example_sensor_decorator.py
[2026-07-24T18:37:20.262+0000] {processor.py:840} INFO - DAG(s) 'example_sensor_decorator' retrieved from /home/airflow/.local/lib/python3.12/site-packages/airflow/example_dags/example_sensor_decorator.py
[2026-07-24T18:37:20.352+0000] {logging_mixin.py:188} INFO - [2026-07-24T18:37:20.351+0000] {dag.py:3089} INFO - Sync 1 DAGs
[2026-07-24T18:37:20.438+0000] {logging_mixin.py:188} INFO - [2026-07-24T18:37:20.436+0000] {dag.py:3947} INFO - Setting next_dagrun for example_sensor_decorator to None, run_after=None
[2026-07-24T18:37:20.498+0000] {processor.py:183} INFO - Processing /home/airflow/.local/lib/python3.12/site-packages/airflow/example_dags/example_sensor_decorator.py took 0.270 seconds
[2026-07-24T18:37:51.874+0000] {processor.py:161} INFO - Started process (PID=12829) to work on /home/airflow/.local/lib/python3.12/site-packages/airflow/example_dags/example_sensor_decorator.py
[2026-07-24T18:37:51.876+0000] {processor.py:830} INFO - Processing file /home/airflow/.local/lib/python3.12/site-packages/airflow/example_dags/example_sensor_decorator.py for tasks to queue
[2026-07-24T18:37:51.880+0000] {logging_mixin.py:188} INFO - [2026-07-24T18:37:51.880+0000] {dagbag.py:545} INFO - Filling up the DagBag from /home/airflow/.local/lib/python3.12/site-packages/airflow/example_dags/example_sensor_decorator.py
[2026-07-24T18:37:51.892+0000] {processor.py:840} INFO - DAG(s) 'example_sensor_decorator' retrieved from /home/airflow/.local/lib/python3.12/site-packages/airflow/example_dags/example_sensor_decorator.py
[2026-07-24T18:37:51.923+0000] {logging_mixin.py:188} INFO - [2026-07-24T18:37:51.923+0000] {dag.py:3089} INFO - Sync 1 DAGs
[2026-07-24T18:37:51.943+0000] {logging_mixin.py:188} INFO - [2026-07-24T18:37:51.942+0000] {dag.py:3947} INFO - Setting next_dagrun for example_sensor_decorator to None, run_after=None
[2026-07-24T18:37:51.974+0000] {processor.py:183} INFO - Processing /home/airflow/.local/lib/python3.12/site-packages/airflow/example_dags/example_sensor_decorator.py took 0.110 seconds
[2026-07-24T18:38:23.450+0000] {processor.py:161} INFO - Started process (PID=12901) to work on /home/airflow/.local/lib/python3.12/site-packages/airflow/example_dags/example_sensor_decorator.py
[2026-07-24T18:38:23.453+0000] {processor.py:830} INFO - Processing file /home/airflow/.local/lib/python3.12/site-packages/airflow/example_dags/example_sensor_decorator.py for tasks to queue
[2026-07-24T18:38:23.460+0000] {logging_mixin.py:188} INFO - [2026-07-24T18:38:23.459+0000] {dagbag.py:545} INFO - Filling up the DagBag from /home/airflow/.local/lib/python3.12/site-packages/airflow/example_dags/example_sensor_decorator.py
[2026-07-24T18:38:23.473+0000] {processor.py:840} INFO - DAG(s) 'example_sensor_decorator' retrieved from /home/airflow/.local/lib/python3.12/site-packages/airflow/example_dags/example_sensor_decorator.py
[2026-07-24T18:38:23.539+0000] {logging_mixin.py:188} INFO - [2026-07-24T18:38:23.538+0000] {dag.py:3089} INFO - Sync 1 DAGs
[2026-07-24T18:38:23.594+0000] {logging_mixin.py:188} INFO - [2026-07-24T18:38:23.593+0000] {dag.py:3947} INFO - Setting next_dagrun for example_sensor_decorator to None, run_after=None
[2026-07-24T18:38:23.662+0000] {processor.py:183} INFO - Processing /home/airflow/.local/lib/python3.12/site-packages/airflow/example_dags/example_sensor_decorator.py took 0.224 seconds
[2026-07-24T18:38:55.631+0000] {processor.py:161} INFO - Started process (PID=12975) to work on /home/airflow/.local/lib/python3.12/site-packages/airflow/example_dags/example_sensor_decorator.py
[2026-07-24T18:38:55.634+0000] {processor.py:830} INFO - Processing file /home/airflow/.local/lib/python3.12/site-packages/airflow/example_dags/example_sensor_decorator.py for tasks to queue
[2026-07-24T18:38:55.641+0000] {logging_mixin.py:188} INFO - [2026-07-24T18:38:55.640+0000] {dagbag.py:545} INFO - Filling up the DagBag from /home/airflow/.local/lib/python3.12/site-packages/airflow/example_dags/example_sensor_decorator.py
[2026-07-24T18:38:55.658+0000] {processor.py:840} INFO - DAG(s) 'example_sensor_decorator' retrieved from /home/airflow/.local/lib/python3.12/site-packages/airflow/example_dags/example_sensor_decorator.py
[2026-07-24T18:38:55.708+0000] {logging_mixin.py:188} INFO - [2026-07-24T18:38:55.708+0000] {dag.py:3089} INFO - Sync 1 DAGs
[2026-07-24T18:38:55.739+0000] {logging_mixin.py:188} INFO - [2026-07-24T18:38:55.739+0000] {dag.py:3947} INFO - Setting next_dagrun for example_sensor_decorator to None, run_after=None
[2026-07-24T18:38:55.797+0000] {processor.py:183} INFO - Processing /home/airflow/.local/lib/python3.12/site-packages/airflow/example_dags/example_sensor_decorator.py took 0.190 seconds
[2026-07-24T18:39:26.873+0000] {processor.py:161} INFO - Started process (PID=13049) to work on /home/airflow/.local/lib/python3.12/site-packages/airflow/example_dags/example_sensor_decorator.py
[2026-07-24T18:39:26.876+0000] {processor.py:830} INFO - Processing file /home/airflow/.local/lib/python3.12/site-packages/airflow/example_dags/example_sensor_decorator.py for tasks to queue
[2026-07-24T18:39:26.881+0000] {logging_mixin.py:188} INFO - [2026-07-24T18:39:26.880+0000] {dagbag.py:545} INFO - Filling up the DagBag from /home/airflow/.local/lib/python3.12/site-packages/airflow/example_dags/example_sensor_decorator.py
[2026-07-24T18:39:26.896+0000] {processor.py:840} INFO - DAG(s) 'example_sensor_decorator' retrieved from /home/airflow/.local/lib/python3.12/site-packages/airflow/example_dags/example_sensor_decorator.py
[2026-07-24T18:39:26.937+0000] {logging_mixin.py:188} INFO - [2026-07-24T18:39:26.936+0000] {dag.py:3089} INFO - Sync 1 DAGs
[2026-07-24T18:39:26.957+0000] {logging_mixin.py:188} INFO - [2026-07-24T18:39:26.957+0000] {dag.py:3947} INFO - Setting next_dagrun for example_sensor_decorator to None, run_after=None
[2026-07-24T18:39:26.992+0000] {processor.py:183} INFO - Processing /home/airflow/.local/lib/python3.12/site-packages/airflow/example_dags/example_sensor_decorator.py took 0.131 seconds
[2026-07-24T18:39:57.469+0000] {processor.py:161} INFO - Started process (PID=13123) to work on /home/airflow/.local/lib/python3.12/site-packages/airflow/example_dags/example_sensor_decorator.py
[2026-07-24T18:39:57.471+0000] {processor.py:830} INFO - Processing file /home/airflow/.local/lib/python3.12/site-packages/airflow/example_dags/example_sensor_decorator.py for tasks to queue
[2026-07-24T18:39:57.475+0000] {logging_mixin.py:188} INFO - [2026-07-24T18:39:57.475+0000] {dagbag.py:545} INFO - Filling up the DagBag from /home/airflow/.local/lib/python3.12/site-packages/airflow/example_dags/example_sensor_decorator.py
[2026-07-24T18:39:57.487+0000] {processor.py:840} INFO - DAG(s) 'example_sensor_decorator' retrieved from /home/airflow/.local/lib/python3.12/site-packages/airflow/example_dags/example_sensor_decorator.py
[2026-07-24T18:39:57.524+0000] {logging_mixin.py:188} INFO - [2026-07-24T18:39:57.524+0000] {dag.py:3089} INFO - Sync 1 DAGs
[2026-07-24T18:39:57.555+0000] {logging_mixin.py:188} INFO - [2026-07-24T18:39:57.555+0000] {dag.py:3947} INFO - Setting next_dagrun for example_sensor_decorator to None, run_after=None
[2026-07-24T18:39:57.595+0000] {processor.py:183} INFO - Processing /home/airflow/.local/lib/python3.12/site-packages/airflow/example_dags/example_sensor_decorator.py took 0.135 seconds
[2026-07-24T18:40:27.813+0000] {processor.py:161} INFO - Started process (PID=13195) to work on /home/airflow/.local/lib/python3.12/site-packages/airflow/example_dags/example_sensor_decorator.py
[2026-07-24T18:40:27.816+0000] {processor.py:830} INFO - Processing file /home/airflow/.local/lib/python3.12/site-packages/airflow/example_dags/example_sensor_decorator.py for tasks to queue
[2026-07-24T18:40:27.821+0000] {logging_mixin.py:188} INFO - [2026-07-24T18:40:27.820+0000] {dagbag.py:545} INFO - Filling up the DagBag from /home/airflow/.local/lib/python3.12/site-packages/airflow/example_dags/example_sensor_decorator.py
[2026-07-24T18:40:27.838+0000] {processor.py:840} INFO - DAG(s) 'example_sensor_decorator' retrieved from /home/airflow/.local/lib/python3.12/site-packages/airflow/example_dags/example_sensor_decorator.py
[2026-07-24T18:40:27.880+0000] {logging_mixin.py:188} INFO - [2026-07-24T18:40:27.880+0000] {dag.py:3089} INFO - Sync 1 DAGs
[2026-07-24T18:40:27.904+0000] {logging_mixin.py:188} INFO - [2026-07-24T18:40:27.904+0000] {dag.py:3947} INFO - Setting next_dagrun for example_sensor_decorator to None, run_after=None
[2026-07-24T18:40:27.949+0000] {processor.py:183} INFO - Processing /home/airflow/.local/lib/python3.12/site-packages/airflow/example_dags/example_sensor_decorator.py took 0.146 seconds
[2026-07-24T18:40:58.114+0000] {processor.py:161} INFO - Started process (PID=13266) to work on /home/airflow/.local/lib/python3.12/site-packages/airflow/example_dags/example_sensor_decorator.py
[2026-07-24T18:40:58.116+0000] {processor.py:830} INFO - Processing file /home/airflow/.local/lib/python3.12/site-packages/airflow/example_dags/example_sensor_decorator.py for tasks to queue
[2026-07-24T18:40:58.120+0000] {logging_mixin.py:188} INFO - [2026-07-24T18:40:58.119+0000] {dagbag.py:545} INFO - Filling up the DagBag from /home/airflow/.local/lib/python3.12/site-packages/airflow/example_dags/example_sensor_decorator.py
[2026-07-24T18:40:58.128+0000] {processor.py:840} INFO - DAG(s) 'example_sensor_decorator' retrieved from /home/airflow/.local/lib/python3.12/site-packages/airflow/example_dags/example_sensor_decorator.py
[2026-07-24T18:40:58.156+0000] {logging_mixin.py:188} INFO - [2026-07-24T18:40:58.156+0000] {dag.py:3089} INFO - Sync 1 DAGs
[2026-07-24T18:40:58.172+0000] {logging_mixin.py:188} INFO - [2026-07-24T18:40:58.172+0000] {dag.py:3947} INFO - Setting next_dagrun for example_sensor_decorator to None, run_after=None
[2026-07-24T18:40:58.220+0000] {processor.py:183} INFO - Processing /home/airflow/.local/lib/python3.12/site-packages/airflow/example_dags/example_sensor_decorator.py took 0.114 seconds
[2026-07-24T18:41:28.469+0000] {processor.py:161} INFO - Started process (PID=13340) to work on /home/airflow/.local/lib/python3.12/site-packages/airflow/example_dags/example_sensor_decorator.py
[2026-07-24T18:41:28.471+0000] {processor.py:830} INFO - Processing file /home/airflow/.local/lib/python3.12/site-packages/airflow/example_dags/example_sensor_decorator.py for tasks to queue
[2026-07-24T18:41:28.475+0000] {logging_mixin.py:188} INFO - [2026-07-24T18:41:28.474+0000] {dagbag.py:545} INFO - Filling up the DagBag from /home/airflow/.local/lib/python3.12/site-packages/airflow/example_dags/example_sensor_decorator.py
[2026-07-24T18:41:28.484+0000] {processor.py:840} INFO - DAG(s) 'example_sensor_decorator' retrieved from /home/airflow/.local/lib/python3.12/site-packages/airflow/example_dags/example_sensor_decorator.py
[2026-07-24T18:41:28.521+0000] {logging_mixin.py:188} INFO - [2026-07-24T18:41:28.520+0000] {dag.py:3089} INFO - Sync 1 DAGs
[2026-07-24T18:41:28.540+0000] {logging_mixin.py:188} INFO - [2026-07-24T18:41:28.539+0000] {dag.py:3947} INFO - Setting next_dagrun for example_sensor_decorator to None, run_after=None
[2026-07-24T18:41:28.573+0000] {processor.py:183} INFO - Processing /home/airflow/.local/lib/python3.12/site-packages/airflow/example_dags/example_sensor_decorator.py took 0.111 seconds
[2026-07-24T18:41:59.610+0000] {processor.py:161} INFO - Started process (PID=13413) to work on /home/airflow/.local/lib/python3.12/site-packages/airflow/example_dags/example_sensor_decorator.py
[2026-07-24T18:41:59.612+0000] {processor.py:830} INFO - Processing file /home/airflow/.local/lib/python3.12/site-packages/airflow/example_dags/example_sensor_decorator.py for tasks to queue
[2026-07-24T18:41:59.616+0000] {logging_mixin.py:188} INFO - [2026-07-24T18:41:59.615+0000] {dagbag.py:545} INFO - Filling up the DagBag from /home/airflow/.local/lib/python3.12/site-packages/airflow/example_dags/example_sensor_decorator.py
[2026-07-24T18:41:59.626+0000] {processor.py:840} INFO - DAG(s) 'example_sensor_decorator' retrieved from /home/airflow/.local/lib/python3.12/site-packages/airflow/example_dags/example_sensor_decorator.py
[2026-07-24T18:41:59.662+0000] {logging_mixin.py:188} INFO - [2026-07-24T18:41:59.661+0000] {dag.py:3089} INFO - Sync 1 DAGs
[2026-07-24T18:41:59.687+0000] {logging_mixin.py:188} INFO - [2026-07-24T18:41:59.686+0000] {dag.py:3947} INFO - Setting next_dagrun for example_sensor_decorator to None, run_after=None
[2026-07-24T18:41:59.723+0000] {processor.py:183} INFO - Processing /home/airflow/.local/lib/python3.12/site-packages/airflow/example_dags/example_sensor_decorator.py took 0.123 seconds
[2026-07-24T18:42:29.993+0000] {processor.py:161} INFO - Started process (PID=13487) to work on /home/airflow/.local/lib/python3.12/site-packages/airflow/example_dags/example_sensor_decorator.py
[2026-07-24T18:42:29.996+0000] {processor.py:830} INFO - Processing file /home/airflow/.local/lib/python3.12/site-packages/airflow/example_dags/example_sensor_decorator.py for tasks to queue
[2026-07-24T18:42:30.000+0000] {logging_mixin.py:188} INFO - [2026-07-24T18:42:29.999+0000] {dagbag.py:545} INFO - Filling up the DagBag from /home/airflow/.local/lib/python3.12/site-packages/airflow/example_dags/example_sensor_decorator.py
[2026-07-24T18:42:30.012+0000] {processor.py:840} INFO - DAG(s) 'example_sensor_decorator' retrieved from /home/airflow/.local/lib/python3.12/site-packages/airflow/example_dags/example_sensor_decorator.py
[2026-07-24T18:42:30.047+0000] {logging_mixin.py:188} INFO - [2026-07-24T18:42:30.046+0000] {dag.py:3089} INFO - Sync 1 DAGs
[2026-07-24T18:42:30.072+0000] {logging_mixin.py:188} INFO - [2026-07-24T18:42:30.072+0000] {dag.py:3947} INFO - Setting next_dagrun for example_sensor_decorator to None, run_after=None
[2026-07-24T18:42:30.101+0000] {processor.py:183} INFO - Processing /home/airflow/.local/lib/python3.12/site-packages/airflow/example_dags/example_sensor_decorator.py took 0.116 seconds
[2026-07-24T18:43:00.200+0000] {processor.py:161} INFO - Started process (PID=13561) to work on /home/airflow/.local/lib/python3.12/site-packages/airflow/example_dags/example_sensor_decorator.py
[2026-07-24T18:43:00.203+0000] {processor.py:830} INFO - Processing file /home/airflow/.local/lib/python3.12/site-packages/airflow/example_dags/example_sensor_decorator.py for tasks to queue
[2026-07-24T18:43:00.206+0000] {logging_mixin.py:188} INFO - [2026-07-24T18:43:00.206+0000] {dagbag.py:545} INFO - Filling up the DagBag from /home/airflow/.local/lib/python3.12/site-packages/airflow/example_dags/example_sensor_decorator.py
[2026-07-24T18:43:00.217+0000] {processor.py:840} INFO - DAG(s) 'example_sensor_decorator' retrieved from /home/airflow/.local/lib/python3.12/site-packages/airflow/example_dags/example_sensor_decorator.py
[2026-07-24T18:43:00.246+0000] {logging_mixin.py:188} INFO - [2026-07-24T18:43:00.246+0000] {dag.py:3089} INFO - Sync 1 DAGs
[2026-07-24T18:43:00.263+0000] {logging_mixin.py:188} INFO - [2026-07-24T18:43:00.263+0000] {dag.py:3947} INFO - Setting next_dagrun for example_sensor_decorator to None, run_after=None
[2026-07-24T18:43:00.330+0000] {processor.py:183} INFO - Processing /home/airflow/.local/lib/python3.12/site-packages/airflow/example_dags/example_sensor_decorator.py took 0.138 seconds
[2026-07-24T18:43:31.041+0000] {processor.py:161} INFO - Started process (PID=13635) to work on /home/airflow/.local/lib/python3.12/site-packages/airflow/example_dags/example_sensor_decorator.py
[2026-07-24T18:43:31.043+0000] {processor.py:830} INFO - Processing file /home/airflow/.local/lib/python3.12/site-packages/airflow/example_dags/example_sensor_decorator.py for tasks to queue
[2026-07-24T18:43:31.048+0000] {logging_mixin.py:188} INFO - [2026-07-24T18:43:31.047+0000] {dagbag.py:545} INFO - Filling up the DagBag from /home/airflow/.local/lib/python3.12/site-packages/airflow/example_dags/example_sensor_decorator.py
[2026-07-24T18:43:31.065+0000] {processor.py:840} INFO - DAG(s) 'example_sensor_decorator' retrieved from /home/airflow/.local/lib/python3.12/site-packages/airflow/example_dags/example_sensor_decorator.py
[2026-07-24T18:43:31.110+0000] {logging_mixin.py:188} INFO - [2026-07-24T18:43:31.110+0000] {dag.py:3089} INFO - Sync 1 DAGs
[2026-07-24T18:43:31.140+0000] {logging_mixin.py:188} INFO - [2026-07-24T18:43:31.140+0000] {dag.py:3947} INFO - Setting next_dagrun for example_sensor_decorator to None, run_after=None
[2026-07-24T18:43:31.183+0000] {processor.py:183} INFO - Processing /home/airflow/.local/lib/python3.12/site-packages/airflow/example_dags/example_sensor_decorator.py took 0.156 seconds
[2026-07-24T18:44:02.023+0000] {processor.py:161} INFO - Started process (PID=13708) to work on /home/airflow/.local/lib/python3.12/site-packages/airflow/example_dags/example_sensor_decorator.py
[2026-07-24T18:44:02.026+0000] {processor.py:830} INFO - Processing file /home/airflow/.local/lib/python3.12/site-packages/airflow/example_dags/example_sensor_decorator.py for tasks to queue
[2026-07-24T18:44:02.030+0000] {logging_mixin.py:188} INFO - [2026-07-24T18:44:02.030+0000] {dagbag.py:545} INFO - Filling up the DagBag from /home/airflow/.local/lib/python3.12/site-packages/airflow/example_dags/example_sensor_decorator.py
[2026-07-24T18:44:02.040+0000] {processor.py:840} INFO - DAG(s) 'example_sensor_decorator' retrieved from /home/airflow/.local/lib/python3.12/site-packages/airflow/example_dags/example_sensor_decorator.py
[2026-07-24T18:44:02.069+0000] {logging_mixin.py:188} INFO - [2026-07-24T18:44:02.069+0000] {dag.py:3089} INFO - Sync 1 DAGs
[2026-07-24T18:44:02.086+0000] {logging_mixin.py:188} INFO - [2026-07-24T18:44:02.086+0000] {dag.py:3947} INFO - Setting next_dagrun for example_sensor_decorator to None, run_after=None
[2026-07-24T18:44:02.116+0000] {processor.py:183} INFO - Processing /home/airflow/.local/lib/python3.12/site-packages/airflow/example_dags/example_sensor_decorator.py took 0.109 seconds
[2026-07-24T18:44:32.705+0000] {processor.py:161} INFO - Started process (PID=13783) to work on /home/airflow/.local/lib/python3.12/site-packages/airflow/example_dags/example_sensor_decorator.py
[2026-07-24T18:44:32.708+0000] {processor.py:830} INFO - Processing file /home/airflow/.local/lib/python3.12/site-packages/airflow/example_dags/example_sensor_decorator.py for tasks to queue
[2026-07-24T18:44:32.713+0000] {logging_mixin.py:188} INFO - [2026-07-24T18:44:32.713+0000] {dagbag.py:545} INFO - Filling up the DagBag from /home/airflow/.local/lib/python3.12/site-packages/airflow/example_dags/example_sensor_decorator.py
[2026-07-24T18:44:32.731+0000] {processor.py:840} INFO - DAG(s) 'example_sensor_decorator' retrieved from /home/airflow/.local/lib/python3.12/site-packages/airflow/example_dags/example_sensor_decorator.py
[2026-07-24T18:44:32.772+0000] {logging_mixin.py:188} INFO - [2026-07-24T18:44:32.772+0000] {dag.py:3089} INFO - Sync 1 DAGs
[2026-07-24T18:44:32.799+0000] {logging_mixin.py:188} INFO - [2026-07-24T18:44:32.798+0000] {dag.py:3947} INFO - Setting next_dagrun for example_sensor_decorator to None, run_after=None
[2026-07-24T18:44:32.835+0000] {processor.py:183} INFO - Processing /home/airflow/.local/lib/python3.12/site-packages/airflow/example_dags/example_sensor_decorator.py took 0.147 seconds
[2026-07-24T18:45:04.154+0000] {processor.py:161} INFO - Started process (PID=13856) to work on /home/airflow/.local/lib/python3.12/site-packages/airflow/example_dags/example_sensor_decorator.py
[2026-07-24T18:45:04.157+0000] {processor.py:830} INFO - Processing file /home/airflow/.local/lib/python3.12/site-packages/airflow/example_dags/example_sensor_decorator.py for tasks to queue
[2026-07-24T18:45:04.163+0000] {logging_mixin.py:188} INFO - [2026-07-24T18:45:04.162+0000] {dagbag.py:545} INFO - Filling up the DagBag from /home/airflow/.local/lib/python3.12/site-packages/airflow/example_dags/example_sensor_decorator.py
[2026-07-24T18:45:04.184+0000] {processor.py:840} INFO - DAG(s) 'example_sensor_decorator' retrieved from /home/airflow/.local/lib/python3.12/site-packages/airflow/example_dags/example_sensor_decorator.py
[2026-07-24T18:45:04.263+0000] {logging_mixin.py:188} INFO - [2026-07-24T18:45:04.259+0000] {dag.py:3089} INFO - Sync 1 DAGs
[2026-07-24T18:45:04.305+0000] {logging_mixin.py:188} INFO - [2026-07-24T18:45:04.304+0000] {dag.py:3947} INFO - Setting next_dagrun for example_sensor_decorator to None, run_after=None
[2026-07-24T18:45:04.387+0000] {processor.py:183} INFO - Processing /home/airflow/.local/lib/python3.12/site-packages/airflow/example_dags/example_sensor_decorator.py took 0.248 seconds
[2026-07-24T18:45:34.796+0000] {processor.py:161} INFO - Started process (PID=13929) to work on /home/airflow/.local/lib/python3.12/site-packages/airflow/example_dags/example_sensor_decorator.py
[2026-07-24T18:45:34.798+0000] {processor.py:830} INFO - Processing file /home/airflow/.local/lib/python3.12/site-packages/airflow/example_dags/example_sensor_decorator.py for tasks to queue
[2026-07-24T18:45:34.803+0000] {logging_mixin.py:188} INFO - [2026-07-24T18:45:34.802+0000] {dagbag.py:545} INFO - Filling up the DagBag from /home/airflow/.local/lib/python3.12/site-packages/airflow/example_dags/example_sensor_decorator.py
[2026-07-24T18:45:34.814+0000] {processor.py:840} INFO - DAG(s) 'example_sensor_decorator' retrieved from /home/airflow/.local/lib/python3.12/site-packages/airflow/example_dags/example_sensor_decorator.py
[2026-07-24T18:45:34.851+0000] {logging_mixin.py:188} INFO - [2026-07-24T18:45:34.850+0000] {dag.py:3089} INFO - Sync 1 DAGs
[2026-07-24T18:45:34.879+0000] {logging_mixin.py:188} INFO - [2026-07-24T18:45:34.879+0000] {dag.py:3947} INFO - Setting next_dagrun for example_sensor_decorator to None, run_after=None
[2026-07-24T18:45:34.916+0000] {processor.py:183} INFO - Processing /home/airflow/.local/lib/python3.12/site-packages/airflow/example_dags/example_sensor_decorator.py took 0.129 seconds
[2026-07-24T18:46:05.464+0000] {processor.py:161} INFO - Started process (PID=14001) to work on /home/airflow/.local/lib/python3.12/site-packages/airflow/example_dags/example_sensor_decorator.py
[2026-07-24T18:46:05.467+0000] {processor.py:830} INFO - Processing file /home/airflow/.local/lib/python3.12/site-packages/airflow/example_dags/example_sensor_decorator.py for tasks to queue
[2026-07-24T18:46:05.471+0000] {logging_mixin.py:188} INFO - [2026-07-24T18:46:05.470+0000] {dagbag.py:545} INFO - Filling up the DagBag from /home/airflow/.local/lib/python3.12/site-packages/airflow/example_dags/example_sensor_decorator.py
[2026-07-24T18:46:05.484+0000] {processor.py:840} INFO - DAG(s) 'example_sensor_decorator' retrieved from /home/airflow/.local/lib/python3.12/site-packages/airflow/example_dags/example_sensor_decorator.py
[2026-07-24T18:46:05.519+0000] {logging_mixin.py:188} INFO - [2026-07-24T18:46:05.519+0000] {dag.py:3089} INFO - Sync 1 DAGs
[2026-07-24T18:46:05.540+0000] {logging_mixin.py:188} INFO - [2026-07-24T18:46:05.540+0000] {dag.py:3947} INFO - Setting next_dagrun for example_sensor_decorator to None, run_after=None
[2026-07-24T18:46:05.573+0000] {processor.py:183} INFO - Processing /home/airflow/.local/lib/python3.12/site-packages/airflow/example_dags/example_sensor_decorator.py took 0.120 seconds
[2026-07-24T18:46:36.149+0000] {processor.py:161} INFO - Started process (PID=14074) to work on /home/airflow/.local/lib/python3.12/site-packages/airflow/example_dags/example_sensor_decorator.py
[2026-07-24T18:46:36.152+0000] {processor.py:830} INFO - Processing file /home/airflow/.local/lib/python3.12/site-packages/airflow/example_dags/example_sensor_decorator.py for tasks to queue
[2026-07-24T18:46:36.157+0000] {logging_mixin.py:188} INFO - [2026-07-24T18:46:36.156+0000] {dagbag.py:545} INFO - Filling up the DagBag from /home/airflow/.local/lib/python3.12/site-packages/airflow/example_dags/example_sensor_decorator.py
[2026-07-24T18:46:36.177+0000] {processor.py:840} INFO - DAG(s) 'example_sensor_decorator' retrieved from /home/airflow/.local/lib/python3.12/site-packages/airflow/example_dags/example_sensor_decorator.py
[2026-07-24T18:46:36.235+0000] {logging_mixin.py:188} INFO - [2026-07-24T18:46:36.234+0000] {dag.py:3089} INFO - Sync 1 DAGs
[2026-07-24T18:46:36.266+0000] {logging_mixin.py:188} INFO - [2026-07-24T18:46:36.265+0000] {dag.py:3947} INFO - Setting next_dagrun for example_sensor_decorator to None, run_after=None
[2026-07-24T18:46:36.308+0000] {processor.py:183} INFO - Processing /home/airflow/.local/lib/python3.12/site-packages/airflow/example_dags/example_sensor_decorator.py took 0.178 seconds
[2026-07-24T18:47:06.498+0000] {processor.py:161} INFO - Started process (PID=14147) to work on /home/airflow/.local/lib/python3.12/site-packages/airflow/example_dags/example_sensor_decorator.py
[2026-07-24T18:47:06.501+0000] {processor.py:830} INFO - Processing file /home/airflow/.local/lib/python3.12/site-packages/airflow/example_dags/example_sensor_decorator.py for tasks to queue
[2026-07-24T18:47:06.508+0000] {logging_mixin.py:188} INFO - [2026-07-24T18:47:06.507+0000] {dagbag.py:545} INFO - Filling up the DagBag from /home/airflow/.local/lib/python3.12/site-packages/airflow/example_dags/example_sensor_decorator.py
[2026-07-24T18:47:06.533+0000] {processor.py:840} INFO - DAG(s) 'example_sensor_decorator' retrieved from /home/airflow/.local/lib/python3.12/site-packages/airflow/example_dags/example_sensor_decorator.py
[2026-07-24T18:47:06.598+0000] {logging_mixin.py:188} INFO - [2026-07-24T18:47:06.598+0000] {dag.py:3089} INFO - Sync 1 DAGs
[2026-07-24T18:47:06.637+0000] {logging_mixin.py:188} INFO - [2026-07-24T18:47:06.636+0000] {dag.py:3947} INFO - Setting next_dagrun for example_sensor_decorator to None, run_after=None
[2026-07-24T18:47:06.692+0000] {processor.py:183} INFO - Processing /home/airflow/.local/lib/python3.12/site-packages/airflow/example_dags/example_sensor_decorator.py took 0.211 seconds
[2026-07-24T18:47:36.870+0000] {processor.py:161} INFO - Started process (PID=14220) to work on /home/airflow/.local/lib/python3.12/site-packages/airflow/example_dags/example_sensor_decorator.py
[2026-07-24T18:47:36.872+0000] {processor.py:830} INFO - Processing file /home/airflow/.local/lib/python3.12/site-packages/airflow/example_dags/example_sensor_decorator.py for tasks to queue
[2026-07-24T18:47:36.877+0000] {logging_mixin.py:188} INFO - [2026-07-24T18:47:36.876+0000] {dagbag.py:545} INFO - Filling up the DagBag from /home/airflow/.local/lib/python3.12/site-packages/airflow/example_dags/example_sensor_decorator.py
[2026-07-24T18:47:36.890+0000] {processor.py:840} INFO - DAG(s) 'example_sensor_decorator' retrieved from /home/airflow/.local/lib/python3.12/site-packages/airflow/example_dags/example_sensor_decorator.py
[2026-07-24T18:47:36.931+0000] {logging_mixin.py:188} INFO - [2026-07-24T18:47:36.930+0000] {dag.py:3089} INFO - Sync 1 DAGs
[2026-07-24T18:47:36.963+0000] {logging_mixin.py:188} INFO - [2026-07-24T18:47:36.962+0000] {dag.py:3947} INFO - Setting next_dagrun for example_sensor_decorator to None, run_after=None
[2026-07-24T18:47:37.006+0000] {processor.py:183} INFO - Processing /home/airflow/.local/lib/python3.12/site-packages/airflow/example_dags/example_sensor_decorator.py took 0.149 seconds
[2026-07-24T18:48:07.901+0000] {processor.py:161} INFO - Started process (PID=14286) to work on /home/airflow/.local/lib/python3.12/site-packages/airflow/example_dags/example_sensor_decorator.py
[2026-07-24T18:48:07.904+0000] {processor.py:830} INFO - Processing file /home/airflow/.local/lib/python3.12/site-packages/airflow/example_dags/example_sensor_decorator.py for tasks to queue
[2026-07-24T18:48:07.910+0000] {logging_mixin.py:188} INFO - [2026-07-24T18:48:07.909+0000] {dagbag.py:545} INFO - Filling up the DagBag from /home/airflow/.local/lib/python3.12/site-packages/airflow/example_dags/example_sensor_decorator.py
[2026-07-24T18:48:07.925+0000] {processor.py:840} INFO - DAG(s) 'example_sensor_decorator' retrieved from /home/airflow/.local/lib/python3.12/site-packages/airflow/example_dags/example_sensor_decorator.py
[2026-07-24T18:48:07.970+0000] {logging_mixin.py:188} INFO - [2026-07-24T18:48:07.969+0000] {dag.py:3089} INFO - Sync 1 DAGs
[2026-07-24T18:48:07.994+0000] {logging_mixin.py:188} INFO - [2026-07-24T18:48:07.993+0000] {dag.py:3947} INFO - Setting next_dagrun for example_sensor_decorator to None, run_after=None
[2026-07-24T18:48:08.034+0000] {processor.py:183} INFO - Processing /home/airflow/.local/lib/python3.12/site-packages/airflow/example_dags/example_sensor_decorator.py took 0.144 seconds
[2026-07-24T18:48:38.147+0000] {processor.py:161} INFO - Started process (PID=14360) to work on /home/airflow/.local/lib/python3.12/site-packages/airflow/example_dags/example_sensor_decorator.py
[2026-07-24T18:48:38.149+0000] {processor.py:830} INFO - Processing file /home/airflow/.local/lib/python3.12/site-packages/airflow/example_dags/example_sensor_decorator.py for tasks to queue
[2026-07-24T18:48:38.153+0000] {logging_mixin.py:188} INFO - [2026-07-24T18:48:38.153+0000] {dagbag.py:545} INFO - Filling up the DagBag from /home/airflow/.local/lib/python3.12/site-packages/airflow/example_dags/example_sensor_decorator.py
[2026-07-24T18:48:38.165+0000] {processor.py:840} INFO - DAG(s) 'example_sensor_decorator' retrieved from /home/airflow/.local/lib/python3.12/site-packages/airflow/example_dags/example_sensor_decorator.py
[2026-07-24T18:48:38.207+0000] {logging_mixin.py:188} INFO - [2026-07-24T18:48:38.207+0000] {dag.py:3089} INFO - Sync 1 DAGs
[2026-07-24T18:48:38.230+0000] {logging_mixin.py:188} INFO - [2026-07-24T18:48:38.229+0000] {dag.py:3947} INFO - Setting next_dagrun for example_sensor_decorator to None, run_after=None
[2026-07-24T18:48:38.273+0000] {processor.py:183} INFO - Processing /home/airflow/.local/lib/python3.12/site-packages/airflow/example_dags/example_sensor_decorator.py took 0.135 seconds
[2026-07-24T18:49:08.420+0000] {processor.py:161} INFO - Started process (PID=14433) to work on /home/airflow/.local/lib/python3.12/site-packages/airflow/example_dags/example_sensor_decorator.py
[2026-07-24T18:49:08.422+0000] {processor.py:830} INFO - Processing file /home/airflow/.local/lib/python3.12/site-packages/airflow/example_dags/example_sensor_decorator.py for tasks to queue
[2026-07-24T18:49:08.425+0000] {logging_mixin.py:188} INFO - [2026-07-24T18:49:08.425+0000] {dagbag.py:545} INFO - Filling up the DagBag from /home/airflow/.local/lib/python3.12/site-packages/airflow/example_dags/example_sensor_decorator.py
[2026-07-24T18:49:08.435+0000] {processor.py:840} INFO - DAG(s) 'example_sensor_decorator' retrieved from /home/airflow/.local/lib/python3.12/site-packages/airflow/example_dags/example_sensor_decorator.py
[2026-07-24T18:49:08.463+0000] {logging_mixin.py:188} INFO - [2026-07-24T18:49:08.462+0000] {dag.py:3089} INFO - Sync 1 DAGs
[2026-07-24T18:49:08.479+0000] {logging_mixin.py:188} INFO - [2026-07-24T18:49:08.479+0000] {dag.py:3947} INFO - Setting next_dagrun for example_sensor_decorator to None, run_after=None
[2026-07-24T18:49:08.506+0000] {processor.py:183} INFO - Processing /home/airflow/.local/lib/python3.12/site-packages/airflow/example_dags/example_sensor_decorator.py took 0.094 seconds
[2026-07-24T18:49:39.149+0000] {processor.py:161} INFO - Started process (PID=14506) to work on /home/airflow/.local/lib/python3.12/site-packages/airflow/example_dags/example_sensor_decorator.py
[2026-07-24T18:49:39.151+0000] {processor.py:830} INFO - Processing file /home/airflow/.local/lib/python3.12/site-packages/airflow/example_dags/example_sensor_decorator.py for tasks to queue
[2026-07-24T18:49:39.155+0000] {logging_mixin.py:188} INFO - [2026-07-24T18:49:39.154+0000] {dagbag.py:545} INFO - Filling up the DagBag from /home/airflow/.local/lib/python3.12/site-packages/airflow/example_dags/example_sensor_decorator.py
[2026-07-24T18:49:39.164+0000] {processor.py:840} INFO - DAG(s) 'example_sensor_decorator' retrieved from /home/airflow/.local/lib/python3.12/site-packages/airflow/example_dags/example_sensor_decorator.py
[2026-07-24T18:49:39.197+0000] {logging_mixin.py:188} INFO - [2026-07-24T18:49:39.196+0000] {dag.py:3089} INFO - Sync 1 DAGs
[2026-07-24T18:49:39.215+0000] {logging_mixin.py:188} INFO - [2026-07-24T18:49:39.215+0000] {dag.py:3947} INFO - Setting next_dagrun for example_sensor_decorator to None, run_after=None
[2026-07-24T18:49:39.486+0000] {processor.py:183} INFO - Processing /home/airflow/.local/lib/python3.12/site-packages/airflow/example_dags/example_sensor_decorator.py took 0.344 seconds
[2026-07-24T18:50:09.933+0000] {processor.py:161} INFO - Started process (PID=14579) to work on /home/airflow/.local/lib/python3.12/site-packages/airflow/example_dags/example_sensor_decorator.py
[2026-07-24T18:50:09.936+0000] {processor.py:830} INFO - Processing file /home/airflow/.local/lib/python3.12/site-packages/airflow/example_dags/example_sensor_decorator.py for tasks to queue
[2026-07-24T18:50:09.941+0000] {logging_mixin.py:188} INFO - [2026-07-24T18:50:09.940+0000] {dagbag.py:545} INFO - Filling up the DagBag from /home/airflow/.local/lib/python3.12/site-packages/airflow/example_dags/example_sensor_decorator.py
[2026-07-24T18:50:09.956+0000] {processor.py:840} INFO - DAG(s) 'example_sensor_decorator' retrieved from /home/airflow/.local/lib/python3.12/site-packages/airflow/example_dags/example_sensor_decorator.py
[2026-07-24T18:50:10.003+0000] {logging_mixin.py:188} INFO - [2026-07-24T18:50:10.003+0000] {dag.py:3089} INFO - Sync 1 DAGs
[2026-07-24T18:50:10.025+0000] {logging_mixin.py:188} INFO - [2026-07-24T18:50:10.024+0000] {dag.py:3947} INFO - Setting next_dagrun for example_sensor_decorator to None, run_after=None
[2026-07-24T18:50:10.096+0000] {processor.py:183} INFO - Processing /home/airflow/.local/lib/python3.12/site-packages/airflow/example_dags/example_sensor_decorator.py took 0.174 seconds
[2026-07-24T18:50:40.987+0000] {processor.py:161} INFO - Started process (PID=14653) to work on /home/airflow/.local/lib/python3.12/site-packages/airflow/example_dags/example_sensor_decorator.py
[2026-07-24T18:50:40.989+0000] {processor.py:830} INFO - Processing file /home/airflow/.local/lib/python3.12/site-packages/airflow/example_dags/example_sensor_decorator.py for tasks to queue
[2026-07-24T18:50:40.993+0000] {logging_mixin.py:188} INFO - [2026-07-24T18:50:40.992+0000] {dagbag.py:545} INFO - Filling up the DagBag from /home/airflow/.local/lib/python3.12/site-packages/airflow/example_dags/example_sensor_decorator.py
[2026-07-24T18:50:41.003+0000] {processor.py:840} INFO - DAG(s) 'example_sensor_decorator' retrieved from /home/airflow/.local/lib/python3.12/site-packages/airflow/example_dags/example_sensor_decorator.py
[2026-07-24T18:50:41.032+0000] {logging_mixin.py:188} INFO - [2026-07-24T18:50:41.031+0000] {dag.py:3089} INFO - Sync 1 DAGs
[2026-07-24T18:50:41.048+0000] {logging_mixin.py:188} INFO - [2026-07-24T18:50:41.048+0000] {dag.py:3947} INFO - Setting next_dagrun for example_sensor_decorator to None, run_after=None
[2026-07-24T18:50:41.080+0000] {processor.py:183} INFO - Processing /home/airflow/.local/lib/python3.12/site-packages/airflow/example_dags/example_sensor_decorator.py took 0.102 seconds
[2026-07-24T18:51:11.271+0000] {processor.py:161} INFO - Started process (PID=14726) to work on /home/airflow/.local/lib/python3.12/site-packages/airflow/example_dags/example_sensor_decorator.py
[2026-07-24T18:51:11.274+0000] {processor.py:830} INFO - Processing file /home/airflow/.local/lib/python3.12/site-packages/airflow/example_dags/example_sensor_decorator.py for tasks to queue
[2026-07-24T18:51:11.277+0000] {logging_mixin.py:188} INFO - [2026-07-24T18:51:11.277+0000] {dagbag.py:545} INFO - Filling up the DagBag from /home/airflow/.local/lib/python3.12/site-packages/airflow/example_dags/example_sensor_decorator.py
[2026-07-24T18:51:11.288+0000] {processor.py:840} INFO - DAG(s) 'example_sensor_decorator' retrieved from /home/airflow/.local/lib/python3.12/site-packages/airflow/example_dags/example_sensor_decorator.py
[2026-07-24T18:51:11.322+0000] {logging_mixin.py:188} INFO - [2026-07-24T18:51:11.322+0000] {dag.py:3089} INFO - Sync 1 DAGs
[2026-07-24T18:51:11.342+0000] {logging_mixin.py:188} INFO - [2026-07-24T18:51:11.342+0000] {dag.py:3947} INFO - Setting next_dagrun for example_sensor_decorator to None, run_after=None
[2026-07-24T18:51:11.380+0000] {processor.py:183} INFO - Processing /home/airflow/.local/lib/python3.12/site-packages/airflow/example_dags/example_sensor_decorator.py took 0.116 seconds
[2026-07-24T18:51:42.291+0000] {processor.py:161} INFO - Started process (PID=14799) to work on /home/airflow/.local/lib/python3.12/site-packages/airflow/example_dags/example_sensor_decorator.py
[2026-07-24T18:51:42.294+0000] {processor.py:830} INFO - Processing file /home/airflow/.local/lib/python3.12/site-packages/airflow/example_dags/example_sensor_decorator.py for tasks to queue
[2026-07-24T18:51:42.299+0000] {logging_mixin.py:188} INFO - [2026-07-24T18:51:42.298+0000] {dagbag.py:545} INFO - Filling up the DagBag from /home/airflow/.local/lib/python3.12/site-packages/airflow/example_dags/example_sensor_decorator.py
[2026-07-24T18:51:42.313+0000] {processor.py:840} INFO - DAG(s) 'example_sensor_decorator' retrieved from /home/airflow/.local/lib/python3.12/site-packages/airflow/example_dags/example_sensor_decorator.py
[2026-07-24T18:51:42.361+0000] {logging_mixin.py:188} INFO - [2026-07-24T18:51:42.361+0000] {dag.py:3089} INFO - Sync 1 DAGs
[2026-07-24T18:51:42.396+0000] {logging_mixin.py:188} INFO - [2026-07-24T18:51:42.395+0000] {dag.py:3947} INFO - Setting next_dagrun for example_sensor_decorator to None, run_after=None
[2026-07-24T18:51:42.440+0000] {processor.py:183} INFO - Processing /home/airflow/.local/lib/python3.12/site-packages/airflow/example_dags/example_sensor_decorator.py took 0.157 seconds
[2026-07-24T18:52:13.772+0000] {processor.py:161} INFO - Started process (PID=14873) to work on /home/airflow/.local/lib/python3.12/site-packages/airflow/example_dags/example_sensor_decorator.py
[2026-07-24T18:52:13.774+0000] {processor.py:830} INFO - Processing file /home/airflow/.local/lib/python3.12/site-packages/airflow/example_dags/example_sensor_decorator.py for tasks to queue
[2026-07-24T18:52:13.778+0000] {logging_mixin.py:188} INFO - [2026-07-24T18:52:13.777+0000] {dagbag.py:545} INFO - Filling up the DagBag from /home/airflow/.local/lib/python3.12/site-packages/airflow/example_dags/example_sensor_decorator.py
[2026-07-24T18:52:13.787+0000] {processor.py:840} INFO - DAG(s) 'example_sensor_decorator' retrieved from /home/airflow/.local/lib/python3.12/site-packages/airflow/example_dags/example_sensor_decorator.py
[2026-07-24T18:52:13.819+0000] {logging_mixin.py:188} INFO - [2026-07-24T18:52:13.818+0000] {dag.py:3089} INFO - Sync 1 DAGs
[2026-07-24T18:52:14.073+0000] {logging_mixin.py:188} INFO - [2026-07-24T18:52:14.072+0000] {dag.py:3947} INFO - Setting next_dagrun for example_sensor_decorator to None, run_after=None
[2026-07-24T18:52:14.111+0000] {processor.py:183} INFO - Processing /home/airflow/.local/lib/python3.12/site-packages/airflow/example_dags/example_sensor_decorator.py took 0.346 seconds
[2026-07-24T18:52:45.126+0000] {processor.py:161} INFO - Started process (PID=14946) to work on /home/airflow/.local/lib/python3.12/site-packages/airflow/example_dags/example_sensor_decorator.py
[2026-07-24T18:52:45.128+0000] {processor.py:830} INFO - Processing file /home/airflow/.local/lib/python3.12/site-packages/airflow/example_dags/example_sensor_decorator.py for tasks to queue
[2026-07-24T18:52:45.133+0000] {logging_mixin.py:188} INFO - [2026-07-24T18:52:45.132+0000] {dagbag.py:545} INFO - Filling up the DagBag from /home/airflow/.local/lib/python3.12/site-packages/airflow/example_dags/example_sensor_decorator.py
[2026-07-24T18:52:45.144+0000] {processor.py:840} INFO - DAG(s) 'example_sensor_decorator' retrieved from /home/airflow/.local/lib/python3.12/site-packages/airflow/example_dags/example_sensor_decorator.py
[2026-07-24T18:52:45.178+0000] {logging_mixin.py:188} INFO - [2026-07-24T18:52:45.178+0000] {dag.py:3089} INFO - Sync 1 DAGs
[2026-07-24T18:52:45.204+0000] {logging_mixin.py:188} INFO - [2026-07-24T18:52:45.204+0000] {dag.py:3947} INFO - Setting next_dagrun for example_sensor_decorator to None, run_after=None
[2026-07-24T18:52:45.241+0000] {processor.py:183} INFO - Processing /home/airflow/.local/lib/python3.12/site-packages/airflow/example_dags/example_sensor_decorator.py took 0.125 seconds
[2026-07-24T18:53:15.929+0000] {processor.py:161} INFO - Started process (PID=15019) to work on /home/airflow/.local/lib/python3.12/site-packages/airflow/example_dags/example_sensor_decorator.py
[2026-07-24T18:53:15.931+0000] {processor.py:830} INFO - Processing file /home/airflow/.local/lib/python3.12/site-packages/airflow/example_dags/example_sensor_decorator.py for tasks to queue
[2026-07-24T18:53:15.935+0000] {logging_mixin.py:188} INFO - [2026-07-24T18:53:15.934+0000] {dagbag.py:545} INFO - Filling up the DagBag from /home/airflow/.local/lib/python3.12/site-packages/airflow/example_dags/example_sensor_decorator.py
[2026-07-24T18:53:15.946+0000] {processor.py:840} INFO - DAG(s) 'example_sensor_decorator' retrieved from /home/airflow/.local/lib/python3.12/site-packages/airflow/example_dags/example_sensor_decorator.py
[2026-07-24T18:53:15.978+0000] {logging_mixin.py:188} INFO - [2026-07-24T18:53:15.977+0000] {dag.py:3089} INFO - Sync 1 DAGs
[2026-07-24T18:53:15.998+0000] {logging_mixin.py:188} INFO - [2026-07-24T18:53:15.997+0000] {dag.py:3947} INFO - Setting next_dagrun for example_sensor_decorator to None, run_after=None
[2026-07-24T18:53:16.028+0000] {processor.py:183} INFO - Processing /home/airflow/.local/lib/python3.12/site-packages/airflow/example_dags/example_sensor_decorator.py took 0.109 seconds
[2026-07-24T18:53:47.312+0000] {processor.py:161} INFO - Started process (PID=15090) to work on /home/airflow/.local/lib/python3.12/site-packages/airflow/example_dags/example_sensor_decorator.py
[2026-07-24T18:53:47.314+0000] {processor.py:830} INFO - Processing file /home/airflow/.local/lib/python3.12/site-packages/airflow/example_dags/example_sensor_decorator.py for tasks to queue
[2026-07-24T18:53:47.318+0000] {logging_mixin.py:188} INFO - [2026-07-24T18:53:47.318+0000] {dagbag.py:545} INFO - Filling up the DagBag from /home/airflow/.local/lib/python3.12/site-packages/airflow/example_dags/example_sensor_decorator.py
[2026-07-24T18:53:47.339+0000] {processor.py:840} INFO - DAG(s) 'example_sensor_decorator' retrieved from /home/airflow/.local/lib/python3.12/site-packages/airflow/example_dags/example_sensor_decorator.py
[2026-07-24T18:53:47.375+0000] {logging_mixin.py:188} INFO - [2026-07-24T18:53:47.374+0000] {dag.py:3089} INFO - Sync 1 DAGs
[2026-07-24T18:53:47.395+0000] {logging_mixin.py:188} INFO - [2026-07-24T18:53:47.395+0000] {dag.py:3947} INFO - Setting next_dagrun for example_sensor_decorator to None, run_after=None
[2026-07-24T18:53:47.431+0000] {processor.py:183} INFO - Processing /home/airflow/.local/lib/python3.12/site-packages/airflow/example_dags/example_sensor_decorator.py took 0.129 seconds
[2026-07-24T18:54:18.453+0000] {processor.py:161} INFO - Started process (PID=15164) to work on /home/airflow/.local/lib/python3.12/site-packages/airflow/example_dags/example_sensor_decorator.py
[2026-07-24T18:54:18.456+0000] {processor.py:830} INFO - Processing file /home/airflow/.local/lib/python3.12/site-packages/airflow/example_dags/example_sensor_decorator.py for tasks to queue
[2026-07-24T18:54:18.461+0000] {logging_mixin.py:188} INFO - [2026-07-24T18:54:18.461+0000] {dagbag.py:545} INFO - Filling up the DagBag from /home/airflow/.local/lib/python3.12/site-packages/airflow/example_dags/example_sensor_decorator.py
[2026-07-24T18:54:18.475+0000] {processor.py:840} INFO - DAG(s) 'example_sensor_decorator' retrieved from /home/airflow/.local/lib/python3.12/site-packages/airflow/example_dags/example_sensor_decorator.py
[2026-07-24T18:54:18.516+0000] {logging_mixin.py:188} INFO - [2026-07-24T18:54:18.516+0000] {dag.py:3089} INFO - Sync 1 DAGs
[2026-07-24T18:54:18.553+0000] {logging_mixin.py:188} INFO - [2026-07-24T18:54:18.552+0000] {dag.py:3947} INFO - Setting next_dagrun for example_sensor_decorator to None, run_after=None
[2026-07-24T18:54:18.600+0000] {processor.py:183} INFO - Processing /home/airflow/.local/lib/python3.12/site-packages/airflow/example_dags/example_sensor_decorator.py took 0.157 seconds
[2026-07-24T18:54:49.355+0000] {processor.py:161} INFO - Started process (PID=15237) to work on /home/airflow/.local/lib/python3.12/site-packages/airflow/example_dags/example_sensor_decorator.py
[2026-07-24T18:54:49.357+0000] {processor.py:830} INFO - Processing file /home/airflow/.local/lib/python3.12/site-packages/airflow/example_dags/example_sensor_decorator.py for tasks to queue
[2026-07-24T18:54:49.361+0000] {logging_mixin.py:188} INFO - [2026-07-24T18:54:49.360+0000] {dagbag.py:545} INFO - Filling up the DagBag from /home/airflow/.local/lib/python3.12/site-packages/airflow/example_dags/example_sensor_decorator.py
[2026-07-24T18:54:49.371+0000] {processor.py:840} INFO - DAG(s) 'example_sensor_decorator' retrieved from /home/airflow/.local/lib/python3.12/site-packages/airflow/example_dags/example_sensor_decorator.py
[2026-07-24T18:54:49.402+0000] {logging_mixin.py:188} INFO - [2026-07-24T18:54:49.402+0000] {dag.py:3089} INFO - Sync 1 DAGs
[2026-07-24T18:54:49.421+0000] {logging_mixin.py:188} INFO - [2026-07-24T18:54:49.420+0000] {dag.py:3947} INFO - Setting next_dagrun for example_sensor_decorator to None, run_after=None
[2026-07-24T18:54:49.453+0000] {processor.py:183} INFO - Processing /home/airflow/.local/lib/python3.12/site-packages/airflow/example_dags/example_sensor_decorator.py took 0.107 seconds
[2026-07-24T18:55:19.563+0000] {processor.py:161} INFO - Started process (PID=15308) to work on /home/airflow/.local/lib/python3.12/site-packages/airflow/example_dags/example_sensor_decorator.py
[2026-07-24T18:55:19.565+0000] {processor.py:830} INFO - Processing file /home/airflow/.local/lib/python3.12/site-packages/airflow/example_dags/example_sensor_decorator.py for tasks to queue
[2026-07-24T18:55:19.570+0000] {logging_mixin.py:188} INFO - [2026-07-24T18:55:19.569+0000] {dagbag.py:545} INFO - Filling up the DagBag from /home/airflow/.local/lib/python3.12/site-packages/airflow/example_dags/example_sensor_decorator.py
[2026-07-24T18:55:19.580+0000] {processor.py:840} INFO - DAG(s) 'example_sensor_decorator' retrieved from /home/airflow/.local/lib/python3.12/site-packages/airflow/example_dags/example_sensor_decorator.py
[2026-07-24T18:55:19.614+0000] {logging_mixin.py:188} INFO - [2026-07-24T18:55:19.614+0000] {dag.py:3089} INFO - Sync 1 DAGs
[2026-07-24T18:55:19.631+0000] {logging_mixin.py:188} INFO - [2026-07-24T18:55:19.631+0000] {dag.py:3947} INFO - Setting next_dagrun for example_sensor_decorator to None, run_after=None
[2026-07-24T18:55:19.660+0000] {processor.py:183} INFO - Processing /home/airflow/.local/lib/python3.12/site-packages/airflow/example_dags/example_sensor_decorator.py took 0.106 seconds
[2026-07-24T18:55:50.251+0000] {processor.py:161} INFO - Started process (PID=15381) to work on /home/airflow/.local/lib/python3.12/site-packages/airflow/example_dags/example_sensor_decorator.py
[2026-07-24T18:55:50.253+0000] {processor.py:830} INFO - Processing file /home/airflow/.local/lib/python3.12/site-packages/airflow/example_dags/example_sensor_decorator.py for tasks to queue
[2026-07-24T18:55:50.257+0000] {logging_mixin.py:188} INFO - [2026-07-24T18:55:50.257+0000] {dagbag.py:545} INFO - Filling up the DagBag from /home/airflow/.local/lib/python3.12/site-packages/airflow/example_dags/example_sensor_decorator.py
[2026-07-24T18:55:50.270+0000] {processor.py:840} INFO - DAG(s) 'example_sensor_decorator' retrieved from /home/airflow/.local/lib/python3.12/site-packages/airflow/example_dags/example_sensor_decorator.py
[2026-07-24T18:55:50.310+0000] {logging_mixin.py:188} INFO - [2026-07-24T18:55:50.310+0000] {dag.py:3089} INFO - Sync 1 DAGs
[2026-07-24T18:55:50.337+0000] {logging_mixin.py:188} INFO - [2026-07-24T18:55:50.336+0000] {dag.py:3947} INFO - Setting next_dagrun for example_sensor_decorator to None, run_after=None
[2026-07-24T18:55:50.370+0000] {processor.py:183} INFO - Processing /home/airflow/.local/lib/python3.12/site-packages/airflow/example_dags/example_sensor_decorator.py took 0.133 seconds
[2026-07-24T18:56:21.025+0000] {processor.py:161} INFO - Started process (PID=15455) to work on /home/airflow/.local/lib/python3.12/site-packages/airflow/example_dags/example_sensor_decorator.py
[2026-07-24T18:56:21.027+0000] {processor.py:830} INFO - Processing file /home/airflow/.local/lib/python3.12/site-packages/airflow/example_dags/example_sensor_decorator.py for tasks to queue
[2026-07-24T18:56:21.031+0000] {logging_mixin.py:188} INFO - [2026-07-24T18:56:21.030+0000] {dagbag.py:545} INFO - Filling up the DagBag from /home/airflow/.local/lib/python3.12/site-packages/airflow/example_dags/example_sensor_decorator.py
[2026-07-24T18:56:21.041+0000] {processor.py:840} INFO - DAG(s) 'example_sensor_decorator' retrieved from /home/airflow/.local/lib/python3.12/site-packages/airflow/example_dags/example_sensor_decorator.py
[2026-07-24T18:56:21.075+0000] {logging_mixin.py:188} INFO - [2026-07-24T18:56:21.075+0000] {dag.py:3089} INFO - Sync 1 DAGs
[2026-07-24T18:56:21.095+0000] {logging_mixin.py:188} INFO - [2026-07-24T18:56:21.095+0000] {dag.py:3947} INFO - Setting next_dagrun for example_sensor_decorator to None, run_after=None
[2026-07-24T18:56:21.127+0000] {processor.py:183} INFO - Processing /home/airflow/.local/lib/python3.12/site-packages/airflow/example_dags/example_sensor_decorator.py took 0.110 seconds
[2026-07-24T18:56:51.388+0000] {processor.py:161} INFO - Started process (PID=15528) to work on /home/airflow/.local/lib/python3.12/site-packages/airflow/example_dags/example_sensor_decorator.py
[2026-07-24T18:56:51.390+0000] {processor.py:830} INFO - Processing file /home/airflow/.local/lib/python3.12/site-packages/airflow/example_dags/example_sensor_decorator.py for tasks to queue
[2026-07-24T18:56:51.393+0000] {logging_mixin.py:188} INFO - [2026-07-24T18:56:51.393+0000] {dagbag.py:545} INFO - Filling up the DagBag from /home/airflow/.local/lib/python3.12/site-packages/airflow/example_dags/example_sensor_decorator.py
[2026-07-24T18:56:51.403+0000] {processor.py:840} INFO - DAG(s) 'example_sensor_decorator' retrieved from /home/airflow/.local/lib/python3.12/site-packages/airflow/example_dags/example_sensor_decorator.py
[2026-07-24T18:56:51.432+0000] {logging_mixin.py:188} INFO - [2026-07-24T18:56:51.432+0000] {dag.py:3089} INFO - Sync 1 DAGs
[2026-07-24T18:56:51.451+0000] {logging_mixin.py:188} INFO - [2026-07-24T18:56:51.451+0000] {dag.py:3947} INFO - Setting next_dagrun for example_sensor_decorator to None, run_after=None
[2026-07-24T18:56:51.481+0000] {processor.py:183} INFO - Processing /home/airflow/.local/lib/python3.12/site-packages/airflow/example_dags/example_sensor_decorator.py took 0.100 seconds
[2026-07-24T18:57:22.602+0000] {processor.py:161} INFO - Started process (PID=15601) to work on /home/airflow/.local/lib/python3.12/site-packages/airflow/example_dags/example_sensor_decorator.py
[2026-07-24T18:57:22.610+0000] {processor.py:830} INFO - Processing file /home/airflow/.local/lib/python3.12/site-packages/airflow/example_dags/example_sensor_decorator.py for tasks to queue
[2026-07-24T18:57:22.628+0000] {logging_mixin.py:188} INFO - [2026-07-24T18:57:22.627+0000] {dagbag.py:545} INFO - Filling up the DagBag from /home/airflow/.local/lib/python3.12/site-packages/airflow/example_dags/example_sensor_decorator.py
[2026-07-24T18:57:22.664+0000] {processor.py:840} INFO - DAG(s) 'example_sensor_decorator' retrieved from /home/airflow/.local/lib/python3.12/site-packages/airflow/example_dags/example_sensor_decorator.py
[2026-07-24T18:57:22.772+0000] {logging_mixin.py:188} INFO - [2026-07-24T18:57:22.770+0000] {dag.py:3089} INFO - Sync 1 DAGs
[2026-07-24T18:57:22.893+0000] {logging_mixin.py:188} INFO - [2026-07-24T18:57:22.892+0000] {dag.py:3947} INFO - Setting next_dagrun for example_sensor_decorator to None, run_after=None
[2026-07-24T18:57:23.020+0000] {processor.py:183} INFO - Processing /home/airflow/.local/lib/python3.12/site-packages/airflow/example_dags/example_sensor_decorator.py took 0.438 seconds
[2026-07-24T18:57:53.295+0000] {processor.py:161} INFO - Started process (PID=15674) to work on /home/airflow/.local/lib/python3.12/site-packages/airflow/example_dags/example_sensor_decorator.py
[2026-07-24T18:57:53.298+0000] {processor.py:830} INFO - Processing file /home/airflow/.local/lib/python3.12/site-packages/airflow/example_dags/example_sensor_decorator.py for tasks to queue
[2026-07-24T18:57:53.304+0000] {logging_mixin.py:188} INFO - [2026-07-24T18:57:53.303+0000] {dagbag.py:545} INFO - Filling up the DagBag from /home/airflow/.local/lib/python3.12/site-packages/airflow/example_dags/example_sensor_decorator.py
[2026-07-24T18:57:53.319+0000] {processor.py:840} INFO - DAG(s) 'example_sensor_decorator' retrieved from /home/airflow/.local/lib/python3.12/site-packages/airflow/example_dags/example_sensor_decorator.py
[2026-07-24T18:57:53.355+0000] {logging_mixin.py:188} INFO - [2026-07-24T18:57:53.354+0000] {dag.py:3089} INFO - Sync 1 DAGs
[2026-07-24T18:57:53.376+0000] {logging_mixin.py:188} INFO - [2026-07-24T18:57:53.375+0000] {dag.py:3947} INFO - Setting next_dagrun for example_sensor_decorator to None, run_after=None
[2026-07-24T18:57:53.433+0000] {processor.py:183} INFO - Processing /home/airflow/.local/lib/python3.12/site-packages/airflow/example_dags/example_sensor_decorator.py took 0.149 seconds
[2026-07-24T18:58:24.008+0000] {processor.py:161} INFO - Started process (PID=15747) to work on /home/airflow/.local/lib/python3.12/site-packages/airflow/example_dags/example_sensor_decorator.py
[2026-07-24T18:58:24.014+0000] {processor.py:830} INFO - Processing file /home/airflow/.local/lib/python3.12/site-packages/airflow/example_dags/example_sensor_decorator.py for tasks to queue
[2026-07-24T18:58:24.022+0000] {logging_mixin.py:188} INFO - [2026-07-24T18:58:24.021+0000] {dagbag.py:545} INFO - Filling up the DagBag from /home/airflow/.local/lib/python3.12/site-packages/airflow/example_dags/example_sensor_decorator.py
[2026-07-24T18:58:24.039+0000] {processor.py:840} INFO - DAG(s) 'example_sensor_decorator' retrieved from /home/airflow/.local/lib/python3.12/site-packages/airflow/example_dags/example_sensor_decorator.py
[2026-07-24T18:58:24.141+0000] {logging_mixin.py:188} INFO - [2026-07-24T18:58:24.140+0000] {dag.py:3089} INFO - Sync 1 DAGs
[2026-07-24T18:58:24.185+0000] {logging_mixin.py:188} INFO - [2026-07-24T18:58:24.185+0000] {dag.py:3947} INFO - Setting next_dagrun for example_sensor_decorator to None, run_after=None
[2026-07-24T18:58:24.238+0000] {processor.py:183} INFO - Processing /home/airflow/.local/lib/python3.12/site-packages/airflow/example_dags/example_sensor_decorator.py took 0.245 seconds
[2026-07-24T18:58:54.757+0000] {processor.py:161} INFO - Started process (PID=15812) to work on /home/airflow/.local/lib/python3.12/site-packages/airflow/example_dags/example_sensor_decorator.py
[2026-07-24T18:58:54.760+0000] {processor.py:830} INFO - Processing file /home/airflow/.local/lib/python3.12/site-packages/airflow/example_dags/example_sensor_decorator.py for tasks to queue
[2026-07-24T18:58:54.771+0000] {logging_mixin.py:188} INFO - [2026-07-24T18:58:54.770+0000] {dagbag.py:545} INFO - Filling up the DagBag from /home/airflow/.local/lib/python3.12/site-packages/airflow/example_dags/example_sensor_decorator.py
[2026-07-24T18:58:54.792+0000] {processor.py:840} INFO - DAG(s) 'example_sensor_decorator' retrieved from /home/airflow/.local/lib/python3.12/site-packages/airflow/example_dags/example_sensor_decorator.py
[2026-07-24T18:58:54.884+0000] {logging_mixin.py:188} INFO - [2026-07-24T18:58:54.884+0000] {dag.py:3089} INFO - Sync 1 DAGs
[2026-07-24T18:58:54.908+0000] {logging_mixin.py:188} INFO - [2026-07-24T18:58:54.908+0000] {dag.py:3947} INFO - Setting next_dagrun for example_sensor_decorator to None, run_after=None
[2026-07-24T18:58:54.948+0000] {processor.py:183} INFO - Processing /home/airflow/.local/lib/python3.12/site-packages/airflow/example_dags/example_sensor_decorator.py took 0.208 seconds
[2026-07-24T18:59:25.925+0000] {processor.py:161} INFO - Started process (PID=15885) to work on /home/airflow/.local/lib/python3.12/site-packages/airflow/example_dags/example_sensor_decorator.py
[2026-07-24T18:59:25.927+0000] {processor.py:830} INFO - Processing file /home/airflow/.local/lib/python3.12/site-packages/airflow/example_dags/example_sensor_decorator.py for tasks to queue
[2026-07-24T18:59:25.931+0000] {logging_mixin.py:188} INFO - [2026-07-24T18:59:25.931+0000] {dagbag.py:545} INFO - Filling up the DagBag from /home/airflow/.local/lib/python3.12/site-packages/airflow/example_dags/example_sensor_decorator.py
[2026-07-24T18:59:25.940+0000] {processor.py:840} INFO - DAG(s) 'example_sensor_decorator' retrieved from /home/airflow/.local/lib/python3.12/site-packages/airflow/example_dags/example_sensor_decorator.py
[2026-07-24T18:59:25.969+0000] {logging_mixin.py:188} INFO - [2026-07-24T18:59:25.969+0000] {dag.py:3089} INFO - Sync 1 DAGs
[2026-07-24T18:59:25.986+0000] {logging_mixin.py:188} INFO - [2026-07-24T18:59:25.985+0000] {dag.py:3947} INFO - Setting next_dagrun for example_sensor_decorator to None, run_after=None
[2026-07-24T18:59:26.030+0000] {processor.py:183} INFO - Processing /home/airflow/.local/lib/python3.12/site-packages/airflow/example_dags/example_sensor_decorator.py took 0.115 seconds
[2026-07-24T18:59:56.501+0000] {processor.py:161} INFO - Started process (PID=15958) to work on /home/airflow/.local/lib/python3.12/site-packages/airflow/example_dags/example_sensor_decorator.py
[2026-07-24T18:59:56.504+0000] {processor.py:830} INFO - Processing file /home/airflow/.local/lib/python3.12/site-packages/airflow/example_dags/example_sensor_decorator.py for tasks to queue
[2026-07-24T18:59:56.508+0000] {logging_mixin.py:188} INFO - [2026-07-24T18:59:56.507+0000] {dagbag.py:545} INFO - Filling up the DagBag from /home/airflow/.local/lib/python3.12/site-packages/airflow/example_dags/example_sensor_decorator.py
[2026-07-24T18:59:56.519+0000] {processor.py:840} INFO - DAG(s) 'example_sensor_decorator' retrieved from /home/airflow/.local/lib/python3.12/site-packages/airflow/example_dags/example_sensor_decorator.py
[2026-07-24T18:59:56.559+0000] {logging_mixin.py:188} INFO - [2026-07-24T18:59:56.558+0000] {dag.py:3089} INFO - Sync 1 DAGs
[2026-07-24T18:59:56.583+0000] {logging_mixin.py:188} INFO - [2026-07-24T18:59:56.583+0000] {dag.py:3947} INFO - Setting next_dagrun for example_sensor_decorator to None, run_after=None
[2026-07-24T18:59:56.614+0000] {processor.py:183} INFO - Processing /home/airflow/.local/lib/python3.12/site-packages/airflow/example_dags/example_sensor_decorator.py took 0.122 seconds
[2026-07-24T19:00:26.850+0000] {processor.py:161} INFO - Started process (PID=16025) to work on /home/airflow/.local/lib/python3.12/site-packages/airflow/example_dags/example_sensor_decorator.py
[2026-07-24T19:00:26.853+0000] {processor.py:830} INFO - Processing file /home/airflow/.local/lib/python3.12/site-packages/airflow/example_dags/example_sensor_decorator.py for tasks to queue
[2026-07-24T19:00:26.857+0000] {logging_mixin.py:188} INFO - [2026-07-24T19:00:26.857+0000] {dagbag.py:545} INFO - Filling up the DagBag from /home/airflow/.local/lib/python3.12/site-packages/airflow/example_dags/example_sensor_decorator.py
[2026-07-24T19:00:26.873+0000] {processor.py:840} INFO - DAG(s) 'example_sensor_decorator' retrieved from /home/airflow/.local/lib/python3.12/site-packages/airflow/example_dags/example_sensor_decorator.py
[2026-07-24T19:00:26.915+0000] {logging_mixin.py:188} INFO - [2026-07-24T19:00:26.914+0000] {dag.py:3089} INFO - Sync 1 DAGs
[2026-07-24T19:00:26.935+0000] {logging_mixin.py:188} INFO - [2026-07-24T19:00:26.934+0000] {dag.py:3947} INFO - Setting next_dagrun for example_sensor_decorator to None, run_after=None
[2026-07-24T19:00:26.971+0000] {processor.py:183} INFO - Processing /home/airflow/.local/lib/python3.12/site-packages/airflow/example_dags/example_sensor_decorator.py took 0.130 seconds
[2026-07-24T19:00:59.492+0000] {processor.py:161} INFO - Started process (PID=16097) to work on /home/airflow/.local/lib/python3.12/site-packages/airflow/example_dags/example_sensor_decorator.py
[2026-07-24T19:00:59.496+0000] {processor.py:830} INFO - Processing file /home/airflow/.local/lib/python3.12/site-packages/airflow/example_dags/example_sensor_decorator.py for tasks to queue
[2026-07-24T19:00:59.500+0000] {logging_mixin.py:188} INFO - [2026-07-24T19:00:59.499+0000] {dagbag.py:545} INFO - Filling up the DagBag from /home/airflow/.local/lib/python3.12/site-packages/airflow/example_dags/example_sensor_decorator.py
[2026-07-24T19:00:59.512+0000] {processor.py:840} INFO - DAG(s) 'example_sensor_decorator' retrieved from /home/airflow/.local/lib/python3.12/site-packages/airflow/example_dags/example_sensor_decorator.py
[2026-07-24T19:00:59.549+0000] {logging_mixin.py:188} INFO - [2026-07-24T19:00:59.548+0000] {dag.py:3089} INFO - Sync 1 DAGs
[2026-07-24T19:00:59.573+0000] {logging_mixin.py:188} INFO - [2026-07-24T19:00:59.572+0000] {dag.py:3947} INFO - Setting next_dagrun for example_sensor_decorator to None, run_after=None
[2026-07-24T19:00:59.615+0000] {processor.py:183} INFO - Processing /home/airflow/.local/lib/python3.12/site-packages/airflow/example_dags/example_sensor_decorator.py took 0.137 seconds
[2026-07-24T19:01:30.552+0000] {processor.py:161} INFO - Started process (PID=16170) to work on /home/airflow/.local/lib/python3.12/site-packages/airflow/example_dags/example_sensor_decorator.py
[2026-07-24T19:01:30.554+0000] {processor.py:830} INFO - Processing file /home/airflow/.local/lib/python3.12/site-packages/airflow/example_dags/example_sensor_decorator.py for tasks to queue
[2026-07-24T19:01:30.558+0000] {logging_mixin.py:188} INFO - [2026-07-24T19:01:30.557+0000] {dagbag.py:545} INFO - Filling up the DagBag from /home/airflow/.local/lib/python3.12/site-packages/airflow/example_dags/example_sensor_decorator.py
[2026-07-24T19:01:30.567+0000] {processor.py:840} INFO - DAG(s) 'example_sensor_decorator' retrieved from /home/airflow/.local/lib/python3.12/site-packages/airflow/example_dags/example_sensor_decorator.py
[2026-07-24T19:01:30.601+0000] {logging_mixin.py:188} INFO - [2026-07-24T19:01:30.601+0000] {dag.py:3089} INFO - Sync 1 DAGs
[2026-07-24T19:01:30.622+0000] {logging_mixin.py:188} INFO - [2026-07-24T19:01:30.622+0000] {dag.py:3947} INFO - Setting next_dagrun for example_sensor_decorator to None, run_after=None
[2026-07-24T19:01:30.655+0000] {processor.py:183} INFO - Processing /home/airflow/.local/lib/python3.12/site-packages/airflow/example_dags/example_sensor_decorator.py took 0.111 seconds
[2026-07-24T19:02:02.441+0000] {processor.py:161} INFO - Started process (PID=16249) to work on /home/airflow/.local/lib/python3.12/site-packages/airflow/example_dags/example_sensor_decorator.py
[2026-07-24T19:02:02.445+0000] {processor.py:830} INFO - Processing file /home/airflow/.local/lib/python3.12/site-packages/airflow/example_dags/example_sensor_decorator.py for tasks to queue
[2026-07-24T19:02:02.451+0000] {logging_mixin.py:188} INFO - [2026-07-24T19:02:02.450+0000] {dagbag.py:545} INFO - Filling up the DagBag from /home/airflow/.local/lib/python3.12/site-packages/airflow/example_dags/example_sensor_decorator.py
[2026-07-24T19:02:02.466+0000] {processor.py:840} INFO - DAG(s) 'example_sensor_decorator' retrieved from /home/airflow/.local/lib/python3.12/site-packages/airflow/example_dags/example_sensor_decorator.py
[2026-07-24T19:02:02.524+0000] {logging_mixin.py:188} INFO - [2026-07-24T19:02:02.524+0000] {dag.py:3089} INFO - Sync 1 DAGs
[2026-07-24T19:02:02.557+0000] {logging_mixin.py:188} INFO - [2026-07-24T19:02:02.556+0000] {dag.py:3947} INFO - Setting next_dagrun for example_sensor_decorator to None, run_after=None
[2026-07-24T19:02:02.602+0000] {processor.py:183} INFO - Processing /home/airflow/.local/lib/python3.12/site-packages/airflow/example_dags/example_sensor_decorator.py took 0.173 seconds
[2026-07-24T19:02:33.780+0000] {processor.py:161} INFO - Started process (PID=16322) to work on /home/airflow/.local/lib/python3.12/site-packages/airflow/example_dags/example_sensor_decorator.py
[2026-07-24T19:02:33.782+0000] {processor.py:830} INFO - Processing file /home/airflow/.local/lib/python3.12/site-packages/airflow/example_dags/example_sensor_decorator.py for tasks to queue
[2026-07-24T19:02:33.788+0000] {logging_mixin.py:188} INFO - [2026-07-24T19:02:33.787+0000] {dagbag.py:545} INFO - Filling up the DagBag from /home/airflow/.local/lib/python3.12/site-packages/airflow/example_dags/example_sensor_decorator.py
[2026-07-24T19:02:33.803+0000] {processor.py:840} INFO - DAG(s) 'example_sensor_decorator' retrieved from /home/airflow/.local/lib/python3.12/site-packages/airflow/example_dags/example_sensor_decorator.py
[2026-07-24T19:02:33.844+0000] {logging_mixin.py:188} INFO - [2026-07-24T19:02:33.843+0000] {dag.py:3089} INFO - Sync 1 DAGs
[2026-07-24T19:02:33.874+0000] {logging_mixin.py:188} INFO - [2026-07-24T19:02:33.873+0000] {dag.py:3947} INFO - Setting next_dagrun for example_sensor_decorator to None, run_after=None
[2026-07-24T19:02:33.919+0000] {processor.py:183} INFO - Processing /home/airflow/.local/lib/python3.12/site-packages/airflow/example_dags/example_sensor_decorator.py took 0.149 seconds
[2026-07-24T19:03:04.366+0000] {processor.py:161} INFO - Started process (PID=16388) to work on /home/airflow/.local/lib/python3.12/site-packages/airflow/example_dags/example_sensor_decorator.py
[2026-07-24T19:03:04.368+0000] {processor.py:830} INFO - Processing file /home/airflow/.local/lib/python3.12/site-packages/airflow/example_dags/example_sensor_decorator.py for tasks to queue
[2026-07-24T19:03:04.373+0000] {logging_mixin.py:188} INFO - [2026-07-24T19:03:04.373+0000] {dagbag.py:545} INFO - Filling up the DagBag from /home/airflow/.local/lib/python3.12/site-packages/airflow/example_dags/example_sensor_decorator.py
[2026-07-24T19:03:04.396+0000] {processor.py:840} INFO - DAG(s) 'example_sensor_decorator' retrieved from /home/airflow/.local/lib/python3.12/site-packages/airflow/example_dags/example_sensor_decorator.py
[2026-07-24T19:03:04.456+0000] {logging_mixin.py:188} INFO - [2026-07-24T19:03:04.456+0000] {dag.py:3089} INFO - Sync 1 DAGs
[2026-07-24T19:03:04.494+0000] {logging_mixin.py:188} INFO - [2026-07-24T19:03:04.494+0000] {dag.py:3947} INFO - Setting next_dagrun for example_sensor_decorator to None, run_after=None
[2026-07-24T19:03:04.551+0000] {processor.py:183} INFO - Processing /home/airflow/.local/lib/python3.12/site-packages/airflow/example_dags/example_sensor_decorator.py took 0.199 seconds
[2026-07-24T19:03:34.663+0000] {processor.py:161} INFO - Started process (PID=16460) to work on /home/airflow/.local/lib/python3.12/site-packages/airflow/example_dags/example_sensor_decorator.py
[2026-07-24T19:03:34.666+0000] {processor.py:830} INFO - Processing file /home/airflow/.local/lib/python3.12/site-packages/airflow/example_dags/example_sensor_decorator.py for tasks to queue
[2026-07-24T19:03:34.670+0000] {logging_mixin.py:188} INFO - [2026-07-24T19:03:34.669+0000] {dagbag.py:545} INFO - Filling up the DagBag from /home/airflow/.local/lib/python3.12/site-packages/airflow/example_dags/example_sensor_decorator.py
[2026-07-24T19:03:34.680+0000] {processor.py:840} INFO - DAG(s) 'example_sensor_decorator' retrieved from /home/airflow/.local/lib/python3.12/site-packages/airflow/example_dags/example_sensor_decorator.py
[2026-07-24T19:03:34.724+0000] {logging_mixin.py:188} INFO - [2026-07-24T19:03:34.723+0000] {dag.py:3089} INFO - Sync 1 DAGs
[2026-07-24T19:03:34.764+0000] {logging_mixin.py:188} INFO - [2026-07-24T19:03:34.763+0000] {dag.py:3947} INFO - Setting next_dagrun for example_sensor_decorator to None, run_after=None
[2026-07-24T19:03:34.816+0000] {processor.py:183} INFO - Processing /home/airflow/.local/lib/python3.12/site-packages/airflow/example_dags/example_sensor_decorator.py took 0.161 seconds
[2026-07-24T19:04:05.348+0000] {processor.py:161} INFO - Started process (PID=16527) to work on /home/airflow/.local/lib/python3.12/site-packages/airflow/example_dags/example_sensor_decorator.py
[2026-07-24T19:04:05.350+0000] {processor.py:830} INFO - Processing file /home/airflow/.local/lib/python3.12/site-packages/airflow/example_dags/example_sensor_decorator.py for tasks to queue
[2026-07-24T19:04:05.354+0000] {logging_mixin.py:188} INFO - [2026-07-24T19:04:05.353+0000] {dagbag.py:545} INFO - Filling up the DagBag from /home/airflow/.local/lib/python3.12/site-packages/airflow/example_dags/example_sensor_decorator.py
[2026-07-24T19:04:05.363+0000] {processor.py:840} INFO - DAG(s) 'example_sensor_decorator' retrieved from /home/airflow/.local/lib/python3.12/site-packages/airflow/example_dags/example_sensor_decorator.py
[2026-07-24T19:04:05.394+0000] {logging_mixin.py:188} INFO - [2026-07-24T19:04:05.394+0000] {dag.py:3089} INFO - Sync 1 DAGs
[2026-07-24T19:04:05.412+0000] {logging_mixin.py:188} INFO - [2026-07-24T19:04:05.412+0000] {dag.py:3947} INFO - Setting next_dagrun for example_sensor_decorator to None, run_after=None
[2026-07-24T19:04:05.440+0000] {processor.py:183} INFO - Processing /home/airflow/.local/lib/python3.12/site-packages/airflow/example_dags/example_sensor_decorator.py took 0.099 seconds
[2026-07-24T19:04:36.059+0000] {processor.py:161} INFO - Started process (PID=16601) to work on /home/airflow/.local/lib/python3.12/site-packages/airflow/example_dags/example_sensor_decorator.py
[2026-07-24T19:04:36.061+0000] {processor.py:830} INFO - Processing file /home/airflow/.local/lib/python3.12/site-packages/airflow/example_dags/example_sensor_decorator.py for tasks to queue
[2026-07-24T19:04:36.066+0000] {logging_mixin.py:188} INFO - [2026-07-24T19:04:36.065+0000] {dagbag.py:545} INFO - Filling up the DagBag from /home/airflow/.local/lib/python3.12/site-packages/airflow/example_dags/example_sensor_decorator.py
[2026-07-24T19:04:36.077+0000] {processor.py:840} INFO - DAG(s) 'example_sensor_decorator' retrieved from /home/airflow/.local/lib/python3.12/site-packages/airflow/example_dags/example_sensor_decorator.py
[2026-07-24T19:04:36.120+0000] {logging_mixin.py:188} INFO - [2026-07-24T19:04:36.120+0000] {dag.py:3089} INFO - Sync 1 DAGs
[2026-07-24T19:04:36.149+0000] {logging_mixin.py:188} INFO - [2026-07-24T19:04:36.148+0000] {dag.py:3947} INFO - Setting next_dagrun for example_sensor_decorator to None, run_after=None
[2026-07-24T19:04:36.197+0000] {processor.py:183} INFO - Processing /home/airflow/.local/lib/python3.12/site-packages/airflow/example_dags/example_sensor_decorator.py took 0.148 seconds
[2026-07-24T19:05:06.766+0000] {processor.py:161} INFO - Started process (PID=16670) to work on /home/airflow/.local/lib/python3.12/site-packages/airflow/example_dags/example_sensor_decorator.py
[2026-07-24T19:05:06.768+0000] {processor.py:830} INFO - Processing file /home/airflow/.local/lib/python3.12/site-packages/airflow/example_dags/example_sensor_decorator.py for tasks to queue
[2026-07-24T19:05:06.772+0000] {logging_mixin.py:188} INFO - [2026-07-24T19:05:06.772+0000] {dagbag.py:545} INFO - Filling up the DagBag from /home/airflow/.local/lib/python3.12/site-packages/airflow/example_dags/example_sensor_decorator.py
[2026-07-24T19:05:06.784+0000] {processor.py:840} INFO - DAG(s) 'example_sensor_decorator' retrieved from /home/airflow/.local/lib/python3.12/site-packages/airflow/example_dags/example_sensor_decorator.py
[2026-07-24T19:05:06.816+0000] {logging_mixin.py:188} INFO - [2026-07-24T19:05:06.816+0000] {dag.py:3089} INFO - Sync 1 DAGs
[2026-07-24T19:05:06.834+0000] {logging_mixin.py:188} INFO - [2026-07-24T19:05:06.834+0000] {dag.py:3947} INFO - Setting next_dagrun for example_sensor_decorator to None, run_after=None
[2026-07-24T19:05:06.867+0000] {processor.py:183} INFO - Processing /home/airflow/.local/lib/python3.12/site-packages/airflow/example_dags/example_sensor_decorator.py took 0.110 seconds
[2026-07-24T19:05:37.415+0000] {processor.py:161} INFO - Started process (PID=16743) to work on /home/airflow/.local/lib/python3.12/site-packages/airflow/example_dags/example_sensor_decorator.py
[2026-07-24T19:05:37.417+0000] {processor.py:830} INFO - Processing file /home/airflow/.local/lib/python3.12/site-packages/airflow/example_dags/example_sensor_decorator.py for tasks to queue
[2026-07-24T19:05:37.421+0000] {logging_mixin.py:188} INFO - [2026-07-24T19:05:37.420+0000] {dagbag.py:545} INFO - Filling up the DagBag from /home/airflow/.local/lib/python3.12/site-packages/airflow/example_dags/example_sensor_decorator.py
[2026-07-24T19:05:37.430+0000] {processor.py:840} INFO - DAG(s) 'example_sensor_decorator' retrieved from /home/airflow/.local/lib/python3.12/site-packages/airflow/example_dags/example_sensor_decorator.py
[2026-07-24T19:05:37.460+0000] {logging_mixin.py:188} INFO - [2026-07-24T19:05:37.459+0000] {dag.py:3089} INFO - Sync 1 DAGs
[2026-07-24T19:05:37.478+0000] {logging_mixin.py:188} INFO - [2026-07-24T19:05:37.478+0000] {dag.py:3947} INFO - Setting next_dagrun for example_sensor_decorator to None, run_after=None
[2026-07-24T19:05:37.508+0000] {processor.py:183} INFO - Processing /home/airflow/.local/lib/python3.12/site-packages/airflow/example_dags/example_sensor_decorator.py took 0.100 seconds
[2026-07-24T19:06:09.315+0000] {processor.py:161} INFO - Started process (PID=16818) to work on /home/airflow/.local/lib/python3.12/site-packages/airflow/example_dags/example_sensor_decorator.py
[2026-07-24T19:06:09.317+0000] {processor.py:830} INFO - Processing file /home/airflow/.local/lib/python3.12/site-packages/airflow/example_dags/example_sensor_decorator.py for tasks to queue
[2026-07-24T19:06:09.320+0000] {logging_mixin.py:188} INFO - [2026-07-24T19:06:09.320+0000] {dagbag.py:545} INFO - Filling up the DagBag from /home/airflow/.local/lib/python3.12/site-packages/airflow/example_dags/example_sensor_decorator.py
[2026-07-24T19:06:09.331+0000] {processor.py:840} INFO - DAG(s) 'example_sensor_decorator' retrieved from /home/airflow/.local/lib/python3.12/site-packages/airflow/example_dags/example_sensor_decorator.py
[2026-07-24T19:06:09.364+0000] {logging_mixin.py:188} INFO - [2026-07-24T19:06:09.363+0000] {dag.py:3089} INFO - Sync 1 DAGs
[2026-07-24T19:06:09.388+0000] {logging_mixin.py:188} INFO - [2026-07-24T19:06:09.388+0000] {dag.py:3947} INFO - Setting next_dagrun for example_sensor_decorator to None, run_after=None
[2026-07-24T19:06:09.428+0000] {processor.py:183} INFO - Processing /home/airflow/.local/lib/python3.12/site-packages/airflow/example_dags/example_sensor_decorator.py took 0.121 seconds
[2026-07-24T19:06:39.808+0000] {processor.py:161} INFO - Started process (PID=16892) to work on /home/airflow/.local/lib/python3.12/site-packages/airflow/example_dags/example_sensor_decorator.py
[2026-07-24T19:06:39.811+0000] {processor.py:830} INFO - Processing file /home/airflow/.local/lib/python3.12/site-packages/airflow/example_dags/example_sensor_decorator.py for tasks to queue
[2026-07-24T19:06:39.814+0000] {logging_mixin.py:188} INFO - [2026-07-24T19:06:39.814+0000] {dagbag.py:545} INFO - Filling up the DagBag from /home/airflow/.local/lib/python3.12/site-packages/airflow/example_dags/example_sensor_decorator.py
[2026-07-24T19:06:39.824+0000] {processor.py:840} INFO - DAG(s) 'example_sensor_decorator' retrieved from /home/airflow/.local/lib/python3.12/site-packages/airflow/example_dags/example_sensor_decorator.py
[2026-07-24T19:06:39.855+0000] {logging_mixin.py:188} INFO - [2026-07-24T19:06:39.854+0000] {dag.py:3089} INFO - Sync 1 DAGs
[2026-07-24T19:06:39.874+0000] {logging_mixin.py:188} INFO - [2026-07-24T19:06:39.874+0000] {dag.py:3947} INFO - Setting next_dagrun for example_sensor_decorator to None, run_after=None
[2026-07-24T19:06:39.908+0000] {processor.py:183} INFO - Processing /home/airflow/.local/lib/python3.12/site-packages/airflow/example_dags/example_sensor_decorator.py took 0.108 seconds
[2026-07-24T19:07:10.324+0000] {processor.py:161} INFO - Started process (PID=16962) to work on /home/airflow/.local/lib/python3.12/site-packages/airflow/example_dags/example_sensor_decorator.py
[2026-07-24T19:07:10.326+0000] {processor.py:830} INFO - Processing file /home/airflow/.local/lib/python3.12/site-packages/airflow/example_dags/example_sensor_decorator.py for tasks to queue
[2026-07-24T19:07:10.330+0000] {logging_mixin.py:188} INFO - [2026-07-24T19:07:10.330+0000] {dagbag.py:545} INFO - Filling up the DagBag from /home/airflow/.local/lib/python3.12/site-packages/airflow/example_dags/example_sensor_decorator.py
[2026-07-24T19:07:10.344+0000] {processor.py:840} INFO - DAG(s) 'example_sensor_decorator' retrieved from /home/airflow/.local/lib/python3.12/site-packages/airflow/example_dags/example_sensor_decorator.py
[2026-07-24T19:07:10.393+0000] {logging_mixin.py:188} INFO - [2026-07-24T19:07:10.392+0000] {dag.py:3089} INFO - Sync 1 DAGs
[2026-07-24T19:07:10.419+0000] {logging_mixin.py:188} INFO - [2026-07-24T19:07:10.419+0000] {dag.py:3947} INFO - Setting next_dagrun for example_sensor_decorator to None, run_after=None
[2026-07-24T19:07:10.461+0000] {processor.py:183} INFO - Processing /home/airflow/.local/lib/python3.12/site-packages/airflow/example_dags/example_sensor_decorator.py took 0.148 seconds
[2026-07-24T19:07:40.976+0000] {processor.py:161} INFO - Started process (PID=17032) to work on /home/airflow/.local/lib/python3.12/site-packages/airflow/example_dags/example_sensor_decorator.py
[2026-07-24T19:07:40.979+0000] {processor.py:830} INFO - Processing file /home/airflow/.local/lib/python3.12/site-packages/airflow/example_dags/example_sensor_decorator.py for tasks to queue
[2026-07-24T19:07:40.983+0000] {logging_mixin.py:188} INFO - [2026-07-24T19:07:40.983+0000] {dagbag.py:545} INFO - Filling up the DagBag from /home/airflow/.local/lib/python3.12/site-packages/airflow/example_dags/example_sensor_decorator.py
[2026-07-24T19:07:40.994+0000] {processor.py:840} INFO - DAG(s) 'example_sensor_decorator' retrieved from /home/airflow/.local/lib/python3.12/site-packages/airflow/example_dags/example_sensor_decorator.py
[2026-07-24T19:07:41.032+0000] {logging_mixin.py:188} INFO - [2026-07-24T19:07:41.032+0000] {dag.py:3089} INFO - Sync 1 DAGs
[2026-07-24T19:07:41.051+0000] {logging_mixin.py:188} INFO - [2026-07-24T19:07:41.051+0000] {dag.py:3947} INFO - Setting next_dagrun for example_sensor_decorator to None, run_after=None
[2026-07-24T19:07:41.086+0000] {processor.py:183} INFO - Processing /home/airflow/.local/lib/python3.12/site-packages/airflow/example_dags/example_sensor_decorator.py took 0.118 seconds
[2026-07-24T19:08:11.517+0000] {processor.py:161} INFO - Started process (PID=17099) to work on /home/airflow/.local/lib/python3.12/site-packages/airflow/example_dags/example_sensor_decorator.py
[2026-07-24T19:08:11.519+0000] {processor.py:830} INFO - Processing file /home/airflow/.local/lib/python3.12/site-packages/airflow/example_dags/example_sensor_decorator.py for tasks to queue
[2026-07-24T19:08:11.523+0000] {logging_mixin.py:188} INFO - [2026-07-24T19:08:11.522+0000] {dagbag.py:545} INFO - Filling up the DagBag from /home/airflow/.local/lib/python3.12/site-packages/airflow/example_dags/example_sensor_decorator.py
[2026-07-24T19:08:11.533+0000] {processor.py:840} INFO - DAG(s) 'example_sensor_decorator' retrieved from /home/airflow/.local/lib/python3.12/site-packages/airflow/example_dags/example_sensor_decorator.py
[2026-07-24T19:08:11.566+0000] {logging_mixin.py:188} INFO - [2026-07-24T19:08:11.565+0000] {dag.py:3089} INFO - Sync 1 DAGs
[2026-07-24T19:08:11.584+0000] {logging_mixin.py:188} INFO - [2026-07-24T19:08:11.584+0000] {dag.py:3947} INFO - Setting next_dagrun for example_sensor_decorator to None, run_after=None
[2026-07-24T19:08:11.622+0000] {processor.py:183} INFO - Processing /home/airflow/.local/lib/python3.12/site-packages/airflow/example_dags/example_sensor_decorator.py took 0.112 seconds
[2026-07-24T19:08:42.571+0000] {processor.py:161} INFO - Started process (PID=17172) to work on /home/airflow/.local/lib/python3.12/site-packages/airflow/example_dags/example_sensor_decorator.py
[2026-07-24T19:08:42.574+0000] {processor.py:830} INFO - Processing file /home/airflow/.local/lib/python3.12/site-packages/airflow/example_dags/example_sensor_decorator.py for tasks to queue
[2026-07-24T19:08:42.579+0000] {logging_mixin.py:188} INFO - [2026-07-24T19:08:42.578+0000] {dagbag.py:545} INFO - Filling up the DagBag from /home/airflow/.local/lib/python3.12/site-packages/airflow/example_dags/example_sensor_decorator.py
[2026-07-24T19:08:42.591+0000] {processor.py:840} INFO - DAG(s) 'example_sensor_decorator' retrieved from /home/airflow/.local/lib/python3.12/site-packages/airflow/example_dags/example_sensor_decorator.py
[2026-07-24T19:08:42.636+0000] {logging_mixin.py:188} INFO - [2026-07-24T19:08:42.635+0000] {dag.py:3089} INFO - Sync 1 DAGs
[2026-07-24T19:08:42.667+0000] {logging_mixin.py:188} INFO - [2026-07-24T19:08:42.666+0000] {dag.py:3947} INFO - Setting next_dagrun for example_sensor_decorator to None, run_after=None
[2026-07-24T19:08:42.714+0000] {processor.py:183} INFO - Processing /home/airflow/.local/lib/python3.12/site-packages/airflow/example_dags/example_sensor_decorator.py took 0.155 seconds
[2026-07-24T19:09:13.025+0000] {processor.py:161} INFO - Started process (PID=17245) to work on /home/airflow/.local/lib/python3.12/site-packages/airflow/example_dags/example_sensor_decorator.py
[2026-07-24T19:09:13.029+0000] {processor.py:830} INFO - Processing file /home/airflow/.local/lib/python3.12/site-packages/airflow/example_dags/example_sensor_decorator.py for tasks to queue
[2026-07-24T19:09:13.035+0000] {logging_mixin.py:188} INFO - [2026-07-24T19:09:13.034+0000] {dagbag.py:545} INFO - Filling up the DagBag from /home/airflow/.local/lib/python3.12/site-packages/airflow/example_dags/example_sensor_decorator.py
[2026-07-24T19:09:13.056+0000] {processor.py:840} INFO - DAG(s) 'example_sensor_decorator' retrieved from /home/airflow/.local/lib/python3.12/site-packages/airflow/example_dags/example_sensor_decorator.py
[2026-07-24T19:09:13.113+0000] {logging_mixin.py:188} INFO - [2026-07-24T19:09:13.112+0000] {dag.py:3089} INFO - Sync 1 DAGs
[2026-07-24T19:09:13.150+0000] {logging_mixin.py:188} INFO - [2026-07-24T19:09:13.150+0000] {dag.py:3947} INFO - Setting next_dagrun for example_sensor_decorator to None, run_after=None
[2026-07-24T19:09:13.196+0000] {processor.py:183} INFO - Processing /home/airflow/.local/lib/python3.12/site-packages/airflow/example_dags/example_sensor_decorator.py took 0.186 seconds
[2026-07-24T19:09:43.867+0000] {processor.py:161} INFO - Started process (PID=17308) to work on /home/airflow/.local/lib/python3.12/site-packages/airflow/example_dags/example_sensor_decorator.py
[2026-07-24T19:09:43.870+0000] {processor.py:830} INFO - Processing file /home/airflow/.local/lib/python3.12/site-packages/airflow/example_dags/example_sensor_decorator.py for tasks to queue
[2026-07-24T19:09:43.874+0000] {logging_mixin.py:188} INFO - [2026-07-24T19:09:43.874+0000] {dagbag.py:545} INFO - Filling up the DagBag from /home/airflow/.local/lib/python3.12/site-packages/airflow/example_dags/example_sensor_decorator.py
[2026-07-24T19:09:43.885+0000] {processor.py:840} INFO - DAG(s) 'example_sensor_decorator' retrieved from /home/airflow/.local/lib/python3.12/site-packages/airflow/example_dags/example_sensor_decorator.py
[2026-07-24T19:09:43.927+0000] {logging_mixin.py:188} INFO - [2026-07-24T19:09:43.926+0000] {dag.py:3089} INFO - Sync 1 DAGs
[2026-07-24T19:09:43.952+0000] {logging_mixin.py:188} INFO - [2026-07-24T19:09:43.951+0000] {dag.py:3947} INFO - Setting next_dagrun for example_sensor_decorator to None, run_after=None
[2026-07-24T19:09:43.988+0000] {processor.py:183} INFO - Processing /home/airflow/.local/lib/python3.12/site-packages/airflow/example_dags/example_sensor_decorator.py took 0.128 seconds
[2026-07-24T19:10:18.144+0000] {processor.py:161} INFO - Started process (PID=17381) to work on /home/airflow/.local/lib/python3.12/site-packages/airflow/example_dags/example_sensor_decorator.py
[2026-07-24T19:10:18.147+0000] {processor.py:830} INFO - Processing file /home/airflow/.local/lib/python3.12/site-packages/airflow/example_dags/example_sensor_decorator.py for tasks to queue
[2026-07-24T19:10:18.153+0000] {logging_mixin.py:188} INFO - [2026-07-24T19:10:18.152+0000] {dagbag.py:545} INFO - Filling up the DagBag from /home/airflow/.local/lib/python3.12/site-packages/airflow/example_dags/example_sensor_decorator.py
[2026-07-24T19:10:18.168+0000] {processor.py:840} INFO - DAG(s) 'example_sensor_decorator' retrieved from /home/airflow/.local/lib/python3.12/site-packages/airflow/example_dags/example_sensor_decorator.py
[2026-07-24T19:10:18.229+0000] {logging_mixin.py:188} INFO - [2026-07-24T19:10:18.228+0000] {dag.py:3089} INFO - Sync 1 DAGs
[2026-07-24T19:10:18.266+0000] {logging_mixin.py:188} INFO - [2026-07-24T19:10:18.266+0000] {dag.py:3947} INFO - Setting next_dagrun for example_sensor_decorator to None, run_after=None
[2026-07-24T19:10:18.311+0000] {processor.py:183} INFO - Processing /home/airflow/.local/lib/python3.12/site-packages/airflow/example_dags/example_sensor_decorator.py took 0.180 seconds
[2026-07-24T19:11:11.658+0000] {processor.py:161} INFO - Started process (PID=17456) to work on /home/airflow/.local/lib/python3.12/site-packages/airflow/example_dags/example_sensor_decorator.py
[2026-07-24T19:11:11.664+0000] {processor.py:830} INFO - Processing file /home/airflow/.local/lib/python3.12/site-packages/airflow/example_dags/example_sensor_decorator.py for tasks to queue
[2026-07-24T19:11:11.672+0000] {logging_mixin.py:188} INFO - [2026-07-24T19:11:11.671+0000] {dagbag.py:545} INFO - Filling up the DagBag from /home/airflow/.local/lib/python3.12/site-packages/airflow/example_dags/example_sensor_decorator.py
[2026-07-24T19:11:11.695+0000] {processor.py:840} INFO - DAG(s) 'example_sensor_decorator' retrieved from /home/airflow/.local/lib/python3.12/site-packages/airflow/example_dags/example_sensor_decorator.py
[2026-07-24T19:11:11.788+0000] {logging_mixin.py:188} INFO - [2026-07-24T19:11:11.787+0000] {dag.py:3089} INFO - Sync 1 DAGs
[2026-07-24T19:11:11.831+0000] {logging_mixin.py:188} INFO - [2026-07-24T19:11:11.831+0000] {dag.py:3947} INFO - Setting next_dagrun for example_sensor_decorator to None, run_after=None
[2026-07-24T19:11:11.893+0000] {processor.py:183} INFO - Processing /home/airflow/.local/lib/python3.12/site-packages/airflow/example_dags/example_sensor_decorator.py took 0.256 seconds
[2026-07-24T19:11:42.612+0000] {processor.py:161} INFO - Started process (PID=17521) to work on /home/airflow/.local/lib/python3.12/site-packages/airflow/example_dags/example_sensor_decorator.py
[2026-07-24T19:11:42.616+0000] {processor.py:830} INFO - Processing file /home/airflow/.local/lib/python3.12/site-packages/airflow/example_dags/example_sensor_decorator.py for tasks to queue
[2026-07-24T19:11:42.628+0000] {logging_mixin.py:188} INFO - [2026-07-24T19:11:42.627+0000] {dagbag.py:545} INFO - Filling up the DagBag from /home/airflow/.local/lib/python3.12/site-packages/airflow/example_dags/example_sensor_decorator.py
[2026-07-24T19:11:42.655+0000] {processor.py:840} INFO - DAG(s) 'example_sensor_decorator' retrieved from /home/airflow/.local/lib/python3.12/site-packages/airflow/example_dags/example_sensor_decorator.py
[2026-07-24T19:11:42.731+0000] {logging_mixin.py:188} INFO - [2026-07-24T19:11:42.731+0000] {dag.py:3089} INFO - Sync 1 DAGs
[2026-07-24T19:11:42.780+0000] {logging_mixin.py:188} INFO - [2026-07-24T19:11:42.779+0000] {dag.py:3947} INFO - Setting next_dagrun for example_sensor_decorator to None, run_after=None
[2026-07-24T19:11:42.826+0000] {processor.py:183} INFO - Processing /home/airflow/.local/lib/python3.12/site-packages/airflow/example_dags/example_sensor_decorator.py took 0.237 seconds
[2026-07-24T19:12:17.156+0000] {processor.py:161} INFO - Started process (PID=17595) to work on /home/airflow/.local/lib/python3.12/site-packages/airflow/example_dags/example_sensor_decorator.py
[2026-07-24T19:12:17.162+0000] {processor.py:830} INFO - Processing file /home/airflow/.local/lib/python3.12/site-packages/airflow/example_dags/example_sensor_decorator.py for tasks to queue
[2026-07-24T19:12:17.168+0000] {logging_mixin.py:188} INFO - [2026-07-24T19:12:17.168+0000] {dagbag.py:545} INFO - Filling up the DagBag from /home/airflow/.local/lib/python3.12/site-packages/airflow/example_dags/example_sensor_decorator.py
[2026-07-24T19:12:17.187+0000] {processor.py:840} INFO - DAG(s) 'example_sensor_decorator' retrieved from /home/airflow/.local/lib/python3.12/site-packages/airflow/example_dags/example_sensor_decorator.py
[2026-07-24T19:12:17.242+0000] {logging_mixin.py:188} INFO - [2026-07-24T19:12:17.242+0000] {dag.py:3089} INFO - Sync 1 DAGs
[2026-07-24T19:12:17.281+0000] {logging_mixin.py:188} INFO - [2026-07-24T19:12:17.280+0000] {dag.py:3947} INFO - Setting next_dagrun for example_sensor_decorator to None, run_after=None
[2026-07-24T19:12:17.334+0000] {processor.py:183} INFO - Processing /home/airflow/.local/lib/python3.12/site-packages/airflow/example_dags/example_sensor_decorator.py took 0.196 seconds
[2026-07-24T19:12:48.633+0000] {processor.py:161} INFO - Started process (PID=17668) to work on /home/airflow/.local/lib/python3.12/site-packages/airflow/example_dags/example_sensor_decorator.py
[2026-07-24T19:12:48.644+0000] {processor.py:830} INFO - Processing file /home/airflow/.local/lib/python3.12/site-packages/airflow/example_dags/example_sensor_decorator.py for tasks to queue
[2026-07-24T19:12:48.655+0000] {logging_mixin.py:188} INFO - [2026-07-24T19:12:48.651+0000] {dagbag.py:545} INFO - Filling up the DagBag from /home/airflow/.local/lib/python3.12/site-packages/airflow/example_dags/example_sensor_decorator.py
[2026-07-24T19:12:48.679+0000] {processor.py:840} INFO - DAG(s) 'example_sensor_decorator' retrieved from /home/airflow/.local/lib/python3.12/site-packages/airflow/example_dags/example_sensor_decorator.py
[2026-07-24T19:12:48.740+0000] {logging_mixin.py:188} INFO - [2026-07-24T19:12:48.740+0000] {dag.py:3089} INFO - Sync 1 DAGs
[2026-07-24T19:12:48.788+0000] {logging_mixin.py:188} INFO - [2026-07-24T19:12:48.787+0000] {dag.py:3947} INFO - Setting next_dagrun for example_sensor_decorator to None, run_after=None
[2026-07-24T19:12:48.841+0000] {processor.py:183} INFO - Processing /home/airflow/.local/lib/python3.12/site-packages/airflow/example_dags/example_sensor_decorator.py took 0.224 seconds
[2026-07-24T19:13:19.826+0000] {processor.py:161} INFO - Started process (PID=17740) to work on /home/airflow/.local/lib/python3.12/site-packages/airflow/example_dags/example_sensor_decorator.py
[2026-07-24T19:13:19.832+0000] {processor.py:830} INFO - Processing file /home/airflow/.local/lib/python3.12/site-packages/airflow/example_dags/example_sensor_decorator.py for tasks to queue
[2026-07-24T19:13:19.850+0000] {logging_mixin.py:188} INFO - [2026-07-24T19:13:19.839+0000] {dagbag.py:545} INFO - Filling up the DagBag from /home/airflow/.local/lib/python3.12/site-packages/airflow/example_dags/example_sensor_decorator.py
[2026-07-24T19:13:19.882+0000] {processor.py:840} INFO - DAG(s) 'example_sensor_decorator' retrieved from /home/airflow/.local/lib/python3.12/site-packages/airflow/example_dags/example_sensor_decorator.py
[2026-07-24T19:13:19.954+0000] {logging_mixin.py:188} INFO - [2026-07-24T19:13:19.953+0000] {dag.py:3089} INFO - Sync 1 DAGs
[2026-07-24T19:13:19.991+0000] {logging_mixin.py:188} INFO - [2026-07-24T19:13:19.990+0000] {dag.py:3947} INFO - Setting next_dagrun for example_sensor_decorator to None, run_after=None
[2026-07-24T19:13:20.049+0000] {processor.py:183} INFO - Processing /home/airflow/.local/lib/python3.12/site-packages/airflow/example_dags/example_sensor_decorator.py took 0.274 seconds
[2026-07-24T19:13:50.320+0000] {processor.py:161} INFO - Started process (PID=17805) to work on /home/airflow/.local/lib/python3.12/site-packages/airflow/example_dags/example_sensor_decorator.py
[2026-07-24T19:13:50.323+0000] {processor.py:830} INFO - Processing file /home/airflow/.local/lib/python3.12/site-packages/airflow/example_dags/example_sensor_decorator.py for tasks to queue
[2026-07-24T19:13:50.328+0000] {logging_mixin.py:188} INFO - [2026-07-24T19:13:50.327+0000] {dagbag.py:545} INFO - Filling up the DagBag from /home/airflow/.local/lib/python3.12/site-packages/airflow/example_dags/example_sensor_decorator.py
[2026-07-24T19:13:50.344+0000] {processor.py:840} INFO - DAG(s) 'example_sensor_decorator' retrieved from /home/airflow/.local/lib/python3.12/site-packages/airflow/example_dags/example_sensor_decorator.py
[2026-07-24T19:13:50.387+0000] {logging_mixin.py:188} INFO - [2026-07-24T19:13:50.386+0000] {dag.py:3089} INFO - Sync 1 DAGs
[2026-07-24T19:13:50.431+0000] {logging_mixin.py:188} INFO - [2026-07-24T19:13:50.431+0000] {dag.py:3947} INFO - Setting next_dagrun for example_sensor_decorator to None, run_after=None
[2026-07-24T19:13:50.549+0000] {processor.py:183} INFO - Processing /home/airflow/.local/lib/python3.12/site-packages/airflow/example_dags/example_sensor_decorator.py took 0.240 seconds
[2026-07-24T19:14:23.416+0000] {processor.py:161} INFO - Started process (PID=17885) to work on /home/airflow/.local/lib/python3.12/site-packages/airflow/example_dags/example_sensor_decorator.py
[2026-07-24T19:14:23.426+0000] {processor.py:830} INFO - Processing file /home/airflow/.local/lib/python3.12/site-packages/airflow/example_dags/example_sensor_decorator.py for tasks to queue
[2026-07-24T19:14:23.440+0000] {logging_mixin.py:188} INFO - [2026-07-24T19:14:23.439+0000] {dagbag.py:545} INFO - Filling up the DagBag from /home/airflow/.local/lib/python3.12/site-packages/airflow/example_dags/example_sensor_decorator.py
[2026-07-24T19:14:23.483+0000] {processor.py:840} INFO - DAG(s) 'example_sensor_decorator' retrieved from /home/airflow/.local/lib/python3.12/site-packages/airflow/example_dags/example_sensor_decorator.py
[2026-07-24T19:14:23.613+0000] {logging_mixin.py:188} INFO - [2026-07-24T19:14:23.612+0000] {dag.py:3089} INFO - Sync 1 DAGs
[2026-07-24T19:14:23.743+0000] {logging_mixin.py:188} INFO - [2026-07-24T19:14:23.742+0000] {dag.py:3947} INFO - Setting next_dagrun for example_sensor_decorator to None, run_after=None
[2026-07-24T19:14:23.825+0000] {processor.py:183} INFO - Processing /home/airflow/.local/lib/python3.12/site-packages/airflow/example_dags/example_sensor_decorator.py took 0.428 seconds
[2026-07-24T19:14:54.598+0000] {processor.py:161} INFO - Started process (PID=17952) to work on /home/airflow/.local/lib/python3.12/site-packages/airflow/example_dags/example_sensor_decorator.py
[2026-07-24T19:14:54.601+0000] {processor.py:830} INFO - Processing file /home/airflow/.local/lib/python3.12/site-packages/airflow/example_dags/example_sensor_decorator.py for tasks to queue
[2026-07-24T19:14:54.606+0000] {logging_mixin.py:188} INFO - [2026-07-24T19:14:54.605+0000] {dagbag.py:545} INFO - Filling up the DagBag from /home/airflow/.local/lib/python3.12/site-packages/airflow/example_dags/example_sensor_decorator.py
[2026-07-24T19:14:54.617+0000] {processor.py:840} INFO - DAG(s) 'example_sensor_decorator' retrieved from /home/airflow/.local/lib/python3.12/site-packages/airflow/example_dags/example_sensor_decorator.py
[2026-07-24T19:14:54.649+0000] {logging_mixin.py:188} INFO - [2026-07-24T19:14:54.649+0000] {dag.py:3089} INFO - Sync 1 DAGs
[2026-07-24T19:14:54.680+0000] {logging_mixin.py:188} INFO - [2026-07-24T19:14:54.679+0000] {dag.py:3947} INFO - Setting next_dagrun for example_sensor_decorator to None, run_after=None
[2026-07-24T19:14:54.725+0000] {processor.py:183} INFO - Processing /home/airflow/.local/lib/python3.12/site-packages/airflow/example_dags/example_sensor_decorator.py took 0.136 seconds
[2026-07-24T19:15:25.413+0000] {processor.py:161} INFO - Started process (PID=18024) to work on /home/airflow/.local/lib/python3.12/site-packages/airflow/example_dags/example_sensor_decorator.py
[2026-07-24T19:15:25.415+0000] {processor.py:830} INFO - Processing file /home/airflow/.local/lib/python3.12/site-packages/airflow/example_dags/example_sensor_decorator.py for tasks to queue
[2026-07-24T19:15:25.420+0000] {logging_mixin.py:188} INFO - [2026-07-24T19:15:25.419+0000] {dagbag.py:545} INFO - Filling up the DagBag from /home/airflow/.local/lib/python3.12/site-packages/airflow/example_dags/example_sensor_decorator.py
[2026-07-24T19:15:25.431+0000] {processor.py:840} INFO - DAG(s) 'example_sensor_decorator' retrieved from /home/airflow/.local/lib/python3.12/site-packages/airflow/example_dags/example_sensor_decorator.py
[2026-07-24T19:15:25.463+0000] {logging_mixin.py:188} INFO - [2026-07-24T19:15:25.462+0000] {dag.py:3089} INFO - Sync 1 DAGs
[2026-07-24T19:15:25.480+0000] {logging_mixin.py:188} INFO - [2026-07-24T19:15:25.479+0000] {dag.py:3947} INFO - Setting next_dagrun for example_sensor_decorator to None, run_after=None
[2026-07-24T19:15:25.512+0000] {processor.py:183} INFO - Processing /home/airflow/.local/lib/python3.12/site-packages/airflow/example_dags/example_sensor_decorator.py took 0.109 seconds
[2026-07-24T19:15:55.973+0000] {processor.py:161} INFO - Started process (PID=18097) to work on /home/airflow/.local/lib/python3.12/site-packages/airflow/example_dags/example_sensor_decorator.py
[2026-07-24T19:15:55.976+0000] {processor.py:830} INFO - Processing file /home/airflow/.local/lib/python3.12/site-packages/airflow/example_dags/example_sensor_decorator.py for tasks to queue
[2026-07-24T19:15:55.979+0000] {logging_mixin.py:188} INFO - [2026-07-24T19:15:55.979+0000] {dagbag.py:545} INFO - Filling up the DagBag from /home/airflow/.local/lib/python3.12/site-packages/airflow/example_dags/example_sensor_decorator.py
[2026-07-24T19:15:55.990+0000] {processor.py:840} INFO - DAG(s) 'example_sensor_decorator' retrieved from /home/airflow/.local/lib/python3.12/site-packages/airflow/example_dags/example_sensor_decorator.py
[2026-07-24T19:15:56.025+0000] {logging_mixin.py:188} INFO - [2026-07-24T19:15:56.025+0000] {dag.py:3089} INFO - Sync 1 DAGs
[2026-07-24T19:15:56.045+0000] {logging_mixin.py:188} INFO - [2026-07-24T19:15:56.044+0000] {dag.py:3947} INFO - Setting next_dagrun for example_sensor_decorator to None, run_after=None
[2026-07-24T19:15:56.077+0000] {processor.py:183} INFO - Processing /home/airflow/.local/lib/python3.12/site-packages/airflow/example_dags/example_sensor_decorator.py took 0.114 seconds
[2026-07-24T19:16:27.235+0000] {processor.py:161} INFO - Started process (PID=18170) to work on /home/airflow/.local/lib/python3.12/site-packages/airflow/example_dags/example_sensor_decorator.py
[2026-07-24T19:16:27.238+0000] {processor.py:830} INFO - Processing file /home/airflow/.local/lib/python3.12/site-packages/airflow/example_dags/example_sensor_decorator.py for tasks to queue
[2026-07-24T19:16:27.243+0000] {logging_mixin.py:188} INFO - [2026-07-24T19:16:27.242+0000] {dagbag.py:545} INFO - Filling up the DagBag from /home/airflow/.local/lib/python3.12/site-packages/airflow/example_dags/example_sensor_decorator.py
[2026-07-24T19:16:27.254+0000] {processor.py:840} INFO - DAG(s) 'example_sensor_decorator' retrieved from /home/airflow/.local/lib/python3.12/site-packages/airflow/example_dags/example_sensor_decorator.py
[2026-07-24T19:16:27.300+0000] {logging_mixin.py:188} INFO - [2026-07-24T19:16:27.299+0000] {dag.py:3089} INFO - Sync 1 DAGs
[2026-07-24T19:16:27.334+0000] {logging_mixin.py:188} INFO - [2026-07-24T19:16:27.334+0000] {dag.py:3947} INFO - Setting next_dagrun for example_sensor_decorator to None, run_after=None
[2026-07-24T19:16:27.388+0000] {processor.py:183} INFO - Processing /home/airflow/.local/lib/python3.12/site-packages/airflow/example_dags/example_sensor_decorator.py took 0.168 seconds
[2026-07-24T19:16:58.477+0000] {processor.py:161} INFO - Started process (PID=18241) to work on /home/airflow/.local/lib/python3.12/site-packages/airflow/example_dags/example_sensor_decorator.py
[2026-07-24T19:16:58.481+0000] {processor.py:830} INFO - Processing file /home/airflow/.local/lib/python3.12/site-packages/airflow/example_dags/example_sensor_decorator.py for tasks to queue
[2026-07-24T19:16:58.487+0000] {logging_mixin.py:188} INFO - [2026-07-24T19:16:58.486+0000] {dagbag.py:545} INFO - Filling up the DagBag from /home/airflow/.local/lib/python3.12/site-packages/airflow/example_dags/example_sensor_decorator.py
[2026-07-24T19:16:58.507+0000] {processor.py:840} INFO - DAG(s) 'example_sensor_decorator' retrieved from /home/airflow/.local/lib/python3.12/site-packages/airflow/example_dags/example_sensor_decorator.py
[2026-07-24T19:16:58.562+0000] {logging_mixin.py:188} INFO - [2026-07-24T19:16:58.561+0000] {dag.py:3089} INFO - Sync 1 DAGs
[2026-07-24T19:16:58.599+0000] {logging_mixin.py:188} INFO - [2026-07-24T19:16:58.598+0000] {dag.py:3947} INFO - Setting next_dagrun for example_sensor_decorator to None, run_after=None
[2026-07-24T19:16:58.659+0000] {processor.py:183} INFO - Processing /home/airflow/.local/lib/python3.12/site-packages/airflow/example_dags/example_sensor_decorator.py took 0.199 seconds
[2026-07-24T19:17:29.065+0000] {processor.py:161} INFO - Started process (PID=18314) to work on /home/airflow/.local/lib/python3.12/site-packages/airflow/example_dags/example_sensor_decorator.py
[2026-07-24T19:17:29.070+0000] {processor.py:830} INFO - Processing file /home/airflow/.local/lib/python3.12/site-packages/airflow/example_dags/example_sensor_decorator.py for tasks to queue
[2026-07-24T19:17:29.076+0000] {logging_mixin.py:188} INFO - [2026-07-24T19:17:29.075+0000] {dagbag.py:545} INFO - Filling up the DagBag from /home/airflow/.local/lib/python3.12/site-packages/airflow/example_dags/example_sensor_decorator.py
[2026-07-24T19:17:29.093+0000] {processor.py:840} INFO - DAG(s) 'example_sensor_decorator' retrieved from /home/airflow/.local/lib/python3.12/site-packages/airflow/example_dags/example_sensor_decorator.py
[2026-07-24T19:17:29.154+0000] {logging_mixin.py:188} INFO - [2026-07-24T19:17:29.151+0000] {dag.py:3089} INFO - Sync 1 DAGs
[2026-07-24T19:17:29.197+0000] {logging_mixin.py:188} INFO - [2026-07-24T19:17:29.196+0000] {dag.py:3947} INFO - Setting next_dagrun for example_sensor_decorator to None, run_after=None
[2026-07-24T19:17:29.294+0000] {processor.py:183} INFO - Processing /home/airflow/.local/lib/python3.12/site-packages/airflow/example_dags/example_sensor_decorator.py took 0.249 seconds
[2026-07-24T19:17:59.559+0000] {processor.py:161} INFO - Started process (PID=18384) to work on /home/airflow/.local/lib/python3.12/site-packages/airflow/example_dags/example_sensor_decorator.py
[2026-07-24T19:17:59.562+0000] {processor.py:830} INFO - Processing file /home/airflow/.local/lib/python3.12/site-packages/airflow/example_dags/example_sensor_decorator.py for tasks to queue
[2026-07-24T19:17:59.566+0000] {logging_mixin.py:188} INFO - [2026-07-24T19:17:59.565+0000] {dagbag.py:545} INFO - Filling up the DagBag from /home/airflow/.local/lib/python3.12/site-packages/airflow/example_dags/example_sensor_decorator.py
[2026-07-24T19:17:59.580+0000] {processor.py:840} INFO - DAG(s) 'example_sensor_decorator' retrieved from /home/airflow/.local/lib/python3.12/site-packages/airflow/example_dags/example_sensor_decorator.py
[2026-07-24T19:17:59.668+0000] {logging_mixin.py:188} INFO - [2026-07-24T19:17:59.667+0000] {dag.py:3089} INFO - Sync 1 DAGs
[2026-07-24T19:17:59.699+0000] {logging_mixin.py:188} INFO - [2026-07-24T19:17:59.699+0000] {dag.py:3947} INFO - Setting next_dagrun for example_sensor_decorator to None, run_after=None
[2026-07-24T19:17:59.759+0000] {processor.py:183} INFO - Processing /home/airflow/.local/lib/python3.12/site-packages/airflow/example_dags/example_sensor_decorator.py took 0.216 seconds
[2026-07-24T19:18:29.962+0000] {processor.py:161} INFO - Started process (PID=18458) to work on /home/airflow/.local/lib/python3.12/site-packages/airflow/example_dags/example_sensor_decorator.py
[2026-07-24T19:18:29.964+0000] {processor.py:830} INFO - Processing file /home/airflow/.local/lib/python3.12/site-packages/airflow/example_dags/example_sensor_decorator.py for tasks to queue
[2026-07-24T19:18:29.968+0000] {logging_mixin.py:188} INFO - [2026-07-24T19:18:29.968+0000] {dagbag.py:545} INFO - Filling up the DagBag from /home/airflow/.local/lib/python3.12/site-packages/airflow/example_dags/example_sensor_decorator.py
[2026-07-24T19:18:29.984+0000] {processor.py:840} INFO - DAG(s) 'example_sensor_decorator' retrieved from /home/airflow/.local/lib/python3.12/site-packages/airflow/example_dags/example_sensor_decorator.py
[2026-07-24T19:18:30.024+0000] {logging_mixin.py:188} INFO - [2026-07-24T19:18:30.023+0000] {dag.py:3089} INFO - Sync 1 DAGs
[2026-07-24T19:18:30.048+0000] {logging_mixin.py:188} INFO - [2026-07-24T19:18:30.047+0000] {dag.py:3947} INFO - Setting next_dagrun for example_sensor_decorator to None, run_after=None
[2026-07-24T19:18:30.088+0000] {processor.py:183} INFO - Processing /home/airflow/.local/lib/python3.12/site-packages/airflow/example_dags/example_sensor_decorator.py took 0.135 seconds
[2026-07-24T19:19:00.247+0000] {processor.py:161} INFO - Started process (PID=18531) to work on /home/airflow/.local/lib/python3.12/site-packages/airflow/example_dags/example_sensor_decorator.py
[2026-07-24T19:19:00.252+0000] {processor.py:830} INFO - Processing file /home/airflow/.local/lib/python3.12/site-packages/airflow/example_dags/example_sensor_decorator.py for tasks to queue
[2026-07-24T19:19:00.263+0000] {logging_mixin.py:188} INFO - [2026-07-24T19:19:00.258+0000] {dagbag.py:545} INFO - Filling up the DagBag from /home/airflow/.local/lib/python3.12/site-packages/airflow/example_dags/example_sensor_decorator.py
[2026-07-24T19:19:00.302+0000] {processor.py:840} INFO - DAG(s) 'example_sensor_decorator' retrieved from /home/airflow/.local/lib/python3.12/site-packages/airflow/example_dags/example_sensor_decorator.py
[2026-07-24T19:19:00.444+0000] {logging_mixin.py:188} INFO - [2026-07-24T19:19:00.443+0000] {dag.py:3089} INFO - Sync 1 DAGs
[2026-07-24T19:19:00.541+0000] {logging_mixin.py:188} INFO - [2026-07-24T19:19:00.540+0000] {dag.py:3947} INFO - Setting next_dagrun for example_sensor_decorator to None, run_after=None
[2026-07-24T19:19:00.633+0000] {processor.py:183} INFO - Processing /home/airflow/.local/lib/python3.12/site-packages/airflow/example_dags/example_sensor_decorator.py took 0.408 seconds
[2026-07-24T19:19:30.764+0000] {processor.py:161} INFO - Started process (PID=18596) to work on /home/airflow/.local/lib/python3.12/site-packages/airflow/example_dags/example_sensor_decorator.py
[2026-07-24T19:19:30.767+0000] {processor.py:830} INFO - Processing file /home/airflow/.local/lib/python3.12/site-packages/airflow/example_dags/example_sensor_decorator.py for tasks to queue
[2026-07-24T19:19:30.772+0000] {logging_mixin.py:188} INFO - [2026-07-24T19:19:30.771+0000] {dagbag.py:545} INFO - Filling up the DagBag from /home/airflow/.local/lib/python3.12/site-packages/airflow/example_dags/example_sensor_decorator.py
[2026-07-24T19:19:30.783+0000] {processor.py:840} INFO - DAG(s) 'example_sensor_decorator' retrieved from /home/airflow/.local/lib/python3.12/site-packages/airflow/example_dags/example_sensor_decorator.py
[2026-07-24T19:19:30.822+0000] {logging_mixin.py:188} INFO - [2026-07-24T19:19:30.822+0000] {dag.py:3089} INFO - Sync 1 DAGs
[2026-07-24T19:19:30.842+0000] {logging_mixin.py:188} INFO - [2026-07-24T19:19:30.842+0000] {dag.py:3947} INFO - Setting next_dagrun for example_sensor_decorator to None, run_after=None
[2026-07-24T19:19:30.879+0000] {processor.py:183} INFO - Processing /home/airflow/.local/lib/python3.12/site-packages/airflow/example_dags/example_sensor_decorator.py took 0.126 seconds
[2026-07-24T19:20:01.585+0000] {processor.py:161} INFO - Started process (PID=18677) to work on /home/airflow/.local/lib/python3.12/site-packages/airflow/example_dags/example_sensor_decorator.py
[2026-07-24T19:20:01.587+0000] {processor.py:830} INFO - Processing file /home/airflow/.local/lib/python3.12/site-packages/airflow/example_dags/example_sensor_decorator.py for tasks to queue
[2026-07-24T19:20:01.593+0000] {logging_mixin.py:188} INFO - [2026-07-24T19:20:01.592+0000] {dagbag.py:545} INFO - Filling up the DagBag from /home/airflow/.local/lib/python3.12/site-packages/airflow/example_dags/example_sensor_decorator.py
[2026-07-24T19:20:01.607+0000] {processor.py:840} INFO - DAG(s) 'example_sensor_decorator' retrieved from /home/airflow/.local/lib/python3.12/site-packages/airflow/example_dags/example_sensor_decorator.py
[2026-07-24T19:20:01.657+0000] {logging_mixin.py:188} INFO - [2026-07-24T19:20:01.656+0000] {dag.py:3089} INFO - Sync 1 DAGs
[2026-07-24T19:20:01.686+0000] {logging_mixin.py:188} INFO - [2026-07-24T19:20:01.686+0000] {dag.py:3947} INFO - Setting next_dagrun for example_sensor_decorator to None, run_after=None
[2026-07-24T19:20:01.737+0000] {processor.py:183} INFO - Processing /home/airflow/.local/lib/python3.12/site-packages/airflow/example_dags/example_sensor_decorator.py took 0.165 seconds
[2026-07-24T19:20:32.009+0000] {processor.py:161} INFO - Started process (PID=18750) to work on /home/airflow/.local/lib/python3.12/site-packages/airflow/example_dags/example_sensor_decorator.py
[2026-07-24T19:20:32.012+0000] {processor.py:830} INFO - Processing file /home/airflow/.local/lib/python3.12/site-packages/airflow/example_dags/example_sensor_decorator.py for tasks to queue
[2026-07-24T19:20:32.016+0000] {logging_mixin.py:188} INFO - [2026-07-24T19:20:32.016+0000] {dagbag.py:545} INFO - Filling up the DagBag from /home/airflow/.local/lib/python3.12/site-packages/airflow/example_dags/example_sensor_decorator.py
[2026-07-24T19:20:32.033+0000] {processor.py:840} INFO - DAG(s) 'example_sensor_decorator' retrieved from /home/airflow/.local/lib/python3.12/site-packages/airflow/example_dags/example_sensor_decorator.py
[2026-07-24T19:20:32.081+0000] {logging_mixin.py:188} INFO - [2026-07-24T19:20:32.081+0000] {dag.py:3089} INFO - Sync 1 DAGs
[2026-07-24T19:20:32.107+0000] {logging_mixin.py:188} INFO - [2026-07-24T19:20:32.106+0000] {dag.py:3947} INFO - Setting next_dagrun for example_sensor_decorator to None, run_after=None
[2026-07-24T19:20:32.233+0000] {processor.py:183} INFO - Processing /home/airflow/.local/lib/python3.12/site-packages/airflow/example_dags/example_sensor_decorator.py took 0.232 seconds
[2026-07-24T19:21:02.396+0000] {processor.py:161} INFO - Started process (PID=18823) to work on /home/airflow/.local/lib/python3.12/site-packages/airflow/example_dags/example_sensor_decorator.py
[2026-07-24T19:21:02.398+0000] {processor.py:830} INFO - Processing file /home/airflow/.local/lib/python3.12/site-packages/airflow/example_dags/example_sensor_decorator.py for tasks to queue
[2026-07-24T19:21:02.402+0000] {logging_mixin.py:188} INFO - [2026-07-24T19:21:02.401+0000] {dagbag.py:545} INFO - Filling up the DagBag from /home/airflow/.local/lib/python3.12/site-packages/airflow/example_dags/example_sensor_decorator.py
[2026-07-24T19:21:02.417+0000] {processor.py:840} INFO - DAG(s) 'example_sensor_decorator' retrieved from /home/airflow/.local/lib/python3.12/site-packages/airflow/example_dags/example_sensor_decorator.py
[2026-07-24T19:21:02.449+0000] {logging_mixin.py:188} INFO - [2026-07-24T19:21:02.449+0000] {dag.py:3089} INFO - Sync 1 DAGs
[2026-07-24T19:21:02.469+0000] {logging_mixin.py:188} INFO - [2026-07-24T19:21:02.468+0000] {dag.py:3947} INFO - Setting next_dagrun for example_sensor_decorator to None, run_after=None
[2026-07-24T19:21:02.502+0000] {processor.py:183} INFO - Processing /home/airflow/.local/lib/python3.12/site-packages/airflow/example_dags/example_sensor_decorator.py took 0.116 seconds
[2026-07-24T19:21:32.802+0000] {processor.py:161} INFO - Started process (PID=18896) to work on /home/airflow/.local/lib/python3.12/site-packages/airflow/example_dags/example_sensor_decorator.py
[2026-07-24T19:21:32.807+0000] {processor.py:830} INFO - Processing file /home/airflow/.local/lib/python3.12/site-packages/airflow/example_dags/example_sensor_decorator.py for tasks to queue
[2026-07-24T19:21:32.814+0000] {logging_mixin.py:188} INFO - [2026-07-24T19:21:32.813+0000] {dagbag.py:545} INFO - Filling up the DagBag from /home/airflow/.local/lib/python3.12/site-packages/airflow/example_dags/example_sensor_decorator.py
[2026-07-24T19:21:32.839+0000] {processor.py:840} INFO - DAG(s) 'example_sensor_decorator' retrieved from /home/airflow/.local/lib/python3.12/site-packages/airflow/example_dags/example_sensor_decorator.py
[2026-07-24T19:21:32.905+0000] {logging_mixin.py:188} INFO - [2026-07-24T19:21:32.905+0000] {dag.py:3089} INFO - Sync 1 DAGs
[2026-07-24T19:21:32.947+0000] {logging_mixin.py:188} INFO - [2026-07-24T19:21:32.946+0000] {dag.py:3947} INFO - Setting next_dagrun for example_sensor_decorator to None, run_after=None
[2026-07-24T19:21:33.010+0000] {processor.py:183} INFO - Processing /home/airflow/.local/lib/python3.12/site-packages/airflow/example_dags/example_sensor_decorator.py took 0.227 seconds
[2026-07-24T19:22:03.147+0000] {processor.py:161} INFO - Started process (PID=18969) to work on /home/airflow/.local/lib/python3.12/site-packages/airflow/example_dags/example_sensor_decorator.py
[2026-07-24T19:22:03.151+0000] {processor.py:830} INFO - Processing file /home/airflow/.local/lib/python3.12/site-packages/airflow/example_dags/example_sensor_decorator.py for tasks to queue
[2026-07-24T19:22:03.154+0000] {logging_mixin.py:188} INFO - [2026-07-24T19:22:03.154+0000] {dagbag.py:545} INFO - Filling up the DagBag from /home/airflow/.local/lib/python3.12/site-packages/airflow/example_dags/example_sensor_decorator.py
[2026-07-24T19:22:03.163+0000] {processor.py:840} INFO - DAG(s) 'example_sensor_decorator' retrieved from /home/airflow/.local/lib/python3.12/site-packages/airflow/example_dags/example_sensor_decorator.py
[2026-07-24T19:22:03.199+0000] {logging_mixin.py:188} INFO - [2026-07-24T19:22:03.198+0000] {dag.py:3089} INFO - Sync 1 DAGs
[2026-07-24T19:22:03.221+0000] {logging_mixin.py:188} INFO - [2026-07-24T19:22:03.221+0000] {dag.py:3947} INFO - Setting next_dagrun for example_sensor_decorator to None, run_after=None
[2026-07-24T19:22:03.280+0000] {processor.py:183} INFO - Processing /home/airflow/.local/lib/python3.12/site-packages/airflow/example_dags/example_sensor_decorator.py took 0.141 seconds
[2026-07-24T19:22:33.470+0000] {processor.py:161} INFO - Started process (PID=19042) to work on /home/airflow/.local/lib/python3.12/site-packages/airflow/example_dags/example_sensor_decorator.py
[2026-07-24T19:22:33.474+0000] {processor.py:830} INFO - Processing file /home/airflow/.local/lib/python3.12/site-packages/airflow/example_dags/example_sensor_decorator.py for tasks to queue
[2026-07-24T19:22:33.480+0000] {logging_mixin.py:188} INFO - [2026-07-24T19:22:33.479+0000] {dagbag.py:545} INFO - Filling up the DagBag from /home/airflow/.local/lib/python3.12/site-packages/airflow/example_dags/example_sensor_decorator.py
[2026-07-24T19:22:33.500+0000] {processor.py:840} INFO - DAG(s) 'example_sensor_decorator' retrieved from /home/airflow/.local/lib/python3.12/site-packages/airflow/example_dags/example_sensor_decorator.py
[2026-07-24T19:22:33.559+0000] {logging_mixin.py:188} INFO - [2026-07-24T19:22:33.558+0000] {dag.py:3089} INFO - Sync 1 DAGs
[2026-07-24T19:22:33.591+0000] {logging_mixin.py:188} INFO - [2026-07-24T19:22:33.591+0000] {dag.py:3947} INFO - Setting next_dagrun for example_sensor_decorator to None, run_after=None
[2026-07-24T19:22:33.643+0000] {processor.py:183} INFO - Processing /home/airflow/.local/lib/python3.12/site-packages/airflow/example_dags/example_sensor_decorator.py took 0.188 seconds
[2026-07-24T19:23:04.224+0000] {processor.py:161} INFO - Started process (PID=19107) to work on /home/airflow/.local/lib/python3.12/site-packages/airflow/example_dags/example_sensor_decorator.py
[2026-07-24T19:23:04.226+0000] {processor.py:830} INFO - Processing file /home/airflow/.local/lib/python3.12/site-packages/airflow/example_dags/example_sensor_decorator.py for tasks to queue
[2026-07-24T19:23:04.231+0000] {logging_mixin.py:188} INFO - [2026-07-24T19:23:04.230+0000] {dagbag.py:545} INFO - Filling up the DagBag from /home/airflow/.local/lib/python3.12/site-packages/airflow/example_dags/example_sensor_decorator.py
[2026-07-24T19:23:04.247+0000] {processor.py:840} INFO - DAG(s) 'example_sensor_decorator' retrieved from /home/airflow/.local/lib/python3.12/site-packages/airflow/example_dags/example_sensor_decorator.py
[2026-07-24T19:23:04.302+0000] {logging_mixin.py:188} INFO - [2026-07-24T19:23:04.301+0000] {dag.py:3089} INFO - Sync 1 DAGs
[2026-07-24T19:23:04.333+0000] {logging_mixin.py:188} INFO - [2026-07-24T19:23:04.333+0000] {dag.py:3947} INFO - Setting next_dagrun for example_sensor_decorator to None, run_after=None
[2026-07-24T19:23:04.372+0000] {processor.py:183} INFO - Processing /home/airflow/.local/lib/python3.12/site-packages/airflow/example_dags/example_sensor_decorator.py took 0.159 seconds
[2026-07-24T19:23:35.280+0000] {processor.py:161} INFO - Started process (PID=19181) to work on /home/airflow/.local/lib/python3.12/site-packages/airflow/example_dags/example_sensor_decorator.py
[2026-07-24T19:23:35.282+0000] {processor.py:830} INFO - Processing file /home/airflow/.local/lib/python3.12/site-packages/airflow/example_dags/example_sensor_decorator.py for tasks to queue
[2026-07-24T19:23:35.286+0000] {logging_mixin.py:188} INFO - [2026-07-24T19:23:35.285+0000] {dagbag.py:545} INFO - Filling up the DagBag from /home/airflow/.local/lib/python3.12/site-packages/airflow/example_dags/example_sensor_decorator.py
[2026-07-24T19:23:35.296+0000] {processor.py:840} INFO - DAG(s) 'example_sensor_decorator' retrieved from /home/airflow/.local/lib/python3.12/site-packages/airflow/example_dags/example_sensor_decorator.py
[2026-07-24T19:23:35.329+0000] {logging_mixin.py:188} INFO - [2026-07-24T19:23:35.328+0000] {dag.py:3089} INFO - Sync 1 DAGs
[2026-07-24T19:23:35.350+0000] {logging_mixin.py:188} INFO - [2026-07-24T19:23:35.349+0000] {dag.py:3947} INFO - Setting next_dagrun for example_sensor_decorator to None, run_after=None
[2026-07-24T19:23:35.383+0000] {processor.py:183} INFO - Processing /home/airflow/.local/lib/python3.12/site-packages/airflow/example_dags/example_sensor_decorator.py took 0.115 seconds
[2026-07-24T19:24:06.092+0000] {processor.py:161} INFO - Started process (PID=19256) to work on /home/airflow/.local/lib/python3.12/site-packages/airflow/example_dags/example_sensor_decorator.py
[2026-07-24T19:24:06.095+0000] {processor.py:830} INFO - Processing file /home/airflow/.local/lib/python3.12/site-packages/airflow/example_dags/example_sensor_decorator.py for tasks to queue
[2026-07-24T19:24:06.099+0000] {logging_mixin.py:188} INFO - [2026-07-24T19:24:06.098+0000] {dagbag.py:545} INFO - Filling up the DagBag from /home/airflow/.local/lib/python3.12/site-packages/airflow/example_dags/example_sensor_decorator.py
[2026-07-24T19:24:06.109+0000] {processor.py:840} INFO - DAG(s) 'example_sensor_decorator' retrieved from /home/airflow/.local/lib/python3.12/site-packages/airflow/example_dags/example_sensor_decorator.py
[2026-07-24T19:24:06.139+0000] {logging_mixin.py:188} INFO - [2026-07-24T19:24:06.138+0000] {dag.py:3089} INFO - Sync 1 DAGs
[2026-07-24T19:24:06.156+0000] {logging_mixin.py:188} INFO - [2026-07-24T19:24:06.156+0000] {dag.py:3947} INFO - Setting next_dagrun for example_sensor_decorator to None, run_after=None
[2026-07-24T19:24:06.189+0000] {processor.py:183} INFO - Processing /home/airflow/.local/lib/python3.12/site-packages/airflow/example_dags/example_sensor_decorator.py took 0.106 seconds
[2026-07-24T19:24:37.252+0000] {processor.py:161} INFO - Started process (PID=19329) to work on /home/airflow/.local/lib/python3.12/site-packages/airflow/example_dags/example_sensor_decorator.py
[2026-07-24T19:24:37.255+0000] {processor.py:830} INFO - Processing file /home/airflow/.local/lib/python3.12/site-packages/airflow/example_dags/example_sensor_decorator.py for tasks to queue
[2026-07-24T19:24:37.261+0000] {logging_mixin.py:188} INFO - [2026-07-24T19:24:37.260+0000] {dagbag.py:545} INFO - Filling up the DagBag from /home/airflow/.local/lib/python3.12/site-packages/airflow/example_dags/example_sensor_decorator.py
[2026-07-24T19:24:37.276+0000] {processor.py:840} INFO - DAG(s) 'example_sensor_decorator' retrieved from /home/airflow/.local/lib/python3.12/site-packages/airflow/example_dags/example_sensor_decorator.py
[2026-07-24T19:24:37.332+0000] {logging_mixin.py:188} INFO - [2026-07-24T19:24:37.331+0000] {dag.py:3089} INFO - Sync 1 DAGs
[2026-07-24T19:24:37.368+0000] {logging_mixin.py:188} INFO - [2026-07-24T19:24:37.368+0000] {dag.py:3947} INFO - Setting next_dagrun for example_sensor_decorator to None, run_after=None
[2026-07-24T19:24:37.413+0000] {processor.py:183} INFO - Processing /home/airflow/.local/lib/python3.12/site-packages/airflow/example_dags/example_sensor_decorator.py took 0.174 seconds
[2026-07-24T19:25:07.777+0000] {processor.py:161} INFO - Started process (PID=19402) to work on /home/airflow/.local/lib/python3.12/site-packages/airflow/example_dags/example_sensor_decorator.py
[2026-07-24T19:25:07.780+0000] {processor.py:830} INFO - Processing file /home/airflow/.local/lib/python3.12/site-packages/airflow/example_dags/example_sensor_decorator.py for tasks to queue
[2026-07-24T19:25:07.784+0000] {logging_mixin.py:188} INFO - [2026-07-24T19:25:07.783+0000] {dagbag.py:545} INFO - Filling up the DagBag from /home/airflow/.local/lib/python3.12/site-packages/airflow/example_dags/example_sensor_decorator.py
[2026-07-24T19:25:07.795+0000] {processor.py:840} INFO - DAG(s) 'example_sensor_decorator' retrieved from /home/airflow/.local/lib/python3.12/site-packages/airflow/example_dags/example_sensor_decorator.py
[2026-07-24T19:25:07.829+0000] {logging_mixin.py:188} INFO - [2026-07-24T19:25:07.828+0000] {dag.py:3089} INFO - Sync 1 DAGs
[2026-07-24T19:25:07.849+0000] {logging_mixin.py:188} INFO - [2026-07-24T19:25:07.848+0000] {dag.py:3947} INFO - Setting next_dagrun for example_sensor_decorator to None, run_after=None
[2026-07-24T19:25:07.881+0000] {processor.py:183} INFO - Processing /home/airflow/.local/lib/python3.12/site-packages/airflow/example_dags/example_sensor_decorator.py took 0.114 seconds
[2026-07-24T19:25:39.007+0000] {processor.py:161} INFO - Started process (PID=19476) to work on /home/airflow/.local/lib/python3.12/site-packages/airflow/example_dags/example_sensor_decorator.py
[2026-07-24T19:25:39.009+0000] {processor.py:830} INFO - Processing file /home/airflow/.local/lib/python3.12/site-packages/airflow/example_dags/example_sensor_decorator.py for tasks to queue
[2026-07-24T19:25:39.013+0000] {logging_mixin.py:188} INFO - [2026-07-24T19:25:39.012+0000] {dagbag.py:545} INFO - Filling up the DagBag from /home/airflow/.local/lib/python3.12/site-packages/airflow/example_dags/example_sensor_decorator.py
[2026-07-24T19:25:39.029+0000] {processor.py:840} INFO - DAG(s) 'example_sensor_decorator' retrieved from /home/airflow/.local/lib/python3.12/site-packages/airflow/example_dags/example_sensor_decorator.py
[2026-07-24T19:25:39.070+0000] {logging_mixin.py:188} INFO - [2026-07-24T19:25:39.069+0000] {dag.py:3089} INFO - Sync 1 DAGs
[2026-07-24T19:25:39.090+0000] {logging_mixin.py:188} INFO - [2026-07-24T19:25:39.089+0000] {dag.py:3947} INFO - Setting next_dagrun for example_sensor_decorator to None, run_after=None
[2026-07-24T19:25:39.128+0000] {processor.py:183} INFO - Processing /home/airflow/.local/lib/python3.12/site-packages/airflow/example_dags/example_sensor_decorator.py took 0.131 seconds
[2026-07-24T19:26:10.333+0000] {processor.py:161} INFO - Started process (PID=19548) to work on /home/airflow/.local/lib/python3.12/site-packages/airflow/example_dags/example_sensor_decorator.py
[2026-07-24T19:26:10.336+0000] {processor.py:830} INFO - Processing file /home/airflow/.local/lib/python3.12/site-packages/airflow/example_dags/example_sensor_decorator.py for tasks to queue
[2026-07-24T19:26:10.342+0000] {logging_mixin.py:188} INFO - [2026-07-24T19:26:10.341+0000] {dagbag.py:545} INFO - Filling up the DagBag from /home/airflow/.local/lib/python3.12/site-packages/airflow/example_dags/example_sensor_decorator.py
[2026-07-24T19:26:10.357+0000] {processor.py:840} INFO - DAG(s) 'example_sensor_decorator' retrieved from /home/airflow/.local/lib/python3.12/site-packages/airflow/example_dags/example_sensor_decorator.py
[2026-07-24T19:26:10.410+0000] {logging_mixin.py:188} INFO - [2026-07-24T19:26:10.409+0000] {dag.py:3089} INFO - Sync 1 DAGs
[2026-07-24T19:26:10.442+0000] {logging_mixin.py:188} INFO - [2026-07-24T19:26:10.441+0000] {dag.py:3947} INFO - Setting next_dagrun for example_sensor_decorator to None, run_after=None
[2026-07-24T19:26:10.489+0000] {processor.py:183} INFO - Processing /home/airflow/.local/lib/python3.12/site-packages/airflow/example_dags/example_sensor_decorator.py took 0.169 seconds
[2026-07-24T19:26:41.443+0000] {processor.py:161} INFO - Started process (PID=19620) to work on /home/airflow/.local/lib/python3.12/site-packages/airflow/example_dags/example_sensor_decorator.py
[2026-07-24T19:26:41.447+0000] {processor.py:830} INFO - Processing file /home/airflow/.local/lib/python3.12/site-packages/airflow/example_dags/example_sensor_decorator.py for tasks to queue
[2026-07-24T19:26:41.452+0000] {logging_mixin.py:188} INFO - [2026-07-24T19:26:41.452+0000] {dagbag.py:545} INFO - Filling up the DagBag from /home/airflow/.local/lib/python3.12/site-packages/airflow/example_dags/example_sensor_decorator.py
[2026-07-24T19:26:41.471+0000] {processor.py:840} INFO - DAG(s) 'example_sensor_decorator' retrieved from /home/airflow/.local/lib/python3.12/site-packages/airflow/example_dags/example_sensor_decorator.py
[2026-07-24T19:26:41.529+0000] {logging_mixin.py:188} INFO - [2026-07-24T19:26:41.529+0000] {dag.py:3089} INFO - Sync 1 DAGs
[2026-07-24T19:26:41.565+0000] {logging_mixin.py:188} INFO - [2026-07-24T19:26:41.565+0000] {dag.py:3947} INFO - Setting next_dagrun for example_sensor_decorator to None, run_after=None
[2026-07-24T19:26:41.614+0000] {processor.py:183} INFO - Processing /home/airflow/.local/lib/python3.12/site-packages/airflow/example_dags/example_sensor_decorator.py took 0.195 seconds
[2026-07-24T19:27:11.849+0000] {processor.py:161} INFO - Started process (PID=19691) to work on /home/airflow/.local/lib/python3.12/site-packages/airflow/example_dags/example_sensor_decorator.py
[2026-07-24T19:27:11.853+0000] {processor.py:830} INFO - Processing file /home/airflow/.local/lib/python3.12/site-packages/airflow/example_dags/example_sensor_decorator.py for tasks to queue
[2026-07-24T19:27:11.864+0000] {logging_mixin.py:188} INFO - [2026-07-24T19:27:11.863+0000] {dagbag.py:545} INFO - Filling up the DagBag from /home/airflow/.local/lib/python3.12/site-packages/airflow/example_dags/example_sensor_decorator.py
[2026-07-24T19:27:11.883+0000] {processor.py:840} INFO - DAG(s) 'example_sensor_decorator' retrieved from /home/airflow/.local/lib/python3.12/site-packages/airflow/example_dags/example_sensor_decorator.py
[2026-07-24T19:27:11.933+0000] {logging_mixin.py:188} INFO - [2026-07-24T19:27:11.933+0000] {dag.py:3089} INFO - Sync 1 DAGs
[2026-07-24T19:27:11.964+0000] {logging_mixin.py:188} INFO - [2026-07-24T19:27:11.964+0000] {dag.py:3947} INFO - Setting next_dagrun for example_sensor_decorator to None, run_after=None
[2026-07-24T19:27:12.003+0000] {processor.py:183} INFO - Processing /home/airflow/.local/lib/python3.12/site-packages/airflow/example_dags/example_sensor_decorator.py took 0.178 seconds
[2026-07-24T19:27:42.178+0000] {processor.py:161} INFO - Started process (PID=19764) to work on /home/airflow/.local/lib/python3.12/site-packages/airflow/example_dags/example_sensor_decorator.py
[2026-07-24T19:27:42.181+0000] {processor.py:830} INFO - Processing file /home/airflow/.local/lib/python3.12/site-packages/airflow/example_dags/example_sensor_decorator.py for tasks to queue
[2026-07-24T19:27:42.187+0000] {logging_mixin.py:188} INFO - [2026-07-24T19:27:42.186+0000] {dagbag.py:545} INFO - Filling up the DagBag from /home/airflow/.local/lib/python3.12/site-packages/airflow/example_dags/example_sensor_decorator.py
[2026-07-24T19:27:42.203+0000] {processor.py:840} INFO - DAG(s) 'example_sensor_decorator' retrieved from /home/airflow/.local/lib/python3.12/site-packages/airflow/example_dags/example_sensor_decorator.py
[2026-07-24T19:27:42.249+0000] {logging_mixin.py:188} INFO - [2026-07-24T19:27:42.248+0000] {dag.py:3089} INFO - Sync 1 DAGs
[2026-07-24T19:27:42.278+0000] {logging_mixin.py:188} INFO - [2026-07-24T19:27:42.277+0000] {dag.py:3947} INFO - Setting next_dagrun for example_sensor_decorator to None, run_after=None
[2026-07-24T19:27:42.316+0000] {processor.py:183} INFO - Processing /home/airflow/.local/lib/python3.12/site-packages/airflow/example_dags/example_sensor_decorator.py took 0.153 seconds
[2026-07-24T19:28:13.621+0000] {processor.py:161} INFO - Started process (PID=19838) to work on /home/airflow/.local/lib/python3.12/site-packages/airflow/example_dags/example_sensor_decorator.py
[2026-07-24T19:28:13.624+0000] {processor.py:830} INFO - Processing file /home/airflow/.local/lib/python3.12/site-packages/airflow/example_dags/example_sensor_decorator.py for tasks to queue
[2026-07-24T19:28:13.632+0000] {logging_mixin.py:188} INFO - [2026-07-24T19:28:13.631+0000] {dagbag.py:545} INFO - Filling up the DagBag from /home/airflow/.local/lib/python3.12/site-packages/airflow/example_dags/example_sensor_decorator.py
[2026-07-24T19:28:13.653+0000] {processor.py:840} INFO - DAG(s) 'example_sensor_decorator' retrieved from /home/airflow/.local/lib/python3.12/site-packages/airflow/example_dags/example_sensor_decorator.py
[2026-07-24T19:28:13.705+0000] {logging_mixin.py:188} INFO - [2026-07-24T19:28:13.705+0000] {dag.py:3089} INFO - Sync 1 DAGs
[2026-07-24T19:28:13.734+0000] {logging_mixin.py:188} INFO - [2026-07-24T19:28:13.733+0000] {dag.py:3947} INFO - Setting next_dagrun for example_sensor_decorator to None, run_after=None
[2026-07-24T19:28:13.786+0000] {processor.py:183} INFO - Processing /home/airflow/.local/lib/python3.12/site-packages/airflow/example_dags/example_sensor_decorator.py took 0.181 seconds
[2026-07-24T19:28:43.946+0000] {processor.py:161} INFO - Started process (PID=19911) to work on /home/airflow/.local/lib/python3.12/site-packages/airflow/example_dags/example_sensor_decorator.py
[2026-07-24T19:28:43.949+0000] {processor.py:830} INFO - Processing file /home/airflow/.local/lib/python3.12/site-packages/airflow/example_dags/example_sensor_decorator.py for tasks to queue
[2026-07-24T19:28:43.952+0000] {logging_mixin.py:188} INFO - [2026-07-24T19:28:43.952+0000] {dagbag.py:545} INFO - Filling up the DagBag from /home/airflow/.local/lib/python3.12/site-packages/airflow/example_dags/example_sensor_decorator.py
[2026-07-24T19:28:43.961+0000] {processor.py:840} INFO - DAG(s) 'example_sensor_decorator' retrieved from /home/airflow/.local/lib/python3.12/site-packages/airflow/example_dags/example_sensor_decorator.py
[2026-07-24T19:28:43.992+0000] {logging_mixin.py:188} INFO - [2026-07-24T19:28:43.991+0000] {dag.py:3089} INFO - Sync 1 DAGs
[2026-07-24T19:28:44.009+0000] {logging_mixin.py:188} INFO - [2026-07-24T19:28:44.008+0000] {dag.py:3947} INFO - Setting next_dagrun for example_sensor_decorator to None, run_after=None
[2026-07-24T19:28:44.038+0000] {processor.py:183} INFO - Processing /home/airflow/.local/lib/python3.12/site-packages/airflow/example_dags/example_sensor_decorator.py took 0.099 seconds
[2026-07-24T19:29:14.528+0000] {processor.py:161} INFO - Started process (PID=19986) to work on /home/airflow/.local/lib/python3.12/site-packages/airflow/example_dags/example_sensor_decorator.py
[2026-07-24T19:29:14.530+0000] {processor.py:830} INFO - Processing file /home/airflow/.local/lib/python3.12/site-packages/airflow/example_dags/example_sensor_decorator.py for tasks to queue
[2026-07-24T19:29:14.535+0000] {logging_mixin.py:188} INFO - [2026-07-24T19:29:14.534+0000] {dagbag.py:545} INFO - Filling up the DagBag from /home/airflow/.local/lib/python3.12/site-packages/airflow/example_dags/example_sensor_decorator.py
[2026-07-24T19:29:14.546+0000] {processor.py:840} INFO - DAG(s) 'example_sensor_decorator' retrieved from /home/airflow/.local/lib/python3.12/site-packages/airflow/example_dags/example_sensor_decorator.py
[2026-07-24T19:29:14.584+0000] {logging_mixin.py:188} INFO - [2026-07-24T19:29:14.584+0000] {dag.py:3089} INFO - Sync 1 DAGs
[2026-07-24T19:29:14.607+0000] {logging_mixin.py:188} INFO - [2026-07-24T19:29:14.607+0000] {dag.py:3947} INFO - Setting next_dagrun for example_sensor_decorator to None, run_after=None
[2026-07-24T19:29:14.645+0000] {processor.py:183} INFO - Processing /home/airflow/.local/lib/python3.12/site-packages/airflow/example_dags/example_sensor_decorator.py took 0.126 seconds
[2026-07-24T19:29:45.274+0000] {processor.py:161} INFO - Started process (PID=20059) to work on /home/airflow/.local/lib/python3.12/site-packages/airflow/example_dags/example_sensor_decorator.py
[2026-07-24T19:29:45.277+0000] {processor.py:830} INFO - Processing file /home/airflow/.local/lib/python3.12/site-packages/airflow/example_dags/example_sensor_decorator.py for tasks to queue
[2026-07-24T19:29:45.282+0000] {logging_mixin.py:188} INFO - [2026-07-24T19:29:45.281+0000] {dagbag.py:545} INFO - Filling up the DagBag from /home/airflow/.local/lib/python3.12/site-packages/airflow/example_dags/example_sensor_decorator.py
[2026-07-24T19:29:45.298+0000] {processor.py:840} INFO - DAG(s) 'example_sensor_decorator' retrieved from /home/airflow/.local/lib/python3.12/site-packages/airflow/example_dags/example_sensor_decorator.py
[2026-07-24T19:29:45.351+0000] {logging_mixin.py:188} INFO - [2026-07-24T19:29:45.351+0000] {dag.py:3089} INFO - Sync 1 DAGs
[2026-07-24T19:29:45.375+0000] {logging_mixin.py:188} INFO - [2026-07-24T19:29:45.375+0000] {dag.py:3947} INFO - Setting next_dagrun for example_sensor_decorator to None, run_after=None
[2026-07-24T19:29:45.465+0000] {processor.py:183} INFO - Processing /home/airflow/.local/lib/python3.12/site-packages/airflow/example_dags/example_sensor_decorator.py took 0.204 seconds
[2026-07-24T19:30:16.058+0000] {processor.py:161} INFO - Started process (PID=20132) to work on /home/airflow/.local/lib/python3.12/site-packages/airflow/example_dags/example_sensor_decorator.py
[2026-07-24T19:30:16.061+0000] {processor.py:830} INFO - Processing file /home/airflow/.local/lib/python3.12/site-packages/airflow/example_dags/example_sensor_decorator.py for tasks to queue
[2026-07-24T19:30:16.064+0000] {logging_mixin.py:188} INFO - [2026-07-24T19:30:16.064+0000] {dagbag.py:545} INFO - Filling up the DagBag from /home/airflow/.local/lib/python3.12/site-packages/airflow/example_dags/example_sensor_decorator.py
[2026-07-24T19:30:16.074+0000] {processor.py:840} INFO - DAG(s) 'example_sensor_decorator' retrieved from /home/airflow/.local/lib/python3.12/site-packages/airflow/example_dags/example_sensor_decorator.py
[2026-07-24T19:30:16.116+0000] {logging_mixin.py:188} INFO - [2026-07-24T19:30:16.115+0000] {dag.py:3089} INFO - Sync 1 DAGs
[2026-07-24T19:30:16.142+0000] {logging_mixin.py:188} INFO - [2026-07-24T19:30:16.141+0000] {dag.py:3947} INFO - Setting next_dagrun for example_sensor_decorator to None, run_after=None
[2026-07-24T19:30:16.175+0000] {processor.py:183} INFO - Processing /home/airflow/.local/lib/python3.12/site-packages/airflow/example_dags/example_sensor_decorator.py took 0.125 seconds
[2026-07-24T19:30:46.407+0000] {processor.py:161} INFO - Started process (PID=20205) to work on /home/airflow/.local/lib/python3.12/site-packages/airflow/example_dags/example_sensor_decorator.py
[2026-07-24T19:30:46.410+0000] {processor.py:830} INFO - Processing file /home/airflow/.local/lib/python3.12/site-packages/airflow/example_dags/example_sensor_decorator.py for tasks to queue
[2026-07-24T19:30:46.415+0000] {logging_mixin.py:188} INFO - [2026-07-24T19:30:46.414+0000] {dagbag.py:545} INFO - Filling up the DagBag from /home/airflow/.local/lib/python3.12/site-packages/airflow/example_dags/example_sensor_decorator.py
[2026-07-24T19:30:46.429+0000] {processor.py:840} INFO - DAG(s) 'example_sensor_decorator' retrieved from /home/airflow/.local/lib/python3.12/site-packages/airflow/example_dags/example_sensor_decorator.py
[2026-07-24T19:30:46.469+0000] {logging_mixin.py:188} INFO - [2026-07-24T19:30:46.468+0000] {dag.py:3089} INFO - Sync 1 DAGs
[2026-07-24T19:30:46.492+0000] {logging_mixin.py:188} INFO - [2026-07-24T19:30:46.491+0000] {dag.py:3947} INFO - Setting next_dagrun for example_sensor_decorator to None, run_after=None
[2026-07-24T19:30:46.525+0000] {processor.py:183} INFO - Processing /home/airflow/.local/lib/python3.12/site-packages/airflow/example_dags/example_sensor_decorator.py took 0.128 seconds
[2026-07-24T19:31:17.615+0000] {processor.py:161} INFO - Started process (PID=20278) to work on /home/airflow/.local/lib/python3.12/site-packages/airflow/example_dags/example_sensor_decorator.py
[2026-07-24T19:31:17.618+0000] {processor.py:830} INFO - Processing file /home/airflow/.local/lib/python3.12/site-packages/airflow/example_dags/example_sensor_decorator.py for tasks to queue
[2026-07-24T19:31:17.624+0000] {logging_mixin.py:188} INFO - [2026-07-24T19:31:17.623+0000] {dagbag.py:545} INFO - Filling up the DagBag from /home/airflow/.local/lib/python3.12/site-packages/airflow/example_dags/example_sensor_decorator.py
[2026-07-24T19:31:17.643+0000] {processor.py:840} INFO - DAG(s) 'example_sensor_decorator' retrieved from /home/airflow/.local/lib/python3.12/site-packages/airflow/example_dags/example_sensor_decorator.py
[2026-07-24T19:31:17.704+0000] {logging_mixin.py:188} INFO - [2026-07-24T19:31:17.704+0000] {dag.py:3089} INFO - Sync 1 DAGs
[2026-07-24T19:31:17.740+0000] {logging_mixin.py:188} INFO - [2026-07-24T19:31:17.740+0000] {dag.py:3947} INFO - Setting next_dagrun for example_sensor_decorator to None, run_after=None
[2026-07-24T19:31:17.796+0000] {processor.py:183} INFO - Processing /home/airflow/.local/lib/python3.12/site-packages/airflow/example_dags/example_sensor_decorator.py took 0.197 seconds
[2026-07-24T19:31:47.998+0000] {processor.py:161} INFO - Started process (PID=20349) to work on /home/airflow/.local/lib/python3.12/site-packages/airflow/example_dags/example_sensor_decorator.py
[2026-07-24T19:31:48.001+0000] {processor.py:830} INFO - Processing file /home/airflow/.local/lib/python3.12/site-packages/airflow/example_dags/example_sensor_decorator.py for tasks to queue
[2026-07-24T19:31:48.005+0000] {logging_mixin.py:188} INFO - [2026-07-24T19:31:48.005+0000] {dagbag.py:545} INFO - Filling up the DagBag from /home/airflow/.local/lib/python3.12/site-packages/airflow/example_dags/example_sensor_decorator.py
[2026-07-24T19:31:48.026+0000] {processor.py:840} INFO - DAG(s) 'example_sensor_decorator' retrieved from /home/airflow/.local/lib/python3.12/site-packages/airflow/example_dags/example_sensor_decorator.py
[2026-07-24T19:31:48.075+0000] {logging_mixin.py:188} INFO - [2026-07-24T19:31:48.075+0000] {dag.py:3089} INFO - Sync 1 DAGs
[2026-07-24T19:31:48.100+0000] {logging_mixin.py:188} INFO - [2026-07-24T19:31:48.099+0000] {dag.py:3947} INFO - Setting next_dagrun for example_sensor_decorator to None, run_after=None
[2026-07-24T19:31:48.175+0000] {processor.py:183} INFO - Processing /home/airflow/.local/lib/python3.12/site-packages/airflow/example_dags/example_sensor_decorator.py took 0.189 seconds
[2026-07-24T19:32:19.143+0000] {processor.py:161} INFO - Started process (PID=20422) to work on /home/airflow/.local/lib/python3.12/site-packages/airflow/example_dags/example_sensor_decorator.py
[2026-07-24T19:32:19.149+0000] {processor.py:830} INFO - Processing file /home/airflow/.local/lib/python3.12/site-packages/airflow/example_dags/example_sensor_decorator.py for tasks to queue
[2026-07-24T19:32:19.168+0000] {logging_mixin.py:188} INFO - [2026-07-24T19:32:19.167+0000] {dagbag.py:545} INFO - Filling up the DagBag from /home/airflow/.local/lib/python3.12/site-packages/airflow/example_dags/example_sensor_decorator.py
[2026-07-24T19:32:19.194+0000] {processor.py:840} INFO - DAG(s) 'example_sensor_decorator' retrieved from /home/airflow/.local/lib/python3.12/site-packages/airflow/example_dags/example_sensor_decorator.py
[2026-07-24T19:32:19.255+0000] {logging_mixin.py:188} INFO - [2026-07-24T19:32:19.254+0000] {dag.py:3089} INFO - Sync 1 DAGs
[2026-07-24T19:32:19.287+0000] {logging_mixin.py:188} INFO - [2026-07-24T19:32:19.286+0000] {dag.py:3947} INFO - Setting next_dagrun for example_sensor_decorator to None, run_after=None
[2026-07-24T19:32:19.655+0000] {processor.py:183} INFO - Processing /home/airflow/.local/lib/python3.12/site-packages/airflow/example_dags/example_sensor_decorator.py took 0.533 seconds
[2026-07-24T19:32:50.238+0000] {processor.py:161} INFO - Started process (PID=20495) to work on /home/airflow/.local/lib/python3.12/site-packages/airflow/example_dags/example_sensor_decorator.py
[2026-07-24T19:32:50.242+0000] {processor.py:830} INFO - Processing file /home/airflow/.local/lib/python3.12/site-packages/airflow/example_dags/example_sensor_decorator.py for tasks to queue
[2026-07-24T19:32:50.247+0000] {logging_mixin.py:188} INFO - [2026-07-24T19:32:50.246+0000] {dagbag.py:545} INFO - Filling up the DagBag from /home/airflow/.local/lib/python3.12/site-packages/airflow/example_dags/example_sensor_decorator.py
[2026-07-24T19:32:50.264+0000] {processor.py:840} INFO - DAG(s) 'example_sensor_decorator' retrieved from /home/airflow/.local/lib/python3.12/site-packages/airflow/example_dags/example_sensor_decorator.py
[2026-07-24T19:32:50.319+0000] {logging_mixin.py:188} INFO - [2026-07-24T19:32:50.318+0000] {dag.py:3089} INFO - Sync 1 DAGs
[2026-07-24T19:32:50.360+0000] {logging_mixin.py:188} INFO - [2026-07-24T19:32:50.360+0000] {dag.py:3947} INFO - Setting next_dagrun for example_sensor_decorator to None, run_after=None
[2026-07-24T19:32:50.410+0000] {processor.py:183} INFO - Processing /home/airflow/.local/lib/python3.12/site-packages/airflow/example_dags/example_sensor_decorator.py took 0.185 seconds
[2026-07-24T19:33:21.369+0000] {processor.py:161} INFO - Started process (PID=20569) to work on /home/airflow/.local/lib/python3.12/site-packages/airflow/example_dags/example_sensor_decorator.py
[2026-07-24T19:33:21.372+0000] {processor.py:830} INFO - Processing file /home/airflow/.local/lib/python3.12/site-packages/airflow/example_dags/example_sensor_decorator.py for tasks to queue
[2026-07-24T19:33:21.376+0000] {logging_mixin.py:188} INFO - [2026-07-24T19:33:21.375+0000] {dagbag.py:545} INFO - Filling up the DagBag from /home/airflow/.local/lib/python3.12/site-packages/airflow/example_dags/example_sensor_decorator.py
[2026-07-24T19:33:21.386+0000] {processor.py:840} INFO - DAG(s) 'example_sensor_decorator' retrieved from /home/airflow/.local/lib/python3.12/site-packages/airflow/example_dags/example_sensor_decorator.py
[2026-07-24T19:33:21.420+0000] {logging_mixin.py:188} INFO - [2026-07-24T19:33:21.420+0000] {dag.py:3089} INFO - Sync 1 DAGs
[2026-07-24T19:33:21.451+0000] {logging_mixin.py:188} INFO - [2026-07-24T19:33:21.451+0000] {dag.py:3947} INFO - Setting next_dagrun for example_sensor_decorator to None, run_after=None
[2026-07-24T19:33:21.494+0000] {processor.py:183} INFO - Processing /home/airflow/.local/lib/python3.12/site-packages/airflow/example_dags/example_sensor_decorator.py took 0.141 seconds
[2026-07-24T19:33:52.323+0000] {processor.py:161} INFO - Started process (PID=20642) to work on /home/airflow/.local/lib/python3.12/site-packages/airflow/example_dags/example_sensor_decorator.py
[2026-07-24T19:33:52.328+0000] {processor.py:830} INFO - Processing file /home/airflow/.local/lib/python3.12/site-packages/airflow/example_dags/example_sensor_decorator.py for tasks to queue
[2026-07-24T19:33:52.341+0000] {logging_mixin.py:188} INFO - [2026-07-24T19:33:52.340+0000] {dagbag.py:545} INFO - Filling up the DagBag from /home/airflow/.local/lib/python3.12/site-packages/airflow/example_dags/example_sensor_decorator.py
[2026-07-24T19:33:52.364+0000] {processor.py:840} INFO - DAG(s) 'example_sensor_decorator' retrieved from /home/airflow/.local/lib/python3.12/site-packages/airflow/example_dags/example_sensor_decorator.py
[2026-07-24T19:33:52.435+0000] {logging_mixin.py:188} INFO - [2026-07-24T19:33:52.434+0000] {dag.py:3089} INFO - Sync 1 DAGs
[2026-07-24T19:33:52.483+0000] {logging_mixin.py:188} INFO - [2026-07-24T19:33:52.482+0000] {dag.py:3947} INFO - Setting next_dagrun for example_sensor_decorator to None, run_after=None
[2026-07-24T19:33:52.536+0000] {processor.py:183} INFO - Processing /home/airflow/.local/lib/python3.12/site-packages/airflow/example_dags/example_sensor_decorator.py took 0.237 seconds
[2026-07-24T19:34:23.551+0000] {processor.py:161} INFO - Started process (PID=20713) to work on /home/airflow/.local/lib/python3.12/site-packages/airflow/example_dags/example_sensor_decorator.py
[2026-07-24T19:34:23.557+0000] {processor.py:830} INFO - Processing file /home/airflow/.local/lib/python3.12/site-packages/airflow/example_dags/example_sensor_decorator.py for tasks to queue
[2026-07-24T19:34:23.567+0000] {logging_mixin.py:188} INFO - [2026-07-24T19:34:23.565+0000] {dagbag.py:545} INFO - Filling up the DagBag from /home/airflow/.local/lib/python3.12/site-packages/airflow/example_dags/example_sensor_decorator.py
[2026-07-24T19:34:23.594+0000] {processor.py:840} INFO - DAG(s) 'example_sensor_decorator' retrieved from /home/airflow/.local/lib/python3.12/site-packages/airflow/example_dags/example_sensor_decorator.py
[2026-07-24T19:34:23.664+0000] {logging_mixin.py:188} INFO - [2026-07-24T19:34:23.663+0000] {dag.py:3089} INFO - Sync 1 DAGs
[2026-07-24T19:34:23.719+0000] {logging_mixin.py:188} INFO - [2026-07-24T19:34:23.719+0000] {dag.py:3947} INFO - Setting next_dagrun for example_sensor_decorator to None, run_after=None
[2026-07-24T19:34:23.783+0000] {processor.py:183} INFO - Processing /home/airflow/.local/lib/python3.12/site-packages/airflow/example_dags/example_sensor_decorator.py took 0.252 seconds
[2026-07-24T19:34:53.978+0000] {processor.py:161} INFO - Started process (PID=20786) to work on /home/airflow/.local/lib/python3.12/site-packages/airflow/example_dags/example_sensor_decorator.py
[2026-07-24T19:34:53.982+0000] {processor.py:830} INFO - Processing file /home/airflow/.local/lib/python3.12/site-packages/airflow/example_dags/example_sensor_decorator.py for tasks to queue
[2026-07-24T19:34:53.993+0000] {logging_mixin.py:188} INFO - [2026-07-24T19:34:53.992+0000] {dagbag.py:545} INFO - Filling up the DagBag from /home/airflow/.local/lib/python3.12/site-packages/airflow/example_dags/example_sensor_decorator.py
[2026-07-24T19:34:54.027+0000] {processor.py:840} INFO - DAG(s) 'example_sensor_decorator' retrieved from /home/airflow/.local/lib/python3.12/site-packages/airflow/example_dags/example_sensor_decorator.py
[2026-07-24T19:34:54.088+0000] {logging_mixin.py:188} INFO - [2026-07-24T19:34:54.087+0000] {dag.py:3089} INFO - Sync 1 DAGs
[2026-07-24T19:34:54.129+0000] {logging_mixin.py:188} INFO - [2026-07-24T19:34:54.128+0000] {dag.py:3947} INFO - Setting next_dagrun for example_sensor_decorator to None, run_after=None
[2026-07-24T19:34:54.183+0000] {processor.py:183} INFO - Processing /home/airflow/.local/lib/python3.12/site-packages/airflow/example_dags/example_sensor_decorator.py took 0.223 seconds
[2026-07-24T19:35:24.291+0000] {processor.py:161} INFO - Started process (PID=20859) to work on /home/airflow/.local/lib/python3.12/site-packages/airflow/example_dags/example_sensor_decorator.py
[2026-07-24T19:35:24.294+0000] {processor.py:830} INFO - Processing file /home/airflow/.local/lib/python3.12/site-packages/airflow/example_dags/example_sensor_decorator.py for tasks to queue
[2026-07-24T19:35:24.299+0000] {logging_mixin.py:188} INFO - [2026-07-24T19:35:24.298+0000] {dagbag.py:545} INFO - Filling up the DagBag from /home/airflow/.local/lib/python3.12/site-packages/airflow/example_dags/example_sensor_decorator.py
[2026-07-24T19:35:24.313+0000] {processor.py:840} INFO - DAG(s) 'example_sensor_decorator' retrieved from /home/airflow/.local/lib/python3.12/site-packages/airflow/example_dags/example_sensor_decorator.py
[2026-07-24T19:35:24.356+0000] {logging_mixin.py:188} INFO - [2026-07-24T19:35:24.355+0000] {dag.py:3089} INFO - Sync 1 DAGs
[2026-07-24T19:35:24.384+0000] {logging_mixin.py:188} INFO - [2026-07-24T19:35:24.384+0000] {dag.py:3947} INFO - Setting next_dagrun for example_sensor_decorator to None, run_after=None
[2026-07-24T19:35:24.429+0000] {processor.py:183} INFO - Processing /home/airflow/.local/lib/python3.12/site-packages/airflow/example_dags/example_sensor_decorator.py took 0.148 seconds
[2026-07-24T19:35:54.578+0000] {processor.py:161} INFO - Started process (PID=20932) to work on /home/airflow/.local/lib/python3.12/site-packages/airflow/example_dags/example_sensor_decorator.py
[2026-07-24T19:35:54.581+0000] {processor.py:830} INFO - Processing file /home/airflow/.local/lib/python3.12/site-packages/airflow/example_dags/example_sensor_decorator.py for tasks to queue
[2026-07-24T19:35:54.586+0000] {logging_mixin.py:188} INFO - [2026-07-24T19:35:54.585+0000] {dagbag.py:545} INFO - Filling up the DagBag from /home/airflow/.local/lib/python3.12/site-packages/airflow/example_dags/example_sensor_decorator.py
[2026-07-24T19:35:54.599+0000] {processor.py:840} INFO - DAG(s) 'example_sensor_decorator' retrieved from /home/airflow/.local/lib/python3.12/site-packages/airflow/example_dags/example_sensor_decorator.py
[2026-07-24T19:35:54.644+0000] {logging_mixin.py:188} INFO - [2026-07-24T19:35:54.644+0000] {dag.py:3089} INFO - Sync 1 DAGs
[2026-07-24T19:35:54.678+0000] {logging_mixin.py:188} INFO - [2026-07-24T19:35:54.677+0000] {dag.py:3947} INFO - Setting next_dagrun for example_sensor_decorator to None, run_after=None
[2026-07-24T19:35:54.728+0000] {processor.py:183} INFO - Processing /home/airflow/.local/lib/python3.12/site-packages/airflow/example_dags/example_sensor_decorator.py took 0.159 seconds
[2026-07-24T19:36:24.979+0000] {processor.py:161} INFO - Started process (PID=21005) to work on /home/airflow/.local/lib/python3.12/site-packages/airflow/example_dags/example_sensor_decorator.py
[2026-07-24T19:36:24.981+0000] {processor.py:830} INFO - Processing file /home/airflow/.local/lib/python3.12/site-packages/airflow/example_dags/example_sensor_decorator.py for tasks to queue
[2026-07-24T19:36:24.985+0000] {logging_mixin.py:188} INFO - [2026-07-24T19:36:24.984+0000] {dagbag.py:545} INFO - Filling up the DagBag from /home/airflow/.local/lib/python3.12/site-packages/airflow/example_dags/example_sensor_decorator.py
[2026-07-24T19:36:24.995+0000] {processor.py:840} INFO - DAG(s) 'example_sensor_decorator' retrieved from /home/airflow/.local/lib/python3.12/site-packages/airflow/example_dags/example_sensor_decorator.py
[2026-07-24T19:36:25.025+0000] {logging_mixin.py:188} INFO - [2026-07-24T19:36:25.024+0000] {dag.py:3089} INFO - Sync 1 DAGs
[2026-07-24T19:36:25.041+0000] {logging_mixin.py:188} INFO - [2026-07-24T19:36:25.041+0000] {dag.py:3947} INFO - Setting next_dagrun for example_sensor_decorator to None, run_after=None
[2026-07-24T19:36:25.070+0000] {processor.py:183} INFO - Processing /home/airflow/.local/lib/python3.12/site-packages/airflow/example_dags/example_sensor_decorator.py took 0.100 seconds
[2026-07-24T19:36:55.461+0000] {processor.py:161} INFO - Started process (PID=21078) to work on /home/airflow/.local/lib/python3.12/site-packages/airflow/example_dags/example_sensor_decorator.py
[2026-07-24T19:36:55.464+0000] {processor.py:830} INFO - Processing file /home/airflow/.local/lib/python3.12/site-packages/airflow/example_dags/example_sensor_decorator.py for tasks to queue
[2026-07-24T19:36:55.467+0000] {logging_mixin.py:188} INFO - [2026-07-24T19:36:55.467+0000] {dagbag.py:545} INFO - Filling up the DagBag from /home/airflow/.local/lib/python3.12/site-packages/airflow/example_dags/example_sensor_decorator.py
[2026-07-24T19:36:55.477+0000] {processor.py:840} INFO - DAG(s) 'example_sensor_decorator' retrieved from /home/airflow/.local/lib/python3.12/site-packages/airflow/example_dags/example_sensor_decorator.py
[2026-07-24T19:36:55.511+0000] {logging_mixin.py:188} INFO - [2026-07-24T19:36:55.510+0000] {dag.py:3089} INFO - Sync 1 DAGs
[2026-07-24T19:36:55.530+0000] {logging_mixin.py:188} INFO - [2026-07-24T19:36:55.529+0000] {dag.py:3947} INFO - Setting next_dagrun for example_sensor_decorator to None, run_after=None
[2026-07-24T19:36:55.571+0000] {processor.py:183} INFO - Processing /home/airflow/.local/lib/python3.12/site-packages/airflow/example_dags/example_sensor_decorator.py took 0.118 seconds
[2026-07-24T19:37:26.149+0000] {processor.py:161} INFO - Started process (PID=21151) to work on /home/airflow/.local/lib/python3.12/site-packages/airflow/example_dags/example_sensor_decorator.py
[2026-07-24T19:37:26.151+0000] {processor.py:830} INFO - Processing file /home/airflow/.local/lib/python3.12/site-packages/airflow/example_dags/example_sensor_decorator.py for tasks to queue
[2026-07-24T19:37:26.155+0000] {logging_mixin.py:188} INFO - [2026-07-24T19:37:26.155+0000] {dagbag.py:545} INFO - Filling up the DagBag from /home/airflow/.local/lib/python3.12/site-packages/airflow/example_dags/example_sensor_decorator.py
[2026-07-24T19:37:26.165+0000] {processor.py:840} INFO - DAG(s) 'example_sensor_decorator' retrieved from /home/airflow/.local/lib/python3.12/site-packages/airflow/example_dags/example_sensor_decorator.py
[2026-07-24T19:37:26.195+0000] {logging_mixin.py:188} INFO - [2026-07-24T19:37:26.195+0000] {dag.py:3089} INFO - Sync 1 DAGs
[2026-07-24T19:37:26.212+0000] {logging_mixin.py:188} INFO - [2026-07-24T19:37:26.212+0000] {dag.py:3947} INFO - Setting next_dagrun for example_sensor_decorator to None, run_after=None
[2026-07-24T19:37:26.255+0000] {processor.py:183} INFO - Processing /home/airflow/.local/lib/python3.12/site-packages/airflow/example_dags/example_sensor_decorator.py took 0.114 seconds
[2026-07-24T19:37:56.595+0000] {processor.py:161} INFO - Started process (PID=21224) to work on /home/airflow/.local/lib/python3.12/site-packages/airflow/example_dags/example_sensor_decorator.py
[2026-07-24T19:37:56.597+0000] {processor.py:830} INFO - Processing file /home/airflow/.local/lib/python3.12/site-packages/airflow/example_dags/example_sensor_decorator.py for tasks to queue
[2026-07-24T19:37:56.601+0000] {logging_mixin.py:188} INFO - [2026-07-24T19:37:56.600+0000] {dagbag.py:545} INFO - Filling up the DagBag from /home/airflow/.local/lib/python3.12/site-packages/airflow/example_dags/example_sensor_decorator.py
[2026-07-24T19:37:56.611+0000] {processor.py:840} INFO - DAG(s) 'example_sensor_decorator' retrieved from /home/airflow/.local/lib/python3.12/site-packages/airflow/example_dags/example_sensor_decorator.py
[2026-07-24T19:37:56.643+0000] {logging_mixin.py:188} INFO - [2026-07-24T19:37:56.643+0000] {dag.py:3089} INFO - Sync 1 DAGs
[2026-07-24T19:37:56.662+0000] {logging_mixin.py:188} INFO - [2026-07-24T19:37:56.662+0000] {dag.py:3947} INFO - Setting next_dagrun for example_sensor_decorator to None, run_after=None
[2026-07-24T19:37:56.692+0000] {processor.py:183} INFO - Processing /home/airflow/.local/lib/python3.12/site-packages/airflow/example_dags/example_sensor_decorator.py took 0.105 seconds
[2026-07-24T19:38:26.916+0000] {processor.py:161} INFO - Started process (PID=21297) to work on /home/airflow/.local/lib/python3.12/site-packages/airflow/example_dags/example_sensor_decorator.py
[2026-07-24T19:38:26.919+0000] {processor.py:830} INFO - Processing file /home/airflow/.local/lib/python3.12/site-packages/airflow/example_dags/example_sensor_decorator.py for tasks to queue
[2026-07-24T19:38:26.922+0000] {logging_mixin.py:188} INFO - [2026-07-24T19:38:26.922+0000] {dagbag.py:545} INFO - Filling up the DagBag from /home/airflow/.local/lib/python3.12/site-packages/airflow/example_dags/example_sensor_decorator.py
[2026-07-24T19:38:26.932+0000] {processor.py:840} INFO - DAG(s) 'example_sensor_decorator' retrieved from /home/airflow/.local/lib/python3.12/site-packages/airflow/example_dags/example_sensor_decorator.py
[2026-07-24T19:38:26.965+0000] {logging_mixin.py:188} INFO - [2026-07-24T19:38:26.965+0000] {dag.py:3089} INFO - Sync 1 DAGs
[2026-07-24T19:38:26.990+0000] {logging_mixin.py:188} INFO - [2026-07-24T19:38:26.989+0000] {dag.py:3947} INFO - Setting next_dagrun for example_sensor_decorator to None, run_after=None
[2026-07-24T19:38:27.023+0000] {processor.py:183} INFO - Processing /home/airflow/.local/lib/python3.12/site-packages/airflow/example_dags/example_sensor_decorator.py took 0.114 seconds
[2026-07-24T19:38:57.130+0000] {processor.py:161} INFO - Started process (PID=21370) to work on /home/airflow/.local/lib/python3.12/site-packages/airflow/example_dags/example_sensor_decorator.py
[2026-07-24T19:38:57.132+0000] {processor.py:830} INFO - Processing file /home/airflow/.local/lib/python3.12/site-packages/airflow/example_dags/example_sensor_decorator.py for tasks to queue
[2026-07-24T19:38:57.136+0000] {logging_mixin.py:188} INFO - [2026-07-24T19:38:57.135+0000] {dagbag.py:545} INFO - Filling up the DagBag from /home/airflow/.local/lib/python3.12/site-packages/airflow/example_dags/example_sensor_decorator.py
[2026-07-24T19:38:57.144+0000] {processor.py:840} INFO - DAG(s) 'example_sensor_decorator' retrieved from /home/airflow/.local/lib/python3.12/site-packages/airflow/example_dags/example_sensor_decorator.py
[2026-07-24T19:38:57.174+0000] {logging_mixin.py:188} INFO - [2026-07-24T19:38:57.173+0000] {dag.py:3089} INFO - Sync 1 DAGs
[2026-07-24T19:38:57.192+0000] {logging_mixin.py:188} INFO - [2026-07-24T19:38:57.192+0000] {dag.py:3947} INFO - Setting next_dagrun for example_sensor_decorator to None, run_after=None
[2026-07-24T19:38:57.220+0000] {processor.py:183} INFO - Processing /home/airflow/.local/lib/python3.12/site-packages/airflow/example_dags/example_sensor_decorator.py took 0.098 seconds
[2026-07-24T19:39:27.458+0000] {processor.py:161} INFO - Started process (PID=21442) to work on /home/airflow/.local/lib/python3.12/site-packages/airflow/example_dags/example_sensor_decorator.py
[2026-07-24T19:39:27.461+0000] {processor.py:830} INFO - Processing file /home/airflow/.local/lib/python3.12/site-packages/airflow/example_dags/example_sensor_decorator.py for tasks to queue
[2026-07-24T19:39:27.465+0000] {logging_mixin.py:188} INFO - [2026-07-24T19:39:27.465+0000] {dagbag.py:545} INFO - Filling up the DagBag from /home/airflow/.local/lib/python3.12/site-packages/airflow/example_dags/example_sensor_decorator.py
[2026-07-24T19:39:27.479+0000] {processor.py:840} INFO - DAG(s) 'example_sensor_decorator' retrieved from /home/airflow/.local/lib/python3.12/site-packages/airflow/example_dags/example_sensor_decorator.py
[2026-07-24T19:39:27.515+0000] {logging_mixin.py:188} INFO - [2026-07-24T19:39:27.514+0000] {dag.py:3089} INFO - Sync 1 DAGs
[2026-07-24T19:39:27.540+0000] {logging_mixin.py:188} INFO - [2026-07-24T19:39:27.539+0000] {dag.py:3947} INFO - Setting next_dagrun for example_sensor_decorator to None, run_after=None
[2026-07-24T19:39:27.573+0000] {processor.py:183} INFO - Processing /home/airflow/.local/lib/python3.12/site-packages/airflow/example_dags/example_sensor_decorator.py took 0.126 seconds
[2026-07-24T19:39:57.844+0000] {processor.py:161} INFO - Started process (PID=21515) to work on /home/airflow/.local/lib/python3.12/site-packages/airflow/example_dags/example_sensor_decorator.py
[2026-07-24T19:39:57.846+0000] {processor.py:830} INFO - Processing file /home/airflow/.local/lib/python3.12/site-packages/airflow/example_dags/example_sensor_decorator.py for tasks to queue
[2026-07-24T19:39:57.850+0000] {logging_mixin.py:188} INFO - [2026-07-24T19:39:57.849+0000] {dagbag.py:545} INFO - Filling up the DagBag from /home/airflow/.local/lib/python3.12/site-packages/airflow/example_dags/example_sensor_decorator.py
[2026-07-24T19:39:57.859+0000] {processor.py:840} INFO - DAG(s) 'example_sensor_decorator' retrieved from /home/airflow/.local/lib/python3.12/site-packages/airflow/example_dags/example_sensor_decorator.py
[2026-07-24T19:39:57.887+0000] {logging_mixin.py:188} INFO - [2026-07-24T19:39:57.886+0000] {dag.py:3089} INFO - Sync 1 DAGs
[2026-07-24T19:39:57.904+0000] {logging_mixin.py:188} INFO - [2026-07-24T19:39:57.903+0000] {dag.py:3947} INFO - Setting next_dagrun for example_sensor_decorator to None, run_after=None
[2026-07-24T19:39:57.942+0000] {processor.py:183} INFO - Processing /home/airflow/.local/lib/python3.12/site-packages/airflow/example_dags/example_sensor_decorator.py took 0.106 seconds
[2026-07-24T19:40:28.266+0000] {processor.py:161} INFO - Started process (PID=21589) to work on /home/airflow/.local/lib/python3.12/site-packages/airflow/example_dags/example_sensor_decorator.py
[2026-07-24T19:40:28.268+0000] {processor.py:830} INFO - Processing file /home/airflow/.local/lib/python3.12/site-packages/airflow/example_dags/example_sensor_decorator.py for tasks to queue
[2026-07-24T19:40:28.272+0000] {logging_mixin.py:188} INFO - [2026-07-24T19:40:28.271+0000] {dagbag.py:545} INFO - Filling up the DagBag from /home/airflow/.local/lib/python3.12/site-packages/airflow/example_dags/example_sensor_decorator.py
[2026-07-24T19:40:28.282+0000] {processor.py:840} INFO - DAG(s) 'example_sensor_decorator' retrieved from /home/airflow/.local/lib/python3.12/site-packages/airflow/example_dags/example_sensor_decorator.py
[2026-07-24T19:40:28.314+0000] {logging_mixin.py:188} INFO - [2026-07-24T19:40:28.314+0000] {dag.py:3089} INFO - Sync 1 DAGs
[2026-07-24T19:40:28.337+0000] {logging_mixin.py:188} INFO - [2026-07-24T19:40:28.337+0000] {dag.py:3947} INFO - Setting next_dagrun for example_sensor_decorator to None, run_after=None
[2026-07-24T19:40:28.390+0000] {processor.py:183} INFO - Processing /home/airflow/.local/lib/python3.12/site-packages/airflow/example_dags/example_sensor_decorator.py took 0.134 seconds
[2026-07-24T19:40:59.043+0000] {processor.py:161} INFO - Started process (PID=21662) to work on /home/airflow/.local/lib/python3.12/site-packages/airflow/example_dags/example_sensor_decorator.py
[2026-07-24T19:40:59.047+0000] {processor.py:830} INFO - Processing file /home/airflow/.local/lib/python3.12/site-packages/airflow/example_dags/example_sensor_decorator.py for tasks to queue
[2026-07-24T19:40:59.059+0000] {logging_mixin.py:188} INFO - [2026-07-24T19:40:59.058+0000] {dagbag.py:545} INFO - Filling up the DagBag from /home/airflow/.local/lib/python3.12/site-packages/airflow/example_dags/example_sensor_decorator.py
[2026-07-24T19:40:59.091+0000] {processor.py:840} INFO - DAG(s) 'example_sensor_decorator' retrieved from /home/airflow/.local/lib/python3.12/site-packages/airflow/example_dags/example_sensor_decorator.py
[2026-07-24T19:40:59.161+0000] {logging_mixin.py:188} INFO - [2026-07-24T19:40:59.161+0000] {dag.py:3089} INFO - Sync 1 DAGs
[2026-07-24T19:40:59.189+0000] {logging_mixin.py:188} INFO - [2026-07-24T19:40:59.188+0000] {dag.py:3947} INFO - Setting next_dagrun for example_sensor_decorator to None, run_after=None
[2026-07-24T19:40:59.271+0000] {processor.py:183} INFO - Processing /home/airflow/.local/lib/python3.12/site-packages/airflow/example_dags/example_sensor_decorator.py took 0.246 seconds
[2026-07-24T19:41:29.806+0000] {processor.py:161} INFO - Started process (PID=21734) to work on /home/airflow/.local/lib/python3.12/site-packages/airflow/example_dags/example_sensor_decorator.py
[2026-07-24T19:41:29.810+0000] {processor.py:830} INFO - Processing file /home/airflow/.local/lib/python3.12/site-packages/airflow/example_dags/example_sensor_decorator.py for tasks to queue
[2026-07-24T19:41:29.816+0000] {logging_mixin.py:188} INFO - [2026-07-24T19:41:29.815+0000] {dagbag.py:545} INFO - Filling up the DagBag from /home/airflow/.local/lib/python3.12/site-packages/airflow/example_dags/example_sensor_decorator.py
[2026-07-24T19:41:29.831+0000] {processor.py:840} INFO - DAG(s) 'example_sensor_decorator' retrieved from /home/airflow/.local/lib/python3.12/site-packages/airflow/example_dags/example_sensor_decorator.py
[2026-07-24T19:41:29.899+0000] {logging_mixin.py:188} INFO - [2026-07-24T19:41:29.898+0000] {dag.py:3089} INFO - Sync 1 DAGs
[2026-07-24T19:41:29.962+0000] {logging_mixin.py:188} INFO - [2026-07-24T19:41:29.962+0000] {dag.py:3947} INFO - Setting next_dagrun for example_sensor_decorator to None, run_after=None
[2026-07-24T19:41:30.043+0000] {processor.py:183} INFO - Processing /home/airflow/.local/lib/python3.12/site-packages/airflow/example_dags/example_sensor_decorator.py took 0.252 seconds
[2026-07-24T19:42:00.527+0000] {processor.py:161} INFO - Started process (PID=21808) to work on /home/airflow/.local/lib/python3.12/site-packages/airflow/example_dags/example_sensor_decorator.py
[2026-07-24T19:42:00.531+0000] {processor.py:830} INFO - Processing file /home/airflow/.local/lib/python3.12/site-packages/airflow/example_dags/example_sensor_decorator.py for tasks to queue
[2026-07-24T19:42:00.537+0000] {logging_mixin.py:188} INFO - [2026-07-24T19:42:00.536+0000] {dagbag.py:545} INFO - Filling up the DagBag from /home/airflow/.local/lib/python3.12/site-packages/airflow/example_dags/example_sensor_decorator.py
[2026-07-24T19:42:00.559+0000] {processor.py:840} INFO - DAG(s) 'example_sensor_decorator' retrieved from /home/airflow/.local/lib/python3.12/site-packages/airflow/example_dags/example_sensor_decorator.py
[2026-07-24T19:42:00.610+0000] {logging_mixin.py:188} INFO - [2026-07-24T19:42:00.609+0000] {dag.py:3089} INFO - Sync 1 DAGs
[2026-07-24T19:42:00.640+0000] {logging_mixin.py:188} INFO - [2026-07-24T19:42:00.640+0000] {dag.py:3947} INFO - Setting next_dagrun for example_sensor_decorator to None, run_after=None
[2026-07-24T19:42:00.693+0000] {processor.py:183} INFO - Processing /home/airflow/.local/lib/python3.12/site-packages/airflow/example_dags/example_sensor_decorator.py took 0.181 seconds
[2026-07-24T19:42:31.460+0000] {processor.py:161} INFO - Started process (PID=21882) to work on /home/airflow/.local/lib/python3.12/site-packages/airflow/example_dags/example_sensor_decorator.py
[2026-07-24T19:42:31.464+0000] {processor.py:830} INFO - Processing file /home/airflow/.local/lib/python3.12/site-packages/airflow/example_dags/example_sensor_decorator.py for tasks to queue
[2026-07-24T19:42:31.469+0000] {logging_mixin.py:188} INFO - [2026-07-24T19:42:31.468+0000] {dagbag.py:545} INFO - Filling up the DagBag from /home/airflow/.local/lib/python3.12/site-packages/airflow/example_dags/example_sensor_decorator.py
[2026-07-24T19:42:31.482+0000] {processor.py:840} INFO - DAG(s) 'example_sensor_decorator' retrieved from /home/airflow/.local/lib/python3.12/site-packages/airflow/example_dags/example_sensor_decorator.py
[2026-07-24T19:42:31.560+0000] {logging_mixin.py:188} INFO - [2026-07-24T19:42:31.558+0000] {dag.py:3089} INFO - Sync 1 DAGs
[2026-07-24T19:42:31.613+0000] {logging_mixin.py:188} INFO - [2026-07-24T19:42:31.612+0000] {dag.py:3947} INFO - Setting next_dagrun for example_sensor_decorator to None, run_after=None
[2026-07-24T19:42:31.663+0000] {processor.py:183} INFO - Processing /home/airflow/.local/lib/python3.12/site-packages/airflow/example_dags/example_sensor_decorator.py took 0.214 seconds
[2026-07-24T19:43:01.860+0000] {processor.py:161} INFO - Started process (PID=21955) to work on /home/airflow/.local/lib/python3.12/site-packages/airflow/example_dags/example_sensor_decorator.py
[2026-07-24T19:43:01.862+0000] {processor.py:830} INFO - Processing file /home/airflow/.local/lib/python3.12/site-packages/airflow/example_dags/example_sensor_decorator.py for tasks to queue
[2026-07-24T19:43:01.866+0000] {logging_mixin.py:188} INFO - [2026-07-24T19:43:01.866+0000] {dagbag.py:545} INFO - Filling up the DagBag from /home/airflow/.local/lib/python3.12/site-packages/airflow/example_dags/example_sensor_decorator.py
[2026-07-24T19:43:01.878+0000] {processor.py:840} INFO - DAG(s) 'example_sensor_decorator' retrieved from /home/airflow/.local/lib/python3.12/site-packages/airflow/example_dags/example_sensor_decorator.py
[2026-07-24T19:43:01.924+0000] {logging_mixin.py:188} INFO - [2026-07-24T19:43:01.924+0000] {dag.py:3089} INFO - Sync 1 DAGs
[2026-07-24T19:43:01.944+0000] {logging_mixin.py:188} INFO - [2026-07-24T19:43:01.944+0000] {dag.py:3947} INFO - Setting next_dagrun for example_sensor_decorator to None, run_after=None
[2026-07-24T19:43:01.985+0000] {processor.py:183} INFO - Processing /home/airflow/.local/lib/python3.12/site-packages/airflow/example_dags/example_sensor_decorator.py took 0.135 seconds
[2026-07-24T19:43:32.343+0000] {processor.py:161} INFO - Started process (PID=22029) to work on /home/airflow/.local/lib/python3.12/site-packages/airflow/example_dags/example_sensor_decorator.py
[2026-07-24T19:43:32.347+0000] {processor.py:830} INFO - Processing file /home/airflow/.local/lib/python3.12/site-packages/airflow/example_dags/example_sensor_decorator.py for tasks to queue
[2026-07-24T19:43:32.353+0000] {logging_mixin.py:188} INFO - [2026-07-24T19:43:32.352+0000] {dagbag.py:545} INFO - Filling up the DagBag from /home/airflow/.local/lib/python3.12/site-packages/airflow/example_dags/example_sensor_decorator.py
[2026-07-24T19:43:32.378+0000] {processor.py:840} INFO - DAG(s) 'example_sensor_decorator' retrieved from /home/airflow/.local/lib/python3.12/site-packages/airflow/example_dags/example_sensor_decorator.py
[2026-07-24T19:43:32.433+0000] {logging_mixin.py:188} INFO - [2026-07-24T19:43:32.432+0000] {dag.py:3089} INFO - Sync 1 DAGs
[2026-07-24T19:43:32.467+0000] {logging_mixin.py:188} INFO - [2026-07-24T19:43:32.466+0000] {dag.py:3947} INFO - Setting next_dagrun for example_sensor_decorator to None, run_after=None
[2026-07-24T19:43:32.529+0000] {processor.py:183} INFO - Processing /home/airflow/.local/lib/python3.12/site-packages/airflow/example_dags/example_sensor_decorator.py took 0.203 seconds
[2026-07-24T19:44:02.783+0000] {processor.py:161} INFO - Started process (PID=22104) to work on /home/airflow/.local/lib/python3.12/site-packages/airflow/example_dags/example_sensor_decorator.py
[2026-07-24T19:44:02.786+0000] {processor.py:830} INFO - Processing file /home/airflow/.local/lib/python3.12/site-packages/airflow/example_dags/example_sensor_decorator.py for tasks to queue
[2026-07-24T19:44:02.792+0000] {logging_mixin.py:188} INFO - [2026-07-24T19:44:02.791+0000] {dagbag.py:545} INFO - Filling up the DagBag from /home/airflow/.local/lib/python3.12/site-packages/airflow/example_dags/example_sensor_decorator.py
[2026-07-24T19:44:02.803+0000] {processor.py:840} INFO - DAG(s) 'example_sensor_decorator' retrieved from /home/airflow/.local/lib/python3.12/site-packages/airflow/example_dags/example_sensor_decorator.py
[2026-07-24T19:44:02.847+0000] {logging_mixin.py:188} INFO - [2026-07-24T19:44:02.847+0000] {dag.py:3089} INFO - Sync 1 DAGs
[2026-07-24T19:44:02.873+0000] {logging_mixin.py:188} INFO - [2026-07-24T19:44:02.872+0000] {dag.py:3947} INFO - Setting next_dagrun for example_sensor_decorator to None, run_after=None
[2026-07-24T19:44:02.934+0000] {processor.py:183} INFO - Processing /home/airflow/.local/lib/python3.12/site-packages/airflow/example_dags/example_sensor_decorator.py took 0.162 seconds
[2026-07-24T19:44:33.581+0000] {processor.py:161} INFO - Started process (PID=22177) to work on /home/airflow/.local/lib/python3.12/site-packages/airflow/example_dags/example_sensor_decorator.py
[2026-07-24T19:44:33.594+0000] {processor.py:830} INFO - Processing file /home/airflow/.local/lib/python3.12/site-packages/airflow/example_dags/example_sensor_decorator.py for tasks to queue
[2026-07-24T19:44:33.612+0000] {logging_mixin.py:188} INFO - [2026-07-24T19:44:33.611+0000] {dagbag.py:545} INFO - Filling up the DagBag from /home/airflow/.local/lib/python3.12/site-packages/airflow/example_dags/example_sensor_decorator.py
[2026-07-24T19:44:33.651+0000] {processor.py:840} INFO - DAG(s) 'example_sensor_decorator' retrieved from /home/airflow/.local/lib/python3.12/site-packages/airflow/example_dags/example_sensor_decorator.py
[2026-07-24T19:44:33.715+0000] {logging_mixin.py:188} INFO - [2026-07-24T19:44:33.714+0000] {dag.py:3089} INFO - Sync 1 DAGs
[2026-07-24T19:44:33.754+0000] {logging_mixin.py:188} INFO - [2026-07-24T19:44:33.753+0000] {dag.py:3947} INFO - Setting next_dagrun for example_sensor_decorator to None, run_after=None
[2026-07-24T19:44:33.908+0000] {processor.py:183} INFO - Processing /home/airflow/.local/lib/python3.12/site-packages/airflow/example_dags/example_sensor_decorator.py took 0.350 seconds
[2026-07-24T19:45:04.503+0000] {processor.py:161} INFO - Started process (PID=22250) to work on /home/airflow/.local/lib/python3.12/site-packages/airflow/example_dags/example_sensor_decorator.py
[2026-07-24T19:45:04.506+0000] {processor.py:830} INFO - Processing file /home/airflow/.local/lib/python3.12/site-packages/airflow/example_dags/example_sensor_decorator.py for tasks to queue
[2026-07-24T19:45:04.511+0000] {logging_mixin.py:188} INFO - [2026-07-24T19:45:04.510+0000] {dagbag.py:545} INFO - Filling up the DagBag from /home/airflow/.local/lib/python3.12/site-packages/airflow/example_dags/example_sensor_decorator.py
[2026-07-24T19:45:04.531+0000] {processor.py:840} INFO - DAG(s) 'example_sensor_decorator' retrieved from /home/airflow/.local/lib/python3.12/site-packages/airflow/example_dags/example_sensor_decorator.py
[2026-07-24T19:45:04.575+0000] {logging_mixin.py:188} INFO - [2026-07-24T19:45:04.575+0000] {dag.py:3089} INFO - Sync 1 DAGs
[2026-07-24T19:45:04.607+0000] {logging_mixin.py:188} INFO - [2026-07-24T19:45:04.607+0000] {dag.py:3947} INFO - Setting next_dagrun for example_sensor_decorator to None, run_after=None
[2026-07-24T19:45:04.652+0000] {processor.py:183} INFO - Processing /home/airflow/.local/lib/python3.12/site-packages/airflow/example_dags/example_sensor_decorator.py took 0.162 seconds
[2026-07-24T19:45:35.616+0000] {processor.py:161} INFO - Started process (PID=22323) to work on /home/airflow/.local/lib/python3.12/site-packages/airflow/example_dags/example_sensor_decorator.py
[2026-07-24T19:45:35.620+0000] {processor.py:830} INFO - Processing file /home/airflow/.local/lib/python3.12/site-packages/airflow/example_dags/example_sensor_decorator.py for tasks to queue
[2026-07-24T19:45:35.626+0000] {logging_mixin.py:188} INFO - [2026-07-24T19:45:35.625+0000] {dagbag.py:545} INFO - Filling up the DagBag from /home/airflow/.local/lib/python3.12/site-packages/airflow/example_dags/example_sensor_decorator.py
[2026-07-24T19:45:35.645+0000] {processor.py:840} INFO - DAG(s) 'example_sensor_decorator' retrieved from /home/airflow/.local/lib/python3.12/site-packages/airflow/example_dags/example_sensor_decorator.py
[2026-07-24T19:45:35.699+0000] {logging_mixin.py:188} INFO - [2026-07-24T19:45:35.698+0000] {dag.py:3089} INFO - Sync 1 DAGs
[2026-07-24T19:45:35.724+0000] {logging_mixin.py:188} INFO - [2026-07-24T19:45:35.723+0000] {dag.py:3947} INFO - Setting next_dagrun for example_sensor_decorator to None, run_after=None
[2026-07-24T19:45:35.775+0000] {processor.py:183} INFO - Processing /home/airflow/.local/lib/python3.12/site-packages/airflow/example_dags/example_sensor_decorator.py took 0.175 seconds
[2026-07-24T19:46:05.950+0000] {processor.py:161} INFO - Started process (PID=22396) to work on /home/airflow/.local/lib/python3.12/site-packages/airflow/example_dags/example_sensor_decorator.py
[2026-07-24T19:46:05.953+0000] {processor.py:830} INFO - Processing file /home/airflow/.local/lib/python3.12/site-packages/airflow/example_dags/example_sensor_decorator.py for tasks to queue
[2026-07-24T19:46:05.958+0000] {logging_mixin.py:188} INFO - [2026-07-24T19:46:05.958+0000] {dagbag.py:545} INFO - Filling up the DagBag from /home/airflow/.local/lib/python3.12/site-packages/airflow/example_dags/example_sensor_decorator.py
[2026-07-24T19:46:05.976+0000] {processor.py:840} INFO - DAG(s) 'example_sensor_decorator' retrieved from /home/airflow/.local/lib/python3.12/site-packages/airflow/example_dags/example_sensor_decorator.py
[2026-07-24T19:46:06.027+0000] {logging_mixin.py:188} INFO - [2026-07-24T19:46:06.027+0000] {dag.py:3089} INFO - Sync 1 DAGs
[2026-07-24T19:46:06.061+0000] {logging_mixin.py:188} INFO - [2026-07-24T19:46:06.061+0000] {dag.py:3947} INFO - Setting next_dagrun for example_sensor_decorator to None, run_after=None
[2026-07-24T19:46:06.110+0000] {processor.py:183} INFO - Processing /home/airflow/.local/lib/python3.12/site-packages/airflow/example_dags/example_sensor_decorator.py took 0.174 seconds
[2026-07-24T19:46:36.440+0000] {processor.py:161} INFO - Started process (PID=22469) to work on /home/airflow/.local/lib/python3.12/site-packages/airflow/example_dags/example_sensor_decorator.py
[2026-07-24T19:46:36.448+0000] {processor.py:830} INFO - Processing file /home/airflow/.local/lib/python3.12/site-packages/airflow/example_dags/example_sensor_decorator.py for tasks to queue
[2026-07-24T19:46:36.458+0000] {logging_mixin.py:188} INFO - [2026-07-24T19:46:36.457+0000] {dagbag.py:545} INFO - Filling up the DagBag from /home/airflow/.local/lib/python3.12/site-packages/airflow/example_dags/example_sensor_decorator.py
[2026-07-24T19:46:36.476+0000] {processor.py:840} INFO - DAG(s) 'example_sensor_decorator' retrieved from /home/airflow/.local/lib/python3.12/site-packages/airflow/example_dags/example_sensor_decorator.py
[2026-07-24T19:46:36.537+0000] {logging_mixin.py:188} INFO - [2026-07-24T19:46:36.536+0000] {dag.py:3089} INFO - Sync 1 DAGs
[2026-07-24T19:46:36.571+0000] {logging_mixin.py:188} INFO - [2026-07-24T19:46:36.571+0000] {dag.py:3947} INFO - Setting next_dagrun for example_sensor_decorator to None, run_after=None
[2026-07-24T19:46:36.626+0000] {processor.py:183} INFO - Processing /home/airflow/.local/lib/python3.12/site-packages/airflow/example_dags/example_sensor_decorator.py took 0.204 seconds
[2026-07-24T19:47:07.287+0000] {processor.py:161} INFO - Started process (PID=22542) to work on /home/airflow/.local/lib/python3.12/site-packages/airflow/example_dags/example_sensor_decorator.py
[2026-07-24T19:47:07.291+0000] {processor.py:830} INFO - Processing file /home/airflow/.local/lib/python3.12/site-packages/airflow/example_dags/example_sensor_decorator.py for tasks to queue
[2026-07-24T19:47:07.301+0000] {logging_mixin.py:188} INFO - [2026-07-24T19:47:07.300+0000] {dagbag.py:545} INFO - Filling up the DagBag from /home/airflow/.local/lib/python3.12/site-packages/airflow/example_dags/example_sensor_decorator.py
[2026-07-24T19:47:07.325+0000] {processor.py:840} INFO - DAG(s) 'example_sensor_decorator' retrieved from /home/airflow/.local/lib/python3.12/site-packages/airflow/example_dags/example_sensor_decorator.py
[2026-07-24T19:47:07.394+0000] {logging_mixin.py:188} INFO - [2026-07-24T19:47:07.394+0000] {dag.py:3089} INFO - Sync 1 DAGs
[2026-07-24T19:47:07.438+0000] {logging_mixin.py:188} INFO - [2026-07-24T19:47:07.436+0000] {dag.py:3947} INFO - Setting next_dagrun for example_sensor_decorator to None, run_after=None
[2026-07-24T19:47:07.492+0000] {processor.py:183} INFO - Processing /home/airflow/.local/lib/python3.12/site-packages/airflow/example_dags/example_sensor_decorator.py took 0.220 seconds
[2026-07-24T19:47:38.274+0000] {processor.py:161} INFO - Started process (PID=22615) to work on /home/airflow/.local/lib/python3.12/site-packages/airflow/example_dags/example_sensor_decorator.py
[2026-07-24T19:47:38.277+0000] {processor.py:830} INFO - Processing file /home/airflow/.local/lib/python3.12/site-packages/airflow/example_dags/example_sensor_decorator.py for tasks to queue
[2026-07-24T19:47:38.283+0000] {logging_mixin.py:188} INFO - [2026-07-24T19:47:38.282+0000] {dagbag.py:545} INFO - Filling up the DagBag from /home/airflow/.local/lib/python3.12/site-packages/airflow/example_dags/example_sensor_decorator.py
[2026-07-24T19:47:38.302+0000] {processor.py:840} INFO - DAG(s) 'example_sensor_decorator' retrieved from /home/airflow/.local/lib/python3.12/site-packages/airflow/example_dags/example_sensor_decorator.py
[2026-07-24T19:47:38.347+0000] {logging_mixin.py:188} INFO - [2026-07-24T19:47:38.346+0000] {dag.py:3089} INFO - Sync 1 DAGs
[2026-07-24T19:47:38.371+0000] {logging_mixin.py:188} INFO - [2026-07-24T19:47:38.371+0000] {dag.py:3947} INFO - Setting next_dagrun for example_sensor_decorator to None, run_after=None
[2026-07-24T19:47:38.413+0000] {processor.py:183} INFO - Processing /home/airflow/.local/lib/python3.12/site-packages/airflow/example_dags/example_sensor_decorator.py took 0.151 seconds
[2026-07-24T19:48:09.331+0000] {processor.py:161} INFO - Started process (PID=22688) to work on /home/airflow/.local/lib/python3.12/site-packages/airflow/example_dags/example_sensor_decorator.py
[2026-07-24T19:48:09.338+0000] {processor.py:830} INFO - Processing file /home/airflow/.local/lib/python3.12/site-packages/airflow/example_dags/example_sensor_decorator.py for tasks to queue
[2026-07-24T19:48:09.344+0000] {logging_mixin.py:188} INFO - [2026-07-24T19:48:09.343+0000] {dagbag.py:545} INFO - Filling up the DagBag from /home/airflow/.local/lib/python3.12/site-packages/airflow/example_dags/example_sensor_decorator.py
[2026-07-24T19:48:09.387+0000] {processor.py:840} INFO - DAG(s) 'example_sensor_decorator' retrieved from /home/airflow/.local/lib/python3.12/site-packages/airflow/example_dags/example_sensor_decorator.py
[2026-07-24T19:48:09.518+0000] {logging_mixin.py:188} INFO - [2026-07-24T19:48:09.518+0000] {dag.py:3089} INFO - Sync 1 DAGs
[2026-07-24T19:48:09.589+0000] {logging_mixin.py:188} INFO - [2026-07-24T19:48:09.585+0000] {dag.py:3947} INFO - Setting next_dagrun for example_sensor_decorator to None, run_after=None
[2026-07-24T19:48:09.687+0000] {processor.py:183} INFO - Processing /home/airflow/.local/lib/python3.12/site-packages/airflow/example_dags/example_sensor_decorator.py took 0.393 seconds
[2026-07-24T19:48:40.409+0000] {processor.py:161} INFO - Started process (PID=22762) to work on /home/airflow/.local/lib/python3.12/site-packages/airflow/example_dags/example_sensor_decorator.py
[2026-07-24T19:48:40.412+0000] {processor.py:830} INFO - Processing file /home/airflow/.local/lib/python3.12/site-packages/airflow/example_dags/example_sensor_decorator.py for tasks to queue
[2026-07-24T19:48:40.418+0000] {logging_mixin.py:188} INFO - [2026-07-24T19:48:40.417+0000] {dagbag.py:545} INFO - Filling up the DagBag from /home/airflow/.local/lib/python3.12/site-packages/airflow/example_dags/example_sensor_decorator.py
[2026-07-24T19:48:40.445+0000] {processor.py:840} INFO - DAG(s) 'example_sensor_decorator' retrieved from /home/airflow/.local/lib/python3.12/site-packages/airflow/example_dags/example_sensor_decorator.py
[2026-07-24T19:48:40.508+0000] {logging_mixin.py:188} INFO - [2026-07-24T19:48:40.507+0000] {dag.py:3089} INFO - Sync 1 DAGs
[2026-07-24T19:48:40.557+0000] {logging_mixin.py:188} INFO - [2026-07-24T19:48:40.556+0000] {dag.py:3947} INFO - Setting next_dagrun for example_sensor_decorator to None, run_after=None
[2026-07-24T19:48:40.616+0000] {processor.py:183} INFO - Processing /home/airflow/.local/lib/python3.12/site-packages/airflow/example_dags/example_sensor_decorator.py took 0.227 seconds
[2026-07-24T19:49:11.504+0000] {processor.py:161} INFO - Started process (PID=22836) to work on /home/airflow/.local/lib/python3.12/site-packages/airflow/example_dags/example_sensor_decorator.py
[2026-07-24T19:49:11.508+0000] {processor.py:830} INFO - Processing file /home/airflow/.local/lib/python3.12/site-packages/airflow/example_dags/example_sensor_decorator.py for tasks to queue
[2026-07-24T19:49:11.512+0000] {logging_mixin.py:188} INFO - [2026-07-24T19:49:11.512+0000] {dagbag.py:545} INFO - Filling up the DagBag from /home/airflow/.local/lib/python3.12/site-packages/airflow/example_dags/example_sensor_decorator.py
[2026-07-24T19:49:11.528+0000] {processor.py:840} INFO - DAG(s) 'example_sensor_decorator' retrieved from /home/airflow/.local/lib/python3.12/site-packages/airflow/example_dags/example_sensor_decorator.py
[2026-07-24T19:49:11.575+0000] {logging_mixin.py:188} INFO - [2026-07-24T19:49:11.574+0000] {dag.py:3089} INFO - Sync 1 DAGs
[2026-07-24T19:49:11.604+0000] {logging_mixin.py:188} INFO - [2026-07-24T19:49:11.603+0000] {dag.py:3947} INFO - Setting next_dagrun for example_sensor_decorator to None, run_after=None
[2026-07-24T19:49:11.691+0000] {processor.py:183} INFO - Processing /home/airflow/.local/lib/python3.12/site-packages/airflow/example_dags/example_sensor_decorator.py took 0.198 seconds
[2026-07-24T19:49:41.899+0000] {processor.py:161} INFO - Started process (PID=22908) to work on /home/airflow/.local/lib/python3.12/site-packages/airflow/example_dags/example_sensor_decorator.py
[2026-07-24T19:49:41.903+0000] {processor.py:830} INFO - Processing file /home/airflow/.local/lib/python3.12/site-packages/airflow/example_dags/example_sensor_decorator.py for tasks to queue
[2026-07-24T19:49:41.908+0000] {logging_mixin.py:188} INFO - [2026-07-24T19:49:41.907+0000] {dagbag.py:545} INFO - Filling up the DagBag from /home/airflow/.local/lib/python3.12/site-packages/airflow/example_dags/example_sensor_decorator.py
[2026-07-24T19:49:41.923+0000] {processor.py:840} INFO - DAG(s) 'example_sensor_decorator' retrieved from /home/airflow/.local/lib/python3.12/site-packages/airflow/example_dags/example_sensor_decorator.py
[2026-07-24T19:49:41.971+0000] {logging_mixin.py:188} INFO - [2026-07-24T19:49:41.970+0000] {dag.py:3089} INFO - Sync 1 DAGs
[2026-07-24T19:49:41.998+0000] {logging_mixin.py:188} INFO - [2026-07-24T19:49:41.997+0000] {dag.py:3947} INFO - Setting next_dagrun for example_sensor_decorator to None, run_after=None
[2026-07-24T19:49:42.044+0000] {processor.py:183} INFO - Processing /home/airflow/.local/lib/python3.12/site-packages/airflow/example_dags/example_sensor_decorator.py took 0.157 seconds
[2026-07-24T19:50:12.809+0000] {processor.py:161} INFO - Started process (PID=22982) to work on /home/airflow/.local/lib/python3.12/site-packages/airflow/example_dags/example_sensor_decorator.py
[2026-07-24T19:50:12.813+0000] {processor.py:830} INFO - Processing file /home/airflow/.local/lib/python3.12/site-packages/airflow/example_dags/example_sensor_decorator.py for tasks to queue
[2026-07-24T19:50:12.819+0000] {logging_mixin.py:188} INFO - [2026-07-24T19:50:12.818+0000] {dagbag.py:545} INFO - Filling up the DagBag from /home/airflow/.local/lib/python3.12/site-packages/airflow/example_dags/example_sensor_decorator.py
[2026-07-24T19:50:12.834+0000] {processor.py:840} INFO - DAG(s) 'example_sensor_decorator' retrieved from /home/airflow/.local/lib/python3.12/site-packages/airflow/example_dags/example_sensor_decorator.py
[2026-07-24T19:50:12.890+0000] {logging_mixin.py:188} INFO - [2026-07-24T19:50:12.889+0000] {dag.py:3089} INFO - Sync 1 DAGs
[2026-07-24T19:50:12.924+0000] {logging_mixin.py:188} INFO - [2026-07-24T19:50:12.924+0000] {dag.py:3947} INFO - Setting next_dagrun for example_sensor_decorator to None, run_after=None
[2026-07-24T19:50:12.969+0000] {processor.py:183} INFO - Processing /home/airflow/.local/lib/python3.12/site-packages/airflow/example_dags/example_sensor_decorator.py took 0.175 seconds
[2026-07-24T19:50:43.884+0000] {processor.py:161} INFO - Started process (PID=23055) to work on /home/airflow/.local/lib/python3.12/site-packages/airflow/example_dags/example_sensor_decorator.py
[2026-07-24T19:50:43.887+0000] {processor.py:830} INFO - Processing file /home/airflow/.local/lib/python3.12/site-packages/airflow/example_dags/example_sensor_decorator.py for tasks to queue
[2026-07-24T19:50:43.891+0000] {logging_mixin.py:188} INFO - [2026-07-24T19:50:43.890+0000] {dagbag.py:545} INFO - Filling up the DagBag from /home/airflow/.local/lib/python3.12/site-packages/airflow/example_dags/example_sensor_decorator.py
[2026-07-24T19:50:43.901+0000] {processor.py:840} INFO - DAG(s) 'example_sensor_decorator' retrieved from /home/airflow/.local/lib/python3.12/site-packages/airflow/example_dags/example_sensor_decorator.py
[2026-07-24T19:50:43.936+0000] {logging_mixin.py:188} INFO - [2026-07-24T19:50:43.935+0000] {dag.py:3089} INFO - Sync 1 DAGs
[2026-07-24T19:50:43.954+0000] {logging_mixin.py:188} INFO - [2026-07-24T19:50:43.954+0000] {dag.py:3947} INFO - Setting next_dagrun for example_sensor_decorator to None, run_after=None
[2026-07-24T19:50:43.990+0000] {processor.py:183} INFO - Processing /home/airflow/.local/lib/python3.12/site-packages/airflow/example_dags/example_sensor_decorator.py took 0.114 seconds
[2026-07-24T19:51:15.365+0000] {processor.py:161} INFO - Started process (PID=23128) to work on /home/airflow/.local/lib/python3.12/site-packages/airflow/example_dags/example_sensor_decorator.py
[2026-07-24T19:51:15.368+0000] {processor.py:830} INFO - Processing file /home/airflow/.local/lib/python3.12/site-packages/airflow/example_dags/example_sensor_decorator.py for tasks to queue
[2026-07-24T19:51:15.372+0000] {logging_mixin.py:188} INFO - [2026-07-24T19:51:15.372+0000] {dagbag.py:545} INFO - Filling up the DagBag from /home/airflow/.local/lib/python3.12/site-packages/airflow/example_dags/example_sensor_decorator.py
[2026-07-24T19:51:15.386+0000] {processor.py:840} INFO - DAG(s) 'example_sensor_decorator' retrieved from /home/airflow/.local/lib/python3.12/site-packages/airflow/example_dags/example_sensor_decorator.py
[2026-07-24T19:51:15.424+0000] {logging_mixin.py:188} INFO - [2026-07-24T19:51:15.424+0000] {dag.py:3089} INFO - Sync 1 DAGs
[2026-07-24T19:51:15.454+0000] {logging_mixin.py:188} INFO - [2026-07-24T19:51:15.453+0000] {dag.py:3947} INFO - Setting next_dagrun for example_sensor_decorator to None, run_after=None
[2026-07-24T19:51:15.487+0000] {processor.py:183} INFO - Processing /home/airflow/.local/lib/python3.12/site-packages/airflow/example_dags/example_sensor_decorator.py took 0.132 seconds
