[2026-07-24T17:06:52.177+0000] {processor.py:161} INFO - Started process (PID=112) to work on /home/airflow/.local/lib/python3.12/site-packages/airflow/example_dags/example_branch_python_dop_operator_3.py
[2026-07-24T17:06:52.186+0000] {processor.py:830} INFO - Processing file /home/airflow/.local/lib/python3.12/site-packages/airflow/example_dags/example_branch_python_dop_operator_3.py for tasks to queue
[2026-07-24T17:06:52.197+0000] {logging_mixin.py:188} INFO - [2026-07-24T17:06:52.195+0000] {dagbag.py:545} INFO - Filling up the DagBag from /home/airflow/.local/lib/python3.12/site-packages/airflow/example_dags/example_branch_python_dop_operator_3.py
[2026-07-24T17:06:52.230+0000] {processor.py:840} INFO - DAG(s) 'example_branch_dop_operator_v3' retrieved from /home/airflow/.local/lib/python3.12/site-packages/airflow/example_dags/example_branch_python_dop_operator_3.py
[2026-07-24T17:06:52.709+0000] {logging_mixin.py:188} INFO - [2026-07-24T17:06:52.709+0000] {dag.py:3089} INFO - Sync 1 DAGs
[2026-07-24T17:06:52.870+0000] {logging_mixin.py:188} INFO - [2026-07-24T17:06:52.869+0000] {dag.py:3947} INFO - Setting next_dagrun for example_branch_dop_operator_v3 to 2026-07-24 17:05:00+00:00, run_after=2026-07-24 17:06:00+00:00
[2026-07-24T17:06:53.031+0000] {processor.py:183} INFO - Processing /home/airflow/.local/lib/python3.12/site-packages/airflow/example_dags/example_branch_python_dop_operator_3.py took 0.886 seconds
[2026-07-24T17:07:23.211+0000] {processor.py:161} INFO - Started process (PID=178) to work on /home/airflow/.local/lib/python3.12/site-packages/airflow/example_dags/example_branch_python_dop_operator_3.py
[2026-07-24T17:07:23.215+0000] {processor.py:830} INFO - Processing file /home/airflow/.local/lib/python3.12/site-packages/airflow/example_dags/example_branch_python_dop_operator_3.py for tasks to queue
[2026-07-24T17:07:23.221+0000] {logging_mixin.py:188} INFO - [2026-07-24T17:07:23.220+0000] {dagbag.py:545} INFO - Filling up the DagBag from /home/airflow/.local/lib/python3.12/site-packages/airflow/example_dags/example_branch_python_dop_operator_3.py
[2026-07-24T17:07:23.255+0000] {processor.py:840} INFO - DAG(s) 'example_branch_dop_operator_v3' retrieved from /home/airflow/.local/lib/python3.12/site-packages/airflow/example_dags/example_branch_python_dop_operator_3.py
[2026-07-24T17:07:23.318+0000] {logging_mixin.py:188} INFO - [2026-07-24T17:07:23.317+0000] {dag.py:3089} INFO - Sync 1 DAGs
[2026-07-24T17:07:23.378+0000] {logging_mixin.py:188} INFO - [2026-07-24T17:07:23.377+0000] {dag.py:3947} INFO - Setting next_dagrun for example_branch_dop_operator_v3 to 2026-07-24 17:06:00+00:00, run_after=2026-07-24 17:07:00+00:00
[2026-07-24T17:07:23.445+0000] {processor.py:183} INFO - Processing /home/airflow/.local/lib/python3.12/site-packages/airflow/example_dags/example_branch_python_dop_operator_3.py took 0.250 seconds
[2026-07-24T17:07:53.874+0000] {processor.py:161} INFO - Started process (PID=251) to work on /home/airflow/.local/lib/python3.12/site-packages/airflow/example_dags/example_branch_python_dop_operator_3.py
[2026-07-24T17:07:53.876+0000] {processor.py:830} INFO - Processing file /home/airflow/.local/lib/python3.12/site-packages/airflow/example_dags/example_branch_python_dop_operator_3.py for tasks to queue
[2026-07-24T17:07:53.880+0000] {logging_mixin.py:188} INFO - [2026-07-24T17:07:53.880+0000] {dagbag.py:545} INFO - Filling up the DagBag from /home/airflow/.local/lib/python3.12/site-packages/airflow/example_dags/example_branch_python_dop_operator_3.py
[2026-07-24T17:07:53.895+0000] {processor.py:840} INFO - DAG(s) 'example_branch_dop_operator_v3' retrieved from /home/airflow/.local/lib/python3.12/site-packages/airflow/example_dags/example_branch_python_dop_operator_3.py
[2026-07-24T17:07:53.928+0000] {logging_mixin.py:188} INFO - [2026-07-24T17:07:53.928+0000] {dag.py:3089} INFO - Sync 1 DAGs
[2026-07-24T17:07:53.966+0000] {logging_mixin.py:188} INFO - [2026-07-24T17:07:53.966+0000] {dag.py:3947} INFO - Setting next_dagrun for example_branch_dop_operator_v3 to 2026-07-24 17:06:00+00:00, run_after=2026-07-24 17:07:00+00:00
[2026-07-24T17:07:53.997+0000] {processor.py:183} INFO - Processing /home/airflow/.local/lib/python3.12/site-packages/airflow/example_dags/example_branch_python_dop_operator_3.py took 0.132 seconds
[2026-07-24T17:08:24.831+0000] {processor.py:161} INFO - Started process (PID=324) to work on /home/airflow/.local/lib/python3.12/site-packages/airflow/example_dags/example_branch_python_dop_operator_3.py
[2026-07-24T17:08:24.835+0000] {processor.py:830} INFO - Processing file /home/airflow/.local/lib/python3.12/site-packages/airflow/example_dags/example_branch_python_dop_operator_3.py for tasks to queue
[2026-07-24T17:08:24.839+0000] {logging_mixin.py:188} INFO - [2026-07-24T17:08:24.839+0000] {dagbag.py:545} INFO - Filling up the DagBag from /home/airflow/.local/lib/python3.12/site-packages/airflow/example_dags/example_branch_python_dop_operator_3.py
[2026-07-24T17:08:24.860+0000] {processor.py:840} INFO - DAG(s) 'example_branch_dop_operator_v3' retrieved from /home/airflow/.local/lib/python3.12/site-packages/airflow/example_dags/example_branch_python_dop_operator_3.py
[2026-07-24T17:08:24.916+0000] {logging_mixin.py:188} INFO - [2026-07-24T17:08:24.916+0000] {dag.py:3089} INFO - Sync 1 DAGs
[2026-07-24T17:08:24.967+0000] {logging_mixin.py:188} INFO - [2026-07-24T17:08:24.967+0000] {dag.py:3947} INFO - Setting next_dagrun for example_branch_dop_operator_v3 to 2026-07-24 17:07:00+00:00, run_after=2026-07-24 17:08:00+00:00
[2026-07-24T17:08:25.003+0000] {processor.py:183} INFO - Processing /home/airflow/.local/lib/python3.12/site-packages/airflow/example_dags/example_branch_python_dop_operator_3.py took 0.187 seconds
[2026-07-24T17:08:55.924+0000] {processor.py:161} INFO - Started process (PID=398) to work on /home/airflow/.local/lib/python3.12/site-packages/airflow/example_dags/example_branch_python_dop_operator_3.py
[2026-07-24T17:08:55.927+0000] {processor.py:830} INFO - Processing file /home/airflow/.local/lib/python3.12/site-packages/airflow/example_dags/example_branch_python_dop_operator_3.py for tasks to queue
[2026-07-24T17:08:55.933+0000] {logging_mixin.py:188} INFO - [2026-07-24T17:08:55.932+0000] {dagbag.py:545} INFO - Filling up the DagBag from /home/airflow/.local/lib/python3.12/site-packages/airflow/example_dags/example_branch_python_dop_operator_3.py
[2026-07-24T17:08:55.964+0000] {processor.py:840} INFO - DAG(s) 'example_branch_dop_operator_v3' retrieved from /home/airflow/.local/lib/python3.12/site-packages/airflow/example_dags/example_branch_python_dop_operator_3.py
[2026-07-24T17:08:56.031+0000] {logging_mixin.py:188} INFO - [2026-07-24T17:08:56.029+0000] {dag.py:3089} INFO - Sync 1 DAGs
[2026-07-24T17:08:56.092+0000] {logging_mixin.py:188} INFO - [2026-07-24T17:08:56.091+0000] {dag.py:3947} INFO - Setting next_dagrun for example_branch_dop_operator_v3 to 2026-07-24 17:07:00+00:00, run_after=2026-07-24 17:08:00+00:00
[2026-07-24T17:08:56.170+0000] {processor.py:183} INFO - Processing /home/airflow/.local/lib/python3.12/site-packages/airflow/example_dags/example_branch_python_dop_operator_3.py took 0.264 seconds
[2026-07-24T17:09:26.538+0000] {processor.py:161} INFO - Started process (PID=471) to work on /home/airflow/.local/lib/python3.12/site-packages/airflow/example_dags/example_branch_python_dop_operator_3.py
[2026-07-24T17:09:26.544+0000] {processor.py:830} INFO - Processing file /home/airflow/.local/lib/python3.12/site-packages/airflow/example_dags/example_branch_python_dop_operator_3.py for tasks to queue
[2026-07-24T17:09:26.551+0000] {logging_mixin.py:188} INFO - [2026-07-24T17:09:26.550+0000] {dagbag.py:545} INFO - Filling up the DagBag from /home/airflow/.local/lib/python3.12/site-packages/airflow/example_dags/example_branch_python_dop_operator_3.py
[2026-07-24T17:09:26.579+0000] {processor.py:840} INFO - DAG(s) 'example_branch_dop_operator_v3' retrieved from /home/airflow/.local/lib/python3.12/site-packages/airflow/example_dags/example_branch_python_dop_operator_3.py
[2026-07-24T17:09:26.634+0000] {logging_mixin.py:188} INFO - [2026-07-24T17:09:26.634+0000] {dag.py:3089} INFO - Sync 1 DAGs
[2026-07-24T17:09:26.692+0000] {logging_mixin.py:188} INFO - [2026-07-24T17:09:26.691+0000] {dag.py:3947} INFO - Setting next_dagrun for example_branch_dop_operator_v3 to 2026-07-24 17:08:00+00:00, run_after=2026-07-24 17:09:00+00:00
[2026-07-24T17:09:26.742+0000] {processor.py:183} INFO - Processing /home/airflow/.local/lib/python3.12/site-packages/airflow/example_dags/example_branch_python_dop_operator_3.py took 0.234 seconds
[2026-07-24T17:09:56.887+0000] {processor.py:161} INFO - Started process (PID=543) to work on /home/airflow/.local/lib/python3.12/site-packages/airflow/example_dags/example_branch_python_dop_operator_3.py
[2026-07-24T17:09:56.892+0000] {processor.py:830} INFO - Processing file /home/airflow/.local/lib/python3.12/site-packages/airflow/example_dags/example_branch_python_dop_operator_3.py for tasks to queue
[2026-07-24T17:09:56.897+0000] {logging_mixin.py:188} INFO - [2026-07-24T17:09:56.896+0000] {dagbag.py:545} INFO - Filling up the DagBag from /home/airflow/.local/lib/python3.12/site-packages/airflow/example_dags/example_branch_python_dop_operator_3.py
[2026-07-24T17:09:56.919+0000] {processor.py:840} INFO - DAG(s) 'example_branch_dop_operator_v3' retrieved from /home/airflow/.local/lib/python3.12/site-packages/airflow/example_dags/example_branch_python_dop_operator_3.py
[2026-07-24T17:09:56.964+0000] {logging_mixin.py:188} INFO - [2026-07-24T17:09:56.963+0000] {dag.py:3089} INFO - Sync 1 DAGs
[2026-07-24T17:09:57.016+0000] {logging_mixin.py:188} INFO - [2026-07-24T17:09:57.015+0000] {dag.py:3947} INFO - Setting next_dagrun for example_branch_dop_operator_v3 to 2026-07-24 17:08:00+00:00, run_after=2026-07-24 17:09:00+00:00
[2026-07-24T17:09:57.091+0000] {processor.py:183} INFO - Processing /home/airflow/.local/lib/python3.12/site-packages/airflow/example_dags/example_branch_python_dop_operator_3.py took 0.215 seconds
[2026-07-24T17:10:27.233+0000] {processor.py:161} INFO - Started process (PID=609) to work on /home/airflow/.local/lib/python3.12/site-packages/airflow/example_dags/example_branch_python_dop_operator_3.py
[2026-07-24T17:10:27.236+0000] {processor.py:830} INFO - Processing file /home/airflow/.local/lib/python3.12/site-packages/airflow/example_dags/example_branch_python_dop_operator_3.py for tasks to queue
[2026-07-24T17:10:27.240+0000] {logging_mixin.py:188} INFO - [2026-07-24T17:10:27.239+0000] {dagbag.py:545} INFO - Filling up the DagBag from /home/airflow/.local/lib/python3.12/site-packages/airflow/example_dags/example_branch_python_dop_operator_3.py
[2026-07-24T17:10:27.253+0000] {processor.py:840} INFO - DAG(s) 'example_branch_dop_operator_v3' retrieved from /home/airflow/.local/lib/python3.12/site-packages/airflow/example_dags/example_branch_python_dop_operator_3.py
[2026-07-24T17:10:27.289+0000] {logging_mixin.py:188} INFO - [2026-07-24T17:10:27.289+0000] {dag.py:3089} INFO - Sync 1 DAGs
[2026-07-24T17:10:27.329+0000] {logging_mixin.py:188} INFO - [2026-07-24T17:10:27.329+0000] {dag.py:3947} INFO - Setting next_dagrun for example_branch_dop_operator_v3 to 2026-07-24 17:09:00+00:00, run_after=2026-07-24 17:10:00+00:00
[2026-07-24T17:10:27.357+0000] {processor.py:183} INFO - Processing /home/airflow/.local/lib/python3.12/site-packages/airflow/example_dags/example_branch_python_dop_operator_3.py took 0.133 seconds
[2026-07-24T17:10:57.600+0000] {processor.py:161} INFO - Started process (PID=683) to work on /home/airflow/.local/lib/python3.12/site-packages/airflow/example_dags/example_branch_python_dop_operator_3.py
[2026-07-24T17:10:57.602+0000] {processor.py:830} INFO - Processing file /home/airflow/.local/lib/python3.12/site-packages/airflow/example_dags/example_branch_python_dop_operator_3.py for tasks to queue
[2026-07-24T17:10:57.606+0000] {logging_mixin.py:188} INFO - [2026-07-24T17:10:57.606+0000] {dagbag.py:545} INFO - Filling up the DagBag from /home/airflow/.local/lib/python3.12/site-packages/airflow/example_dags/example_branch_python_dop_operator_3.py
[2026-07-24T17:10:57.621+0000] {processor.py:840} INFO - DAG(s) 'example_branch_dop_operator_v3' retrieved from /home/airflow/.local/lib/python3.12/site-packages/airflow/example_dags/example_branch_python_dop_operator_3.py
[2026-07-24T17:10:57.665+0000] {logging_mixin.py:188} INFO - [2026-07-24T17:10:57.665+0000] {dag.py:3089} INFO - Sync 1 DAGs
[2026-07-24T17:10:57.705+0000] {logging_mixin.py:188} INFO - [2026-07-24T17:10:57.705+0000] {dag.py:3947} INFO - Setting next_dagrun for example_branch_dop_operator_v3 to 2026-07-24 17:09:00+00:00, run_after=2026-07-24 17:10:00+00:00
[2026-07-24T17:10:57.768+0000] {processor.py:183} INFO - Processing /home/airflow/.local/lib/python3.12/site-packages/airflow/example_dags/example_branch_python_dop_operator_3.py took 0.177 seconds
[2026-07-24T17:11:28.680+0000] {processor.py:161} INFO - Started process (PID=756) to work on /home/airflow/.local/lib/python3.12/site-packages/airflow/example_dags/example_branch_python_dop_operator_3.py
[2026-07-24T17:11:28.683+0000] {processor.py:830} INFO - Processing file /home/airflow/.local/lib/python3.12/site-packages/airflow/example_dags/example_branch_python_dop_operator_3.py for tasks to queue
[2026-07-24T17:11:28.687+0000] {logging_mixin.py:188} INFO - [2026-07-24T17:11:28.687+0000] {dagbag.py:545} INFO - Filling up the DagBag from /home/airflow/.local/lib/python3.12/site-packages/airflow/example_dags/example_branch_python_dop_operator_3.py
[2026-07-24T17:11:28.702+0000] {processor.py:840} INFO - DAG(s) 'example_branch_dop_operator_v3' retrieved from /home/airflow/.local/lib/python3.12/site-packages/airflow/example_dags/example_branch_python_dop_operator_3.py
[2026-07-24T17:11:28.734+0000] {logging_mixin.py:188} INFO - [2026-07-24T17:11:28.733+0000] {dag.py:3089} INFO - Sync 1 DAGs
[2026-07-24T17:11:28.779+0000] {logging_mixin.py:188} INFO - [2026-07-24T17:11:28.779+0000] {dag.py:3947} INFO - Setting next_dagrun for example_branch_dop_operator_v3 to 2026-07-24 17:10:00+00:00, run_after=2026-07-24 17:11:00+00:00
[2026-07-24T17:11:28.835+0000] {processor.py:183} INFO - Processing /home/airflow/.local/lib/python3.12/site-packages/airflow/example_dags/example_branch_python_dop_operator_3.py took 0.166 seconds
[2026-07-24T17:11:59.420+0000] {processor.py:161} INFO - Started process (PID=831) to work on /home/airflow/.local/lib/python3.12/site-packages/airflow/example_dags/example_branch_python_dop_operator_3.py
[2026-07-24T17:11:59.424+0000] {processor.py:830} INFO - Processing file /home/airflow/.local/lib/python3.12/site-packages/airflow/example_dags/example_branch_python_dop_operator_3.py for tasks to queue
[2026-07-24T17:11:59.433+0000] {logging_mixin.py:188} INFO - [2026-07-24T17:11:59.432+0000] {dagbag.py:545} INFO - Filling up the DagBag from /home/airflow/.local/lib/python3.12/site-packages/airflow/example_dags/example_branch_python_dop_operator_3.py
[2026-07-24T17:11:59.454+0000] {processor.py:840} INFO - DAG(s) 'example_branch_dop_operator_v3' retrieved from /home/airflow/.local/lib/python3.12/site-packages/airflow/example_dags/example_branch_python_dop_operator_3.py
[2026-07-24T17:11:59.484+0000] {logging_mixin.py:188} INFO - [2026-07-24T17:11:59.483+0000] {dag.py:3089} INFO - Sync 1 DAGs
[2026-07-24T17:11:59.518+0000] {logging_mixin.py:188} INFO - [2026-07-24T17:11:59.518+0000] {dag.py:3947} INFO - Setting next_dagrun for example_branch_dop_operator_v3 to 2026-07-24 17:10:00+00:00, run_after=2026-07-24 17:11:00+00:00
[2026-07-24T17:11:59.571+0000] {processor.py:183} INFO - Processing /home/airflow/.local/lib/python3.12/site-packages/airflow/example_dags/example_branch_python_dop_operator_3.py took 0.164 seconds
[2026-07-24T17:12:30.023+0000] {processor.py:161} INFO - Started process (PID=905) to work on /home/airflow/.local/lib/python3.12/site-packages/airflow/example_dags/example_branch_python_dop_operator_3.py
[2026-07-24T17:12:30.026+0000] {processor.py:830} INFO - Processing file /home/airflow/.local/lib/python3.12/site-packages/airflow/example_dags/example_branch_python_dop_operator_3.py for tasks to queue
[2026-07-24T17:12:30.030+0000] {logging_mixin.py:188} INFO - [2026-07-24T17:12:30.029+0000] {dagbag.py:545} INFO - Filling up the DagBag from /home/airflow/.local/lib/python3.12/site-packages/airflow/example_dags/example_branch_python_dop_operator_3.py
[2026-07-24T17:12:30.043+0000] {processor.py:840} INFO - DAG(s) 'example_branch_dop_operator_v3' retrieved from /home/airflow/.local/lib/python3.12/site-packages/airflow/example_dags/example_branch_python_dop_operator_3.py
[2026-07-24T17:12:30.076+0000] {logging_mixin.py:188} INFO - [2026-07-24T17:12:30.076+0000] {dag.py:3089} INFO - Sync 1 DAGs
[2026-07-24T17:12:30.112+0000] {logging_mixin.py:188} INFO - [2026-07-24T17:12:30.112+0000] {dag.py:3947} INFO - Setting next_dagrun for example_branch_dop_operator_v3 to 2026-07-24 17:11:00+00:00, run_after=2026-07-24 17:12:00+00:00
[2026-07-24T17:12:30.160+0000] {processor.py:183} INFO - Processing /home/airflow/.local/lib/python3.12/site-packages/airflow/example_dags/example_branch_python_dop_operator_3.py took 0.144 seconds
[2026-07-24T17:13:00.628+0000] {processor.py:161} INFO - Started process (PID=978) to work on /home/airflow/.local/lib/python3.12/site-packages/airflow/example_dags/example_branch_python_dop_operator_3.py
[2026-07-24T17:13:00.631+0000] {processor.py:830} INFO - Processing file /home/airflow/.local/lib/python3.12/site-packages/airflow/example_dags/example_branch_python_dop_operator_3.py for tasks to queue
[2026-07-24T17:13:00.638+0000] {logging_mixin.py:188} INFO - [2026-07-24T17:13:00.637+0000] {dagbag.py:545} INFO - Filling up the DagBag from /home/airflow/.local/lib/python3.12/site-packages/airflow/example_dags/example_branch_python_dop_operator_3.py
[2026-07-24T17:13:00.665+0000] {processor.py:840} INFO - DAG(s) 'example_branch_dop_operator_v3' retrieved from /home/airflow/.local/lib/python3.12/site-packages/airflow/example_dags/example_branch_python_dop_operator_3.py
[2026-07-24T17:13:00.713+0000] {logging_mixin.py:188} INFO - [2026-07-24T17:13:00.711+0000] {dag.py:3089} INFO - Sync 1 DAGs
[2026-07-24T17:13:00.770+0000] {logging_mixin.py:188} INFO - [2026-07-24T17:13:00.769+0000] {dag.py:3947} INFO - Setting next_dagrun for example_branch_dop_operator_v3 to 2026-07-24 17:12:00+00:00, run_after=2026-07-24 17:13:00+00:00
[2026-07-24T17:13:00.816+0000] {processor.py:183} INFO - Processing /home/airflow/.local/lib/python3.12/site-packages/airflow/example_dags/example_branch_python_dop_operator_3.py took 0.210 seconds
[2026-07-24T17:13:31.441+0000] {processor.py:161} INFO - Started process (PID=1051) to work on /home/airflow/.local/lib/python3.12/site-packages/airflow/example_dags/example_branch_python_dop_operator_3.py
[2026-07-24T17:13:31.451+0000] {processor.py:830} INFO - Processing file /home/airflow/.local/lib/python3.12/site-packages/airflow/example_dags/example_branch_python_dop_operator_3.py for tasks to queue
[2026-07-24T17:13:31.460+0000] {logging_mixin.py:188} INFO - [2026-07-24T17:13:31.459+0000] {dagbag.py:545} INFO - Filling up the DagBag from /home/airflow/.local/lib/python3.12/site-packages/airflow/example_dags/example_branch_python_dop_operator_3.py
[2026-07-24T17:13:31.481+0000] {processor.py:840} INFO - DAG(s) 'example_branch_dop_operator_v3' retrieved from /home/airflow/.local/lib/python3.12/site-packages/airflow/example_dags/example_branch_python_dop_operator_3.py
[2026-07-24T17:13:31.541+0000] {logging_mixin.py:188} INFO - [2026-07-24T17:13:31.540+0000] {dag.py:3089} INFO - Sync 1 DAGs
[2026-07-24T17:13:31.622+0000] {logging_mixin.py:188} INFO - [2026-07-24T17:13:31.621+0000] {dag.py:3947} INFO - Setting next_dagrun for example_branch_dop_operator_v3 to 2026-07-24 17:12:00+00:00, run_after=2026-07-24 17:13:00+00:00
[2026-07-24T17:13:31.712+0000] {processor.py:183} INFO - Processing /home/airflow/.local/lib/python3.12/site-packages/airflow/example_dags/example_branch_python_dop_operator_3.py took 0.284 seconds
[2026-07-24T17:14:01.892+0000] {processor.py:161} INFO - Started process (PID=1124) to work on /home/airflow/.local/lib/python3.12/site-packages/airflow/example_dags/example_branch_python_dop_operator_3.py
[2026-07-24T17:14:01.895+0000] {processor.py:830} INFO - Processing file /home/airflow/.local/lib/python3.12/site-packages/airflow/example_dags/example_branch_python_dop_operator_3.py for tasks to queue
[2026-07-24T17:14:01.900+0000] {logging_mixin.py:188} INFO - [2026-07-24T17:14:01.899+0000] {dagbag.py:545} INFO - Filling up the DagBag from /home/airflow/.local/lib/python3.12/site-packages/airflow/example_dags/example_branch_python_dop_operator_3.py
[2026-07-24T17:14:01.928+0000] {processor.py:840} INFO - DAG(s) 'example_branch_dop_operator_v3' retrieved from /home/airflow/.local/lib/python3.12/site-packages/airflow/example_dags/example_branch_python_dop_operator_3.py
[2026-07-24T17:14:01.977+0000] {logging_mixin.py:188} INFO - [2026-07-24T17:14:01.977+0000] {dag.py:3089} INFO - Sync 1 DAGs
[2026-07-24T17:14:02.043+0000] {logging_mixin.py:188} INFO - [2026-07-24T17:14:02.043+0000] {dag.py:3947} INFO - Setting next_dagrun for example_branch_dop_operator_v3 to 2026-07-24 17:13:00+00:00, run_after=2026-07-24 17:14:00+00:00
[2026-07-24T17:14:02.091+0000] {processor.py:183} INFO - Processing /home/airflow/.local/lib/python3.12/site-packages/airflow/example_dags/example_branch_python_dop_operator_3.py took 0.213 seconds
[2026-07-24T17:14:33.674+0000] {processor.py:161} INFO - Started process (PID=1191) to work on /home/airflow/.local/lib/python3.12/site-packages/airflow/example_dags/example_branch_python_dop_operator_3.py
[2026-07-24T17:14:33.677+0000] {processor.py:830} INFO - Processing file /home/airflow/.local/lib/python3.12/site-packages/airflow/example_dags/example_branch_python_dop_operator_3.py for tasks to queue
[2026-07-24T17:14:33.684+0000] {logging_mixin.py:188} INFO - [2026-07-24T17:14:33.683+0000] {dagbag.py:545} INFO - Filling up the DagBag from /home/airflow/.local/lib/python3.12/site-packages/airflow/example_dags/example_branch_python_dop_operator_3.py
[2026-07-24T17:14:33.715+0000] {processor.py:840} INFO - DAG(s) 'example_branch_dop_operator_v3' retrieved from /home/airflow/.local/lib/python3.12/site-packages/airflow/example_dags/example_branch_python_dop_operator_3.py
[2026-07-24T17:14:33.769+0000] {logging_mixin.py:188} INFO - [2026-07-24T17:14:33.768+0000] {dag.py:3089} INFO - Sync 1 DAGs
[2026-07-24T17:14:33.824+0000] {logging_mixin.py:188} INFO - [2026-07-24T17:14:33.824+0000] {dag.py:3947} INFO - Setting next_dagrun for example_branch_dop_operator_v3 to 2026-07-24 17:13:00+00:00, run_after=2026-07-24 17:14:00+00:00
[2026-07-24T17:14:33.873+0000] {processor.py:183} INFO - Processing /home/airflow/.local/lib/python3.12/site-packages/airflow/example_dags/example_branch_python_dop_operator_3.py took 0.220 seconds
[2026-07-24T17:15:04.255+0000] {processor.py:161} INFO - Started process (PID=1265) to work on /home/airflow/.local/lib/python3.12/site-packages/airflow/example_dags/example_branch_python_dop_operator_3.py
[2026-07-24T17:15:04.258+0000] {processor.py:830} INFO - Processing file /home/airflow/.local/lib/python3.12/site-packages/airflow/example_dags/example_branch_python_dop_operator_3.py for tasks to queue
[2026-07-24T17:15:04.261+0000] {logging_mixin.py:188} INFO - [2026-07-24T17:15:04.261+0000] {dagbag.py:545} INFO - Filling up the DagBag from /home/airflow/.local/lib/python3.12/site-packages/airflow/example_dags/example_branch_python_dop_operator_3.py
[2026-07-24T17:15:04.278+0000] {processor.py:840} INFO - DAG(s) 'example_branch_dop_operator_v3' retrieved from /home/airflow/.local/lib/python3.12/site-packages/airflow/example_dags/example_branch_python_dop_operator_3.py
[2026-07-24T17:15:04.321+0000] {logging_mixin.py:188} INFO - [2026-07-24T17:15:04.320+0000] {dag.py:3089} INFO - Sync 1 DAGs
[2026-07-24T17:15:04.362+0000] {logging_mixin.py:188} INFO - [2026-07-24T17:15:04.361+0000] {dag.py:3947} INFO - Setting next_dagrun for example_branch_dop_operator_v3 to 2026-07-24 17:14:00+00:00, run_after=2026-07-24 17:15:00+00:00
[2026-07-24T17:15:04.427+0000] {processor.py:183} INFO - Processing /home/airflow/.local/lib/python3.12/site-packages/airflow/example_dags/example_branch_python_dop_operator_3.py took 0.183 seconds
[2026-07-24T17:15:35.404+0000] {processor.py:161} INFO - Started process (PID=1338) to work on /home/airflow/.local/lib/python3.12/site-packages/airflow/example_dags/example_branch_python_dop_operator_3.py
[2026-07-24T17:15:35.408+0000] {processor.py:830} INFO - Processing file /home/airflow/.local/lib/python3.12/site-packages/airflow/example_dags/example_branch_python_dop_operator_3.py for tasks to queue
[2026-07-24T17:15:35.415+0000] {logging_mixin.py:188} INFO - [2026-07-24T17:15:35.414+0000] {dagbag.py:545} INFO - Filling up the DagBag from /home/airflow/.local/lib/python3.12/site-packages/airflow/example_dags/example_branch_python_dop_operator_3.py
[2026-07-24T17:15:35.442+0000] {processor.py:840} INFO - DAG(s) 'example_branch_dop_operator_v3' retrieved from /home/airflow/.local/lib/python3.12/site-packages/airflow/example_dags/example_branch_python_dop_operator_3.py
[2026-07-24T17:15:35.485+0000] {logging_mixin.py:188} INFO - [2026-07-24T17:15:35.484+0000] {dag.py:3089} INFO - Sync 1 DAGs
[2026-07-24T17:15:35.565+0000] {logging_mixin.py:188} INFO - [2026-07-24T17:15:35.564+0000] {dag.py:3947} INFO - Setting next_dagrun for example_branch_dop_operator_v3 to 2026-07-24 17:14:00+00:00, run_after=2026-07-24 17:15:00+00:00
[2026-07-24T17:15:35.619+0000] {processor.py:183} INFO - Processing /home/airflow/.local/lib/python3.12/site-packages/airflow/example_dags/example_branch_python_dop_operator_3.py took 0.229 seconds
[2026-07-24T17:16:06.810+0000] {processor.py:161} INFO - Started process (PID=1412) to work on /home/airflow/.local/lib/python3.12/site-packages/airflow/example_dags/example_branch_python_dop_operator_3.py
[2026-07-24T17:16:06.812+0000] {processor.py:830} INFO - Processing file /home/airflow/.local/lib/python3.12/site-packages/airflow/example_dags/example_branch_python_dop_operator_3.py for tasks to queue
[2026-07-24T17:16:06.816+0000] {logging_mixin.py:188} INFO - [2026-07-24T17:16:06.816+0000] {dagbag.py:545} INFO - Filling up the DagBag from /home/airflow/.local/lib/python3.12/site-packages/airflow/example_dags/example_branch_python_dop_operator_3.py
[2026-07-24T17:16:06.828+0000] {processor.py:840} INFO - DAG(s) 'example_branch_dop_operator_v3' retrieved from /home/airflow/.local/lib/python3.12/site-packages/airflow/example_dags/example_branch_python_dop_operator_3.py
[2026-07-24T17:16:06.860+0000] {logging_mixin.py:188} INFO - [2026-07-24T17:16:06.859+0000] {dag.py:3089} INFO - Sync 1 DAGs
[2026-07-24T17:16:06.898+0000] {logging_mixin.py:188} INFO - [2026-07-24T17:16:06.898+0000] {dag.py:3947} INFO - Setting next_dagrun for example_branch_dop_operator_v3 to 2026-07-24 17:15:00+00:00, run_after=2026-07-24 17:16:00+00:00
[2026-07-24T17:16:06.947+0000] {processor.py:183} INFO - Processing /home/airflow/.local/lib/python3.12/site-packages/airflow/example_dags/example_branch_python_dop_operator_3.py took 0.145 seconds
[2026-07-24T17:16:38.684+0000] {processor.py:161} INFO - Started process (PID=1485) to work on /home/airflow/.local/lib/python3.12/site-packages/airflow/example_dags/example_branch_python_dop_operator_3.py
[2026-07-24T17:16:38.688+0000] {processor.py:830} INFO - Processing file /home/airflow/.local/lib/python3.12/site-packages/airflow/example_dags/example_branch_python_dop_operator_3.py for tasks to queue
[2026-07-24T17:16:38.699+0000] {logging_mixin.py:188} INFO - [2026-07-24T17:16:38.697+0000] {dagbag.py:545} INFO - Filling up the DagBag from /home/airflow/.local/lib/python3.12/site-packages/airflow/example_dags/example_branch_python_dop_operator_3.py
[2026-07-24T17:16:38.741+0000] {processor.py:840} INFO - DAG(s) 'example_branch_dop_operator_v3' retrieved from /home/airflow/.local/lib/python3.12/site-packages/airflow/example_dags/example_branch_python_dop_operator_3.py
[2026-07-24T17:16:38.807+0000] {logging_mixin.py:188} INFO - [2026-07-24T17:16:38.806+0000] {dag.py:3089} INFO - Sync 1 DAGs
[2026-07-24T17:16:38.889+0000] {logging_mixin.py:188} INFO - [2026-07-24T17:16:38.888+0000] {dag.py:3947} INFO - Setting next_dagrun for example_branch_dop_operator_v3 to 2026-07-24 17:15:00+00:00, run_after=2026-07-24 17:16:00+00:00
[2026-07-24T17:16:38.941+0000] {processor.py:183} INFO - Processing /home/airflow/.local/lib/python3.12/site-packages/airflow/example_dags/example_branch_python_dop_operator_3.py took 0.273 seconds
[2026-07-24T17:17:09.652+0000] {processor.py:161} INFO - Started process (PID=1566) to work on /home/airflow/.local/lib/python3.12/site-packages/airflow/example_dags/example_branch_python_dop_operator_3.py
[2026-07-24T17:17:09.655+0000] {processor.py:830} INFO - Processing file /home/airflow/.local/lib/python3.12/site-packages/airflow/example_dags/example_branch_python_dop_operator_3.py for tasks to queue
[2026-07-24T17:17:09.659+0000] {logging_mixin.py:188} INFO - [2026-07-24T17:17:09.658+0000] {dagbag.py:545} INFO - Filling up the DagBag from /home/airflow/.local/lib/python3.12/site-packages/airflow/example_dags/example_branch_python_dop_operator_3.py
[2026-07-24T17:17:09.673+0000] {processor.py:840} INFO - DAG(s) 'example_branch_dop_operator_v3' retrieved from /home/airflow/.local/lib/python3.12/site-packages/airflow/example_dags/example_branch_python_dop_operator_3.py
[2026-07-24T17:17:09.712+0000] {logging_mixin.py:188} INFO - [2026-07-24T17:17:09.711+0000] {dag.py:3089} INFO - Sync 1 DAGs
[2026-07-24T17:17:09.761+0000] {logging_mixin.py:188} INFO - [2026-07-24T17:17:09.761+0000] {dag.py:3947} INFO - Setting next_dagrun for example_branch_dop_operator_v3 to 2026-07-24 17:16:00+00:00, run_after=2026-07-24 17:17:00+00:00
[2026-07-24T17:17:09.798+0000] {processor.py:183} INFO - Processing /home/airflow/.local/lib/python3.12/site-packages/airflow/example_dags/example_branch_python_dop_operator_3.py took 0.155 seconds
[2026-07-24T17:17:42.515+0000] {processor.py:161} INFO - Started process (PID=1639) to work on /home/airflow/.local/lib/python3.12/site-packages/airflow/example_dags/example_branch_python_dop_operator_3.py
[2026-07-24T17:17:42.521+0000] {processor.py:830} INFO - Processing file /home/airflow/.local/lib/python3.12/site-packages/airflow/example_dags/example_branch_python_dop_operator_3.py for tasks to queue
[2026-07-24T17:17:42.528+0000] {logging_mixin.py:188} INFO - [2026-07-24T17:17:42.527+0000] {dagbag.py:545} INFO - Filling up the DagBag from /home/airflow/.local/lib/python3.12/site-packages/airflow/example_dags/example_branch_python_dop_operator_3.py
[2026-07-24T17:17:42.554+0000] {processor.py:840} INFO - DAG(s) 'example_branch_dop_operator_v3' retrieved from /home/airflow/.local/lib/python3.12/site-packages/airflow/example_dags/example_branch_python_dop_operator_3.py
[2026-07-24T17:17:42.615+0000] {logging_mixin.py:188} INFO - [2026-07-24T17:17:42.615+0000] {dag.py:3089} INFO - Sync 1 DAGs
[2026-07-24T17:17:42.686+0000] {logging_mixin.py:188} INFO - [2026-07-24T17:17:42.686+0000] {dag.py:3947} INFO - Setting next_dagrun for example_branch_dop_operator_v3 to 2026-07-24 17:16:00+00:00, run_after=2026-07-24 17:17:00+00:00
[2026-07-24T17:17:42.746+0000] {processor.py:183} INFO - Processing /home/airflow/.local/lib/python3.12/site-packages/airflow/example_dags/example_branch_python_dop_operator_3.py took 0.248 seconds
[2026-07-24T17:18:14.488+0000] {processor.py:161} INFO - Started process (PID=1713) to work on /home/airflow/.local/lib/python3.12/site-packages/airflow/example_dags/example_branch_python_dop_operator_3.py
[2026-07-24T17:18:14.491+0000] {processor.py:830} INFO - Processing file /home/airflow/.local/lib/python3.12/site-packages/airflow/example_dags/example_branch_python_dop_operator_3.py for tasks to queue
[2026-07-24T17:18:14.497+0000] {logging_mixin.py:188} INFO - [2026-07-24T17:18:14.496+0000] {dagbag.py:545} INFO - Filling up the DagBag from /home/airflow/.local/lib/python3.12/site-packages/airflow/example_dags/example_branch_python_dop_operator_3.py
[2026-07-24T17:18:14.518+0000] {processor.py:840} INFO - DAG(s) 'example_branch_dop_operator_v3' retrieved from /home/airflow/.local/lib/python3.12/site-packages/airflow/example_dags/example_branch_python_dop_operator_3.py
[2026-07-24T17:18:14.567+0000] {logging_mixin.py:188} INFO - [2026-07-24T17:18:14.566+0000] {dag.py:3089} INFO - Sync 1 DAGs
[2026-07-24T17:18:14.623+0000] {logging_mixin.py:188} INFO - [2026-07-24T17:18:14.622+0000] {dag.py:3947} INFO - Setting next_dagrun for example_branch_dop_operator_v3 to 2026-07-24 17:17:00+00:00, run_after=2026-07-24 17:18:00+00:00
[2026-07-24T17:18:14.668+0000] {processor.py:183} INFO - Processing /home/airflow/.local/lib/python3.12/site-packages/airflow/example_dags/example_branch_python_dop_operator_3.py took 0.192 seconds
[2026-07-24T17:18:44.800+0000] {processor.py:161} INFO - Started process (PID=1779) to work on /home/airflow/.local/lib/python3.12/site-packages/airflow/example_dags/example_branch_python_dop_operator_3.py
[2026-07-24T17:18:44.807+0000] {processor.py:830} INFO - Processing file /home/airflow/.local/lib/python3.12/site-packages/airflow/example_dags/example_branch_python_dop_operator_3.py for tasks to queue
[2026-07-24T17:18:44.814+0000] {logging_mixin.py:188} INFO - [2026-07-24T17:18:44.814+0000] {dagbag.py:545} INFO - Filling up the DagBag from /home/airflow/.local/lib/python3.12/site-packages/airflow/example_dags/example_branch_python_dop_operator_3.py
[2026-07-24T17:18:44.836+0000] {processor.py:840} INFO - DAG(s) 'example_branch_dop_operator_v3' retrieved from /home/airflow/.local/lib/python3.12/site-packages/airflow/example_dags/example_branch_python_dop_operator_3.py
[2026-07-24T17:18:44.886+0000] {logging_mixin.py:188} INFO - [2026-07-24T17:18:44.886+0000] {dag.py:3089} INFO - Sync 1 DAGs
[2026-07-24T17:18:44.945+0000] {logging_mixin.py:188} INFO - [2026-07-24T17:18:44.945+0000] {dag.py:3947} INFO - Setting next_dagrun for example_branch_dop_operator_v3 to 2026-07-24 17:17:00+00:00, run_after=2026-07-24 17:18:00+00:00
[2026-07-24T17:18:44.994+0000] {processor.py:183} INFO - Processing /home/airflow/.local/lib/python3.12/site-packages/airflow/example_dags/example_branch_python_dop_operator_3.py took 0.210 seconds
[2026-07-24T17:19:16.007+0000] {processor.py:161} INFO - Started process (PID=1851) to work on /home/airflow/.local/lib/python3.12/site-packages/airflow/example_dags/example_branch_python_dop_operator_3.py
[2026-07-24T17:19:16.010+0000] {processor.py:830} INFO - Processing file /home/airflow/.local/lib/python3.12/site-packages/airflow/example_dags/example_branch_python_dop_operator_3.py for tasks to queue
[2026-07-24T17:19:16.015+0000] {logging_mixin.py:188} INFO - [2026-07-24T17:19:16.014+0000] {dagbag.py:545} INFO - Filling up the DagBag from /home/airflow/.local/lib/python3.12/site-packages/airflow/example_dags/example_branch_python_dop_operator_3.py
[2026-07-24T17:19:16.028+0000] {processor.py:840} INFO - DAG(s) 'example_branch_dop_operator_v3' retrieved from /home/airflow/.local/lib/python3.12/site-packages/airflow/example_dags/example_branch_python_dop_operator_3.py
[2026-07-24T17:19:16.064+0000] {logging_mixin.py:188} INFO - [2026-07-24T17:19:16.064+0000] {dag.py:3089} INFO - Sync 1 DAGs
[2026-07-24T17:19:16.098+0000] {logging_mixin.py:188} INFO - [2026-07-24T17:19:16.097+0000] {dag.py:3947} INFO - Setting next_dagrun for example_branch_dop_operator_v3 to 2026-07-24 17:18:00+00:00, run_after=2026-07-24 17:19:00+00:00
[2026-07-24T17:19:16.141+0000] {processor.py:183} INFO - Processing /home/airflow/.local/lib/python3.12/site-packages/airflow/example_dags/example_branch_python_dop_operator_3.py took 0.141 seconds
[2026-07-24T17:19:48.600+0000] {processor.py:161} INFO - Started process (PID=1924) to work on /home/airflow/.local/lib/python3.12/site-packages/airflow/example_dags/example_branch_python_dop_operator_3.py
[2026-07-24T17:19:48.603+0000] {processor.py:830} INFO - Processing file /home/airflow/.local/lib/python3.12/site-packages/airflow/example_dags/example_branch_python_dop_operator_3.py for tasks to queue
[2026-07-24T17:19:48.618+0000] {logging_mixin.py:188} INFO - [2026-07-24T17:19:48.616+0000] {dagbag.py:545} INFO - Filling up the DagBag from /home/airflow/.local/lib/python3.12/site-packages/airflow/example_dags/example_branch_python_dop_operator_3.py
[2026-07-24T17:19:48.643+0000] {processor.py:840} INFO - DAG(s) 'example_branch_dop_operator_v3' retrieved from /home/airflow/.local/lib/python3.12/site-packages/airflow/example_dags/example_branch_python_dop_operator_3.py
[2026-07-24T17:19:48.711+0000] {logging_mixin.py:188} INFO - [2026-07-24T17:19:48.710+0000] {dag.py:3089} INFO - Sync 1 DAGs
[2026-07-24T17:19:48.807+0000] {logging_mixin.py:188} INFO - [2026-07-24T17:19:48.807+0000] {dag.py:3947} INFO - Setting next_dagrun for example_branch_dop_operator_v3 to 2026-07-24 17:18:00+00:00, run_after=2026-07-24 17:19:00+00:00
[2026-07-24T17:19:48.870+0000] {processor.py:183} INFO - Processing /home/airflow/.local/lib/python3.12/site-packages/airflow/example_dags/example_branch_python_dop_operator_3.py took 0.288 seconds
[2026-07-24T17:20:21.134+0000] {processor.py:161} INFO - Started process (PID=1998) to work on /home/airflow/.local/lib/python3.12/site-packages/airflow/example_dags/example_branch_python_dop_operator_3.py
[2026-07-24T17:20:21.136+0000] {processor.py:830} INFO - Processing file /home/airflow/.local/lib/python3.12/site-packages/airflow/example_dags/example_branch_python_dop_operator_3.py for tasks to queue
[2026-07-24T17:20:21.141+0000] {logging_mixin.py:188} INFO - [2026-07-24T17:20:21.140+0000] {dagbag.py:545} INFO - Filling up the DagBag from /home/airflow/.local/lib/python3.12/site-packages/airflow/example_dags/example_branch_python_dop_operator_3.py
[2026-07-24T17:20:21.157+0000] {processor.py:840} INFO - DAG(s) 'example_branch_dop_operator_v3' retrieved from /home/airflow/.local/lib/python3.12/site-packages/airflow/example_dags/example_branch_python_dop_operator_3.py
[2026-07-24T17:20:21.197+0000] {logging_mixin.py:188} INFO - [2026-07-24T17:20:21.197+0000] {dag.py:3089} INFO - Sync 1 DAGs
[2026-07-24T17:20:21.244+0000] {logging_mixin.py:188} INFO - [2026-07-24T17:20:21.244+0000] {dag.py:3947} INFO - Setting next_dagrun for example_branch_dop_operator_v3 to 2026-07-24 17:19:00+00:00, run_after=2026-07-24 17:20:00+00:00
[2026-07-24T17:20:21.282+0000] {processor.py:183} INFO - Processing /home/airflow/.local/lib/python3.12/site-packages/airflow/example_dags/example_branch_python_dop_operator_3.py took 0.159 seconds
[2026-07-24T17:20:53.836+0000] {processor.py:161} INFO - Started process (PID=2078) to work on /home/airflow/.local/lib/python3.12/site-packages/airflow/example_dags/example_branch_python_dop_operator_3.py
[2026-07-24T17:20:53.840+0000] {processor.py:830} INFO - Processing file /home/airflow/.local/lib/python3.12/site-packages/airflow/example_dags/example_branch_python_dop_operator_3.py for tasks to queue
[2026-07-24T17:20:53.848+0000] {logging_mixin.py:188} INFO - [2026-07-24T17:20:53.847+0000] {dagbag.py:545} INFO - Filling up the DagBag from /home/airflow/.local/lib/python3.12/site-packages/airflow/example_dags/example_branch_python_dop_operator_3.py
[2026-07-24T17:20:53.873+0000] {processor.py:840} INFO - DAG(s) 'example_branch_dop_operator_v3' retrieved from /home/airflow/.local/lib/python3.12/site-packages/airflow/example_dags/example_branch_python_dop_operator_3.py
[2026-07-24T17:20:53.929+0000] {logging_mixin.py:188} INFO - [2026-07-24T17:20:53.928+0000] {dag.py:3089} INFO - Sync 1 DAGs
[2026-07-24T17:20:53.999+0000] {logging_mixin.py:188} INFO - [2026-07-24T17:20:53.998+0000] {dag.py:3947} INFO - Setting next_dagrun for example_branch_dop_operator_v3 to 2026-07-24 17:19:00+00:00, run_after=2026-07-24 17:20:00+00:00
[2026-07-24T17:20:54.057+0000] {processor.py:183} INFO - Processing /home/airflow/.local/lib/python3.12/site-packages/airflow/example_dags/example_branch_python_dop_operator_3.py took 0.239 seconds
[2026-07-24T17:21:25.996+0000] {processor.py:161} INFO - Started process (PID=2152) to work on /home/airflow/.local/lib/python3.12/site-packages/airflow/example_dags/example_branch_python_dop_operator_3.py
[2026-07-24T17:21:26.001+0000] {processor.py:830} INFO - Processing file /home/airflow/.local/lib/python3.12/site-packages/airflow/example_dags/example_branch_python_dop_operator_3.py for tasks to queue
[2026-07-24T17:21:26.007+0000] {logging_mixin.py:188} INFO - [2026-07-24T17:21:26.006+0000] {dagbag.py:545} INFO - Filling up the DagBag from /home/airflow/.local/lib/python3.12/site-packages/airflow/example_dags/example_branch_python_dop_operator_3.py
[2026-07-24T17:21:26.029+0000] {processor.py:840} INFO - DAG(s) 'example_branch_dop_operator_v3' retrieved from /home/airflow/.local/lib/python3.12/site-packages/airflow/example_dags/example_branch_python_dop_operator_3.py
[2026-07-24T17:21:26.068+0000] {logging_mixin.py:188} INFO - [2026-07-24T17:21:26.068+0000] {dag.py:3089} INFO - Sync 1 DAGs
[2026-07-24T17:21:26.408+0000] {logging_mixin.py:188} INFO - [2026-07-24T17:21:26.408+0000] {dag.py:3947} INFO - Setting next_dagrun for example_branch_dop_operator_v3 to 2026-07-24 17:20:00+00:00, run_after=2026-07-24 17:21:00+00:00
[2026-07-24T17:21:26.451+0000] {processor.py:183} INFO - Processing /home/airflow/.local/lib/python3.12/site-packages/airflow/example_dags/example_branch_python_dop_operator_3.py took 0.467 seconds
[2026-07-24T17:21:57.050+0000] {processor.py:161} INFO - Started process (PID=2225) to work on /home/airflow/.local/lib/python3.12/site-packages/airflow/example_dags/example_branch_python_dop_operator_3.py
[2026-07-24T17:21:57.054+0000] {processor.py:830} INFO - Processing file /home/airflow/.local/lib/python3.12/site-packages/airflow/example_dags/example_branch_python_dop_operator_3.py for tasks to queue
[2026-07-24T17:21:57.059+0000] {logging_mixin.py:188} INFO - [2026-07-24T17:21:57.059+0000] {dagbag.py:545} INFO - Filling up the DagBag from /home/airflow/.local/lib/python3.12/site-packages/airflow/example_dags/example_branch_python_dop_operator_3.py
[2026-07-24T17:21:57.081+0000] {processor.py:840} INFO - DAG(s) 'example_branch_dop_operator_v3' retrieved from /home/airflow/.local/lib/python3.12/site-packages/airflow/example_dags/example_branch_python_dop_operator_3.py
[2026-07-24T17:21:57.135+0000] {logging_mixin.py:188} INFO - [2026-07-24T17:21:57.134+0000] {dag.py:3089} INFO - Sync 1 DAGs
[2026-07-24T17:21:57.184+0000] {logging_mixin.py:188} INFO - [2026-07-24T17:21:57.184+0000] {dag.py:3947} INFO - Setting next_dagrun for example_branch_dop_operator_v3 to 2026-07-24 17:20:00+00:00, run_after=2026-07-24 17:21:00+00:00
[2026-07-24T17:21:57.233+0000] {processor.py:183} INFO - Processing /home/airflow/.local/lib/python3.12/site-packages/airflow/example_dags/example_branch_python_dop_operator_3.py took 0.195 seconds
[2026-07-24T17:22:27.656+0000] {processor.py:161} INFO - Started process (PID=2298) to work on /home/airflow/.local/lib/python3.12/site-packages/airflow/example_dags/example_branch_python_dop_operator_3.py
[2026-07-24T17:22:27.658+0000] {processor.py:830} INFO - Processing file /home/airflow/.local/lib/python3.12/site-packages/airflow/example_dags/example_branch_python_dop_operator_3.py for tasks to queue
[2026-07-24T17:22:27.664+0000] {logging_mixin.py:188} INFO - [2026-07-24T17:22:27.663+0000] {dagbag.py:545} INFO - Filling up the DagBag from /home/airflow/.local/lib/python3.12/site-packages/airflow/example_dags/example_branch_python_dop_operator_3.py
[2026-07-24T17:22:27.680+0000] {processor.py:840} INFO - DAG(s) 'example_branch_dop_operator_v3' retrieved from /home/airflow/.local/lib/python3.12/site-packages/airflow/example_dags/example_branch_python_dop_operator_3.py
[2026-07-24T17:22:27.714+0000] {logging_mixin.py:188} INFO - [2026-07-24T17:22:27.714+0000] {dag.py:3089} INFO - Sync 1 DAGs
[2026-07-24T17:22:27.758+0000] {logging_mixin.py:188} INFO - [2026-07-24T17:22:27.758+0000] {dag.py:3947} INFO - Setting next_dagrun for example_branch_dop_operator_v3 to 2026-07-24 17:21:00+00:00, run_after=2026-07-24 17:22:00+00:00
[2026-07-24T17:22:27.801+0000] {processor.py:183} INFO - Processing /home/airflow/.local/lib/python3.12/site-packages/airflow/example_dags/example_branch_python_dop_operator_3.py took 0.152 seconds
[2026-07-24T17:22:59.620+0000] {processor.py:161} INFO - Started process (PID=2371) to work on /home/airflow/.local/lib/python3.12/site-packages/airflow/example_dags/example_branch_python_dop_operator_3.py
[2026-07-24T17:22:59.623+0000] {processor.py:830} INFO - Processing file /home/airflow/.local/lib/python3.12/site-packages/airflow/example_dags/example_branch_python_dop_operator_3.py for tasks to queue
[2026-07-24T17:22:59.628+0000] {logging_mixin.py:188} INFO - [2026-07-24T17:22:59.627+0000] {dagbag.py:545} INFO - Filling up the DagBag from /home/airflow/.local/lib/python3.12/site-packages/airflow/example_dags/example_branch_python_dop_operator_3.py
[2026-07-24T17:22:59.647+0000] {processor.py:840} INFO - DAG(s) 'example_branch_dop_operator_v3' retrieved from /home/airflow/.local/lib/python3.12/site-packages/airflow/example_dags/example_branch_python_dop_operator_3.py
[2026-07-24T17:22:59.697+0000] {logging_mixin.py:188} INFO - [2026-07-24T17:22:59.697+0000] {dag.py:3089} INFO - Sync 1 DAGs
[2026-07-24T17:22:59.763+0000] {logging_mixin.py:188} INFO - [2026-07-24T17:22:59.762+0000] {dag.py:3947} INFO - Setting next_dagrun for example_branch_dop_operator_v3 to 2026-07-24 17:21:00+00:00, run_after=2026-07-24 17:22:00+00:00
[2026-07-24T17:22:59.811+0000] {processor.py:183} INFO - Processing /home/airflow/.local/lib/python3.12/site-packages/airflow/example_dags/example_branch_python_dop_operator_3.py took 0.210 seconds
[2026-07-24T17:23:34.896+0000] {processor.py:161} INFO - Started process (PID=2443) to work on /home/airflow/.local/lib/python3.12/site-packages/airflow/example_dags/example_branch_python_dop_operator_3.py
[2026-07-24T17:23:34.898+0000] {processor.py:830} INFO - Processing file /home/airflow/.local/lib/python3.12/site-packages/airflow/example_dags/example_branch_python_dop_operator_3.py for tasks to queue
[2026-07-24T17:23:34.903+0000] {logging_mixin.py:188} INFO - [2026-07-24T17:23:34.902+0000] {dagbag.py:545} INFO - Filling up the DagBag from /home/airflow/.local/lib/python3.12/site-packages/airflow/example_dags/example_branch_python_dop_operator_3.py
[2026-07-24T17:23:35.229+0000] {processor.py:840} INFO - DAG(s) 'example_branch_dop_operator_v3' retrieved from /home/airflow/.local/lib/python3.12/site-packages/airflow/example_dags/example_branch_python_dop_operator_3.py
[2026-07-24T17:23:35.262+0000] {logging_mixin.py:188} INFO - [2026-07-24T17:23:35.262+0000] {dag.py:3089} INFO - Sync 1 DAGs
[2026-07-24T17:23:35.298+0000] {logging_mixin.py:188} INFO - [2026-07-24T17:23:35.298+0000] {dag.py:3947} INFO - Setting next_dagrun for example_branch_dop_operator_v3 to 2026-07-24 17:22:00+00:00, run_after=2026-07-24 17:23:00+00:00
[2026-07-24T17:23:35.336+0000] {processor.py:183} INFO - Processing /home/airflow/.local/lib/python3.12/site-packages/airflow/example_dags/example_branch_python_dop_operator_3.py took 0.450 seconds
[2026-07-24T17:24:06.034+0000] {processor.py:161} INFO - Started process (PID=2516) to work on /home/airflow/.local/lib/python3.12/site-packages/airflow/example_dags/example_branch_python_dop_operator_3.py
[2026-07-24T17:24:06.037+0000] {processor.py:830} INFO - Processing file /home/airflow/.local/lib/python3.12/site-packages/airflow/example_dags/example_branch_python_dop_operator_3.py for tasks to queue
[2026-07-24T17:24:06.041+0000] {logging_mixin.py:188} INFO - [2026-07-24T17:24:06.040+0000] {dagbag.py:545} INFO - Filling up the DagBag from /home/airflow/.local/lib/python3.12/site-packages/airflow/example_dags/example_branch_python_dop_operator_3.py
[2026-07-24T17:24:06.053+0000] {processor.py:840} INFO - DAG(s) 'example_branch_dop_operator_v3' retrieved from /home/airflow/.local/lib/python3.12/site-packages/airflow/example_dags/example_branch_python_dop_operator_3.py
[2026-07-24T17:24:06.092+0000] {logging_mixin.py:188} INFO - [2026-07-24T17:24:06.091+0000] {dag.py:3089} INFO - Sync 1 DAGs
[2026-07-24T17:24:06.139+0000] {logging_mixin.py:188} INFO - [2026-07-24T17:24:06.139+0000] {dag.py:3947} INFO - Setting next_dagrun for example_branch_dop_operator_v3 to 2026-07-24 17:23:00+00:00, run_after=2026-07-24 17:24:00+00:00
[2026-07-24T17:24:06.201+0000] {processor.py:183} INFO - Processing /home/airflow/.local/lib/python3.12/site-packages/airflow/example_dags/example_branch_python_dop_operator_3.py took 0.175 seconds
[2026-07-24T17:24:36.732+0000] {processor.py:161} INFO - Started process (PID=2589) to work on /home/airflow/.local/lib/python3.12/site-packages/airflow/example_dags/example_branch_python_dop_operator_3.py
[2026-07-24T17:24:36.734+0000] {processor.py:830} INFO - Processing file /home/airflow/.local/lib/python3.12/site-packages/airflow/example_dags/example_branch_python_dop_operator_3.py for tasks to queue
[2026-07-24T17:24:36.738+0000] {logging_mixin.py:188} INFO - [2026-07-24T17:24:36.737+0000] {dagbag.py:545} INFO - Filling up the DagBag from /home/airflow/.local/lib/python3.12/site-packages/airflow/example_dags/example_branch_python_dop_operator_3.py
[2026-07-24T17:24:36.756+0000] {processor.py:840} INFO - DAG(s) 'example_branch_dop_operator_v3' retrieved from /home/airflow/.local/lib/python3.12/site-packages/airflow/example_dags/example_branch_python_dop_operator_3.py
[2026-07-24T17:24:36.795+0000] {logging_mixin.py:188} INFO - [2026-07-24T17:24:36.795+0000] {dag.py:3089} INFO - Sync 1 DAGs
[2026-07-24T17:24:36.840+0000] {logging_mixin.py:188} INFO - [2026-07-24T17:24:36.839+0000] {dag.py:3947} INFO - Setting next_dagrun for example_branch_dop_operator_v3 to 2026-07-24 17:23:00+00:00, run_after=2026-07-24 17:24:00+00:00
[2026-07-24T17:24:36.891+0000] {processor.py:183} INFO - Processing /home/airflow/.local/lib/python3.12/site-packages/airflow/example_dags/example_branch_python_dop_operator_3.py took 0.169 seconds
[2026-07-24T17:25:07.613+0000] {processor.py:161} INFO - Started process (PID=2663) to work on /home/airflow/.local/lib/python3.12/site-packages/airflow/example_dags/example_branch_python_dop_operator_3.py
[2026-07-24T17:25:07.615+0000] {processor.py:830} INFO - Processing file /home/airflow/.local/lib/python3.12/site-packages/airflow/example_dags/example_branch_python_dop_operator_3.py for tasks to queue
[2026-07-24T17:25:07.619+0000] {logging_mixin.py:188} INFO - [2026-07-24T17:25:07.619+0000] {dagbag.py:545} INFO - Filling up the DagBag from /home/airflow/.local/lib/python3.12/site-packages/airflow/example_dags/example_branch_python_dop_operator_3.py
[2026-07-24T17:25:07.631+0000] {processor.py:840} INFO - DAG(s) 'example_branch_dop_operator_v3' retrieved from /home/airflow/.local/lib/python3.12/site-packages/airflow/example_dags/example_branch_python_dop_operator_3.py
[2026-07-24T17:25:07.665+0000] {logging_mixin.py:188} INFO - [2026-07-24T17:25:07.665+0000] {dag.py:3089} INFO - Sync 1 DAGs
[2026-07-24T17:25:07.703+0000] {logging_mixin.py:188} INFO - [2026-07-24T17:25:07.703+0000] {dag.py:3947} INFO - Setting next_dagrun for example_branch_dop_operator_v3 to 2026-07-24 17:24:00+00:00, run_after=2026-07-24 17:25:00+00:00
[2026-07-24T17:25:07.745+0000] {processor.py:183} INFO - Processing /home/airflow/.local/lib/python3.12/site-packages/airflow/example_dags/example_branch_python_dop_operator_3.py took 0.141 seconds
[2026-07-24T17:25:38.438+0000] {processor.py:161} INFO - Started process (PID=2737) to work on /home/airflow/.local/lib/python3.12/site-packages/airflow/example_dags/example_branch_python_dop_operator_3.py
[2026-07-24T17:25:38.442+0000] {processor.py:830} INFO - Processing file /home/airflow/.local/lib/python3.12/site-packages/airflow/example_dags/example_branch_python_dop_operator_3.py for tasks to queue
[2026-07-24T17:25:38.451+0000] {logging_mixin.py:188} INFO - [2026-07-24T17:25:38.449+0000] {dagbag.py:545} INFO - Filling up the DagBag from /home/airflow/.local/lib/python3.12/site-packages/airflow/example_dags/example_branch_python_dop_operator_3.py
[2026-07-24T17:25:38.486+0000] {processor.py:840} INFO - DAG(s) 'example_branch_dop_operator_v3' retrieved from /home/airflow/.local/lib/python3.12/site-packages/airflow/example_dags/example_branch_python_dop_operator_3.py
[2026-07-24T17:25:38.549+0000] {logging_mixin.py:188} INFO - [2026-07-24T17:25:38.548+0000] {dag.py:3089} INFO - Sync 1 DAGs
[2026-07-24T17:25:38.617+0000] {logging_mixin.py:188} INFO - [2026-07-24T17:25:38.617+0000] {dag.py:3947} INFO - Setting next_dagrun for example_branch_dop_operator_v3 to 2026-07-24 17:24:00+00:00, run_after=2026-07-24 17:25:00+00:00
[2026-07-24T17:25:38.668+0000] {processor.py:183} INFO - Processing /home/airflow/.local/lib/python3.12/site-packages/airflow/example_dags/example_branch_python_dop_operator_3.py took 0.249 seconds
[2026-07-24T17:26:09.046+0000] {processor.py:161} INFO - Started process (PID=2811) to work on /home/airflow/.local/lib/python3.12/site-packages/airflow/example_dags/example_branch_python_dop_operator_3.py
[2026-07-24T17:26:09.051+0000] {processor.py:830} INFO - Processing file /home/airflow/.local/lib/python3.12/site-packages/airflow/example_dags/example_branch_python_dop_operator_3.py for tasks to queue
[2026-07-24T17:26:09.076+0000] {logging_mixin.py:188} INFO - [2026-07-24T17:26:09.071+0000] {dagbag.py:545} INFO - Filling up the DagBag from /home/airflow/.local/lib/python3.12/site-packages/airflow/example_dags/example_branch_python_dop_operator_3.py
[2026-07-24T17:26:09.115+0000] {processor.py:840} INFO - DAG(s) 'example_branch_dop_operator_v3' retrieved from /home/airflow/.local/lib/python3.12/site-packages/airflow/example_dags/example_branch_python_dop_operator_3.py
[2026-07-24T17:26:09.215+0000] {logging_mixin.py:188} INFO - [2026-07-24T17:26:09.214+0000] {dag.py:3089} INFO - Sync 1 DAGs
[2026-07-24T17:26:09.290+0000] {logging_mixin.py:188} INFO - [2026-07-24T17:26:09.290+0000] {dag.py:3947} INFO - Setting next_dagrun for example_branch_dop_operator_v3 to 2026-07-24 17:25:00+00:00, run_after=2026-07-24 17:26:00+00:00
[2026-07-24T17:26:09.355+0000] {processor.py:183} INFO - Processing /home/airflow/.local/lib/python3.12/site-packages/airflow/example_dags/example_branch_python_dop_operator_3.py took 0.362 seconds
[2026-07-24T17:26:40.280+0000] {processor.py:161} INFO - Started process (PID=2883) to work on /home/airflow/.local/lib/python3.12/site-packages/airflow/example_dags/example_branch_python_dop_operator_3.py
[2026-07-24T17:26:40.283+0000] {processor.py:830} INFO - Processing file /home/airflow/.local/lib/python3.12/site-packages/airflow/example_dags/example_branch_python_dop_operator_3.py for tasks to queue
[2026-07-24T17:26:40.289+0000] {logging_mixin.py:188} INFO - [2026-07-24T17:26:40.288+0000] {dagbag.py:545} INFO - Filling up the DagBag from /home/airflow/.local/lib/python3.12/site-packages/airflow/example_dags/example_branch_python_dop_operator_3.py
[2026-07-24T17:26:40.309+0000] {processor.py:840} INFO - DAG(s) 'example_branch_dop_operator_v3' retrieved from /home/airflow/.local/lib/python3.12/site-packages/airflow/example_dags/example_branch_python_dop_operator_3.py
[2026-07-24T17:26:40.361+0000] {logging_mixin.py:188} INFO - [2026-07-24T17:26:40.360+0000] {dag.py:3089} INFO - Sync 1 DAGs
[2026-07-24T17:26:40.446+0000] {logging_mixin.py:188} INFO - [2026-07-24T17:26:40.446+0000] {dag.py:3947} INFO - Setting next_dagrun for example_branch_dop_operator_v3 to 2026-07-24 17:25:00+00:00, run_after=2026-07-24 17:26:00+00:00
[2026-07-24T17:26:40.500+0000] {processor.py:183} INFO - Processing /home/airflow/.local/lib/python3.12/site-packages/airflow/example_dags/example_branch_python_dop_operator_3.py took 0.232 seconds
[2026-07-24T17:27:11.160+0000] {processor.py:161} INFO - Started process (PID=2956) to work on /home/airflow/.local/lib/python3.12/site-packages/airflow/example_dags/example_branch_python_dop_operator_3.py
[2026-07-24T17:27:11.163+0000] {processor.py:830} INFO - Processing file /home/airflow/.local/lib/python3.12/site-packages/airflow/example_dags/example_branch_python_dop_operator_3.py for tasks to queue
[2026-07-24T17:27:11.170+0000] {logging_mixin.py:188} INFO - [2026-07-24T17:27:11.170+0000] {dagbag.py:545} INFO - Filling up the DagBag from /home/airflow/.local/lib/python3.12/site-packages/airflow/example_dags/example_branch_python_dop_operator_3.py
[2026-07-24T17:27:11.199+0000] {processor.py:840} INFO - DAG(s) 'example_branch_dop_operator_v3' retrieved from /home/airflow/.local/lib/python3.12/site-packages/airflow/example_dags/example_branch_python_dop_operator_3.py
[2026-07-24T17:27:11.273+0000] {logging_mixin.py:188} INFO - [2026-07-24T17:27:11.273+0000] {dag.py:3089} INFO - Sync 1 DAGs
[2026-07-24T17:27:11.326+0000] {logging_mixin.py:188} INFO - [2026-07-24T17:27:11.326+0000] {dag.py:3947} INFO - Setting next_dagrun for example_branch_dop_operator_v3 to 2026-07-24 17:26:00+00:00, run_after=2026-07-24 17:27:00+00:00
[2026-07-24T17:27:11.375+0000] {processor.py:183} INFO - Processing /home/airflow/.local/lib/python3.12/site-packages/airflow/example_dags/example_branch_python_dop_operator_3.py took 0.235 seconds
[2026-07-24T17:27:41.982+0000] {processor.py:161} INFO - Started process (PID=3029) to work on /home/airflow/.local/lib/python3.12/site-packages/airflow/example_dags/example_branch_python_dop_operator_3.py
[2026-07-24T17:27:41.986+0000] {processor.py:830} INFO - Processing file /home/airflow/.local/lib/python3.12/site-packages/airflow/example_dags/example_branch_python_dop_operator_3.py for tasks to queue
[2026-07-24T17:27:41.991+0000] {logging_mixin.py:188} INFO - [2026-07-24T17:27:41.990+0000] {dagbag.py:545} INFO - Filling up the DagBag from /home/airflow/.local/lib/python3.12/site-packages/airflow/example_dags/example_branch_python_dop_operator_3.py
[2026-07-24T17:27:42.011+0000] {processor.py:840} INFO - DAG(s) 'example_branch_dop_operator_v3' retrieved from /home/airflow/.local/lib/python3.12/site-packages/airflow/example_dags/example_branch_python_dop_operator_3.py
[2026-07-24T17:27:42.063+0000] {logging_mixin.py:188} INFO - [2026-07-24T17:27:42.062+0000] {dag.py:3089} INFO - Sync 1 DAGs
[2026-07-24T17:27:42.139+0000] {logging_mixin.py:188} INFO - [2026-07-24T17:27:42.139+0000] {dag.py:3947} INFO - Setting next_dagrun for example_branch_dop_operator_v3 to 2026-07-24 17:26:00+00:00, run_after=2026-07-24 17:27:00+00:00
[2026-07-24T17:27:42.220+0000] {processor.py:183} INFO - Processing /home/airflow/.local/lib/python3.12/site-packages/airflow/example_dags/example_branch_python_dop_operator_3.py took 0.250 seconds
[2026-07-24T17:28:12.453+0000] {processor.py:161} INFO - Started process (PID=3103) to work on /home/airflow/.local/lib/python3.12/site-packages/airflow/example_dags/example_branch_python_dop_operator_3.py
[2026-07-24T17:28:12.456+0000] {processor.py:830} INFO - Processing file /home/airflow/.local/lib/python3.12/site-packages/airflow/example_dags/example_branch_python_dop_operator_3.py for tasks to queue
[2026-07-24T17:28:12.462+0000] {logging_mixin.py:188} INFO - [2026-07-24T17:28:12.461+0000] {dagbag.py:545} INFO - Filling up the DagBag from /home/airflow/.local/lib/python3.12/site-packages/airflow/example_dags/example_branch_python_dop_operator_3.py
[2026-07-24T17:28:12.483+0000] {processor.py:840} INFO - DAG(s) 'example_branch_dop_operator_v3' retrieved from /home/airflow/.local/lib/python3.12/site-packages/airflow/example_dags/example_branch_python_dop_operator_3.py
[2026-07-24T17:28:12.532+0000] {logging_mixin.py:188} INFO - [2026-07-24T17:28:12.531+0000] {dag.py:3089} INFO - Sync 1 DAGs
[2026-07-24T17:28:12.578+0000] {logging_mixin.py:188} INFO - [2026-07-24T17:28:12.578+0000] {dag.py:3947} INFO - Setting next_dagrun for example_branch_dop_operator_v3 to 2026-07-24 17:27:00+00:00, run_after=2026-07-24 17:28:00+00:00
[2026-07-24T17:28:12.615+0000] {processor.py:183} INFO - Processing /home/airflow/.local/lib/python3.12/site-packages/airflow/example_dags/example_branch_python_dop_operator_3.py took 0.176 seconds
[2026-07-24T17:28:43.103+0000] {processor.py:161} INFO - Started process (PID=3176) to work on /home/airflow/.local/lib/python3.12/site-packages/airflow/example_dags/example_branch_python_dop_operator_3.py
[2026-07-24T17:28:43.111+0000] {processor.py:830} INFO - Processing file /home/airflow/.local/lib/python3.12/site-packages/airflow/example_dags/example_branch_python_dop_operator_3.py for tasks to queue
[2026-07-24T17:28:43.118+0000] {logging_mixin.py:188} INFO - [2026-07-24T17:28:43.117+0000] {dagbag.py:545} INFO - Filling up the DagBag from /home/airflow/.local/lib/python3.12/site-packages/airflow/example_dags/example_branch_python_dop_operator_3.py
[2026-07-24T17:28:43.146+0000] {processor.py:840} INFO - DAG(s) 'example_branch_dop_operator_v3' retrieved from /home/airflow/.local/lib/python3.12/site-packages/airflow/example_dags/example_branch_python_dop_operator_3.py
[2026-07-24T17:28:43.195+0000] {logging_mixin.py:188} INFO - [2026-07-24T17:28:43.195+0000] {dag.py:3089} INFO - Sync 1 DAGs
[2026-07-24T17:28:43.246+0000] {logging_mixin.py:188} INFO - [2026-07-24T17:28:43.245+0000] {dag.py:3947} INFO - Setting next_dagrun for example_branch_dop_operator_v3 to 2026-07-24 17:27:00+00:00, run_after=2026-07-24 17:28:00+00:00
[2026-07-24T17:28:43.286+0000] {processor.py:183} INFO - Processing /home/airflow/.local/lib/python3.12/site-packages/airflow/example_dags/example_branch_python_dop_operator_3.py took 0.202 seconds
[2026-07-24T17:29:14.244+0000] {processor.py:161} INFO - Started process (PID=3250) to work on /home/airflow/.local/lib/python3.12/site-packages/airflow/example_dags/example_branch_python_dop_operator_3.py
[2026-07-24T17:29:14.247+0000] {processor.py:830} INFO - Processing file /home/airflow/.local/lib/python3.12/site-packages/airflow/example_dags/example_branch_python_dop_operator_3.py for tasks to queue
[2026-07-24T17:29:14.251+0000] {logging_mixin.py:188} INFO - [2026-07-24T17:29:14.250+0000] {dagbag.py:545} INFO - Filling up the DagBag from /home/airflow/.local/lib/python3.12/site-packages/airflow/example_dags/example_branch_python_dop_operator_3.py
[2026-07-24T17:29:14.265+0000] {processor.py:840} INFO - DAG(s) 'example_branch_dop_operator_v3' retrieved from /home/airflow/.local/lib/python3.12/site-packages/airflow/example_dags/example_branch_python_dop_operator_3.py
[2026-07-24T17:29:14.304+0000] {logging_mixin.py:188} INFO - [2026-07-24T17:29:14.303+0000] {dag.py:3089} INFO - Sync 1 DAGs
[2026-07-24T17:29:14.357+0000] {logging_mixin.py:188} INFO - [2026-07-24T17:29:14.357+0000] {dag.py:3947} INFO - Setting next_dagrun for example_branch_dop_operator_v3 to 2026-07-24 17:28:00+00:00, run_after=2026-07-24 17:29:00+00:00
[2026-07-24T17:29:14.396+0000] {processor.py:183} INFO - Processing /home/airflow/.local/lib/python3.12/site-packages/airflow/example_dags/example_branch_python_dop_operator_3.py took 0.159 seconds
[2026-07-24T17:29:45.425+0000] {processor.py:161} INFO - Started process (PID=3323) to work on /home/airflow/.local/lib/python3.12/site-packages/airflow/example_dags/example_branch_python_dop_operator_3.py
[2026-07-24T17:29:45.430+0000] {processor.py:830} INFO - Processing file /home/airflow/.local/lib/python3.12/site-packages/airflow/example_dags/example_branch_python_dop_operator_3.py for tasks to queue
[2026-07-24T17:29:45.439+0000] {logging_mixin.py:188} INFO - [2026-07-24T17:29:45.438+0000] {dagbag.py:545} INFO - Filling up the DagBag from /home/airflow/.local/lib/python3.12/site-packages/airflow/example_dags/example_branch_python_dop_operator_3.py
[2026-07-24T17:29:45.464+0000] {processor.py:840} INFO - DAG(s) 'example_branch_dop_operator_v3' retrieved from /home/airflow/.local/lib/python3.12/site-packages/airflow/example_dags/example_branch_python_dop_operator_3.py
[2026-07-24T17:29:45.529+0000] {logging_mixin.py:188} INFO - [2026-07-24T17:29:45.528+0000] {dag.py:3089} INFO - Sync 1 DAGs
[2026-07-24T17:29:45.600+0000] {logging_mixin.py:188} INFO - [2026-07-24T17:29:45.599+0000] {dag.py:3947} INFO - Setting next_dagrun for example_branch_dop_operator_v3 to 2026-07-24 17:28:00+00:00, run_after=2026-07-24 17:29:00+00:00
[2026-07-24T17:29:45.657+0000] {processor.py:183} INFO - Processing /home/airflow/.local/lib/python3.12/site-packages/airflow/example_dags/example_branch_python_dop_operator_3.py took 0.248 seconds
[2026-07-24T17:30:16.481+0000] {processor.py:161} INFO - Started process (PID=3396) to work on /home/airflow/.local/lib/python3.12/site-packages/airflow/example_dags/example_branch_python_dop_operator_3.py
[2026-07-24T17:30:16.485+0000] {processor.py:830} INFO - Processing file /home/airflow/.local/lib/python3.12/site-packages/airflow/example_dags/example_branch_python_dop_operator_3.py for tasks to queue
[2026-07-24T17:30:16.491+0000] {logging_mixin.py:188} INFO - [2026-07-24T17:30:16.490+0000] {dagbag.py:545} INFO - Filling up the DagBag from /home/airflow/.local/lib/python3.12/site-packages/airflow/example_dags/example_branch_python_dop_operator_3.py
[2026-07-24T17:30:16.514+0000] {processor.py:840} INFO - DAG(s) 'example_branch_dop_operator_v3' retrieved from /home/airflow/.local/lib/python3.12/site-packages/airflow/example_dags/example_branch_python_dop_operator_3.py
[2026-07-24T17:30:16.561+0000] {logging_mixin.py:188} INFO - [2026-07-24T17:30:16.561+0000] {dag.py:3089} INFO - Sync 1 DAGs
[2026-07-24T17:30:16.621+0000] {logging_mixin.py:188} INFO - [2026-07-24T17:30:16.621+0000] {dag.py:3947} INFO - Setting next_dagrun for example_branch_dop_operator_v3 to 2026-07-24 17:29:00+00:00, run_after=2026-07-24 17:30:00+00:00
[2026-07-24T17:30:16.679+0000] {processor.py:183} INFO - Processing /home/airflow/.local/lib/python3.12/site-packages/airflow/example_dags/example_branch_python_dop_operator_3.py took 0.212 seconds
[2026-07-24T17:30:47.089+0000] {processor.py:161} INFO - Started process (PID=3469) to work on /home/airflow/.local/lib/python3.12/site-packages/airflow/example_dags/example_branch_python_dop_operator_3.py
[2026-07-24T17:30:47.091+0000] {processor.py:830} INFO - Processing file /home/airflow/.local/lib/python3.12/site-packages/airflow/example_dags/example_branch_python_dop_operator_3.py for tasks to queue
[2026-07-24T17:30:47.097+0000] {logging_mixin.py:188} INFO - [2026-07-24T17:30:47.096+0000] {dagbag.py:545} INFO - Filling up the DagBag from /home/airflow/.local/lib/python3.12/site-packages/airflow/example_dags/example_branch_python_dop_operator_3.py
[2026-07-24T17:30:47.118+0000] {processor.py:840} INFO - DAG(s) 'example_branch_dop_operator_v3' retrieved from /home/airflow/.local/lib/python3.12/site-packages/airflow/example_dags/example_branch_python_dop_operator_3.py
[2026-07-24T17:30:47.174+0000] {logging_mixin.py:188} INFO - [2026-07-24T17:30:47.173+0000] {dag.py:3089} INFO - Sync 1 DAGs
[2026-07-24T17:30:47.236+0000] {logging_mixin.py:188} INFO - [2026-07-24T17:30:47.236+0000] {dag.py:3947} INFO - Setting next_dagrun for example_branch_dop_operator_v3 to 2026-07-24 17:29:00+00:00, run_after=2026-07-24 17:30:00+00:00
[2026-07-24T17:30:47.295+0000] {processor.py:183} INFO - Processing /home/airflow/.local/lib/python3.12/site-packages/airflow/example_dags/example_branch_python_dop_operator_3.py took 0.218 seconds
[2026-07-24T17:31:18.206+0000] {processor.py:161} INFO - Started process (PID=3542) to work on /home/airflow/.local/lib/python3.12/site-packages/airflow/example_dags/example_branch_python_dop_operator_3.py
[2026-07-24T17:31:18.209+0000] {processor.py:830} INFO - Processing file /home/airflow/.local/lib/python3.12/site-packages/airflow/example_dags/example_branch_python_dop_operator_3.py for tasks to queue
[2026-07-24T17:31:18.218+0000] {logging_mixin.py:188} INFO - [2026-07-24T17:31:18.217+0000] {dagbag.py:545} INFO - Filling up the DagBag from /home/airflow/.local/lib/python3.12/site-packages/airflow/example_dags/example_branch_python_dop_operator_3.py
[2026-07-24T17:31:18.240+0000] {processor.py:840} INFO - DAG(s) 'example_branch_dop_operator_v3' retrieved from /home/airflow/.local/lib/python3.12/site-packages/airflow/example_dags/example_branch_python_dop_operator_3.py
[2026-07-24T17:31:18.300+0000] {logging_mixin.py:188} INFO - [2026-07-24T17:31:18.299+0000] {dag.py:3089} INFO - Sync 1 DAGs
[2026-07-24T17:31:18.373+0000] {logging_mixin.py:188} INFO - [2026-07-24T17:31:18.372+0000] {dag.py:3947} INFO - Setting next_dagrun for example_branch_dop_operator_v3 to 2026-07-24 17:30:00+00:00, run_after=2026-07-24 17:31:00+00:00
[2026-07-24T17:31:18.426+0000] {processor.py:183} INFO - Processing /home/airflow/.local/lib/python3.12/site-packages/airflow/example_dags/example_branch_python_dop_operator_3.py took 0.235 seconds
[2026-07-24T17:31:50.398+0000] {processor.py:161} INFO - Started process (PID=3616) to work on /home/airflow/.local/lib/python3.12/site-packages/airflow/example_dags/example_branch_python_dop_operator_3.py
[2026-07-24T17:31:50.404+0000] {processor.py:830} INFO - Processing file /home/airflow/.local/lib/python3.12/site-packages/airflow/example_dags/example_branch_python_dop_operator_3.py for tasks to queue
[2026-07-24T17:31:50.416+0000] {logging_mixin.py:188} INFO - [2026-07-24T17:31:50.415+0000] {dagbag.py:545} INFO - Filling up the DagBag from /home/airflow/.local/lib/python3.12/site-packages/airflow/example_dags/example_branch_python_dop_operator_3.py
[2026-07-24T17:31:50.456+0000] {processor.py:840} INFO - DAG(s) 'example_branch_dop_operator_v3' retrieved from /home/airflow/.local/lib/python3.12/site-packages/airflow/example_dags/example_branch_python_dop_operator_3.py
[2026-07-24T17:31:50.523+0000] {logging_mixin.py:188} INFO - [2026-07-24T17:31:50.522+0000] {dag.py:3089} INFO - Sync 1 DAGs
[2026-07-24T17:31:50.605+0000] {logging_mixin.py:188} INFO - [2026-07-24T17:31:50.604+0000] {dag.py:3947} INFO - Setting next_dagrun for example_branch_dop_operator_v3 to 2026-07-24 17:30:00+00:00, run_after=2026-07-24 17:31:00+00:00
[2026-07-24T17:31:50.668+0000] {processor.py:183} INFO - Processing /home/airflow/.local/lib/python3.12/site-packages/airflow/example_dags/example_branch_python_dop_operator_3.py took 0.305 seconds
[2026-07-24T17:32:20.897+0000] {processor.py:161} INFO - Started process (PID=3689) to work on /home/airflow/.local/lib/python3.12/site-packages/airflow/example_dags/example_branch_python_dop_operator_3.py
[2026-07-24T17:32:20.903+0000] {processor.py:830} INFO - Processing file /home/airflow/.local/lib/python3.12/site-packages/airflow/example_dags/example_branch_python_dop_operator_3.py for tasks to queue
[2026-07-24T17:32:20.909+0000] {logging_mixin.py:188} INFO - [2026-07-24T17:32:20.908+0000] {dagbag.py:545} INFO - Filling up the DagBag from /home/airflow/.local/lib/python3.12/site-packages/airflow/example_dags/example_branch_python_dop_operator_3.py
[2026-07-24T17:32:20.932+0000] {processor.py:840} INFO - DAG(s) 'example_branch_dop_operator_v3' retrieved from /home/airflow/.local/lib/python3.12/site-packages/airflow/example_dags/example_branch_python_dop_operator_3.py
[2026-07-24T17:32:20.992+0000] {logging_mixin.py:188} INFO - [2026-07-24T17:32:20.991+0000] {dag.py:3089} INFO - Sync 1 DAGs
[2026-07-24T17:32:21.052+0000] {logging_mixin.py:188} INFO - [2026-07-24T17:32:21.052+0000] {dag.py:3947} INFO - Setting next_dagrun for example_branch_dop_operator_v3 to 2026-07-24 17:31:00+00:00, run_after=2026-07-24 17:32:00+00:00
[2026-07-24T17:32:21.100+0000] {processor.py:183} INFO - Processing /home/airflow/.local/lib/python3.12/site-packages/airflow/example_dags/example_branch_python_dop_operator_3.py took 0.217 seconds
[2026-07-24T17:32:52.175+0000] {processor.py:161} INFO - Started process (PID=3756) to work on /home/airflow/.local/lib/python3.12/site-packages/airflow/example_dags/example_branch_python_dop_operator_3.py
[2026-07-24T17:32:52.180+0000] {processor.py:830} INFO - Processing file /home/airflow/.local/lib/python3.12/site-packages/airflow/example_dags/example_branch_python_dop_operator_3.py for tasks to queue
[2026-07-24T17:32:52.191+0000] {logging_mixin.py:188} INFO - [2026-07-24T17:32:52.190+0000] {dagbag.py:545} INFO - Filling up the DagBag from /home/airflow/.local/lib/python3.12/site-packages/airflow/example_dags/example_branch_python_dop_operator_3.py
[2026-07-24T17:32:52.216+0000] {processor.py:840} INFO - DAG(s) 'example_branch_dop_operator_v3' retrieved from /home/airflow/.local/lib/python3.12/site-packages/airflow/example_dags/example_branch_python_dop_operator_3.py
[2026-07-24T17:32:52.279+0000] {logging_mixin.py:188} INFO - [2026-07-24T17:32:52.277+0000] {dag.py:3089} INFO - Sync 1 DAGs
[2026-07-24T17:32:52.395+0000] {logging_mixin.py:188} INFO - [2026-07-24T17:32:52.394+0000] {dag.py:3947} INFO - Setting next_dagrun for example_branch_dop_operator_v3 to 2026-07-24 17:31:00+00:00, run_after=2026-07-24 17:32:00+00:00
[2026-07-24T17:32:52.456+0000] {processor.py:183} INFO - Processing /home/airflow/.local/lib/python3.12/site-packages/airflow/example_dags/example_branch_python_dop_operator_3.py took 0.297 seconds
[2026-07-24T17:33:22.587+0000] {processor.py:161} INFO - Started process (PID=3828) to work on /home/airflow/.local/lib/python3.12/site-packages/airflow/example_dags/example_branch_python_dop_operator_3.py
[2026-07-24T17:33:22.589+0000] {processor.py:830} INFO - Processing file /home/airflow/.local/lib/python3.12/site-packages/airflow/example_dags/example_branch_python_dop_operator_3.py for tasks to queue
[2026-07-24T17:33:22.593+0000] {logging_mixin.py:188} INFO - [2026-07-24T17:33:22.592+0000] {dagbag.py:545} INFO - Filling up the DagBag from /home/airflow/.local/lib/python3.12/site-packages/airflow/example_dags/example_branch_python_dop_operator_3.py
[2026-07-24T17:33:22.608+0000] {processor.py:840} INFO - DAG(s) 'example_branch_dop_operator_v3' retrieved from /home/airflow/.local/lib/python3.12/site-packages/airflow/example_dags/example_branch_python_dop_operator_3.py
[2026-07-24T17:33:22.636+0000] {logging_mixin.py:188} INFO - [2026-07-24T17:33:22.636+0000] {dag.py:3089} INFO - Sync 1 DAGs
[2026-07-24T17:33:22.671+0000] {logging_mixin.py:188} INFO - [2026-07-24T17:33:22.671+0000] {dag.py:3947} INFO - Setting next_dagrun for example_branch_dop_operator_v3 to 2026-07-24 17:32:00+00:00, run_after=2026-07-24 17:33:00+00:00
[2026-07-24T17:33:22.703+0000] {processor.py:183} INFO - Processing /home/airflow/.local/lib/python3.12/site-packages/airflow/example_dags/example_branch_python_dop_operator_3.py took 0.125 seconds
[2026-07-24T17:33:54.643+0000] {processor.py:161} INFO - Started process (PID=3903) to work on /home/airflow/.local/lib/python3.12/site-packages/airflow/example_dags/example_branch_python_dop_operator_3.py
[2026-07-24T17:33:54.669+0000] {processor.py:830} INFO - Processing file /home/airflow/.local/lib/python3.12/site-packages/airflow/example_dags/example_branch_python_dop_operator_3.py for tasks to queue
[2026-07-24T17:33:54.689+0000] {logging_mixin.py:188} INFO - [2026-07-24T17:33:54.687+0000] {dagbag.py:545} INFO - Filling up the DagBag from /home/airflow/.local/lib/python3.12/site-packages/airflow/example_dags/example_branch_python_dop_operator_3.py
[2026-07-24T17:33:54.724+0000] {processor.py:840} INFO - DAG(s) 'example_branch_dop_operator_v3' retrieved from /home/airflow/.local/lib/python3.12/site-packages/airflow/example_dags/example_branch_python_dop_operator_3.py
[2026-07-24T17:33:54.824+0000] {logging_mixin.py:188} INFO - [2026-07-24T17:33:54.823+0000] {dag.py:3089} INFO - Sync 1 DAGs
[2026-07-24T17:33:54.942+0000] {logging_mixin.py:188} INFO - [2026-07-24T17:33:54.941+0000] {dag.py:3947} INFO - Setting next_dagrun for example_branch_dop_operator_v3 to 2026-07-24 17:32:00+00:00, run_after=2026-07-24 17:33:00+00:00
[2026-07-24T17:33:55.004+0000] {processor.py:183} INFO - Processing /home/airflow/.local/lib/python3.12/site-packages/airflow/example_dags/example_branch_python_dop_operator_3.py took 0.395 seconds
[2026-07-24T17:34:25.920+0000] {processor.py:161} INFO - Started process (PID=3977) to work on /home/airflow/.local/lib/python3.12/site-packages/airflow/example_dags/example_branch_python_dop_operator_3.py
[2026-07-24T17:34:25.923+0000] {processor.py:830} INFO - Processing file /home/airflow/.local/lib/python3.12/site-packages/airflow/example_dags/example_branch_python_dop_operator_3.py for tasks to queue
[2026-07-24T17:34:25.927+0000] {logging_mixin.py:188} INFO - [2026-07-24T17:34:25.927+0000] {dagbag.py:545} INFO - Filling up the DagBag from /home/airflow/.local/lib/python3.12/site-packages/airflow/example_dags/example_branch_python_dop_operator_3.py
[2026-07-24T17:34:25.941+0000] {processor.py:840} INFO - DAG(s) 'example_branch_dop_operator_v3' retrieved from /home/airflow/.local/lib/python3.12/site-packages/airflow/example_dags/example_branch_python_dop_operator_3.py
[2026-07-24T17:34:25.977+0000] {logging_mixin.py:188} INFO - [2026-07-24T17:34:25.976+0000] {dag.py:3089} INFO - Sync 1 DAGs
[2026-07-24T17:34:26.019+0000] {logging_mixin.py:188} INFO - [2026-07-24T17:34:26.019+0000] {dag.py:3947} INFO - Setting next_dagrun for example_branch_dop_operator_v3 to 2026-07-24 17:33:00+00:00, run_after=2026-07-24 17:34:00+00:00
[2026-07-24T17:34:26.084+0000] {processor.py:183} INFO - Processing /home/airflow/.local/lib/python3.12/site-packages/airflow/example_dags/example_branch_python_dop_operator_3.py took 0.174 seconds
[2026-07-24T17:34:56.520+0000] {processor.py:161} INFO - Started process (PID=4050) to work on /home/airflow/.local/lib/python3.12/site-packages/airflow/example_dags/example_branch_python_dop_operator_3.py
[2026-07-24T17:34:56.525+0000] {processor.py:830} INFO - Processing file /home/airflow/.local/lib/python3.12/site-packages/airflow/example_dags/example_branch_python_dop_operator_3.py for tasks to queue
[2026-07-24T17:34:56.533+0000] {logging_mixin.py:188} INFO - [2026-07-24T17:34:56.532+0000] {dagbag.py:545} INFO - Filling up the DagBag from /home/airflow/.local/lib/python3.12/site-packages/airflow/example_dags/example_branch_python_dop_operator_3.py
[2026-07-24T17:34:56.559+0000] {processor.py:840} INFO - DAG(s) 'example_branch_dop_operator_v3' retrieved from /home/airflow/.local/lib/python3.12/site-packages/airflow/example_dags/example_branch_python_dop_operator_3.py
[2026-07-24T17:34:56.600+0000] {logging_mixin.py:188} INFO - [2026-07-24T17:34:56.600+0000] {dag.py:3089} INFO - Sync 1 DAGs
[2026-07-24T17:34:56.641+0000] {logging_mixin.py:188} INFO - [2026-07-24T17:34:56.641+0000] {dag.py:3947} INFO - Setting next_dagrun for example_branch_dop_operator_v3 to 2026-07-24 17:33:00+00:00, run_after=2026-07-24 17:34:00+00:00
[2026-07-24T17:34:56.675+0000] {processor.py:183} INFO - Processing /home/airflow/.local/lib/python3.12/site-packages/airflow/example_dags/example_branch_python_dop_operator_3.py took 0.171 seconds
[2026-07-24T17:35:26.838+0000] {processor.py:161} INFO - Started process (PID=4124) to work on /home/airflow/.local/lib/python3.12/site-packages/airflow/example_dags/example_branch_python_dop_operator_3.py
[2026-07-24T17:35:26.840+0000] {processor.py:830} INFO - Processing file /home/airflow/.local/lib/python3.12/site-packages/airflow/example_dags/example_branch_python_dop_operator_3.py for tasks to queue
[2026-07-24T17:35:26.843+0000] {logging_mixin.py:188} INFO - [2026-07-24T17:35:26.843+0000] {dagbag.py:545} INFO - Filling up the DagBag from /home/airflow/.local/lib/python3.12/site-packages/airflow/example_dags/example_branch_python_dop_operator_3.py
[2026-07-24T17:35:26.856+0000] {processor.py:840} INFO - DAG(s) 'example_branch_dop_operator_v3' retrieved from /home/airflow/.local/lib/python3.12/site-packages/airflow/example_dags/example_branch_python_dop_operator_3.py
[2026-07-24T17:35:26.892+0000] {logging_mixin.py:188} INFO - [2026-07-24T17:35:26.892+0000] {dag.py:3089} INFO - Sync 1 DAGs
[2026-07-24T17:35:26.934+0000] {logging_mixin.py:188} INFO - [2026-07-24T17:35:26.933+0000] {dag.py:3947} INFO - Setting next_dagrun for example_branch_dop_operator_v3 to 2026-07-24 17:34:00+00:00, run_after=2026-07-24 17:35:00+00:00
[2026-07-24T17:35:26.972+0000] {processor.py:183} INFO - Processing /home/airflow/.local/lib/python3.12/site-packages/airflow/example_dags/example_branch_python_dop_operator_3.py took 0.142 seconds
[2026-07-24T17:35:59.291+0000] {processor.py:161} INFO - Started process (PID=4197) to work on /home/airflow/.local/lib/python3.12/site-packages/airflow/example_dags/example_branch_python_dop_operator_3.py
[2026-07-24T17:35:59.296+0000] {processor.py:830} INFO - Processing file /home/airflow/.local/lib/python3.12/site-packages/airflow/example_dags/example_branch_python_dop_operator_3.py for tasks to queue
[2026-07-24T17:35:59.307+0000] {logging_mixin.py:188} INFO - [2026-07-24T17:35:59.304+0000] {dagbag.py:545} INFO - Filling up the DagBag from /home/airflow/.local/lib/python3.12/site-packages/airflow/example_dags/example_branch_python_dop_operator_3.py
[2026-07-24T17:35:59.348+0000] {processor.py:840} INFO - DAG(s) 'example_branch_dop_operator_v3' retrieved from /home/airflow/.local/lib/python3.12/site-packages/airflow/example_dags/example_branch_python_dop_operator_3.py
[2026-07-24T17:35:59.414+0000] {logging_mixin.py:188} INFO - [2026-07-24T17:35:59.413+0000] {dag.py:3089} INFO - Sync 1 DAGs
[2026-07-24T17:35:59.483+0000] {logging_mixin.py:188} INFO - [2026-07-24T17:35:59.483+0000] {dag.py:3947} INFO - Setting next_dagrun for example_branch_dop_operator_v3 to 2026-07-24 17:34:00+00:00, run_after=2026-07-24 17:35:00+00:00
[2026-07-24T17:35:59.546+0000] {processor.py:183} INFO - Processing /home/airflow/.local/lib/python3.12/site-packages/airflow/example_dags/example_branch_python_dop_operator_3.py took 0.283 seconds
[2026-07-24T17:36:29.979+0000] {processor.py:161} INFO - Started process (PID=4270) to work on /home/airflow/.local/lib/python3.12/site-packages/airflow/example_dags/example_branch_python_dop_operator_3.py
[2026-07-24T17:36:29.981+0000] {processor.py:830} INFO - Processing file /home/airflow/.local/lib/python3.12/site-packages/airflow/example_dags/example_branch_python_dop_operator_3.py for tasks to queue
[2026-07-24T17:36:29.985+0000] {logging_mixin.py:188} INFO - [2026-07-24T17:36:29.985+0000] {dagbag.py:545} INFO - Filling up the DagBag from /home/airflow/.local/lib/python3.12/site-packages/airflow/example_dags/example_branch_python_dop_operator_3.py
[2026-07-24T17:36:29.999+0000] {processor.py:840} INFO - DAG(s) 'example_branch_dop_operator_v3' retrieved from /home/airflow/.local/lib/python3.12/site-packages/airflow/example_dags/example_branch_python_dop_operator_3.py
[2026-07-24T17:36:30.032+0000] {logging_mixin.py:188} INFO - [2026-07-24T17:36:30.032+0000] {dag.py:3089} INFO - Sync 1 DAGs
[2026-07-24T17:36:30.070+0000] {logging_mixin.py:188} INFO - [2026-07-24T17:36:30.070+0000] {dag.py:3947} INFO - Setting next_dagrun for example_branch_dop_operator_v3 to 2026-07-24 17:35:00+00:00, run_after=2026-07-24 17:36:00+00:00
[2026-07-24T17:36:30.104+0000] {processor.py:183} INFO - Processing /home/airflow/.local/lib/python3.12/site-packages/airflow/example_dags/example_branch_python_dop_operator_3.py took 0.135 seconds
[2026-07-24T17:37:00.843+0000] {processor.py:161} INFO - Started process (PID=4343) to work on /home/airflow/.local/lib/python3.12/site-packages/airflow/example_dags/example_branch_python_dop_operator_3.py
[2026-07-24T17:37:00.846+0000] {processor.py:830} INFO - Processing file /home/airflow/.local/lib/python3.12/site-packages/airflow/example_dags/example_branch_python_dop_operator_3.py for tasks to queue
[2026-07-24T17:37:00.852+0000] {logging_mixin.py:188} INFO - [2026-07-24T17:37:00.852+0000] {dagbag.py:545} INFO - Filling up the DagBag from /home/airflow/.local/lib/python3.12/site-packages/airflow/example_dags/example_branch_python_dop_operator_3.py
[2026-07-24T17:37:00.875+0000] {processor.py:840} INFO - DAG(s) 'example_branch_dop_operator_v3' retrieved from /home/airflow/.local/lib/python3.12/site-packages/airflow/example_dags/example_branch_python_dop_operator_3.py
[2026-07-24T17:37:00.916+0000] {logging_mixin.py:188} INFO - [2026-07-24T17:37:00.916+0000] {dag.py:3089} INFO - Sync 1 DAGs
[2026-07-24T17:37:00.964+0000] {logging_mixin.py:188} INFO - [2026-07-24T17:37:00.964+0000] {dag.py:3947} INFO - Setting next_dagrun for example_branch_dop_operator_v3 to 2026-07-24 17:36:00+00:00, run_after=2026-07-24 17:37:00+00:00
[2026-07-24T17:37:01.006+0000] {processor.py:183} INFO - Processing /home/airflow/.local/lib/python3.12/site-packages/airflow/example_dags/example_branch_python_dop_operator_3.py took 0.174 seconds
[2026-07-24T17:37:32.630+0000] {processor.py:161} INFO - Started process (PID=4416) to work on /home/airflow/.local/lib/python3.12/site-packages/airflow/example_dags/example_branch_python_dop_operator_3.py
[2026-07-24T17:37:32.633+0000] {processor.py:830} INFO - Processing file /home/airflow/.local/lib/python3.12/site-packages/airflow/example_dags/example_branch_python_dop_operator_3.py for tasks to queue
[2026-07-24T17:37:32.637+0000] {logging_mixin.py:188} INFO - [2026-07-24T17:37:32.636+0000] {dagbag.py:545} INFO - Filling up the DagBag from /home/airflow/.local/lib/python3.12/site-packages/airflow/example_dags/example_branch_python_dop_operator_3.py
[2026-07-24T17:37:32.657+0000] {processor.py:840} INFO - DAG(s) 'example_branch_dop_operator_v3' retrieved from /home/airflow/.local/lib/python3.12/site-packages/airflow/example_dags/example_branch_python_dop_operator_3.py
[2026-07-24T17:37:32.703+0000] {logging_mixin.py:188} INFO - [2026-07-24T17:37:32.703+0000] {dag.py:3089} INFO - Sync 1 DAGs
[2026-07-24T17:37:32.753+0000] {logging_mixin.py:188} INFO - [2026-07-24T17:37:32.752+0000] {dag.py:3947} INFO - Setting next_dagrun for example_branch_dop_operator_v3 to 2026-07-24 17:36:00+00:00, run_after=2026-07-24 17:37:00+00:00
[2026-07-24T17:37:32.810+0000] {processor.py:183} INFO - Processing /home/airflow/.local/lib/python3.12/site-packages/airflow/example_dags/example_branch_python_dop_operator_3.py took 0.195 seconds
[2026-07-24T17:38:03.174+0000] {processor.py:161} INFO - Started process (PID=4492) to work on /home/airflow/.local/lib/python3.12/site-packages/airflow/example_dags/example_branch_python_dop_operator_3.py
[2026-07-24T17:38:03.176+0000] {processor.py:830} INFO - Processing file /home/airflow/.local/lib/python3.12/site-packages/airflow/example_dags/example_branch_python_dop_operator_3.py for tasks to queue
[2026-07-24T17:38:03.181+0000] {logging_mixin.py:188} INFO - [2026-07-24T17:38:03.180+0000] {dagbag.py:545} INFO - Filling up the DagBag from /home/airflow/.local/lib/python3.12/site-packages/airflow/example_dags/example_branch_python_dop_operator_3.py
[2026-07-24T17:38:03.195+0000] {processor.py:840} INFO - DAG(s) 'example_branch_dop_operator_v3' retrieved from /home/airflow/.local/lib/python3.12/site-packages/airflow/example_dags/example_branch_python_dop_operator_3.py
[2026-07-24T17:38:03.238+0000] {logging_mixin.py:188} INFO - [2026-07-24T17:38:03.237+0000] {dag.py:3089} INFO - Sync 1 DAGs
[2026-07-24T17:38:03.297+0000] {logging_mixin.py:188} INFO - [2026-07-24T17:38:03.296+0000] {dag.py:3947} INFO - Setting next_dagrun for example_branch_dop_operator_v3 to 2026-07-24 17:37:00+00:00, run_after=2026-07-24 17:38:00+00:00
[2026-07-24T17:38:03.359+0000] {processor.py:183} INFO - Processing /home/airflow/.local/lib/python3.12/site-packages/airflow/example_dags/example_branch_python_dop_operator_3.py took 0.194 seconds
[2026-07-24T17:38:35.554+0000] {processor.py:161} INFO - Started process (PID=4566) to work on /home/airflow/.local/lib/python3.12/site-packages/airflow/example_dags/example_branch_python_dop_operator_3.py
[2026-07-24T17:38:35.557+0000] {processor.py:830} INFO - Processing file /home/airflow/.local/lib/python3.12/site-packages/airflow/example_dags/example_branch_python_dop_operator_3.py for tasks to queue
[2026-07-24T17:38:35.562+0000] {logging_mixin.py:188} INFO - [2026-07-24T17:38:35.562+0000] {dagbag.py:545} INFO - Filling up the DagBag from /home/airflow/.local/lib/python3.12/site-packages/airflow/example_dags/example_branch_python_dop_operator_3.py
[2026-07-24T17:38:35.582+0000] {processor.py:840} INFO - DAG(s) 'example_branch_dop_operator_v3' retrieved from /home/airflow/.local/lib/python3.12/site-packages/airflow/example_dags/example_branch_python_dop_operator_3.py
[2026-07-24T17:38:35.634+0000] {logging_mixin.py:188} INFO - [2026-07-24T17:38:35.634+0000] {dag.py:3089} INFO - Sync 1 DAGs
[2026-07-24T17:38:35.683+0000] {logging_mixin.py:188} INFO - [2026-07-24T17:38:35.683+0000] {dag.py:3947} INFO - Setting next_dagrun for example_branch_dop_operator_v3 to 2026-07-24 17:37:00+00:00, run_after=2026-07-24 17:38:00+00:00
[2026-07-24T17:38:35.722+0000] {processor.py:183} INFO - Processing /home/airflow/.local/lib/python3.12/site-packages/airflow/example_dags/example_branch_python_dop_operator_3.py took 0.183 seconds
[2026-07-24T17:39:05.983+0000] {processor.py:161} INFO - Started process (PID=4639) to work on /home/airflow/.local/lib/python3.12/site-packages/airflow/example_dags/example_branch_python_dop_operator_3.py
[2026-07-24T17:39:05.986+0000] {processor.py:830} INFO - Processing file /home/airflow/.local/lib/python3.12/site-packages/airflow/example_dags/example_branch_python_dop_operator_3.py for tasks to queue
[2026-07-24T17:39:05.989+0000] {logging_mixin.py:188} INFO - [2026-07-24T17:39:05.989+0000] {dagbag.py:545} INFO - Filling up the DagBag from /home/airflow/.local/lib/python3.12/site-packages/airflow/example_dags/example_branch_python_dop_operator_3.py
[2026-07-24T17:39:06.005+0000] {processor.py:840} INFO - DAG(s) 'example_branch_dop_operator_v3' retrieved from /home/airflow/.local/lib/python3.12/site-packages/airflow/example_dags/example_branch_python_dop_operator_3.py
[2026-07-24T17:39:06.046+0000] {logging_mixin.py:188} INFO - [2026-07-24T17:39:06.045+0000] {dag.py:3089} INFO - Sync 1 DAGs
[2026-07-24T17:39:06.093+0000] {logging_mixin.py:188} INFO - [2026-07-24T17:39:06.093+0000] {dag.py:3947} INFO - Setting next_dagrun for example_branch_dop_operator_v3 to 2026-07-24 17:38:00+00:00, run_after=2026-07-24 17:39:00+00:00
[2026-07-24T17:39:06.134+0000] {processor.py:183} INFO - Processing /home/airflow/.local/lib/python3.12/site-packages/airflow/example_dags/example_branch_python_dop_operator_3.py took 0.162 seconds
[2026-07-24T17:39:38.151+0000] {processor.py:161} INFO - Started process (PID=4711) to work on /home/airflow/.local/lib/python3.12/site-packages/airflow/example_dags/example_branch_python_dop_operator_3.py
[2026-07-24T17:39:38.155+0000] {processor.py:830} INFO - Processing file /home/airflow/.local/lib/python3.12/site-packages/airflow/example_dags/example_branch_python_dop_operator_3.py for tasks to queue
[2026-07-24T17:39:38.162+0000] {logging_mixin.py:188} INFO - [2026-07-24T17:39:38.161+0000] {dagbag.py:545} INFO - Filling up the DagBag from /home/airflow/.local/lib/python3.12/site-packages/airflow/example_dags/example_branch_python_dop_operator_3.py
[2026-07-24T17:39:38.184+0000] {processor.py:840} INFO - DAG(s) 'example_branch_dop_operator_v3' retrieved from /home/airflow/.local/lib/python3.12/site-packages/airflow/example_dags/example_branch_python_dop_operator_3.py
[2026-07-24T17:39:38.237+0000] {logging_mixin.py:188} INFO - [2026-07-24T17:39:38.236+0000] {dag.py:3089} INFO - Sync 1 DAGs
[2026-07-24T17:39:38.304+0000] {logging_mixin.py:188} INFO - [2026-07-24T17:39:38.304+0000] {dag.py:3947} INFO - Setting next_dagrun for example_branch_dop_operator_v3 to 2026-07-24 17:38:00+00:00, run_after=2026-07-24 17:39:00+00:00
[2026-07-24T17:39:38.354+0000] {processor.py:183} INFO - Processing /home/airflow/.local/lib/python3.12/site-packages/airflow/example_dags/example_branch_python_dop_operator_3.py took 0.223 seconds
[2026-07-24T17:40:10.145+0000] {processor.py:161} INFO - Started process (PID=4793) to work on /home/airflow/.local/lib/python3.12/site-packages/airflow/example_dags/example_branch_python_dop_operator_3.py
[2026-07-24T17:40:10.148+0000] {processor.py:830} INFO - Processing file /home/airflow/.local/lib/python3.12/site-packages/airflow/example_dags/example_branch_python_dop_operator_3.py for tasks to queue
[2026-07-24T17:40:10.153+0000] {logging_mixin.py:188} INFO - [2026-07-24T17:40:10.152+0000] {dagbag.py:545} INFO - Filling up the DagBag from /home/airflow/.local/lib/python3.12/site-packages/airflow/example_dags/example_branch_python_dop_operator_3.py
[2026-07-24T17:40:10.175+0000] {processor.py:840} INFO - DAG(s) 'example_branch_dop_operator_v3' retrieved from /home/airflow/.local/lib/python3.12/site-packages/airflow/example_dags/example_branch_python_dop_operator_3.py
[2026-07-24T17:40:10.219+0000] {logging_mixin.py:188} INFO - [2026-07-24T17:40:10.218+0000] {dag.py:3089} INFO - Sync 1 DAGs
[2026-07-24T17:40:10.279+0000] {logging_mixin.py:188} INFO - [2026-07-24T17:40:10.278+0000] {dag.py:3947} INFO - Setting next_dagrun for example_branch_dop_operator_v3 to 2026-07-24 17:39:00+00:00, run_after=2026-07-24 17:40:00+00:00
[2026-07-24T17:40:10.336+0000] {processor.py:183} INFO - Processing /home/airflow/.local/lib/python3.12/site-packages/airflow/example_dags/example_branch_python_dop_operator_3.py took 0.209 seconds
[2026-07-24T17:40:41.291+0000] {processor.py:161} INFO - Started process (PID=4865) to work on /home/airflow/.local/lib/python3.12/site-packages/airflow/example_dags/example_branch_python_dop_operator_3.py
[2026-07-24T17:40:41.302+0000] {processor.py:830} INFO - Processing file /home/airflow/.local/lib/python3.12/site-packages/airflow/example_dags/example_branch_python_dop_operator_3.py for tasks to queue
[2026-07-24T17:40:41.308+0000] {logging_mixin.py:188} INFO - [2026-07-24T17:40:41.307+0000] {dagbag.py:545} INFO - Filling up the DagBag from /home/airflow/.local/lib/python3.12/site-packages/airflow/example_dags/example_branch_python_dop_operator_3.py
[2026-07-24T17:40:41.330+0000] {processor.py:840} INFO - DAG(s) 'example_branch_dop_operator_v3' retrieved from /home/airflow/.local/lib/python3.12/site-packages/airflow/example_dags/example_branch_python_dop_operator_3.py
[2026-07-24T17:40:41.377+0000] {logging_mixin.py:188} INFO - [2026-07-24T17:40:41.376+0000] {dag.py:3089} INFO - Sync 1 DAGs
[2026-07-24T17:40:41.426+0000] {logging_mixin.py:188} INFO - [2026-07-24T17:40:41.426+0000] {dag.py:3947} INFO - Setting next_dagrun for example_branch_dop_operator_v3 to 2026-07-24 17:39:00+00:00, run_after=2026-07-24 17:40:00+00:00
[2026-07-24T17:40:41.505+0000] {processor.py:183} INFO - Processing /home/airflow/.local/lib/python3.12/site-packages/airflow/example_dags/example_branch_python_dop_operator_3.py took 0.225 seconds
[2026-07-24T17:41:11.812+0000] {processor.py:161} INFO - Started process (PID=4938) to work on /home/airflow/.local/lib/python3.12/site-packages/airflow/example_dags/example_branch_python_dop_operator_3.py
[2026-07-24T17:41:11.817+0000] {processor.py:830} INFO - Processing file /home/airflow/.local/lib/python3.12/site-packages/airflow/example_dags/example_branch_python_dop_operator_3.py for tasks to queue
[2026-07-24T17:41:11.827+0000] {logging_mixin.py:188} INFO - [2026-07-24T17:41:11.826+0000] {dagbag.py:545} INFO - Filling up the DagBag from /home/airflow/.local/lib/python3.12/site-packages/airflow/example_dags/example_branch_python_dop_operator_3.py
[2026-07-24T17:41:11.863+0000] {processor.py:840} INFO - DAG(s) 'example_branch_dop_operator_v3' retrieved from /home/airflow/.local/lib/python3.12/site-packages/airflow/example_dags/example_branch_python_dop_operator_3.py
[2026-07-24T17:41:11.921+0000] {logging_mixin.py:188} INFO - [2026-07-24T17:41:11.920+0000] {dag.py:3089} INFO - Sync 1 DAGs
[2026-07-24T17:41:12.065+0000] {logging_mixin.py:188} INFO - [2026-07-24T17:41:12.053+0000] {dag.py:3947} INFO - Setting next_dagrun for example_branch_dop_operator_v3 to 2026-07-24 17:40:00+00:00, run_after=2026-07-24 17:41:00+00:00
[2026-07-24T17:41:12.196+0000] {processor.py:183} INFO - Processing /home/airflow/.local/lib/python3.12/site-packages/airflow/example_dags/example_branch_python_dop_operator_3.py took 0.397 seconds
[2026-07-24T17:41:43.640+0000] {processor.py:161} INFO - Started process (PID=5011) to work on /home/airflow/.local/lib/python3.12/site-packages/airflow/example_dags/example_branch_python_dop_operator_3.py
[2026-07-24T17:41:43.643+0000] {processor.py:830} INFO - Processing file /home/airflow/.local/lib/python3.12/site-packages/airflow/example_dags/example_branch_python_dop_operator_3.py for tasks to queue
[2026-07-24T17:41:43.648+0000] {logging_mixin.py:188} INFO - [2026-07-24T17:41:43.647+0000] {dagbag.py:545} INFO - Filling up the DagBag from /home/airflow/.local/lib/python3.12/site-packages/airflow/example_dags/example_branch_python_dop_operator_3.py
[2026-07-24T17:41:43.667+0000] {processor.py:840} INFO - DAG(s) 'example_branch_dop_operator_v3' retrieved from /home/airflow/.local/lib/python3.12/site-packages/airflow/example_dags/example_branch_python_dop_operator_3.py
[2026-07-24T17:41:43.715+0000] {logging_mixin.py:188} INFO - [2026-07-24T17:41:43.715+0000] {dag.py:3089} INFO - Sync 1 DAGs
[2026-07-24T17:41:43.776+0000] {logging_mixin.py:188} INFO - [2026-07-24T17:41:43.776+0000] {dag.py:3947} INFO - Setting next_dagrun for example_branch_dop_operator_v3 to 2026-07-24 17:40:00+00:00, run_after=2026-07-24 17:41:00+00:00
[2026-07-24T17:41:43.816+0000] {processor.py:183} INFO - Processing /home/airflow/.local/lib/python3.12/site-packages/airflow/example_dags/example_branch_python_dop_operator_3.py took 0.187 seconds
[2026-07-24T17:42:14.077+0000] {processor.py:161} INFO - Started process (PID=5077) to work on /home/airflow/.local/lib/python3.12/site-packages/airflow/example_dags/example_branch_python_dop_operator_3.py
[2026-07-24T17:42:14.079+0000] {processor.py:830} INFO - Processing file /home/airflow/.local/lib/python3.12/site-packages/airflow/example_dags/example_branch_python_dop_operator_3.py for tasks to queue
[2026-07-24T17:42:14.083+0000] {logging_mixin.py:188} INFO - [2026-07-24T17:42:14.083+0000] {dagbag.py:545} INFO - Filling up the DagBag from /home/airflow/.local/lib/python3.12/site-packages/airflow/example_dags/example_branch_python_dop_operator_3.py
[2026-07-24T17:42:14.095+0000] {processor.py:840} INFO - DAG(s) 'example_branch_dop_operator_v3' retrieved from /home/airflow/.local/lib/python3.12/site-packages/airflow/example_dags/example_branch_python_dop_operator_3.py
[2026-07-24T17:42:14.124+0000] {logging_mixin.py:188} INFO - [2026-07-24T17:42:14.124+0000] {dag.py:3089} INFO - Sync 1 DAGs
[2026-07-24T17:42:14.156+0000] {logging_mixin.py:188} INFO - [2026-07-24T17:42:14.156+0000] {dag.py:3947} INFO - Setting next_dagrun for example_branch_dop_operator_v3 to 2026-07-24 17:41:00+00:00, run_after=2026-07-24 17:42:00+00:00
[2026-07-24T17:42:14.205+0000] {processor.py:183} INFO - Processing /home/airflow/.local/lib/python3.12/site-packages/airflow/example_dags/example_branch_python_dop_operator_3.py took 0.135 seconds
[2026-07-24T17:42:45.320+0000] {processor.py:161} INFO - Started process (PID=5151) to work on /home/airflow/.local/lib/python3.12/site-packages/airflow/example_dags/example_branch_python_dop_operator_3.py
[2026-07-24T17:42:45.322+0000] {processor.py:830} INFO - Processing file /home/airflow/.local/lib/python3.12/site-packages/airflow/example_dags/example_branch_python_dop_operator_3.py for tasks to queue
[2026-07-24T17:42:45.326+0000] {logging_mixin.py:188} INFO - [2026-07-24T17:42:45.326+0000] {dagbag.py:545} INFO - Filling up the DagBag from /home/airflow/.local/lib/python3.12/site-packages/airflow/example_dags/example_branch_python_dop_operator_3.py
[2026-07-24T17:42:45.342+0000] {processor.py:840} INFO - DAG(s) 'example_branch_dop_operator_v3' retrieved from /home/airflow/.local/lib/python3.12/site-packages/airflow/example_dags/example_branch_python_dop_operator_3.py
[2026-07-24T17:42:45.376+0000] {logging_mixin.py:188} INFO - [2026-07-24T17:42:45.376+0000] {dag.py:3089} INFO - Sync 1 DAGs
[2026-07-24T17:42:45.422+0000] {logging_mixin.py:188} INFO - [2026-07-24T17:42:45.421+0000] {dag.py:3947} INFO - Setting next_dagrun for example_branch_dop_operator_v3 to 2026-07-24 17:41:00+00:00, run_after=2026-07-24 17:42:00+00:00
[2026-07-24T17:42:45.457+0000] {processor.py:183} INFO - Processing /home/airflow/.local/lib/python3.12/site-packages/airflow/example_dags/example_branch_python_dop_operator_3.py took 0.147 seconds
[2026-07-24T17:43:15.991+0000] {processor.py:161} INFO - Started process (PID=5224) to work on /home/airflow/.local/lib/python3.12/site-packages/airflow/example_dags/example_branch_python_dop_operator_3.py
[2026-07-24T17:43:15.995+0000] {processor.py:830} INFO - Processing file /home/airflow/.local/lib/python3.12/site-packages/airflow/example_dags/example_branch_python_dop_operator_3.py for tasks to queue
[2026-07-24T17:43:15.999+0000] {logging_mixin.py:188} INFO - [2026-07-24T17:43:15.999+0000] {dagbag.py:545} INFO - Filling up the DagBag from /home/airflow/.local/lib/python3.12/site-packages/airflow/example_dags/example_branch_python_dop_operator_3.py
[2026-07-24T17:43:16.013+0000] {processor.py:840} INFO - DAG(s) 'example_branch_dop_operator_v3' retrieved from /home/airflow/.local/lib/python3.12/site-packages/airflow/example_dags/example_branch_python_dop_operator_3.py
[2026-07-24T17:43:16.048+0000] {logging_mixin.py:188} INFO - [2026-07-24T17:43:16.047+0000] {dag.py:3089} INFO - Sync 1 DAGs
[2026-07-24T17:43:16.085+0000] {logging_mixin.py:188} INFO - [2026-07-24T17:43:16.084+0000] {dag.py:3947} INFO - Setting next_dagrun for example_branch_dop_operator_v3 to 2026-07-24 17:42:00+00:00, run_after=2026-07-24 17:43:00+00:00
[2026-07-24T17:43:16.121+0000] {processor.py:183} INFO - Processing /home/airflow/.local/lib/python3.12/site-packages/airflow/example_dags/example_branch_python_dop_operator_3.py took 0.140 seconds
[2026-07-24T17:43:46.905+0000] {processor.py:161} INFO - Started process (PID=5297) to work on /home/airflow/.local/lib/python3.12/site-packages/airflow/example_dags/example_branch_python_dop_operator_3.py
[2026-07-24T17:43:46.907+0000] {processor.py:830} INFO - Processing file /home/airflow/.local/lib/python3.12/site-packages/airflow/example_dags/example_branch_python_dop_operator_3.py for tasks to queue
[2026-07-24T17:43:46.911+0000] {logging_mixin.py:188} INFO - [2026-07-24T17:43:46.910+0000] {dagbag.py:545} INFO - Filling up the DagBag from /home/airflow/.local/lib/python3.12/site-packages/airflow/example_dags/example_branch_python_dop_operator_3.py
[2026-07-24T17:43:46.924+0000] {processor.py:840} INFO - DAG(s) 'example_branch_dop_operator_v3' retrieved from /home/airflow/.local/lib/python3.12/site-packages/airflow/example_dags/example_branch_python_dop_operator_3.py
[2026-07-24T17:43:46.958+0000] {logging_mixin.py:188} INFO - [2026-07-24T17:43:46.957+0000] {dag.py:3089} INFO - Sync 1 DAGs
[2026-07-24T17:43:46.994+0000] {logging_mixin.py:188} INFO - [2026-07-24T17:43:46.994+0000] {dag.py:3947} INFO - Setting next_dagrun for example_branch_dop_operator_v3 to 2026-07-24 17:42:00+00:00, run_after=2026-07-24 17:43:00+00:00
[2026-07-24T17:43:47.026+0000] {processor.py:183} INFO - Processing /home/airflow/.local/lib/python3.12/site-packages/airflow/example_dags/example_branch_python_dop_operator_3.py took 0.129 seconds
[2026-07-24T17:44:17.615+0000] {processor.py:161} INFO - Started process (PID=5372) to work on /home/airflow/.local/lib/python3.12/site-packages/airflow/example_dags/example_branch_python_dop_operator_3.py
[2026-07-24T17:44:17.617+0000] {processor.py:830} INFO - Processing file /home/airflow/.local/lib/python3.12/site-packages/airflow/example_dags/example_branch_python_dop_operator_3.py for tasks to queue
[2026-07-24T17:44:17.621+0000] {logging_mixin.py:188} INFO - [2026-07-24T17:44:17.621+0000] {dagbag.py:545} INFO - Filling up the DagBag from /home/airflow/.local/lib/python3.12/site-packages/airflow/example_dags/example_branch_python_dop_operator_3.py
[2026-07-24T17:44:17.636+0000] {processor.py:840} INFO - DAG(s) 'example_branch_dop_operator_v3' retrieved from /home/airflow/.local/lib/python3.12/site-packages/airflow/example_dags/example_branch_python_dop_operator_3.py
[2026-07-24T17:44:17.671+0000] {logging_mixin.py:188} INFO - [2026-07-24T17:44:17.671+0000] {dag.py:3089} INFO - Sync 1 DAGs
[2026-07-24T17:44:17.710+0000] {logging_mixin.py:188} INFO - [2026-07-24T17:44:17.710+0000] {dag.py:3947} INFO - Setting next_dagrun for example_branch_dop_operator_v3 to 2026-07-24 17:43:00+00:00, run_after=2026-07-24 17:44:00+00:00
[2026-07-24T17:44:17.757+0000] {processor.py:183} INFO - Processing /home/airflow/.local/lib/python3.12/site-packages/airflow/example_dags/example_branch_python_dop_operator_3.py took 0.152 seconds
[2026-07-24T17:44:48.002+0000] {processor.py:161} INFO - Started process (PID=5445) to work on /home/airflow/.local/lib/python3.12/site-packages/airflow/example_dags/example_branch_python_dop_operator_3.py
[2026-07-24T17:44:48.005+0000] {processor.py:830} INFO - Processing file /home/airflow/.local/lib/python3.12/site-packages/airflow/example_dags/example_branch_python_dop_operator_3.py for tasks to queue
[2026-07-24T17:44:48.008+0000] {logging_mixin.py:188} INFO - [2026-07-24T17:44:48.008+0000] {dagbag.py:545} INFO - Filling up the DagBag from /home/airflow/.local/lib/python3.12/site-packages/airflow/example_dags/example_branch_python_dop_operator_3.py
[2026-07-24T17:44:48.021+0000] {processor.py:840} INFO - DAG(s) 'example_branch_dop_operator_v3' retrieved from /home/airflow/.local/lib/python3.12/site-packages/airflow/example_dags/example_branch_python_dop_operator_3.py
[2026-07-24T17:44:48.058+0000] {logging_mixin.py:188} INFO - [2026-07-24T17:44:48.057+0000] {dag.py:3089} INFO - Sync 1 DAGs
[2026-07-24T17:44:48.094+0000] {logging_mixin.py:188} INFO - [2026-07-24T17:44:48.094+0000] {dag.py:3947} INFO - Setting next_dagrun for example_branch_dop_operator_v3 to 2026-07-24 17:43:00+00:00, run_after=2026-07-24 17:44:00+00:00
[2026-07-24T17:44:48.130+0000] {processor.py:183} INFO - Processing /home/airflow/.local/lib/python3.12/site-packages/airflow/example_dags/example_branch_python_dop_operator_3.py took 0.135 seconds
[2026-07-24T17:45:23.557+0000] {processor.py:161} INFO - Started process (PID=5519) to work on /home/airflow/.local/lib/python3.12/site-packages/airflow/example_dags/example_branch_python_dop_operator_3.py
[2026-07-24T17:45:23.562+0000] {processor.py:830} INFO - Processing file /home/airflow/.local/lib/python3.12/site-packages/airflow/example_dags/example_branch_python_dop_operator_3.py for tasks to queue
[2026-07-24T17:45:23.570+0000] {logging_mixin.py:188} INFO - [2026-07-24T17:45:23.569+0000] {dagbag.py:545} INFO - Filling up the DagBag from /home/airflow/.local/lib/python3.12/site-packages/airflow/example_dags/example_branch_python_dop_operator_3.py
[2026-07-24T17:45:23.635+0000] {processor.py:840} INFO - DAG(s) 'example_branch_dop_operator_v3' retrieved from /home/airflow/.local/lib/python3.12/site-packages/airflow/example_dags/example_branch_python_dop_operator_3.py
[2026-07-24T17:45:23.753+0000] {logging_mixin.py:188} INFO - [2026-07-24T17:45:23.753+0000] {dag.py:3089} INFO - Sync 1 DAGs
[2026-07-24T17:45:23.850+0000] {logging_mixin.py:188} INFO - [2026-07-24T17:45:23.849+0000] {dag.py:3947} INFO - Setting next_dagrun for example_branch_dop_operator_v3 to 2026-07-24 17:44:00+00:00, run_after=2026-07-24 17:45:00+00:00
[2026-07-24T17:45:23.898+0000] {processor.py:183} INFO - Processing /home/airflow/.local/lib/python3.12/site-packages/airflow/example_dags/example_branch_python_dop_operator_3.py took 0.369 seconds
[2026-07-24T17:45:54.057+0000] {processor.py:161} INFO - Started process (PID=5592) to work on /home/airflow/.local/lib/python3.12/site-packages/airflow/example_dags/example_branch_python_dop_operator_3.py
[2026-07-24T17:45:54.059+0000] {processor.py:830} INFO - Processing file /home/airflow/.local/lib/python3.12/site-packages/airflow/example_dags/example_branch_python_dop_operator_3.py for tasks to queue
[2026-07-24T17:45:54.063+0000] {logging_mixin.py:188} INFO - [2026-07-24T17:45:54.063+0000] {dagbag.py:545} INFO - Filling up the DagBag from /home/airflow/.local/lib/python3.12/site-packages/airflow/example_dags/example_branch_python_dop_operator_3.py
[2026-07-24T17:45:54.076+0000] {processor.py:840} INFO - DAG(s) 'example_branch_dop_operator_v3' retrieved from /home/airflow/.local/lib/python3.12/site-packages/airflow/example_dags/example_branch_python_dop_operator_3.py
[2026-07-24T17:45:54.107+0000] {logging_mixin.py:188} INFO - [2026-07-24T17:45:54.106+0000] {dag.py:3089} INFO - Sync 1 DAGs
[2026-07-24T17:45:54.141+0000] {logging_mixin.py:188} INFO - [2026-07-24T17:45:54.141+0000] {dag.py:3947} INFO - Setting next_dagrun for example_branch_dop_operator_v3 to 2026-07-24 17:44:00+00:00, run_after=2026-07-24 17:45:00+00:00
[2026-07-24T17:45:54.171+0000] {processor.py:183} INFO - Processing /home/airflow/.local/lib/python3.12/site-packages/airflow/example_dags/example_branch_python_dop_operator_3.py took 0.124 seconds
[2026-07-24T17:46:25.117+0000] {processor.py:161} INFO - Started process (PID=5666) to work on /home/airflow/.local/lib/python3.12/site-packages/airflow/example_dags/example_branch_python_dop_operator_3.py
[2026-07-24T17:46:25.120+0000] {processor.py:830} INFO - Processing file /home/airflow/.local/lib/python3.12/site-packages/airflow/example_dags/example_branch_python_dop_operator_3.py for tasks to queue
[2026-07-24T17:46:25.126+0000] {logging_mixin.py:188} INFO - [2026-07-24T17:46:25.125+0000] {dagbag.py:545} INFO - Filling up the DagBag from /home/airflow/.local/lib/python3.12/site-packages/airflow/example_dags/example_branch_python_dop_operator_3.py
[2026-07-24T17:46:25.148+0000] {processor.py:840} INFO - DAG(s) 'example_branch_dop_operator_v3' retrieved from /home/airflow/.local/lib/python3.12/site-packages/airflow/example_dags/example_branch_python_dop_operator_3.py
[2026-07-24T17:46:25.204+0000] {logging_mixin.py:188} INFO - [2026-07-24T17:46:25.203+0000] {dag.py:3089} INFO - Sync 1 DAGs
[2026-07-24T17:46:25.268+0000] {logging_mixin.py:188} INFO - [2026-07-24T17:46:25.267+0000] {dag.py:3947} INFO - Setting next_dagrun for example_branch_dop_operator_v3 to 2026-07-24 17:45:00+00:00, run_after=2026-07-24 17:46:00+00:00
[2026-07-24T17:46:25.331+0000] {processor.py:183} INFO - Processing /home/airflow/.local/lib/python3.12/site-packages/airflow/example_dags/example_branch_python_dop_operator_3.py took 0.229 seconds
[2026-07-24T17:46:59.292+0000] {processor.py:161} INFO - Started process (PID=5739) to work on /home/airflow/.local/lib/python3.12/site-packages/airflow/example_dags/example_branch_python_dop_operator_3.py
[2026-07-24T17:46:59.296+0000] {processor.py:830} INFO - Processing file /home/airflow/.local/lib/python3.12/site-packages/airflow/example_dags/example_branch_python_dop_operator_3.py for tasks to queue
[2026-07-24T17:46:59.302+0000] {logging_mixin.py:188} INFO - [2026-07-24T17:46:59.301+0000] {dagbag.py:545} INFO - Filling up the DagBag from /home/airflow/.local/lib/python3.12/site-packages/airflow/example_dags/example_branch_python_dop_operator_3.py
[2026-07-24T17:46:59.317+0000] {processor.py:840} INFO - DAG(s) 'example_branch_dop_operator_v3' retrieved from /home/airflow/.local/lib/python3.12/site-packages/airflow/example_dags/example_branch_python_dop_operator_3.py
[2026-07-24T17:46:59.364+0000] {logging_mixin.py:188} INFO - [2026-07-24T17:46:59.364+0000] {dag.py:3089} INFO - Sync 1 DAGs
[2026-07-24T17:46:59.419+0000] {logging_mixin.py:188} INFO - [2026-07-24T17:46:59.418+0000] {dag.py:3947} INFO - Setting next_dagrun for example_branch_dop_operator_v3 to 2026-07-24 17:45:00+00:00, run_after=2026-07-24 17:46:00+00:00
[2026-07-24T17:46:59.464+0000] {processor.py:183} INFO - Processing /home/airflow/.local/lib/python3.12/site-packages/airflow/example_dags/example_branch_python_dop_operator_3.py took 0.184 seconds
[2026-07-24T17:47:30.358+0000] {processor.py:161} INFO - Started process (PID=5813) to work on /home/airflow/.local/lib/python3.12/site-packages/airflow/example_dags/example_branch_python_dop_operator_3.py
[2026-07-24T17:47:30.366+0000] {processor.py:830} INFO - Processing file /home/airflow/.local/lib/python3.12/site-packages/airflow/example_dags/example_branch_python_dop_operator_3.py for tasks to queue
[2026-07-24T17:47:30.378+0000] {logging_mixin.py:188} INFO - [2026-07-24T17:47:30.377+0000] {dagbag.py:545} INFO - Filling up the DagBag from /home/airflow/.local/lib/python3.12/site-packages/airflow/example_dags/example_branch_python_dop_operator_3.py
[2026-07-24T17:47:30.414+0000] {processor.py:840} INFO - DAG(s) 'example_branch_dop_operator_v3' retrieved from /home/airflow/.local/lib/python3.12/site-packages/airflow/example_dags/example_branch_python_dop_operator_3.py
[2026-07-24T17:47:30.495+0000] {logging_mixin.py:188} INFO - [2026-07-24T17:47:30.495+0000] {dag.py:3089} INFO - Sync 1 DAGs
[2026-07-24T17:47:30.560+0000] {logging_mixin.py:188} INFO - [2026-07-24T17:47:30.559+0000] {dag.py:3947} INFO - Setting next_dagrun for example_branch_dop_operator_v3 to 2026-07-24 17:46:00+00:00, run_after=2026-07-24 17:47:00+00:00
[2026-07-24T17:47:30.614+0000] {processor.py:183} INFO - Processing /home/airflow/.local/lib/python3.12/site-packages/airflow/example_dags/example_branch_python_dop_operator_3.py took 0.297 seconds
[2026-07-24T17:48:01.444+0000] {processor.py:161} INFO - Started process (PID=5889) to work on /home/airflow/.local/lib/python3.12/site-packages/airflow/example_dags/example_branch_python_dop_operator_3.py
[2026-07-24T17:48:01.446+0000] {processor.py:830} INFO - Processing file /home/airflow/.local/lib/python3.12/site-packages/airflow/example_dags/example_branch_python_dop_operator_3.py for tasks to queue
[2026-07-24T17:48:01.451+0000] {logging_mixin.py:188} INFO - [2026-07-24T17:48:01.450+0000] {dagbag.py:545} INFO - Filling up the DagBag from /home/airflow/.local/lib/python3.12/site-packages/airflow/example_dags/example_branch_python_dop_operator_3.py
[2026-07-24T17:48:01.469+0000] {processor.py:840} INFO - DAG(s) 'example_branch_dop_operator_v3' retrieved from /home/airflow/.local/lib/python3.12/site-packages/airflow/example_dags/example_branch_python_dop_operator_3.py
[2026-07-24T17:48:01.516+0000] {logging_mixin.py:188} INFO - [2026-07-24T17:48:01.515+0000] {dag.py:3089} INFO - Sync 1 DAGs
[2026-07-24T17:48:01.556+0000] {logging_mixin.py:188} INFO - [2026-07-24T17:48:01.555+0000] {dag.py:3947} INFO - Setting next_dagrun for example_branch_dop_operator_v3 to 2026-07-24 17:47:00+00:00, run_after=2026-07-24 17:48:00+00:00
[2026-07-24T17:48:01.610+0000] {processor.py:183} INFO - Processing /home/airflow/.local/lib/python3.12/site-packages/airflow/example_dags/example_branch_python_dop_operator_3.py took 0.182 seconds
[2026-07-24T17:48:33.609+0000] {processor.py:161} INFO - Started process (PID=5963) to work on /home/airflow/.local/lib/python3.12/site-packages/airflow/example_dags/example_branch_python_dop_operator_3.py
[2026-07-24T17:48:33.612+0000] {processor.py:830} INFO - Processing file /home/airflow/.local/lib/python3.12/site-packages/airflow/example_dags/example_branch_python_dop_operator_3.py for tasks to queue
[2026-07-24T17:48:33.617+0000] {logging_mixin.py:188} INFO - [2026-07-24T17:48:33.616+0000] {dagbag.py:545} INFO - Filling up the DagBag from /home/airflow/.local/lib/python3.12/site-packages/airflow/example_dags/example_branch_python_dop_operator_3.py
[2026-07-24T17:48:33.633+0000] {processor.py:840} INFO - DAG(s) 'example_branch_dop_operator_v3' retrieved from /home/airflow/.local/lib/python3.12/site-packages/airflow/example_dags/example_branch_python_dop_operator_3.py
[2026-07-24T17:48:33.682+0000] {logging_mixin.py:188} INFO - [2026-07-24T17:48:33.682+0000] {dag.py:3089} INFO - Sync 1 DAGs
[2026-07-24T17:48:33.736+0000] {logging_mixin.py:188} INFO - [2026-07-24T17:48:33.735+0000] {dag.py:3947} INFO - Setting next_dagrun for example_branch_dop_operator_v3 to 2026-07-24 17:47:00+00:00, run_after=2026-07-24 17:48:00+00:00
[2026-07-24T17:48:33.788+0000] {processor.py:183} INFO - Processing /home/airflow/.local/lib/python3.12/site-packages/airflow/example_dags/example_branch_python_dop_operator_3.py took 0.191 seconds
[2026-07-24T17:49:04.219+0000] {processor.py:161} INFO - Started process (PID=6036) to work on /home/airflow/.local/lib/python3.12/site-packages/airflow/example_dags/example_branch_python_dop_operator_3.py
[2026-07-24T17:49:04.221+0000] {processor.py:830} INFO - Processing file /home/airflow/.local/lib/python3.12/site-packages/airflow/example_dags/example_branch_python_dop_operator_3.py for tasks to queue
[2026-07-24T17:49:04.226+0000] {logging_mixin.py:188} INFO - [2026-07-24T17:49:04.225+0000] {dagbag.py:545} INFO - Filling up the DagBag from /home/airflow/.local/lib/python3.12/site-packages/airflow/example_dags/example_branch_python_dop_operator_3.py
[2026-07-24T17:49:04.241+0000] {processor.py:840} INFO - DAG(s) 'example_branch_dop_operator_v3' retrieved from /home/airflow/.local/lib/python3.12/site-packages/airflow/example_dags/example_branch_python_dop_operator_3.py
[2026-07-24T17:49:04.291+0000] {logging_mixin.py:188} INFO - [2026-07-24T17:49:04.290+0000] {dag.py:3089} INFO - Sync 1 DAGs
[2026-07-24T17:49:04.344+0000] {logging_mixin.py:188} INFO - [2026-07-24T17:49:04.343+0000] {dag.py:3947} INFO - Setting next_dagrun for example_branch_dop_operator_v3 to 2026-07-24 17:48:00+00:00, run_after=2026-07-24 17:49:00+00:00
[2026-07-24T17:49:04.381+0000] {processor.py:183} INFO - Processing /home/airflow/.local/lib/python3.12/site-packages/airflow/example_dags/example_branch_python_dop_operator_3.py took 0.172 seconds
[2026-07-24T17:49:37.938+0000] {processor.py:161} INFO - Started process (PID=6109) to work on /home/airflow/.local/lib/python3.12/site-packages/airflow/example_dags/example_branch_python_dop_operator_3.py
[2026-07-24T17:49:37.941+0000] {processor.py:830} INFO - Processing file /home/airflow/.local/lib/python3.12/site-packages/airflow/example_dags/example_branch_python_dop_operator_3.py for tasks to queue
[2026-07-24T17:49:37.949+0000] {logging_mixin.py:188} INFO - [2026-07-24T17:49:37.948+0000] {dagbag.py:545} INFO - Filling up the DagBag from /home/airflow/.local/lib/python3.12/site-packages/airflow/example_dags/example_branch_python_dop_operator_3.py
[2026-07-24T17:49:37.967+0000] {processor.py:840} INFO - DAG(s) 'example_branch_dop_operator_v3' retrieved from /home/airflow/.local/lib/python3.12/site-packages/airflow/example_dags/example_branch_python_dop_operator_3.py
[2026-07-24T17:49:38.010+0000] {logging_mixin.py:188} INFO - [2026-07-24T17:49:38.010+0000] {dag.py:3089} INFO - Sync 1 DAGs
[2026-07-24T17:49:38.066+0000] {logging_mixin.py:188} INFO - [2026-07-24T17:49:38.066+0000] {dag.py:3947} INFO - Setting next_dagrun for example_branch_dop_operator_v3 to 2026-07-24 17:48:00+00:00, run_after=2026-07-24 17:49:00+00:00
[2026-07-24T17:49:38.105+0000] {processor.py:183} INFO - Processing /home/airflow/.local/lib/python3.12/site-packages/airflow/example_dags/example_branch_python_dop_operator_3.py took 0.180 seconds
[2026-07-24T17:50:09.454+0000] {processor.py:161} INFO - Started process (PID=6191) to work on /home/airflow/.local/lib/python3.12/site-packages/airflow/example_dags/example_branch_python_dop_operator_3.py
[2026-07-24T17:50:09.458+0000] {processor.py:830} INFO - Processing file /home/airflow/.local/lib/python3.12/site-packages/airflow/example_dags/example_branch_python_dop_operator_3.py for tasks to queue
[2026-07-24T17:50:09.467+0000] {logging_mixin.py:188} INFO - [2026-07-24T17:50:09.466+0000] {dagbag.py:545} INFO - Filling up the DagBag from /home/airflow/.local/lib/python3.12/site-packages/airflow/example_dags/example_branch_python_dop_operator_3.py
[2026-07-24T17:50:09.488+0000] {processor.py:840} INFO - DAG(s) 'example_branch_dop_operator_v3' retrieved from /home/airflow/.local/lib/python3.12/site-packages/airflow/example_dags/example_branch_python_dop_operator_3.py
[2026-07-24T17:50:09.537+0000] {logging_mixin.py:188} INFO - [2026-07-24T17:50:09.536+0000] {dag.py:3089} INFO - Sync 1 DAGs
[2026-07-24T17:50:09.600+0000] {logging_mixin.py:188} INFO - [2026-07-24T17:50:09.599+0000] {dag.py:3947} INFO - Setting next_dagrun for example_branch_dop_operator_v3 to 2026-07-24 17:49:00+00:00, run_after=2026-07-24 17:50:00+00:00
[2026-07-24T17:50:09.649+0000] {processor.py:183} INFO - Processing /home/airflow/.local/lib/python3.12/site-packages/airflow/example_dags/example_branch_python_dop_operator_3.py took 0.205 seconds
[2026-07-24T17:50:40.983+0000] {processor.py:161} INFO - Started process (PID=6264) to work on /home/airflow/.local/lib/python3.12/site-packages/airflow/example_dags/example_branch_python_dop_operator_3.py
[2026-07-24T17:50:40.986+0000] {processor.py:830} INFO - Processing file /home/airflow/.local/lib/python3.12/site-packages/airflow/example_dags/example_branch_python_dop_operator_3.py for tasks to queue
[2026-07-24T17:50:40.991+0000] {logging_mixin.py:188} INFO - [2026-07-24T17:50:40.990+0000] {dagbag.py:545} INFO - Filling up the DagBag from /home/airflow/.local/lib/python3.12/site-packages/airflow/example_dags/example_branch_python_dop_operator_3.py
[2026-07-24T17:50:41.006+0000] {processor.py:840} INFO - DAG(s) 'example_branch_dop_operator_v3' retrieved from /home/airflow/.local/lib/python3.12/site-packages/airflow/example_dags/example_branch_python_dop_operator_3.py
[2026-07-24T17:50:41.050+0000] {logging_mixin.py:188} INFO - [2026-07-24T17:50:41.049+0000] {dag.py:3089} INFO - Sync 1 DAGs
[2026-07-24T17:50:41.106+0000] {logging_mixin.py:188} INFO - [2026-07-24T17:50:41.106+0000] {dag.py:3947} INFO - Setting next_dagrun for example_branch_dop_operator_v3 to 2026-07-24 17:49:00+00:00, run_after=2026-07-24 17:50:00+00:00
[2026-07-24T17:50:41.152+0000] {processor.py:183} INFO - Processing /home/airflow/.local/lib/python3.12/site-packages/airflow/example_dags/example_branch_python_dop_operator_3.py took 0.181 seconds
[2026-07-24T17:51:11.338+0000] {processor.py:161} INFO - Started process (PID=6328) to work on /home/airflow/.local/lib/python3.12/site-packages/airflow/example_dags/example_branch_python_dop_operator_3.py
[2026-07-24T17:51:11.341+0000] {processor.py:830} INFO - Processing file /home/airflow/.local/lib/python3.12/site-packages/airflow/example_dags/example_branch_python_dop_operator_3.py for tasks to queue
[2026-07-24T17:51:11.347+0000] {logging_mixin.py:188} INFO - [2026-07-24T17:51:11.346+0000] {dagbag.py:545} INFO - Filling up the DagBag from /home/airflow/.local/lib/python3.12/site-packages/airflow/example_dags/example_branch_python_dop_operator_3.py
[2026-07-24T17:51:11.369+0000] {processor.py:840} INFO - DAG(s) 'example_branch_dop_operator_v3' retrieved from /home/airflow/.local/lib/python3.12/site-packages/airflow/example_dags/example_branch_python_dop_operator_3.py
[2026-07-24T17:51:11.429+0000] {logging_mixin.py:188} INFO - [2026-07-24T17:51:11.429+0000] {dag.py:3089} INFO - Sync 1 DAGs
[2026-07-24T17:51:11.487+0000] {logging_mixin.py:188} INFO - [2026-07-24T17:51:11.487+0000] {dag.py:3947} INFO - Setting next_dagrun for example_branch_dop_operator_v3 to 2026-07-24 17:50:00+00:00, run_after=2026-07-24 17:51:00+00:00
[2026-07-24T17:51:11.530+0000] {processor.py:183} INFO - Processing /home/airflow/.local/lib/python3.12/site-packages/airflow/example_dags/example_branch_python_dop_operator_3.py took 0.207 seconds
[2026-07-24T17:51:43.679+0000] {processor.py:161} INFO - Started process (PID=6402) to work on /home/airflow/.local/lib/python3.12/site-packages/airflow/example_dags/example_branch_python_dop_operator_3.py
[2026-07-24T17:51:43.682+0000] {processor.py:830} INFO - Processing file /home/airflow/.local/lib/python3.12/site-packages/airflow/example_dags/example_branch_python_dop_operator_3.py for tasks to queue
[2026-07-24T17:51:43.686+0000] {logging_mixin.py:188} INFO - [2026-07-24T17:51:43.685+0000] {dagbag.py:545} INFO - Filling up the DagBag from /home/airflow/.local/lib/python3.12/site-packages/airflow/example_dags/example_branch_python_dop_operator_3.py
[2026-07-24T17:51:43.699+0000] {processor.py:840} INFO - DAG(s) 'example_branch_dop_operator_v3' retrieved from /home/airflow/.local/lib/python3.12/site-packages/airflow/example_dags/example_branch_python_dop_operator_3.py
[2026-07-24T17:51:43.740+0000] {logging_mixin.py:188} INFO - [2026-07-24T17:51:43.739+0000] {dag.py:3089} INFO - Sync 1 DAGs
[2026-07-24T17:51:43.794+0000] {logging_mixin.py:188} INFO - [2026-07-24T17:51:43.793+0000] {dag.py:3947} INFO - Setting next_dagrun for example_branch_dop_operator_v3 to 2026-07-24 17:50:00+00:00, run_after=2026-07-24 17:51:00+00:00
[2026-07-24T17:51:43.836+0000] {processor.py:183} INFO - Processing /home/airflow/.local/lib/python3.12/site-packages/airflow/example_dags/example_branch_python_dop_operator_3.py took 0.166 seconds
[2026-07-24T17:52:14.137+0000] {processor.py:161} INFO - Started process (PID=6476) to work on /home/airflow/.local/lib/python3.12/site-packages/airflow/example_dags/example_branch_python_dop_operator_3.py
[2026-07-24T17:52:14.139+0000] {processor.py:830} INFO - Processing file /home/airflow/.local/lib/python3.12/site-packages/airflow/example_dags/example_branch_python_dop_operator_3.py for tasks to queue
[2026-07-24T17:52:14.143+0000] {logging_mixin.py:188} INFO - [2026-07-24T17:52:14.142+0000] {dagbag.py:545} INFO - Filling up the DagBag from /home/airflow/.local/lib/python3.12/site-packages/airflow/example_dags/example_branch_python_dop_operator_3.py
[2026-07-24T17:52:14.158+0000] {processor.py:840} INFO - DAG(s) 'example_branch_dop_operator_v3' retrieved from /home/airflow/.local/lib/python3.12/site-packages/airflow/example_dags/example_branch_python_dop_operator_3.py
[2026-07-24T17:52:14.191+0000] {logging_mixin.py:188} INFO - [2026-07-24T17:52:14.191+0000] {dag.py:3089} INFO - Sync 1 DAGs
[2026-07-24T17:52:14.227+0000] {logging_mixin.py:188} INFO - [2026-07-24T17:52:14.227+0000] {dag.py:3947} INFO - Setting next_dagrun for example_branch_dop_operator_v3 to 2026-07-24 17:51:00+00:00, run_after=2026-07-24 17:52:00+00:00
[2026-07-24T17:52:14.258+0000] {processor.py:183} INFO - Processing /home/airflow/.local/lib/python3.12/site-packages/airflow/example_dags/example_branch_python_dop_operator_3.py took 0.130 seconds
[2026-07-24T17:52:46.839+0000] {processor.py:161} INFO - Started process (PID=6550) to work on /home/airflow/.local/lib/python3.12/site-packages/airflow/example_dags/example_branch_python_dop_operator_3.py
[2026-07-24T17:52:46.843+0000] {processor.py:830} INFO - Processing file /home/airflow/.local/lib/python3.12/site-packages/airflow/example_dags/example_branch_python_dop_operator_3.py for tasks to queue
[2026-07-24T17:52:46.850+0000] {logging_mixin.py:188} INFO - [2026-07-24T17:52:46.848+0000] {dagbag.py:545} INFO - Filling up the DagBag from /home/airflow/.local/lib/python3.12/site-packages/airflow/example_dags/example_branch_python_dop_operator_3.py
[2026-07-24T17:52:46.882+0000] {processor.py:840} INFO - DAG(s) 'example_branch_dop_operator_v3' retrieved from /home/airflow/.local/lib/python3.12/site-packages/airflow/example_dags/example_branch_python_dop_operator_3.py
[2026-07-24T17:52:46.931+0000] {logging_mixin.py:188} INFO - [2026-07-24T17:52:46.931+0000] {dag.py:3089} INFO - Sync 1 DAGs
[2026-07-24T17:52:46.993+0000] {logging_mixin.py:188} INFO - [2026-07-24T17:52:46.992+0000] {dag.py:3947} INFO - Setting next_dagrun for example_branch_dop_operator_v3 to 2026-07-24 17:51:00+00:00, run_after=2026-07-24 17:52:00+00:00
[2026-07-24T17:52:47.037+0000] {processor.py:183} INFO - Processing /home/airflow/.local/lib/python3.12/site-packages/airflow/example_dags/example_branch_python_dop_operator_3.py took 0.213 seconds
[2026-07-24T17:53:17.199+0000] {processor.py:161} INFO - Started process (PID=6622) to work on /home/airflow/.local/lib/python3.12/site-packages/airflow/example_dags/example_branch_python_dop_operator_3.py
[2026-07-24T17:53:17.202+0000] {processor.py:830} INFO - Processing file /home/airflow/.local/lib/python3.12/site-packages/airflow/example_dags/example_branch_python_dop_operator_3.py for tasks to queue
[2026-07-24T17:53:17.206+0000] {logging_mixin.py:188} INFO - [2026-07-24T17:53:17.205+0000] {dagbag.py:545} INFO - Filling up the DagBag from /home/airflow/.local/lib/python3.12/site-packages/airflow/example_dags/example_branch_python_dop_operator_3.py
[2026-07-24T17:53:17.220+0000] {processor.py:840} INFO - DAG(s) 'example_branch_dop_operator_v3' retrieved from /home/airflow/.local/lib/python3.12/site-packages/airflow/example_dags/example_branch_python_dop_operator_3.py
[2026-07-24T17:53:17.255+0000] {logging_mixin.py:188} INFO - [2026-07-24T17:53:17.255+0000] {dag.py:3089} INFO - Sync 1 DAGs
[2026-07-24T17:53:17.295+0000] {logging_mixin.py:188} INFO - [2026-07-24T17:53:17.295+0000] {dag.py:3947} INFO - Setting next_dagrun for example_branch_dop_operator_v3 to 2026-07-24 17:52:00+00:00, run_after=2026-07-24 17:53:00+00:00
[2026-07-24T17:53:17.328+0000] {processor.py:183} INFO - Processing /home/airflow/.local/lib/python3.12/site-packages/airflow/example_dags/example_branch_python_dop_operator_3.py took 0.153 seconds
[2026-07-24T17:53:49.274+0000] {processor.py:161} INFO - Started process (PID=6695) to work on /home/airflow/.local/lib/python3.12/site-packages/airflow/example_dags/example_branch_python_dop_operator_3.py
[2026-07-24T17:53:49.277+0000] {processor.py:830} INFO - Processing file /home/airflow/.local/lib/python3.12/site-packages/airflow/example_dags/example_branch_python_dop_operator_3.py for tasks to queue
[2026-07-24T17:53:49.282+0000] {logging_mixin.py:188} INFO - [2026-07-24T17:53:49.281+0000] {dagbag.py:545} INFO - Filling up the DagBag from /home/airflow/.local/lib/python3.12/site-packages/airflow/example_dags/example_branch_python_dop_operator_3.py
[2026-07-24T17:53:49.301+0000] {processor.py:840} INFO - DAG(s) 'example_branch_dop_operator_v3' retrieved from /home/airflow/.local/lib/python3.12/site-packages/airflow/example_dags/example_branch_python_dop_operator_3.py
[2026-07-24T17:53:49.359+0000] {logging_mixin.py:188} INFO - [2026-07-24T17:53:49.358+0000] {dag.py:3089} INFO - Sync 1 DAGs
[2026-07-24T17:53:49.418+0000] {logging_mixin.py:188} INFO - [2026-07-24T17:53:49.417+0000] {dag.py:3947} INFO - Setting next_dagrun for example_branch_dop_operator_v3 to 2026-07-24 17:52:00+00:00, run_after=2026-07-24 17:53:00+00:00
[2026-07-24T17:53:49.472+0000] {processor.py:183} INFO - Processing /home/airflow/.local/lib/python3.12/site-packages/airflow/example_dags/example_branch_python_dop_operator_3.py took 0.208 seconds
[2026-07-24T17:54:21.856+0000] {processor.py:161} INFO - Started process (PID=6768) to work on /home/airflow/.local/lib/python3.12/site-packages/airflow/example_dags/example_branch_python_dop_operator_3.py
[2026-07-24T17:54:21.859+0000] {processor.py:830} INFO - Processing file /home/airflow/.local/lib/python3.12/site-packages/airflow/example_dags/example_branch_python_dop_operator_3.py for tasks to queue
[2026-07-24T17:54:21.863+0000] {logging_mixin.py:188} INFO - [2026-07-24T17:54:21.862+0000] {dagbag.py:545} INFO - Filling up the DagBag from /home/airflow/.local/lib/python3.12/site-packages/airflow/example_dags/example_branch_python_dop_operator_3.py
[2026-07-24T17:54:21.877+0000] {processor.py:840} INFO - DAG(s) 'example_branch_dop_operator_v3' retrieved from /home/airflow/.local/lib/python3.12/site-packages/airflow/example_dags/example_branch_python_dop_operator_3.py
[2026-07-24T17:54:21.909+0000] {logging_mixin.py:188} INFO - [2026-07-24T17:54:21.909+0000] {dag.py:3089} INFO - Sync 1 DAGs
[2026-07-24T17:54:21.943+0000] {logging_mixin.py:188} INFO - [2026-07-24T17:54:21.943+0000] {dag.py:3947} INFO - Setting next_dagrun for example_branch_dop_operator_v3 to 2026-07-24 17:53:00+00:00, run_after=2026-07-24 17:54:00+00:00
[2026-07-24T17:54:21.972+0000] {processor.py:183} INFO - Processing /home/airflow/.local/lib/python3.12/site-packages/airflow/example_dags/example_branch_python_dop_operator_3.py took 0.126 seconds
[2026-07-24T17:54:52.310+0000] {processor.py:161} INFO - Started process (PID=6841) to work on /home/airflow/.local/lib/python3.12/site-packages/airflow/example_dags/example_branch_python_dop_operator_3.py
[2026-07-24T17:54:52.312+0000] {processor.py:830} INFO - Processing file /home/airflow/.local/lib/python3.12/site-packages/airflow/example_dags/example_branch_python_dop_operator_3.py for tasks to queue
[2026-07-24T17:54:52.316+0000] {logging_mixin.py:188} INFO - [2026-07-24T17:54:52.315+0000] {dagbag.py:545} INFO - Filling up the DagBag from /home/airflow/.local/lib/python3.12/site-packages/airflow/example_dags/example_branch_python_dop_operator_3.py
[2026-07-24T17:54:52.329+0000] {processor.py:840} INFO - DAG(s) 'example_branch_dop_operator_v3' retrieved from /home/airflow/.local/lib/python3.12/site-packages/airflow/example_dags/example_branch_python_dop_operator_3.py
[2026-07-24T17:54:52.359+0000] {logging_mixin.py:188} INFO - [2026-07-24T17:54:52.358+0000] {dag.py:3089} INFO - Sync 1 DAGs
[2026-07-24T17:54:52.390+0000] {logging_mixin.py:188} INFO - [2026-07-24T17:54:52.390+0000] {dag.py:3947} INFO - Setting next_dagrun for example_branch_dop_operator_v3 to 2026-07-24 17:53:00+00:00, run_after=2026-07-24 17:54:00+00:00
[2026-07-24T17:54:52.431+0000] {processor.py:183} INFO - Processing /home/airflow/.local/lib/python3.12/site-packages/airflow/example_dags/example_branch_python_dop_operator_3.py took 0.131 seconds
[2026-07-24T17:55:24.046+0000] {processor.py:161} INFO - Started process (PID=6915) to work on /home/airflow/.local/lib/python3.12/site-packages/airflow/example_dags/example_branch_python_dop_operator_3.py
[2026-07-24T17:55:24.048+0000] {processor.py:830} INFO - Processing file /home/airflow/.local/lib/python3.12/site-packages/airflow/example_dags/example_branch_python_dop_operator_3.py for tasks to queue
[2026-07-24T17:55:24.052+0000] {logging_mixin.py:188} INFO - [2026-07-24T17:55:24.052+0000] {dagbag.py:545} INFO - Filling up the DagBag from /home/airflow/.local/lib/python3.12/site-packages/airflow/example_dags/example_branch_python_dop_operator_3.py
[2026-07-24T17:55:24.066+0000] {processor.py:840} INFO - DAG(s) 'example_branch_dop_operator_v3' retrieved from /home/airflow/.local/lib/python3.12/site-packages/airflow/example_dags/example_branch_python_dop_operator_3.py
[2026-07-24T17:55:24.106+0000] {logging_mixin.py:188} INFO - [2026-07-24T17:55:24.105+0000] {dag.py:3089} INFO - Sync 1 DAGs
[2026-07-24T17:55:24.148+0000] {logging_mixin.py:188} INFO - [2026-07-24T17:55:24.148+0000] {dag.py:3947} INFO - Setting next_dagrun for example_branch_dop_operator_v3 to 2026-07-24 17:54:00+00:00, run_after=2026-07-24 17:55:00+00:00
[2026-07-24T17:55:24.185+0000] {processor.py:183} INFO - Processing /home/airflow/.local/lib/python3.12/site-packages/airflow/example_dags/example_branch_python_dop_operator_3.py took 0.147 seconds
[2026-07-24T17:55:56.015+0000] {processor.py:161} INFO - Started process (PID=6989) to work on /home/airflow/.local/lib/python3.12/site-packages/airflow/example_dags/example_branch_python_dop_operator_3.py
[2026-07-24T17:55:56.018+0000] {processor.py:830} INFO - Processing file /home/airflow/.local/lib/python3.12/site-packages/airflow/example_dags/example_branch_python_dop_operator_3.py for tasks to queue
[2026-07-24T17:55:56.022+0000] {logging_mixin.py:188} INFO - [2026-07-24T17:55:56.021+0000] {dagbag.py:545} INFO - Filling up the DagBag from /home/airflow/.local/lib/python3.12/site-packages/airflow/example_dags/example_branch_python_dop_operator_3.py
[2026-07-24T17:55:56.035+0000] {processor.py:840} INFO - DAG(s) 'example_branch_dop_operator_v3' retrieved from /home/airflow/.local/lib/python3.12/site-packages/airflow/example_dags/example_branch_python_dop_operator_3.py
[2026-07-24T17:55:56.064+0000] {logging_mixin.py:188} INFO - [2026-07-24T17:55:56.064+0000] {dag.py:3089} INFO - Sync 1 DAGs
[2026-07-24T17:55:56.100+0000] {logging_mixin.py:188} INFO - [2026-07-24T17:55:56.100+0000] {dag.py:3947} INFO - Setting next_dagrun for example_branch_dop_operator_v3 to 2026-07-24 17:54:00+00:00, run_after=2026-07-24 17:55:00+00:00
[2026-07-24T17:55:56.131+0000] {processor.py:183} INFO - Processing /home/airflow/.local/lib/python3.12/site-packages/airflow/example_dags/example_branch_python_dop_operator_3.py took 0.126 seconds
[2026-07-24T17:56:27.420+0000] {processor.py:161} INFO - Started process (PID=7062) to work on /home/airflow/.local/lib/python3.12/site-packages/airflow/example_dags/example_branch_python_dop_operator_3.py
[2026-07-24T17:56:27.422+0000] {processor.py:830} INFO - Processing file /home/airflow/.local/lib/python3.12/site-packages/airflow/example_dags/example_branch_python_dop_operator_3.py for tasks to queue
[2026-07-24T17:56:27.427+0000] {logging_mixin.py:188} INFO - [2026-07-24T17:56:27.426+0000] {dagbag.py:545} INFO - Filling up the DagBag from /home/airflow/.local/lib/python3.12/site-packages/airflow/example_dags/example_branch_python_dop_operator_3.py
[2026-07-24T17:56:27.445+0000] {processor.py:840} INFO - DAG(s) 'example_branch_dop_operator_v3' retrieved from /home/airflow/.local/lib/python3.12/site-packages/airflow/example_dags/example_branch_python_dop_operator_3.py
[2026-07-24T17:56:27.487+0000] {logging_mixin.py:188} INFO - [2026-07-24T17:56:27.486+0000] {dag.py:3089} INFO - Sync 1 DAGs
[2026-07-24T17:56:27.534+0000] {logging_mixin.py:188} INFO - [2026-07-24T17:56:27.533+0000] {dag.py:3947} INFO - Setting next_dagrun for example_branch_dop_operator_v3 to 2026-07-24 17:55:00+00:00, run_after=2026-07-24 17:56:00+00:00
[2026-07-24T17:56:27.575+0000] {processor.py:183} INFO - Processing /home/airflow/.local/lib/python3.12/site-packages/airflow/example_dags/example_branch_python_dop_operator_3.py took 0.165 seconds
[2026-07-24T17:56:58.553+0000] {processor.py:161} INFO - Started process (PID=7136) to work on /home/airflow/.local/lib/python3.12/site-packages/airflow/example_dags/example_branch_python_dop_operator_3.py
[2026-07-24T17:56:58.555+0000] {processor.py:830} INFO - Processing file /home/airflow/.local/lib/python3.12/site-packages/airflow/example_dags/example_branch_python_dop_operator_3.py for tasks to queue
[2026-07-24T17:56:58.559+0000] {logging_mixin.py:188} INFO - [2026-07-24T17:56:58.558+0000] {dagbag.py:545} INFO - Filling up the DagBag from /home/airflow/.local/lib/python3.12/site-packages/airflow/example_dags/example_branch_python_dop_operator_3.py
[2026-07-24T17:56:58.571+0000] {processor.py:840} INFO - DAG(s) 'example_branch_dop_operator_v3' retrieved from /home/airflow/.local/lib/python3.12/site-packages/airflow/example_dags/example_branch_python_dop_operator_3.py
[2026-07-24T17:56:58.601+0000] {logging_mixin.py:188} INFO - [2026-07-24T17:56:58.601+0000] {dag.py:3089} INFO - Sync 1 DAGs
[2026-07-24T17:56:58.636+0000] {logging_mixin.py:188} INFO - [2026-07-24T17:56:58.635+0000] {dag.py:3947} INFO - Setting next_dagrun for example_branch_dop_operator_v3 to 2026-07-24 17:55:00+00:00, run_after=2026-07-24 17:56:00+00:00
[2026-07-24T17:56:58.667+0000] {processor.py:183} INFO - Processing /home/airflow/.local/lib/python3.12/site-packages/airflow/example_dags/example_branch_python_dop_operator_3.py took 0.122 seconds
[2026-07-24T17:57:30.085+0000] {processor.py:161} INFO - Started process (PID=7209) to work on /home/airflow/.local/lib/python3.12/site-packages/airflow/example_dags/example_branch_python_dop_operator_3.py
[2026-07-24T17:57:30.090+0000] {processor.py:830} INFO - Processing file /home/airflow/.local/lib/python3.12/site-packages/airflow/example_dags/example_branch_python_dop_operator_3.py for tasks to queue
[2026-07-24T17:57:30.096+0000] {logging_mixin.py:188} INFO - [2026-07-24T17:57:30.095+0000] {dagbag.py:545} INFO - Filling up the DagBag from /home/airflow/.local/lib/python3.12/site-packages/airflow/example_dags/example_branch_python_dop_operator_3.py
[2026-07-24T17:57:30.121+0000] {processor.py:840} INFO - DAG(s) 'example_branch_dop_operator_v3' retrieved from /home/airflow/.local/lib/python3.12/site-packages/airflow/example_dags/example_branch_python_dop_operator_3.py
[2026-07-24T17:57:30.191+0000] {logging_mixin.py:188} INFO - [2026-07-24T17:57:30.190+0000] {dag.py:3089} INFO - Sync 1 DAGs
[2026-07-24T17:57:30.273+0000] {logging_mixin.py:188} INFO - [2026-07-24T17:57:30.273+0000] {dag.py:3947} INFO - Setting next_dagrun for example_branch_dop_operator_v3 to 2026-07-24 17:56:00+00:00, run_after=2026-07-24 17:57:00+00:00
[2026-07-24T17:57:30.377+0000] {processor.py:183} INFO - Processing /home/airflow/.local/lib/python3.12/site-packages/airflow/example_dags/example_branch_python_dop_operator_3.py took 0.305 seconds
[2026-07-24T17:58:02.199+0000] {processor.py:161} INFO - Started process (PID=7281) to work on /home/airflow/.local/lib/python3.12/site-packages/airflow/example_dags/example_branch_python_dop_operator_3.py
[2026-07-24T17:58:02.202+0000] {processor.py:830} INFO - Processing file /home/airflow/.local/lib/python3.12/site-packages/airflow/example_dags/example_branch_python_dop_operator_3.py for tasks to queue
[2026-07-24T17:58:02.209+0000] {logging_mixin.py:188} INFO - [2026-07-24T17:58:02.208+0000] {dagbag.py:545} INFO - Filling up the DagBag from /home/airflow/.local/lib/python3.12/site-packages/airflow/example_dags/example_branch_python_dop_operator_3.py
[2026-07-24T17:58:02.227+0000] {processor.py:840} INFO - DAG(s) 'example_branch_dop_operator_v3' retrieved from /home/airflow/.local/lib/python3.12/site-packages/airflow/example_dags/example_branch_python_dop_operator_3.py
[2026-07-24T17:58:02.270+0000] {logging_mixin.py:188} INFO - [2026-07-24T17:58:02.269+0000] {dag.py:3089} INFO - Sync 1 DAGs
[2026-07-24T17:58:02.331+0000] {logging_mixin.py:188} INFO - [2026-07-24T17:58:02.331+0000] {dag.py:3947} INFO - Setting next_dagrun for example_branch_dop_operator_v3 to 2026-07-24 17:57:00+00:00, run_after=2026-07-24 17:58:00+00:00
[2026-07-24T17:58:02.371+0000] {processor.py:183} INFO - Processing /home/airflow/.local/lib/python3.12/site-packages/airflow/example_dags/example_branch_python_dop_operator_3.py took 0.186 seconds
[2026-07-24T17:58:34.474+0000] {processor.py:161} INFO - Started process (PID=7358) to work on /home/airflow/.local/lib/python3.12/site-packages/airflow/example_dags/example_branch_python_dop_operator_3.py
[2026-07-24T17:58:34.476+0000] {processor.py:830} INFO - Processing file /home/airflow/.local/lib/python3.12/site-packages/airflow/example_dags/example_branch_python_dop_operator_3.py for tasks to queue
[2026-07-24T17:58:34.480+0000] {logging_mixin.py:188} INFO - [2026-07-24T17:58:34.480+0000] {dagbag.py:545} INFO - Filling up the DagBag from /home/airflow/.local/lib/python3.12/site-packages/airflow/example_dags/example_branch_python_dop_operator_3.py
[2026-07-24T17:58:34.493+0000] {processor.py:840} INFO - DAG(s) 'example_branch_dop_operator_v3' retrieved from /home/airflow/.local/lib/python3.12/site-packages/airflow/example_dags/example_branch_python_dop_operator_3.py
[2026-07-24T17:58:34.523+0000] {logging_mixin.py:188} INFO - [2026-07-24T17:58:34.523+0000] {dag.py:3089} INFO - Sync 1 DAGs
[2026-07-24T17:58:34.558+0000] {logging_mixin.py:188} INFO - [2026-07-24T17:58:34.557+0000] {dag.py:3947} INFO - Setting next_dagrun for example_branch_dop_operator_v3 to 2026-07-24 17:57:00+00:00, run_after=2026-07-24 17:58:00+00:00
[2026-07-24T17:58:34.588+0000] {processor.py:183} INFO - Processing /home/airflow/.local/lib/python3.12/site-packages/airflow/example_dags/example_branch_python_dop_operator_3.py took 0.122 seconds
[2026-07-24T17:59:05.947+0000] {processor.py:161} INFO - Started process (PID=7431) to work on /home/airflow/.local/lib/python3.12/site-packages/airflow/example_dags/example_branch_python_dop_operator_3.py
[2026-07-24T17:59:05.949+0000] {processor.py:830} INFO - Processing file /home/airflow/.local/lib/python3.12/site-packages/airflow/example_dags/example_branch_python_dop_operator_3.py for tasks to queue
[2026-07-24T17:59:05.954+0000] {logging_mixin.py:188} INFO - [2026-07-24T17:59:05.953+0000] {dagbag.py:545} INFO - Filling up the DagBag from /home/airflow/.local/lib/python3.12/site-packages/airflow/example_dags/example_branch_python_dop_operator_3.py
[2026-07-24T17:59:05.970+0000] {processor.py:840} INFO - DAG(s) 'example_branch_dop_operator_v3' retrieved from /home/airflow/.local/lib/python3.12/site-packages/airflow/example_dags/example_branch_python_dop_operator_3.py
[2026-07-24T17:59:06.010+0000] {logging_mixin.py:188} INFO - [2026-07-24T17:59:06.010+0000] {dag.py:3089} INFO - Sync 1 DAGs
[2026-07-24T17:59:06.062+0000] {logging_mixin.py:188} INFO - [2026-07-24T17:59:06.061+0000] {dag.py:3947} INFO - Setting next_dagrun for example_branch_dop_operator_v3 to 2026-07-24 17:58:00+00:00, run_after=2026-07-24 17:59:00+00:00
[2026-07-24T17:59:06.106+0000] {processor.py:183} INFO - Processing /home/airflow/.local/lib/python3.12/site-packages/airflow/example_dags/example_branch_python_dop_operator_3.py took 0.170 seconds
[2026-07-24T17:59:38.970+0000] {processor.py:161} INFO - Started process (PID=7505) to work on /home/airflow/.local/lib/python3.12/site-packages/airflow/example_dags/example_branch_python_dop_operator_3.py
[2026-07-24T17:59:38.972+0000] {processor.py:830} INFO - Processing file /home/airflow/.local/lib/python3.12/site-packages/airflow/example_dags/example_branch_python_dop_operator_3.py for tasks to queue
[2026-07-24T17:59:38.975+0000] {logging_mixin.py:188} INFO - [2026-07-24T17:59:38.975+0000] {dagbag.py:545} INFO - Filling up the DagBag from /home/airflow/.local/lib/python3.12/site-packages/airflow/example_dags/example_branch_python_dop_operator_3.py
[2026-07-24T17:59:38.990+0000] {processor.py:840} INFO - DAG(s) 'example_branch_dop_operator_v3' retrieved from /home/airflow/.local/lib/python3.12/site-packages/airflow/example_dags/example_branch_python_dop_operator_3.py
[2026-07-24T17:59:39.022+0000] {logging_mixin.py:188} INFO - [2026-07-24T17:59:39.022+0000] {dag.py:3089} INFO - Sync 1 DAGs
[2026-07-24T17:59:39.058+0000] {logging_mixin.py:188} INFO - [2026-07-24T17:59:39.058+0000] {dag.py:3947} INFO - Setting next_dagrun for example_branch_dop_operator_v3 to 2026-07-24 17:58:00+00:00, run_after=2026-07-24 17:59:00+00:00
[2026-07-24T17:59:39.097+0000] {processor.py:183} INFO - Processing /home/airflow/.local/lib/python3.12/site-packages/airflow/example_dags/example_branch_python_dop_operator_3.py took 0.135 seconds
[2026-07-24T18:00:09.873+0000] {processor.py:161} INFO - Started process (PID=7579) to work on /home/airflow/.local/lib/python3.12/site-packages/airflow/example_dags/example_branch_python_dop_operator_3.py
[2026-07-24T18:00:09.876+0000] {processor.py:830} INFO - Processing file /home/airflow/.local/lib/python3.12/site-packages/airflow/example_dags/example_branch_python_dop_operator_3.py for tasks to queue
[2026-07-24T18:00:09.879+0000] {logging_mixin.py:188} INFO - [2026-07-24T18:00:09.878+0000] {dagbag.py:545} INFO - Filling up the DagBag from /home/airflow/.local/lib/python3.12/site-packages/airflow/example_dags/example_branch_python_dop_operator_3.py
[2026-07-24T18:00:09.891+0000] {processor.py:840} INFO - DAG(s) 'example_branch_dop_operator_v3' retrieved from /home/airflow/.local/lib/python3.12/site-packages/airflow/example_dags/example_branch_python_dop_operator_3.py
[2026-07-24T18:00:09.922+0000] {logging_mixin.py:188} INFO - [2026-07-24T18:00:09.921+0000] {dag.py:3089} INFO - Sync 1 DAGs
[2026-07-24T18:00:09.958+0000] {logging_mixin.py:188} INFO - [2026-07-24T18:00:09.957+0000] {dag.py:3947} INFO - Setting next_dagrun for example_branch_dop_operator_v3 to 2026-07-24 17:59:00+00:00, run_after=2026-07-24 18:00:00+00:00
[2026-07-24T18:00:09.989+0000] {processor.py:183} INFO - Processing /home/airflow/.local/lib/python3.12/site-packages/airflow/example_dags/example_branch_python_dop_operator_3.py took 0.123 seconds
[2026-07-24T18:00:41.242+0000] {processor.py:161} INFO - Started process (PID=7654) to work on /home/airflow/.local/lib/python3.12/site-packages/airflow/example_dags/example_branch_python_dop_operator_3.py
[2026-07-24T18:00:41.244+0000] {processor.py:830} INFO - Processing file /home/airflow/.local/lib/python3.12/site-packages/airflow/example_dags/example_branch_python_dop_operator_3.py for tasks to queue
[2026-07-24T18:00:41.248+0000] {logging_mixin.py:188} INFO - [2026-07-24T18:00:41.247+0000] {dagbag.py:545} INFO - Filling up the DagBag from /home/airflow/.local/lib/python3.12/site-packages/airflow/example_dags/example_branch_python_dop_operator_3.py
[2026-07-24T18:00:41.261+0000] {processor.py:840} INFO - DAG(s) 'example_branch_dop_operator_v3' retrieved from /home/airflow/.local/lib/python3.12/site-packages/airflow/example_dags/example_branch_python_dop_operator_3.py
[2026-07-24T18:00:41.300+0000] {logging_mixin.py:188} INFO - [2026-07-24T18:00:41.299+0000] {dag.py:3089} INFO - Sync 1 DAGs
[2026-07-24T18:00:41.344+0000] {logging_mixin.py:188} INFO - [2026-07-24T18:00:41.344+0000] {dag.py:3947} INFO - Setting next_dagrun for example_branch_dop_operator_v3 to 2026-07-24 17:59:00+00:00, run_after=2026-07-24 18:00:00+00:00
[2026-07-24T18:00:41.386+0000] {processor.py:183} INFO - Processing /home/airflow/.local/lib/python3.12/site-packages/airflow/example_dags/example_branch_python_dop_operator_3.py took 0.153 seconds
[2026-07-24T18:01:12.057+0000] {processor.py:161} INFO - Started process (PID=7729) to work on /home/airflow/.local/lib/python3.12/site-packages/airflow/example_dags/example_branch_python_dop_operator_3.py
[2026-07-24T18:01:12.060+0000] {processor.py:830} INFO - Processing file /home/airflow/.local/lib/python3.12/site-packages/airflow/example_dags/example_branch_python_dop_operator_3.py for tasks to queue
[2026-07-24T18:01:12.064+0000] {logging_mixin.py:188} INFO - [2026-07-24T18:01:12.064+0000] {dagbag.py:545} INFO - Filling up the DagBag from /home/airflow/.local/lib/python3.12/site-packages/airflow/example_dags/example_branch_python_dop_operator_3.py
[2026-07-24T18:01:12.085+0000] {processor.py:840} INFO - DAG(s) 'example_branch_dop_operator_v3' retrieved from /home/airflow/.local/lib/python3.12/site-packages/airflow/example_dags/example_branch_python_dop_operator_3.py
[2026-07-24T18:01:12.120+0000] {logging_mixin.py:188} INFO - [2026-07-24T18:01:12.119+0000] {dag.py:3089} INFO - Sync 1 DAGs
[2026-07-24T18:01:12.160+0000] {logging_mixin.py:188} INFO - [2026-07-24T18:01:12.159+0000] {dag.py:3947} INFO - Setting next_dagrun for example_branch_dop_operator_v3 to 2026-07-24 18:00:00+00:00, run_after=2026-07-24 18:01:00+00:00
[2026-07-24T18:01:12.196+0000] {processor.py:183} INFO - Processing /home/airflow/.local/lib/python3.12/site-packages/airflow/example_dags/example_branch_python_dop_operator_3.py took 0.149 seconds
[2026-07-24T18:01:44.771+0000] {processor.py:161} INFO - Started process (PID=7808) to work on /home/airflow/.local/lib/python3.12/site-packages/airflow/example_dags/example_branch_python_dop_operator_3.py
[2026-07-24T18:01:44.777+0000] {processor.py:830} INFO - Processing file /home/airflow/.local/lib/python3.12/site-packages/airflow/example_dags/example_branch_python_dop_operator_3.py for tasks to queue
[2026-07-24T18:01:44.782+0000] {logging_mixin.py:188} INFO - [2026-07-24T18:01:44.782+0000] {dagbag.py:545} INFO - Filling up the DagBag from /home/airflow/.local/lib/python3.12/site-packages/airflow/example_dags/example_branch_python_dop_operator_3.py
[2026-07-24T18:01:44.803+0000] {processor.py:840} INFO - DAG(s) 'example_branch_dop_operator_v3' retrieved from /home/airflow/.local/lib/python3.12/site-packages/airflow/example_dags/example_branch_python_dop_operator_3.py
[2026-07-24T18:01:44.866+0000] {logging_mixin.py:188} INFO - [2026-07-24T18:01:44.865+0000] {dag.py:3089} INFO - Sync 1 DAGs
[2026-07-24T18:01:44.935+0000] {logging_mixin.py:188} INFO - [2026-07-24T18:01:44.935+0000] {dag.py:3947} INFO - Setting next_dagrun for example_branch_dop_operator_v3 to 2026-07-24 18:00:00+00:00, run_after=2026-07-24 18:01:00+00:00
[2026-07-24T18:01:45.003+0000] {processor.py:183} INFO - Processing /home/airflow/.local/lib/python3.12/site-packages/airflow/example_dags/example_branch_python_dop_operator_3.py took 0.250 seconds
[2026-07-24T18:02:16.173+0000] {processor.py:161} INFO - Started process (PID=7882) to work on /home/airflow/.local/lib/python3.12/site-packages/airflow/example_dags/example_branch_python_dop_operator_3.py
[2026-07-24T18:02:16.177+0000] {processor.py:830} INFO - Processing file /home/airflow/.local/lib/python3.12/site-packages/airflow/example_dags/example_branch_python_dop_operator_3.py for tasks to queue
[2026-07-24T18:02:16.183+0000] {logging_mixin.py:188} INFO - [2026-07-24T18:02:16.182+0000] {dagbag.py:545} INFO - Filling up the DagBag from /home/airflow/.local/lib/python3.12/site-packages/airflow/example_dags/example_branch_python_dop_operator_3.py
[2026-07-24T18:02:16.207+0000] {processor.py:840} INFO - DAG(s) 'example_branch_dop_operator_v3' retrieved from /home/airflow/.local/lib/python3.12/site-packages/airflow/example_dags/example_branch_python_dop_operator_3.py
[2026-07-24T18:02:16.254+0000] {logging_mixin.py:188} INFO - [2026-07-24T18:02:16.253+0000] {dag.py:3089} INFO - Sync 1 DAGs
[2026-07-24T18:02:16.307+0000] {logging_mixin.py:188} INFO - [2026-07-24T18:02:16.307+0000] {dag.py:3947} INFO - Setting next_dagrun for example_branch_dop_operator_v3 to 2026-07-24 18:01:00+00:00, run_after=2026-07-24 18:02:00+00:00
[2026-07-24T18:02:16.350+0000] {processor.py:183} INFO - Processing /home/airflow/.local/lib/python3.12/site-packages/airflow/example_dags/example_branch_python_dop_operator_3.py took 0.192 seconds
[2026-07-24T18:02:47.659+0000] {processor.py:161} INFO - Started process (PID=7956) to work on /home/airflow/.local/lib/python3.12/site-packages/airflow/example_dags/example_branch_python_dop_operator_3.py
[2026-07-24T18:02:47.663+0000] {processor.py:830} INFO - Processing file /home/airflow/.local/lib/python3.12/site-packages/airflow/example_dags/example_branch_python_dop_operator_3.py for tasks to queue
[2026-07-24T18:02:47.670+0000] {logging_mixin.py:188} INFO - [2026-07-24T18:02:47.669+0000] {dagbag.py:545} INFO - Filling up the DagBag from /home/airflow/.local/lib/python3.12/site-packages/airflow/example_dags/example_branch_python_dop_operator_3.py
[2026-07-24T18:02:47.706+0000] {processor.py:840} INFO - DAG(s) 'example_branch_dop_operator_v3' retrieved from /home/airflow/.local/lib/python3.12/site-packages/airflow/example_dags/example_branch_python_dop_operator_3.py
[2026-07-24T18:02:47.765+0000] {logging_mixin.py:188} INFO - [2026-07-24T18:02:47.764+0000] {dag.py:3089} INFO - Sync 1 DAGs
[2026-07-24T18:02:47.839+0000] {logging_mixin.py:188} INFO - [2026-07-24T18:02:47.838+0000] {dag.py:3947} INFO - Setting next_dagrun for example_branch_dop_operator_v3 to 2026-07-24 18:01:00+00:00, run_after=2026-07-24 18:02:00+00:00
[2026-07-24T18:02:47.889+0000] {processor.py:183} INFO - Processing /home/airflow/.local/lib/python3.12/site-packages/airflow/example_dags/example_branch_python_dop_operator_3.py took 0.247 seconds
[2026-07-24T18:03:18.624+0000] {processor.py:161} INFO - Started process (PID=8030) to work on /home/airflow/.local/lib/python3.12/site-packages/airflow/example_dags/example_branch_python_dop_operator_3.py
[2026-07-24T18:03:18.628+0000] {processor.py:830} INFO - Processing file /home/airflow/.local/lib/python3.12/site-packages/airflow/example_dags/example_branch_python_dop_operator_3.py for tasks to queue
[2026-07-24T18:03:18.638+0000] {logging_mixin.py:188} INFO - [2026-07-24T18:03:18.637+0000] {dagbag.py:545} INFO - Filling up the DagBag from /home/airflow/.local/lib/python3.12/site-packages/airflow/example_dags/example_branch_python_dop_operator_3.py
[2026-07-24T18:03:18.660+0000] {processor.py:840} INFO - DAG(s) 'example_branch_dop_operator_v3' retrieved from /home/airflow/.local/lib/python3.12/site-packages/airflow/example_dags/example_branch_python_dop_operator_3.py
[2026-07-24T18:03:18.704+0000] {logging_mixin.py:188} INFO - [2026-07-24T18:03:18.704+0000] {dag.py:3089} INFO - Sync 1 DAGs
[2026-07-24T18:03:18.793+0000] {logging_mixin.py:188} INFO - [2026-07-24T18:03:18.793+0000] {dag.py:3947} INFO - Setting next_dagrun for example_branch_dop_operator_v3 to 2026-07-24 18:02:00+00:00, run_after=2026-07-24 18:03:00+00:00
[2026-07-24T18:03:18.846+0000] {processor.py:183} INFO - Processing /home/airflow/.local/lib/python3.12/site-packages/airflow/example_dags/example_branch_python_dop_operator_3.py took 0.241 seconds
[2026-07-24T18:03:52.303+0000] {processor.py:161} INFO - Started process (PID=8105) to work on /home/airflow/.local/lib/python3.12/site-packages/airflow/example_dags/example_branch_python_dop_operator_3.py
[2026-07-24T18:03:52.313+0000] {processor.py:830} INFO - Processing file /home/airflow/.local/lib/python3.12/site-packages/airflow/example_dags/example_branch_python_dop_operator_3.py for tasks to queue
[2026-07-24T18:03:52.320+0000] {logging_mixin.py:188} INFO - [2026-07-24T18:03:52.319+0000] {dagbag.py:545} INFO - Filling up the DagBag from /home/airflow/.local/lib/python3.12/site-packages/airflow/example_dags/example_branch_python_dop_operator_3.py
[2026-07-24T18:03:52.364+0000] {processor.py:840} INFO - DAG(s) 'example_branch_dop_operator_v3' retrieved from /home/airflow/.local/lib/python3.12/site-packages/airflow/example_dags/example_branch_python_dop_operator_3.py
[2026-07-24T18:03:52.431+0000] {logging_mixin.py:188} INFO - [2026-07-24T18:03:52.430+0000] {dag.py:3089} INFO - Sync 1 DAGs
[2026-07-24T18:03:52.510+0000] {logging_mixin.py:188} INFO - [2026-07-24T18:03:52.509+0000] {dag.py:3947} INFO - Setting next_dagrun for example_branch_dop_operator_v3 to 2026-07-24 18:02:00+00:00, run_after=2026-07-24 18:03:00+00:00
[2026-07-24T18:03:52.574+0000] {processor.py:183} INFO - Processing /home/airflow/.local/lib/python3.12/site-packages/airflow/example_dags/example_branch_python_dop_operator_3.py took 0.291 seconds
[2026-07-24T18:04:22.696+0000] {processor.py:161} INFO - Started process (PID=8172) to work on /home/airflow/.local/lib/python3.12/site-packages/airflow/example_dags/example_branch_python_dop_operator_3.py
[2026-07-24T18:04:22.699+0000] {processor.py:830} INFO - Processing file /home/airflow/.local/lib/python3.12/site-packages/airflow/example_dags/example_branch_python_dop_operator_3.py for tasks to queue
[2026-07-24T18:04:22.704+0000] {logging_mixin.py:188} INFO - [2026-07-24T18:04:22.703+0000] {dagbag.py:545} INFO - Filling up the DagBag from /home/airflow/.local/lib/python3.12/site-packages/airflow/example_dags/example_branch_python_dop_operator_3.py
[2026-07-24T18:04:22.719+0000] {processor.py:840} INFO - DAG(s) 'example_branch_dop_operator_v3' retrieved from /home/airflow/.local/lib/python3.12/site-packages/airflow/example_dags/example_branch_python_dop_operator_3.py
[2026-07-24T18:04:22.757+0000] {logging_mixin.py:188} INFO - [2026-07-24T18:04:22.757+0000] {dag.py:3089} INFO - Sync 1 DAGs
[2026-07-24T18:04:22.804+0000] {logging_mixin.py:188} INFO - [2026-07-24T18:04:22.803+0000] {dag.py:3947} INFO - Setting next_dagrun for example_branch_dop_operator_v3 to 2026-07-24 18:03:00+00:00, run_after=2026-07-24 18:04:00+00:00
[2026-07-24T18:04:22.843+0000] {processor.py:183} INFO - Processing /home/airflow/.local/lib/python3.12/site-packages/airflow/example_dags/example_branch_python_dop_operator_3.py took 0.155 seconds
[2026-07-24T18:04:54.927+0000] {processor.py:161} INFO - Started process (PID=8245) to work on /home/airflow/.local/lib/python3.12/site-packages/airflow/example_dags/example_branch_python_dop_operator_3.py
[2026-07-24T18:04:54.931+0000] {processor.py:830} INFO - Processing file /home/airflow/.local/lib/python3.12/site-packages/airflow/example_dags/example_branch_python_dop_operator_3.py for tasks to queue
[2026-07-24T18:04:54.937+0000] {logging_mixin.py:188} INFO - [2026-07-24T18:04:54.936+0000] {dagbag.py:545} INFO - Filling up the DagBag from /home/airflow/.local/lib/python3.12/site-packages/airflow/example_dags/example_branch_python_dop_operator_3.py
[2026-07-24T18:04:54.970+0000] {processor.py:840} INFO - DAG(s) 'example_branch_dop_operator_v3' retrieved from /home/airflow/.local/lib/python3.12/site-packages/airflow/example_dags/example_branch_python_dop_operator_3.py
[2026-07-24T18:04:55.028+0000] {logging_mixin.py:188} INFO - [2026-07-24T18:04:55.028+0000] {dag.py:3089} INFO - Sync 1 DAGs
[2026-07-24T18:04:55.097+0000] {logging_mixin.py:188} INFO - [2026-07-24T18:04:55.096+0000] {dag.py:3947} INFO - Setting next_dagrun for example_branch_dop_operator_v3 to 2026-07-24 18:03:00+00:00, run_after=2026-07-24 18:04:00+00:00
[2026-07-24T18:04:55.160+0000] {processor.py:183} INFO - Processing /home/airflow/.local/lib/python3.12/site-packages/airflow/example_dags/example_branch_python_dop_operator_3.py took 0.251 seconds
[2026-07-24T18:05:25.347+0000] {processor.py:161} INFO - Started process (PID=8317) to work on /home/airflow/.local/lib/python3.12/site-packages/airflow/example_dags/example_branch_python_dop_operator_3.py
[2026-07-24T18:05:25.349+0000] {processor.py:830} INFO - Processing file /home/airflow/.local/lib/python3.12/site-packages/airflow/example_dags/example_branch_python_dop_operator_3.py for tasks to queue
[2026-07-24T18:05:25.353+0000] {logging_mixin.py:188} INFO - [2026-07-24T18:05:25.352+0000] {dagbag.py:545} INFO - Filling up the DagBag from /home/airflow/.local/lib/python3.12/site-packages/airflow/example_dags/example_branch_python_dop_operator_3.py
[2026-07-24T18:05:25.367+0000] {processor.py:840} INFO - DAG(s) 'example_branch_dop_operator_v3' retrieved from /home/airflow/.local/lib/python3.12/site-packages/airflow/example_dags/example_branch_python_dop_operator_3.py
[2026-07-24T18:05:25.406+0000] {logging_mixin.py:188} INFO - [2026-07-24T18:05:25.406+0000] {dag.py:3089} INFO - Sync 1 DAGs
[2026-07-24T18:05:25.445+0000] {logging_mixin.py:188} INFO - [2026-07-24T18:05:25.444+0000] {dag.py:3947} INFO - Setting next_dagrun for example_branch_dop_operator_v3 to 2026-07-24 18:04:00+00:00, run_after=2026-07-24 18:05:00+00:00
[2026-07-24T18:05:25.477+0000] {processor.py:183} INFO - Processing /home/airflow/.local/lib/python3.12/site-packages/airflow/example_dags/example_branch_python_dop_operator_3.py took 0.139 seconds
[2026-07-24T18:05:58.740+0000] {processor.py:161} INFO - Started process (PID=8389) to work on /home/airflow/.local/lib/python3.12/site-packages/airflow/example_dags/example_branch_python_dop_operator_3.py
[2026-07-24T18:05:58.744+0000] {processor.py:830} INFO - Processing file /home/airflow/.local/lib/python3.12/site-packages/airflow/example_dags/example_branch_python_dop_operator_3.py for tasks to queue
[2026-07-24T18:05:58.755+0000] {logging_mixin.py:188} INFO - [2026-07-24T18:05:58.754+0000] {dagbag.py:545} INFO - Filling up the DagBag from /home/airflow/.local/lib/python3.12/site-packages/airflow/example_dags/example_branch_python_dop_operator_3.py
[2026-07-24T18:05:58.797+0000] {processor.py:840} INFO - DAG(s) 'example_branch_dop_operator_v3' retrieved from /home/airflow/.local/lib/python3.12/site-packages/airflow/example_dags/example_branch_python_dop_operator_3.py
[2026-07-24T18:05:58.884+0000] {logging_mixin.py:188} INFO - [2026-07-24T18:05:58.883+0000] {dag.py:3089} INFO - Sync 1 DAGs
[2026-07-24T18:05:58.988+0000] {logging_mixin.py:188} INFO - [2026-07-24T18:05:58.988+0000] {dag.py:3947} INFO - Setting next_dagrun for example_branch_dop_operator_v3 to 2026-07-24 18:04:00+00:00, run_after=2026-07-24 18:05:00+00:00
[2026-07-24T18:05:59.053+0000] {processor.py:183} INFO - Processing /home/airflow/.local/lib/python3.12/site-packages/airflow/example_dags/example_branch_python_dop_operator_3.py took 0.335 seconds
[2026-07-24T18:06:29.197+0000] {processor.py:161} INFO - Started process (PID=8463) to work on /home/airflow/.local/lib/python3.12/site-packages/airflow/example_dags/example_branch_python_dop_operator_3.py
[2026-07-24T18:06:29.201+0000] {processor.py:830} INFO - Processing file /home/airflow/.local/lib/python3.12/site-packages/airflow/example_dags/example_branch_python_dop_operator_3.py for tasks to queue
[2026-07-24T18:06:29.207+0000] {logging_mixin.py:188} INFO - [2026-07-24T18:06:29.206+0000] {dagbag.py:545} INFO - Filling up the DagBag from /home/airflow/.local/lib/python3.12/site-packages/airflow/example_dags/example_branch_python_dop_operator_3.py
[2026-07-24T18:06:29.224+0000] {processor.py:840} INFO - DAG(s) 'example_branch_dop_operator_v3' retrieved from /home/airflow/.local/lib/python3.12/site-packages/airflow/example_dags/example_branch_python_dop_operator_3.py
[2026-07-24T18:06:29.267+0000] {logging_mixin.py:188} INFO - [2026-07-24T18:06:29.266+0000] {dag.py:3089} INFO - Sync 1 DAGs
[2026-07-24T18:06:29.312+0000] {logging_mixin.py:188} INFO - [2026-07-24T18:06:29.312+0000] {dag.py:3947} INFO - Setting next_dagrun for example_branch_dop_operator_v3 to 2026-07-24 18:05:00+00:00, run_after=2026-07-24 18:06:00+00:00
[2026-07-24T18:06:29.343+0000] {processor.py:183} INFO - Processing /home/airflow/.local/lib/python3.12/site-packages/airflow/example_dags/example_branch_python_dop_operator_3.py took 0.161 seconds
[2026-07-24T18:07:00.059+0000] {processor.py:161} INFO - Started process (PID=8536) to work on /home/airflow/.local/lib/python3.12/site-packages/airflow/example_dags/example_branch_python_dop_operator_3.py
[2026-07-24T18:07:00.062+0000] {processor.py:830} INFO - Processing file /home/airflow/.local/lib/python3.12/site-packages/airflow/example_dags/example_branch_python_dop_operator_3.py for tasks to queue
[2026-07-24T18:07:00.067+0000] {logging_mixin.py:188} INFO - [2026-07-24T18:07:00.066+0000] {dagbag.py:545} INFO - Filling up the DagBag from /home/airflow/.local/lib/python3.12/site-packages/airflow/example_dags/example_branch_python_dop_operator_3.py
[2026-07-24T18:07:00.081+0000] {processor.py:840} INFO - DAG(s) 'example_branch_dop_operator_v3' retrieved from /home/airflow/.local/lib/python3.12/site-packages/airflow/example_dags/example_branch_python_dop_operator_3.py
[2026-07-24T18:07:00.122+0000] {logging_mixin.py:188} INFO - [2026-07-24T18:07:00.121+0000] {dag.py:3089} INFO - Sync 1 DAGs
[2026-07-24T18:07:00.171+0000] {logging_mixin.py:188} INFO - [2026-07-24T18:07:00.171+0000] {dag.py:3947} INFO - Setting next_dagrun for example_branch_dop_operator_v3 to 2026-07-24 18:06:00+00:00, run_after=2026-07-24 18:07:00+00:00
[2026-07-24T18:07:00.209+0000] {processor.py:183} INFO - Processing /home/airflow/.local/lib/python3.12/site-packages/airflow/example_dags/example_branch_python_dop_operator_3.py took 0.160 seconds
[2026-07-24T18:07:34.184+0000] {processor.py:161} INFO - Started process (PID=8609) to work on /home/airflow/.local/lib/python3.12/site-packages/airflow/example_dags/example_branch_python_dop_operator_3.py
[2026-07-24T18:07:34.187+0000] {processor.py:830} INFO - Processing file /home/airflow/.local/lib/python3.12/site-packages/airflow/example_dags/example_branch_python_dop_operator_3.py for tasks to queue
[2026-07-24T18:07:34.195+0000] {logging_mixin.py:188} INFO - [2026-07-24T18:07:34.193+0000] {dagbag.py:545} INFO - Filling up the DagBag from /home/airflow/.local/lib/python3.12/site-packages/airflow/example_dags/example_branch_python_dop_operator_3.py
[2026-07-24T18:07:34.208+0000] {processor.py:840} INFO - DAG(s) 'example_branch_dop_operator_v3' retrieved from /home/airflow/.local/lib/python3.12/site-packages/airflow/example_dags/example_branch_python_dop_operator_3.py
[2026-07-24T18:07:34.241+0000] {logging_mixin.py:188} INFO - [2026-07-24T18:07:34.241+0000] {dag.py:3089} INFO - Sync 1 DAGs
[2026-07-24T18:07:34.285+0000] {logging_mixin.py:188} INFO - [2026-07-24T18:07:34.285+0000] {dag.py:3947} INFO - Setting next_dagrun for example_branch_dop_operator_v3 to 2026-07-24 18:06:00+00:00, run_after=2026-07-24 18:07:00+00:00
[2026-07-24T18:07:34.322+0000] {processor.py:183} INFO - Processing /home/airflow/.local/lib/python3.12/site-packages/airflow/example_dags/example_branch_python_dop_operator_3.py took 0.149 seconds
[2026-07-24T18:08:04.458+0000] {processor.py:161} INFO - Started process (PID=8682) to work on /home/airflow/.local/lib/python3.12/site-packages/airflow/example_dags/example_branch_python_dop_operator_3.py
[2026-07-24T18:08:04.460+0000] {processor.py:830} INFO - Processing file /home/airflow/.local/lib/python3.12/site-packages/airflow/example_dags/example_branch_python_dop_operator_3.py for tasks to queue
[2026-07-24T18:08:04.463+0000] {logging_mixin.py:188} INFO - [2026-07-24T18:08:04.463+0000] {dagbag.py:545} INFO - Filling up the DagBag from /home/airflow/.local/lib/python3.12/site-packages/airflow/example_dags/example_branch_python_dop_operator_3.py
[2026-07-24T18:08:04.480+0000] {processor.py:840} INFO - DAG(s) 'example_branch_dop_operator_v3' retrieved from /home/airflow/.local/lib/python3.12/site-packages/airflow/example_dags/example_branch_python_dop_operator_3.py
[2026-07-24T18:08:04.515+0000] {logging_mixin.py:188} INFO - [2026-07-24T18:08:04.515+0000] {dag.py:3089} INFO - Sync 1 DAGs
[2026-07-24T18:08:04.551+0000] {logging_mixin.py:188} INFO - [2026-07-24T18:08:04.551+0000] {dag.py:3947} INFO - Setting next_dagrun for example_branch_dop_operator_v3 to 2026-07-24 18:07:00+00:00, run_after=2026-07-24 18:08:00+00:00
[2026-07-24T18:08:04.581+0000] {processor.py:183} INFO - Processing /home/airflow/.local/lib/python3.12/site-packages/airflow/example_dags/example_branch_python_dop_operator_3.py took 0.132 seconds
[2026-07-24T18:08:34.951+0000] {processor.py:161} INFO - Started process (PID=8755) to work on /home/airflow/.local/lib/python3.12/site-packages/airflow/example_dags/example_branch_python_dop_operator_3.py
[2026-07-24T18:08:34.953+0000] {processor.py:830} INFO - Processing file /home/airflow/.local/lib/python3.12/site-packages/airflow/example_dags/example_branch_python_dop_operator_3.py for tasks to queue
[2026-07-24T18:08:34.957+0000] {logging_mixin.py:188} INFO - [2026-07-24T18:08:34.957+0000] {dagbag.py:545} INFO - Filling up the DagBag from /home/airflow/.local/lib/python3.12/site-packages/airflow/example_dags/example_branch_python_dop_operator_3.py
[2026-07-24T18:08:34.971+0000] {processor.py:840} INFO - DAG(s) 'example_branch_dop_operator_v3' retrieved from /home/airflow/.local/lib/python3.12/site-packages/airflow/example_dags/example_branch_python_dop_operator_3.py
[2026-07-24T18:08:35.021+0000] {logging_mixin.py:188} INFO - [2026-07-24T18:08:35.020+0000] {dag.py:3089} INFO - Sync 1 DAGs
[2026-07-24T18:08:35.065+0000] {logging_mixin.py:188} INFO - [2026-07-24T18:08:35.064+0000] {dag.py:3947} INFO - Setting next_dagrun for example_branch_dop_operator_v3 to 2026-07-24 18:07:00+00:00, run_after=2026-07-24 18:08:00+00:00
[2026-07-24T18:08:35.098+0000] {processor.py:183} INFO - Processing /home/airflow/.local/lib/python3.12/site-packages/airflow/example_dags/example_branch_python_dop_operator_3.py took 0.155 seconds
[2026-07-24T18:09:06.020+0000] {processor.py:161} INFO - Started process (PID=8828) to work on /home/airflow/.local/lib/python3.12/site-packages/airflow/example_dags/example_branch_python_dop_operator_3.py
[2026-07-24T18:09:06.024+0000] {processor.py:830} INFO - Processing file /home/airflow/.local/lib/python3.12/site-packages/airflow/example_dags/example_branch_python_dop_operator_3.py for tasks to queue
[2026-07-24T18:09:06.030+0000] {logging_mixin.py:188} INFO - [2026-07-24T18:09:06.029+0000] {dagbag.py:545} INFO - Filling up the DagBag from /home/airflow/.local/lib/python3.12/site-packages/airflow/example_dags/example_branch_python_dop_operator_3.py
[2026-07-24T18:09:06.051+0000] {processor.py:840} INFO - DAG(s) 'example_branch_dop_operator_v3' retrieved from /home/airflow/.local/lib/python3.12/site-packages/airflow/example_dags/example_branch_python_dop_operator_3.py
[2026-07-24T18:09:06.095+0000] {logging_mixin.py:188} INFO - [2026-07-24T18:09:06.095+0000] {dag.py:3089} INFO - Sync 1 DAGs
[2026-07-24T18:09:06.153+0000] {logging_mixin.py:188} INFO - [2026-07-24T18:09:06.153+0000] {dag.py:3947} INFO - Setting next_dagrun for example_branch_dop_operator_v3 to 2026-07-24 18:08:00+00:00, run_after=2026-07-24 18:09:00+00:00
[2026-07-24T18:09:06.185+0000] {processor.py:183} INFO - Processing /home/airflow/.local/lib/python3.12/site-packages/airflow/example_dags/example_branch_python_dop_operator_3.py took 0.178 seconds
[2026-07-24T18:09:36.332+0000] {processor.py:161} INFO - Started process (PID=8901) to work on /home/airflow/.local/lib/python3.12/site-packages/airflow/example_dags/example_branch_python_dop_operator_3.py
[2026-07-24T18:09:36.334+0000] {processor.py:830} INFO - Processing file /home/airflow/.local/lib/python3.12/site-packages/airflow/example_dags/example_branch_python_dop_operator_3.py for tasks to queue
[2026-07-24T18:09:36.338+0000] {logging_mixin.py:188} INFO - [2026-07-24T18:09:36.337+0000] {dagbag.py:545} INFO - Filling up the DagBag from /home/airflow/.local/lib/python3.12/site-packages/airflow/example_dags/example_branch_python_dop_operator_3.py
[2026-07-24T18:09:36.351+0000] {processor.py:840} INFO - DAG(s) 'example_branch_dop_operator_v3' retrieved from /home/airflow/.local/lib/python3.12/site-packages/airflow/example_dags/example_branch_python_dop_operator_3.py
[2026-07-24T18:09:36.381+0000] {logging_mixin.py:188} INFO - [2026-07-24T18:09:36.381+0000] {dag.py:3089} INFO - Sync 1 DAGs
[2026-07-24T18:09:36.413+0000] {logging_mixin.py:188} INFO - [2026-07-24T18:09:36.413+0000] {dag.py:3947} INFO - Setting next_dagrun for example_branch_dop_operator_v3 to 2026-07-24 18:08:00+00:00, run_after=2026-07-24 18:09:00+00:00
[2026-07-24T18:09:36.446+0000] {processor.py:183} INFO - Processing /home/airflow/.local/lib/python3.12/site-packages/airflow/example_dags/example_branch_python_dop_operator_3.py took 0.121 seconds
[2026-07-24T18:10:06.980+0000] {processor.py:161} INFO - Started process (PID=8974) to work on /home/airflow/.local/lib/python3.12/site-packages/airflow/example_dags/example_branch_python_dop_operator_3.py
[2026-07-24T18:10:06.983+0000] {processor.py:830} INFO - Processing file /home/airflow/.local/lib/python3.12/site-packages/airflow/example_dags/example_branch_python_dop_operator_3.py for tasks to queue
[2026-07-24T18:10:06.987+0000] {logging_mixin.py:188} INFO - [2026-07-24T18:10:06.986+0000] {dagbag.py:545} INFO - Filling up the DagBag from /home/airflow/.local/lib/python3.12/site-packages/airflow/example_dags/example_branch_python_dop_operator_3.py
[2026-07-24T18:10:06.999+0000] {processor.py:840} INFO - DAG(s) 'example_branch_dop_operator_v3' retrieved from /home/airflow/.local/lib/python3.12/site-packages/airflow/example_dags/example_branch_python_dop_operator_3.py
[2026-07-24T18:10:07.032+0000] {logging_mixin.py:188} INFO - [2026-07-24T18:10:07.031+0000] {dag.py:3089} INFO - Sync 1 DAGs
[2026-07-24T18:10:07.067+0000] {logging_mixin.py:188} INFO - [2026-07-24T18:10:07.067+0000] {dag.py:3947} INFO - Setting next_dagrun for example_branch_dop_operator_v3 to 2026-07-24 18:09:00+00:00, run_after=2026-07-24 18:10:00+00:00
[2026-07-24T18:10:07.097+0000] {processor.py:183} INFO - Processing /home/airflow/.local/lib/python3.12/site-packages/airflow/example_dags/example_branch_python_dop_operator_3.py took 0.125 seconds
[2026-07-24T18:10:38.186+0000] {processor.py:161} INFO - Started process (PID=9049) to work on /home/airflow/.local/lib/python3.12/site-packages/airflow/example_dags/example_branch_python_dop_operator_3.py
[2026-07-24T18:10:38.188+0000] {processor.py:830} INFO - Processing file /home/airflow/.local/lib/python3.12/site-packages/airflow/example_dags/example_branch_python_dop_operator_3.py for tasks to queue
[2026-07-24T18:10:38.191+0000] {logging_mixin.py:188} INFO - [2026-07-24T18:10:38.191+0000] {dagbag.py:545} INFO - Filling up the DagBag from /home/airflow/.local/lib/python3.12/site-packages/airflow/example_dags/example_branch_python_dop_operator_3.py
[2026-07-24T18:10:38.202+0000] {processor.py:840} INFO - DAG(s) 'example_branch_dop_operator_v3' retrieved from /home/airflow/.local/lib/python3.12/site-packages/airflow/example_dags/example_branch_python_dop_operator_3.py
[2026-07-24T18:10:38.237+0000] {logging_mixin.py:188} INFO - [2026-07-24T18:10:38.237+0000] {dag.py:3089} INFO - Sync 1 DAGs
[2026-07-24T18:10:38.287+0000] {logging_mixin.py:188} INFO - [2026-07-24T18:10:38.287+0000] {dag.py:3947} INFO - Setting next_dagrun for example_branch_dop_operator_v3 to 2026-07-24 18:09:00+00:00, run_after=2026-07-24 18:10:00+00:00
[2026-07-24T18:10:38.319+0000] {processor.py:183} INFO - Processing /home/airflow/.local/lib/python3.12/site-packages/airflow/example_dags/example_branch_python_dop_operator_3.py took 0.141 seconds
[2026-07-24T18:11:09.261+0000] {processor.py:161} INFO - Started process (PID=9122) to work on /home/airflow/.local/lib/python3.12/site-packages/airflow/example_dags/example_branch_python_dop_operator_3.py
[2026-07-24T18:11:09.264+0000] {processor.py:830} INFO - Processing file /home/airflow/.local/lib/python3.12/site-packages/airflow/example_dags/example_branch_python_dop_operator_3.py for tasks to queue
[2026-07-24T18:11:09.267+0000] {logging_mixin.py:188} INFO - [2026-07-24T18:11:09.267+0000] {dagbag.py:545} INFO - Filling up the DagBag from /home/airflow/.local/lib/python3.12/site-packages/airflow/example_dags/example_branch_python_dop_operator_3.py
[2026-07-24T18:11:09.280+0000] {processor.py:840} INFO - DAG(s) 'example_branch_dop_operator_v3' retrieved from /home/airflow/.local/lib/python3.12/site-packages/airflow/example_dags/example_branch_python_dop_operator_3.py
[2026-07-24T18:11:09.309+0000] {logging_mixin.py:188} INFO - [2026-07-24T18:11:09.308+0000] {dag.py:3089} INFO - Sync 1 DAGs
[2026-07-24T18:11:09.341+0000] {logging_mixin.py:188} INFO - [2026-07-24T18:11:09.341+0000] {dag.py:3947} INFO - Setting next_dagrun for example_branch_dop_operator_v3 to 2026-07-24 18:10:00+00:00, run_after=2026-07-24 18:11:00+00:00
[2026-07-24T18:11:09.372+0000] {processor.py:183} INFO - Processing /home/airflow/.local/lib/python3.12/site-packages/airflow/example_dags/example_branch_python_dop_operator_3.py took 0.118 seconds
[2026-07-24T18:11:39.754+0000] {processor.py:161} INFO - Started process (PID=9195) to work on /home/airflow/.local/lib/python3.12/site-packages/airflow/example_dags/example_branch_python_dop_operator_3.py
[2026-07-24T18:11:39.757+0000] {processor.py:830} INFO - Processing file /home/airflow/.local/lib/python3.12/site-packages/airflow/example_dags/example_branch_python_dop_operator_3.py for tasks to queue
[2026-07-24T18:11:39.760+0000] {logging_mixin.py:188} INFO - [2026-07-24T18:11:39.760+0000] {dagbag.py:545} INFO - Filling up the DagBag from /home/airflow/.local/lib/python3.12/site-packages/airflow/example_dags/example_branch_python_dop_operator_3.py
[2026-07-24T18:11:39.774+0000] {processor.py:840} INFO - DAG(s) 'example_branch_dop_operator_v3' retrieved from /home/airflow/.local/lib/python3.12/site-packages/airflow/example_dags/example_branch_python_dop_operator_3.py
[2026-07-24T18:11:39.808+0000] {logging_mixin.py:188} INFO - [2026-07-24T18:11:39.807+0000] {dag.py:3089} INFO - Sync 1 DAGs
[2026-07-24T18:11:39.843+0000] {logging_mixin.py:188} INFO - [2026-07-24T18:11:39.843+0000] {dag.py:3947} INFO - Setting next_dagrun for example_branch_dop_operator_v3 to 2026-07-24 18:10:00+00:00, run_after=2026-07-24 18:11:00+00:00
[2026-07-24T18:11:39.874+0000] {processor.py:183} INFO - Processing /home/airflow/.local/lib/python3.12/site-packages/airflow/example_dags/example_branch_python_dop_operator_3.py took 0.130 seconds
[2026-07-24T18:12:12.397+0000] {processor.py:161} INFO - Started process (PID=9268) to work on /home/airflow/.local/lib/python3.12/site-packages/airflow/example_dags/example_branch_python_dop_operator_3.py
[2026-07-24T18:12:12.399+0000] {processor.py:830} INFO - Processing file /home/airflow/.local/lib/python3.12/site-packages/airflow/example_dags/example_branch_python_dop_operator_3.py for tasks to queue
[2026-07-24T18:12:12.403+0000] {logging_mixin.py:188} INFO - [2026-07-24T18:12:12.403+0000] {dagbag.py:545} INFO - Filling up the DagBag from /home/airflow/.local/lib/python3.12/site-packages/airflow/example_dags/example_branch_python_dop_operator_3.py
[2026-07-24T18:12:12.420+0000] {processor.py:840} INFO - DAG(s) 'example_branch_dop_operator_v3' retrieved from /home/airflow/.local/lib/python3.12/site-packages/airflow/example_dags/example_branch_python_dop_operator_3.py
[2026-07-24T18:12:12.454+0000] {logging_mixin.py:188} INFO - [2026-07-24T18:12:12.454+0000] {dag.py:3089} INFO - Sync 1 DAGs
[2026-07-24T18:12:12.497+0000] {logging_mixin.py:188} INFO - [2026-07-24T18:12:12.497+0000] {dag.py:3947} INFO - Setting next_dagrun for example_branch_dop_operator_v3 to 2026-07-24 18:11:00+00:00, run_after=2026-07-24 18:12:00+00:00
[2026-07-24T18:12:12.531+0000] {processor.py:183} INFO - Processing /home/airflow/.local/lib/python3.12/site-packages/airflow/example_dags/example_branch_python_dop_operator_3.py took 0.145 seconds
[2026-07-24T18:12:44.175+0000] {processor.py:161} INFO - Started process (PID=9341) to work on /home/airflow/.local/lib/python3.12/site-packages/airflow/example_dags/example_branch_python_dop_operator_3.py
[2026-07-24T18:12:44.178+0000] {processor.py:830} INFO - Processing file /home/airflow/.local/lib/python3.12/site-packages/airflow/example_dags/example_branch_python_dop_operator_3.py for tasks to queue
[2026-07-24T18:12:44.183+0000] {logging_mixin.py:188} INFO - [2026-07-24T18:12:44.182+0000] {dagbag.py:545} INFO - Filling up the DagBag from /home/airflow/.local/lib/python3.12/site-packages/airflow/example_dags/example_branch_python_dop_operator_3.py
[2026-07-24T18:12:44.198+0000] {processor.py:840} INFO - DAG(s) 'example_branch_dop_operator_v3' retrieved from /home/airflow/.local/lib/python3.12/site-packages/airflow/example_dags/example_branch_python_dop_operator_3.py
[2026-07-24T18:12:44.244+0000] {logging_mixin.py:188} INFO - [2026-07-24T18:12:44.243+0000] {dag.py:3089} INFO - Sync 1 DAGs
[2026-07-24T18:12:44.288+0000] {logging_mixin.py:188} INFO - [2026-07-24T18:12:44.288+0000] {dag.py:3947} INFO - Setting next_dagrun for example_branch_dop_operator_v3 to 2026-07-24 18:11:00+00:00, run_after=2026-07-24 18:12:00+00:00
[2026-07-24T18:12:44.327+0000] {processor.py:183} INFO - Processing /home/airflow/.local/lib/python3.12/site-packages/airflow/example_dags/example_branch_python_dop_operator_3.py took 0.166 seconds
[2026-07-24T18:13:15.730+0000] {processor.py:161} INFO - Started process (PID=9416) to work on /home/airflow/.local/lib/python3.12/site-packages/airflow/example_dags/example_branch_python_dop_operator_3.py
[2026-07-24T18:13:15.733+0000] {processor.py:830} INFO - Processing file /home/airflow/.local/lib/python3.12/site-packages/airflow/example_dags/example_branch_python_dop_operator_3.py for tasks to queue
[2026-07-24T18:13:15.736+0000] {logging_mixin.py:188} INFO - [2026-07-24T18:13:15.736+0000] {dagbag.py:545} INFO - Filling up the DagBag from /home/airflow/.local/lib/python3.12/site-packages/airflow/example_dags/example_branch_python_dop_operator_3.py
[2026-07-24T18:13:15.755+0000] {processor.py:840} INFO - DAG(s) 'example_branch_dop_operator_v3' retrieved from /home/airflow/.local/lib/python3.12/site-packages/airflow/example_dags/example_branch_python_dop_operator_3.py
[2026-07-24T18:13:15.808+0000] {logging_mixin.py:188} INFO - [2026-07-24T18:13:15.807+0000] {dag.py:3089} INFO - Sync 1 DAGs
[2026-07-24T18:13:15.857+0000] {logging_mixin.py:188} INFO - [2026-07-24T18:13:15.857+0000] {dag.py:3947} INFO - Setting next_dagrun for example_branch_dop_operator_v3 to 2026-07-24 18:12:00+00:00, run_after=2026-07-24 18:13:00+00:00
[2026-07-24T18:13:15.898+0000] {processor.py:183} INFO - Processing /home/airflow/.local/lib/python3.12/site-packages/airflow/example_dags/example_branch_python_dop_operator_3.py took 0.176 seconds
[2026-07-24T18:13:47.258+0000] {processor.py:161} INFO - Started process (PID=9496) to work on /home/airflow/.local/lib/python3.12/site-packages/airflow/example_dags/example_branch_python_dop_operator_3.py
[2026-07-24T18:13:47.262+0000] {processor.py:830} INFO - Processing file /home/airflow/.local/lib/python3.12/site-packages/airflow/example_dags/example_branch_python_dop_operator_3.py for tasks to queue
[2026-07-24T18:13:47.266+0000] {logging_mixin.py:188} INFO - [2026-07-24T18:13:47.266+0000] {dagbag.py:545} INFO - Filling up the DagBag from /home/airflow/.local/lib/python3.12/site-packages/airflow/example_dags/example_branch_python_dop_operator_3.py
[2026-07-24T18:13:47.282+0000] {processor.py:840} INFO - DAG(s) 'example_branch_dop_operator_v3' retrieved from /home/airflow/.local/lib/python3.12/site-packages/airflow/example_dags/example_branch_python_dop_operator_3.py
[2026-07-24T18:13:47.331+0000] {logging_mixin.py:188} INFO - [2026-07-24T18:13:47.331+0000] {dag.py:3089} INFO - Sync 1 DAGs
[2026-07-24T18:13:47.384+0000] {logging_mixin.py:188} INFO - [2026-07-24T18:13:47.383+0000] {dag.py:3947} INFO - Setting next_dagrun for example_branch_dop_operator_v3 to 2026-07-24 18:12:00+00:00, run_after=2026-07-24 18:13:00+00:00
[2026-07-24T18:13:47.428+0000] {processor.py:183} INFO - Processing /home/airflow/.local/lib/python3.12/site-packages/airflow/example_dags/example_branch_python_dop_operator_3.py took 0.182 seconds
[2026-07-24T18:14:17.679+0000] {processor.py:161} INFO - Started process (PID=9562) to work on /home/airflow/.local/lib/python3.12/site-packages/airflow/example_dags/example_branch_python_dop_operator_3.py
[2026-07-24T18:14:17.681+0000] {processor.py:830} INFO - Processing file /home/airflow/.local/lib/python3.12/site-packages/airflow/example_dags/example_branch_python_dop_operator_3.py for tasks to queue
[2026-07-24T18:14:17.685+0000] {logging_mixin.py:188} INFO - [2026-07-24T18:14:17.684+0000] {dagbag.py:545} INFO - Filling up the DagBag from /home/airflow/.local/lib/python3.12/site-packages/airflow/example_dags/example_branch_python_dop_operator_3.py
[2026-07-24T18:14:17.697+0000] {processor.py:840} INFO - DAG(s) 'example_branch_dop_operator_v3' retrieved from /home/airflow/.local/lib/python3.12/site-packages/airflow/example_dags/example_branch_python_dop_operator_3.py
[2026-07-24T18:14:17.729+0000] {logging_mixin.py:188} INFO - [2026-07-24T18:14:17.728+0000] {dag.py:3089} INFO - Sync 1 DAGs
[2026-07-24T18:14:17.776+0000] {logging_mixin.py:188} INFO - [2026-07-24T18:14:17.775+0000] {dag.py:3947} INFO - Setting next_dagrun for example_branch_dop_operator_v3 to 2026-07-24 18:13:00+00:00, run_after=2026-07-24 18:14:00+00:00
[2026-07-24T18:14:17.825+0000] {processor.py:183} INFO - Processing /home/airflow/.local/lib/python3.12/site-packages/airflow/example_dags/example_branch_python_dop_operator_3.py took 0.154 seconds
[2026-07-24T18:14:48.850+0000] {processor.py:161} INFO - Started process (PID=9636) to work on /home/airflow/.local/lib/python3.12/site-packages/airflow/example_dags/example_branch_python_dop_operator_3.py
[2026-07-24T18:14:48.853+0000] {processor.py:830} INFO - Processing file /home/airflow/.local/lib/python3.12/site-packages/airflow/example_dags/example_branch_python_dop_operator_3.py for tasks to queue
[2026-07-24T18:14:48.857+0000] {logging_mixin.py:188} INFO - [2026-07-24T18:14:48.857+0000] {dagbag.py:545} INFO - Filling up the DagBag from /home/airflow/.local/lib/python3.12/site-packages/airflow/example_dags/example_branch_python_dop_operator_3.py
[2026-07-24T18:14:48.876+0000] {processor.py:840} INFO - DAG(s) 'example_branch_dop_operator_v3' retrieved from /home/airflow/.local/lib/python3.12/site-packages/airflow/example_dags/example_branch_python_dop_operator_3.py
[2026-07-24T18:14:48.911+0000] {logging_mixin.py:188} INFO - [2026-07-24T18:14:48.910+0000] {dag.py:3089} INFO - Sync 1 DAGs
[2026-07-24T18:14:48.952+0000] {logging_mixin.py:188} INFO - [2026-07-24T18:14:48.951+0000] {dag.py:3947} INFO - Setting next_dagrun for example_branch_dop_operator_v3 to 2026-07-24 18:13:00+00:00, run_after=2026-07-24 18:14:00+00:00
[2026-07-24T18:14:48.982+0000] {processor.py:183} INFO - Processing /home/airflow/.local/lib/python3.12/site-packages/airflow/example_dags/example_branch_python_dop_operator_3.py took 0.144 seconds
[2026-07-24T18:15:19.746+0000] {processor.py:161} INFO - Started process (PID=9709) to work on /home/airflow/.local/lib/python3.12/site-packages/airflow/example_dags/example_branch_python_dop_operator_3.py
[2026-07-24T18:15:19.749+0000] {processor.py:830} INFO - Processing file /home/airflow/.local/lib/python3.12/site-packages/airflow/example_dags/example_branch_python_dop_operator_3.py for tasks to queue
[2026-07-24T18:15:19.755+0000] {logging_mixin.py:188} INFO - [2026-07-24T18:15:19.754+0000] {dagbag.py:545} INFO - Filling up the DagBag from /home/airflow/.local/lib/python3.12/site-packages/airflow/example_dags/example_branch_python_dop_operator_3.py
[2026-07-24T18:15:19.774+0000] {processor.py:840} INFO - DAG(s) 'example_branch_dop_operator_v3' retrieved from /home/airflow/.local/lib/python3.12/site-packages/airflow/example_dags/example_branch_python_dop_operator_3.py
[2026-07-24T18:15:19.822+0000] {logging_mixin.py:188} INFO - [2026-07-24T18:15:19.822+0000] {dag.py:3089} INFO - Sync 1 DAGs
[2026-07-24T18:15:19.868+0000] {logging_mixin.py:188} INFO - [2026-07-24T18:15:19.867+0000] {dag.py:3947} INFO - Setting next_dagrun for example_branch_dop_operator_v3 to 2026-07-24 18:14:00+00:00, run_after=2026-07-24 18:15:00+00:00
[2026-07-24T18:15:19.907+0000] {processor.py:183} INFO - Processing /home/airflow/.local/lib/python3.12/site-packages/airflow/example_dags/example_branch_python_dop_operator_3.py took 0.172 seconds
[2026-07-24T18:15:50.423+0000] {processor.py:161} INFO - Started process (PID=9783) to work on /home/airflow/.local/lib/python3.12/site-packages/airflow/example_dags/example_branch_python_dop_operator_3.py
[2026-07-24T18:15:50.426+0000] {processor.py:830} INFO - Processing file /home/airflow/.local/lib/python3.12/site-packages/airflow/example_dags/example_branch_python_dop_operator_3.py for tasks to queue
[2026-07-24T18:15:50.437+0000] {logging_mixin.py:188} INFO - [2026-07-24T18:15:50.436+0000] {dagbag.py:545} INFO - Filling up the DagBag from /home/airflow/.local/lib/python3.12/site-packages/airflow/example_dags/example_branch_python_dop_operator_3.py
[2026-07-24T18:15:50.452+0000] {processor.py:840} INFO - DAG(s) 'example_branch_dop_operator_v3' retrieved from /home/airflow/.local/lib/python3.12/site-packages/airflow/example_dags/example_branch_python_dop_operator_3.py
[2026-07-24T18:15:50.491+0000] {logging_mixin.py:188} INFO - [2026-07-24T18:15:50.490+0000] {dag.py:3089} INFO - Sync 1 DAGs
[2026-07-24T18:15:50.551+0000] {logging_mixin.py:188} INFO - [2026-07-24T18:15:50.550+0000] {dag.py:3947} INFO - Setting next_dagrun for example_branch_dop_operator_v3 to 2026-07-24 18:14:00+00:00, run_after=2026-07-24 18:15:00+00:00
[2026-07-24T18:15:50.623+0000] {processor.py:183} INFO - Processing /home/airflow/.local/lib/python3.12/site-packages/airflow/example_dags/example_branch_python_dop_operator_3.py took 0.212 seconds
[2026-07-24T18:16:22.401+0000] {processor.py:161} INFO - Started process (PID=9856) to work on /home/airflow/.local/lib/python3.12/site-packages/airflow/example_dags/example_branch_python_dop_operator_3.py
[2026-07-24T18:16:22.404+0000] {processor.py:830} INFO - Processing file /home/airflow/.local/lib/python3.12/site-packages/airflow/example_dags/example_branch_python_dop_operator_3.py for tasks to queue
[2026-07-24T18:16:22.409+0000] {logging_mixin.py:188} INFO - [2026-07-24T18:16:22.408+0000] {dagbag.py:545} INFO - Filling up the DagBag from /home/airflow/.local/lib/python3.12/site-packages/airflow/example_dags/example_branch_python_dop_operator_3.py
[2026-07-24T18:16:22.423+0000] {processor.py:840} INFO - DAG(s) 'example_branch_dop_operator_v3' retrieved from /home/airflow/.local/lib/python3.12/site-packages/airflow/example_dags/example_branch_python_dop_operator_3.py
[2026-07-24T18:16:22.468+0000] {logging_mixin.py:188} INFO - [2026-07-24T18:16:22.467+0000] {dag.py:3089} INFO - Sync 1 DAGs
[2026-07-24T18:16:22.515+0000] {logging_mixin.py:188} INFO - [2026-07-24T18:16:22.515+0000] {dag.py:3947} INFO - Setting next_dagrun for example_branch_dop_operator_v3 to 2026-07-24 18:15:00+00:00, run_after=2026-07-24 18:16:00+00:00
[2026-07-24T18:16:22.551+0000] {processor.py:183} INFO - Processing /home/airflow/.local/lib/python3.12/site-packages/airflow/example_dags/example_branch_python_dop_operator_3.py took 0.158 seconds
[2026-07-24T18:16:52.961+0000] {processor.py:161} INFO - Started process (PID=9929) to work on /home/airflow/.local/lib/python3.12/site-packages/airflow/example_dags/example_branch_python_dop_operator_3.py
[2026-07-24T18:16:52.963+0000] {processor.py:830} INFO - Processing file /home/airflow/.local/lib/python3.12/site-packages/airflow/example_dags/example_branch_python_dop_operator_3.py for tasks to queue
[2026-07-24T18:16:52.968+0000] {logging_mixin.py:188} INFO - [2026-07-24T18:16:52.967+0000] {dagbag.py:545} INFO - Filling up the DagBag from /home/airflow/.local/lib/python3.12/site-packages/airflow/example_dags/example_branch_python_dop_operator_3.py
[2026-07-24T18:16:52.982+0000] {processor.py:840} INFO - DAG(s) 'example_branch_dop_operator_v3' retrieved from /home/airflow/.local/lib/python3.12/site-packages/airflow/example_dags/example_branch_python_dop_operator_3.py
[2026-07-24T18:16:53.015+0000] {logging_mixin.py:188} INFO - [2026-07-24T18:16:53.015+0000] {dag.py:3089} INFO - Sync 1 DAGs
[2026-07-24T18:16:53.056+0000] {logging_mixin.py:188} INFO - [2026-07-24T18:16:53.055+0000] {dag.py:3947} INFO - Setting next_dagrun for example_branch_dop_operator_v3 to 2026-07-24 18:15:00+00:00, run_after=2026-07-24 18:16:00+00:00
[2026-07-24T18:16:53.088+0000] {processor.py:183} INFO - Processing /home/airflow/.local/lib/python3.12/site-packages/airflow/example_dags/example_branch_python_dop_operator_3.py took 0.138 seconds
[2026-07-24T18:17:25.636+0000] {processor.py:161} INFO - Started process (PID=10003) to work on /home/airflow/.local/lib/python3.12/site-packages/airflow/example_dags/example_branch_python_dop_operator_3.py
[2026-07-24T18:17:25.639+0000] {processor.py:830} INFO - Processing file /home/airflow/.local/lib/python3.12/site-packages/airflow/example_dags/example_branch_python_dop_operator_3.py for tasks to queue
[2026-07-24T18:17:25.648+0000] {logging_mixin.py:188} INFO - [2026-07-24T18:17:25.646+0000] {dagbag.py:545} INFO - Filling up the DagBag from /home/airflow/.local/lib/python3.12/site-packages/airflow/example_dags/example_branch_python_dop_operator_3.py
[2026-07-24T18:17:25.682+0000] {processor.py:840} INFO - DAG(s) 'example_branch_dop_operator_v3' retrieved from /home/airflow/.local/lib/python3.12/site-packages/airflow/example_dags/example_branch_python_dop_operator_3.py
[2026-07-24T18:17:25.748+0000] {logging_mixin.py:188} INFO - [2026-07-24T18:17:25.747+0000] {dag.py:3089} INFO - Sync 1 DAGs
[2026-07-24T18:17:25.833+0000] {logging_mixin.py:188} INFO - [2026-07-24T18:17:25.833+0000] {dag.py:3947} INFO - Setting next_dagrun for example_branch_dop_operator_v3 to 2026-07-24 18:16:00+00:00, run_after=2026-07-24 18:17:00+00:00
[2026-07-24T18:17:25.897+0000] {processor.py:183} INFO - Processing /home/airflow/.local/lib/python3.12/site-packages/airflow/example_dags/example_branch_python_dop_operator_3.py took 0.278 seconds
[2026-07-24T18:17:56.956+0000] {processor.py:161} INFO - Started process (PID=10077) to work on /home/airflow/.local/lib/python3.12/site-packages/airflow/example_dags/example_branch_python_dop_operator_3.py
[2026-07-24T18:17:56.959+0000] {processor.py:830} INFO - Processing file /home/airflow/.local/lib/python3.12/site-packages/airflow/example_dags/example_branch_python_dop_operator_3.py for tasks to queue
[2026-07-24T18:17:56.965+0000] {logging_mixin.py:188} INFO - [2026-07-24T18:17:56.964+0000] {dagbag.py:545} INFO - Filling up the DagBag from /home/airflow/.local/lib/python3.12/site-packages/airflow/example_dags/example_branch_python_dop_operator_3.py
[2026-07-24T18:17:56.983+0000] {processor.py:840} INFO - DAG(s) 'example_branch_dop_operator_v3' retrieved from /home/airflow/.local/lib/python3.12/site-packages/airflow/example_dags/example_branch_python_dop_operator_3.py
[2026-07-24T18:17:57.033+0000] {logging_mixin.py:188} INFO - [2026-07-24T18:17:57.033+0000] {dag.py:3089} INFO - Sync 1 DAGs
[2026-07-24T18:17:57.088+0000] {logging_mixin.py:188} INFO - [2026-07-24T18:17:57.087+0000] {dag.py:3947} INFO - Setting next_dagrun for example_branch_dop_operator_v3 to 2026-07-24 18:16:00+00:00, run_after=2026-07-24 18:17:00+00:00
[2026-07-24T18:17:57.134+0000] {processor.py:183} INFO - Processing /home/airflow/.local/lib/python3.12/site-packages/airflow/example_dags/example_branch_python_dop_operator_3.py took 0.190 seconds
[2026-07-24T18:18:28.525+0000] {processor.py:161} INFO - Started process (PID=10150) to work on /home/airflow/.local/lib/python3.12/site-packages/airflow/example_dags/example_branch_python_dop_operator_3.py
[2026-07-24T18:18:28.528+0000] {processor.py:830} INFO - Processing file /home/airflow/.local/lib/python3.12/site-packages/airflow/example_dags/example_branch_python_dop_operator_3.py for tasks to queue
[2026-07-24T18:18:28.533+0000] {logging_mixin.py:188} INFO - [2026-07-24T18:18:28.532+0000] {dagbag.py:545} INFO - Filling up the DagBag from /home/airflow/.local/lib/python3.12/site-packages/airflow/example_dags/example_branch_python_dop_operator_3.py
[2026-07-24T18:18:28.551+0000] {processor.py:840} INFO - DAG(s) 'example_branch_dop_operator_v3' retrieved from /home/airflow/.local/lib/python3.12/site-packages/airflow/example_dags/example_branch_python_dop_operator_3.py
[2026-07-24T18:18:28.590+0000] {logging_mixin.py:188} INFO - [2026-07-24T18:18:28.590+0000] {dag.py:3089} INFO - Sync 1 DAGs
[2026-07-24T18:18:28.639+0000] {logging_mixin.py:188} INFO - [2026-07-24T18:18:28.639+0000] {dag.py:3947} INFO - Setting next_dagrun for example_branch_dop_operator_v3 to 2026-07-24 18:17:00+00:00, run_after=2026-07-24 18:18:00+00:00
[2026-07-24T18:18:28.688+0000] {processor.py:183} INFO - Processing /home/airflow/.local/lib/python3.12/site-packages/airflow/example_dags/example_branch_python_dop_operator_3.py took 0.175 seconds
[2026-07-24T18:19:00.605+0000] {processor.py:161} INFO - Started process (PID=10224) to work on /home/airflow/.local/lib/python3.12/site-packages/airflow/example_dags/example_branch_python_dop_operator_3.py
[2026-07-24T18:19:00.612+0000] {processor.py:830} INFO - Processing file /home/airflow/.local/lib/python3.12/site-packages/airflow/example_dags/example_branch_python_dop_operator_3.py for tasks to queue
[2026-07-24T18:19:00.621+0000] {logging_mixin.py:188} INFO - [2026-07-24T18:19:00.620+0000] {dagbag.py:545} INFO - Filling up the DagBag from /home/airflow/.local/lib/python3.12/site-packages/airflow/example_dags/example_branch_python_dop_operator_3.py
[2026-07-24T18:19:00.644+0000] {processor.py:840} INFO - DAG(s) 'example_branch_dop_operator_v3' retrieved from /home/airflow/.local/lib/python3.12/site-packages/airflow/example_dags/example_branch_python_dop_operator_3.py
[2026-07-24T18:19:00.704+0000] {logging_mixin.py:188} INFO - [2026-07-24T18:19:00.703+0000] {dag.py:3089} INFO - Sync 1 DAGs
[2026-07-24T18:19:00.774+0000] {logging_mixin.py:188} INFO - [2026-07-24T18:19:00.774+0000] {dag.py:3947} INFO - Setting next_dagrun for example_branch_dop_operator_v3 to 2026-07-24 18:18:00+00:00, run_after=2026-07-24 18:19:00+00:00
[2026-07-24T18:19:00.829+0000] {processor.py:183} INFO - Processing /home/airflow/.local/lib/python3.12/site-packages/airflow/example_dags/example_branch_python_dop_operator_3.py took 0.250 seconds
[2026-07-24T18:19:32.683+0000] {processor.py:161} INFO - Started process (PID=10297) to work on /home/airflow/.local/lib/python3.12/site-packages/airflow/example_dags/example_branch_python_dop_operator_3.py
[2026-07-24T18:19:32.686+0000] {processor.py:830} INFO - Processing file /home/airflow/.local/lib/python3.12/site-packages/airflow/example_dags/example_branch_python_dop_operator_3.py for tasks to queue
[2026-07-24T18:19:32.691+0000] {logging_mixin.py:188} INFO - [2026-07-24T18:19:32.690+0000] {dagbag.py:545} INFO - Filling up the DagBag from /home/airflow/.local/lib/python3.12/site-packages/airflow/example_dags/example_branch_python_dop_operator_3.py
[2026-07-24T18:19:32.710+0000] {processor.py:840} INFO - DAG(s) 'example_branch_dop_operator_v3' retrieved from /home/airflow/.local/lib/python3.12/site-packages/airflow/example_dags/example_branch_python_dop_operator_3.py
[2026-07-24T18:19:32.759+0000] {logging_mixin.py:188} INFO - [2026-07-24T18:19:32.758+0000] {dag.py:3089} INFO - Sync 1 DAGs
[2026-07-24T18:19:32.803+0000] {logging_mixin.py:188} INFO - [2026-07-24T18:19:32.803+0000] {dag.py:3947} INFO - Setting next_dagrun for example_branch_dop_operator_v3 to 2026-07-24 18:18:00+00:00, run_after=2026-07-24 18:19:00+00:00
[2026-07-24T18:19:32.865+0000] {processor.py:183} INFO - Processing /home/airflow/.local/lib/python3.12/site-packages/airflow/example_dags/example_branch_python_dop_operator_3.py took 0.190 seconds
[2026-07-24T18:20:03.737+0000] {processor.py:161} INFO - Started process (PID=10370) to work on /home/airflow/.local/lib/python3.12/site-packages/airflow/example_dags/example_branch_python_dop_operator_3.py
[2026-07-24T18:20:03.739+0000] {processor.py:830} INFO - Processing file /home/airflow/.local/lib/python3.12/site-packages/airflow/example_dags/example_branch_python_dop_operator_3.py for tasks to queue
[2026-07-24T18:20:03.744+0000] {logging_mixin.py:188} INFO - [2026-07-24T18:20:03.743+0000] {dagbag.py:545} INFO - Filling up the DagBag from /home/airflow/.local/lib/python3.12/site-packages/airflow/example_dags/example_branch_python_dop_operator_3.py
[2026-07-24T18:20:03.770+0000] {processor.py:840} INFO - DAG(s) 'example_branch_dop_operator_v3' retrieved from /home/airflow/.local/lib/python3.12/site-packages/airflow/example_dags/example_branch_python_dop_operator_3.py
[2026-07-24T18:20:03.844+0000] {logging_mixin.py:188} INFO - [2026-07-24T18:20:03.843+0000] {dag.py:3089} INFO - Sync 1 DAGs
[2026-07-24T18:20:03.903+0000] {logging_mixin.py:188} INFO - [2026-07-24T18:20:03.903+0000] {dag.py:3947} INFO - Setting next_dagrun for example_branch_dop_operator_v3 to 2026-07-24 18:19:00+00:00, run_after=2026-07-24 18:20:00+00:00
[2026-07-24T18:20:03.940+0000] {processor.py:183} INFO - Processing /home/airflow/.local/lib/python3.12/site-packages/airflow/example_dags/example_branch_python_dop_operator_3.py took 0.211 seconds
[2026-07-24T18:20:35.173+0000] {processor.py:161} INFO - Started process (PID=10444) to work on /home/airflow/.local/lib/python3.12/site-packages/airflow/example_dags/example_branch_python_dop_operator_3.py
[2026-07-24T18:20:35.176+0000] {processor.py:830} INFO - Processing file /home/airflow/.local/lib/python3.12/site-packages/airflow/example_dags/example_branch_python_dop_operator_3.py for tasks to queue
[2026-07-24T18:20:35.179+0000] {logging_mixin.py:188} INFO - [2026-07-24T18:20:35.179+0000] {dagbag.py:545} INFO - Filling up the DagBag from /home/airflow/.local/lib/python3.12/site-packages/airflow/example_dags/example_branch_python_dop_operator_3.py
[2026-07-24T18:20:35.192+0000] {processor.py:840} INFO - DAG(s) 'example_branch_dop_operator_v3' retrieved from /home/airflow/.local/lib/python3.12/site-packages/airflow/example_dags/example_branch_python_dop_operator_3.py
[2026-07-24T18:20:35.225+0000] {logging_mixin.py:188} INFO - [2026-07-24T18:20:35.225+0000] {dag.py:3089} INFO - Sync 1 DAGs
[2026-07-24T18:20:35.260+0000] {logging_mixin.py:188} INFO - [2026-07-24T18:20:35.260+0000] {dag.py:3947} INFO - Setting next_dagrun for example_branch_dop_operator_v3 to 2026-07-24 18:19:00+00:00, run_after=2026-07-24 18:20:00+00:00
[2026-07-24T18:20:35.293+0000] {processor.py:183} INFO - Processing /home/airflow/.local/lib/python3.12/site-packages/airflow/example_dags/example_branch_python_dop_operator_3.py took 0.129 seconds
[2026-07-24T18:21:07.061+0000] {processor.py:161} INFO - Started process (PID=10524) to work on /home/airflow/.local/lib/python3.12/site-packages/airflow/example_dags/example_branch_python_dop_operator_3.py
[2026-07-24T18:21:07.064+0000] {processor.py:830} INFO - Processing file /home/airflow/.local/lib/python3.12/site-packages/airflow/example_dags/example_branch_python_dop_operator_3.py for tasks to queue
[2026-07-24T18:21:07.070+0000] {logging_mixin.py:188} INFO - [2026-07-24T18:21:07.069+0000] {dagbag.py:545} INFO - Filling up the DagBag from /home/airflow/.local/lib/python3.12/site-packages/airflow/example_dags/example_branch_python_dop_operator_3.py
[2026-07-24T18:21:07.096+0000] {processor.py:840} INFO - DAG(s) 'example_branch_dop_operator_v3' retrieved from /home/airflow/.local/lib/python3.12/site-packages/airflow/example_dags/example_branch_python_dop_operator_3.py
[2026-07-24T18:21:07.141+0000] {logging_mixin.py:188} INFO - [2026-07-24T18:21:07.141+0000] {dag.py:3089} INFO - Sync 1 DAGs
[2026-07-24T18:21:07.180+0000] {logging_mixin.py:188} INFO - [2026-07-24T18:21:07.180+0000] {dag.py:3947} INFO - Setting next_dagrun for example_branch_dop_operator_v3 to 2026-07-24 18:20:00+00:00, run_after=2026-07-24 18:21:00+00:00
[2026-07-24T18:21:07.233+0000] {processor.py:183} INFO - Processing /home/airflow/.local/lib/python3.12/site-packages/airflow/example_dags/example_branch_python_dop_operator_3.py took 0.183 seconds
[2026-07-24T18:21:37.613+0000] {processor.py:161} INFO - Started process (PID=10597) to work on /home/airflow/.local/lib/python3.12/site-packages/airflow/example_dags/example_branch_python_dop_operator_3.py
[2026-07-24T18:21:37.617+0000] {processor.py:830} INFO - Processing file /home/airflow/.local/lib/python3.12/site-packages/airflow/example_dags/example_branch_python_dop_operator_3.py for tasks to queue
[2026-07-24T18:21:37.625+0000] {logging_mixin.py:188} INFO - [2026-07-24T18:21:37.624+0000] {dagbag.py:545} INFO - Filling up the DagBag from /home/airflow/.local/lib/python3.12/site-packages/airflow/example_dags/example_branch_python_dop_operator_3.py
[2026-07-24T18:21:37.648+0000] {processor.py:840} INFO - DAG(s) 'example_branch_dop_operator_v3' retrieved from /home/airflow/.local/lib/python3.12/site-packages/airflow/example_dags/example_branch_python_dop_operator_3.py
[2026-07-24T18:21:37.706+0000] {logging_mixin.py:188} INFO - [2026-07-24T18:21:37.705+0000] {dag.py:3089} INFO - Sync 1 DAGs
[2026-07-24T18:21:37.769+0000] {logging_mixin.py:188} INFO - [2026-07-24T18:21:37.768+0000] {dag.py:3947} INFO - Setting next_dagrun for example_branch_dop_operator_v3 to 2026-07-24 18:20:00+00:00, run_after=2026-07-24 18:21:00+00:00
[2026-07-24T18:21:37.825+0000] {processor.py:183} INFO - Processing /home/airflow/.local/lib/python3.12/site-packages/airflow/example_dags/example_branch_python_dop_operator_3.py took 0.224 seconds
[2026-07-24T18:22:08.393+0000] {processor.py:161} INFO - Started process (PID=10670) to work on /home/airflow/.local/lib/python3.12/site-packages/airflow/example_dags/example_branch_python_dop_operator_3.py
[2026-07-24T18:22:08.396+0000] {processor.py:830} INFO - Processing file /home/airflow/.local/lib/python3.12/site-packages/airflow/example_dags/example_branch_python_dop_operator_3.py for tasks to queue
[2026-07-24T18:22:08.400+0000] {logging_mixin.py:188} INFO - [2026-07-24T18:22:08.400+0000] {dagbag.py:545} INFO - Filling up the DagBag from /home/airflow/.local/lib/python3.12/site-packages/airflow/example_dags/example_branch_python_dop_operator_3.py
[2026-07-24T18:22:08.418+0000] {processor.py:840} INFO - DAG(s) 'example_branch_dop_operator_v3' retrieved from /home/airflow/.local/lib/python3.12/site-packages/airflow/example_dags/example_branch_python_dop_operator_3.py
[2026-07-24T18:22:08.462+0000] {logging_mixin.py:188} INFO - [2026-07-24T18:22:08.461+0000] {dag.py:3089} INFO - Sync 1 DAGs
[2026-07-24T18:22:08.507+0000] {logging_mixin.py:188} INFO - [2026-07-24T18:22:08.507+0000] {dag.py:3947} INFO - Setting next_dagrun for example_branch_dop_operator_v3 to 2026-07-24 18:21:00+00:00, run_after=2026-07-24 18:22:00+00:00
[2026-07-24T18:22:08.553+0000] {processor.py:183} INFO - Processing /home/airflow/.local/lib/python3.12/site-packages/airflow/example_dags/example_branch_python_dop_operator_3.py took 0.169 seconds
[2026-07-24T18:22:39.656+0000] {processor.py:161} INFO - Started process (PID=10744) to work on /home/airflow/.local/lib/python3.12/site-packages/airflow/example_dags/example_branch_python_dop_operator_3.py
[2026-07-24T18:22:39.659+0000] {processor.py:830} INFO - Processing file /home/airflow/.local/lib/python3.12/site-packages/airflow/example_dags/example_branch_python_dop_operator_3.py for tasks to queue
[2026-07-24T18:22:39.665+0000] {logging_mixin.py:188} INFO - [2026-07-24T18:22:39.664+0000] {dagbag.py:545} INFO - Filling up the DagBag from /home/airflow/.local/lib/python3.12/site-packages/airflow/example_dags/example_branch_python_dop_operator_3.py
[2026-07-24T18:22:39.687+0000] {processor.py:840} INFO - DAG(s) 'example_branch_dop_operator_v3' retrieved from /home/airflow/.local/lib/python3.12/site-packages/airflow/example_dags/example_branch_python_dop_operator_3.py
[2026-07-24T18:22:39.731+0000] {logging_mixin.py:188} INFO - [2026-07-24T18:22:39.730+0000] {dag.py:3089} INFO - Sync 1 DAGs
[2026-07-24T18:22:39.789+0000] {logging_mixin.py:188} INFO - [2026-07-24T18:22:39.788+0000] {dag.py:3947} INFO - Setting next_dagrun for example_branch_dop_operator_v3 to 2026-07-24 18:21:00+00:00, run_after=2026-07-24 18:22:00+00:00
[2026-07-24T18:22:39.836+0000] {processor.py:183} INFO - Processing /home/airflow/.local/lib/python3.12/site-packages/airflow/example_dags/example_branch_python_dop_operator_3.py took 0.191 seconds
[2026-07-24T18:23:10.258+0000] {processor.py:161} INFO - Started process (PID=10817) to work on /home/airflow/.local/lib/python3.12/site-packages/airflow/example_dags/example_branch_python_dop_operator_3.py
[2026-07-24T18:23:10.262+0000] {processor.py:830} INFO - Processing file /home/airflow/.local/lib/python3.12/site-packages/airflow/example_dags/example_branch_python_dop_operator_3.py for tasks to queue
[2026-07-24T18:23:10.266+0000] {logging_mixin.py:188} INFO - [2026-07-24T18:23:10.266+0000] {dagbag.py:545} INFO - Filling up the DagBag from /home/airflow/.local/lib/python3.12/site-packages/airflow/example_dags/example_branch_python_dop_operator_3.py
[2026-07-24T18:23:10.290+0000] {processor.py:840} INFO - DAG(s) 'example_branch_dop_operator_v3' retrieved from /home/airflow/.local/lib/python3.12/site-packages/airflow/example_dags/example_branch_python_dop_operator_3.py
[2026-07-24T18:23:10.338+0000] {logging_mixin.py:188} INFO - [2026-07-24T18:23:10.338+0000] {dag.py:3089} INFO - Sync 1 DAGs
[2026-07-24T18:23:10.399+0000] {logging_mixin.py:188} INFO - [2026-07-24T18:23:10.398+0000] {dag.py:3947} INFO - Setting next_dagrun for example_branch_dop_operator_v3 to 2026-07-24 18:22:00+00:00, run_after=2026-07-24 18:23:00+00:00
[2026-07-24T18:23:10.449+0000] {processor.py:183} INFO - Processing /home/airflow/.local/lib/python3.12/site-packages/airflow/example_dags/example_branch_python_dop_operator_3.py took 0.206 seconds
[2026-07-24T18:23:41.805+0000] {processor.py:161} INFO - Started process (PID=10890) to work on /home/airflow/.local/lib/python3.12/site-packages/airflow/example_dags/example_branch_python_dop_operator_3.py
[2026-07-24T18:23:41.810+0000] {processor.py:830} INFO - Processing file /home/airflow/.local/lib/python3.12/site-packages/airflow/example_dags/example_branch_python_dop_operator_3.py for tasks to queue
[2026-07-24T18:23:41.819+0000] {logging_mixin.py:188} INFO - [2026-07-24T18:23:41.817+0000] {dagbag.py:545} INFO - Filling up the DagBag from /home/airflow/.local/lib/python3.12/site-packages/airflow/example_dags/example_branch_python_dop_operator_3.py
[2026-07-24T18:23:41.846+0000] {processor.py:840} INFO - DAG(s) 'example_branch_dop_operator_v3' retrieved from /home/airflow/.local/lib/python3.12/site-packages/airflow/example_dags/example_branch_python_dop_operator_3.py
[2026-07-24T18:23:41.934+0000] {logging_mixin.py:188} INFO - [2026-07-24T18:23:41.933+0000] {dag.py:3089} INFO - Sync 1 DAGs
[2026-07-24T18:23:42.012+0000] {logging_mixin.py:188} INFO - [2026-07-24T18:23:42.011+0000] {dag.py:3947} INFO - Setting next_dagrun for example_branch_dop_operator_v3 to 2026-07-24 18:22:00+00:00, run_after=2026-07-24 18:23:00+00:00
[2026-07-24T18:23:42.060+0000] {processor.py:183} INFO - Processing /home/airflow/.local/lib/python3.12/site-packages/airflow/example_dags/example_branch_python_dop_operator_3.py took 0.284 seconds
[2026-07-24T18:24:14.313+0000] {processor.py:161} INFO - Started process (PID=10963) to work on /home/airflow/.local/lib/python3.12/site-packages/airflow/example_dags/example_branch_python_dop_operator_3.py
[2026-07-24T18:24:14.316+0000] {processor.py:830} INFO - Processing file /home/airflow/.local/lib/python3.12/site-packages/airflow/example_dags/example_branch_python_dop_operator_3.py for tasks to queue
[2026-07-24T18:24:14.323+0000] {logging_mixin.py:188} INFO - [2026-07-24T18:24:14.322+0000] {dagbag.py:545} INFO - Filling up the DagBag from /home/airflow/.local/lib/python3.12/site-packages/airflow/example_dags/example_branch_python_dop_operator_3.py
[2026-07-24T18:24:14.365+0000] {processor.py:840} INFO - DAG(s) 'example_branch_dop_operator_v3' retrieved from /home/airflow/.local/lib/python3.12/site-packages/airflow/example_dags/example_branch_python_dop_operator_3.py
[2026-07-24T18:24:14.452+0000] {logging_mixin.py:188} INFO - [2026-07-24T18:24:14.451+0000] {dag.py:3089} INFO - Sync 1 DAGs
[2026-07-24T18:24:14.563+0000] {logging_mixin.py:188} INFO - [2026-07-24T18:24:14.562+0000] {dag.py:3947} INFO - Setting next_dagrun for example_branch_dop_operator_v3 to 2026-07-24 18:23:00+00:00, run_after=2026-07-24 18:24:00+00:00
[2026-07-24T18:24:14.663+0000] {processor.py:183} INFO - Processing /home/airflow/.local/lib/python3.12/site-packages/airflow/example_dags/example_branch_python_dop_operator_3.py took 0.376 seconds
[2026-07-24T18:24:44.960+0000] {processor.py:161} INFO - Started process (PID=11035) to work on /home/airflow/.local/lib/python3.12/site-packages/airflow/example_dags/example_branch_python_dop_operator_3.py
[2026-07-24T18:24:44.964+0000] {processor.py:830} INFO - Processing file /home/airflow/.local/lib/python3.12/site-packages/airflow/example_dags/example_branch_python_dop_operator_3.py for tasks to queue
[2026-07-24T18:24:44.973+0000] {logging_mixin.py:188} INFO - [2026-07-24T18:24:44.970+0000] {dagbag.py:545} INFO - Filling up the DagBag from /home/airflow/.local/lib/python3.12/site-packages/airflow/example_dags/example_branch_python_dop_operator_3.py
[2026-07-24T18:24:45.032+0000] {processor.py:840} INFO - DAG(s) 'example_branch_dop_operator_v3' retrieved from /home/airflow/.local/lib/python3.12/site-packages/airflow/example_dags/example_branch_python_dop_operator_3.py
[2026-07-24T18:24:45.125+0000] {logging_mixin.py:188} INFO - [2026-07-24T18:24:45.125+0000] {dag.py:3089} INFO - Sync 1 DAGs
[2026-07-24T18:24:45.245+0000] {logging_mixin.py:188} INFO - [2026-07-24T18:24:45.244+0000] {dag.py:3947} INFO - Setting next_dagrun for example_branch_dop_operator_v3 to 2026-07-24 18:23:00+00:00, run_after=2026-07-24 18:24:00+00:00
[2026-07-24T18:24:45.322+0000] {processor.py:183} INFO - Processing /home/airflow/.local/lib/python3.12/site-packages/airflow/example_dags/example_branch_python_dop_operator_3.py took 0.388 seconds
[2026-07-24T18:25:16.444+0000] {processor.py:161} INFO - Started process (PID=11102) to work on /home/airflow/.local/lib/python3.12/site-packages/airflow/example_dags/example_branch_python_dop_operator_3.py
[2026-07-24T18:25:16.447+0000] {processor.py:830} INFO - Processing file /home/airflow/.local/lib/python3.12/site-packages/airflow/example_dags/example_branch_python_dop_operator_3.py for tasks to queue
[2026-07-24T18:25:16.453+0000] {logging_mixin.py:188} INFO - [2026-07-24T18:25:16.452+0000] {dagbag.py:545} INFO - Filling up the DagBag from /home/airflow/.local/lib/python3.12/site-packages/airflow/example_dags/example_branch_python_dop_operator_3.py
[2026-07-24T18:25:16.472+0000] {processor.py:840} INFO - DAG(s) 'example_branch_dop_operator_v3' retrieved from /home/airflow/.local/lib/python3.12/site-packages/airflow/example_dags/example_branch_python_dop_operator_3.py
[2026-07-24T18:25:16.515+0000] {logging_mixin.py:188} INFO - [2026-07-24T18:25:16.515+0000] {dag.py:3089} INFO - Sync 1 DAGs
[2026-07-24T18:25:16.562+0000] {logging_mixin.py:188} INFO - [2026-07-24T18:25:16.561+0000] {dag.py:3947} INFO - Setting next_dagrun for example_branch_dop_operator_v3 to 2026-07-24 18:24:00+00:00, run_after=2026-07-24 18:25:00+00:00
[2026-07-24T18:25:16.601+0000] {processor.py:183} INFO - Processing /home/airflow/.local/lib/python3.12/site-packages/airflow/example_dags/example_branch_python_dop_operator_3.py took 0.167 seconds
[2026-07-24T18:25:49.350+0000] {processor.py:161} INFO - Started process (PID=11176) to work on /home/airflow/.local/lib/python3.12/site-packages/airflow/example_dags/example_branch_python_dop_operator_3.py
[2026-07-24T18:25:49.365+0000] {processor.py:830} INFO - Processing file /home/airflow/.local/lib/python3.12/site-packages/airflow/example_dags/example_branch_python_dop_operator_3.py for tasks to queue
[2026-07-24T18:25:49.383+0000] {logging_mixin.py:188} INFO - [2026-07-24T18:25:49.382+0000] {dagbag.py:545} INFO - Filling up the DagBag from /home/airflow/.local/lib/python3.12/site-packages/airflow/example_dags/example_branch_python_dop_operator_3.py
[2026-07-24T18:25:49.412+0000] {processor.py:840} INFO - DAG(s) 'example_branch_dop_operator_v3' retrieved from /home/airflow/.local/lib/python3.12/site-packages/airflow/example_dags/example_branch_python_dop_operator_3.py
[2026-07-24T18:25:49.450+0000] {logging_mixin.py:188} INFO - [2026-07-24T18:25:49.450+0000] {dag.py:3089} INFO - Sync 1 DAGs
[2026-07-24T18:25:49.497+0000] {logging_mixin.py:188} INFO - [2026-07-24T18:25:49.497+0000] {dag.py:3947} INFO - Setting next_dagrun for example_branch_dop_operator_v3 to 2026-07-24 18:24:00+00:00, run_after=2026-07-24 18:25:00+00:00
[2026-07-24T18:25:49.537+0000] {processor.py:183} INFO - Processing /home/airflow/.local/lib/python3.12/site-packages/airflow/example_dags/example_branch_python_dop_operator_3.py took 0.199 seconds
[2026-07-24T18:26:22.278+0000] {processor.py:161} INFO - Started process (PID=11249) to work on /home/airflow/.local/lib/python3.12/site-packages/airflow/example_dags/example_branch_python_dop_operator_3.py
[2026-07-24T18:26:22.281+0000] {processor.py:830} INFO - Processing file /home/airflow/.local/lib/python3.12/site-packages/airflow/example_dags/example_branch_python_dop_operator_3.py for tasks to queue
[2026-07-24T18:26:22.287+0000] {logging_mixin.py:188} INFO - [2026-07-24T18:26:22.286+0000] {dagbag.py:545} INFO - Filling up the DagBag from /home/airflow/.local/lib/python3.12/site-packages/airflow/example_dags/example_branch_python_dop_operator_3.py
[2026-07-24T18:26:22.313+0000] {processor.py:840} INFO - DAG(s) 'example_branch_dop_operator_v3' retrieved from /home/airflow/.local/lib/python3.12/site-packages/airflow/example_dags/example_branch_python_dop_operator_3.py
[2026-07-24T18:26:22.371+0000] {logging_mixin.py:188} INFO - [2026-07-24T18:26:22.370+0000] {dag.py:3089} INFO - Sync 1 DAGs
[2026-07-24T18:26:22.421+0000] {logging_mixin.py:188} INFO - [2026-07-24T18:26:22.421+0000] {dag.py:3947} INFO - Setting next_dagrun for example_branch_dop_operator_v3 to 2026-07-24 18:25:00+00:00, run_after=2026-07-24 18:26:00+00:00
[2026-07-24T18:26:22.460+0000] {processor.py:183} INFO - Processing /home/airflow/.local/lib/python3.12/site-packages/airflow/example_dags/example_branch_python_dop_operator_3.py took 0.195 seconds
[2026-07-24T18:26:55.119+0000] {processor.py:161} INFO - Started process (PID=11322) to work on /home/airflow/.local/lib/python3.12/site-packages/airflow/example_dags/example_branch_python_dop_operator_3.py
[2026-07-24T18:26:55.122+0000] {processor.py:830} INFO - Processing file /home/airflow/.local/lib/python3.12/site-packages/airflow/example_dags/example_branch_python_dop_operator_3.py for tasks to queue
[2026-07-24T18:26:55.134+0000] {logging_mixin.py:188} INFO - [2026-07-24T18:26:55.133+0000] {dagbag.py:545} INFO - Filling up the DagBag from /home/airflow/.local/lib/python3.12/site-packages/airflow/example_dags/example_branch_python_dop_operator_3.py
[2026-07-24T18:26:55.155+0000] {processor.py:840} INFO - DAG(s) 'example_branch_dop_operator_v3' retrieved from /home/airflow/.local/lib/python3.12/site-packages/airflow/example_dags/example_branch_python_dop_operator_3.py
[2026-07-24T18:26:55.212+0000] {logging_mixin.py:188} INFO - [2026-07-24T18:26:55.212+0000] {dag.py:3089} INFO - Sync 1 DAGs
[2026-07-24T18:26:55.316+0000] {logging_mixin.py:188} INFO - [2026-07-24T18:26:55.315+0000] {dag.py:3947} INFO - Setting next_dagrun for example_branch_dop_operator_v3 to 2026-07-24 18:25:00+00:00, run_after=2026-07-24 18:26:00+00:00
[2026-07-24T18:26:55.364+0000] {processor.py:183} INFO - Processing /home/airflow/.local/lib/python3.12/site-packages/airflow/example_dags/example_branch_python_dop_operator_3.py took 0.260 seconds
[2026-07-24T18:27:26.076+0000] {processor.py:161} INFO - Started process (PID=11395) to work on /home/airflow/.local/lib/python3.12/site-packages/airflow/example_dags/example_branch_python_dop_operator_3.py
[2026-07-24T18:27:26.082+0000] {processor.py:830} INFO - Processing file /home/airflow/.local/lib/python3.12/site-packages/airflow/example_dags/example_branch_python_dop_operator_3.py for tasks to queue
[2026-07-24T18:27:26.087+0000] {logging_mixin.py:188} INFO - [2026-07-24T18:27:26.086+0000] {dagbag.py:545} INFO - Filling up the DagBag from /home/airflow/.local/lib/python3.12/site-packages/airflow/example_dags/example_branch_python_dop_operator_3.py
[2026-07-24T18:27:26.104+0000] {processor.py:840} INFO - DAG(s) 'example_branch_dop_operator_v3' retrieved from /home/airflow/.local/lib/python3.12/site-packages/airflow/example_dags/example_branch_python_dop_operator_3.py
[2026-07-24T18:27:26.150+0000] {logging_mixin.py:188} INFO - [2026-07-24T18:27:26.149+0000] {dag.py:3089} INFO - Sync 1 DAGs
[2026-07-24T18:27:26.212+0000] {logging_mixin.py:188} INFO - [2026-07-24T18:27:26.212+0000] {dag.py:3947} INFO - Setting next_dagrun for example_branch_dop_operator_v3 to 2026-07-24 18:26:00+00:00, run_after=2026-07-24 18:27:00+00:00
[2026-07-24T18:27:26.258+0000] {processor.py:183} INFO - Processing /home/airflow/.local/lib/python3.12/site-packages/airflow/example_dags/example_branch_python_dop_operator_3.py took 0.193 seconds
[2026-07-24T18:27:56.868+0000] {processor.py:161} INFO - Started process (PID=11468) to work on /home/airflow/.local/lib/python3.12/site-packages/airflow/example_dags/example_branch_python_dop_operator_3.py
[2026-07-24T18:27:56.874+0000] {processor.py:830} INFO - Processing file /home/airflow/.local/lib/python3.12/site-packages/airflow/example_dags/example_branch_python_dop_operator_3.py for tasks to queue
[2026-07-24T18:27:56.879+0000] {logging_mixin.py:188} INFO - [2026-07-24T18:27:56.878+0000] {dagbag.py:545} INFO - Filling up the DagBag from /home/airflow/.local/lib/python3.12/site-packages/airflow/example_dags/example_branch_python_dop_operator_3.py
[2026-07-24T18:27:56.895+0000] {processor.py:840} INFO - DAG(s) 'example_branch_dop_operator_v3' retrieved from /home/airflow/.local/lib/python3.12/site-packages/airflow/example_dags/example_branch_python_dop_operator_3.py
[2026-07-24T18:27:56.943+0000] {logging_mixin.py:188} INFO - [2026-07-24T18:27:56.942+0000] {dag.py:3089} INFO - Sync 1 DAGs
[2026-07-24T18:27:57.004+0000] {logging_mixin.py:188} INFO - [2026-07-24T18:27:57.004+0000] {dag.py:3947} INFO - Setting next_dagrun for example_branch_dop_operator_v3 to 2026-07-24 18:26:00+00:00, run_after=2026-07-24 18:27:00+00:00
[2026-07-24T18:27:57.049+0000] {processor.py:183} INFO - Processing /home/airflow/.local/lib/python3.12/site-packages/airflow/example_dags/example_branch_python_dop_operator_3.py took 0.195 seconds
[2026-07-24T18:28:27.846+0000] {processor.py:161} INFO - Started process (PID=11550) to work on /home/airflow/.local/lib/python3.12/site-packages/airflow/example_dags/example_branch_python_dop_operator_3.py
[2026-07-24T18:28:27.848+0000] {processor.py:830} INFO - Processing file /home/airflow/.local/lib/python3.12/site-packages/airflow/example_dags/example_branch_python_dop_operator_3.py for tasks to queue
[2026-07-24T18:28:27.854+0000] {logging_mixin.py:188} INFO - [2026-07-24T18:28:27.854+0000] {dagbag.py:545} INFO - Filling up the DagBag from /home/airflow/.local/lib/python3.12/site-packages/airflow/example_dags/example_branch_python_dop_operator_3.py
[2026-07-24T18:28:27.868+0000] {processor.py:840} INFO - DAG(s) 'example_branch_dop_operator_v3' retrieved from /home/airflow/.local/lib/python3.12/site-packages/airflow/example_dags/example_branch_python_dop_operator_3.py
[2026-07-24T18:28:27.908+0000] {logging_mixin.py:188} INFO - [2026-07-24T18:28:27.908+0000] {dag.py:3089} INFO - Sync 1 DAGs
[2026-07-24T18:28:27.962+0000] {logging_mixin.py:188} INFO - [2026-07-24T18:28:27.961+0000] {dag.py:3947} INFO - Setting next_dagrun for example_branch_dop_operator_v3 to 2026-07-24 18:27:00+00:00, run_after=2026-07-24 18:28:00+00:00
[2026-07-24T18:28:28.001+0000] {processor.py:183} INFO - Processing /home/airflow/.local/lib/python3.12/site-packages/airflow/example_dags/example_branch_python_dop_operator_3.py took 0.163 seconds
[2026-07-24T18:28:58.585+0000] {processor.py:161} INFO - Started process (PID=11624) to work on /home/airflow/.local/lib/python3.12/site-packages/airflow/example_dags/example_branch_python_dop_operator_3.py
[2026-07-24T18:28:58.587+0000] {processor.py:830} INFO - Processing file /home/airflow/.local/lib/python3.12/site-packages/airflow/example_dags/example_branch_python_dop_operator_3.py for tasks to queue
[2026-07-24T18:28:58.592+0000] {logging_mixin.py:188} INFO - [2026-07-24T18:28:58.591+0000] {dagbag.py:545} INFO - Filling up the DagBag from /home/airflow/.local/lib/python3.12/site-packages/airflow/example_dags/example_branch_python_dop_operator_3.py
[2026-07-24T18:28:58.613+0000] {processor.py:840} INFO - DAG(s) 'example_branch_dop_operator_v3' retrieved from /home/airflow/.local/lib/python3.12/site-packages/airflow/example_dags/example_branch_python_dop_operator_3.py
[2026-07-24T18:28:58.656+0000] {logging_mixin.py:188} INFO - [2026-07-24T18:28:58.656+0000] {dag.py:3089} INFO - Sync 1 DAGs
[2026-07-24T18:28:58.704+0000] {logging_mixin.py:188} INFO - [2026-07-24T18:28:58.703+0000] {dag.py:3947} INFO - Setting next_dagrun for example_branch_dop_operator_v3 to 2026-07-24 18:27:00+00:00, run_after=2026-07-24 18:28:00+00:00
[2026-07-24T18:28:58.751+0000] {processor.py:183} INFO - Processing /home/airflow/.local/lib/python3.12/site-packages/airflow/example_dags/example_branch_python_dop_operator_3.py took 0.175 seconds
[2026-07-24T18:29:29.382+0000] {processor.py:161} INFO - Started process (PID=11697) to work on /home/airflow/.local/lib/python3.12/site-packages/airflow/example_dags/example_branch_python_dop_operator_3.py
[2026-07-24T18:29:29.386+0000] {processor.py:830} INFO - Processing file /home/airflow/.local/lib/python3.12/site-packages/airflow/example_dags/example_branch_python_dop_operator_3.py for tasks to queue
[2026-07-24T18:29:29.393+0000] {logging_mixin.py:188} INFO - [2026-07-24T18:29:29.392+0000] {dagbag.py:545} INFO - Filling up the DagBag from /home/airflow/.local/lib/python3.12/site-packages/airflow/example_dags/example_branch_python_dop_operator_3.py
[2026-07-24T18:29:29.422+0000] {processor.py:840} INFO - DAG(s) 'example_branch_dop_operator_v3' retrieved from /home/airflow/.local/lib/python3.12/site-packages/airflow/example_dags/example_branch_python_dop_operator_3.py
[2026-07-24T18:29:29.499+0000] {logging_mixin.py:188} INFO - [2026-07-24T18:29:29.498+0000] {dag.py:3089} INFO - Sync 1 DAGs
[2026-07-24T18:29:29.565+0000] {logging_mixin.py:188} INFO - [2026-07-24T18:29:29.565+0000] {dag.py:3947} INFO - Setting next_dagrun for example_branch_dop_operator_v3 to 2026-07-24 18:28:00+00:00, run_after=2026-07-24 18:29:00+00:00
[2026-07-24T18:29:29.623+0000] {processor.py:183} INFO - Processing /home/airflow/.local/lib/python3.12/site-packages/airflow/example_dags/example_branch_python_dop_operator_3.py took 0.259 seconds
[2026-07-24T18:30:00.740+0000] {processor.py:161} INFO - Started process (PID=11770) to work on /home/airflow/.local/lib/python3.12/site-packages/airflow/example_dags/example_branch_python_dop_operator_3.py
[2026-07-24T18:30:00.743+0000] {processor.py:830} INFO - Processing file /home/airflow/.local/lib/python3.12/site-packages/airflow/example_dags/example_branch_python_dop_operator_3.py for tasks to queue
[2026-07-24T18:30:00.748+0000] {logging_mixin.py:188} INFO - [2026-07-24T18:30:00.747+0000] {dagbag.py:545} INFO - Filling up the DagBag from /home/airflow/.local/lib/python3.12/site-packages/airflow/example_dags/example_branch_python_dop_operator_3.py
[2026-07-24T18:30:00.767+0000] {processor.py:840} INFO - DAG(s) 'example_branch_dop_operator_v3' retrieved from /home/airflow/.local/lib/python3.12/site-packages/airflow/example_dags/example_branch_python_dop_operator_3.py
[2026-07-24T18:30:00.814+0000] {logging_mixin.py:188} INFO - [2026-07-24T18:30:00.813+0000] {dag.py:3089} INFO - Sync 1 DAGs
[2026-07-24T18:30:00.878+0000] {logging_mixin.py:188} INFO - [2026-07-24T18:30:00.878+0000] {dag.py:3947} INFO - Setting next_dagrun for example_branch_dop_operator_v3 to 2026-07-24 18:29:00+00:00, run_after=2026-07-24 18:30:00+00:00
[2026-07-24T18:30:00.922+0000] {processor.py:183} INFO - Processing /home/airflow/.local/lib/python3.12/site-packages/airflow/example_dags/example_branch_python_dop_operator_3.py took 0.194 seconds
[2026-07-24T18:30:31.536+0000] {processor.py:161} INFO - Started process (PID=11844) to work on /home/airflow/.local/lib/python3.12/site-packages/airflow/example_dags/example_branch_python_dop_operator_3.py
[2026-07-24T18:30:31.539+0000] {processor.py:830} INFO - Processing file /home/airflow/.local/lib/python3.12/site-packages/airflow/example_dags/example_branch_python_dop_operator_3.py for tasks to queue
[2026-07-24T18:30:31.545+0000] {logging_mixin.py:188} INFO - [2026-07-24T18:30:31.544+0000] {dagbag.py:545} INFO - Filling up the DagBag from /home/airflow/.local/lib/python3.12/site-packages/airflow/example_dags/example_branch_python_dop_operator_3.py
[2026-07-24T18:30:31.568+0000] {processor.py:840} INFO - DAG(s) 'example_branch_dop_operator_v3' retrieved from /home/airflow/.local/lib/python3.12/site-packages/airflow/example_dags/example_branch_python_dop_operator_3.py
[2026-07-24T18:30:31.623+0000] {logging_mixin.py:188} INFO - [2026-07-24T18:30:31.623+0000] {dag.py:3089} INFO - Sync 1 DAGs
[2026-07-24T18:30:31.687+0000] {logging_mixin.py:188} INFO - [2026-07-24T18:30:31.686+0000] {dag.py:3947} INFO - Setting next_dagrun for example_branch_dop_operator_v3 to 2026-07-24 18:29:00+00:00, run_after=2026-07-24 18:30:00+00:00
[2026-07-24T18:30:31.768+0000] {processor.py:183} INFO - Processing /home/airflow/.local/lib/python3.12/site-packages/airflow/example_dags/example_branch_python_dop_operator_3.py took 0.248 seconds
[2026-07-24T18:31:02.009+0000] {processor.py:161} INFO - Started process (PID=11916) to work on /home/airflow/.local/lib/python3.12/site-packages/airflow/example_dags/example_branch_python_dop_operator_3.py
[2026-07-24T18:31:02.013+0000] {processor.py:830} INFO - Processing file /home/airflow/.local/lib/python3.12/site-packages/airflow/example_dags/example_branch_python_dop_operator_3.py for tasks to queue
[2026-07-24T18:31:02.019+0000] {logging_mixin.py:188} INFO - [2026-07-24T18:31:02.018+0000] {dagbag.py:545} INFO - Filling up the DagBag from /home/airflow/.local/lib/python3.12/site-packages/airflow/example_dags/example_branch_python_dop_operator_3.py
[2026-07-24T18:31:02.072+0000] {processor.py:840} INFO - DAG(s) 'example_branch_dop_operator_v3' retrieved from /home/airflow/.local/lib/python3.12/site-packages/airflow/example_dags/example_branch_python_dop_operator_3.py
[2026-07-24T18:31:02.127+0000] {logging_mixin.py:188} INFO - [2026-07-24T18:31:02.126+0000] {dag.py:3089} INFO - Sync 1 DAGs
[2026-07-24T18:31:02.182+0000] {logging_mixin.py:188} INFO - [2026-07-24T18:31:02.182+0000] {dag.py:3947} INFO - Setting next_dagrun for example_branch_dop_operator_v3 to 2026-07-24 18:30:00+00:00, run_after=2026-07-24 18:31:00+00:00
[2026-07-24T18:31:02.228+0000] {processor.py:183} INFO - Processing /home/airflow/.local/lib/python3.12/site-packages/airflow/example_dags/example_branch_python_dop_operator_3.py took 0.236 seconds
[2026-07-24T18:31:32.975+0000] {processor.py:161} INFO - Started process (PID=11988) to work on /home/airflow/.local/lib/python3.12/site-packages/airflow/example_dags/example_branch_python_dop_operator_3.py
[2026-07-24T18:31:32.979+0000] {processor.py:830} INFO - Processing file /home/airflow/.local/lib/python3.12/site-packages/airflow/example_dags/example_branch_python_dop_operator_3.py for tasks to queue
[2026-07-24T18:31:32.985+0000] {logging_mixin.py:188} INFO - [2026-07-24T18:31:32.984+0000] {dagbag.py:545} INFO - Filling up the DagBag from /home/airflow/.local/lib/python3.12/site-packages/airflow/example_dags/example_branch_python_dop_operator_3.py
[2026-07-24T18:31:33.005+0000] {processor.py:840} INFO - DAG(s) 'example_branch_dop_operator_v3' retrieved from /home/airflow/.local/lib/python3.12/site-packages/airflow/example_dags/example_branch_python_dop_operator_3.py
[2026-07-24T18:31:33.066+0000] {logging_mixin.py:188} INFO - [2026-07-24T18:31:33.065+0000] {dag.py:3089} INFO - Sync 1 DAGs
[2026-07-24T18:31:33.127+0000] {logging_mixin.py:188} INFO - [2026-07-24T18:31:33.127+0000] {dag.py:3947} INFO - Setting next_dagrun for example_branch_dop_operator_v3 to 2026-07-24 18:30:00+00:00, run_after=2026-07-24 18:31:00+00:00
[2026-07-24T18:31:33.197+0000] {processor.py:183} INFO - Processing /home/airflow/.local/lib/python3.12/site-packages/airflow/example_dags/example_branch_python_dop_operator_3.py took 0.238 seconds
[2026-07-24T18:32:03.435+0000] {processor.py:161} INFO - Started process (PID=12061) to work on /home/airflow/.local/lib/python3.12/site-packages/airflow/example_dags/example_branch_python_dop_operator_3.py
[2026-07-24T18:32:03.439+0000] {processor.py:830} INFO - Processing file /home/airflow/.local/lib/python3.12/site-packages/airflow/example_dags/example_branch_python_dop_operator_3.py for tasks to queue
[2026-07-24T18:32:03.447+0000] {logging_mixin.py:188} INFO - [2026-07-24T18:32:03.446+0000] {dagbag.py:545} INFO - Filling up the DagBag from /home/airflow/.local/lib/python3.12/site-packages/airflow/example_dags/example_branch_python_dop_operator_3.py
[2026-07-24T18:32:03.475+0000] {processor.py:840} INFO - DAG(s) 'example_branch_dop_operator_v3' retrieved from /home/airflow/.local/lib/python3.12/site-packages/airflow/example_dags/example_branch_python_dop_operator_3.py
[2026-07-24T18:32:03.540+0000] {logging_mixin.py:188} INFO - [2026-07-24T18:32:03.538+0000] {dag.py:3089} INFO - Sync 1 DAGs
[2026-07-24T18:32:03.608+0000] {logging_mixin.py:188} INFO - [2026-07-24T18:32:03.608+0000] {dag.py:3947} INFO - Setting next_dagrun for example_branch_dop_operator_v3 to 2026-07-24 18:31:00+00:00, run_after=2026-07-24 18:32:00+00:00
[2026-07-24T18:32:03.694+0000] {processor.py:183} INFO - Processing /home/airflow/.local/lib/python3.12/site-packages/airflow/example_dags/example_branch_python_dop_operator_3.py took 0.278 seconds
[2026-07-24T18:32:35.436+0000] {processor.py:161} INFO - Started process (PID=12127) to work on /home/airflow/.local/lib/python3.12/site-packages/airflow/example_dags/example_branch_python_dop_operator_3.py
[2026-07-24T18:32:35.438+0000] {processor.py:830} INFO - Processing file /home/airflow/.local/lib/python3.12/site-packages/airflow/example_dags/example_branch_python_dop_operator_3.py for tasks to queue
[2026-07-24T18:32:35.443+0000] {logging_mixin.py:188} INFO - [2026-07-24T18:32:35.442+0000] {dagbag.py:545} INFO - Filling up the DagBag from /home/airflow/.local/lib/python3.12/site-packages/airflow/example_dags/example_branch_python_dop_operator_3.py
[2026-07-24T18:32:35.457+0000] {processor.py:840} INFO - DAG(s) 'example_branch_dop_operator_v3' retrieved from /home/airflow/.local/lib/python3.12/site-packages/airflow/example_dags/example_branch_python_dop_operator_3.py
[2026-07-24T18:32:35.493+0000] {logging_mixin.py:188} INFO - [2026-07-24T18:32:35.493+0000] {dag.py:3089} INFO - Sync 1 DAGs
[2026-07-24T18:32:35.541+0000] {logging_mixin.py:188} INFO - [2026-07-24T18:32:35.541+0000] {dag.py:3947} INFO - Setting next_dagrun for example_branch_dop_operator_v3 to 2026-07-24 18:31:00+00:00, run_after=2026-07-24 18:32:00+00:00
[2026-07-24T18:32:35.572+0000] {processor.py:183} INFO - Processing /home/airflow/.local/lib/python3.12/site-packages/airflow/example_dags/example_branch_python_dop_operator_3.py took 0.145 seconds
[2026-07-24T18:33:07.321+0000] {processor.py:161} INFO - Started process (PID=12200) to work on /home/airflow/.local/lib/python3.12/site-packages/airflow/example_dags/example_branch_python_dop_operator_3.py
[2026-07-24T18:33:07.323+0000] {processor.py:830} INFO - Processing file /home/airflow/.local/lib/python3.12/site-packages/airflow/example_dags/example_branch_python_dop_operator_3.py for tasks to queue
[2026-07-24T18:33:07.326+0000] {logging_mixin.py:188} INFO - [2026-07-24T18:33:07.326+0000] {dagbag.py:545} INFO - Filling up the DagBag from /home/airflow/.local/lib/python3.12/site-packages/airflow/example_dags/example_branch_python_dop_operator_3.py
[2026-07-24T18:33:07.337+0000] {processor.py:840} INFO - DAG(s) 'example_branch_dop_operator_v3' retrieved from /home/airflow/.local/lib/python3.12/site-packages/airflow/example_dags/example_branch_python_dop_operator_3.py
[2026-07-24T18:33:07.365+0000] {logging_mixin.py:188} INFO - [2026-07-24T18:33:07.365+0000] {dag.py:3089} INFO - Sync 1 DAGs
[2026-07-24T18:33:07.396+0000] {logging_mixin.py:188} INFO - [2026-07-24T18:33:07.396+0000] {dag.py:3947} INFO - Setting next_dagrun for example_branch_dop_operator_v3 to 2026-07-24 18:32:00+00:00, run_after=2026-07-24 18:33:00+00:00
[2026-07-24T18:33:07.424+0000] {processor.py:183} INFO - Processing /home/airflow/.local/lib/python3.12/site-packages/airflow/example_dags/example_branch_python_dop_operator_3.py took 0.111 seconds
[2026-07-24T18:33:39.590+0000] {processor.py:161} INFO - Started process (PID=12273) to work on /home/airflow/.local/lib/python3.12/site-packages/airflow/example_dags/example_branch_python_dop_operator_3.py
[2026-07-24T18:33:39.593+0000] {processor.py:830} INFO - Processing file /home/airflow/.local/lib/python3.12/site-packages/airflow/example_dags/example_branch_python_dop_operator_3.py for tasks to queue
[2026-07-24T18:33:39.601+0000] {logging_mixin.py:188} INFO - [2026-07-24T18:33:39.600+0000] {dagbag.py:545} INFO - Filling up the DagBag from /home/airflow/.local/lib/python3.12/site-packages/airflow/example_dags/example_branch_python_dop_operator_3.py
[2026-07-24T18:33:39.630+0000] {processor.py:840} INFO - DAG(s) 'example_branch_dop_operator_v3' retrieved from /home/airflow/.local/lib/python3.12/site-packages/airflow/example_dags/example_branch_python_dop_operator_3.py
[2026-07-24T18:33:39.678+0000] {logging_mixin.py:188} INFO - [2026-07-24T18:33:39.677+0000] {dag.py:3089} INFO - Sync 1 DAGs
[2026-07-24T18:33:39.739+0000] {logging_mixin.py:188} INFO - [2026-07-24T18:33:39.739+0000] {dag.py:3947} INFO - Setting next_dagrun for example_branch_dop_operator_v3 to 2026-07-24 18:32:00+00:00, run_after=2026-07-24 18:33:00+00:00
[2026-07-24T18:33:39.776+0000] {processor.py:183} INFO - Processing /home/airflow/.local/lib/python3.12/site-packages/airflow/example_dags/example_branch_python_dop_operator_3.py took 0.198 seconds
[2026-07-24T18:34:11.410+0000] {processor.py:161} INFO - Started process (PID=12346) to work on /home/airflow/.local/lib/python3.12/site-packages/airflow/example_dags/example_branch_python_dop_operator_3.py
[2026-07-24T18:34:11.414+0000] {processor.py:830} INFO - Processing file /home/airflow/.local/lib/python3.12/site-packages/airflow/example_dags/example_branch_python_dop_operator_3.py for tasks to queue
[2026-07-24T18:34:11.423+0000] {logging_mixin.py:188} INFO - [2026-07-24T18:34:11.422+0000] {dagbag.py:545} INFO - Filling up the DagBag from /home/airflow/.local/lib/python3.12/site-packages/airflow/example_dags/example_branch_python_dop_operator_3.py
[2026-07-24T18:34:11.440+0000] {processor.py:840} INFO - DAG(s) 'example_branch_dop_operator_v3' retrieved from /home/airflow/.local/lib/python3.12/site-packages/airflow/example_dags/example_branch_python_dop_operator_3.py
[2026-07-24T18:34:11.483+0000] {logging_mixin.py:188} INFO - [2026-07-24T18:34:11.483+0000] {dag.py:3089} INFO - Sync 1 DAGs
[2026-07-24T18:34:11.541+0000] {logging_mixin.py:188} INFO - [2026-07-24T18:34:11.541+0000] {dag.py:3947} INFO - Setting next_dagrun for example_branch_dop_operator_v3 to 2026-07-24 18:33:00+00:00, run_after=2026-07-24 18:34:00+00:00
[2026-07-24T18:34:11.592+0000] {processor.py:183} INFO - Processing /home/airflow/.local/lib/python3.12/site-packages/airflow/example_dags/example_branch_python_dop_operator_3.py took 0.196 seconds
[2026-07-24T18:34:42.869+0000] {processor.py:161} INFO - Started process (PID=12419) to work on /home/airflow/.local/lib/python3.12/site-packages/airflow/example_dags/example_branch_python_dop_operator_3.py
[2026-07-24T18:34:42.872+0000] {processor.py:830} INFO - Processing file /home/airflow/.local/lib/python3.12/site-packages/airflow/example_dags/example_branch_python_dop_operator_3.py for tasks to queue
[2026-07-24T18:34:42.877+0000] {logging_mixin.py:188} INFO - [2026-07-24T18:34:42.876+0000] {dagbag.py:545} INFO - Filling up the DagBag from /home/airflow/.local/lib/python3.12/site-packages/airflow/example_dags/example_branch_python_dop_operator_3.py
[2026-07-24T18:34:42.894+0000] {processor.py:840} INFO - DAG(s) 'example_branch_dop_operator_v3' retrieved from /home/airflow/.local/lib/python3.12/site-packages/airflow/example_dags/example_branch_python_dop_operator_3.py
[2026-07-24T18:34:42.930+0000] {logging_mixin.py:188} INFO - [2026-07-24T18:34:42.930+0000] {dag.py:3089} INFO - Sync 1 DAGs
[2026-07-24T18:34:42.984+0000] {logging_mixin.py:188} INFO - [2026-07-24T18:34:42.984+0000] {dag.py:3947} INFO - Setting next_dagrun for example_branch_dop_operator_v3 to 2026-07-24 18:33:00+00:00, run_after=2026-07-24 18:34:00+00:00
[2026-07-24T18:34:43.031+0000] {processor.py:183} INFO - Processing /home/airflow/.local/lib/python3.12/site-packages/airflow/example_dags/example_branch_python_dop_operator_3.py took 0.172 seconds
[2026-07-24T18:35:17.567+0000] {processor.py:161} INFO - Started process (PID=12493) to work on /home/airflow/.local/lib/python3.12/site-packages/airflow/example_dags/example_branch_python_dop_operator_3.py
[2026-07-24T18:35:17.569+0000] {processor.py:830} INFO - Processing file /home/airflow/.local/lib/python3.12/site-packages/airflow/example_dags/example_branch_python_dop_operator_3.py for tasks to queue
[2026-07-24T18:35:17.572+0000] {logging_mixin.py:188} INFO - [2026-07-24T18:35:17.572+0000] {dagbag.py:545} INFO - Filling up the DagBag from /home/airflow/.local/lib/python3.12/site-packages/airflow/example_dags/example_branch_python_dop_operator_3.py
[2026-07-24T18:35:17.585+0000] {processor.py:840} INFO - DAG(s) 'example_branch_dop_operator_v3' retrieved from /home/airflow/.local/lib/python3.12/site-packages/airflow/example_dags/example_branch_python_dop_operator_3.py
[2026-07-24T18:35:17.617+0000] {logging_mixin.py:188} INFO - [2026-07-24T18:35:17.617+0000] {dag.py:3089} INFO - Sync 1 DAGs
[2026-07-24T18:35:17.652+0000] {logging_mixin.py:188} INFO - [2026-07-24T18:35:17.651+0000] {dag.py:3947} INFO - Setting next_dagrun for example_branch_dop_operator_v3 to 2026-07-24 18:34:00+00:00, run_after=2026-07-24 18:35:00+00:00
[2026-07-24T18:35:17.686+0000] {processor.py:183} INFO - Processing /home/airflow/.local/lib/python3.12/site-packages/airflow/example_dags/example_branch_python_dop_operator_3.py took 0.127 seconds
[2026-07-24T18:35:50.524+0000] {processor.py:161} INFO - Started process (PID=12566) to work on /home/airflow/.local/lib/python3.12/site-packages/airflow/example_dags/example_branch_python_dop_operator_3.py
[2026-07-24T18:35:50.526+0000] {processor.py:830} INFO - Processing file /home/airflow/.local/lib/python3.12/site-packages/airflow/example_dags/example_branch_python_dop_operator_3.py for tasks to queue
[2026-07-24T18:35:50.530+0000] {logging_mixin.py:188} INFO - [2026-07-24T18:35:50.530+0000] {dagbag.py:545} INFO - Filling up the DagBag from /home/airflow/.local/lib/python3.12/site-packages/airflow/example_dags/example_branch_python_dop_operator_3.py
[2026-07-24T18:35:50.542+0000] {processor.py:840} INFO - DAG(s) 'example_branch_dop_operator_v3' retrieved from /home/airflow/.local/lib/python3.12/site-packages/airflow/example_dags/example_branch_python_dop_operator_3.py
[2026-07-24T18:35:50.573+0000] {logging_mixin.py:188} INFO - [2026-07-24T18:35:50.573+0000] {dag.py:3089} INFO - Sync 1 DAGs
[2026-07-24T18:35:50.605+0000] {logging_mixin.py:188} INFO - [2026-07-24T18:35:50.605+0000] {dag.py:3947} INFO - Setting next_dagrun for example_branch_dop_operator_v3 to 2026-07-24 18:34:00+00:00, run_after=2026-07-24 18:35:00+00:00
[2026-07-24T18:35:50.634+0000] {processor.py:183} INFO - Processing /home/airflow/.local/lib/python3.12/site-packages/airflow/example_dags/example_branch_python_dop_operator_3.py took 0.118 seconds
[2026-07-24T18:36:22.438+0000] {processor.py:161} INFO - Started process (PID=12639) to work on /home/airflow/.local/lib/python3.12/site-packages/airflow/example_dags/example_branch_python_dop_operator_3.py
[2026-07-24T18:36:22.440+0000] {processor.py:830} INFO - Processing file /home/airflow/.local/lib/python3.12/site-packages/airflow/example_dags/example_branch_python_dop_operator_3.py for tasks to queue
[2026-07-24T18:36:22.444+0000] {logging_mixin.py:188} INFO - [2026-07-24T18:36:22.443+0000] {dagbag.py:545} INFO - Filling up the DagBag from /home/airflow/.local/lib/python3.12/site-packages/airflow/example_dags/example_branch_python_dop_operator_3.py
[2026-07-24T18:36:22.459+0000] {processor.py:840} INFO - DAG(s) 'example_branch_dop_operator_v3' retrieved from /home/airflow/.local/lib/python3.12/site-packages/airflow/example_dags/example_branch_python_dop_operator_3.py
[2026-07-24T18:36:22.504+0000] {logging_mixin.py:188} INFO - [2026-07-24T18:36:22.504+0000] {dag.py:3089} INFO - Sync 1 DAGs
[2026-07-24T18:36:22.548+0000] {logging_mixin.py:188} INFO - [2026-07-24T18:36:22.548+0000] {dag.py:3947} INFO - Setting next_dagrun for example_branch_dop_operator_v3 to 2026-07-24 18:35:00+00:00, run_after=2026-07-24 18:36:00+00:00
[2026-07-24T18:36:22.581+0000] {processor.py:183} INFO - Processing /home/airflow/.local/lib/python3.12/site-packages/airflow/example_dags/example_branch_python_dop_operator_3.py took 0.151 seconds
[2026-07-24T18:36:53.486+0000] {processor.py:161} INFO - Started process (PID=12710) to work on /home/airflow/.local/lib/python3.12/site-packages/airflow/example_dags/example_branch_python_dop_operator_3.py
[2026-07-24T18:36:53.493+0000] {processor.py:830} INFO - Processing file /home/airflow/.local/lib/python3.12/site-packages/airflow/example_dags/example_branch_python_dop_operator_3.py for tasks to queue
[2026-07-24T18:36:53.502+0000] {logging_mixin.py:188} INFO - [2026-07-24T18:36:53.501+0000] {dagbag.py:545} INFO - Filling up the DagBag from /home/airflow/.local/lib/python3.12/site-packages/airflow/example_dags/example_branch_python_dop_operator_3.py
[2026-07-24T18:36:53.545+0000] {processor.py:840} INFO - DAG(s) 'example_branch_dop_operator_v3' retrieved from /home/airflow/.local/lib/python3.12/site-packages/airflow/example_dags/example_branch_python_dop_operator_3.py
[2026-07-24T18:36:53.605+0000] {logging_mixin.py:188} INFO - [2026-07-24T18:36:53.604+0000] {dag.py:3089} INFO - Sync 1 DAGs
[2026-07-24T18:36:53.690+0000] {logging_mixin.py:188} INFO - [2026-07-24T18:36:53.689+0000] {dag.py:3947} INFO - Setting next_dagrun for example_branch_dop_operator_v3 to 2026-07-24 18:35:00+00:00, run_after=2026-07-24 18:36:00+00:00
[2026-07-24T18:36:53.748+0000] {processor.py:183} INFO - Processing /home/airflow/.local/lib/python3.12/site-packages/airflow/example_dags/example_branch_python_dop_operator_3.py took 0.285 seconds
[2026-07-24T18:37:25.555+0000] {processor.py:161} INFO - Started process (PID=12784) to work on /home/airflow/.local/lib/python3.12/site-packages/airflow/example_dags/example_branch_python_dop_operator_3.py
[2026-07-24T18:37:25.558+0000] {processor.py:830} INFO - Processing file /home/airflow/.local/lib/python3.12/site-packages/airflow/example_dags/example_branch_python_dop_operator_3.py for tasks to queue
[2026-07-24T18:37:25.563+0000] {logging_mixin.py:188} INFO - [2026-07-24T18:37:25.563+0000] {dagbag.py:545} INFO - Filling up the DagBag from /home/airflow/.local/lib/python3.12/site-packages/airflow/example_dags/example_branch_python_dop_operator_3.py
[2026-07-24T18:37:25.585+0000] {processor.py:840} INFO - DAG(s) 'example_branch_dop_operator_v3' retrieved from /home/airflow/.local/lib/python3.12/site-packages/airflow/example_dags/example_branch_python_dop_operator_3.py
[2026-07-24T18:37:25.631+0000] {logging_mixin.py:188} INFO - [2026-07-24T18:37:25.631+0000] {dag.py:3089} INFO - Sync 1 DAGs
[2026-07-24T18:37:25.688+0000] {logging_mixin.py:188} INFO - [2026-07-24T18:37:25.687+0000] {dag.py:3947} INFO - Setting next_dagrun for example_branch_dop_operator_v3 to 2026-07-24 18:36:00+00:00, run_after=2026-07-24 18:37:00+00:00
[2026-07-24T18:37:25.738+0000] {processor.py:183} INFO - Processing /home/airflow/.local/lib/python3.12/site-packages/airflow/example_dags/example_branch_python_dop_operator_3.py took 0.196 seconds
[2026-07-24T18:37:56.156+0000] {processor.py:161} INFO - Started process (PID=12857) to work on /home/airflow/.local/lib/python3.12/site-packages/airflow/example_dags/example_branch_python_dop_operator_3.py
[2026-07-24T18:37:56.158+0000] {processor.py:830} INFO - Processing file /home/airflow/.local/lib/python3.12/site-packages/airflow/example_dags/example_branch_python_dop_operator_3.py for tasks to queue
[2026-07-24T18:37:56.162+0000] {logging_mixin.py:188} INFO - [2026-07-24T18:37:56.162+0000] {dagbag.py:545} INFO - Filling up the DagBag from /home/airflow/.local/lib/python3.12/site-packages/airflow/example_dags/example_branch_python_dop_operator_3.py
[2026-07-24T18:37:56.175+0000] {processor.py:840} INFO - DAG(s) 'example_branch_dop_operator_v3' retrieved from /home/airflow/.local/lib/python3.12/site-packages/airflow/example_dags/example_branch_python_dop_operator_3.py
[2026-07-24T18:37:56.213+0000] {logging_mixin.py:188} INFO - [2026-07-24T18:37:56.212+0000] {dag.py:3089} INFO - Sync 1 DAGs
[2026-07-24T18:37:56.263+0000] {logging_mixin.py:188} INFO - [2026-07-24T18:37:56.262+0000] {dag.py:3947} INFO - Setting next_dagrun for example_branch_dop_operator_v3 to 2026-07-24 18:36:00+00:00, run_after=2026-07-24 18:37:00+00:00
[2026-07-24T18:37:56.302+0000] {processor.py:183} INFO - Processing /home/airflow/.local/lib/python3.12/site-packages/airflow/example_dags/example_branch_python_dop_operator_3.py took 0.154 seconds
[2026-07-24T18:38:28.141+0000] {processor.py:161} INFO - Started process (PID=12929) to work on /home/airflow/.local/lib/python3.12/site-packages/airflow/example_dags/example_branch_python_dop_operator_3.py
[2026-07-24T18:38:28.147+0000] {processor.py:830} INFO - Processing file /home/airflow/.local/lib/python3.12/site-packages/airflow/example_dags/example_branch_python_dop_operator_3.py for tasks to queue
[2026-07-24T18:38:28.154+0000] {logging_mixin.py:188} INFO - [2026-07-24T18:38:28.152+0000] {dagbag.py:545} INFO - Filling up the DagBag from /home/airflow/.local/lib/python3.12/site-packages/airflow/example_dags/example_branch_python_dop_operator_3.py
[2026-07-24T18:38:28.178+0000] {processor.py:840} INFO - DAG(s) 'example_branch_dop_operator_v3' retrieved from /home/airflow/.local/lib/python3.12/site-packages/airflow/example_dags/example_branch_python_dop_operator_3.py
[2026-07-24T18:38:28.226+0000] {logging_mixin.py:188} INFO - [2026-07-24T18:38:28.226+0000] {dag.py:3089} INFO - Sync 1 DAGs
[2026-07-24T18:38:28.283+0000] {logging_mixin.py:188} INFO - [2026-07-24T18:38:28.282+0000] {dag.py:3947} INFO - Setting next_dagrun for example_branch_dop_operator_v3 to 2026-07-24 18:37:00+00:00, run_after=2026-07-24 18:38:00+00:00
[2026-07-24T18:38:28.330+0000] {processor.py:183} INFO - Processing /home/airflow/.local/lib/python3.12/site-packages/airflow/example_dags/example_branch_python_dop_operator_3.py took 0.213 seconds
[2026-07-24T18:39:00.326+0000] {processor.py:161} INFO - Started process (PID=13003) to work on /home/airflow/.local/lib/python3.12/site-packages/airflow/example_dags/example_branch_python_dop_operator_3.py
[2026-07-24T18:39:00.330+0000] {processor.py:830} INFO - Processing file /home/airflow/.local/lib/python3.12/site-packages/airflow/example_dags/example_branch_python_dop_operator_3.py for tasks to queue
[2026-07-24T18:39:00.334+0000] {logging_mixin.py:188} INFO - [2026-07-24T18:39:00.333+0000] {dagbag.py:545} INFO - Filling up the DagBag from /home/airflow/.local/lib/python3.12/site-packages/airflow/example_dags/example_branch_python_dop_operator_3.py
[2026-07-24T18:39:00.351+0000] {processor.py:840} INFO - DAG(s) 'example_branch_dop_operator_v3' retrieved from /home/airflow/.local/lib/python3.12/site-packages/airflow/example_dags/example_branch_python_dop_operator_3.py
[2026-07-24T18:39:00.388+0000] {logging_mixin.py:188} INFO - [2026-07-24T18:39:00.388+0000] {dag.py:3089} INFO - Sync 1 DAGs
[2026-07-24T18:39:00.446+0000] {logging_mixin.py:188} INFO - [2026-07-24T18:39:00.446+0000] {dag.py:3947} INFO - Setting next_dagrun for example_branch_dop_operator_v3 to 2026-07-24 18:38:00+00:00, run_after=2026-07-24 18:39:00+00:00
[2026-07-24T18:39:00.498+0000] {processor.py:183} INFO - Processing /home/airflow/.local/lib/python3.12/site-packages/airflow/example_dags/example_branch_python_dop_operator_3.py took 0.181 seconds
[2026-07-24T18:39:31.523+0000] {processor.py:161} INFO - Started process (PID=13085) to work on /home/airflow/.local/lib/python3.12/site-packages/airflow/example_dags/example_branch_python_dop_operator_3.py
[2026-07-24T18:39:31.526+0000] {processor.py:830} INFO - Processing file /home/airflow/.local/lib/python3.12/site-packages/airflow/example_dags/example_branch_python_dop_operator_3.py for tasks to queue
[2026-07-24T18:39:31.531+0000] {logging_mixin.py:188} INFO - [2026-07-24T18:39:31.530+0000] {dagbag.py:545} INFO - Filling up the DagBag from /home/airflow/.local/lib/python3.12/site-packages/airflow/example_dags/example_branch_python_dop_operator_3.py
[2026-07-24T18:39:31.551+0000] {processor.py:840} INFO - DAG(s) 'example_branch_dop_operator_v3' retrieved from /home/airflow/.local/lib/python3.12/site-packages/airflow/example_dags/example_branch_python_dop_operator_3.py
[2026-07-24T18:39:31.605+0000] {logging_mixin.py:188} INFO - [2026-07-24T18:39:31.604+0000] {dag.py:3089} INFO - Sync 1 DAGs
[2026-07-24T18:39:31.704+0000] {logging_mixin.py:188} INFO - [2026-07-24T18:39:31.704+0000] {dag.py:3947} INFO - Setting next_dagrun for example_branch_dop_operator_v3 to 2026-07-24 18:38:00+00:00, run_after=2026-07-24 18:39:00+00:00
[2026-07-24T18:39:31.752+0000] {processor.py:183} INFO - Processing /home/airflow/.local/lib/python3.12/site-packages/airflow/example_dags/example_branch_python_dop_operator_3.py took 0.240 seconds
[2026-07-24T18:40:02.519+0000] {processor.py:161} INFO - Started process (PID=13158) to work on /home/airflow/.local/lib/python3.12/site-packages/airflow/example_dags/example_branch_python_dop_operator_3.py
[2026-07-24T18:40:02.524+0000] {processor.py:830} INFO - Processing file /home/airflow/.local/lib/python3.12/site-packages/airflow/example_dags/example_branch_python_dop_operator_3.py for tasks to queue
[2026-07-24T18:40:02.530+0000] {logging_mixin.py:188} INFO - [2026-07-24T18:40:02.529+0000] {dagbag.py:545} INFO - Filling up the DagBag from /home/airflow/.local/lib/python3.12/site-packages/airflow/example_dags/example_branch_python_dop_operator_3.py
[2026-07-24T18:40:02.567+0000] {processor.py:840} INFO - DAG(s) 'example_branch_dop_operator_v3' retrieved from /home/airflow/.local/lib/python3.12/site-packages/airflow/example_dags/example_branch_python_dop_operator_3.py
[2026-07-24T18:40:02.629+0000] {logging_mixin.py:188} INFO - [2026-07-24T18:40:02.628+0000] {dag.py:3089} INFO - Sync 1 DAGs
[2026-07-24T18:40:02.685+0000] {logging_mixin.py:188} INFO - [2026-07-24T18:40:02.684+0000] {dag.py:3947} INFO - Setting next_dagrun for example_branch_dop_operator_v3 to 2026-07-24 18:39:00+00:00, run_after=2026-07-24 18:40:00+00:00
[2026-07-24T18:40:02.737+0000] {processor.py:183} INFO - Processing /home/airflow/.local/lib/python3.12/site-packages/airflow/example_dags/example_branch_python_dop_operator_3.py took 0.234 seconds
[2026-07-24T18:40:33.106+0000] {processor.py:161} INFO - Started process (PID=13232) to work on /home/airflow/.local/lib/python3.12/site-packages/airflow/example_dags/example_branch_python_dop_operator_3.py
[2026-07-24T18:40:33.109+0000] {processor.py:830} INFO - Processing file /home/airflow/.local/lib/python3.12/site-packages/airflow/example_dags/example_branch_python_dop_operator_3.py for tasks to queue
[2026-07-24T18:40:33.114+0000] {logging_mixin.py:188} INFO - [2026-07-24T18:40:33.113+0000] {dagbag.py:545} INFO - Filling up the DagBag from /home/airflow/.local/lib/python3.12/site-packages/airflow/example_dags/example_branch_python_dop_operator_3.py
[2026-07-24T18:40:33.135+0000] {processor.py:840} INFO - DAG(s) 'example_branch_dop_operator_v3' retrieved from /home/airflow/.local/lib/python3.12/site-packages/airflow/example_dags/example_branch_python_dop_operator_3.py
[2026-07-24T18:40:33.181+0000] {logging_mixin.py:188} INFO - [2026-07-24T18:40:33.181+0000] {dag.py:3089} INFO - Sync 1 DAGs
[2026-07-24T18:40:33.225+0000] {logging_mixin.py:188} INFO - [2026-07-24T18:40:33.224+0000] {dag.py:3947} INFO - Setting next_dagrun for example_branch_dop_operator_v3 to 2026-07-24 18:39:00+00:00, run_after=2026-07-24 18:40:00+00:00
[2026-07-24T18:40:33.260+0000] {processor.py:183} INFO - Processing /home/airflow/.local/lib/python3.12/site-packages/airflow/example_dags/example_branch_python_dop_operator_3.py took 0.167 seconds
[2026-07-24T18:41:03.633+0000] {processor.py:161} INFO - Started process (PID=13306) to work on /home/airflow/.local/lib/python3.12/site-packages/airflow/example_dags/example_branch_python_dop_operator_3.py
[2026-07-24T18:41:03.638+0000] {processor.py:830} INFO - Processing file /home/airflow/.local/lib/python3.12/site-packages/airflow/example_dags/example_branch_python_dop_operator_3.py for tasks to queue
[2026-07-24T18:41:03.645+0000] {logging_mixin.py:188} INFO - [2026-07-24T18:41:03.644+0000] {dagbag.py:545} INFO - Filling up the DagBag from /home/airflow/.local/lib/python3.12/site-packages/airflow/example_dags/example_branch_python_dop_operator_3.py
[2026-07-24T18:41:03.676+0000] {processor.py:840} INFO - DAG(s) 'example_branch_dop_operator_v3' retrieved from /home/airflow/.local/lib/python3.12/site-packages/airflow/example_dags/example_branch_python_dop_operator_3.py
[2026-07-24T18:41:03.749+0000] {logging_mixin.py:188} INFO - [2026-07-24T18:41:03.749+0000] {dag.py:3089} INFO - Sync 1 DAGs
[2026-07-24T18:41:03.818+0000] {logging_mixin.py:188} INFO - [2026-07-24T18:41:03.817+0000] {dag.py:3947} INFO - Setting next_dagrun for example_branch_dop_operator_v3 to 2026-07-24 18:40:00+00:00, run_after=2026-07-24 18:41:00+00:00
[2026-07-24T18:41:03.878+0000] {processor.py:183} INFO - Processing /home/airflow/.local/lib/python3.12/site-packages/airflow/example_dags/example_branch_python_dop_operator_3.py took 0.261 seconds
[2026-07-24T18:41:36.027+0000] {processor.py:161} INFO - Started process (PID=13379) to work on /home/airflow/.local/lib/python3.12/site-packages/airflow/example_dags/example_branch_python_dop_operator_3.py
[2026-07-24T18:41:36.030+0000] {processor.py:830} INFO - Processing file /home/airflow/.local/lib/python3.12/site-packages/airflow/example_dags/example_branch_python_dop_operator_3.py for tasks to queue
[2026-07-24T18:41:36.035+0000] {logging_mixin.py:188} INFO - [2026-07-24T18:41:36.034+0000] {dagbag.py:545} INFO - Filling up the DagBag from /home/airflow/.local/lib/python3.12/site-packages/airflow/example_dags/example_branch_python_dop_operator_3.py
[2026-07-24T18:41:36.058+0000] {processor.py:840} INFO - DAG(s) 'example_branch_dop_operator_v3' retrieved from /home/airflow/.local/lib/python3.12/site-packages/airflow/example_dags/example_branch_python_dop_operator_3.py
[2026-07-24T18:41:36.110+0000] {logging_mixin.py:188} INFO - [2026-07-24T18:41:36.109+0000] {dag.py:3089} INFO - Sync 1 DAGs
[2026-07-24T18:41:36.178+0000] {logging_mixin.py:188} INFO - [2026-07-24T18:41:36.177+0000] {dag.py:3947} INFO - Setting next_dagrun for example_branch_dop_operator_v3 to 2026-07-24 18:40:00+00:00, run_after=2026-07-24 18:41:00+00:00
[2026-07-24T18:41:36.224+0000] {processor.py:183} INFO - Processing /home/airflow/.local/lib/python3.12/site-packages/airflow/example_dags/example_branch_python_dop_operator_3.py took 0.208 seconds
[2026-07-24T18:42:07.011+0000] {processor.py:161} INFO - Started process (PID=13452) to work on /home/airflow/.local/lib/python3.12/site-packages/airflow/example_dags/example_branch_python_dop_operator_3.py
[2026-07-24T18:42:07.014+0000] {processor.py:830} INFO - Processing file /home/airflow/.local/lib/python3.12/site-packages/airflow/example_dags/example_branch_python_dop_operator_3.py for tasks to queue
[2026-07-24T18:42:07.018+0000] {logging_mixin.py:188} INFO - [2026-07-24T18:42:07.018+0000] {dagbag.py:545} INFO - Filling up the DagBag from /home/airflow/.local/lib/python3.12/site-packages/airflow/example_dags/example_branch_python_dop_operator_3.py
[2026-07-24T18:42:07.039+0000] {processor.py:840} INFO - DAG(s) 'example_branch_dop_operator_v3' retrieved from /home/airflow/.local/lib/python3.12/site-packages/airflow/example_dags/example_branch_python_dop_operator_3.py
[2026-07-24T18:42:07.083+0000] {logging_mixin.py:188} INFO - [2026-07-24T18:42:07.082+0000] {dag.py:3089} INFO - Sync 1 DAGs
[2026-07-24T18:42:07.154+0000] {logging_mixin.py:188} INFO - [2026-07-24T18:42:07.154+0000] {dag.py:3947} INFO - Setting next_dagrun for example_branch_dop_operator_v3 to 2026-07-24 18:41:00+00:00, run_after=2026-07-24 18:42:00+00:00
[2026-07-24T18:42:07.201+0000] {processor.py:183} INFO - Processing /home/airflow/.local/lib/python3.12/site-packages/airflow/example_dags/example_branch_python_dop_operator_3.py took 0.200 seconds
[2026-07-24T18:42:38.071+0000] {processor.py:161} INFO - Started process (PID=13525) to work on /home/airflow/.local/lib/python3.12/site-packages/airflow/example_dags/example_branch_python_dop_operator_3.py
[2026-07-24T18:42:38.080+0000] {processor.py:830} INFO - Processing file /home/airflow/.local/lib/python3.12/site-packages/airflow/example_dags/example_branch_python_dop_operator_3.py for tasks to queue
[2026-07-24T18:42:38.091+0000] {logging_mixin.py:188} INFO - [2026-07-24T18:42:38.090+0000] {dagbag.py:545} INFO - Filling up the DagBag from /home/airflow/.local/lib/python3.12/site-packages/airflow/example_dags/example_branch_python_dop_operator_3.py
[2026-07-24T18:42:38.122+0000] {processor.py:840} INFO - DAG(s) 'example_branch_dop_operator_v3' retrieved from /home/airflow/.local/lib/python3.12/site-packages/airflow/example_dags/example_branch_python_dop_operator_3.py
[2026-07-24T18:42:38.198+0000] {logging_mixin.py:188} INFO - [2026-07-24T18:42:38.197+0000] {dag.py:3089} INFO - Sync 1 DAGs
[2026-07-24T18:42:38.293+0000] {logging_mixin.py:188} INFO - [2026-07-24T18:42:38.292+0000] {dag.py:3947} INFO - Setting next_dagrun for example_branch_dop_operator_v3 to 2026-07-24 18:41:00+00:00, run_after=2026-07-24 18:42:00+00:00
[2026-07-24T18:42:38.352+0000] {processor.py:183} INFO - Processing /home/airflow/.local/lib/python3.12/site-packages/airflow/example_dags/example_branch_python_dop_operator_3.py took 0.303 seconds
[2026-07-24T18:43:09.356+0000] {processor.py:161} INFO - Started process (PID=13592) to work on /home/airflow/.local/lib/python3.12/site-packages/airflow/example_dags/example_branch_python_dop_operator_3.py
[2026-07-24T18:43:09.359+0000] {processor.py:830} INFO - Processing file /home/airflow/.local/lib/python3.12/site-packages/airflow/example_dags/example_branch_python_dop_operator_3.py for tasks to queue
[2026-07-24T18:43:09.365+0000] {logging_mixin.py:188} INFO - [2026-07-24T18:43:09.364+0000] {dagbag.py:545} INFO - Filling up the DagBag from /home/airflow/.local/lib/python3.12/site-packages/airflow/example_dags/example_branch_python_dop_operator_3.py
[2026-07-24T18:43:09.393+0000] {processor.py:840} INFO - DAG(s) 'example_branch_dop_operator_v3' retrieved from /home/airflow/.local/lib/python3.12/site-packages/airflow/example_dags/example_branch_python_dop_operator_3.py
[2026-07-24T18:43:09.452+0000] {logging_mixin.py:188} INFO - [2026-07-24T18:43:09.451+0000] {dag.py:3089} INFO - Sync 1 DAGs
[2026-07-24T18:43:09.521+0000] {logging_mixin.py:188} INFO - [2026-07-24T18:43:09.521+0000] {dag.py:3947} INFO - Setting next_dagrun for example_branch_dop_operator_v3 to 2026-07-24 18:42:00+00:00, run_after=2026-07-24 18:43:00+00:00
[2026-07-24T18:43:09.572+0000] {processor.py:183} INFO - Processing /home/airflow/.local/lib/python3.12/site-packages/airflow/example_dags/example_branch_python_dop_operator_3.py took 0.228 seconds
[2026-07-24T18:43:40.203+0000] {processor.py:161} INFO - Started process (PID=13673) to work on /home/airflow/.local/lib/python3.12/site-packages/airflow/example_dags/example_branch_python_dop_operator_3.py
[2026-07-24T18:43:40.207+0000] {processor.py:830} INFO - Processing file /home/airflow/.local/lib/python3.12/site-packages/airflow/example_dags/example_branch_python_dop_operator_3.py for tasks to queue
[2026-07-24T18:43:40.213+0000] {logging_mixin.py:188} INFO - [2026-07-24T18:43:40.212+0000] {dagbag.py:545} INFO - Filling up the DagBag from /home/airflow/.local/lib/python3.12/site-packages/airflow/example_dags/example_branch_python_dop_operator_3.py
[2026-07-24T18:43:40.235+0000] {processor.py:840} INFO - DAG(s) 'example_branch_dop_operator_v3' retrieved from /home/airflow/.local/lib/python3.12/site-packages/airflow/example_dags/example_branch_python_dop_operator_3.py
[2026-07-24T18:43:40.287+0000] {logging_mixin.py:188} INFO - [2026-07-24T18:43:40.287+0000] {dag.py:3089} INFO - Sync 1 DAGs
[2026-07-24T18:43:40.346+0000] {logging_mixin.py:188} INFO - [2026-07-24T18:43:40.345+0000] {dag.py:3947} INFO - Setting next_dagrun for example_branch_dop_operator_v3 to 2026-07-24 18:42:00+00:00, run_after=2026-07-24 18:43:00+00:00
[2026-07-24T18:43:40.394+0000] {processor.py:183} INFO - Processing /home/airflow/.local/lib/python3.12/site-packages/airflow/example_dags/example_branch_python_dop_operator_3.py took 0.205 seconds
[2026-07-24T18:44:11.216+0000] {processor.py:161} INFO - Started process (PID=13739) to work on /home/airflow/.local/lib/python3.12/site-packages/airflow/example_dags/example_branch_python_dop_operator_3.py
[2026-07-24T18:44:11.219+0000] {processor.py:830} INFO - Processing file /home/airflow/.local/lib/python3.12/site-packages/airflow/example_dags/example_branch_python_dop_operator_3.py for tasks to queue
[2026-07-24T18:44:11.225+0000] {logging_mixin.py:188} INFO - [2026-07-24T18:44:11.224+0000] {dagbag.py:545} INFO - Filling up the DagBag from /home/airflow/.local/lib/python3.12/site-packages/airflow/example_dags/example_branch_python_dop_operator_3.py
[2026-07-24T18:44:11.251+0000] {processor.py:840} INFO - DAG(s) 'example_branch_dop_operator_v3' retrieved from /home/airflow/.local/lib/python3.12/site-packages/airflow/example_dags/example_branch_python_dop_operator_3.py
[2026-07-24T18:44:11.315+0000] {logging_mixin.py:188} INFO - [2026-07-24T18:44:11.315+0000] {dag.py:3089} INFO - Sync 1 DAGs
[2026-07-24T18:44:11.375+0000] {logging_mixin.py:188} INFO - [2026-07-24T18:44:11.374+0000] {dag.py:3947} INFO - Setting next_dagrun for example_branch_dop_operator_v3 to 2026-07-24 18:43:00+00:00, run_after=2026-07-24 18:44:00+00:00
[2026-07-24T18:44:11.434+0000] {processor.py:183} INFO - Processing /home/airflow/.local/lib/python3.12/site-packages/airflow/example_dags/example_branch_python_dop_operator_3.py took 0.236 seconds
[2026-07-24T18:44:43.521+0000] {processor.py:161} INFO - Started process (PID=13821) to work on /home/airflow/.local/lib/python3.12/site-packages/airflow/example_dags/example_branch_python_dop_operator_3.py
[2026-07-24T18:44:43.524+0000] {processor.py:830} INFO - Processing file /home/airflow/.local/lib/python3.12/site-packages/airflow/example_dags/example_branch_python_dop_operator_3.py for tasks to queue
[2026-07-24T18:44:43.530+0000] {logging_mixin.py:188} INFO - [2026-07-24T18:44:43.529+0000] {dagbag.py:545} INFO - Filling up the DagBag from /home/airflow/.local/lib/python3.12/site-packages/airflow/example_dags/example_branch_python_dop_operator_3.py
[2026-07-24T18:44:43.553+0000] {processor.py:840} INFO - DAG(s) 'example_branch_dop_operator_v3' retrieved from /home/airflow/.local/lib/python3.12/site-packages/airflow/example_dags/example_branch_python_dop_operator_3.py
[2026-07-24T18:44:43.605+0000] {logging_mixin.py:188} INFO - [2026-07-24T18:44:43.605+0000] {dag.py:3089} INFO - Sync 1 DAGs
[2026-07-24T18:44:43.666+0000] {logging_mixin.py:188} INFO - [2026-07-24T18:44:43.666+0000] {dag.py:3947} INFO - Setting next_dagrun for example_branch_dop_operator_v3 to 2026-07-24 18:43:00+00:00, run_after=2026-07-24 18:44:00+00:00
[2026-07-24T18:44:43.708+0000] {processor.py:183} INFO - Processing /home/airflow/.local/lib/python3.12/site-packages/airflow/example_dags/example_branch_python_dop_operator_3.py took 0.203 seconds
[2026-07-24T18:45:16.538+0000] {processor.py:161} INFO - Started process (PID=13895) to work on /home/airflow/.local/lib/python3.12/site-packages/airflow/example_dags/example_branch_python_dop_operator_3.py
[2026-07-24T18:45:16.542+0000] {processor.py:830} INFO - Processing file /home/airflow/.local/lib/python3.12/site-packages/airflow/example_dags/example_branch_python_dop_operator_3.py for tasks to queue
[2026-07-24T18:45:16.548+0000] {logging_mixin.py:188} INFO - [2026-07-24T18:45:16.547+0000] {dagbag.py:545} INFO - Filling up the DagBag from /home/airflow/.local/lib/python3.12/site-packages/airflow/example_dags/example_branch_python_dop_operator_3.py
[2026-07-24T18:45:16.572+0000] {processor.py:840} INFO - DAG(s) 'example_branch_dop_operator_v3' retrieved from /home/airflow/.local/lib/python3.12/site-packages/airflow/example_dags/example_branch_python_dop_operator_3.py
[2026-07-24T18:45:16.635+0000] {logging_mixin.py:188} INFO - [2026-07-24T18:45:16.635+0000] {dag.py:3089} INFO - Sync 1 DAGs
[2026-07-24T18:45:16.708+0000] {logging_mixin.py:188} INFO - [2026-07-24T18:45:16.707+0000] {dag.py:3947} INFO - Setting next_dagrun for example_branch_dop_operator_v3 to 2026-07-24 18:44:00+00:00, run_after=2026-07-24 18:45:00+00:00
[2026-07-24T18:45:16.783+0000] {processor.py:183} INFO - Processing /home/airflow/.local/lib/python3.12/site-packages/airflow/example_dags/example_branch_python_dop_operator_3.py took 0.261 seconds
[2026-07-24T18:45:48.358+0000] {processor.py:161} INFO - Started process (PID=13967) to work on /home/airflow/.local/lib/python3.12/site-packages/airflow/example_dags/example_branch_python_dop_operator_3.py
[2026-07-24T18:45:48.361+0000] {processor.py:830} INFO - Processing file /home/airflow/.local/lib/python3.12/site-packages/airflow/example_dags/example_branch_python_dop_operator_3.py for tasks to queue
[2026-07-24T18:45:48.366+0000] {logging_mixin.py:188} INFO - [2026-07-24T18:45:48.366+0000] {dagbag.py:545} INFO - Filling up the DagBag from /home/airflow/.local/lib/python3.12/site-packages/airflow/example_dags/example_branch_python_dop_operator_3.py
[2026-07-24T18:45:48.393+0000] {processor.py:840} INFO - DAG(s) 'example_branch_dop_operator_v3' retrieved from /home/airflow/.local/lib/python3.12/site-packages/airflow/example_dags/example_branch_python_dop_operator_3.py
[2026-07-24T18:45:48.442+0000] {logging_mixin.py:188} INFO - [2026-07-24T18:45:48.442+0000] {dag.py:3089} INFO - Sync 1 DAGs
[2026-07-24T18:45:48.508+0000] {logging_mixin.py:188} INFO - [2026-07-24T18:45:48.507+0000] {dag.py:3947} INFO - Setting next_dagrun for example_branch_dop_operator_v3 to 2026-07-24 18:44:00+00:00, run_after=2026-07-24 18:45:00+00:00
[2026-07-24T18:45:48.557+0000] {processor.py:183} INFO - Processing /home/airflow/.local/lib/python3.12/site-packages/airflow/example_dags/example_branch_python_dop_operator_3.py took 0.214 seconds
[2026-07-24T18:46:19.308+0000] {processor.py:161} INFO - Started process (PID=14039) to work on /home/airflow/.local/lib/python3.12/site-packages/airflow/example_dags/example_branch_python_dop_operator_3.py
[2026-07-24T18:46:19.311+0000] {processor.py:830} INFO - Processing file /home/airflow/.local/lib/python3.12/site-packages/airflow/example_dags/example_branch_python_dop_operator_3.py for tasks to queue
[2026-07-24T18:46:19.316+0000] {logging_mixin.py:188} INFO - [2026-07-24T18:46:19.315+0000] {dagbag.py:545} INFO - Filling up the DagBag from /home/airflow/.local/lib/python3.12/site-packages/airflow/example_dags/example_branch_python_dop_operator_3.py
[2026-07-24T18:46:19.337+0000] {processor.py:840} INFO - DAG(s) 'example_branch_dop_operator_v3' retrieved from /home/airflow/.local/lib/python3.12/site-packages/airflow/example_dags/example_branch_python_dop_operator_3.py
[2026-07-24T18:46:19.382+0000] {logging_mixin.py:188} INFO - [2026-07-24T18:46:19.382+0000] {dag.py:3089} INFO - Sync 1 DAGs
[2026-07-24T18:46:19.431+0000] {logging_mixin.py:188} INFO - [2026-07-24T18:46:19.431+0000] {dag.py:3947} INFO - Setting next_dagrun for example_branch_dop_operator_v3 to 2026-07-24 18:45:00+00:00, run_after=2026-07-24 18:46:00+00:00
[2026-07-24T18:46:19.474+0000] {processor.py:183} INFO - Processing /home/airflow/.local/lib/python3.12/site-packages/airflow/example_dags/example_branch_python_dop_operator_3.py took 0.179 seconds
[2026-07-24T18:46:52.414+0000] {processor.py:161} INFO - Started process (PID=14113) to work on /home/airflow/.local/lib/python3.12/site-packages/airflow/example_dags/example_branch_python_dop_operator_3.py
[2026-07-24T18:46:52.417+0000] {processor.py:830} INFO - Processing file /home/airflow/.local/lib/python3.12/site-packages/airflow/example_dags/example_branch_python_dop_operator_3.py for tasks to queue
[2026-07-24T18:46:52.423+0000] {logging_mixin.py:188} INFO - [2026-07-24T18:46:52.422+0000] {dagbag.py:545} INFO - Filling up the DagBag from /home/airflow/.local/lib/python3.12/site-packages/airflow/example_dags/example_branch_python_dop_operator_3.py
[2026-07-24T18:46:52.444+0000] {processor.py:840} INFO - DAG(s) 'example_branch_dop_operator_v3' retrieved from /home/airflow/.local/lib/python3.12/site-packages/airflow/example_dags/example_branch_python_dop_operator_3.py
[2026-07-24T18:46:52.505+0000] {logging_mixin.py:188} INFO - [2026-07-24T18:46:52.504+0000] {dag.py:3089} INFO - Sync 1 DAGs
[2026-07-24T18:46:52.618+0000] {logging_mixin.py:188} INFO - [2026-07-24T18:46:52.618+0000] {dag.py:3947} INFO - Setting next_dagrun for example_branch_dop_operator_v3 to 2026-07-24 18:45:00+00:00, run_after=2026-07-24 18:46:00+00:00
[2026-07-24T18:46:52.694+0000] {processor.py:183} INFO - Processing /home/airflow/.local/lib/python3.12/site-packages/airflow/example_dags/example_branch_python_dop_operator_3.py took 0.292 seconds
[2026-07-24T18:47:23.025+0000] {processor.py:161} INFO - Started process (PID=14186) to work on /home/airflow/.local/lib/python3.12/site-packages/airflow/example_dags/example_branch_python_dop_operator_3.py
[2026-07-24T18:47:23.027+0000] {processor.py:830} INFO - Processing file /home/airflow/.local/lib/python3.12/site-packages/airflow/example_dags/example_branch_python_dop_operator_3.py for tasks to queue
[2026-07-24T18:47:23.031+0000] {logging_mixin.py:188} INFO - [2026-07-24T18:47:23.031+0000] {dagbag.py:545} INFO - Filling up the DagBag from /home/airflow/.local/lib/python3.12/site-packages/airflow/example_dags/example_branch_python_dop_operator_3.py
[2026-07-24T18:47:23.047+0000] {processor.py:840} INFO - DAG(s) 'example_branch_dop_operator_v3' retrieved from /home/airflow/.local/lib/python3.12/site-packages/airflow/example_dags/example_branch_python_dop_operator_3.py
[2026-07-24T18:47:23.099+0000] {logging_mixin.py:188} INFO - [2026-07-24T18:47:23.099+0000] {dag.py:3089} INFO - Sync 1 DAGs
[2026-07-24T18:47:23.157+0000] {logging_mixin.py:188} INFO - [2026-07-24T18:47:23.157+0000] {dag.py:3947} INFO - Setting next_dagrun for example_branch_dop_operator_v3 to 2026-07-24 18:46:00+00:00, run_after=2026-07-24 18:47:00+00:00
[2026-07-24T18:47:23.206+0000] {processor.py:183} INFO - Processing /home/airflow/.local/lib/python3.12/site-packages/airflow/example_dags/example_branch_python_dop_operator_3.py took 0.189 seconds
[2026-07-24T18:47:53.408+0000] {processor.py:161} INFO - Started process (PID=14258) to work on /home/airflow/.local/lib/python3.12/site-packages/airflow/example_dags/example_branch_python_dop_operator_3.py
[2026-07-24T18:47:53.411+0000] {processor.py:830} INFO - Processing file /home/airflow/.local/lib/python3.12/site-packages/airflow/example_dags/example_branch_python_dop_operator_3.py for tasks to queue
[2026-07-24T18:47:53.415+0000] {logging_mixin.py:188} INFO - [2026-07-24T18:47:53.414+0000] {dagbag.py:545} INFO - Filling up the DagBag from /home/airflow/.local/lib/python3.12/site-packages/airflow/example_dags/example_branch_python_dop_operator_3.py
[2026-07-24T18:47:53.432+0000] {processor.py:840} INFO - DAG(s) 'example_branch_dop_operator_v3' retrieved from /home/airflow/.local/lib/python3.12/site-packages/airflow/example_dags/example_branch_python_dop_operator_3.py
[2026-07-24T18:47:53.473+0000] {logging_mixin.py:188} INFO - [2026-07-24T18:47:53.472+0000] {dag.py:3089} INFO - Sync 1 DAGs
[2026-07-24T18:47:53.520+0000] {logging_mixin.py:188} INFO - [2026-07-24T18:47:53.519+0000] {dag.py:3947} INFO - Setting next_dagrun for example_branch_dop_operator_v3 to 2026-07-24 18:46:00+00:00, run_after=2026-07-24 18:47:00+00:00
[2026-07-24T18:47:53.556+0000] {processor.py:183} INFO - Processing /home/airflow/.local/lib/python3.12/site-packages/airflow/example_dags/example_branch_python_dop_operator_3.py took 0.159 seconds
[2026-07-24T18:48:23.732+0000] {processor.py:161} INFO - Started process (PID=14332) to work on /home/airflow/.local/lib/python3.12/site-packages/airflow/example_dags/example_branch_python_dop_operator_3.py
[2026-07-24T18:48:23.736+0000] {processor.py:830} INFO - Processing file /home/airflow/.local/lib/python3.12/site-packages/airflow/example_dags/example_branch_python_dop_operator_3.py for tasks to queue
[2026-07-24T18:48:23.742+0000] {logging_mixin.py:188} INFO - [2026-07-24T18:48:23.741+0000] {dagbag.py:545} INFO - Filling up the DagBag from /home/airflow/.local/lib/python3.12/site-packages/airflow/example_dags/example_branch_python_dop_operator_3.py
[2026-07-24T18:48:23.761+0000] {processor.py:840} INFO - DAG(s) 'example_branch_dop_operator_v3' retrieved from /home/airflow/.local/lib/python3.12/site-packages/airflow/example_dags/example_branch_python_dop_operator_3.py
[2026-07-24T18:48:23.815+0000] {logging_mixin.py:188} INFO - [2026-07-24T18:48:23.814+0000] {dag.py:3089} INFO - Sync 1 DAGs
[2026-07-24T18:48:23.879+0000] {logging_mixin.py:188} INFO - [2026-07-24T18:48:23.878+0000] {dag.py:3947} INFO - Setting next_dagrun for example_branch_dop_operator_v3 to 2026-07-24 18:47:00+00:00, run_after=2026-07-24 18:48:00+00:00
[2026-07-24T18:48:23.930+0000] {processor.py:183} INFO - Processing /home/airflow/.local/lib/python3.12/site-packages/airflow/example_dags/example_branch_python_dop_operator_3.py took 0.212 seconds
[2026-07-24T18:48:55.929+0000] {processor.py:161} INFO - Started process (PID=14405) to work on /home/airflow/.local/lib/python3.12/site-packages/airflow/example_dags/example_branch_python_dop_operator_3.py
[2026-07-24T18:48:55.932+0000] {processor.py:830} INFO - Processing file /home/airflow/.local/lib/python3.12/site-packages/airflow/example_dags/example_branch_python_dop_operator_3.py for tasks to queue
[2026-07-24T18:48:55.938+0000] {logging_mixin.py:188} INFO - [2026-07-24T18:48:55.937+0000] {dagbag.py:545} INFO - Filling up the DagBag from /home/airflow/.local/lib/python3.12/site-packages/airflow/example_dags/example_branch_python_dop_operator_3.py
[2026-07-24T18:48:55.956+0000] {processor.py:840} INFO - DAG(s) 'example_branch_dop_operator_v3' retrieved from /home/airflow/.local/lib/python3.12/site-packages/airflow/example_dags/example_branch_python_dop_operator_3.py
[2026-07-24T18:48:56.060+0000] {logging_mixin.py:188} INFO - [2026-07-24T18:48:56.060+0000] {dag.py:3089} INFO - Sync 1 DAGs
[2026-07-24T18:48:56.124+0000] {logging_mixin.py:188} INFO - [2026-07-24T18:48:56.123+0000] {dag.py:3947} INFO - Setting next_dagrun for example_branch_dop_operator_v3 to 2026-07-24 18:47:00+00:00, run_after=2026-07-24 18:48:00+00:00
[2026-07-24T18:48:56.174+0000] {processor.py:183} INFO - Processing /home/airflow/.local/lib/python3.12/site-packages/airflow/example_dags/example_branch_python_dop_operator_3.py took 0.256 seconds
[2026-07-24T18:49:26.939+0000] {processor.py:161} INFO - Started process (PID=14478) to work on /home/airflow/.local/lib/python3.12/site-packages/airflow/example_dags/example_branch_python_dop_operator_3.py
[2026-07-24T18:49:26.947+0000] {processor.py:830} INFO - Processing file /home/airflow/.local/lib/python3.12/site-packages/airflow/example_dags/example_branch_python_dop_operator_3.py for tasks to queue
[2026-07-24T18:49:26.959+0000] {logging_mixin.py:188} INFO - [2026-07-24T18:49:26.954+0000] {dagbag.py:545} INFO - Filling up the DagBag from /home/airflow/.local/lib/python3.12/site-packages/airflow/example_dags/example_branch_python_dop_operator_3.py
[2026-07-24T18:49:26.989+0000] {processor.py:840} INFO - DAG(s) 'example_branch_dop_operator_v3' retrieved from /home/airflow/.local/lib/python3.12/site-packages/airflow/example_dags/example_branch_python_dop_operator_3.py
[2026-07-24T18:49:27.043+0000] {logging_mixin.py:188} INFO - [2026-07-24T18:49:27.042+0000] {dag.py:3089} INFO - Sync 1 DAGs
[2026-07-24T18:49:27.105+0000] {logging_mixin.py:188} INFO - [2026-07-24T18:49:27.104+0000] {dag.py:3947} INFO - Setting next_dagrun for example_branch_dop_operator_v3 to 2026-07-24 18:48:00+00:00, run_after=2026-07-24 18:49:00+00:00
[2026-07-24T18:49:27.151+0000] {processor.py:183} INFO - Processing /home/airflow/.local/lib/python3.12/site-packages/airflow/example_dags/example_branch_python_dop_operator_3.py took 0.230 seconds
[2026-07-24T18:49:57.651+0000] {processor.py:161} INFO - Started process (PID=14544) to work on /home/airflow/.local/lib/python3.12/site-packages/airflow/example_dags/example_branch_python_dop_operator_3.py
[2026-07-24T18:49:57.653+0000] {processor.py:830} INFO - Processing file /home/airflow/.local/lib/python3.12/site-packages/airflow/example_dags/example_branch_python_dop_operator_3.py for tasks to queue
[2026-07-24T18:49:57.659+0000] {logging_mixin.py:188} INFO - [2026-07-24T18:49:57.658+0000] {dagbag.py:545} INFO - Filling up the DagBag from /home/airflow/.local/lib/python3.12/site-packages/airflow/example_dags/example_branch_python_dop_operator_3.py
[2026-07-24T18:49:57.676+0000] {processor.py:840} INFO - DAG(s) 'example_branch_dop_operator_v3' retrieved from /home/airflow/.local/lib/python3.12/site-packages/airflow/example_dags/example_branch_python_dop_operator_3.py
[2026-07-24T18:49:57.718+0000] {logging_mixin.py:188} INFO - [2026-07-24T18:49:57.718+0000] {dag.py:3089} INFO - Sync 1 DAGs
[2026-07-24T18:49:57.773+0000] {logging_mixin.py:188} INFO - [2026-07-24T18:49:57.773+0000] {dag.py:3947} INFO - Setting next_dagrun for example_branch_dop_operator_v3 to 2026-07-24 18:48:00+00:00, run_after=2026-07-24 18:49:00+00:00
[2026-07-24T18:49:57.810+0000] {processor.py:183} INFO - Processing /home/airflow/.local/lib/python3.12/site-packages/airflow/example_dags/example_branch_python_dop_operator_3.py took 0.169 seconds
[2026-07-24T18:50:28.961+0000] {processor.py:161} INFO - Started process (PID=14618) to work on /home/airflow/.local/lib/python3.12/site-packages/airflow/example_dags/example_branch_python_dop_operator_3.py
[2026-07-24T18:50:28.964+0000] {processor.py:830} INFO - Processing file /home/airflow/.local/lib/python3.12/site-packages/airflow/example_dags/example_branch_python_dop_operator_3.py for tasks to queue
[2026-07-24T18:50:28.969+0000] {logging_mixin.py:188} INFO - [2026-07-24T18:50:28.968+0000] {dagbag.py:545} INFO - Filling up the DagBag from /home/airflow/.local/lib/python3.12/site-packages/airflow/example_dags/example_branch_python_dop_operator_3.py
[2026-07-24T18:50:28.984+0000] {processor.py:840} INFO - DAG(s) 'example_branch_dop_operator_v3' retrieved from /home/airflow/.local/lib/python3.12/site-packages/airflow/example_dags/example_branch_python_dop_operator_3.py
[2026-07-24T18:50:29.020+0000] {logging_mixin.py:188} INFO - [2026-07-24T18:50:29.020+0000] {dag.py:3089} INFO - Sync 1 DAGs
[2026-07-24T18:50:29.070+0000] {logging_mixin.py:188} INFO - [2026-07-24T18:50:29.070+0000] {dag.py:3947} INFO - Setting next_dagrun for example_branch_dop_operator_v3 to 2026-07-24 18:49:00+00:00, run_after=2026-07-24 18:50:00+00:00
[2026-07-24T18:50:29.105+0000] {processor.py:183} INFO - Processing /home/airflow/.local/lib/python3.12/site-packages/airflow/example_dags/example_branch_python_dop_operator_3.py took 0.153 seconds
[2026-07-24T18:51:01.162+0000] {processor.py:161} INFO - Started process (PID=14691) to work on /home/airflow/.local/lib/python3.12/site-packages/airflow/example_dags/example_branch_python_dop_operator_3.py
[2026-07-24T18:51:01.165+0000] {processor.py:830} INFO - Processing file /home/airflow/.local/lib/python3.12/site-packages/airflow/example_dags/example_branch_python_dop_operator_3.py for tasks to queue
[2026-07-24T18:51:01.169+0000] {logging_mixin.py:188} INFO - [2026-07-24T18:51:01.168+0000] {dagbag.py:545} INFO - Filling up the DagBag from /home/airflow/.local/lib/python3.12/site-packages/airflow/example_dags/example_branch_python_dop_operator_3.py
[2026-07-24T18:51:01.184+0000] {processor.py:840} INFO - DAG(s) 'example_branch_dop_operator_v3' retrieved from /home/airflow/.local/lib/python3.12/site-packages/airflow/example_dags/example_branch_python_dop_operator_3.py
[2026-07-24T18:51:01.218+0000] {logging_mixin.py:188} INFO - [2026-07-24T18:51:01.217+0000] {dag.py:3089} INFO - Sync 1 DAGs
[2026-07-24T18:51:01.274+0000] {logging_mixin.py:188} INFO - [2026-07-24T18:51:01.274+0000] {dag.py:3947} INFO - Setting next_dagrun for example_branch_dop_operator_v3 to 2026-07-24 18:50:00+00:00, run_after=2026-07-24 18:51:00+00:00
[2026-07-24T18:51:01.316+0000] {processor.py:183} INFO - Processing /home/airflow/.local/lib/python3.12/site-packages/airflow/example_dags/example_branch_python_dop_operator_3.py took 0.164 seconds
[2026-07-24T18:51:34.461+0000] {processor.py:161} INFO - Started process (PID=14771) to work on /home/airflow/.local/lib/python3.12/site-packages/airflow/example_dags/example_branch_python_dop_operator_3.py
[2026-07-24T18:51:34.465+0000] {processor.py:830} INFO - Processing file /home/airflow/.local/lib/python3.12/site-packages/airflow/example_dags/example_branch_python_dop_operator_3.py for tasks to queue
[2026-07-24T18:51:34.471+0000] {logging_mixin.py:188} INFO - [2026-07-24T18:51:34.470+0000] {dagbag.py:545} INFO - Filling up the DagBag from /home/airflow/.local/lib/python3.12/site-packages/airflow/example_dags/example_branch_python_dop_operator_3.py
[2026-07-24T18:51:34.545+0000] {processor.py:840} INFO - DAG(s) 'example_branch_dop_operator_v3' retrieved from /home/airflow/.local/lib/python3.12/site-packages/airflow/example_dags/example_branch_python_dop_operator_3.py
[2026-07-24T18:51:34.662+0000] {logging_mixin.py:188} INFO - [2026-07-24T18:51:34.661+0000] {dag.py:3089} INFO - Sync 1 DAGs
[2026-07-24T18:51:35.371+0000] {logging_mixin.py:188} INFO - [2026-07-24T18:51:35.370+0000] {dag.py:3947} INFO - Setting next_dagrun for example_branch_dop_operator_v3 to 2026-07-24 18:50:00+00:00, run_after=2026-07-24 18:51:00+00:00
[2026-07-24T18:51:35.477+0000] {processor.py:183} INFO - Processing /home/airflow/.local/lib/python3.12/site-packages/airflow/example_dags/example_branch_python_dop_operator_3.py took 1.038 seconds
[2026-07-24T18:52:05.805+0000] {processor.py:161} INFO - Started process (PID=14837) to work on /home/airflow/.local/lib/python3.12/site-packages/airflow/example_dags/example_branch_python_dop_operator_3.py
[2026-07-24T18:52:05.808+0000] {processor.py:830} INFO - Processing file /home/airflow/.local/lib/python3.12/site-packages/airflow/example_dags/example_branch_python_dop_operator_3.py for tasks to queue
[2026-07-24T18:52:05.814+0000] {logging_mixin.py:188} INFO - [2026-07-24T18:52:05.813+0000] {dagbag.py:545} INFO - Filling up the DagBag from /home/airflow/.local/lib/python3.12/site-packages/airflow/example_dags/example_branch_python_dop_operator_3.py
[2026-07-24T18:52:05.827+0000] {processor.py:840} INFO - DAG(s) 'example_branch_dop_operator_v3' retrieved from /home/airflow/.local/lib/python3.12/site-packages/airflow/example_dags/example_branch_python_dop_operator_3.py
[2026-07-24T18:52:05.861+0000] {logging_mixin.py:188} INFO - [2026-07-24T18:52:05.860+0000] {dag.py:3089} INFO - Sync 1 DAGs
[2026-07-24T18:52:05.902+0000] {logging_mixin.py:188} INFO - [2026-07-24T18:52:05.902+0000] {dag.py:3947} INFO - Setting next_dagrun for example_branch_dop_operator_v3 to 2026-07-24 18:51:00+00:00, run_after=2026-07-24 18:52:00+00:00
[2026-07-24T18:52:06.350+0000] {processor.py:183} INFO - Processing /home/airflow/.local/lib/python3.12/site-packages/airflow/example_dags/example_branch_python_dop_operator_3.py took 0.553 seconds
[2026-07-24T18:52:36.483+0000] {processor.py:161} INFO - Started process (PID=14911) to work on /home/airflow/.local/lib/python3.12/site-packages/airflow/example_dags/example_branch_python_dop_operator_3.py
[2026-07-24T18:52:36.485+0000] {processor.py:830} INFO - Processing file /home/airflow/.local/lib/python3.12/site-packages/airflow/example_dags/example_branch_python_dop_operator_3.py for tasks to queue
[2026-07-24T18:52:36.489+0000] {logging_mixin.py:188} INFO - [2026-07-24T18:52:36.488+0000] {dagbag.py:545} INFO - Filling up the DagBag from /home/airflow/.local/lib/python3.12/site-packages/airflow/example_dags/example_branch_python_dop_operator_3.py
[2026-07-24T18:52:36.501+0000] {processor.py:840} INFO - DAG(s) 'example_branch_dop_operator_v3' retrieved from /home/airflow/.local/lib/python3.12/site-packages/airflow/example_dags/example_branch_python_dop_operator_3.py
[2026-07-24T18:52:36.536+0000] {logging_mixin.py:188} INFO - [2026-07-24T18:52:36.535+0000] {dag.py:3089} INFO - Sync 1 DAGs
[2026-07-24T18:52:36.576+0000] {logging_mixin.py:188} INFO - [2026-07-24T18:52:36.575+0000] {dag.py:3947} INFO - Setting next_dagrun for example_branch_dop_operator_v3 to 2026-07-24 18:51:00+00:00, run_after=2026-07-24 18:52:00+00:00
[2026-07-24T18:52:36.605+0000] {processor.py:183} INFO - Processing /home/airflow/.local/lib/python3.12/site-packages/airflow/example_dags/example_branch_python_dop_operator_3.py took 0.129 seconds
[2026-07-24T18:53:06.919+0000] {processor.py:161} INFO - Started process (PID=14984) to work on /home/airflow/.local/lib/python3.12/site-packages/airflow/example_dags/example_branch_python_dop_operator_3.py
[2026-07-24T18:53:06.921+0000] {processor.py:830} INFO - Processing file /home/airflow/.local/lib/python3.12/site-packages/airflow/example_dags/example_branch_python_dop_operator_3.py for tasks to queue
[2026-07-24T18:53:06.926+0000] {logging_mixin.py:188} INFO - [2026-07-24T18:53:06.925+0000] {dagbag.py:545} INFO - Filling up the DagBag from /home/airflow/.local/lib/python3.12/site-packages/airflow/example_dags/example_branch_python_dop_operator_3.py
[2026-07-24T18:53:06.950+0000] {processor.py:840} INFO - DAG(s) 'example_branch_dop_operator_v3' retrieved from /home/airflow/.local/lib/python3.12/site-packages/airflow/example_dags/example_branch_python_dop_operator_3.py
[2026-07-24T18:53:07.001+0000] {logging_mixin.py:188} INFO - [2026-07-24T18:53:07.001+0000] {dag.py:3089} INFO - Sync 1 DAGs
[2026-07-24T18:53:07.061+0000] {logging_mixin.py:188} INFO - [2026-07-24T18:53:07.061+0000] {dag.py:3947} INFO - Setting next_dagrun for example_branch_dop_operator_v3 to 2026-07-24 18:52:00+00:00, run_after=2026-07-24 18:53:00+00:00
[2026-07-24T18:53:07.109+0000] {processor.py:183} INFO - Processing /home/airflow/.local/lib/python3.12/site-packages/airflow/example_dags/example_branch_python_dop_operator_3.py took 0.202 seconds
[2026-07-24T18:53:37.366+0000] {processor.py:161} INFO - Started process (PID=15064) to work on /home/airflow/.local/lib/python3.12/site-packages/airflow/example_dags/example_branch_python_dop_operator_3.py
[2026-07-24T18:53:37.369+0000] {processor.py:830} INFO - Processing file /home/airflow/.local/lib/python3.12/site-packages/airflow/example_dags/example_branch_python_dop_operator_3.py for tasks to queue
[2026-07-24T18:53:37.373+0000] {logging_mixin.py:188} INFO - [2026-07-24T18:53:37.372+0000] {dagbag.py:545} INFO - Filling up the DagBag from /home/airflow/.local/lib/python3.12/site-packages/airflow/example_dags/example_branch_python_dop_operator_3.py
[2026-07-24T18:53:37.391+0000] {processor.py:840} INFO - DAG(s) 'example_branch_dop_operator_v3' retrieved from /home/airflow/.local/lib/python3.12/site-packages/airflow/example_dags/example_branch_python_dop_operator_3.py
[2026-07-24T18:53:37.440+0000] {logging_mixin.py:188} INFO - [2026-07-24T18:53:37.439+0000] {dag.py:3089} INFO - Sync 1 DAGs
[2026-07-24T18:53:37.524+0000] {logging_mixin.py:188} INFO - [2026-07-24T18:53:37.524+0000] {dag.py:3947} INFO - Setting next_dagrun for example_branch_dop_operator_v3 to 2026-07-24 18:52:00+00:00, run_after=2026-07-24 18:53:00+00:00
[2026-07-24T18:53:37.577+0000] {processor.py:183} INFO - Processing /home/airflow/.local/lib/python3.12/site-packages/airflow/example_dags/example_branch_python_dop_operator_3.py took 0.222 seconds
[2026-07-24T18:54:08.224+0000] {processor.py:161} INFO - Started process (PID=15138) to work on /home/airflow/.local/lib/python3.12/site-packages/airflow/example_dags/example_branch_python_dop_operator_3.py
[2026-07-24T18:54:08.227+0000] {processor.py:830} INFO - Processing file /home/airflow/.local/lib/python3.12/site-packages/airflow/example_dags/example_branch_python_dop_operator_3.py for tasks to queue
[2026-07-24T18:54:08.232+0000] {logging_mixin.py:188} INFO - [2026-07-24T18:54:08.230+0000] {dagbag.py:545} INFO - Filling up the DagBag from /home/airflow/.local/lib/python3.12/site-packages/airflow/example_dags/example_branch_python_dop_operator_3.py
[2026-07-24T18:54:08.247+0000] {processor.py:840} INFO - DAG(s) 'example_branch_dop_operator_v3' retrieved from /home/airflow/.local/lib/python3.12/site-packages/airflow/example_dags/example_branch_python_dop_operator_3.py
[2026-07-24T18:54:08.281+0000] {logging_mixin.py:188} INFO - [2026-07-24T18:54:08.281+0000] {dag.py:3089} INFO - Sync 1 DAGs
[2026-07-24T18:54:08.316+0000] {logging_mixin.py:188} INFO - [2026-07-24T18:54:08.315+0000] {dag.py:3947} INFO - Setting next_dagrun for example_branch_dop_operator_v3 to 2026-07-24 18:53:00+00:00, run_after=2026-07-24 18:54:00+00:00
[2026-07-24T18:54:08.345+0000] {processor.py:183} INFO - Processing /home/airflow/.local/lib/python3.12/site-packages/airflow/example_dags/example_branch_python_dop_operator_3.py took 0.130 seconds
[2026-07-24T18:54:39.175+0000] {processor.py:161} INFO - Started process (PID=15211) to work on /home/airflow/.local/lib/python3.12/site-packages/airflow/example_dags/example_branch_python_dop_operator_3.py
[2026-07-24T18:54:39.179+0000] {processor.py:830} INFO - Processing file /home/airflow/.local/lib/python3.12/site-packages/airflow/example_dags/example_branch_python_dop_operator_3.py for tasks to queue
[2026-07-24T18:54:39.183+0000] {logging_mixin.py:188} INFO - [2026-07-24T18:54:39.183+0000] {dagbag.py:545} INFO - Filling up the DagBag from /home/airflow/.local/lib/python3.12/site-packages/airflow/example_dags/example_branch_python_dop_operator_3.py
[2026-07-24T18:54:39.204+0000] {processor.py:840} INFO - DAG(s) 'example_branch_dop_operator_v3' retrieved from /home/airflow/.local/lib/python3.12/site-packages/airflow/example_dags/example_branch_python_dop_operator_3.py
[2026-07-24T18:54:39.249+0000] {logging_mixin.py:188} INFO - [2026-07-24T18:54:39.249+0000] {dag.py:3089} INFO - Sync 1 DAGs
[2026-07-24T18:54:39.290+0000] {logging_mixin.py:188} INFO - [2026-07-24T18:54:39.289+0000] {dag.py:3947} INFO - Setting next_dagrun for example_branch_dop_operator_v3 to 2026-07-24 18:53:00+00:00, run_after=2026-07-24 18:54:00+00:00
[2026-07-24T18:54:39.333+0000] {processor.py:183} INFO - Processing /home/airflow/.local/lib/python3.12/site-packages/airflow/example_dags/example_branch_python_dop_operator_3.py took 0.172 seconds
[2026-07-24T18:55:09.548+0000] {processor.py:161} INFO - Started process (PID=15284) to work on /home/airflow/.local/lib/python3.12/site-packages/airflow/example_dags/example_branch_python_dop_operator_3.py
[2026-07-24T18:55:09.551+0000] {processor.py:830} INFO - Processing file /home/airflow/.local/lib/python3.12/site-packages/airflow/example_dags/example_branch_python_dop_operator_3.py for tasks to queue
[2026-07-24T18:55:09.559+0000] {logging_mixin.py:188} INFO - [2026-07-24T18:55:09.558+0000] {dagbag.py:545} INFO - Filling up the DagBag from /home/airflow/.local/lib/python3.12/site-packages/airflow/example_dags/example_branch_python_dop_operator_3.py
[2026-07-24T18:55:09.589+0000] {processor.py:840} INFO - DAG(s) 'example_branch_dop_operator_v3' retrieved from /home/airflow/.local/lib/python3.12/site-packages/airflow/example_dags/example_branch_python_dop_operator_3.py
[2026-07-24T18:55:09.645+0000] {logging_mixin.py:188} INFO - [2026-07-24T18:55:09.645+0000] {dag.py:3089} INFO - Sync 1 DAGs
[2026-07-24T18:55:09.715+0000] {logging_mixin.py:188} INFO - [2026-07-24T18:55:09.714+0000] {dag.py:3947} INFO - Setting next_dagrun for example_branch_dop_operator_v3 to 2026-07-24 18:54:00+00:00, run_after=2026-07-24 18:55:00+00:00
[2026-07-24T18:55:09.776+0000] {processor.py:183} INFO - Processing /home/airflow/.local/lib/python3.12/site-packages/airflow/example_dags/example_branch_python_dop_operator_3.py took 0.246 seconds
[2026-07-24T18:55:41.429+0000] {processor.py:161} INFO - Started process (PID=15350) to work on /home/airflow/.local/lib/python3.12/site-packages/airflow/example_dags/example_branch_python_dop_operator_3.py
[2026-07-24T18:55:41.431+0000] {processor.py:830} INFO - Processing file /home/airflow/.local/lib/python3.12/site-packages/airflow/example_dags/example_branch_python_dop_operator_3.py for tasks to queue
[2026-07-24T18:55:41.435+0000] {logging_mixin.py:188} INFO - [2026-07-24T18:55:41.434+0000] {dagbag.py:545} INFO - Filling up the DagBag from /home/airflow/.local/lib/python3.12/site-packages/airflow/example_dags/example_branch_python_dop_operator_3.py
[2026-07-24T18:55:41.447+0000] {processor.py:840} INFO - DAG(s) 'example_branch_dop_operator_v3' retrieved from /home/airflow/.local/lib/python3.12/site-packages/airflow/example_dags/example_branch_python_dop_operator_3.py
[2026-07-24T18:55:41.484+0000] {logging_mixin.py:188} INFO - [2026-07-24T18:55:41.483+0000] {dag.py:3089} INFO - Sync 1 DAGs
[2026-07-24T18:55:41.545+0000] {logging_mixin.py:188} INFO - [2026-07-24T18:55:41.544+0000] {dag.py:3947} INFO - Setting next_dagrun for example_branch_dop_operator_v3 to 2026-07-24 18:54:00+00:00, run_after=2026-07-24 18:55:00+00:00
[2026-07-24T18:55:41.585+0000] {processor.py:183} INFO - Processing /home/airflow/.local/lib/python3.12/site-packages/airflow/example_dags/example_branch_python_dop_operator_3.py took 0.164 seconds
[2026-07-24T18:56:12.591+0000] {processor.py:161} INFO - Started process (PID=15425) to work on /home/airflow/.local/lib/python3.12/site-packages/airflow/example_dags/example_branch_python_dop_operator_3.py
[2026-07-24T18:56:12.593+0000] {processor.py:830} INFO - Processing file /home/airflow/.local/lib/python3.12/site-packages/airflow/example_dags/example_branch_python_dop_operator_3.py for tasks to queue
[2026-07-24T18:56:12.597+0000] {logging_mixin.py:188} INFO - [2026-07-24T18:56:12.597+0000] {dagbag.py:545} INFO - Filling up the DagBag from /home/airflow/.local/lib/python3.12/site-packages/airflow/example_dags/example_branch_python_dop_operator_3.py
[2026-07-24T18:56:12.611+0000] {processor.py:840} INFO - DAG(s) 'example_branch_dop_operator_v3' retrieved from /home/airflow/.local/lib/python3.12/site-packages/airflow/example_dags/example_branch_python_dop_operator_3.py
[2026-07-24T18:56:12.650+0000] {logging_mixin.py:188} INFO - [2026-07-24T18:56:12.649+0000] {dag.py:3089} INFO - Sync 1 DAGs
[2026-07-24T18:56:12.690+0000] {logging_mixin.py:188} INFO - [2026-07-24T18:56:12.690+0000] {dag.py:3947} INFO - Setting next_dagrun for example_branch_dop_operator_v3 to 2026-07-24 18:55:00+00:00, run_after=2026-07-24 18:56:00+00:00
[2026-07-24T18:56:12.728+0000] {processor.py:183} INFO - Processing /home/airflow/.local/lib/python3.12/site-packages/airflow/example_dags/example_branch_python_dop_operator_3.py took 0.145 seconds
[2026-07-24T18:56:46.153+0000] {processor.py:161} INFO - Started process (PID=15505) to work on /home/airflow/.local/lib/python3.12/site-packages/airflow/example_dags/example_branch_python_dop_operator_3.py
[2026-07-24T18:56:46.156+0000] {processor.py:830} INFO - Processing file /home/airflow/.local/lib/python3.12/site-packages/airflow/example_dags/example_branch_python_dop_operator_3.py for tasks to queue
[2026-07-24T18:56:46.162+0000] {logging_mixin.py:188} INFO - [2026-07-24T18:56:46.162+0000] {dagbag.py:545} INFO - Filling up the DagBag from /home/airflow/.local/lib/python3.12/site-packages/airflow/example_dags/example_branch_python_dop_operator_3.py
[2026-07-24T18:56:46.185+0000] {processor.py:840} INFO - DAG(s) 'example_branch_dop_operator_v3' retrieved from /home/airflow/.local/lib/python3.12/site-packages/airflow/example_dags/example_branch_python_dop_operator_3.py
[2026-07-24T18:56:46.224+0000] {logging_mixin.py:188} INFO - [2026-07-24T18:56:46.223+0000] {dag.py:3089} INFO - Sync 1 DAGs
[2026-07-24T18:56:46.270+0000] {logging_mixin.py:188} INFO - [2026-07-24T18:56:46.269+0000] {dag.py:3947} INFO - Setting next_dagrun for example_branch_dop_operator_v3 to 2026-07-24 18:55:00+00:00, run_after=2026-07-24 18:56:00+00:00
[2026-07-24T18:56:46.321+0000] {processor.py:183} INFO - Processing /home/airflow/.local/lib/python3.12/site-packages/airflow/example_dags/example_branch_python_dop_operator_3.py took 0.176 seconds
[2026-07-24T18:57:17.212+0000] {processor.py:161} INFO - Started process (PID=15578) to work on /home/airflow/.local/lib/python3.12/site-packages/airflow/example_dags/example_branch_python_dop_operator_3.py
[2026-07-24T18:57:17.215+0000] {processor.py:830} INFO - Processing file /home/airflow/.local/lib/python3.12/site-packages/airflow/example_dags/example_branch_python_dop_operator_3.py for tasks to queue
[2026-07-24T18:57:17.223+0000] {logging_mixin.py:188} INFO - [2026-07-24T18:57:17.221+0000] {dagbag.py:545} INFO - Filling up the DagBag from /home/airflow/.local/lib/python3.12/site-packages/airflow/example_dags/example_branch_python_dop_operator_3.py
[2026-07-24T18:57:17.265+0000] {processor.py:840} INFO - DAG(s) 'example_branch_dop_operator_v3' retrieved from /home/airflow/.local/lib/python3.12/site-packages/airflow/example_dags/example_branch_python_dop_operator_3.py
[2026-07-24T18:57:17.340+0000] {logging_mixin.py:188} INFO - [2026-07-24T18:57:17.340+0000] {dag.py:3089} INFO - Sync 1 DAGs
[2026-07-24T18:57:17.434+0000] {logging_mixin.py:188} INFO - [2026-07-24T18:57:17.434+0000] {dag.py:3947} INFO - Setting next_dagrun for example_branch_dop_operator_v3 to 2026-07-24 18:56:00+00:00, run_after=2026-07-24 18:57:00+00:00
[2026-07-24T18:57:17.484+0000] {processor.py:183} INFO - Processing /home/airflow/.local/lib/python3.12/site-packages/airflow/example_dags/example_branch_python_dop_operator_3.py took 0.286 seconds
[2026-07-24T18:57:48.001+0000] {processor.py:161} INFO - Started process (PID=15644) to work on /home/airflow/.local/lib/python3.12/site-packages/airflow/example_dags/example_branch_python_dop_operator_3.py
[2026-07-24T18:57:48.003+0000] {processor.py:830} INFO - Processing file /home/airflow/.local/lib/python3.12/site-packages/airflow/example_dags/example_branch_python_dop_operator_3.py for tasks to queue
[2026-07-24T18:57:48.007+0000] {logging_mixin.py:188} INFO - [2026-07-24T18:57:48.007+0000] {dagbag.py:545} INFO - Filling up the DagBag from /home/airflow/.local/lib/python3.12/site-packages/airflow/example_dags/example_branch_python_dop_operator_3.py
[2026-07-24T18:57:48.022+0000] {processor.py:840} INFO - DAG(s) 'example_branch_dop_operator_v3' retrieved from /home/airflow/.local/lib/python3.12/site-packages/airflow/example_dags/example_branch_python_dop_operator_3.py
[2026-07-24T18:57:48.064+0000] {logging_mixin.py:188} INFO - [2026-07-24T18:57:48.063+0000] {dag.py:3089} INFO - Sync 1 DAGs
[2026-07-24T18:57:48.112+0000] {logging_mixin.py:188} INFO - [2026-07-24T18:57:48.111+0000] {dag.py:3947} INFO - Setting next_dagrun for example_branch_dop_operator_v3 to 2026-07-24 18:56:00+00:00, run_after=2026-07-24 18:57:00+00:00
[2026-07-24T18:57:48.152+0000] {processor.py:183} INFO - Processing /home/airflow/.local/lib/python3.12/site-packages/airflow/example_dags/example_branch_python_dop_operator_3.py took 0.161 seconds
[2026-07-24T18:58:19.943+0000] {processor.py:161} INFO - Started process (PID=15717) to work on /home/airflow/.local/lib/python3.12/site-packages/airflow/example_dags/example_branch_python_dop_operator_3.py
[2026-07-24T18:58:19.946+0000] {processor.py:830} INFO - Processing file /home/airflow/.local/lib/python3.12/site-packages/airflow/example_dags/example_branch_python_dop_operator_3.py for tasks to queue
[2026-07-24T18:58:19.951+0000] {logging_mixin.py:188} INFO - [2026-07-24T18:58:19.950+0000] {dagbag.py:545} INFO - Filling up the DagBag from /home/airflow/.local/lib/python3.12/site-packages/airflow/example_dags/example_branch_python_dop_operator_3.py
[2026-07-24T18:58:19.975+0000] {processor.py:840} INFO - DAG(s) 'example_branch_dop_operator_v3' retrieved from /home/airflow/.local/lib/python3.12/site-packages/airflow/example_dags/example_branch_python_dop_operator_3.py
[2026-07-24T18:58:20.018+0000] {logging_mixin.py:188} INFO - [2026-07-24T18:58:20.017+0000] {dag.py:3089} INFO - Sync 1 DAGs
[2026-07-24T18:58:20.072+0000] {logging_mixin.py:188} INFO - [2026-07-24T18:58:20.072+0000] {dag.py:3947} INFO - Setting next_dagrun for example_branch_dop_operator_v3 to 2026-07-24 18:57:00+00:00, run_after=2026-07-24 18:58:00+00:00
[2026-07-24T18:58:20.120+0000] {processor.py:183} INFO - Processing /home/airflow/.local/lib/python3.12/site-packages/airflow/example_dags/example_branch_python_dop_operator_3.py took 0.189 seconds
[2026-07-24T18:58:50.614+0000] {processor.py:161} INFO - Started process (PID=15790) to work on /home/airflow/.local/lib/python3.12/site-packages/airflow/example_dags/example_branch_python_dop_operator_3.py
[2026-07-24T18:58:50.617+0000] {processor.py:830} INFO - Processing file /home/airflow/.local/lib/python3.12/site-packages/airflow/example_dags/example_branch_python_dop_operator_3.py for tasks to queue
[2026-07-24T18:58:50.621+0000] {logging_mixin.py:188} INFO - [2026-07-24T18:58:50.621+0000] {dagbag.py:545} INFO - Filling up the DagBag from /home/airflow/.local/lib/python3.12/site-packages/airflow/example_dags/example_branch_python_dop_operator_3.py
[2026-07-24T18:58:50.642+0000] {processor.py:840} INFO - DAG(s) 'example_branch_dop_operator_v3' retrieved from /home/airflow/.local/lib/python3.12/site-packages/airflow/example_dags/example_branch_python_dop_operator_3.py
[2026-07-24T18:58:50.681+0000] {logging_mixin.py:188} INFO - [2026-07-24T18:58:50.681+0000] {dag.py:3089} INFO - Sync 1 DAGs
[2026-07-24T18:58:50.728+0000] {logging_mixin.py:188} INFO - [2026-07-24T18:58:50.728+0000] {dag.py:3947} INFO - Setting next_dagrun for example_branch_dop_operator_v3 to 2026-07-24 18:57:00+00:00, run_after=2026-07-24 18:58:00+00:00
[2026-07-24T18:58:50.768+0000] {processor.py:183} INFO - Processing /home/airflow/.local/lib/python3.12/site-packages/airflow/example_dags/example_branch_python_dop_operator_3.py took 0.163 seconds
[2026-07-24T18:59:21.724+0000] {processor.py:161} INFO - Started process (PID=15863) to work on /home/airflow/.local/lib/python3.12/site-packages/airflow/example_dags/example_branch_python_dop_operator_3.py
[2026-07-24T18:59:21.726+0000] {processor.py:830} INFO - Processing file /home/airflow/.local/lib/python3.12/site-packages/airflow/example_dags/example_branch_python_dop_operator_3.py for tasks to queue
[2026-07-24T18:59:21.730+0000] {logging_mixin.py:188} INFO - [2026-07-24T18:59:21.729+0000] {dagbag.py:545} INFO - Filling up the DagBag from /home/airflow/.local/lib/python3.12/site-packages/airflow/example_dags/example_branch_python_dop_operator_3.py
[2026-07-24T18:59:21.744+0000] {processor.py:840} INFO - DAG(s) 'example_branch_dop_operator_v3' retrieved from /home/airflow/.local/lib/python3.12/site-packages/airflow/example_dags/example_branch_python_dop_operator_3.py
[2026-07-24T18:59:21.779+0000] {logging_mixin.py:188} INFO - [2026-07-24T18:59:21.778+0000] {dag.py:3089} INFO - Sync 1 DAGs
[2026-07-24T18:59:21.820+0000] {logging_mixin.py:188} INFO - [2026-07-24T18:59:21.819+0000] {dag.py:3947} INFO - Setting next_dagrun for example_branch_dop_operator_v3 to 2026-07-24 18:58:00+00:00, run_after=2026-07-24 18:59:00+00:00
[2026-07-24T18:59:21.851+0000] {processor.py:183} INFO - Processing /home/airflow/.local/lib/python3.12/site-packages/airflow/example_dags/example_branch_python_dop_operator_3.py took 0.136 seconds
[2026-07-24T18:59:53.905+0000] {processor.py:161} INFO - Started process (PID=15938) to work on /home/airflow/.local/lib/python3.12/site-packages/airflow/example_dags/example_branch_python_dop_operator_3.py
[2026-07-24T18:59:53.908+0000] {processor.py:830} INFO - Processing file /home/airflow/.local/lib/python3.12/site-packages/airflow/example_dags/example_branch_python_dop_operator_3.py for tasks to queue
[2026-07-24T18:59:53.912+0000] {logging_mixin.py:188} INFO - [2026-07-24T18:59:53.911+0000] {dagbag.py:545} INFO - Filling up the DagBag from /home/airflow/.local/lib/python3.12/site-packages/airflow/example_dags/example_branch_python_dop_operator_3.py
[2026-07-24T18:59:53.928+0000] {processor.py:840} INFO - DAG(s) 'example_branch_dop_operator_v3' retrieved from /home/airflow/.local/lib/python3.12/site-packages/airflow/example_dags/example_branch_python_dop_operator_3.py
[2026-07-24T18:59:53.963+0000] {logging_mixin.py:188} INFO - [2026-07-24T18:59:53.962+0000] {dag.py:3089} INFO - Sync 1 DAGs
[2026-07-24T18:59:54.002+0000] {logging_mixin.py:188} INFO - [2026-07-24T18:59:54.001+0000] {dag.py:3947} INFO - Setting next_dagrun for example_branch_dop_operator_v3 to 2026-07-24 18:58:00+00:00, run_after=2026-07-24 18:59:00+00:00
[2026-07-24T18:59:54.037+0000] {processor.py:183} INFO - Processing /home/airflow/.local/lib/python3.12/site-packages/airflow/example_dags/example_branch_python_dop_operator_3.py took 0.141 seconds
[2026-07-24T19:00:24.664+0000] {processor.py:161} INFO - Started process (PID=16011) to work on /home/airflow/.local/lib/python3.12/site-packages/airflow/example_dags/example_branch_python_dop_operator_3.py
[2026-07-24T19:00:24.670+0000] {processor.py:830} INFO - Processing file /home/airflow/.local/lib/python3.12/site-packages/airflow/example_dags/example_branch_python_dop_operator_3.py for tasks to queue
[2026-07-24T19:00:24.679+0000] {logging_mixin.py:188} INFO - [2026-07-24T19:00:24.677+0000] {dagbag.py:545} INFO - Filling up the DagBag from /home/airflow/.local/lib/python3.12/site-packages/airflow/example_dags/example_branch_python_dop_operator_3.py
[2026-07-24T19:00:24.712+0000] {processor.py:840} INFO - DAG(s) 'example_branch_dop_operator_v3' retrieved from /home/airflow/.local/lib/python3.12/site-packages/airflow/example_dags/example_branch_python_dop_operator_3.py
[2026-07-24T19:00:24.785+0000] {logging_mixin.py:188} INFO - [2026-07-24T19:00:24.784+0000] {dag.py:3089} INFO - Sync 1 DAGs
[2026-07-24T19:00:24.887+0000] {logging_mixin.py:188} INFO - [2026-07-24T19:00:24.886+0000] {dag.py:3947} INFO - Setting next_dagrun for example_branch_dop_operator_v3 to 2026-07-24 18:59:00+00:00, run_after=2026-07-24 19:00:00+00:00
[2026-07-24T19:00:24.950+0000] {processor.py:183} INFO - Processing /home/airflow/.local/lib/python3.12/site-packages/airflow/example_dags/example_branch_python_dop_operator_3.py took 0.311 seconds
[2026-07-24T19:00:57.858+0000] {processor.py:161} INFO - Started process (PID=16087) to work on /home/airflow/.local/lib/python3.12/site-packages/airflow/example_dags/example_branch_python_dop_operator_3.py
[2026-07-24T19:00:57.862+0000] {processor.py:830} INFO - Processing file /home/airflow/.local/lib/python3.12/site-packages/airflow/example_dags/example_branch_python_dop_operator_3.py for tasks to queue
[2026-07-24T19:00:57.867+0000] {logging_mixin.py:188} INFO - [2026-07-24T19:00:57.866+0000] {dagbag.py:545} INFO - Filling up the DagBag from /home/airflow/.local/lib/python3.12/site-packages/airflow/example_dags/example_branch_python_dop_operator_3.py
[2026-07-24T19:00:57.885+0000] {processor.py:840} INFO - DAG(s) 'example_branch_dop_operator_v3' retrieved from /home/airflow/.local/lib/python3.12/site-packages/airflow/example_dags/example_branch_python_dop_operator_3.py
[2026-07-24T19:00:57.926+0000] {logging_mixin.py:188} INFO - [2026-07-24T19:00:57.925+0000] {dag.py:3089} INFO - Sync 1 DAGs
[2026-07-24T19:00:57.981+0000] {logging_mixin.py:188} INFO - [2026-07-24T19:00:57.981+0000] {dag.py:3947} INFO - Setting next_dagrun for example_branch_dop_operator_v3 to 2026-07-24 18:59:00+00:00, run_after=2026-07-24 19:00:00+00:00
[2026-07-24T19:00:58.017+0000] {processor.py:183} INFO - Processing /home/airflow/.local/lib/python3.12/site-packages/airflow/example_dags/example_branch_python_dop_operator_3.py took 0.173 seconds
[2026-07-24T19:01:29.071+0000] {processor.py:161} INFO - Started process (PID=16160) to work on /home/airflow/.local/lib/python3.12/site-packages/airflow/example_dags/example_branch_python_dop_operator_3.py
[2026-07-24T19:01:29.074+0000] {processor.py:830} INFO - Processing file /home/airflow/.local/lib/python3.12/site-packages/airflow/example_dags/example_branch_python_dop_operator_3.py for tasks to queue
[2026-07-24T19:01:29.078+0000] {logging_mixin.py:188} INFO - [2026-07-24T19:01:29.077+0000] {dagbag.py:545} INFO - Filling up the DagBag from /home/airflow/.local/lib/python3.12/site-packages/airflow/example_dags/example_branch_python_dop_operator_3.py
[2026-07-24T19:01:29.095+0000] {processor.py:840} INFO - DAG(s) 'example_branch_dop_operator_v3' retrieved from /home/airflow/.local/lib/python3.12/site-packages/airflow/example_dags/example_branch_python_dop_operator_3.py
[2026-07-24T19:01:29.134+0000] {logging_mixin.py:188} INFO - [2026-07-24T19:01:29.134+0000] {dag.py:3089} INFO - Sync 1 DAGs
[2026-07-24T19:01:29.173+0000] {logging_mixin.py:188} INFO - [2026-07-24T19:01:29.172+0000] {dag.py:3947} INFO - Setting next_dagrun for example_branch_dop_operator_v3 to 2026-07-24 19:00:00+00:00, run_after=2026-07-24 19:01:00+00:00
[2026-07-24T19:01:29.235+0000] {processor.py:183} INFO - Processing /home/airflow/.local/lib/python3.12/site-packages/airflow/example_dags/example_branch_python_dop_operator_3.py took 0.172 seconds
[2026-07-24T19:02:00.315+0000] {processor.py:161} INFO - Started process (PID=16232) to work on /home/airflow/.local/lib/python3.12/site-packages/airflow/example_dags/example_branch_python_dop_operator_3.py
[2026-07-24T19:02:00.318+0000] {processor.py:830} INFO - Processing file /home/airflow/.local/lib/python3.12/site-packages/airflow/example_dags/example_branch_python_dop_operator_3.py for tasks to queue
[2026-07-24T19:02:00.323+0000] {logging_mixin.py:188} INFO - [2026-07-24T19:02:00.322+0000] {dagbag.py:545} INFO - Filling up the DagBag from /home/airflow/.local/lib/python3.12/site-packages/airflow/example_dags/example_branch_python_dop_operator_3.py
[2026-07-24T19:02:00.341+0000] {processor.py:840} INFO - DAG(s) 'example_branch_dop_operator_v3' retrieved from /home/airflow/.local/lib/python3.12/site-packages/airflow/example_dags/example_branch_python_dop_operator_3.py
[2026-07-24T19:02:00.389+0000] {logging_mixin.py:188} INFO - [2026-07-24T19:02:00.388+0000] {dag.py:3089} INFO - Sync 1 DAGs
[2026-07-24T19:02:00.446+0000] {logging_mixin.py:188} INFO - [2026-07-24T19:02:00.445+0000] {dag.py:3947} INFO - Setting next_dagrun for example_branch_dop_operator_v3 to 2026-07-24 19:01:00+00:00, run_after=2026-07-24 19:02:00+00:00
[2026-07-24T19:02:00.498+0000] {processor.py:183} INFO - Processing /home/airflow/.local/lib/python3.12/site-packages/airflow/example_dags/example_branch_python_dop_operator_3.py took 0.197 seconds
[2026-07-24T19:02:30.863+0000] {processor.py:161} INFO - Started process (PID=16305) to work on /home/airflow/.local/lib/python3.12/site-packages/airflow/example_dags/example_branch_python_dop_operator_3.py
[2026-07-24T19:02:30.866+0000] {processor.py:830} INFO - Processing file /home/airflow/.local/lib/python3.12/site-packages/airflow/example_dags/example_branch_python_dop_operator_3.py for tasks to queue
[2026-07-24T19:02:30.870+0000] {logging_mixin.py:188} INFO - [2026-07-24T19:02:30.869+0000] {dagbag.py:545} INFO - Filling up the DagBag from /home/airflow/.local/lib/python3.12/site-packages/airflow/example_dags/example_branch_python_dop_operator_3.py
[2026-07-24T19:02:30.884+0000] {processor.py:840} INFO - DAG(s) 'example_branch_dop_operator_v3' retrieved from /home/airflow/.local/lib/python3.12/site-packages/airflow/example_dags/example_branch_python_dop_operator_3.py
[2026-07-24T19:02:30.913+0000] {logging_mixin.py:188} INFO - [2026-07-24T19:02:30.913+0000] {dag.py:3089} INFO - Sync 1 DAGs
[2026-07-24T19:02:30.949+0000] {logging_mixin.py:188} INFO - [2026-07-24T19:02:30.949+0000] {dag.py:3947} INFO - Setting next_dagrun for example_branch_dop_operator_v3 to 2026-07-24 19:01:00+00:00, run_after=2026-07-24 19:02:00+00:00
[2026-07-24T19:02:30.978+0000] {processor.py:183} INFO - Processing /home/airflow/.local/lib/python3.12/site-packages/airflow/example_dags/example_branch_python_dop_operator_3.py took 0.122 seconds
[2026-07-24T19:03:01.659+0000] {processor.py:161} INFO - Started process (PID=16378) to work on /home/airflow/.local/lib/python3.12/site-packages/airflow/example_dags/example_branch_python_dop_operator_3.py
[2026-07-24T19:03:01.661+0000] {processor.py:830} INFO - Processing file /home/airflow/.local/lib/python3.12/site-packages/airflow/example_dags/example_branch_python_dop_operator_3.py for tasks to queue
[2026-07-24T19:03:01.664+0000] {logging_mixin.py:188} INFO - [2026-07-24T19:03:01.664+0000] {dagbag.py:545} INFO - Filling up the DagBag from /home/airflow/.local/lib/python3.12/site-packages/airflow/example_dags/example_branch_python_dop_operator_3.py
[2026-07-24T19:03:01.679+0000] {processor.py:840} INFO - DAG(s) 'example_branch_dop_operator_v3' retrieved from /home/airflow/.local/lib/python3.12/site-packages/airflow/example_dags/example_branch_python_dop_operator_3.py
[2026-07-24T19:03:01.713+0000] {logging_mixin.py:188} INFO - [2026-07-24T19:03:01.712+0000] {dag.py:3089} INFO - Sync 1 DAGs
[2026-07-24T19:03:01.761+0000] {logging_mixin.py:188} INFO - [2026-07-24T19:03:01.760+0000] {dag.py:3947} INFO - Setting next_dagrun for example_branch_dop_operator_v3 to 2026-07-24 19:02:00+00:00, run_after=2026-07-24 19:03:00+00:00
[2026-07-24T19:03:01.806+0000] {processor.py:183} INFO - Processing /home/airflow/.local/lib/python3.12/site-packages/airflow/example_dags/example_branch_python_dop_operator_3.py took 0.159 seconds
[2026-07-24T19:03:33.695+0000] {processor.py:161} INFO - Started process (PID=16451) to work on /home/airflow/.local/lib/python3.12/site-packages/airflow/example_dags/example_branch_python_dop_operator_3.py
[2026-07-24T19:03:33.698+0000] {processor.py:830} INFO - Processing file /home/airflow/.local/lib/python3.12/site-packages/airflow/example_dags/example_branch_python_dop_operator_3.py for tasks to queue
[2026-07-24T19:03:33.702+0000] {logging_mixin.py:188} INFO - [2026-07-24T19:03:33.701+0000] {dagbag.py:545} INFO - Filling up the DagBag from /home/airflow/.local/lib/python3.12/site-packages/airflow/example_dags/example_branch_python_dop_operator_3.py
[2026-07-24T19:03:33.715+0000] {processor.py:840} INFO - DAG(s) 'example_branch_dop_operator_v3' retrieved from /home/airflow/.local/lib/python3.12/site-packages/airflow/example_dags/example_branch_python_dop_operator_3.py
[2026-07-24T19:03:33.756+0000] {logging_mixin.py:188} INFO - [2026-07-24T19:03:33.755+0000] {dag.py:3089} INFO - Sync 1 DAGs
[2026-07-24T19:03:33.793+0000] {logging_mixin.py:188} INFO - [2026-07-24T19:03:33.792+0000] {dag.py:3947} INFO - Setting next_dagrun for example_branch_dop_operator_v3 to 2026-07-24 19:02:00+00:00, run_after=2026-07-24 19:03:00+00:00
[2026-07-24T19:03:33.827+0000] {processor.py:183} INFO - Processing /home/airflow/.local/lib/python3.12/site-packages/airflow/example_dags/example_branch_python_dop_operator_3.py took 0.140 seconds
[2026-07-24T19:04:04.668+0000] {processor.py:161} INFO - Started process (PID=16524) to work on /home/airflow/.local/lib/python3.12/site-packages/airflow/example_dags/example_branch_python_dop_operator_3.py
[2026-07-24T19:04:04.673+0000] {processor.py:830} INFO - Processing file /home/airflow/.local/lib/python3.12/site-packages/airflow/example_dags/example_branch_python_dop_operator_3.py for tasks to queue
[2026-07-24T19:04:04.679+0000] {logging_mixin.py:188} INFO - [2026-07-24T19:04:04.678+0000] {dagbag.py:545} INFO - Filling up the DagBag from /home/airflow/.local/lib/python3.12/site-packages/airflow/example_dags/example_branch_python_dop_operator_3.py
[2026-07-24T19:04:04.693+0000] {processor.py:840} INFO - DAG(s) 'example_branch_dop_operator_v3' retrieved from /home/airflow/.local/lib/python3.12/site-packages/airflow/example_dags/example_branch_python_dop_operator_3.py
[2026-07-24T19:04:04.726+0000] {logging_mixin.py:188} INFO - [2026-07-24T19:04:04.725+0000] {dag.py:3089} INFO - Sync 1 DAGs
[2026-07-24T19:04:04.788+0000] {logging_mixin.py:188} INFO - [2026-07-24T19:04:04.788+0000] {dag.py:3947} INFO - Setting next_dagrun for example_branch_dop_operator_v3 to 2026-07-24 19:03:00+00:00, run_after=2026-07-24 19:04:00+00:00
[2026-07-24T19:04:04.851+0000] {processor.py:183} INFO - Processing /home/airflow/.local/lib/python3.12/site-packages/airflow/example_dags/example_branch_python_dop_operator_3.py took 0.194 seconds
[2026-07-24T19:04:35.581+0000] {processor.py:161} INFO - Started process (PID=16598) to work on /home/airflow/.local/lib/python3.12/site-packages/airflow/example_dags/example_branch_python_dop_operator_3.py
[2026-07-24T19:04:35.584+0000] {processor.py:830} INFO - Processing file /home/airflow/.local/lib/python3.12/site-packages/airflow/example_dags/example_branch_python_dop_operator_3.py for tasks to queue
[2026-07-24T19:04:35.589+0000] {logging_mixin.py:188} INFO - [2026-07-24T19:04:35.588+0000] {dagbag.py:545} INFO - Filling up the DagBag from /home/airflow/.local/lib/python3.12/site-packages/airflow/example_dags/example_branch_python_dop_operator_3.py
[2026-07-24T19:04:35.607+0000] {processor.py:840} INFO - DAG(s) 'example_branch_dop_operator_v3' retrieved from /home/airflow/.local/lib/python3.12/site-packages/airflow/example_dags/example_branch_python_dop_operator_3.py
[2026-07-24T19:04:35.648+0000] {logging_mixin.py:188} INFO - [2026-07-24T19:04:35.648+0000] {dag.py:3089} INFO - Sync 1 DAGs
[2026-07-24T19:04:35.702+0000] {logging_mixin.py:188} INFO - [2026-07-24T19:04:35.702+0000] {dag.py:3947} INFO - Setting next_dagrun for example_branch_dop_operator_v3 to 2026-07-24 19:03:00+00:00, run_after=2026-07-24 19:04:00+00:00
[2026-07-24T19:04:35.751+0000] {processor.py:183} INFO - Processing /home/airflow/.local/lib/python3.12/site-packages/airflow/example_dags/example_branch_python_dop_operator_3.py took 0.182 seconds
[2026-07-24T19:05:07.140+0000] {processor.py:161} INFO - Started process (PID=16673) to work on /home/airflow/.local/lib/python3.12/site-packages/airflow/example_dags/example_branch_python_dop_operator_3.py
[2026-07-24T19:05:07.142+0000] {processor.py:830} INFO - Processing file /home/airflow/.local/lib/python3.12/site-packages/airflow/example_dags/example_branch_python_dop_operator_3.py for tasks to queue
[2026-07-24T19:05:07.146+0000] {logging_mixin.py:188} INFO - [2026-07-24T19:05:07.146+0000] {dagbag.py:545} INFO - Filling up the DagBag from /home/airflow/.local/lib/python3.12/site-packages/airflow/example_dags/example_branch_python_dop_operator_3.py
[2026-07-24T19:05:07.160+0000] {processor.py:840} INFO - DAG(s) 'example_branch_dop_operator_v3' retrieved from /home/airflow/.local/lib/python3.12/site-packages/airflow/example_dags/example_branch_python_dop_operator_3.py
[2026-07-24T19:05:07.200+0000] {logging_mixin.py:188} INFO - [2026-07-24T19:05:07.199+0000] {dag.py:3089} INFO - Sync 1 DAGs
[2026-07-24T19:05:07.240+0000] {logging_mixin.py:188} INFO - [2026-07-24T19:05:07.239+0000] {dag.py:3947} INFO - Setting next_dagrun for example_branch_dop_operator_v3 to 2026-07-24 19:04:00+00:00, run_after=2026-07-24 19:05:00+00:00
[2026-07-24T19:05:07.272+0000] {processor.py:183} INFO - Processing /home/airflow/.local/lib/python3.12/site-packages/airflow/example_dags/example_branch_python_dop_operator_3.py took 0.141 seconds
[2026-07-24T19:05:37.801+0000] {processor.py:161} INFO - Started process (PID=16747) to work on /home/airflow/.local/lib/python3.12/site-packages/airflow/example_dags/example_branch_python_dop_operator_3.py
[2026-07-24T19:05:37.803+0000] {processor.py:830} INFO - Processing file /home/airflow/.local/lib/python3.12/site-packages/airflow/example_dags/example_branch_python_dop_operator_3.py for tasks to queue
[2026-07-24T19:05:37.807+0000] {logging_mixin.py:188} INFO - [2026-07-24T19:05:37.806+0000] {dagbag.py:545} INFO - Filling up the DagBag from /home/airflow/.local/lib/python3.12/site-packages/airflow/example_dags/example_branch_python_dop_operator_3.py
[2026-07-24T19:05:37.820+0000] {processor.py:840} INFO - DAG(s) 'example_branch_dop_operator_v3' retrieved from /home/airflow/.local/lib/python3.12/site-packages/airflow/example_dags/example_branch_python_dop_operator_3.py
[2026-07-24T19:05:37.853+0000] {logging_mixin.py:188} INFO - [2026-07-24T19:05:37.853+0000] {dag.py:3089} INFO - Sync 1 DAGs
[2026-07-24T19:05:37.892+0000] {logging_mixin.py:188} INFO - [2026-07-24T19:05:37.892+0000] {dag.py:3947} INFO - Setting next_dagrun for example_branch_dop_operator_v3 to 2026-07-24 19:04:00+00:00, run_after=2026-07-24 19:05:00+00:00
[2026-07-24T19:05:37.936+0000] {processor.py:183} INFO - Processing /home/airflow/.local/lib/python3.12/site-packages/airflow/example_dags/example_branch_python_dop_operator_3.py took 0.143 seconds
[2026-07-24T19:06:09.632+0000] {processor.py:161} INFO - Started process (PID=16821) to work on /home/airflow/.local/lib/python3.12/site-packages/airflow/example_dags/example_branch_python_dop_operator_3.py
[2026-07-24T19:06:09.635+0000] {processor.py:830} INFO - Processing file /home/airflow/.local/lib/python3.12/site-packages/airflow/example_dags/example_branch_python_dop_operator_3.py for tasks to queue
[2026-07-24T19:06:09.639+0000] {logging_mixin.py:188} INFO - [2026-07-24T19:06:09.638+0000] {dagbag.py:545} INFO - Filling up the DagBag from /home/airflow/.local/lib/python3.12/site-packages/airflow/example_dags/example_branch_python_dop_operator_3.py
[2026-07-24T19:06:09.652+0000] {processor.py:840} INFO - DAG(s) 'example_branch_dop_operator_v3' retrieved from /home/airflow/.local/lib/python3.12/site-packages/airflow/example_dags/example_branch_python_dop_operator_3.py
[2026-07-24T19:06:09.686+0000] {logging_mixin.py:188} INFO - [2026-07-24T19:06:09.686+0000] {dag.py:3089} INFO - Sync 1 DAGs
[2026-07-24T19:06:09.734+0000] {logging_mixin.py:188} INFO - [2026-07-24T19:06:09.733+0000] {dag.py:3947} INFO - Setting next_dagrun for example_branch_dop_operator_v3 to 2026-07-24 19:05:00+00:00, run_after=2026-07-24 19:06:00+00:00
[2026-07-24T19:06:09.773+0000] {processor.py:183} INFO - Processing /home/airflow/.local/lib/python3.12/site-packages/airflow/example_dags/example_branch_python_dop_operator_3.py took 0.149 seconds
[2026-07-24T19:06:40.326+0000] {processor.py:161} INFO - Started process (PID=16895) to work on /home/airflow/.local/lib/python3.12/site-packages/airflow/example_dags/example_branch_python_dop_operator_3.py
[2026-07-24T19:06:40.329+0000] {processor.py:830} INFO - Processing file /home/airflow/.local/lib/python3.12/site-packages/airflow/example_dags/example_branch_python_dop_operator_3.py for tasks to queue
[2026-07-24T19:06:40.336+0000] {logging_mixin.py:188} INFO - [2026-07-24T19:06:40.335+0000] {dagbag.py:545} INFO - Filling up the DagBag from /home/airflow/.local/lib/python3.12/site-packages/airflow/example_dags/example_branch_python_dop_operator_3.py
[2026-07-24T19:06:40.359+0000] {processor.py:840} INFO - DAG(s) 'example_branch_dop_operator_v3' retrieved from /home/airflow/.local/lib/python3.12/site-packages/airflow/example_dags/example_branch_python_dop_operator_3.py
[2026-07-24T19:06:40.402+0000] {logging_mixin.py:188} INFO - [2026-07-24T19:06:40.402+0000] {dag.py:3089} INFO - Sync 1 DAGs
[2026-07-24T19:06:40.440+0000] {logging_mixin.py:188} INFO - [2026-07-24T19:06:40.440+0000] {dag.py:3947} INFO - Setting next_dagrun for example_branch_dop_operator_v3 to 2026-07-24 19:05:00+00:00, run_after=2026-07-24 19:06:00+00:00
[2026-07-24T19:06:40.475+0000] {processor.py:183} INFO - Processing /home/airflow/.local/lib/python3.12/site-packages/airflow/example_dags/example_branch_python_dop_operator_3.py took 0.159 seconds
[2026-07-24T19:07:11.405+0000] {processor.py:161} INFO - Started process (PID=16968) to work on /home/airflow/.local/lib/python3.12/site-packages/airflow/example_dags/example_branch_python_dop_operator_3.py
[2026-07-24T19:07:11.408+0000] {processor.py:830} INFO - Processing file /home/airflow/.local/lib/python3.12/site-packages/airflow/example_dags/example_branch_python_dop_operator_3.py for tasks to queue
[2026-07-24T19:07:11.414+0000] {logging_mixin.py:188} INFO - [2026-07-24T19:07:11.413+0000] {dagbag.py:545} INFO - Filling up the DagBag from /home/airflow/.local/lib/python3.12/site-packages/airflow/example_dags/example_branch_python_dop_operator_3.py
[2026-07-24T19:07:11.437+0000] {processor.py:840} INFO - DAG(s) 'example_branch_dop_operator_v3' retrieved from /home/airflow/.local/lib/python3.12/site-packages/airflow/example_dags/example_branch_python_dop_operator_3.py
[2026-07-24T19:07:11.493+0000] {logging_mixin.py:188} INFO - [2026-07-24T19:07:11.493+0000] {dag.py:3089} INFO - Sync 1 DAGs
[2026-07-24T19:07:11.567+0000] {logging_mixin.py:188} INFO - [2026-07-24T19:07:11.567+0000] {dag.py:3947} INFO - Setting next_dagrun for example_branch_dop_operator_v3 to 2026-07-24 19:06:00+00:00, run_after=2026-07-24 19:07:00+00:00
[2026-07-24T19:07:11.616+0000] {processor.py:183} INFO - Processing /home/airflow/.local/lib/python3.12/site-packages/airflow/example_dags/example_branch_python_dop_operator_3.py took 0.224 seconds
[2026-07-24T19:07:42.055+0000] {processor.py:161} INFO - Started process (PID=17041) to work on /home/airflow/.local/lib/python3.12/site-packages/airflow/example_dags/example_branch_python_dop_operator_3.py
[2026-07-24T19:07:42.057+0000] {processor.py:830} INFO - Processing file /home/airflow/.local/lib/python3.12/site-packages/airflow/example_dags/example_branch_python_dop_operator_3.py for tasks to queue
[2026-07-24T19:07:42.061+0000] {logging_mixin.py:188} INFO - [2026-07-24T19:07:42.060+0000] {dagbag.py:545} INFO - Filling up the DagBag from /home/airflow/.local/lib/python3.12/site-packages/airflow/example_dags/example_branch_python_dop_operator_3.py
[2026-07-24T19:07:42.073+0000] {processor.py:840} INFO - DAG(s) 'example_branch_dop_operator_v3' retrieved from /home/airflow/.local/lib/python3.12/site-packages/airflow/example_dags/example_branch_python_dop_operator_3.py
[2026-07-24T19:07:42.108+0000] {logging_mixin.py:188} INFO - [2026-07-24T19:07:42.107+0000] {dag.py:3089} INFO - Sync 1 DAGs
[2026-07-24T19:07:42.149+0000] {logging_mixin.py:188} INFO - [2026-07-24T19:07:42.148+0000] {dag.py:3947} INFO - Setting next_dagrun for example_branch_dop_operator_v3 to 2026-07-24 19:06:00+00:00, run_after=2026-07-24 19:07:00+00:00
[2026-07-24T19:07:42.187+0000] {processor.py:183} INFO - Processing /home/airflow/.local/lib/python3.12/site-packages/airflow/example_dags/example_branch_python_dop_operator_3.py took 0.140 seconds
[2026-07-24T19:08:13.064+0000] {processor.py:161} INFO - Started process (PID=17114) to work on /home/airflow/.local/lib/python3.12/site-packages/airflow/example_dags/example_branch_python_dop_operator_3.py
[2026-07-24T19:08:13.067+0000] {processor.py:830} INFO - Processing file /home/airflow/.local/lib/python3.12/site-packages/airflow/example_dags/example_branch_python_dop_operator_3.py for tasks to queue
[2026-07-24T19:08:13.072+0000] {logging_mixin.py:188} INFO - [2026-07-24T19:08:13.071+0000] {dagbag.py:545} INFO - Filling up the DagBag from /home/airflow/.local/lib/python3.12/site-packages/airflow/example_dags/example_branch_python_dop_operator_3.py
[2026-07-24T19:08:13.091+0000] {processor.py:840} INFO - DAG(s) 'example_branch_dop_operator_v3' retrieved from /home/airflow/.local/lib/python3.12/site-packages/airflow/example_dags/example_branch_python_dop_operator_3.py
[2026-07-24T19:08:13.128+0000] {logging_mixin.py:188} INFO - [2026-07-24T19:08:13.128+0000] {dag.py:3089} INFO - Sync 1 DAGs
[2026-07-24T19:08:13.175+0000] {logging_mixin.py:188} INFO - [2026-07-24T19:08:13.174+0000] {dag.py:3947} INFO - Setting next_dagrun for example_branch_dop_operator_v3 to 2026-07-24 19:07:00+00:00, run_after=2026-07-24 19:08:00+00:00
[2026-07-24T19:08:13.211+0000] {processor.py:183} INFO - Processing /home/airflow/.local/lib/python3.12/site-packages/airflow/example_dags/example_branch_python_dop_operator_3.py took 0.160 seconds
[2026-07-24T19:08:44.707+0000] {processor.py:161} INFO - Started process (PID=17187) to work on /home/airflow/.local/lib/python3.12/site-packages/airflow/example_dags/example_branch_python_dop_operator_3.py
[2026-07-24T19:08:44.710+0000] {processor.py:830} INFO - Processing file /home/airflow/.local/lib/python3.12/site-packages/airflow/example_dags/example_branch_python_dop_operator_3.py for tasks to queue
[2026-07-24T19:08:44.714+0000] {logging_mixin.py:188} INFO - [2026-07-24T19:08:44.713+0000] {dagbag.py:545} INFO - Filling up the DagBag from /home/airflow/.local/lib/python3.12/site-packages/airflow/example_dags/example_branch_python_dop_operator_3.py
[2026-07-24T19:08:44.728+0000] {processor.py:840} INFO - DAG(s) 'example_branch_dop_operator_v3' retrieved from /home/airflow/.local/lib/python3.12/site-packages/airflow/example_dags/example_branch_python_dop_operator_3.py
[2026-07-24T19:08:44.767+0000] {logging_mixin.py:188} INFO - [2026-07-24T19:08:44.767+0000] {dag.py:3089} INFO - Sync 1 DAGs
[2026-07-24T19:08:44.836+0000] {logging_mixin.py:188} INFO - [2026-07-24T19:08:44.836+0000] {dag.py:3947} INFO - Setting next_dagrun for example_branch_dop_operator_v3 to 2026-07-24 19:07:00+00:00, run_after=2026-07-24 19:08:00+00:00
[2026-07-24T19:08:44.872+0000] {processor.py:183} INFO - Processing /home/airflow/.local/lib/python3.12/site-packages/airflow/example_dags/example_branch_python_dop_operator_3.py took 0.173 seconds
[2026-07-24T19:09:15.313+0000] {processor.py:161} INFO - Started process (PID=17260) to work on /home/airflow/.local/lib/python3.12/site-packages/airflow/example_dags/example_branch_python_dop_operator_3.py
[2026-07-24T19:09:15.317+0000] {processor.py:830} INFO - Processing file /home/airflow/.local/lib/python3.12/site-packages/airflow/example_dags/example_branch_python_dop_operator_3.py for tasks to queue
[2026-07-24T19:09:15.324+0000] {logging_mixin.py:188} INFO - [2026-07-24T19:09:15.322+0000] {dagbag.py:545} INFO - Filling up the DagBag from /home/airflow/.local/lib/python3.12/site-packages/airflow/example_dags/example_branch_python_dop_operator_3.py
[2026-07-24T19:09:15.349+0000] {processor.py:840} INFO - DAG(s) 'example_branch_dop_operator_v3' retrieved from /home/airflow/.local/lib/python3.12/site-packages/airflow/example_dags/example_branch_python_dop_operator_3.py
[2026-07-24T19:09:15.414+0000] {logging_mixin.py:188} INFO - [2026-07-24T19:09:15.413+0000] {dag.py:3089} INFO - Sync 1 DAGs
[2026-07-24T19:09:15.518+0000] {logging_mixin.py:188} INFO - [2026-07-24T19:09:15.518+0000] {dag.py:3947} INFO - Setting next_dagrun for example_branch_dop_operator_v3 to 2026-07-24 19:08:00+00:00, run_after=2026-07-24 19:09:00+00:00
[2026-07-24T19:09:15.558+0000] {processor.py:183} INFO - Processing /home/airflow/.local/lib/python3.12/site-packages/airflow/example_dags/example_branch_python_dop_operator_3.py took 0.264 seconds
[2026-07-24T19:09:47.219+0000] {processor.py:161} INFO - Started process (PID=17333) to work on /home/airflow/.local/lib/python3.12/site-packages/airflow/example_dags/example_branch_python_dop_operator_3.py
[2026-07-24T19:09:47.221+0000] {processor.py:830} INFO - Processing file /home/airflow/.local/lib/python3.12/site-packages/airflow/example_dags/example_branch_python_dop_operator_3.py for tasks to queue
[2026-07-24T19:09:47.225+0000] {logging_mixin.py:188} INFO - [2026-07-24T19:09:47.225+0000] {dagbag.py:545} INFO - Filling up the DagBag from /home/airflow/.local/lib/python3.12/site-packages/airflow/example_dags/example_branch_python_dop_operator_3.py
[2026-07-24T19:09:47.243+0000] {processor.py:840} INFO - DAG(s) 'example_branch_dop_operator_v3' retrieved from /home/airflow/.local/lib/python3.12/site-packages/airflow/example_dags/example_branch_python_dop_operator_3.py
[2026-07-24T19:09:47.300+0000] {logging_mixin.py:188} INFO - [2026-07-24T19:09:47.299+0000] {dag.py:3089} INFO - Sync 1 DAGs
[2026-07-24T19:09:47.361+0000] {logging_mixin.py:188} INFO - [2026-07-24T19:09:47.361+0000] {dag.py:3947} INFO - Setting next_dagrun for example_branch_dop_operator_v3 to 2026-07-24 19:08:00+00:00, run_after=2026-07-24 19:09:00+00:00
[2026-07-24T19:09:47.412+0000] {processor.py:183} INFO - Processing /home/airflow/.local/lib/python3.12/site-packages/airflow/example_dags/example_branch_python_dop_operator_3.py took 0.201 seconds
[2026-07-24T19:10:23.314+0000] {processor.py:161} INFO - Started process (PID=17406) to work on /home/airflow/.local/lib/python3.12/site-packages/airflow/example_dags/example_branch_python_dop_operator_3.py
[2026-07-24T19:10:23.321+0000] {processor.py:830} INFO - Processing file /home/airflow/.local/lib/python3.12/site-packages/airflow/example_dags/example_branch_python_dop_operator_3.py for tasks to queue
[2026-07-24T19:10:23.328+0000] {logging_mixin.py:188} INFO - [2026-07-24T19:10:23.327+0000] {dagbag.py:545} INFO - Filling up the DagBag from /home/airflow/.local/lib/python3.12/site-packages/airflow/example_dags/example_branch_python_dop_operator_3.py
[2026-07-24T19:10:23.362+0000] {processor.py:840} INFO - DAG(s) 'example_branch_dop_operator_v3' retrieved from /home/airflow/.local/lib/python3.12/site-packages/airflow/example_dags/example_branch_python_dop_operator_3.py
[2026-07-24T19:10:23.438+0000] {logging_mixin.py:188} INFO - [2026-07-24T19:10:23.437+0000] {dag.py:3089} INFO - Sync 1 DAGs
[2026-07-24T19:10:23.536+0000] {logging_mixin.py:188} INFO - [2026-07-24T19:10:23.534+0000] {dag.py:3947} INFO - Setting next_dagrun for example_branch_dop_operator_v3 to 2026-07-24 19:09:00+00:00, run_after=2026-07-24 19:10:00+00:00
[2026-07-24T19:10:23.657+0000] {processor.py:183} INFO - Processing /home/airflow/.local/lib/python3.12/site-packages/airflow/example_dags/example_branch_python_dop_operator_3.py took 0.386 seconds
[2026-07-24T19:11:23.913+0000] {processor.py:161} INFO - Started process (PID=17481) to work on /home/airflow/.local/lib/python3.12/site-packages/airflow/example_dags/example_branch_python_dop_operator_3.py
[2026-07-24T19:11:23.919+0000] {processor.py:830} INFO - Processing file /home/airflow/.local/lib/python3.12/site-packages/airflow/example_dags/example_branch_python_dop_operator_3.py for tasks to queue
[2026-07-24T19:11:23.927+0000] {logging_mixin.py:188} INFO - [2026-07-24T19:11:23.926+0000] {dagbag.py:545} INFO - Filling up the DagBag from /home/airflow/.local/lib/python3.12/site-packages/airflow/example_dags/example_branch_python_dop_operator_3.py
[2026-07-24T19:11:23.961+0000] {processor.py:840} INFO - DAG(s) 'example_branch_dop_operator_v3' retrieved from /home/airflow/.local/lib/python3.12/site-packages/airflow/example_dags/example_branch_python_dop_operator_3.py
[2026-07-24T19:11:24.030+0000] {logging_mixin.py:188} INFO - [2026-07-24T19:11:24.030+0000] {dag.py:3089} INFO - Sync 1 DAGs
[2026-07-24T19:11:24.141+0000] {logging_mixin.py:188} INFO - [2026-07-24T19:11:24.141+0000] {dag.py:3947} INFO - Setting next_dagrun for example_branch_dop_operator_v3 to 2026-07-24 19:10:00+00:00, run_after=2026-07-24 19:11:00+00:00
[2026-07-24T19:11:24.199+0000] {processor.py:183} INFO - Processing /home/airflow/.local/lib/python3.12/site-packages/airflow/example_dags/example_branch_python_dop_operator_3.py took 0.305 seconds
[2026-07-24T19:11:56.291+0000] {processor.py:161} INFO - Started process (PID=17554) to work on /home/airflow/.local/lib/python3.12/site-packages/airflow/example_dags/example_branch_python_dop_operator_3.py
[2026-07-24T19:11:56.296+0000] {processor.py:830} INFO - Processing file /home/airflow/.local/lib/python3.12/site-packages/airflow/example_dags/example_branch_python_dop_operator_3.py for tasks to queue
[2026-07-24T19:11:56.309+0000] {logging_mixin.py:188} INFO - [2026-07-24T19:11:56.308+0000] {dagbag.py:545} INFO - Filling up the DagBag from /home/airflow/.local/lib/python3.12/site-packages/airflow/example_dags/example_branch_python_dop_operator_3.py
[2026-07-24T19:11:56.351+0000] {processor.py:840} INFO - DAG(s) 'example_branch_dop_operator_v3' retrieved from /home/airflow/.local/lib/python3.12/site-packages/airflow/example_dags/example_branch_python_dop_operator_3.py
[2026-07-24T19:11:56.420+0000] {logging_mixin.py:188} INFO - [2026-07-24T19:11:56.419+0000] {dag.py:3089} INFO - Sync 1 DAGs
[2026-07-24T19:11:56.509+0000] {logging_mixin.py:188} INFO - [2026-07-24T19:11:56.507+0000] {dag.py:3947} INFO - Setting next_dagrun for example_branch_dop_operator_v3 to 2026-07-24 19:10:00+00:00, run_after=2026-07-24 19:11:00+00:00
[2026-07-24T19:11:56.607+0000] {processor.py:183} INFO - Processing /home/airflow/.local/lib/python3.12/site-packages/airflow/example_dags/example_branch_python_dop_operator_3.py took 0.370 seconds
[2026-07-24T19:12:27.039+0000] {processor.py:161} INFO - Started process (PID=17627) to work on /home/airflow/.local/lib/python3.12/site-packages/airflow/example_dags/example_branch_python_dop_operator_3.py
[2026-07-24T19:12:27.050+0000] {processor.py:830} INFO - Processing file /home/airflow/.local/lib/python3.12/site-packages/airflow/example_dags/example_branch_python_dop_operator_3.py for tasks to queue
[2026-07-24T19:12:27.062+0000] {logging_mixin.py:188} INFO - [2026-07-24T19:12:27.061+0000] {dagbag.py:545} INFO - Filling up the DagBag from /home/airflow/.local/lib/python3.12/site-packages/airflow/example_dags/example_branch_python_dop_operator_3.py
[2026-07-24T19:12:27.099+0000] {processor.py:840} INFO - DAG(s) 'example_branch_dop_operator_v3' retrieved from /home/airflow/.local/lib/python3.12/site-packages/airflow/example_dags/example_branch_python_dop_operator_3.py
[2026-07-24T19:12:27.161+0000] {logging_mixin.py:188} INFO - [2026-07-24T19:12:27.160+0000] {dag.py:3089} INFO - Sync 1 DAGs
[2026-07-24T19:12:27.237+0000] {logging_mixin.py:188} INFO - [2026-07-24T19:12:27.236+0000] {dag.py:3947} INFO - Setting next_dagrun for example_branch_dop_operator_v3 to 2026-07-24 19:11:00+00:00, run_after=2026-07-24 19:12:00+00:00
[2026-07-24T19:12:27.354+0000] {processor.py:183} INFO - Processing /home/airflow/.local/lib/python3.12/site-packages/airflow/example_dags/example_branch_python_dop_operator_3.py took 0.361 seconds
[2026-07-24T19:12:58.068+0000] {processor.py:161} INFO - Started process (PID=17693) to work on /home/airflow/.local/lib/python3.12/site-packages/airflow/example_dags/example_branch_python_dop_operator_3.py
[2026-07-24T19:12:58.073+0000] {processor.py:830} INFO - Processing file /home/airflow/.local/lib/python3.12/site-packages/airflow/example_dags/example_branch_python_dop_operator_3.py for tasks to queue
[2026-07-24T19:12:58.080+0000] {logging_mixin.py:188} INFO - [2026-07-24T19:12:58.079+0000] {dagbag.py:545} INFO - Filling up the DagBag from /home/airflow/.local/lib/python3.12/site-packages/airflow/example_dags/example_branch_python_dop_operator_3.py
[2026-07-24T19:12:58.131+0000] {processor.py:840} INFO - DAG(s) 'example_branch_dop_operator_v3' retrieved from /home/airflow/.local/lib/python3.12/site-packages/airflow/example_dags/example_branch_python_dop_operator_3.py
[2026-07-24T19:12:58.200+0000] {logging_mixin.py:188} INFO - [2026-07-24T19:12:58.200+0000] {dag.py:3089} INFO - Sync 1 DAGs
[2026-07-24T19:12:58.263+0000] {logging_mixin.py:188} INFO - [2026-07-24T19:12:58.262+0000] {dag.py:3947} INFO - Setting next_dagrun for example_branch_dop_operator_v3 to 2026-07-24 19:11:00+00:00, run_after=2026-07-24 19:12:00+00:00
[2026-07-24T19:12:58.307+0000] {processor.py:183} INFO - Processing /home/airflow/.local/lib/python3.12/site-packages/airflow/example_dags/example_branch_python_dop_operator_3.py took 0.270 seconds
[2026-07-24T19:13:28.589+0000] {processor.py:161} INFO - Started process (PID=17766) to work on /home/airflow/.local/lib/python3.12/site-packages/airflow/example_dags/example_branch_python_dop_operator_3.py
[2026-07-24T19:13:28.592+0000] {processor.py:830} INFO - Processing file /home/airflow/.local/lib/python3.12/site-packages/airflow/example_dags/example_branch_python_dop_operator_3.py for tasks to queue
[2026-07-24T19:13:28.597+0000] {logging_mixin.py:188} INFO - [2026-07-24T19:13:28.596+0000] {dagbag.py:545} INFO - Filling up the DagBag from /home/airflow/.local/lib/python3.12/site-packages/airflow/example_dags/example_branch_python_dop_operator_3.py
[2026-07-24T19:13:28.616+0000] {processor.py:840} INFO - DAG(s) 'example_branch_dop_operator_v3' retrieved from /home/airflow/.local/lib/python3.12/site-packages/airflow/example_dags/example_branch_python_dop_operator_3.py
[2026-07-24T19:13:28.661+0000] {logging_mixin.py:188} INFO - [2026-07-24T19:13:28.661+0000] {dag.py:3089} INFO - Sync 1 DAGs
[2026-07-24T19:13:28.703+0000] {logging_mixin.py:188} INFO - [2026-07-24T19:13:28.702+0000] {dag.py:3947} INFO - Setting next_dagrun for example_branch_dop_operator_v3 to 2026-07-24 19:12:00+00:00, run_after=2026-07-24 19:13:00+00:00
[2026-07-24T19:13:28.740+0000] {processor.py:183} INFO - Processing /home/airflow/.local/lib/python3.12/site-packages/airflow/example_dags/example_branch_python_dop_operator_3.py took 0.162 seconds
[2026-07-24T19:13:59.155+0000] {processor.py:161} INFO - Started process (PID=17839) to work on /home/airflow/.local/lib/python3.12/site-packages/airflow/example_dags/example_branch_python_dop_operator_3.py
[2026-07-24T19:13:59.158+0000] {processor.py:830} INFO - Processing file /home/airflow/.local/lib/python3.12/site-packages/airflow/example_dags/example_branch_python_dop_operator_3.py for tasks to queue
[2026-07-24T19:13:59.165+0000] {logging_mixin.py:188} INFO - [2026-07-24T19:13:59.164+0000] {dagbag.py:545} INFO - Filling up the DagBag from /home/airflow/.local/lib/python3.12/site-packages/airflow/example_dags/example_branch_python_dop_operator_3.py
[2026-07-24T19:13:59.188+0000] {processor.py:840} INFO - DAG(s) 'example_branch_dop_operator_v3' retrieved from /home/airflow/.local/lib/python3.12/site-packages/airflow/example_dags/example_branch_python_dop_operator_3.py
[2026-07-24T19:13:59.239+0000] {logging_mixin.py:188} INFO - [2026-07-24T19:13:59.239+0000] {dag.py:3089} INFO - Sync 1 DAGs
[2026-07-24T19:13:59.291+0000] {logging_mixin.py:188} INFO - [2026-07-24T19:13:59.290+0000] {dag.py:3947} INFO - Setting next_dagrun for example_branch_dop_operator_v3 to 2026-07-24 19:12:00+00:00, run_after=2026-07-24 19:13:00+00:00
[2026-07-24T19:13:59.329+0000] {processor.py:183} INFO - Processing /home/airflow/.local/lib/python3.12/site-packages/airflow/example_dags/example_branch_python_dop_operator_3.py took 0.196 seconds
[2026-07-24T19:14:31.076+0000] {processor.py:161} INFO - Started process (PID=17913) to work on /home/airflow/.local/lib/python3.12/site-packages/airflow/example_dags/example_branch_python_dop_operator_3.py
[2026-07-24T19:14:31.080+0000] {processor.py:830} INFO - Processing file /home/airflow/.local/lib/python3.12/site-packages/airflow/example_dags/example_branch_python_dop_operator_3.py for tasks to queue
[2026-07-24T19:14:31.089+0000] {logging_mixin.py:188} INFO - [2026-07-24T19:14:31.088+0000] {dagbag.py:545} INFO - Filling up the DagBag from /home/airflow/.local/lib/python3.12/site-packages/airflow/example_dags/example_branch_python_dop_operator_3.py
[2026-07-24T19:14:31.118+0000] {processor.py:840} INFO - DAG(s) 'example_branch_dop_operator_v3' retrieved from /home/airflow/.local/lib/python3.12/site-packages/airflow/example_dags/example_branch_python_dop_operator_3.py
[2026-07-24T19:14:31.187+0000] {logging_mixin.py:188} INFO - [2026-07-24T19:14:31.186+0000] {dag.py:3089} INFO - Sync 1 DAGs
[2026-07-24T19:14:31.269+0000] {logging_mixin.py:188} INFO - [2026-07-24T19:14:31.268+0000] {dag.py:3947} INFO - Setting next_dagrun for example_branch_dop_operator_v3 to 2026-07-24 19:13:00+00:00, run_after=2026-07-24 19:14:00+00:00
[2026-07-24T19:14:31.337+0000] {processor.py:183} INFO - Processing /home/airflow/.local/lib/python3.12/site-packages/airflow/example_dags/example_branch_python_dop_operator_3.py took 0.283 seconds
[2026-07-24T19:15:03.624+0000] {processor.py:161} INFO - Started process (PID=17986) to work on /home/airflow/.local/lib/python3.12/site-packages/airflow/example_dags/example_branch_python_dop_operator_3.py
[2026-07-24T19:15:03.627+0000] {processor.py:830} INFO - Processing file /home/airflow/.local/lib/python3.12/site-packages/airflow/example_dags/example_branch_python_dop_operator_3.py for tasks to queue
[2026-07-24T19:15:03.635+0000] {logging_mixin.py:188} INFO - [2026-07-24T19:15:03.634+0000] {dagbag.py:545} INFO - Filling up the DagBag from /home/airflow/.local/lib/python3.12/site-packages/airflow/example_dags/example_branch_python_dop_operator_3.py
[2026-07-24T19:15:03.663+0000] {processor.py:840} INFO - DAG(s) 'example_branch_dop_operator_v3' retrieved from /home/airflow/.local/lib/python3.12/site-packages/airflow/example_dags/example_branch_python_dop_operator_3.py
[2026-07-24T19:15:03.767+0000] {logging_mixin.py:188} INFO - [2026-07-24T19:15:03.766+0000] {dag.py:3089} INFO - Sync 1 DAGs
[2026-07-24T19:15:03.844+0000] {logging_mixin.py:188} INFO - [2026-07-24T19:15:03.843+0000] {dag.py:3947} INFO - Setting next_dagrun for example_branch_dop_operator_v3 to 2026-07-24 19:14:00+00:00, run_after=2026-07-24 19:15:00+00:00
[2026-07-24T19:15:03.900+0000] {processor.py:183} INFO - Processing /home/airflow/.local/lib/python3.12/site-packages/airflow/example_dags/example_branch_python_dop_operator_3.py took 0.292 seconds
[2026-07-24T19:15:34.267+0000] {processor.py:161} INFO - Started process (PID=18059) to work on /home/airflow/.local/lib/python3.12/site-packages/airflow/example_dags/example_branch_python_dop_operator_3.py
[2026-07-24T19:15:34.270+0000] {processor.py:830} INFO - Processing file /home/airflow/.local/lib/python3.12/site-packages/airflow/example_dags/example_branch_python_dop_operator_3.py for tasks to queue
[2026-07-24T19:15:34.274+0000] {logging_mixin.py:188} INFO - [2026-07-24T19:15:34.273+0000] {dagbag.py:545} INFO - Filling up the DagBag from /home/airflow/.local/lib/python3.12/site-packages/airflow/example_dags/example_branch_python_dop_operator_3.py
[2026-07-24T19:15:34.288+0000] {processor.py:840} INFO - DAG(s) 'example_branch_dop_operator_v3' retrieved from /home/airflow/.local/lib/python3.12/site-packages/airflow/example_dags/example_branch_python_dop_operator_3.py
[2026-07-24T19:15:34.326+0000] {logging_mixin.py:188} INFO - [2026-07-24T19:15:34.326+0000] {dag.py:3089} INFO - Sync 1 DAGs
[2026-07-24T19:15:34.367+0000] {logging_mixin.py:188} INFO - [2026-07-24T19:15:34.367+0000] {dag.py:3947} INFO - Setting next_dagrun for example_branch_dop_operator_v3 to 2026-07-24 19:14:00+00:00, run_after=2026-07-24 19:15:00+00:00
[2026-07-24T19:15:34.403+0000] {processor.py:183} INFO - Processing /home/airflow/.local/lib/python3.12/site-packages/airflow/example_dags/example_branch_python_dop_operator_3.py took 0.145 seconds
[2026-07-24T19:16:05.741+0000] {processor.py:161} INFO - Started process (PID=18132) to work on /home/airflow/.local/lib/python3.12/site-packages/airflow/example_dags/example_branch_python_dop_operator_3.py
[2026-07-24T19:16:05.745+0000] {processor.py:830} INFO - Processing file /home/airflow/.local/lib/python3.12/site-packages/airflow/example_dags/example_branch_python_dop_operator_3.py for tasks to queue
[2026-07-24T19:16:05.751+0000] {logging_mixin.py:188} INFO - [2026-07-24T19:16:05.750+0000] {dagbag.py:545} INFO - Filling up the DagBag from /home/airflow/.local/lib/python3.12/site-packages/airflow/example_dags/example_branch_python_dop_operator_3.py
[2026-07-24T19:16:05.780+0000] {processor.py:840} INFO - DAG(s) 'example_branch_dop_operator_v3' retrieved from /home/airflow/.local/lib/python3.12/site-packages/airflow/example_dags/example_branch_python_dop_operator_3.py
[2026-07-24T19:16:05.851+0000] {logging_mixin.py:188} INFO - [2026-07-24T19:16:05.846+0000] {dag.py:3089} INFO - Sync 1 DAGs
[2026-07-24T19:16:05.923+0000] {logging_mixin.py:188} INFO - [2026-07-24T19:16:05.923+0000] {dag.py:3947} INFO - Setting next_dagrun for example_branch_dop_operator_v3 to 2026-07-24 19:15:00+00:00, run_after=2026-07-24 19:16:00+00:00
[2026-07-24T19:16:05.996+0000] {processor.py:183} INFO - Processing /home/airflow/.local/lib/python3.12/site-packages/airflow/example_dags/example_branch_python_dop_operator_3.py took 0.275 seconds
[2026-07-24T19:16:36.252+0000] {processor.py:161} INFO - Started process (PID=18198) to work on /home/airflow/.local/lib/python3.12/site-packages/airflow/example_dags/example_branch_python_dop_operator_3.py
[2026-07-24T19:16:36.256+0000] {processor.py:830} INFO - Processing file /home/airflow/.local/lib/python3.12/site-packages/airflow/example_dags/example_branch_python_dop_operator_3.py for tasks to queue
[2026-07-24T19:16:36.261+0000] {logging_mixin.py:188} INFO - [2026-07-24T19:16:36.261+0000] {dagbag.py:545} INFO - Filling up the DagBag from /home/airflow/.local/lib/python3.12/site-packages/airflow/example_dags/example_branch_python_dop_operator_3.py
[2026-07-24T19:16:36.282+0000] {processor.py:840} INFO - DAG(s) 'example_branch_dop_operator_v3' retrieved from /home/airflow/.local/lib/python3.12/site-packages/airflow/example_dags/example_branch_python_dop_operator_3.py
[2026-07-24T19:16:36.329+0000] {logging_mixin.py:188} INFO - [2026-07-24T19:16:36.328+0000] {dag.py:3089} INFO - Sync 1 DAGs
[2026-07-24T19:16:36.390+0000] {logging_mixin.py:188} INFO - [2026-07-24T19:16:36.389+0000] {dag.py:3947} INFO - Setting next_dagrun for example_branch_dop_operator_v3 to 2026-07-24 19:15:00+00:00, run_after=2026-07-24 19:16:00+00:00
[2026-07-24T19:16:36.443+0000] {processor.py:183} INFO - Processing /home/airflow/.local/lib/python3.12/site-packages/airflow/example_dags/example_branch_python_dop_operator_3.py took 0.204 seconds
[2026-07-24T19:17:06.896+0000] {processor.py:161} INFO - Started process (PID=18271) to work on /home/airflow/.local/lib/python3.12/site-packages/airflow/example_dags/example_branch_python_dop_operator_3.py
[2026-07-24T19:17:06.898+0000] {processor.py:830} INFO - Processing file /home/airflow/.local/lib/python3.12/site-packages/airflow/example_dags/example_branch_python_dop_operator_3.py for tasks to queue
[2026-07-24T19:17:06.903+0000] {logging_mixin.py:188} INFO - [2026-07-24T19:17:06.902+0000] {dagbag.py:545} INFO - Filling up the DagBag from /home/airflow/.local/lib/python3.12/site-packages/airflow/example_dags/example_branch_python_dop_operator_3.py
[2026-07-24T19:17:06.917+0000] {processor.py:840} INFO - DAG(s) 'example_branch_dop_operator_v3' retrieved from /home/airflow/.local/lib/python3.12/site-packages/airflow/example_dags/example_branch_python_dop_operator_3.py
[2026-07-24T19:17:06.967+0000] {logging_mixin.py:188} INFO - [2026-07-24T19:17:06.966+0000] {dag.py:3089} INFO - Sync 1 DAGs
[2026-07-24T19:17:07.008+0000] {logging_mixin.py:188} INFO - [2026-07-24T19:17:07.008+0000] {dag.py:3947} INFO - Setting next_dagrun for example_branch_dop_operator_v3 to 2026-07-24 19:16:00+00:00, run_after=2026-07-24 19:17:00+00:00
[2026-07-24T19:17:07.045+0000] {processor.py:183} INFO - Processing /home/airflow/.local/lib/python3.12/site-packages/airflow/example_dags/example_branch_python_dop_operator_3.py took 0.157 seconds
[2026-07-24T19:17:38.198+0000] {processor.py:161} INFO - Started process (PID=18344) to work on /home/airflow/.local/lib/python3.12/site-packages/airflow/example_dags/example_branch_python_dop_operator_3.py
[2026-07-24T19:17:38.201+0000] {processor.py:830} INFO - Processing file /home/airflow/.local/lib/python3.12/site-packages/airflow/example_dags/example_branch_python_dop_operator_3.py for tasks to queue
[2026-07-24T19:17:38.208+0000] {logging_mixin.py:188} INFO - [2026-07-24T19:17:38.208+0000] {dagbag.py:545} INFO - Filling up the DagBag from /home/airflow/.local/lib/python3.12/site-packages/airflow/example_dags/example_branch_python_dop_operator_3.py
[2026-07-24T19:17:38.231+0000] {processor.py:840} INFO - DAG(s) 'example_branch_dop_operator_v3' retrieved from /home/airflow/.local/lib/python3.12/site-packages/airflow/example_dags/example_branch_python_dop_operator_3.py
[2026-07-24T19:17:38.276+0000] {logging_mixin.py:188} INFO - [2026-07-24T19:17:38.276+0000] {dag.py:3089} INFO - Sync 1 DAGs
[2026-07-24T19:17:38.333+0000] {logging_mixin.py:188} INFO - [2026-07-24T19:17:38.332+0000] {dag.py:3947} INFO - Setting next_dagrun for example_branch_dop_operator_v3 to 2026-07-24 19:16:00+00:00, run_after=2026-07-24 19:17:00+00:00
[2026-07-24T19:17:38.379+0000] {processor.py:183} INFO - Processing /home/airflow/.local/lib/python3.12/site-packages/airflow/example_dags/example_branch_python_dop_operator_3.py took 0.193 seconds
[2026-07-24T19:18:09.290+0000] {processor.py:161} INFO - Started process (PID=18417) to work on /home/airflow/.local/lib/python3.12/site-packages/airflow/example_dags/example_branch_python_dop_operator_3.py
[2026-07-24T19:18:09.292+0000] {processor.py:830} INFO - Processing file /home/airflow/.local/lib/python3.12/site-packages/airflow/example_dags/example_branch_python_dop_operator_3.py for tasks to queue
[2026-07-24T19:18:09.296+0000] {logging_mixin.py:188} INFO - [2026-07-24T19:18:09.296+0000] {dagbag.py:545} INFO - Filling up the DagBag from /home/airflow/.local/lib/python3.12/site-packages/airflow/example_dags/example_branch_python_dop_operator_3.py
[2026-07-24T19:18:09.311+0000] {processor.py:840} INFO - DAG(s) 'example_branch_dop_operator_v3' retrieved from /home/airflow/.local/lib/python3.12/site-packages/airflow/example_dags/example_branch_python_dop_operator_3.py
[2026-07-24T19:18:09.359+0000] {logging_mixin.py:188} INFO - [2026-07-24T19:18:09.358+0000] {dag.py:3089} INFO - Sync 1 DAGs
[2026-07-24T19:18:09.409+0000] {logging_mixin.py:188} INFO - [2026-07-24T19:18:09.408+0000] {dag.py:3947} INFO - Setting next_dagrun for example_branch_dop_operator_v3 to 2026-07-24 19:17:00+00:00, run_after=2026-07-24 19:18:00+00:00
[2026-07-24T19:18:09.458+0000] {processor.py:183} INFO - Processing /home/airflow/.local/lib/python3.12/site-packages/airflow/example_dags/example_branch_python_dop_operator_3.py took 0.178 seconds
[2026-07-24T19:18:39.950+0000] {processor.py:161} INFO - Started process (PID=18491) to work on /home/airflow/.local/lib/python3.12/site-packages/airflow/example_dags/example_branch_python_dop_operator_3.py
[2026-07-24T19:18:39.953+0000] {processor.py:830} INFO - Processing file /home/airflow/.local/lib/python3.12/site-packages/airflow/example_dags/example_branch_python_dop_operator_3.py for tasks to queue
[2026-07-24T19:18:39.958+0000] {logging_mixin.py:188} INFO - [2026-07-24T19:18:39.958+0000] {dagbag.py:545} INFO - Filling up the DagBag from /home/airflow/.local/lib/python3.12/site-packages/airflow/example_dags/example_branch_python_dop_operator_3.py
[2026-07-24T19:18:39.976+0000] {processor.py:840} INFO - DAG(s) 'example_branch_dop_operator_v3' retrieved from /home/airflow/.local/lib/python3.12/site-packages/airflow/example_dags/example_branch_python_dop_operator_3.py
[2026-07-24T19:18:40.009+0000] {logging_mixin.py:188} INFO - [2026-07-24T19:18:40.009+0000] {dag.py:3089} INFO - Sync 1 DAGs
[2026-07-24T19:18:40.048+0000] {logging_mixin.py:188} INFO - [2026-07-24T19:18:40.048+0000] {dag.py:3947} INFO - Setting next_dagrun for example_branch_dop_operator_v3 to 2026-07-24 19:17:00+00:00, run_after=2026-07-24 19:18:00+00:00
[2026-07-24T19:18:40.077+0000] {processor.py:183} INFO - Processing /home/airflow/.local/lib/python3.12/site-packages/airflow/example_dags/example_branch_python_dop_operator_3.py took 0.137 seconds
[2026-07-24T19:19:12.529+0000] {processor.py:161} INFO - Started process (PID=18564) to work on /home/airflow/.local/lib/python3.12/site-packages/airflow/example_dags/example_branch_python_dop_operator_3.py
[2026-07-24T19:19:12.532+0000] {processor.py:830} INFO - Processing file /home/airflow/.local/lib/python3.12/site-packages/airflow/example_dags/example_branch_python_dop_operator_3.py for tasks to queue
[2026-07-24T19:19:12.541+0000] {logging_mixin.py:188} INFO - [2026-07-24T19:19:12.539+0000] {dagbag.py:545} INFO - Filling up the DagBag from /home/airflow/.local/lib/python3.12/site-packages/airflow/example_dags/example_branch_python_dop_operator_3.py
[2026-07-24T19:19:12.565+0000] {processor.py:840} INFO - DAG(s) 'example_branch_dop_operator_v3' retrieved from /home/airflow/.local/lib/python3.12/site-packages/airflow/example_dags/example_branch_python_dop_operator_3.py
[2026-07-24T19:19:12.639+0000] {logging_mixin.py:188} INFO - [2026-07-24T19:19:12.638+0000] {dag.py:3089} INFO - Sync 1 DAGs
[2026-07-24T19:19:12.711+0000] {logging_mixin.py:188} INFO - [2026-07-24T19:19:12.709+0000] {dag.py:3947} INFO - Setting next_dagrun for example_branch_dop_operator_v3 to 2026-07-24 19:18:00+00:00, run_after=2026-07-24 19:19:00+00:00
[2026-07-24T19:19:12.796+0000] {processor.py:183} INFO - Processing /home/airflow/.local/lib/python3.12/site-packages/airflow/example_dags/example_branch_python_dop_operator_3.py took 0.283 seconds
[2026-07-24T19:19:43.401+0000] {processor.py:161} INFO - Started process (PID=18637) to work on /home/airflow/.local/lib/python3.12/site-packages/airflow/example_dags/example_branch_python_dop_operator_3.py
[2026-07-24T19:19:43.404+0000] {processor.py:830} INFO - Processing file /home/airflow/.local/lib/python3.12/site-packages/airflow/example_dags/example_branch_python_dop_operator_3.py for tasks to queue
[2026-07-24T19:19:43.408+0000] {logging_mixin.py:188} INFO - [2026-07-24T19:19:43.407+0000] {dagbag.py:545} INFO - Filling up the DagBag from /home/airflow/.local/lib/python3.12/site-packages/airflow/example_dags/example_branch_python_dop_operator_3.py
[2026-07-24T19:19:43.423+0000] {processor.py:840} INFO - DAG(s) 'example_branch_dop_operator_v3' retrieved from /home/airflow/.local/lib/python3.12/site-packages/airflow/example_dags/example_branch_python_dop_operator_3.py
[2026-07-24T19:19:43.456+0000] {logging_mixin.py:188} INFO - [2026-07-24T19:19:43.455+0000] {dag.py:3089} INFO - Sync 1 DAGs
[2026-07-24T19:19:43.490+0000] {logging_mixin.py:188} INFO - [2026-07-24T19:19:43.490+0000] {dag.py:3947} INFO - Setting next_dagrun for example_branch_dop_operator_v3 to 2026-07-24 19:18:00+00:00, run_after=2026-07-24 19:19:00+00:00
[2026-07-24T19:19:43.524+0000] {processor.py:183} INFO - Processing /home/airflow/.local/lib/python3.12/site-packages/airflow/example_dags/example_branch_python_dop_operator_3.py took 0.131 seconds
[2026-07-24T19:20:14.635+0000] {processor.py:161} INFO - Started process (PID=18710) to work on /home/airflow/.local/lib/python3.12/site-packages/airflow/example_dags/example_branch_python_dop_operator_3.py
[2026-07-24T19:20:14.638+0000] {processor.py:830} INFO - Processing file /home/airflow/.local/lib/python3.12/site-packages/airflow/example_dags/example_branch_python_dop_operator_3.py for tasks to queue
[2026-07-24T19:20:14.643+0000] {logging_mixin.py:188} INFO - [2026-07-24T19:20:14.642+0000] {dagbag.py:545} INFO - Filling up the DagBag from /home/airflow/.local/lib/python3.12/site-packages/airflow/example_dags/example_branch_python_dop_operator_3.py
[2026-07-24T19:20:14.665+0000] {processor.py:840} INFO - DAG(s) 'example_branch_dop_operator_v3' retrieved from /home/airflow/.local/lib/python3.12/site-packages/airflow/example_dags/example_branch_python_dop_operator_3.py
[2026-07-24T19:20:14.719+0000] {logging_mixin.py:188} INFO - [2026-07-24T19:20:14.718+0000] {dag.py:3089} INFO - Sync 1 DAGs
[2026-07-24T19:20:14.787+0000] {logging_mixin.py:188} INFO - [2026-07-24T19:20:14.786+0000] {dag.py:3947} INFO - Setting next_dagrun for example_branch_dop_operator_v3 to 2026-07-24 19:19:00+00:00, run_after=2026-07-24 19:20:00+00:00
[2026-07-24T19:20:14.860+0000] {processor.py:183} INFO - Processing /home/airflow/.local/lib/python3.12/site-packages/airflow/example_dags/example_branch_python_dop_operator_3.py took 0.237 seconds
[2026-07-24T19:20:45.049+0000] {processor.py:161} INFO - Started process (PID=18781) to work on /home/airflow/.local/lib/python3.12/site-packages/airflow/example_dags/example_branch_python_dop_operator_3.py
[2026-07-24T19:20:45.051+0000] {processor.py:830} INFO - Processing file /home/airflow/.local/lib/python3.12/site-packages/airflow/example_dags/example_branch_python_dop_operator_3.py for tasks to queue
[2026-07-24T19:20:45.055+0000] {logging_mixin.py:188} INFO - [2026-07-24T19:20:45.055+0000] {dagbag.py:545} INFO - Filling up the DagBag from /home/airflow/.local/lib/python3.12/site-packages/airflow/example_dags/example_branch_python_dop_operator_3.py
[2026-07-24T19:20:45.070+0000] {processor.py:840} INFO - DAG(s) 'example_branch_dop_operator_v3' retrieved from /home/airflow/.local/lib/python3.12/site-packages/airflow/example_dags/example_branch_python_dop_operator_3.py
[2026-07-24T19:20:45.124+0000] {logging_mixin.py:188} INFO - [2026-07-24T19:20:45.123+0000] {dag.py:3089} INFO - Sync 1 DAGs
[2026-07-24T19:20:45.170+0000] {logging_mixin.py:188} INFO - [2026-07-24T19:20:45.170+0000] {dag.py:3947} INFO - Setting next_dagrun for example_branch_dop_operator_v3 to 2026-07-24 19:19:00+00:00, run_after=2026-07-24 19:20:00+00:00
[2026-07-24T19:20:45.272+0000] {processor.py:183} INFO - Processing /home/airflow/.local/lib/python3.12/site-packages/airflow/example_dags/example_branch_python_dop_operator_3.py took 0.232 seconds
[2026-07-24T19:21:15.716+0000] {processor.py:161} INFO - Started process (PID=18861) to work on /home/airflow/.local/lib/python3.12/site-packages/airflow/example_dags/example_branch_python_dop_operator_3.py
[2026-07-24T19:21:15.719+0000] {processor.py:830} INFO - Processing file /home/airflow/.local/lib/python3.12/site-packages/airflow/example_dags/example_branch_python_dop_operator_3.py for tasks to queue
[2026-07-24T19:21:15.723+0000] {logging_mixin.py:188} INFO - [2026-07-24T19:21:15.722+0000] {dagbag.py:545} INFO - Filling up the DagBag from /home/airflow/.local/lib/python3.12/site-packages/airflow/example_dags/example_branch_python_dop_operator_3.py
[2026-07-24T19:21:15.742+0000] {processor.py:840} INFO - DAG(s) 'example_branch_dop_operator_v3' retrieved from /home/airflow/.local/lib/python3.12/site-packages/airflow/example_dags/example_branch_python_dop_operator_3.py
[2026-07-24T19:21:15.784+0000] {logging_mixin.py:188} INFO - [2026-07-24T19:21:15.784+0000] {dag.py:3089} INFO - Sync 1 DAGs
[2026-07-24T19:21:15.826+0000] {logging_mixin.py:188} INFO - [2026-07-24T19:21:15.826+0000] {dag.py:3947} INFO - Setting next_dagrun for example_branch_dop_operator_v3 to 2026-07-24 19:20:00+00:00, run_after=2026-07-24 19:21:00+00:00
[2026-07-24T19:21:15.861+0000] {processor.py:183} INFO - Processing /home/airflow/.local/lib/python3.12/site-packages/airflow/example_dags/example_branch_python_dop_operator_3.py took 0.155 seconds
[2026-07-24T19:21:46.730+0000] {processor.py:161} INFO - Started process (PID=18934) to work on /home/airflow/.local/lib/python3.12/site-packages/airflow/example_dags/example_branch_python_dop_operator_3.py
[2026-07-24T19:21:46.734+0000] {processor.py:830} INFO - Processing file /home/airflow/.local/lib/python3.12/site-packages/airflow/example_dags/example_branch_python_dop_operator_3.py for tasks to queue
[2026-07-24T19:21:46.741+0000] {logging_mixin.py:188} INFO - [2026-07-24T19:21:46.740+0000] {dagbag.py:545} INFO - Filling up the DagBag from /home/airflow/.local/lib/python3.12/site-packages/airflow/example_dags/example_branch_python_dop_operator_3.py
[2026-07-24T19:21:46.758+0000] {processor.py:840} INFO - DAG(s) 'example_branch_dop_operator_v3' retrieved from /home/airflow/.local/lib/python3.12/site-packages/airflow/example_dags/example_branch_python_dop_operator_3.py
[2026-07-24T19:21:46.792+0000] {logging_mixin.py:188} INFO - [2026-07-24T19:21:46.792+0000] {dag.py:3089} INFO - Sync 1 DAGs
[2026-07-24T19:21:46.841+0000] {logging_mixin.py:188} INFO - [2026-07-24T19:21:46.840+0000] {dag.py:3947} INFO - Setting next_dagrun for example_branch_dop_operator_v3 to 2026-07-24 19:20:00+00:00, run_after=2026-07-24 19:21:00+00:00
[2026-07-24T19:21:46.874+0000] {processor.py:183} INFO - Processing /home/airflow/.local/lib/python3.12/site-packages/airflow/example_dags/example_branch_python_dop_operator_3.py took 0.158 seconds
[2026-07-24T19:22:19.032+0000] {processor.py:161} INFO - Started process (PID=19006) to work on /home/airflow/.local/lib/python3.12/site-packages/airflow/example_dags/example_branch_python_dop_operator_3.py
[2026-07-24T19:22:19.035+0000] {processor.py:830} INFO - Processing file /home/airflow/.local/lib/python3.12/site-packages/airflow/example_dags/example_branch_python_dop_operator_3.py for tasks to queue
[2026-07-24T19:22:19.038+0000] {logging_mixin.py:188} INFO - [2026-07-24T19:22:19.038+0000] {dagbag.py:545} INFO - Filling up the DagBag from /home/airflow/.local/lib/python3.12/site-packages/airflow/example_dags/example_branch_python_dop_operator_3.py
[2026-07-24T19:22:19.056+0000] {processor.py:840} INFO - DAG(s) 'example_branch_dop_operator_v3' retrieved from /home/airflow/.local/lib/python3.12/site-packages/airflow/example_dags/example_branch_python_dop_operator_3.py
[2026-07-24T19:22:19.092+0000] {logging_mixin.py:188} INFO - [2026-07-24T19:22:19.091+0000] {dag.py:3089} INFO - Sync 1 DAGs
[2026-07-24T19:22:19.135+0000] {logging_mixin.py:188} INFO - [2026-07-24T19:22:19.135+0000] {dag.py:3947} INFO - Setting next_dagrun for example_branch_dop_operator_v3 to 2026-07-24 19:21:00+00:00, run_after=2026-07-24 19:22:00+00:00
[2026-07-24T19:22:19.170+0000] {processor.py:183} INFO - Processing /home/airflow/.local/lib/python3.12/site-packages/airflow/example_dags/example_branch_python_dop_operator_3.py took 0.146 seconds
[2026-07-24T19:22:51.357+0000] {processor.py:161} INFO - Started process (PID=19080) to work on /home/airflow/.local/lib/python3.12/site-packages/airflow/example_dags/example_branch_python_dop_operator_3.py
[2026-07-24T19:22:51.365+0000] {processor.py:830} INFO - Processing file /home/airflow/.local/lib/python3.12/site-packages/airflow/example_dags/example_branch_python_dop_operator_3.py for tasks to queue
[2026-07-24T19:22:51.375+0000] {logging_mixin.py:188} INFO - [2026-07-24T19:22:51.373+0000] {dagbag.py:545} INFO - Filling up the DagBag from /home/airflow/.local/lib/python3.12/site-packages/airflow/example_dags/example_branch_python_dop_operator_3.py
[2026-07-24T19:22:51.395+0000] {processor.py:840} INFO - DAG(s) 'example_branch_dop_operator_v3' retrieved from /home/airflow/.local/lib/python3.12/site-packages/airflow/example_dags/example_branch_python_dop_operator_3.py
[2026-07-24T19:22:51.452+0000] {logging_mixin.py:188} INFO - [2026-07-24T19:22:51.452+0000] {dag.py:3089} INFO - Sync 1 DAGs
[2026-07-24T19:22:51.523+0000] {logging_mixin.py:188} INFO - [2026-07-24T19:22:51.522+0000] {dag.py:3947} INFO - Setting next_dagrun for example_branch_dop_operator_v3 to 2026-07-24 19:21:00+00:00, run_after=2026-07-24 19:22:00+00:00
[2026-07-24T19:22:51.570+0000] {processor.py:183} INFO - Processing /home/airflow/.local/lib/python3.12/site-packages/airflow/example_dags/example_branch_python_dop_operator_3.py took 0.238 seconds
[2026-07-24T19:23:21.663+0000] {processor.py:161} INFO - Started process (PID=19145) to work on /home/airflow/.local/lib/python3.12/site-packages/airflow/example_dags/example_branch_python_dop_operator_3.py
[2026-07-24T19:23:21.665+0000] {processor.py:830} INFO - Processing file /home/airflow/.local/lib/python3.12/site-packages/airflow/example_dags/example_branch_python_dop_operator_3.py for tasks to queue
[2026-07-24T19:23:21.669+0000] {logging_mixin.py:188} INFO - [2026-07-24T19:23:21.668+0000] {dagbag.py:545} INFO - Filling up the DagBag from /home/airflow/.local/lib/python3.12/site-packages/airflow/example_dags/example_branch_python_dop_operator_3.py
[2026-07-24T19:23:21.682+0000] {processor.py:840} INFO - DAG(s) 'example_branch_dop_operator_v3' retrieved from /home/airflow/.local/lib/python3.12/site-packages/airflow/example_dags/example_branch_python_dop_operator_3.py
[2026-07-24T19:23:21.712+0000] {logging_mixin.py:188} INFO - [2026-07-24T19:23:21.711+0000] {dag.py:3089} INFO - Sync 1 DAGs
[2026-07-24T19:23:21.750+0000] {logging_mixin.py:188} INFO - [2026-07-24T19:23:21.749+0000] {dag.py:3947} INFO - Setting next_dagrun for example_branch_dop_operator_v3 to 2026-07-24 19:22:00+00:00, run_after=2026-07-24 19:23:00+00:00
[2026-07-24T19:23:21.780+0000] {processor.py:183} INFO - Processing /home/airflow/.local/lib/python3.12/site-packages/airflow/example_dags/example_branch_python_dop_operator_3.py took 0.127 seconds
[2026-07-24T19:23:53.558+0000] {processor.py:161} INFO - Started process (PID=19228) to work on /home/airflow/.local/lib/python3.12/site-packages/airflow/example_dags/example_branch_python_dop_operator_3.py
[2026-07-24T19:23:53.561+0000] {processor.py:830} INFO - Processing file /home/airflow/.local/lib/python3.12/site-packages/airflow/example_dags/example_branch_python_dop_operator_3.py for tasks to queue
[2026-07-24T19:23:53.565+0000] {logging_mixin.py:188} INFO - [2026-07-24T19:23:53.565+0000] {dagbag.py:545} INFO - Filling up the DagBag from /home/airflow/.local/lib/python3.12/site-packages/airflow/example_dags/example_branch_python_dop_operator_3.py
[2026-07-24T19:23:53.584+0000] {processor.py:840} INFO - DAG(s) 'example_branch_dop_operator_v3' retrieved from /home/airflow/.local/lib/python3.12/site-packages/airflow/example_dags/example_branch_python_dop_operator_3.py
[2026-07-24T19:23:53.633+0000] {logging_mixin.py:188} INFO - [2026-07-24T19:23:53.632+0000] {dag.py:3089} INFO - Sync 1 DAGs
[2026-07-24T19:23:53.699+0000] {logging_mixin.py:188} INFO - [2026-07-24T19:23:53.698+0000] {dag.py:3947} INFO - Setting next_dagrun for example_branch_dop_operator_v3 to 2026-07-24 19:22:00+00:00, run_after=2026-07-24 19:23:00+00:00
[2026-07-24T19:23:53.804+0000] {processor.py:183} INFO - Processing /home/airflow/.local/lib/python3.12/site-packages/airflow/example_dags/example_branch_python_dop_operator_3.py took 0.256 seconds
[2026-07-24T19:24:24.027+0000] {processor.py:161} INFO - Started process (PID=19292) to work on /home/airflow/.local/lib/python3.12/site-packages/airflow/example_dags/example_branch_python_dop_operator_3.py
[2026-07-24T19:24:24.029+0000] {processor.py:830} INFO - Processing file /home/airflow/.local/lib/python3.12/site-packages/airflow/example_dags/example_branch_python_dop_operator_3.py for tasks to queue
[2026-07-24T19:24:24.036+0000] {logging_mixin.py:188} INFO - [2026-07-24T19:24:24.035+0000] {dagbag.py:545} INFO - Filling up the DagBag from /home/airflow/.local/lib/python3.12/site-packages/airflow/example_dags/example_branch_python_dop_operator_3.py
[2026-07-24T19:24:24.053+0000] {processor.py:840} INFO - DAG(s) 'example_branch_dop_operator_v3' retrieved from /home/airflow/.local/lib/python3.12/site-packages/airflow/example_dags/example_branch_python_dop_operator_3.py
[2026-07-24T19:24:24.103+0000] {logging_mixin.py:188} INFO - [2026-07-24T19:24:24.103+0000] {dag.py:3089} INFO - Sync 1 DAGs
[2026-07-24T19:24:24.143+0000] {logging_mixin.py:188} INFO - [2026-07-24T19:24:24.142+0000] {dag.py:3947} INFO - Setting next_dagrun for example_branch_dop_operator_v3 to 2026-07-24 19:23:00+00:00, run_after=2026-07-24 19:24:00+00:00
[2026-07-24T19:24:24.197+0000] {processor.py:183} INFO - Processing /home/airflow/.local/lib/python3.12/site-packages/airflow/example_dags/example_branch_python_dop_operator_3.py took 0.185 seconds
[2026-07-24T19:24:54.807+0000] {processor.py:161} INFO - Started process (PID=19365) to work on /home/airflow/.local/lib/python3.12/site-packages/airflow/example_dags/example_branch_python_dop_operator_3.py
[2026-07-24T19:24:54.809+0000] {processor.py:830} INFO - Processing file /home/airflow/.local/lib/python3.12/site-packages/airflow/example_dags/example_branch_python_dop_operator_3.py for tasks to queue
[2026-07-24T19:24:54.813+0000] {logging_mixin.py:188} INFO - [2026-07-24T19:24:54.812+0000] {dagbag.py:545} INFO - Filling up the DagBag from /home/airflow/.local/lib/python3.12/site-packages/airflow/example_dags/example_branch_python_dop_operator_3.py
[2026-07-24T19:24:54.831+0000] {processor.py:840} INFO - DAG(s) 'example_branch_dop_operator_v3' retrieved from /home/airflow/.local/lib/python3.12/site-packages/airflow/example_dags/example_branch_python_dop_operator_3.py
[2026-07-24T19:24:54.875+0000] {logging_mixin.py:188} INFO - [2026-07-24T19:24:54.874+0000] {dag.py:3089} INFO - Sync 1 DAGs
[2026-07-24T19:24:54.920+0000] {logging_mixin.py:188} INFO - [2026-07-24T19:24:54.920+0000] {dag.py:3947} INFO - Setting next_dagrun for example_branch_dop_operator_v3 to 2026-07-24 19:23:00+00:00, run_after=2026-07-24 19:24:00+00:00
[2026-07-24T19:24:54.953+0000] {processor.py:183} INFO - Processing /home/airflow/.local/lib/python3.12/site-packages/airflow/example_dags/example_branch_python_dop_operator_3.py took 0.155 seconds
[2026-07-24T19:25:25.870+0000] {processor.py:161} INFO - Started process (PID=19439) to work on /home/airflow/.local/lib/python3.12/site-packages/airflow/example_dags/example_branch_python_dop_operator_3.py
[2026-07-24T19:25:25.875+0000] {processor.py:830} INFO - Processing file /home/airflow/.local/lib/python3.12/site-packages/airflow/example_dags/example_branch_python_dop_operator_3.py for tasks to queue
[2026-07-24T19:25:25.878+0000] {logging_mixin.py:188} INFO - [2026-07-24T19:25:25.878+0000] {dagbag.py:545} INFO - Filling up the DagBag from /home/airflow/.local/lib/python3.12/site-packages/airflow/example_dags/example_branch_python_dop_operator_3.py
[2026-07-24T19:25:25.894+0000] {processor.py:840} INFO - DAG(s) 'example_branch_dop_operator_v3' retrieved from /home/airflow/.local/lib/python3.12/site-packages/airflow/example_dags/example_branch_python_dop_operator_3.py
[2026-07-24T19:25:25.929+0000] {logging_mixin.py:188} INFO - [2026-07-24T19:25:25.928+0000] {dag.py:3089} INFO - Sync 1 DAGs
[2026-07-24T19:25:25.964+0000] {logging_mixin.py:188} INFO - [2026-07-24T19:25:25.964+0000] {dag.py:3947} INFO - Setting next_dagrun for example_branch_dop_operator_v3 to 2026-07-24 19:24:00+00:00, run_after=2026-07-24 19:25:00+00:00
[2026-07-24T19:25:25.996+0000] {processor.py:183} INFO - Processing /home/airflow/.local/lib/python3.12/site-packages/airflow/example_dags/example_branch_python_dop_operator_3.py took 0.134 seconds
[2026-07-24T19:25:57.182+0000] {processor.py:161} INFO - Started process (PID=19513) to work on /home/airflow/.local/lib/python3.12/site-packages/airflow/example_dags/example_branch_python_dop_operator_3.py
[2026-07-24T19:25:57.189+0000] {processor.py:830} INFO - Processing file /home/airflow/.local/lib/python3.12/site-packages/airflow/example_dags/example_branch_python_dop_operator_3.py for tasks to queue
[2026-07-24T19:25:57.195+0000] {logging_mixin.py:188} INFO - [2026-07-24T19:25:57.194+0000] {dagbag.py:545} INFO - Filling up the DagBag from /home/airflow/.local/lib/python3.12/site-packages/airflow/example_dags/example_branch_python_dop_operator_3.py
[2026-07-24T19:25:57.229+0000] {processor.py:840} INFO - DAG(s) 'example_branch_dop_operator_v3' retrieved from /home/airflow/.local/lib/python3.12/site-packages/airflow/example_dags/example_branch_python_dop_operator_3.py
[2026-07-24T19:25:57.285+0000] {logging_mixin.py:188} INFO - [2026-07-24T19:25:57.284+0000] {dag.py:3089} INFO - Sync 1 DAGs
[2026-07-24T19:25:57.334+0000] {logging_mixin.py:188} INFO - [2026-07-24T19:25:57.332+0000] {dag.py:3947} INFO - Setting next_dagrun for example_branch_dop_operator_v3 to 2026-07-24 19:24:00+00:00, run_after=2026-07-24 19:25:00+00:00
[2026-07-24T19:25:57.454+0000] {processor.py:183} INFO - Processing /home/airflow/.local/lib/python3.12/site-packages/airflow/example_dags/example_branch_python_dop_operator_3.py took 0.285 seconds
[2026-07-24T19:26:29.257+0000] {processor.py:161} INFO - Started process (PID=19586) to work on /home/airflow/.local/lib/python3.12/site-packages/airflow/example_dags/example_branch_python_dop_operator_3.py
[2026-07-24T19:26:29.260+0000] {processor.py:830} INFO - Processing file /home/airflow/.local/lib/python3.12/site-packages/airflow/example_dags/example_branch_python_dop_operator_3.py for tasks to queue
[2026-07-24T19:26:29.264+0000] {logging_mixin.py:188} INFO - [2026-07-24T19:26:29.263+0000] {dagbag.py:545} INFO - Filling up the DagBag from /home/airflow/.local/lib/python3.12/site-packages/airflow/example_dags/example_branch_python_dop_operator_3.py
[2026-07-24T19:26:29.279+0000] {processor.py:840} INFO - DAG(s) 'example_branch_dop_operator_v3' retrieved from /home/airflow/.local/lib/python3.12/site-packages/airflow/example_dags/example_branch_python_dop_operator_3.py
[2026-07-24T19:26:29.314+0000] {logging_mixin.py:188} INFO - [2026-07-24T19:26:29.314+0000] {dag.py:3089} INFO - Sync 1 DAGs
[2026-07-24T19:26:29.350+0000] {logging_mixin.py:188} INFO - [2026-07-24T19:26:29.350+0000] {dag.py:3947} INFO - Setting next_dagrun for example_branch_dop_operator_v3 to 2026-07-24 19:25:00+00:00, run_after=2026-07-24 19:26:00+00:00
[2026-07-24T19:26:29.383+0000] {processor.py:183} INFO - Processing /home/airflow/.local/lib/python3.12/site-packages/airflow/example_dags/example_branch_python_dop_operator_3.py took 0.135 seconds
[2026-07-24T19:27:00.080+0000] {processor.py:161} INFO - Started process (PID=19659) to work on /home/airflow/.local/lib/python3.12/site-packages/airflow/example_dags/example_branch_python_dop_operator_3.py
[2026-07-24T19:27:00.083+0000] {processor.py:830} INFO - Processing file /home/airflow/.local/lib/python3.12/site-packages/airflow/example_dags/example_branch_python_dop_operator_3.py for tasks to queue
[2026-07-24T19:27:00.087+0000] {logging_mixin.py:188} INFO - [2026-07-24T19:27:00.087+0000] {dagbag.py:545} INFO - Filling up the DagBag from /home/airflow/.local/lib/python3.12/site-packages/airflow/example_dags/example_branch_python_dop_operator_3.py
[2026-07-24T19:27:00.101+0000] {processor.py:840} INFO - DAG(s) 'example_branch_dop_operator_v3' retrieved from /home/airflow/.local/lib/python3.12/site-packages/airflow/example_dags/example_branch_python_dop_operator_3.py
[2026-07-24T19:27:00.141+0000] {logging_mixin.py:188} INFO - [2026-07-24T19:27:00.141+0000] {dag.py:3089} INFO - Sync 1 DAGs
[2026-07-24T19:27:00.197+0000] {logging_mixin.py:188} INFO - [2026-07-24T19:27:00.196+0000] {dag.py:3947} INFO - Setting next_dagrun for example_branch_dop_operator_v3 to 2026-07-24 19:26:00+00:00, run_after=2026-07-24 19:27:00+00:00
[2026-07-24T19:27:00.248+0000] {processor.py:183} INFO - Processing /home/airflow/.local/lib/python3.12/site-packages/airflow/example_dags/example_branch_python_dop_operator_3.py took 0.177 seconds
[2026-07-24T19:27:30.422+0000] {processor.py:161} INFO - Started process (PID=19730) to work on /home/airflow/.local/lib/python3.12/site-packages/airflow/example_dags/example_branch_python_dop_operator_3.py
[2026-07-24T19:27:30.424+0000] {processor.py:830} INFO - Processing file /home/airflow/.local/lib/python3.12/site-packages/airflow/example_dags/example_branch_python_dop_operator_3.py for tasks to queue
[2026-07-24T19:27:30.428+0000] {logging_mixin.py:188} INFO - [2026-07-24T19:27:30.428+0000] {dagbag.py:545} INFO - Filling up the DagBag from /home/airflow/.local/lib/python3.12/site-packages/airflow/example_dags/example_branch_python_dop_operator_3.py
[2026-07-24T19:27:30.448+0000] {processor.py:840} INFO - DAG(s) 'example_branch_dop_operator_v3' retrieved from /home/airflow/.local/lib/python3.12/site-packages/airflow/example_dags/example_branch_python_dop_operator_3.py
[2026-07-24T19:27:30.479+0000] {logging_mixin.py:188} INFO - [2026-07-24T19:27:30.479+0000] {dag.py:3089} INFO - Sync 1 DAGs
[2026-07-24T19:27:30.515+0000] {logging_mixin.py:188} INFO - [2026-07-24T19:27:30.515+0000] {dag.py:3947} INFO - Setting next_dagrun for example_branch_dop_operator_v3 to 2026-07-24 19:26:00+00:00, run_after=2026-07-24 19:27:00+00:00
[2026-07-24T19:27:30.626+0000] {processor.py:183} INFO - Processing /home/airflow/.local/lib/python3.12/site-packages/airflow/example_dags/example_branch_python_dop_operator_3.py took 0.211 seconds
[2026-07-24T19:28:01.532+0000] {processor.py:161} INFO - Started process (PID=19803) to work on /home/airflow/.local/lib/python3.12/site-packages/airflow/example_dags/example_branch_python_dop_operator_3.py
[2026-07-24T19:28:01.535+0000] {processor.py:830} INFO - Processing file /home/airflow/.local/lib/python3.12/site-packages/airflow/example_dags/example_branch_python_dop_operator_3.py for tasks to queue
[2026-07-24T19:28:01.538+0000] {logging_mixin.py:188} INFO - [2026-07-24T19:28:01.538+0000] {dagbag.py:545} INFO - Filling up the DagBag from /home/airflow/.local/lib/python3.12/site-packages/airflow/example_dags/example_branch_python_dop_operator_3.py
[2026-07-24T19:28:01.552+0000] {processor.py:840} INFO - DAG(s) 'example_branch_dop_operator_v3' retrieved from /home/airflow/.local/lib/python3.12/site-packages/airflow/example_dags/example_branch_python_dop_operator_3.py
[2026-07-24T19:28:01.586+0000] {logging_mixin.py:188} INFO - [2026-07-24T19:28:01.586+0000] {dag.py:3089} INFO - Sync 1 DAGs
[2026-07-24T19:28:01.628+0000] {logging_mixin.py:188} INFO - [2026-07-24T19:28:01.628+0000] {dag.py:3947} INFO - Setting next_dagrun for example_branch_dop_operator_v3 to 2026-07-24 19:27:00+00:00, run_after=2026-07-24 19:28:00+00:00
[2026-07-24T19:28:01.664+0000] {processor.py:183} INFO - Processing /home/airflow/.local/lib/python3.12/site-packages/airflow/example_dags/example_branch_python_dop_operator_3.py took 0.142 seconds
[2026-07-24T19:28:32.154+0000] {processor.py:161} INFO - Started process (PID=19876) to work on /home/airflow/.local/lib/python3.12/site-packages/airflow/example_dags/example_branch_python_dop_operator_3.py
[2026-07-24T19:28:32.156+0000] {processor.py:830} INFO - Processing file /home/airflow/.local/lib/python3.12/site-packages/airflow/example_dags/example_branch_python_dop_operator_3.py for tasks to queue
[2026-07-24T19:28:32.160+0000] {logging_mixin.py:188} INFO - [2026-07-24T19:28:32.160+0000] {dagbag.py:545} INFO - Filling up the DagBag from /home/airflow/.local/lib/python3.12/site-packages/airflow/example_dags/example_branch_python_dop_operator_3.py
[2026-07-24T19:28:32.176+0000] {processor.py:840} INFO - DAG(s) 'example_branch_dop_operator_v3' retrieved from /home/airflow/.local/lib/python3.12/site-packages/airflow/example_dags/example_branch_python_dop_operator_3.py
[2026-07-24T19:28:32.225+0000] {logging_mixin.py:188} INFO - [2026-07-24T19:28:32.223+0000] {dag.py:3089} INFO - Sync 1 DAGs
[2026-07-24T19:28:32.286+0000] {logging_mixin.py:188} INFO - [2026-07-24T19:28:32.286+0000] {dag.py:3947} INFO - Setting next_dagrun for example_branch_dop_operator_v3 to 2026-07-24 19:27:00+00:00, run_after=2026-07-24 19:28:00+00:00
[2026-07-24T19:28:32.323+0000] {processor.py:183} INFO - Processing /home/airflow/.local/lib/python3.12/site-packages/airflow/example_dags/example_branch_python_dop_operator_3.py took 0.179 seconds
[2026-07-24T19:29:02.771+0000] {processor.py:161} INFO - Started process (PID=19949) to work on /home/airflow/.local/lib/python3.12/site-packages/airflow/example_dags/example_branch_python_dop_operator_3.py
[2026-07-24T19:29:02.773+0000] {processor.py:830} INFO - Processing file /home/airflow/.local/lib/python3.12/site-packages/airflow/example_dags/example_branch_python_dop_operator_3.py for tasks to queue
[2026-07-24T19:29:02.777+0000] {logging_mixin.py:188} INFO - [2026-07-24T19:29:02.777+0000] {dagbag.py:545} INFO - Filling up the DagBag from /home/airflow/.local/lib/python3.12/site-packages/airflow/example_dags/example_branch_python_dop_operator_3.py
[2026-07-24T19:29:02.791+0000] {processor.py:840} INFO - DAG(s) 'example_branch_dop_operator_v3' retrieved from /home/airflow/.local/lib/python3.12/site-packages/airflow/example_dags/example_branch_python_dop_operator_3.py
[2026-07-24T19:29:02.824+0000] {logging_mixin.py:188} INFO - [2026-07-24T19:29:02.823+0000] {dag.py:3089} INFO - Sync 1 DAGs
[2026-07-24T19:29:02.864+0000] {logging_mixin.py:188} INFO - [2026-07-24T19:29:02.864+0000] {dag.py:3947} INFO - Setting next_dagrun for example_branch_dop_operator_v3 to 2026-07-24 19:28:00+00:00, run_after=2026-07-24 19:29:00+00:00
[2026-07-24T19:29:02.899+0000] {processor.py:183} INFO - Processing /home/airflow/.local/lib/python3.12/site-packages/airflow/example_dags/example_branch_python_dop_operator_3.py took 0.136 seconds
[2026-07-24T19:29:33.230+0000] {processor.py:161} INFO - Started process (PID=20023) to work on /home/airflow/.local/lib/python3.12/site-packages/airflow/example_dags/example_branch_python_dop_operator_3.py
[2026-07-24T19:29:33.234+0000] {processor.py:830} INFO - Processing file /home/airflow/.local/lib/python3.12/site-packages/airflow/example_dags/example_branch_python_dop_operator_3.py for tasks to queue
[2026-07-24T19:29:33.242+0000] {logging_mixin.py:188} INFO - [2026-07-24T19:29:33.241+0000] {dagbag.py:545} INFO - Filling up the DagBag from /home/airflow/.local/lib/python3.12/site-packages/airflow/example_dags/example_branch_python_dop_operator_3.py
[2026-07-24T19:29:33.269+0000] {processor.py:840} INFO - DAG(s) 'example_branch_dop_operator_v3' retrieved from /home/airflow/.local/lib/python3.12/site-packages/airflow/example_dags/example_branch_python_dop_operator_3.py
[2026-07-24T19:29:33.330+0000] {logging_mixin.py:188} INFO - [2026-07-24T19:29:33.329+0000] {dag.py:3089} INFO - Sync 1 DAGs
[2026-07-24T19:29:33.415+0000] {logging_mixin.py:188} INFO - [2026-07-24T19:29:33.414+0000] {dag.py:3947} INFO - Setting next_dagrun for example_branch_dop_operator_v3 to 2026-07-24 19:28:00+00:00, run_after=2026-07-24 19:29:00+00:00
[2026-07-24T19:29:33.472+0000] {processor.py:183} INFO - Processing /home/airflow/.local/lib/python3.12/site-packages/airflow/example_dags/example_branch_python_dop_operator_3.py took 0.259 seconds
[2026-07-24T19:30:03.642+0000] {processor.py:161} INFO - Started process (PID=20096) to work on /home/airflow/.local/lib/python3.12/site-packages/airflow/example_dags/example_branch_python_dop_operator_3.py
[2026-07-24T19:30:03.644+0000] {processor.py:830} INFO - Processing file /home/airflow/.local/lib/python3.12/site-packages/airflow/example_dags/example_branch_python_dop_operator_3.py for tasks to queue
[2026-07-24T19:30:03.649+0000] {logging_mixin.py:188} INFO - [2026-07-24T19:30:03.648+0000] {dagbag.py:545} INFO - Filling up the DagBag from /home/airflow/.local/lib/python3.12/site-packages/airflow/example_dags/example_branch_python_dop_operator_3.py
[2026-07-24T19:30:03.665+0000] {processor.py:840} INFO - DAG(s) 'example_branch_dop_operator_v3' retrieved from /home/airflow/.local/lib/python3.12/site-packages/airflow/example_dags/example_branch_python_dop_operator_3.py
[2026-07-24T19:30:03.713+0000] {logging_mixin.py:188} INFO - [2026-07-24T19:30:03.713+0000] {dag.py:3089} INFO - Sync 1 DAGs
[2026-07-24T19:30:03.771+0000] {logging_mixin.py:188} INFO - [2026-07-24T19:30:03.771+0000] {dag.py:3947} INFO - Setting next_dagrun for example_branch_dop_operator_v3 to 2026-07-24 19:29:00+00:00, run_after=2026-07-24 19:30:00+00:00
[2026-07-24T19:30:03.811+0000] {processor.py:183} INFO - Processing /home/airflow/.local/lib/python3.12/site-packages/airflow/example_dags/example_branch_python_dop_operator_3.py took 0.179 seconds
[2026-07-24T19:30:33.966+0000] {processor.py:161} INFO - Started process (PID=20169) to work on /home/airflow/.local/lib/python3.12/site-packages/airflow/example_dags/example_branch_python_dop_operator_3.py
[2026-07-24T19:30:33.969+0000] {processor.py:830} INFO - Processing file /home/airflow/.local/lib/python3.12/site-packages/airflow/example_dags/example_branch_python_dop_operator_3.py for tasks to queue
[2026-07-24T19:30:33.973+0000] {logging_mixin.py:188} INFO - [2026-07-24T19:30:33.972+0000] {dagbag.py:545} INFO - Filling up the DagBag from /home/airflow/.local/lib/python3.12/site-packages/airflow/example_dags/example_branch_python_dop_operator_3.py
[2026-07-24T19:30:33.988+0000] {processor.py:840} INFO - DAG(s) 'example_branch_dop_operator_v3' retrieved from /home/airflow/.local/lib/python3.12/site-packages/airflow/example_dags/example_branch_python_dop_operator_3.py
[2026-07-24T19:30:34.027+0000] {logging_mixin.py:188} INFO - [2026-07-24T19:30:34.027+0000] {dag.py:3089} INFO - Sync 1 DAGs
[2026-07-24T19:30:34.072+0000] {logging_mixin.py:188} INFO - [2026-07-24T19:30:34.071+0000] {dag.py:3947} INFO - Setting next_dagrun for example_branch_dop_operator_v3 to 2026-07-24 19:29:00+00:00, run_after=2026-07-24 19:30:00+00:00
[2026-07-24T19:30:34.126+0000] {processor.py:183} INFO - Processing /home/airflow/.local/lib/python3.12/site-packages/airflow/example_dags/example_branch_python_dop_operator_3.py took 0.169 seconds
[2026-07-24T19:31:04.774+0000] {processor.py:161} INFO - Started process (PID=20242) to work on /home/airflow/.local/lib/python3.12/site-packages/airflow/example_dags/example_branch_python_dop_operator_3.py
[2026-07-24T19:31:04.777+0000] {processor.py:830} INFO - Processing file /home/airflow/.local/lib/python3.12/site-packages/airflow/example_dags/example_branch_python_dop_operator_3.py for tasks to queue
[2026-07-24T19:31:04.783+0000] {logging_mixin.py:188} INFO - [2026-07-24T19:31:04.782+0000] {dagbag.py:545} INFO - Filling up the DagBag from /home/airflow/.local/lib/python3.12/site-packages/airflow/example_dags/example_branch_python_dop_operator_3.py
[2026-07-24T19:31:04.805+0000] {processor.py:840} INFO - DAG(s) 'example_branch_dop_operator_v3' retrieved from /home/airflow/.local/lib/python3.12/site-packages/airflow/example_dags/example_branch_python_dop_operator_3.py
[2026-07-24T19:31:04.869+0000] {logging_mixin.py:188} INFO - [2026-07-24T19:31:04.868+0000] {dag.py:3089} INFO - Sync 1 DAGs
[2026-07-24T19:31:04.936+0000] {logging_mixin.py:188} INFO - [2026-07-24T19:31:04.936+0000] {dag.py:3947} INFO - Setting next_dagrun for example_branch_dop_operator_v3 to 2026-07-24 19:30:00+00:00, run_after=2026-07-24 19:31:00+00:00
[2026-07-24T19:31:04.995+0000] {processor.py:183} INFO - Processing /home/airflow/.local/lib/python3.12/site-packages/airflow/example_dags/example_branch_python_dop_operator_3.py took 0.233 seconds
[2026-07-24T19:31:35.238+0000] {processor.py:161} INFO - Started process (PID=20315) to work on /home/airflow/.local/lib/python3.12/site-packages/airflow/example_dags/example_branch_python_dop_operator_3.py
[2026-07-24T19:31:35.241+0000] {processor.py:830} INFO - Processing file /home/airflow/.local/lib/python3.12/site-packages/airflow/example_dags/example_branch_python_dop_operator_3.py for tasks to queue
[2026-07-24T19:31:35.247+0000] {logging_mixin.py:188} INFO - [2026-07-24T19:31:35.246+0000] {dagbag.py:545} INFO - Filling up the DagBag from /home/airflow/.local/lib/python3.12/site-packages/airflow/example_dags/example_branch_python_dop_operator_3.py
[2026-07-24T19:31:35.269+0000] {processor.py:840} INFO - DAG(s) 'example_branch_dop_operator_v3' retrieved from /home/airflow/.local/lib/python3.12/site-packages/airflow/example_dags/example_branch_python_dop_operator_3.py
[2026-07-24T19:31:35.321+0000] {logging_mixin.py:188} INFO - [2026-07-24T19:31:35.320+0000] {dag.py:3089} INFO - Sync 1 DAGs
[2026-07-24T19:31:35.381+0000] {logging_mixin.py:188} INFO - [2026-07-24T19:31:35.381+0000] {dag.py:3947} INFO - Setting next_dagrun for example_branch_dop_operator_v3 to 2026-07-24 19:30:00+00:00, run_after=2026-07-24 19:31:00+00:00
[2026-07-24T19:31:35.427+0000] {processor.py:183} INFO - Processing /home/airflow/.local/lib/python3.12/site-packages/airflow/example_dags/example_branch_python_dop_operator_3.py took 0.202 seconds
[2026-07-24T19:32:06.164+0000] {processor.py:161} INFO - Started process (PID=20388) to work on /home/airflow/.local/lib/python3.12/site-packages/airflow/example_dags/example_branch_python_dop_operator_3.py
[2026-07-24T19:32:06.166+0000] {processor.py:830} INFO - Processing file /home/airflow/.local/lib/python3.12/site-packages/airflow/example_dags/example_branch_python_dop_operator_3.py for tasks to queue
[2026-07-24T19:32:06.171+0000] {logging_mixin.py:188} INFO - [2026-07-24T19:32:06.170+0000] {dagbag.py:545} INFO - Filling up the DagBag from /home/airflow/.local/lib/python3.12/site-packages/airflow/example_dags/example_branch_python_dop_operator_3.py
[2026-07-24T19:32:06.188+0000] {processor.py:840} INFO - DAG(s) 'example_branch_dop_operator_v3' retrieved from /home/airflow/.local/lib/python3.12/site-packages/airflow/example_dags/example_branch_python_dop_operator_3.py
[2026-07-24T19:32:06.228+0000] {logging_mixin.py:188} INFO - [2026-07-24T19:32:06.228+0000] {dag.py:3089} INFO - Sync 1 DAGs
[2026-07-24T19:32:06.314+0000] {logging_mixin.py:188} INFO - [2026-07-24T19:32:06.314+0000] {dag.py:3947} INFO - Setting next_dagrun for example_branch_dop_operator_v3 to 2026-07-24 19:31:00+00:00, run_after=2026-07-24 19:32:00+00:00
[2026-07-24T19:32:06.361+0000] {processor.py:183} INFO - Processing /home/airflow/.local/lib/python3.12/site-packages/airflow/example_dags/example_branch_python_dop_operator_3.py took 0.205 seconds
[2026-07-24T19:32:36.551+0000] {processor.py:161} INFO - Started process (PID=20461) to work on /home/airflow/.local/lib/python3.12/site-packages/airflow/example_dags/example_branch_python_dop_operator_3.py
[2026-07-24T19:32:36.553+0000] {processor.py:830} INFO - Processing file /home/airflow/.local/lib/python3.12/site-packages/airflow/example_dags/example_branch_python_dop_operator_3.py for tasks to queue
[2026-07-24T19:32:36.558+0000] {logging_mixin.py:188} INFO - [2026-07-24T19:32:36.557+0000] {dagbag.py:545} INFO - Filling up the DagBag from /home/airflow/.local/lib/python3.12/site-packages/airflow/example_dags/example_branch_python_dop_operator_3.py
[2026-07-24T19:32:36.578+0000] {processor.py:840} INFO - DAG(s) 'example_branch_dop_operator_v3' retrieved from /home/airflow/.local/lib/python3.12/site-packages/airflow/example_dags/example_branch_python_dop_operator_3.py
[2026-07-24T19:32:36.627+0000] {logging_mixin.py:188} INFO - [2026-07-24T19:32:36.626+0000] {dag.py:3089} INFO - Sync 1 DAGs
[2026-07-24T19:32:36.696+0000] {logging_mixin.py:188} INFO - [2026-07-24T19:32:36.695+0000] {dag.py:3947} INFO - Setting next_dagrun for example_branch_dop_operator_v3 to 2026-07-24 19:31:00+00:00, run_after=2026-07-24 19:32:00+00:00
[2026-07-24T19:32:36.780+0000] {processor.py:183} INFO - Processing /home/airflow/.local/lib/python3.12/site-packages/airflow/example_dags/example_branch_python_dop_operator_3.py took 0.243 seconds
[2026-07-24T19:33:07.430+0000] {processor.py:161} INFO - Started process (PID=20542) to work on /home/airflow/.local/lib/python3.12/site-packages/airflow/example_dags/example_branch_python_dop_operator_3.py
[2026-07-24T19:33:07.434+0000] {processor.py:830} INFO - Processing file /home/airflow/.local/lib/python3.12/site-packages/airflow/example_dags/example_branch_python_dop_operator_3.py for tasks to queue
[2026-07-24T19:33:07.439+0000] {logging_mixin.py:188} INFO - [2026-07-24T19:33:07.438+0000] {dagbag.py:545} INFO - Filling up the DagBag from /home/airflow/.local/lib/python3.12/site-packages/airflow/example_dags/example_branch_python_dop_operator_3.py
[2026-07-24T19:33:07.455+0000] {processor.py:840} INFO - DAG(s) 'example_branch_dop_operator_v3' retrieved from /home/airflow/.local/lib/python3.12/site-packages/airflow/example_dags/example_branch_python_dop_operator_3.py
[2026-07-24T19:33:07.503+0000] {logging_mixin.py:188} INFO - [2026-07-24T19:33:07.502+0000] {dag.py:3089} INFO - Sync 1 DAGs
[2026-07-24T19:33:07.570+0000] {logging_mixin.py:188} INFO - [2026-07-24T19:33:07.570+0000] {dag.py:3947} INFO - Setting next_dagrun for example_branch_dop_operator_v3 to 2026-07-24 19:32:00+00:00, run_after=2026-07-24 19:33:00+00:00
[2026-07-24T19:33:07.614+0000] {processor.py:183} INFO - Processing /home/airflow/.local/lib/python3.12/site-packages/airflow/example_dags/example_branch_python_dop_operator_3.py took 0.197 seconds
[2026-07-24T19:33:37.776+0000] {processor.py:161} INFO - Started process (PID=20615) to work on /home/airflow/.local/lib/python3.12/site-packages/airflow/example_dags/example_branch_python_dop_operator_3.py
[2026-07-24T19:33:37.779+0000] {processor.py:830} INFO - Processing file /home/airflow/.local/lib/python3.12/site-packages/airflow/example_dags/example_branch_python_dop_operator_3.py for tasks to queue
[2026-07-24T19:33:37.784+0000] {logging_mixin.py:188} INFO - [2026-07-24T19:33:37.783+0000] {dagbag.py:545} INFO - Filling up the DagBag from /home/airflow/.local/lib/python3.12/site-packages/airflow/example_dags/example_branch_python_dop_operator_3.py
[2026-07-24T19:33:37.805+0000] {processor.py:840} INFO - DAG(s) 'example_branch_dop_operator_v3' retrieved from /home/airflow/.local/lib/python3.12/site-packages/airflow/example_dags/example_branch_python_dop_operator_3.py
[2026-07-24T19:33:37.858+0000] {logging_mixin.py:188} INFO - [2026-07-24T19:33:37.858+0000] {dag.py:3089} INFO - Sync 1 DAGs
[2026-07-24T19:33:37.902+0000] {logging_mixin.py:188} INFO - [2026-07-24T19:33:37.902+0000] {dag.py:3947} INFO - Setting next_dagrun for example_branch_dop_operator_v3 to 2026-07-24 19:32:00+00:00, run_after=2026-07-24 19:33:00+00:00
[2026-07-24T19:33:37.942+0000] {processor.py:183} INFO - Processing /home/airflow/.local/lib/python3.12/site-packages/airflow/example_dags/example_branch_python_dop_operator_3.py took 0.182 seconds
[2026-07-24T19:34:09.806+0000] {processor.py:161} INFO - Started process (PID=20688) to work on /home/airflow/.local/lib/python3.12/site-packages/airflow/example_dags/example_branch_python_dop_operator_3.py
[2026-07-24T19:34:09.811+0000] {processor.py:830} INFO - Processing file /home/airflow/.local/lib/python3.12/site-packages/airflow/example_dags/example_branch_python_dop_operator_3.py for tasks to queue
[2026-07-24T19:34:09.819+0000] {logging_mixin.py:188} INFO - [2026-07-24T19:34:09.818+0000] {dagbag.py:545} INFO - Filling up the DagBag from /home/airflow/.local/lib/python3.12/site-packages/airflow/example_dags/example_branch_python_dop_operator_3.py
[2026-07-24T19:34:10.307+0000] {processor.py:840} INFO - DAG(s) 'example_branch_dop_operator_v3' retrieved from /home/airflow/.local/lib/python3.12/site-packages/airflow/example_dags/example_branch_python_dop_operator_3.py
[2026-07-24T19:34:10.352+0000] {logging_mixin.py:188} INFO - [2026-07-24T19:34:10.352+0000] {dag.py:3089} INFO - Sync 1 DAGs
[2026-07-24T19:34:10.423+0000] {logging_mixin.py:188} INFO - [2026-07-24T19:34:10.423+0000] {dag.py:3947} INFO - Setting next_dagrun for example_branch_dop_operator_v3 to 2026-07-24 19:33:00+00:00, run_after=2026-07-24 19:34:00+00:00
[2026-07-24T19:34:10.484+0000] {processor.py:183} INFO - Processing /home/airflow/.local/lib/python3.12/site-packages/airflow/example_dags/example_branch_python_dop_operator_3.py took 0.696 seconds
[2026-07-24T19:34:41.370+0000] {processor.py:161} INFO - Started process (PID=20761) to work on /home/airflow/.local/lib/python3.12/site-packages/airflow/example_dags/example_branch_python_dop_operator_3.py
[2026-07-24T19:34:41.374+0000] {processor.py:830} INFO - Processing file /home/airflow/.local/lib/python3.12/site-packages/airflow/example_dags/example_branch_python_dop_operator_3.py for tasks to queue
[2026-07-24T19:34:41.380+0000] {logging_mixin.py:188} INFO - [2026-07-24T19:34:41.379+0000] {dagbag.py:545} INFO - Filling up the DagBag from /home/airflow/.local/lib/python3.12/site-packages/airflow/example_dags/example_branch_python_dop_operator_3.py
[2026-07-24T19:34:41.403+0000] {processor.py:840} INFO - DAG(s) 'example_branch_dop_operator_v3' retrieved from /home/airflow/.local/lib/python3.12/site-packages/airflow/example_dags/example_branch_python_dop_operator_3.py
[2026-07-24T19:34:41.455+0000] {logging_mixin.py:188} INFO - [2026-07-24T19:34:41.455+0000] {dag.py:3089} INFO - Sync 1 DAGs
[2026-07-24T19:34:41.507+0000] {logging_mixin.py:188} INFO - [2026-07-24T19:34:41.507+0000] {dag.py:3947} INFO - Setting next_dagrun for example_branch_dop_operator_v3 to 2026-07-24 19:33:00+00:00, run_after=2026-07-24 19:34:00+00:00
[2026-07-24T19:34:41.555+0000] {processor.py:183} INFO - Processing /home/airflow/.local/lib/python3.12/site-packages/airflow/example_dags/example_branch_python_dop_operator_3.py took 0.206 seconds
[2026-07-24T19:35:11.828+0000] {processor.py:161} INFO - Started process (PID=20834) to work on /home/airflow/.local/lib/python3.12/site-packages/airflow/example_dags/example_branch_python_dop_operator_3.py
[2026-07-24T19:35:11.831+0000] {processor.py:830} INFO - Processing file /home/airflow/.local/lib/python3.12/site-packages/airflow/example_dags/example_branch_python_dop_operator_3.py for tasks to queue
[2026-07-24T19:35:11.836+0000] {logging_mixin.py:188} INFO - [2026-07-24T19:35:11.835+0000] {dagbag.py:545} INFO - Filling up the DagBag from /home/airflow/.local/lib/python3.12/site-packages/airflow/example_dags/example_branch_python_dop_operator_3.py
[2026-07-24T19:35:11.855+0000] {processor.py:840} INFO - DAG(s) 'example_branch_dop_operator_v3' retrieved from /home/airflow/.local/lib/python3.12/site-packages/airflow/example_dags/example_branch_python_dop_operator_3.py
[2026-07-24T19:35:11.909+0000] {logging_mixin.py:188} INFO - [2026-07-24T19:35:11.908+0000] {dag.py:3089} INFO - Sync 1 DAGs
[2026-07-24T19:35:11.958+0000] {logging_mixin.py:188} INFO - [2026-07-24T19:35:11.957+0000] {dag.py:3947} INFO - Setting next_dagrun for example_branch_dop_operator_v3 to 2026-07-24 19:34:00+00:00, run_after=2026-07-24 19:35:00+00:00
[2026-07-24T19:35:12.010+0000] {processor.py:183} INFO - Processing /home/airflow/.local/lib/python3.12/site-packages/airflow/example_dags/example_branch_python_dop_operator_3.py took 0.195 seconds
[2026-07-24T19:35:42.438+0000] {processor.py:161} INFO - Started process (PID=20900) to work on /home/airflow/.local/lib/python3.12/site-packages/airflow/example_dags/example_branch_python_dop_operator_3.py
[2026-07-24T19:35:42.442+0000] {processor.py:830} INFO - Processing file /home/airflow/.local/lib/python3.12/site-packages/airflow/example_dags/example_branch_python_dop_operator_3.py for tasks to queue
[2026-07-24T19:35:42.449+0000] {logging_mixin.py:188} INFO - [2026-07-24T19:35:42.447+0000] {dagbag.py:545} INFO - Filling up the DagBag from /home/airflow/.local/lib/python3.12/site-packages/airflow/example_dags/example_branch_python_dop_operator_3.py
[2026-07-24T19:35:42.477+0000] {processor.py:840} INFO - DAG(s) 'example_branch_dop_operator_v3' retrieved from /home/airflow/.local/lib/python3.12/site-packages/airflow/example_dags/example_branch_python_dop_operator_3.py
[2026-07-24T19:35:42.530+0000] {logging_mixin.py:188} INFO - [2026-07-24T19:35:42.530+0000] {dag.py:3089} INFO - Sync 1 DAGs
[2026-07-24T19:35:42.614+0000] {logging_mixin.py:188} INFO - [2026-07-24T19:35:42.614+0000] {dag.py:3947} INFO - Setting next_dagrun for example_branch_dop_operator_v3 to 2026-07-24 19:34:00+00:00, run_after=2026-07-24 19:35:00+00:00
[2026-07-24T19:35:42.684+0000] {processor.py:183} INFO - Processing /home/airflow/.local/lib/python3.12/site-packages/airflow/example_dags/example_branch_python_dop_operator_3.py took 0.261 seconds
[2026-07-24T19:36:12.954+0000] {processor.py:161} INFO - Started process (PID=20973) to work on /home/airflow/.local/lib/python3.12/site-packages/airflow/example_dags/example_branch_python_dop_operator_3.py
[2026-07-24T19:36:12.957+0000] {processor.py:830} INFO - Processing file /home/airflow/.local/lib/python3.12/site-packages/airflow/example_dags/example_branch_python_dop_operator_3.py for tasks to queue
[2026-07-24T19:36:12.961+0000] {logging_mixin.py:188} INFO - [2026-07-24T19:36:12.960+0000] {dagbag.py:545} INFO - Filling up the DagBag from /home/airflow/.local/lib/python3.12/site-packages/airflow/example_dags/example_branch_python_dop_operator_3.py
[2026-07-24T19:36:12.975+0000] {processor.py:840} INFO - DAG(s) 'example_branch_dop_operator_v3' retrieved from /home/airflow/.local/lib/python3.12/site-packages/airflow/example_dags/example_branch_python_dop_operator_3.py
[2026-07-24T19:36:13.012+0000] {logging_mixin.py:188} INFO - [2026-07-24T19:36:13.012+0000] {dag.py:3089} INFO - Sync 1 DAGs
[2026-07-24T19:36:13.054+0000] {logging_mixin.py:188} INFO - [2026-07-24T19:36:13.053+0000] {dag.py:3947} INFO - Setting next_dagrun for example_branch_dop_operator_v3 to 2026-07-24 19:35:00+00:00, run_after=2026-07-24 19:36:00+00:00
[2026-07-24T19:36:13.131+0000] {processor.py:183} INFO - Processing /home/airflow/.local/lib/python3.12/site-packages/airflow/example_dags/example_branch_python_dop_operator_3.py took 0.186 seconds
[2026-07-24T19:36:43.637+0000] {processor.py:161} INFO - Started process (PID=21053) to work on /home/airflow/.local/lib/python3.12/site-packages/airflow/example_dags/example_branch_python_dop_operator_3.py
[2026-07-24T19:36:43.641+0000] {processor.py:830} INFO - Processing file /home/airflow/.local/lib/python3.12/site-packages/airflow/example_dags/example_branch_python_dop_operator_3.py for tasks to queue
[2026-07-24T19:36:43.648+0000] {logging_mixin.py:188} INFO - [2026-07-24T19:36:43.647+0000] {dagbag.py:545} INFO - Filling up the DagBag from /home/airflow/.local/lib/python3.12/site-packages/airflow/example_dags/example_branch_python_dop_operator_3.py
[2026-07-24T19:36:43.677+0000] {processor.py:840} INFO - DAG(s) 'example_branch_dop_operator_v3' retrieved from /home/airflow/.local/lib/python3.12/site-packages/airflow/example_dags/example_branch_python_dop_operator_3.py
[2026-07-24T19:36:43.737+0000] {logging_mixin.py:188} INFO - [2026-07-24T19:36:43.736+0000] {dag.py:3089} INFO - Sync 1 DAGs
[2026-07-24T19:36:43.815+0000] {logging_mixin.py:188} INFO - [2026-07-24T19:36:43.814+0000] {dag.py:3947} INFO - Setting next_dagrun for example_branch_dop_operator_v3 to 2026-07-24 19:35:00+00:00, run_after=2026-07-24 19:36:00+00:00
[2026-07-24T19:36:43.871+0000] {processor.py:183} INFO - Processing /home/airflow/.local/lib/python3.12/site-packages/airflow/example_dags/example_branch_python_dop_operator_3.py took 0.278 seconds
[2026-07-24T19:37:14.227+0000] {processor.py:161} INFO - Started process (PID=21119) to work on /home/airflow/.local/lib/python3.12/site-packages/airflow/example_dags/example_branch_python_dop_operator_3.py
[2026-07-24T19:37:14.230+0000] {processor.py:830} INFO - Processing file /home/airflow/.local/lib/python3.12/site-packages/airflow/example_dags/example_branch_python_dop_operator_3.py for tasks to queue
[2026-07-24T19:37:14.236+0000] {logging_mixin.py:188} INFO - [2026-07-24T19:37:14.235+0000] {dagbag.py:545} INFO - Filling up the DagBag from /home/airflow/.local/lib/python3.12/site-packages/airflow/example_dags/example_branch_python_dop_operator_3.py
[2026-07-24T19:37:14.257+0000] {processor.py:840} INFO - DAG(s) 'example_branch_dop_operator_v3' retrieved from /home/airflow/.local/lib/python3.12/site-packages/airflow/example_dags/example_branch_python_dop_operator_3.py
[2026-07-24T19:37:14.304+0000] {logging_mixin.py:188} INFO - [2026-07-24T19:37:14.303+0000] {dag.py:3089} INFO - Sync 1 DAGs
[2026-07-24T19:37:14.359+0000] {logging_mixin.py:188} INFO - [2026-07-24T19:37:14.359+0000] {dag.py:3947} INFO - Setting next_dagrun for example_branch_dop_operator_v3 to 2026-07-24 19:36:00+00:00, run_after=2026-07-24 19:37:00+00:00
[2026-07-24T19:37:14.405+0000] {processor.py:183} INFO - Processing /home/airflow/.local/lib/python3.12/site-packages/airflow/example_dags/example_branch_python_dop_operator_3.py took 0.190 seconds
[2026-07-24T19:37:45.084+0000] {processor.py:161} INFO - Started process (PID=21199) to work on /home/airflow/.local/lib/python3.12/site-packages/airflow/example_dags/example_branch_python_dop_operator_3.py
[2026-07-24T19:37:45.087+0000] {processor.py:830} INFO - Processing file /home/airflow/.local/lib/python3.12/site-packages/airflow/example_dags/example_branch_python_dop_operator_3.py for tasks to queue
[2026-07-24T19:37:45.091+0000] {logging_mixin.py:188} INFO - [2026-07-24T19:37:45.090+0000] {dagbag.py:545} INFO - Filling up the DagBag from /home/airflow/.local/lib/python3.12/site-packages/airflow/example_dags/example_branch_python_dop_operator_3.py
[2026-07-24T19:37:45.104+0000] {processor.py:840} INFO - DAG(s) 'example_branch_dop_operator_v3' retrieved from /home/airflow/.local/lib/python3.12/site-packages/airflow/example_dags/example_branch_python_dop_operator_3.py
[2026-07-24T19:37:45.138+0000] {logging_mixin.py:188} INFO - [2026-07-24T19:37:45.138+0000] {dag.py:3089} INFO - Sync 1 DAGs
[2026-07-24T19:37:45.178+0000] {logging_mixin.py:188} INFO - [2026-07-24T19:37:45.178+0000] {dag.py:3947} INFO - Setting next_dagrun for example_branch_dop_operator_v3 to 2026-07-24 19:36:00+00:00, run_after=2026-07-24 19:37:00+00:00
[2026-07-24T19:37:45.241+0000] {processor.py:183} INFO - Processing /home/airflow/.local/lib/python3.12/site-packages/airflow/example_dags/example_branch_python_dop_operator_3.py took 0.165 seconds
[2026-07-24T19:38:15.892+0000] {processor.py:161} INFO - Started process (PID=21272) to work on /home/airflow/.local/lib/python3.12/site-packages/airflow/example_dags/example_branch_python_dop_operator_3.py
[2026-07-24T19:38:15.895+0000] {processor.py:830} INFO - Processing file /home/airflow/.local/lib/python3.12/site-packages/airflow/example_dags/example_branch_python_dop_operator_3.py for tasks to queue
[2026-07-24T19:38:15.900+0000] {logging_mixin.py:188} INFO - [2026-07-24T19:38:15.899+0000] {dagbag.py:545} INFO - Filling up the DagBag from /home/airflow/.local/lib/python3.12/site-packages/airflow/example_dags/example_branch_python_dop_operator_3.py
[2026-07-24T19:38:15.925+0000] {processor.py:840} INFO - DAG(s) 'example_branch_dop_operator_v3' retrieved from /home/airflow/.local/lib/python3.12/site-packages/airflow/example_dags/example_branch_python_dop_operator_3.py
[2026-07-24T19:38:15.998+0000] {logging_mixin.py:188} INFO - [2026-07-24T19:38:15.997+0000] {dag.py:3089} INFO - Sync 1 DAGs
[2026-07-24T19:38:16.066+0000] {logging_mixin.py:188} INFO - [2026-07-24T19:38:16.066+0000] {dag.py:3947} INFO - Setting next_dagrun for example_branch_dop_operator_v3 to 2026-07-24 19:37:00+00:00, run_after=2026-07-24 19:38:00+00:00
[2026-07-24T19:38:16.118+0000] {processor.py:183} INFO - Processing /home/airflow/.local/lib/python3.12/site-packages/airflow/example_dags/example_branch_python_dop_operator_3.py took 0.239 seconds
[2026-07-24T19:38:46.424+0000] {processor.py:161} INFO - Started process (PID=21345) to work on /home/airflow/.local/lib/python3.12/site-packages/airflow/example_dags/example_branch_python_dop_operator_3.py
[2026-07-24T19:38:46.428+0000] {processor.py:830} INFO - Processing file /home/airflow/.local/lib/python3.12/site-packages/airflow/example_dags/example_branch_python_dop_operator_3.py for tasks to queue
[2026-07-24T19:38:46.435+0000] {logging_mixin.py:188} INFO - [2026-07-24T19:38:46.434+0000] {dagbag.py:545} INFO - Filling up the DagBag from /home/airflow/.local/lib/python3.12/site-packages/airflow/example_dags/example_branch_python_dop_operator_3.py
[2026-07-24T19:38:46.462+0000] {processor.py:840} INFO - DAG(s) 'example_branch_dop_operator_v3' retrieved from /home/airflow/.local/lib/python3.12/site-packages/airflow/example_dags/example_branch_python_dop_operator_3.py
[2026-07-24T19:38:46.520+0000] {logging_mixin.py:188} INFO - [2026-07-24T19:38:46.519+0000] {dag.py:3089} INFO - Sync 1 DAGs
[2026-07-24T19:38:46.581+0000] {logging_mixin.py:188} INFO - [2026-07-24T19:38:46.581+0000] {dag.py:3947} INFO - Setting next_dagrun for example_branch_dop_operator_v3 to 2026-07-24 19:37:00+00:00, run_after=2026-07-24 19:38:00+00:00
[2026-07-24T19:38:46.653+0000] {processor.py:183} INFO - Processing /home/airflow/.local/lib/python3.12/site-packages/airflow/example_dags/example_branch_python_dop_operator_3.py took 0.256 seconds
[2026-07-24T19:39:17.768+0000] {processor.py:161} INFO - Started process (PID=21418) to work on /home/airflow/.local/lib/python3.12/site-packages/airflow/example_dags/example_branch_python_dop_operator_3.py
[2026-07-24T19:39:17.771+0000] {processor.py:830} INFO - Processing file /home/airflow/.local/lib/python3.12/site-packages/airflow/example_dags/example_branch_python_dop_operator_3.py for tasks to queue
[2026-07-24T19:39:17.776+0000] {logging_mixin.py:188} INFO - [2026-07-24T19:39:17.776+0000] {dagbag.py:545} INFO - Filling up the DagBag from /home/airflow/.local/lib/python3.12/site-packages/airflow/example_dags/example_branch_python_dop_operator_3.py
[2026-07-24T19:39:17.799+0000] {processor.py:840} INFO - DAG(s) 'example_branch_dop_operator_v3' retrieved from /home/airflow/.local/lib/python3.12/site-packages/airflow/example_dags/example_branch_python_dop_operator_3.py
[2026-07-24T19:39:17.845+0000] {logging_mixin.py:188} INFO - [2026-07-24T19:39:17.844+0000] {dag.py:3089} INFO - Sync 1 DAGs
[2026-07-24T19:39:17.894+0000] {logging_mixin.py:188} INFO - [2026-07-24T19:39:17.893+0000] {dag.py:3947} INFO - Setting next_dagrun for example_branch_dop_operator_v3 to 2026-07-24 19:38:00+00:00, run_after=2026-07-24 19:39:00+00:00
[2026-07-24T19:39:17.934+0000] {processor.py:183} INFO - Processing /home/airflow/.local/lib/python3.12/site-packages/airflow/example_dags/example_branch_python_dop_operator_3.py took 0.181 seconds
[2026-07-24T19:39:48.590+0000] {processor.py:161} INFO - Started process (PID=21484) to work on /home/airflow/.local/lib/python3.12/site-packages/airflow/example_dags/example_branch_python_dop_operator_3.py
[2026-07-24T19:39:48.593+0000] {processor.py:830} INFO - Processing file /home/airflow/.local/lib/python3.12/site-packages/airflow/example_dags/example_branch_python_dop_operator_3.py for tasks to queue
[2026-07-24T19:39:48.597+0000] {logging_mixin.py:188} INFO - [2026-07-24T19:39:48.596+0000] {dagbag.py:545} INFO - Filling up the DagBag from /home/airflow/.local/lib/python3.12/site-packages/airflow/example_dags/example_branch_python_dop_operator_3.py
[2026-07-24T19:39:48.609+0000] {processor.py:840} INFO - DAG(s) 'example_branch_dop_operator_v3' retrieved from /home/airflow/.local/lib/python3.12/site-packages/airflow/example_dags/example_branch_python_dop_operator_3.py
[2026-07-24T19:39:48.646+0000] {logging_mixin.py:188} INFO - [2026-07-24T19:39:48.645+0000] {dag.py:3089} INFO - Sync 1 DAGs
[2026-07-24T19:39:48.708+0000] {logging_mixin.py:188} INFO - [2026-07-24T19:39:48.707+0000] {dag.py:3947} INFO - Setting next_dagrun for example_branch_dop_operator_v3 to 2026-07-24 19:38:00+00:00, run_after=2026-07-24 19:39:00+00:00
[2026-07-24T19:39:48.764+0000] {processor.py:183} INFO - Processing /home/airflow/.local/lib/python3.12/site-packages/airflow/example_dags/example_branch_python_dop_operator_3.py took 0.182 seconds
[2026-07-24T19:40:19.593+0000] {processor.py:161} INFO - Started process (PID=21556) to work on /home/airflow/.local/lib/python3.12/site-packages/airflow/example_dags/example_branch_python_dop_operator_3.py
[2026-07-24T19:40:19.595+0000] {processor.py:830} INFO - Processing file /home/airflow/.local/lib/python3.12/site-packages/airflow/example_dags/example_branch_python_dop_operator_3.py for tasks to queue
[2026-07-24T19:40:19.600+0000] {logging_mixin.py:188} INFO - [2026-07-24T19:40:19.600+0000] {dagbag.py:545} INFO - Filling up the DagBag from /home/airflow/.local/lib/python3.12/site-packages/airflow/example_dags/example_branch_python_dop_operator_3.py
[2026-07-24T19:40:19.614+0000] {processor.py:840} INFO - DAG(s) 'example_branch_dop_operator_v3' retrieved from /home/airflow/.local/lib/python3.12/site-packages/airflow/example_dags/example_branch_python_dop_operator_3.py
[2026-07-24T19:40:19.651+0000] {logging_mixin.py:188} INFO - [2026-07-24T19:40:19.651+0000] {dag.py:3089} INFO - Sync 1 DAGs
[2026-07-24T19:40:19.691+0000] {logging_mixin.py:188} INFO - [2026-07-24T19:40:19.691+0000] {dag.py:3947} INFO - Setting next_dagrun for example_branch_dop_operator_v3 to 2026-07-24 19:39:00+00:00, run_after=2026-07-24 19:40:00+00:00
[2026-07-24T19:40:19.731+0000] {processor.py:183} INFO - Processing /home/airflow/.local/lib/python3.12/site-packages/airflow/example_dags/example_branch_python_dop_operator_3.py took 0.148 seconds
[2026-07-24T19:40:49.828+0000] {processor.py:161} INFO - Started process (PID=21627) to work on /home/airflow/.local/lib/python3.12/site-packages/airflow/example_dags/example_branch_python_dop_operator_3.py
[2026-07-24T19:40:49.830+0000] {processor.py:830} INFO - Processing file /home/airflow/.local/lib/python3.12/site-packages/airflow/example_dags/example_branch_python_dop_operator_3.py for tasks to queue
[2026-07-24T19:40:49.835+0000] {logging_mixin.py:188} INFO - [2026-07-24T19:40:49.834+0000] {dagbag.py:545} INFO - Filling up the DagBag from /home/airflow/.local/lib/python3.12/site-packages/airflow/example_dags/example_branch_python_dop_operator_3.py
[2026-07-24T19:40:49.851+0000] {processor.py:840} INFO - DAG(s) 'example_branch_dop_operator_v3' retrieved from /home/airflow/.local/lib/python3.12/site-packages/airflow/example_dags/example_branch_python_dop_operator_3.py
[2026-07-24T19:40:49.889+0000] {logging_mixin.py:188} INFO - [2026-07-24T19:40:49.888+0000] {dag.py:3089} INFO - Sync 1 DAGs
[2026-07-24T19:40:49.921+0000] {logging_mixin.py:188} INFO - [2026-07-24T19:40:49.921+0000] {dag.py:3947} INFO - Setting next_dagrun for example_branch_dop_operator_v3 to 2026-07-24 19:39:00+00:00, run_after=2026-07-24 19:40:00+00:00
[2026-07-24T19:40:49.949+0000] {processor.py:183} INFO - Processing /home/airflow/.local/lib/python3.12/site-packages/airflow/example_dags/example_branch_python_dop_operator_3.py took 0.131 seconds
[2026-07-24T19:41:20.557+0000] {processor.py:161} INFO - Started process (PID=21700) to work on /home/airflow/.local/lib/python3.12/site-packages/airflow/example_dags/example_branch_python_dop_operator_3.py
[2026-07-24T19:41:20.559+0000] {processor.py:830} INFO - Processing file /home/airflow/.local/lib/python3.12/site-packages/airflow/example_dags/example_branch_python_dop_operator_3.py for tasks to queue
[2026-07-24T19:41:20.562+0000] {logging_mixin.py:188} INFO - [2026-07-24T19:41:20.562+0000] {dagbag.py:545} INFO - Filling up the DagBag from /home/airflow/.local/lib/python3.12/site-packages/airflow/example_dags/example_branch_python_dop_operator_3.py
[2026-07-24T19:41:20.574+0000] {processor.py:840} INFO - DAG(s) 'example_branch_dop_operator_v3' retrieved from /home/airflow/.local/lib/python3.12/site-packages/airflow/example_dags/example_branch_python_dop_operator_3.py
[2026-07-24T19:41:20.602+0000] {logging_mixin.py:188} INFO - [2026-07-24T19:41:20.601+0000] {dag.py:3089} INFO - Sync 1 DAGs
[2026-07-24T19:41:20.647+0000] {logging_mixin.py:188} INFO - [2026-07-24T19:41:20.646+0000] {dag.py:3947} INFO - Setting next_dagrun for example_branch_dop_operator_v3 to 2026-07-24 19:40:00+00:00, run_after=2026-07-24 19:41:00+00:00
[2026-07-24T19:41:20.684+0000] {processor.py:183} INFO - Processing /home/airflow/.local/lib/python3.12/site-packages/airflow/example_dags/example_branch_python_dop_operator_3.py took 0.135 seconds
[2026-07-24T19:41:50.803+0000] {processor.py:161} INFO - Started process (PID=21772) to work on /home/airflow/.local/lib/python3.12/site-packages/airflow/example_dags/example_branch_python_dop_operator_3.py
[2026-07-24T19:41:50.805+0000] {processor.py:830} INFO - Processing file /home/airflow/.local/lib/python3.12/site-packages/airflow/example_dags/example_branch_python_dop_operator_3.py for tasks to queue
[2026-07-24T19:41:50.808+0000] {logging_mixin.py:188} INFO - [2026-07-24T19:41:50.807+0000] {dagbag.py:545} INFO - Filling up the DagBag from /home/airflow/.local/lib/python3.12/site-packages/airflow/example_dags/example_branch_python_dop_operator_3.py
[2026-07-24T19:41:50.820+0000] {processor.py:840} INFO - DAG(s) 'example_branch_dop_operator_v3' retrieved from /home/airflow/.local/lib/python3.12/site-packages/airflow/example_dags/example_branch_python_dop_operator_3.py
[2026-07-24T19:41:50.855+0000] {logging_mixin.py:188} INFO - [2026-07-24T19:41:50.854+0000] {dag.py:3089} INFO - Sync 1 DAGs
[2026-07-24T19:41:50.889+0000] {logging_mixin.py:188} INFO - [2026-07-24T19:41:50.889+0000] {dag.py:3947} INFO - Setting next_dagrun for example_branch_dop_operator_v3 to 2026-07-24 19:40:00+00:00, run_after=2026-07-24 19:41:00+00:00
[2026-07-24T19:41:50.919+0000] {processor.py:183} INFO - Processing /home/airflow/.local/lib/python3.12/site-packages/airflow/example_dags/example_branch_python_dop_operator_3.py took 0.124 seconds
[2026-07-24T19:42:21.322+0000] {processor.py:161} INFO - Started process (PID=21847) to work on /home/airflow/.local/lib/python3.12/site-packages/airflow/example_dags/example_branch_python_dop_operator_3.py
[2026-07-24T19:42:21.324+0000] {processor.py:830} INFO - Processing file /home/airflow/.local/lib/python3.12/site-packages/airflow/example_dags/example_branch_python_dop_operator_3.py for tasks to queue
[2026-07-24T19:42:21.329+0000] {logging_mixin.py:188} INFO - [2026-07-24T19:42:21.328+0000] {dagbag.py:545} INFO - Filling up the DagBag from /home/airflow/.local/lib/python3.12/site-packages/airflow/example_dags/example_branch_python_dop_operator_3.py
[2026-07-24T19:42:21.344+0000] {processor.py:840} INFO - DAG(s) 'example_branch_dop_operator_v3' retrieved from /home/airflow/.local/lib/python3.12/site-packages/airflow/example_dags/example_branch_python_dop_operator_3.py
[2026-07-24T19:42:21.380+0000] {logging_mixin.py:188} INFO - [2026-07-24T19:42:21.380+0000] {dag.py:3089} INFO - Sync 1 DAGs
[2026-07-24T19:42:21.422+0000] {logging_mixin.py:188} INFO - [2026-07-24T19:42:21.419+0000] {dag.py:3947} INFO - Setting next_dagrun for example_branch_dop_operator_v3 to 2026-07-24 19:41:00+00:00, run_after=2026-07-24 19:42:00+00:00
[2026-07-24T19:42:21.509+0000] {processor.py:183} INFO - Processing /home/airflow/.local/lib/python3.12/site-packages/airflow/example_dags/example_branch_python_dop_operator_3.py took 0.198 seconds
[2026-07-24T19:42:51.748+0000] {processor.py:161} INFO - Started process (PID=21920) to work on /home/airflow/.local/lib/python3.12/site-packages/airflow/example_dags/example_branch_python_dop_operator_3.py
[2026-07-24T19:42:51.750+0000] {processor.py:830} INFO - Processing file /home/airflow/.local/lib/python3.12/site-packages/airflow/example_dags/example_branch_python_dop_operator_3.py for tasks to queue
[2026-07-24T19:42:51.755+0000] {logging_mixin.py:188} INFO - [2026-07-24T19:42:51.754+0000] {dagbag.py:545} INFO - Filling up the DagBag from /home/airflow/.local/lib/python3.12/site-packages/airflow/example_dags/example_branch_python_dop_operator_3.py
[2026-07-24T19:42:51.768+0000] {processor.py:840} INFO - DAG(s) 'example_branch_dop_operator_v3' retrieved from /home/airflow/.local/lib/python3.12/site-packages/airflow/example_dags/example_branch_python_dop_operator_3.py
[2026-07-24T19:42:51.800+0000] {logging_mixin.py:188} INFO - [2026-07-24T19:42:51.799+0000] {dag.py:3089} INFO - Sync 1 DAGs
[2026-07-24T19:42:51.839+0000] {logging_mixin.py:188} INFO - [2026-07-24T19:42:51.839+0000] {dag.py:3947} INFO - Setting next_dagrun for example_branch_dop_operator_v3 to 2026-07-24 19:41:00+00:00, run_after=2026-07-24 19:42:00+00:00
[2026-07-24T19:42:51.884+0000] {processor.py:183} INFO - Processing /home/airflow/.local/lib/python3.12/site-packages/airflow/example_dags/example_branch_python_dop_operator_3.py took 0.147 seconds
[2026-07-24T19:43:22.291+0000] {processor.py:161} INFO - Started process (PID=21993) to work on /home/airflow/.local/lib/python3.12/site-packages/airflow/example_dags/example_branch_python_dop_operator_3.py
[2026-07-24T19:43:22.294+0000] {processor.py:830} INFO - Processing file /home/airflow/.local/lib/python3.12/site-packages/airflow/example_dags/example_branch_python_dop_operator_3.py for tasks to queue
[2026-07-24T19:43:22.300+0000] {logging_mixin.py:188} INFO - [2026-07-24T19:43:22.299+0000] {dagbag.py:545} INFO - Filling up the DagBag from /home/airflow/.local/lib/python3.12/site-packages/airflow/example_dags/example_branch_python_dop_operator_3.py
[2026-07-24T19:43:22.320+0000] {processor.py:840} INFO - DAG(s) 'example_branch_dop_operator_v3' retrieved from /home/airflow/.local/lib/python3.12/site-packages/airflow/example_dags/example_branch_python_dop_operator_3.py
[2026-07-24T19:43:22.361+0000] {logging_mixin.py:188} INFO - [2026-07-24T19:43:22.360+0000] {dag.py:3089} INFO - Sync 1 DAGs
[2026-07-24T19:43:22.403+0000] {logging_mixin.py:188} INFO - [2026-07-24T19:43:22.402+0000] {dag.py:3947} INFO - Setting next_dagrun for example_branch_dop_operator_v3 to 2026-07-24 19:42:00+00:00, run_after=2026-07-24 19:43:00+00:00
[2026-07-24T19:43:22.445+0000] {processor.py:183} INFO - Processing /home/airflow/.local/lib/python3.12/site-packages/airflow/example_dags/example_branch_python_dop_operator_3.py took 0.164 seconds
[2026-07-24T19:43:52.561+0000] {processor.py:161} INFO - Started process (PID=22069) to work on /home/airflow/.local/lib/python3.12/site-packages/airflow/example_dags/example_branch_python_dop_operator_3.py
[2026-07-24T19:43:52.562+0000] {processor.py:830} INFO - Processing file /home/airflow/.local/lib/python3.12/site-packages/airflow/example_dags/example_branch_python_dop_operator_3.py for tasks to queue
[2026-07-24T19:43:52.566+0000] {logging_mixin.py:188} INFO - [2026-07-24T19:43:52.566+0000] {dagbag.py:545} INFO - Filling up the DagBag from /home/airflow/.local/lib/python3.12/site-packages/airflow/example_dags/example_branch_python_dop_operator_3.py
[2026-07-24T19:43:52.578+0000] {processor.py:840} INFO - DAG(s) 'example_branch_dop_operator_v3' retrieved from /home/airflow/.local/lib/python3.12/site-packages/airflow/example_dags/example_branch_python_dop_operator_3.py
[2026-07-24T19:43:52.609+0000] {logging_mixin.py:188} INFO - [2026-07-24T19:43:52.609+0000] {dag.py:3089} INFO - Sync 1 DAGs
[2026-07-24T19:43:52.644+0000] {logging_mixin.py:188} INFO - [2026-07-24T19:43:52.644+0000] {dag.py:3947} INFO - Setting next_dagrun for example_branch_dop_operator_v3 to 2026-07-24 19:42:00+00:00, run_after=2026-07-24 19:43:00+00:00
[2026-07-24T19:43:52.673+0000] {processor.py:183} INFO - Processing /home/airflow/.local/lib/python3.12/site-packages/airflow/example_dags/example_branch_python_dop_operator_3.py took 0.120 seconds
[2026-07-24T19:44:23.640+0000] {processor.py:161} INFO - Started process (PID=22142) to work on /home/airflow/.local/lib/python3.12/site-packages/airflow/example_dags/example_branch_python_dop_operator_3.py
[2026-07-24T19:44:23.642+0000] {processor.py:830} INFO - Processing file /home/airflow/.local/lib/python3.12/site-packages/airflow/example_dags/example_branch_python_dop_operator_3.py for tasks to queue
[2026-07-24T19:44:23.645+0000] {logging_mixin.py:188} INFO - [2026-07-24T19:44:23.645+0000] {dagbag.py:545} INFO - Filling up the DagBag from /home/airflow/.local/lib/python3.12/site-packages/airflow/example_dags/example_branch_python_dop_operator_3.py
[2026-07-24T19:44:23.659+0000] {processor.py:840} INFO - DAG(s) 'example_branch_dop_operator_v3' retrieved from /home/airflow/.local/lib/python3.12/site-packages/airflow/example_dags/example_branch_python_dop_operator_3.py
[2026-07-24T19:44:23.690+0000] {logging_mixin.py:188} INFO - [2026-07-24T19:44:23.690+0000] {dag.py:3089} INFO - Sync 1 DAGs
[2026-07-24T19:44:23.743+0000] {logging_mixin.py:188} INFO - [2026-07-24T19:44:23.742+0000] {dag.py:3947} INFO - Setting next_dagrun for example_branch_dop_operator_v3 to 2026-07-24 19:43:00+00:00, run_after=2026-07-24 19:44:00+00:00
[2026-07-24T19:44:23.798+0000] {processor.py:183} INFO - Processing /home/airflow/.local/lib/python3.12/site-packages/airflow/example_dags/example_branch_python_dop_operator_3.py took 0.166 seconds
[2026-07-24T19:44:55.260+0000] {processor.py:161} INFO - Started process (PID=22215) to work on /home/airflow/.local/lib/python3.12/site-packages/airflow/example_dags/example_branch_python_dop_operator_3.py
[2026-07-24T19:44:55.262+0000] {processor.py:830} INFO - Processing file /home/airflow/.local/lib/python3.12/site-packages/airflow/example_dags/example_branch_python_dop_operator_3.py for tasks to queue
[2026-07-24T19:44:55.267+0000] {logging_mixin.py:188} INFO - [2026-07-24T19:44:55.266+0000] {dagbag.py:545} INFO - Filling up the DagBag from /home/airflow/.local/lib/python3.12/site-packages/airflow/example_dags/example_branch_python_dop_operator_3.py
[2026-07-24T19:44:55.280+0000] {processor.py:840} INFO - DAG(s) 'example_branch_dop_operator_v3' retrieved from /home/airflow/.local/lib/python3.12/site-packages/airflow/example_dags/example_branch_python_dop_operator_3.py
[2026-07-24T19:44:55.316+0000] {logging_mixin.py:188} INFO - [2026-07-24T19:44:55.316+0000] {dag.py:3089} INFO - Sync 1 DAGs
[2026-07-24T19:44:55.374+0000] {logging_mixin.py:188} INFO - [2026-07-24T19:44:55.373+0000] {dag.py:3947} INFO - Setting next_dagrun for example_branch_dop_operator_v3 to 2026-07-24 19:43:00+00:00, run_after=2026-07-24 19:44:00+00:00
[2026-07-24T19:44:55.408+0000] {processor.py:183} INFO - Processing /home/airflow/.local/lib/python3.12/site-packages/airflow/example_dags/example_branch_python_dop_operator_3.py took 0.155 seconds
[2026-07-24T19:45:26.304+0000] {processor.py:161} INFO - Started process (PID=22288) to work on /home/airflow/.local/lib/python3.12/site-packages/airflow/example_dags/example_branch_python_dop_operator_3.py
[2026-07-24T19:45:26.308+0000] {processor.py:830} INFO - Processing file /home/airflow/.local/lib/python3.12/site-packages/airflow/example_dags/example_branch_python_dop_operator_3.py for tasks to queue
[2026-07-24T19:45:26.315+0000] {logging_mixin.py:188} INFO - [2026-07-24T19:45:26.314+0000] {dagbag.py:545} INFO - Filling up the DagBag from /home/airflow/.local/lib/python3.12/site-packages/airflow/example_dags/example_branch_python_dop_operator_3.py
[2026-07-24T19:45:26.328+0000] {processor.py:840} INFO - DAG(s) 'example_branch_dop_operator_v3' retrieved from /home/airflow/.local/lib/python3.12/site-packages/airflow/example_dags/example_branch_python_dop_operator_3.py
[2026-07-24T19:45:26.363+0000] {logging_mixin.py:188} INFO - [2026-07-24T19:45:26.363+0000] {dag.py:3089} INFO - Sync 1 DAGs
[2026-07-24T19:45:26.401+0000] {logging_mixin.py:188} INFO - [2026-07-24T19:45:26.401+0000] {dag.py:3947} INFO - Setting next_dagrun for example_branch_dop_operator_v3 to 2026-07-24 19:44:00+00:00, run_after=2026-07-24 19:45:00+00:00
[2026-07-24T19:45:26.431+0000] {processor.py:183} INFO - Processing /home/airflow/.local/lib/python3.12/site-packages/airflow/example_dags/example_branch_python_dop_operator_3.py took 0.137 seconds
[2026-07-24T19:45:57.645+0000] {processor.py:161} INFO - Started process (PID=22368) to work on /home/airflow/.local/lib/python3.12/site-packages/airflow/example_dags/example_branch_python_dop_operator_3.py
[2026-07-24T19:45:57.649+0000] {processor.py:830} INFO - Processing file /home/airflow/.local/lib/python3.12/site-packages/airflow/example_dags/example_branch_python_dop_operator_3.py for tasks to queue
[2026-07-24T19:45:57.655+0000] {logging_mixin.py:188} INFO - [2026-07-24T19:45:57.654+0000] {dagbag.py:545} INFO - Filling up the DagBag from /home/airflow/.local/lib/python3.12/site-packages/airflow/example_dags/example_branch_python_dop_operator_3.py
[2026-07-24T19:45:57.677+0000] {processor.py:840} INFO - DAG(s) 'example_branch_dop_operator_v3' retrieved from /home/airflow/.local/lib/python3.12/site-packages/airflow/example_dags/example_branch_python_dop_operator_3.py
[2026-07-24T19:45:57.737+0000] {logging_mixin.py:188} INFO - [2026-07-24T19:45:57.736+0000] {dag.py:3089} INFO - Sync 1 DAGs
[2026-07-24T19:45:57.802+0000] {logging_mixin.py:188} INFO - [2026-07-24T19:45:57.802+0000] {dag.py:3947} INFO - Setting next_dagrun for example_branch_dop_operator_v3 to 2026-07-24 19:44:00+00:00, run_after=2026-07-24 19:45:00+00:00
[2026-07-24T19:45:57.859+0000] {processor.py:183} INFO - Processing /home/airflow/.local/lib/python3.12/site-packages/airflow/example_dags/example_branch_python_dop_operator_3.py took 0.226 seconds
[2026-07-24T19:46:29.189+0000] {processor.py:161} INFO - Started process (PID=22441) to work on /home/airflow/.local/lib/python3.12/site-packages/airflow/example_dags/example_branch_python_dop_operator_3.py
[2026-07-24T19:46:29.194+0000] {processor.py:830} INFO - Processing file /home/airflow/.local/lib/python3.12/site-packages/airflow/example_dags/example_branch_python_dop_operator_3.py for tasks to queue
[2026-07-24T19:46:29.200+0000] {logging_mixin.py:188} INFO - [2026-07-24T19:46:29.200+0000] {dagbag.py:545} INFO - Filling up the DagBag from /home/airflow/.local/lib/python3.12/site-packages/airflow/example_dags/example_branch_python_dop_operator_3.py
[2026-07-24T19:46:29.234+0000] {processor.py:840} INFO - DAG(s) 'example_branch_dop_operator_v3' retrieved from /home/airflow/.local/lib/python3.12/site-packages/airflow/example_dags/example_branch_python_dop_operator_3.py
[2026-07-24T19:46:29.307+0000] {logging_mixin.py:188} INFO - [2026-07-24T19:46:29.306+0000] {dag.py:3089} INFO - Sync 1 DAGs
[2026-07-24T19:46:29.394+0000] {logging_mixin.py:188} INFO - [2026-07-24T19:46:29.393+0000] {dag.py:3947} INFO - Setting next_dagrun for example_branch_dop_operator_v3 to 2026-07-24 19:45:00+00:00, run_after=2026-07-24 19:46:00+00:00
[2026-07-24T19:46:29.458+0000] {processor.py:183} INFO - Processing /home/airflow/.local/lib/python3.12/site-packages/airflow/example_dags/example_branch_python_dop_operator_3.py took 0.289 seconds
[2026-07-24T19:47:00.521+0000] {processor.py:161} INFO - Started process (PID=22514) to work on /home/airflow/.local/lib/python3.12/site-packages/airflow/example_dags/example_branch_python_dop_operator_3.py
[2026-07-24T19:47:00.525+0000] {processor.py:830} INFO - Processing file /home/airflow/.local/lib/python3.12/site-packages/airflow/example_dags/example_branch_python_dop_operator_3.py for tasks to queue
[2026-07-24T19:47:00.530+0000] {logging_mixin.py:188} INFO - [2026-07-24T19:47:00.530+0000] {dagbag.py:545} INFO - Filling up the DagBag from /home/airflow/.local/lib/python3.12/site-packages/airflow/example_dags/example_branch_python_dop_operator_3.py
[2026-07-24T19:47:00.556+0000] {processor.py:840} INFO - DAG(s) 'example_branch_dop_operator_v3' retrieved from /home/airflow/.local/lib/python3.12/site-packages/airflow/example_dags/example_branch_python_dop_operator_3.py
[2026-07-24T19:47:00.624+0000] {logging_mixin.py:188} INFO - [2026-07-24T19:47:00.624+0000] {dag.py:3089} INFO - Sync 1 DAGs
[2026-07-24T19:47:00.682+0000] {logging_mixin.py:188} INFO - [2026-07-24T19:47:00.682+0000] {dag.py:3947} INFO - Setting next_dagrun for example_branch_dop_operator_v3 to 2026-07-24 19:46:00+00:00, run_after=2026-07-24 19:47:00+00:00
[2026-07-24T19:47:00.723+0000] {processor.py:183} INFO - Processing /home/airflow/.local/lib/python3.12/site-packages/airflow/example_dags/example_branch_python_dop_operator_3.py took 0.214 seconds
[2026-07-24T19:47:31.934+0000] {processor.py:161} INFO - Started process (PID=22587) to work on /home/airflow/.local/lib/python3.12/site-packages/airflow/example_dags/example_branch_python_dop_operator_3.py
[2026-07-24T19:47:31.936+0000] {processor.py:830} INFO - Processing file /home/airflow/.local/lib/python3.12/site-packages/airflow/example_dags/example_branch_python_dop_operator_3.py for tasks to queue
[2026-07-24T19:47:31.941+0000] {logging_mixin.py:188} INFO - [2026-07-24T19:47:31.940+0000] {dagbag.py:545} INFO - Filling up the DagBag from /home/airflow/.local/lib/python3.12/site-packages/airflow/example_dags/example_branch_python_dop_operator_3.py
[2026-07-24T19:47:31.959+0000] {processor.py:840} INFO - DAG(s) 'example_branch_dop_operator_v3' retrieved from /home/airflow/.local/lib/python3.12/site-packages/airflow/example_dags/example_branch_python_dop_operator_3.py
[2026-07-24T19:47:31.996+0000] {logging_mixin.py:188} INFO - [2026-07-24T19:47:31.996+0000] {dag.py:3089} INFO - Sync 1 DAGs
[2026-07-24T19:47:32.043+0000] {logging_mixin.py:188} INFO - [2026-07-24T19:47:32.042+0000] {dag.py:3947} INFO - Setting next_dagrun for example_branch_dop_operator_v3 to 2026-07-24 19:46:00+00:00, run_after=2026-07-24 19:47:00+00:00
[2026-07-24T19:47:32.113+0000] {processor.py:183} INFO - Processing /home/airflow/.local/lib/python3.12/site-packages/airflow/example_dags/example_branch_python_dop_operator_3.py took 0.190 seconds
[2026-07-24T19:48:03.216+0000] {processor.py:161} INFO - Started process (PID=22660) to work on /home/airflow/.local/lib/python3.12/site-packages/airflow/example_dags/example_branch_python_dop_operator_3.py
[2026-07-24T19:48:03.224+0000] {processor.py:830} INFO - Processing file /home/airflow/.local/lib/python3.12/site-packages/airflow/example_dags/example_branch_python_dop_operator_3.py for tasks to queue
[2026-07-24T19:48:03.233+0000] {logging_mixin.py:188} INFO - [2026-07-24T19:48:03.232+0000] {dagbag.py:545} INFO - Filling up the DagBag from /home/airflow/.local/lib/python3.12/site-packages/airflow/example_dags/example_branch_python_dop_operator_3.py
[2026-07-24T19:48:03.260+0000] {processor.py:840} INFO - DAG(s) 'example_branch_dop_operator_v3' retrieved from /home/airflow/.local/lib/python3.12/site-packages/airflow/example_dags/example_branch_python_dop_operator_3.py
[2026-07-24T19:48:03.323+0000] {logging_mixin.py:188} INFO - [2026-07-24T19:48:03.323+0000] {dag.py:3089} INFO - Sync 1 DAGs
[2026-07-24T19:48:03.394+0000] {logging_mixin.py:188} INFO - [2026-07-24T19:48:03.394+0000] {dag.py:3947} INFO - Setting next_dagrun for example_branch_dop_operator_v3 to 2026-07-24 19:47:00+00:00, run_after=2026-07-24 19:48:00+00:00
[2026-07-24T19:48:03.449+0000] {processor.py:183} INFO - Processing /home/airflow/.local/lib/python3.12/site-packages/airflow/example_dags/example_branch_python_dop_operator_3.py took 0.253 seconds
[2026-07-24T19:48:34.048+0000] {processor.py:161} INFO - Started process (PID=22734) to work on /home/airflow/.local/lib/python3.12/site-packages/airflow/example_dags/example_branch_python_dop_operator_3.py
[2026-07-24T19:48:34.050+0000] {processor.py:830} INFO - Processing file /home/airflow/.local/lib/python3.12/site-packages/airflow/example_dags/example_branch_python_dop_operator_3.py for tasks to queue
[2026-07-24T19:48:34.054+0000] {logging_mixin.py:188} INFO - [2026-07-24T19:48:34.054+0000] {dagbag.py:545} INFO - Filling up the DagBag from /home/airflow/.local/lib/python3.12/site-packages/airflow/example_dags/example_branch_python_dop_operator_3.py
[2026-07-24T19:48:34.077+0000] {processor.py:840} INFO - DAG(s) 'example_branch_dop_operator_v3' retrieved from /home/airflow/.local/lib/python3.12/site-packages/airflow/example_dags/example_branch_python_dop_operator_3.py
[2026-07-24T19:48:34.152+0000] {logging_mixin.py:188} INFO - [2026-07-24T19:48:34.151+0000] {dag.py:3089} INFO - Sync 1 DAGs
[2026-07-24T19:48:34.224+0000] {logging_mixin.py:188} INFO - [2026-07-24T19:48:34.224+0000] {dag.py:3947} INFO - Setting next_dagrun for example_branch_dop_operator_v3 to 2026-07-24 19:47:00+00:00, run_after=2026-07-24 19:48:00+00:00
[2026-07-24T19:48:34.288+0000] {processor.py:183} INFO - Processing /home/airflow/.local/lib/python3.12/site-packages/airflow/example_dags/example_branch_python_dop_operator_3.py took 0.250 seconds
[2026-07-24T19:49:05.415+0000] {processor.py:161} INFO - Started process (PID=22808) to work on /home/airflow/.local/lib/python3.12/site-packages/airflow/example_dags/example_branch_python_dop_operator_3.py
[2026-07-24T19:49:05.420+0000] {processor.py:830} INFO - Processing file /home/airflow/.local/lib/python3.12/site-packages/airflow/example_dags/example_branch_python_dop_operator_3.py for tasks to queue
[2026-07-24T19:49:05.428+0000] {logging_mixin.py:188} INFO - [2026-07-24T19:49:05.427+0000] {dagbag.py:545} INFO - Filling up the DagBag from /home/airflow/.local/lib/python3.12/site-packages/airflow/example_dags/example_branch_python_dop_operator_3.py
[2026-07-24T19:49:05.456+0000] {processor.py:840} INFO - DAG(s) 'example_branch_dop_operator_v3' retrieved from /home/airflow/.local/lib/python3.12/site-packages/airflow/example_dags/example_branch_python_dop_operator_3.py
[2026-07-24T19:49:05.514+0000] {logging_mixin.py:188} INFO - [2026-07-24T19:49:05.513+0000] {dag.py:3089} INFO - Sync 1 DAGs
[2026-07-24T19:49:05.573+0000] {logging_mixin.py:188} INFO - [2026-07-24T19:49:05.571+0000] {dag.py:3947} INFO - Setting next_dagrun for example_branch_dop_operator_v3 to 2026-07-24 19:48:00+00:00, run_after=2026-07-24 19:49:00+00:00
[2026-07-24T19:49:05.664+0000] {processor.py:183} INFO - Processing /home/airflow/.local/lib/python3.12/site-packages/airflow/example_dags/example_branch_python_dop_operator_3.py took 0.266 seconds
[2026-07-24T19:49:35.879+0000] {processor.py:161} INFO - Started process (PID=22880) to work on /home/airflow/.local/lib/python3.12/site-packages/airflow/example_dags/example_branch_python_dop_operator_3.py
[2026-07-24T19:49:35.881+0000] {processor.py:830} INFO - Processing file /home/airflow/.local/lib/python3.12/site-packages/airflow/example_dags/example_branch_python_dop_operator_3.py for tasks to queue
[2026-07-24T19:49:35.885+0000] {logging_mixin.py:188} INFO - [2026-07-24T19:49:35.885+0000] {dagbag.py:545} INFO - Filling up the DagBag from /home/airflow/.local/lib/python3.12/site-packages/airflow/example_dags/example_branch_python_dop_operator_3.py
[2026-07-24T19:49:35.899+0000] {processor.py:840} INFO - DAG(s) 'example_branch_dop_operator_v3' retrieved from /home/airflow/.local/lib/python3.12/site-packages/airflow/example_dags/example_branch_python_dop_operator_3.py
[2026-07-24T19:49:35.937+0000] {logging_mixin.py:188} INFO - [2026-07-24T19:49:35.936+0000] {dag.py:3089} INFO - Sync 1 DAGs
[2026-07-24T19:49:35.984+0000] {logging_mixin.py:188} INFO - [2026-07-24T19:49:35.983+0000] {dag.py:3947} INFO - Setting next_dagrun for example_branch_dop_operator_v3 to 2026-07-24 19:48:00+00:00, run_after=2026-07-24 19:49:00+00:00
[2026-07-24T19:49:36.013+0000] {processor.py:183} INFO - Processing /home/airflow/.local/lib/python3.12/site-packages/airflow/example_dags/example_branch_python_dop_operator_3.py took 0.144 seconds
[2026-07-24T19:50:07.342+0000] {processor.py:161} INFO - Started process (PID=22956) to work on /home/airflow/.local/lib/python3.12/site-packages/airflow/example_dags/example_branch_python_dop_operator_3.py
[2026-07-24T19:50:07.345+0000] {processor.py:830} INFO - Processing file /home/airflow/.local/lib/python3.12/site-packages/airflow/example_dags/example_branch_python_dop_operator_3.py for tasks to queue
[2026-07-24T19:50:07.350+0000] {logging_mixin.py:188} INFO - [2026-07-24T19:50:07.349+0000] {dagbag.py:545} INFO - Filling up the DagBag from /home/airflow/.local/lib/python3.12/site-packages/airflow/example_dags/example_branch_python_dop_operator_3.py
[2026-07-24T19:50:07.366+0000] {processor.py:840} INFO - DAG(s) 'example_branch_dop_operator_v3' retrieved from /home/airflow/.local/lib/python3.12/site-packages/airflow/example_dags/example_branch_python_dop_operator_3.py
[2026-07-24T19:50:07.400+0000] {logging_mixin.py:188} INFO - [2026-07-24T19:50:07.400+0000] {dag.py:3089} INFO - Sync 1 DAGs
[2026-07-24T19:50:07.438+0000] {logging_mixin.py:188} INFO - [2026-07-24T19:50:07.438+0000] {dag.py:3947} INFO - Setting next_dagrun for example_branch_dop_operator_v3 to 2026-07-24 19:49:00+00:00, run_after=2026-07-24 19:50:00+00:00
[2026-07-24T19:50:07.487+0000] {processor.py:183} INFO - Processing /home/airflow/.local/lib/python3.12/site-packages/airflow/example_dags/example_branch_python_dop_operator_3.py took 0.156 seconds
[2026-07-24T19:50:38.727+0000] {processor.py:161} INFO - Started process (PID=23029) to work on /home/airflow/.local/lib/python3.12/site-packages/airflow/example_dags/example_branch_python_dop_operator_3.py
[2026-07-24T19:50:38.729+0000] {processor.py:830} INFO - Processing file /home/airflow/.local/lib/python3.12/site-packages/airflow/example_dags/example_branch_python_dop_operator_3.py for tasks to queue
[2026-07-24T19:50:38.733+0000] {logging_mixin.py:188} INFO - [2026-07-24T19:50:38.732+0000] {dagbag.py:545} INFO - Filling up the DagBag from /home/airflow/.local/lib/python3.12/site-packages/airflow/example_dags/example_branch_python_dop_operator_3.py
[2026-07-24T19:50:38.749+0000] {processor.py:840} INFO - DAG(s) 'example_branch_dop_operator_v3' retrieved from /home/airflow/.local/lib/python3.12/site-packages/airflow/example_dags/example_branch_python_dop_operator_3.py
[2026-07-24T19:50:38.789+0000] {logging_mixin.py:188} INFO - [2026-07-24T19:50:38.789+0000] {dag.py:3089} INFO - Sync 1 DAGs
[2026-07-24T19:50:38.827+0000] {logging_mixin.py:188} INFO - [2026-07-24T19:50:38.826+0000] {dag.py:3947} INFO - Setting next_dagrun for example_branch_dop_operator_v3 to 2026-07-24 19:49:00+00:00, run_after=2026-07-24 19:50:00+00:00
[2026-07-24T19:50:38.867+0000] {processor.py:183} INFO - Processing /home/airflow/.local/lib/python3.12/site-packages/airflow/example_dags/example_branch_python_dop_operator_3.py took 0.149 seconds
[2026-07-24T19:51:10.687+0000] {processor.py:161} INFO - Started process (PID=23103) to work on /home/airflow/.local/lib/python3.12/site-packages/airflow/example_dags/example_branch_python_dop_operator_3.py
[2026-07-24T19:51:10.690+0000] {processor.py:830} INFO - Processing file /home/airflow/.local/lib/python3.12/site-packages/airflow/example_dags/example_branch_python_dop_operator_3.py for tasks to queue
[2026-07-24T19:51:10.695+0000] {logging_mixin.py:188} INFO - [2026-07-24T19:51:10.694+0000] {dagbag.py:545} INFO - Filling up the DagBag from /home/airflow/.local/lib/python3.12/site-packages/airflow/example_dags/example_branch_python_dop_operator_3.py
[2026-07-24T19:51:10.710+0000] {processor.py:840} INFO - DAG(s) 'example_branch_dop_operator_v3' retrieved from /home/airflow/.local/lib/python3.12/site-packages/airflow/example_dags/example_branch_python_dop_operator_3.py
[2026-07-24T19:51:10.745+0000] {logging_mixin.py:188} INFO - [2026-07-24T19:51:10.744+0000] {dag.py:3089} INFO - Sync 1 DAGs
[2026-07-24T19:51:10.786+0000] {logging_mixin.py:188} INFO - [2026-07-24T19:51:10.786+0000] {dag.py:3947} INFO - Setting next_dagrun for example_branch_dop_operator_v3 to 2026-07-24 19:50:00+00:00, run_after=2026-07-24 19:51:00+00:00
[2026-07-24T19:51:10.821+0000] {processor.py:183} INFO - Processing /home/airflow/.local/lib/python3.12/site-packages/airflow/example_dags/example_branch_python_dop_operator_3.py took 0.144 seconds
