[2026-07-24T17:06:42.133+0000] {processor.py:161} INFO - Started process (PID=92) to work on /home/airflow/.local/lib/python3.12/site-packages/airflow/example_dags/example_branch_day_of_week_operator.py
[2026-07-24T17:06:42.148+0000] {processor.py:830} INFO - Processing file /home/airflow/.local/lib/python3.12/site-packages/airflow/example_dags/example_branch_day_of_week_operator.py for tasks to queue
[2026-07-24T17:06:42.169+0000] {logging_mixin.py:188} INFO - [2026-07-24T17:06:42.167+0000] {dagbag.py:545} INFO - Filling up the DagBag from /home/airflow/.local/lib/python3.12/site-packages/airflow/example_dags/example_branch_day_of_week_operator.py
[2026-07-24T17:06:42.339+0000] {processor.py:840} INFO - DAG(s) 'example_weekday_branch_operator' retrieved from /home/airflow/.local/lib/python3.12/site-packages/airflow/example_dags/example_branch_day_of_week_operator.py
[2026-07-24T17:06:42.805+0000] {logging_mixin.py:188} INFO - [2026-07-24T17:06:42.804+0000] {dag.py:3089} INFO - Sync 1 DAGs
[2026-07-24T17:06:42.927+0000] {logging_mixin.py:188} INFO - [2026-07-24T17:06:42.927+0000] {dag.py:3947} INFO - Setting next_dagrun for example_weekday_branch_operator to 2026-07-23 00:00:00+00:00, run_after=2026-07-24 00:00:00+00:00
[2026-07-24T17:06:43.016+0000] {processor.py:183} INFO - Processing /home/airflow/.local/lib/python3.12/site-packages/airflow/example_dags/example_branch_day_of_week_operator.py took 0.966 seconds
[2026-07-24T17:07:13.173+0000] {processor.py:161} INFO - Started process (PID=164) to work on /home/airflow/.local/lib/python3.12/site-packages/airflow/example_dags/example_branch_day_of_week_operator.py
[2026-07-24T17:07:13.177+0000] {processor.py:830} INFO - Processing file /home/airflow/.local/lib/python3.12/site-packages/airflow/example_dags/example_branch_day_of_week_operator.py for tasks to queue
[2026-07-24T17:07:13.183+0000] {logging_mixin.py:188} INFO - [2026-07-24T17:07:13.182+0000] {dagbag.py:545} INFO - Filling up the DagBag from /home/airflow/.local/lib/python3.12/site-packages/airflow/example_dags/example_branch_day_of_week_operator.py
[2026-07-24T17:07:13.204+0000] {processor.py:840} INFO - DAG(s) 'example_weekday_branch_operator' retrieved from /home/airflow/.local/lib/python3.12/site-packages/airflow/example_dags/example_branch_day_of_week_operator.py
[2026-07-24T17:07:13.271+0000] {logging_mixin.py:188} INFO - [2026-07-24T17:07:13.271+0000] {dag.py:3089} INFO - Sync 1 DAGs
[2026-07-24T17:07:13.323+0000] {logging_mixin.py:188} INFO - [2026-07-24T17:07:13.322+0000] {dag.py:3947} INFO - Setting next_dagrun for example_weekday_branch_operator to 2026-07-23 00:00:00+00:00, run_after=2026-07-24 00:00:00+00:00
[2026-07-24T17:07:13.371+0000] {processor.py:183} INFO - Processing /home/airflow/.local/lib/python3.12/site-packages/airflow/example_dags/example_branch_day_of_week_operator.py took 0.212 seconds
[2026-07-24T17:07:43.992+0000] {processor.py:161} INFO - Started process (PID=237) to work on /home/airflow/.local/lib/python3.12/site-packages/airflow/example_dags/example_branch_day_of_week_operator.py
[2026-07-24T17:07:43.996+0000] {processor.py:830} INFO - Processing file /home/airflow/.local/lib/python3.12/site-packages/airflow/example_dags/example_branch_day_of_week_operator.py for tasks to queue
[2026-07-24T17:07:44.006+0000] {logging_mixin.py:188} INFO - [2026-07-24T17:07:44.005+0000] {dagbag.py:545} INFO - Filling up the DagBag from /home/airflow/.local/lib/python3.12/site-packages/airflow/example_dags/example_branch_day_of_week_operator.py
[2026-07-24T17:07:44.035+0000] {processor.py:840} INFO - DAG(s) 'example_weekday_branch_operator' retrieved from /home/airflow/.local/lib/python3.12/site-packages/airflow/example_dags/example_branch_day_of_week_operator.py
[2026-07-24T17:07:44.114+0000] {logging_mixin.py:188} INFO - [2026-07-24T17:07:44.113+0000] {dag.py:3089} INFO - Sync 1 DAGs
[2026-07-24T17:07:44.212+0000] {logging_mixin.py:188} INFO - [2026-07-24T17:07:44.210+0000] {dag.py:3947} INFO - Setting next_dagrun for example_weekday_branch_operator to 2026-07-23 00:00:00+00:00, run_after=2026-07-24 00:00:00+00:00
[2026-07-24T17:07:44.279+0000] {processor.py:183} INFO - Processing /home/airflow/.local/lib/python3.12/site-packages/airflow/example_dags/example_branch_day_of_week_operator.py took 0.304 seconds
[2026-07-24T17:08:15.192+0000] {processor.py:161} INFO - Started process (PID=303) to work on /home/airflow/.local/lib/python3.12/site-packages/airflow/example_dags/example_branch_day_of_week_operator.py
[2026-07-24T17:08:15.196+0000] {processor.py:830} INFO - Processing file /home/airflow/.local/lib/python3.12/site-packages/airflow/example_dags/example_branch_day_of_week_operator.py for tasks to queue
[2026-07-24T17:08:15.204+0000] {logging_mixin.py:188} INFO - [2026-07-24T17:08:15.203+0000] {dagbag.py:545} INFO - Filling up the DagBag from /home/airflow/.local/lib/python3.12/site-packages/airflow/example_dags/example_branch_day_of_week_operator.py
[2026-07-24T17:08:15.219+0000] {processor.py:840} INFO - DAG(s) 'example_weekday_branch_operator' retrieved from /home/airflow/.local/lib/python3.12/site-packages/airflow/example_dags/example_branch_day_of_week_operator.py
[2026-07-24T17:08:15.256+0000] {logging_mixin.py:188} INFO - [2026-07-24T17:08:15.256+0000] {dag.py:3089} INFO - Sync 1 DAGs
[2026-07-24T17:08:15.298+0000] {logging_mixin.py:188} INFO - [2026-07-24T17:08:15.298+0000] {dag.py:3947} INFO - Setting next_dagrun for example_weekday_branch_operator to 2026-07-23 00:00:00+00:00, run_after=2026-07-24 00:00:00+00:00
[2026-07-24T17:08:15.335+0000] {processor.py:183} INFO - Processing /home/airflow/.local/lib/python3.12/site-packages/airflow/example_dags/example_branch_day_of_week_operator.py took 0.157 seconds
[2026-07-24T17:08:45.838+0000] {processor.py:161} INFO - Started process (PID=377) to work on /home/airflow/.local/lib/python3.12/site-packages/airflow/example_dags/example_branch_day_of_week_operator.py
[2026-07-24T17:08:45.840+0000] {processor.py:830} INFO - Processing file /home/airflow/.local/lib/python3.12/site-packages/airflow/example_dags/example_branch_day_of_week_operator.py for tasks to queue
[2026-07-24T17:08:45.844+0000] {logging_mixin.py:188} INFO - [2026-07-24T17:08:45.844+0000] {dagbag.py:545} INFO - Filling up the DagBag from /home/airflow/.local/lib/python3.12/site-packages/airflow/example_dags/example_branch_day_of_week_operator.py
[2026-07-24T17:08:45.859+0000] {processor.py:840} INFO - DAG(s) 'example_weekday_branch_operator' retrieved from /home/airflow/.local/lib/python3.12/site-packages/airflow/example_dags/example_branch_day_of_week_operator.py
[2026-07-24T17:08:45.894+0000] {logging_mixin.py:188} INFO - [2026-07-24T17:08:45.894+0000] {dag.py:3089} INFO - Sync 1 DAGs
[2026-07-24T17:08:45.935+0000] {logging_mixin.py:188} INFO - [2026-07-24T17:08:45.934+0000] {dag.py:3947} INFO - Setting next_dagrun for example_weekday_branch_operator to 2026-07-23 00:00:00+00:00, run_after=2026-07-24 00:00:00+00:00
[2026-07-24T17:08:45.976+0000] {processor.py:183} INFO - Processing /home/airflow/.local/lib/python3.12/site-packages/airflow/example_dags/example_branch_day_of_week_operator.py took 0.149 seconds
[2026-07-24T17:09:16.642+0000] {processor.py:161} INFO - Started process (PID=450) to work on /home/airflow/.local/lib/python3.12/site-packages/airflow/example_dags/example_branch_day_of_week_operator.py
[2026-07-24T17:09:16.645+0000] {processor.py:830} INFO - Processing file /home/airflow/.local/lib/python3.12/site-packages/airflow/example_dags/example_branch_day_of_week_operator.py for tasks to queue
[2026-07-24T17:09:16.652+0000] {logging_mixin.py:188} INFO - [2026-07-24T17:09:16.651+0000] {dagbag.py:545} INFO - Filling up the DagBag from /home/airflow/.local/lib/python3.12/site-packages/airflow/example_dags/example_branch_day_of_week_operator.py
[2026-07-24T17:09:16.676+0000] {processor.py:840} INFO - DAG(s) 'example_weekday_branch_operator' retrieved from /home/airflow/.local/lib/python3.12/site-packages/airflow/example_dags/example_branch_day_of_week_operator.py
[2026-07-24T17:09:16.743+0000] {logging_mixin.py:188} INFO - [2026-07-24T17:09:16.743+0000] {dag.py:3089} INFO - Sync 1 DAGs
[2026-07-24T17:09:16.813+0000] {logging_mixin.py:188} INFO - [2026-07-24T17:09:16.812+0000] {dag.py:3947} INFO - Setting next_dagrun for example_weekday_branch_operator to 2026-07-23 00:00:00+00:00, run_after=2026-07-24 00:00:00+00:00
[2026-07-24T17:09:16.861+0000] {processor.py:183} INFO - Processing /home/airflow/.local/lib/python3.12/site-packages/airflow/example_dags/example_branch_day_of_week_operator.py took 0.232 seconds
[2026-07-24T17:09:47.378+0000] {processor.py:161} INFO - Started process (PID=523) to work on /home/airflow/.local/lib/python3.12/site-packages/airflow/example_dags/example_branch_day_of_week_operator.py
[2026-07-24T17:09:47.386+0000] {processor.py:830} INFO - Processing file /home/airflow/.local/lib/python3.12/site-packages/airflow/example_dags/example_branch_day_of_week_operator.py for tasks to queue
[2026-07-24T17:09:47.394+0000] {logging_mixin.py:188} INFO - [2026-07-24T17:09:47.392+0000] {dagbag.py:545} INFO - Filling up the DagBag from /home/airflow/.local/lib/python3.12/site-packages/airflow/example_dags/example_branch_day_of_week_operator.py
[2026-07-24T17:09:47.409+0000] {processor.py:840} INFO - DAG(s) 'example_weekday_branch_operator' retrieved from /home/airflow/.local/lib/python3.12/site-packages/airflow/example_dags/example_branch_day_of_week_operator.py
[2026-07-24T17:09:47.448+0000] {logging_mixin.py:188} INFO - [2026-07-24T17:09:47.447+0000] {dag.py:3089} INFO - Sync 1 DAGs
[2026-07-24T17:09:47.492+0000] {logging_mixin.py:188} INFO - [2026-07-24T17:09:47.491+0000] {dag.py:3947} INFO - Setting next_dagrun for example_weekday_branch_operator to 2026-07-23 00:00:00+00:00, run_after=2026-07-24 00:00:00+00:00
[2026-07-24T17:09:47.554+0000] {processor.py:183} INFO - Processing /home/airflow/.local/lib/python3.12/site-packages/airflow/example_dags/example_branch_day_of_week_operator.py took 0.192 seconds
[2026-07-24T17:10:17.773+0000] {processor.py:161} INFO - Started process (PID=596) to work on /home/airflow/.local/lib/python3.12/site-packages/airflow/example_dags/example_branch_day_of_week_operator.py
[2026-07-24T17:10:17.776+0000] {processor.py:830} INFO - Processing file /home/airflow/.local/lib/python3.12/site-packages/airflow/example_dags/example_branch_day_of_week_operator.py for tasks to queue
[2026-07-24T17:10:17.781+0000] {logging_mixin.py:188} INFO - [2026-07-24T17:10:17.781+0000] {dagbag.py:545} INFO - Filling up the DagBag from /home/airflow/.local/lib/python3.12/site-packages/airflow/example_dags/example_branch_day_of_week_operator.py
[2026-07-24T17:10:17.800+0000] {processor.py:840} INFO - DAG(s) 'example_weekday_branch_operator' retrieved from /home/airflow/.local/lib/python3.12/site-packages/airflow/example_dags/example_branch_day_of_week_operator.py
[2026-07-24T17:10:17.860+0000] {logging_mixin.py:188} INFO - [2026-07-24T17:10:17.859+0000] {dag.py:3089} INFO - Sync 1 DAGs
[2026-07-24T17:10:17.904+0000] {logging_mixin.py:188} INFO - [2026-07-24T17:10:17.904+0000] {dag.py:3947} INFO - Setting next_dagrun for example_weekday_branch_operator to 2026-07-23 00:00:00+00:00, run_after=2026-07-24 00:00:00+00:00
[2026-07-24T17:10:17.943+0000] {processor.py:183} INFO - Processing /home/airflow/.local/lib/python3.12/site-packages/airflow/example_dags/example_branch_day_of_week_operator.py took 0.183 seconds
[2026-07-24T17:10:48.884+0000] {processor.py:161} INFO - Started process (PID=670) to work on /home/airflow/.local/lib/python3.12/site-packages/airflow/example_dags/example_branch_day_of_week_operator.py
[2026-07-24T17:10:48.887+0000] {processor.py:830} INFO - Processing file /home/airflow/.local/lib/python3.12/site-packages/airflow/example_dags/example_branch_day_of_week_operator.py for tasks to queue
[2026-07-24T17:10:48.895+0000] {logging_mixin.py:188} INFO - [2026-07-24T17:10:48.894+0000] {dagbag.py:545} INFO - Filling up the DagBag from /home/airflow/.local/lib/python3.12/site-packages/airflow/example_dags/example_branch_day_of_week_operator.py
[2026-07-24T17:10:48.928+0000] {processor.py:840} INFO - DAG(s) 'example_weekday_branch_operator' retrieved from /home/airflow/.local/lib/python3.12/site-packages/airflow/example_dags/example_branch_day_of_week_operator.py
[2026-07-24T17:10:48.986+0000] {logging_mixin.py:188} INFO - [2026-07-24T17:10:48.985+0000] {dag.py:3089} INFO - Sync 1 DAGs
[2026-07-24T17:10:49.057+0000] {logging_mixin.py:188} INFO - [2026-07-24T17:10:49.056+0000] {dag.py:3947} INFO - Setting next_dagrun for example_weekday_branch_operator to 2026-07-23 00:00:00+00:00, run_after=2026-07-24 00:00:00+00:00
[2026-07-24T17:10:49.134+0000] {processor.py:183} INFO - Processing /home/airflow/.local/lib/python3.12/site-packages/airflow/example_dags/example_branch_day_of_week_operator.py took 0.270 seconds
[2026-07-24T17:11:20.670+0000] {processor.py:161} INFO - Started process (PID=743) to work on /home/airflow/.local/lib/python3.12/site-packages/airflow/example_dags/example_branch_day_of_week_operator.py
[2026-07-24T17:11:20.676+0000] {processor.py:830} INFO - Processing file /home/airflow/.local/lib/python3.12/site-packages/airflow/example_dags/example_branch_day_of_week_operator.py for tasks to queue
[2026-07-24T17:11:20.683+0000] {logging_mixin.py:188} INFO - [2026-07-24T17:11:20.682+0000] {dagbag.py:545} INFO - Filling up the DagBag from /home/airflow/.local/lib/python3.12/site-packages/airflow/example_dags/example_branch_day_of_week_operator.py
[2026-07-24T17:11:20.706+0000] {processor.py:840} INFO - DAG(s) 'example_weekday_branch_operator' retrieved from /home/airflow/.local/lib/python3.12/site-packages/airflow/example_dags/example_branch_day_of_week_operator.py
[2026-07-24T17:11:20.765+0000] {logging_mixin.py:188} INFO - [2026-07-24T17:11:20.764+0000] {dag.py:3089} INFO - Sync 1 DAGs
[2026-07-24T17:11:20.823+0000] {logging_mixin.py:188} INFO - [2026-07-24T17:11:20.822+0000] {dag.py:3947} INFO - Setting next_dagrun for example_weekday_branch_operator to 2026-07-23 00:00:00+00:00, run_after=2026-07-24 00:00:00+00:00
[2026-07-24T17:11:20.876+0000] {processor.py:183} INFO - Processing /home/airflow/.local/lib/python3.12/site-packages/airflow/example_dags/example_branch_day_of_week_operator.py took 0.224 seconds
[2026-07-24T17:11:52.205+0000] {processor.py:161} INFO - Started process (PID=818) to work on /home/airflow/.local/lib/python3.12/site-packages/airflow/example_dags/example_branch_day_of_week_operator.py
[2026-07-24T17:11:52.208+0000] {processor.py:830} INFO - Processing file /home/airflow/.local/lib/python3.12/site-packages/airflow/example_dags/example_branch_day_of_week_operator.py for tasks to queue
[2026-07-24T17:11:52.214+0000] {logging_mixin.py:188} INFO - [2026-07-24T17:11:52.212+0000] {dagbag.py:545} INFO - Filling up the DagBag from /home/airflow/.local/lib/python3.12/site-packages/airflow/example_dags/example_branch_day_of_week_operator.py
[2026-07-24T17:11:52.236+0000] {processor.py:840} INFO - DAG(s) 'example_weekday_branch_operator' retrieved from /home/airflow/.local/lib/python3.12/site-packages/airflow/example_dags/example_branch_day_of_week_operator.py
[2026-07-24T17:11:52.293+0000] {logging_mixin.py:188} INFO - [2026-07-24T17:11:52.292+0000] {dag.py:3089} INFO - Sync 1 DAGs
[2026-07-24T17:11:52.360+0000] {logging_mixin.py:188} INFO - [2026-07-24T17:11:52.359+0000] {dag.py:3947} INFO - Setting next_dagrun for example_weekday_branch_operator to 2026-07-23 00:00:00+00:00, run_after=2026-07-24 00:00:00+00:00
[2026-07-24T17:11:52.405+0000] {processor.py:183} INFO - Processing /home/airflow/.local/lib/python3.12/site-packages/airflow/example_dags/example_branch_day_of_week_operator.py took 0.213 seconds
[2026-07-24T17:12:24.179+0000] {processor.py:161} INFO - Started process (PID=892) to work on /home/airflow/.local/lib/python3.12/site-packages/airflow/example_dags/example_branch_day_of_week_operator.py
[2026-07-24T17:12:24.188+0000] {processor.py:830} INFO - Processing file /home/airflow/.local/lib/python3.12/site-packages/airflow/example_dags/example_branch_day_of_week_operator.py for tasks to queue
[2026-07-24T17:12:24.202+0000] {logging_mixin.py:188} INFO - [2026-07-24T17:12:24.201+0000] {dagbag.py:545} INFO - Filling up the DagBag from /home/airflow/.local/lib/python3.12/site-packages/airflow/example_dags/example_branch_day_of_week_operator.py
[2026-07-24T17:12:24.243+0000] {processor.py:840} INFO - DAG(s) 'example_weekday_branch_operator' retrieved from /home/airflow/.local/lib/python3.12/site-packages/airflow/example_dags/example_branch_day_of_week_operator.py
[2026-07-24T17:12:24.319+0000] {logging_mixin.py:188} INFO - [2026-07-24T17:12:24.318+0000] {dag.py:3089} INFO - Sync 1 DAGs
[2026-07-24T17:12:24.387+0000] {logging_mixin.py:188} INFO - [2026-07-24T17:12:24.386+0000] {dag.py:3947} INFO - Setting next_dagrun for example_weekday_branch_operator to 2026-07-23 00:00:00+00:00, run_after=2026-07-24 00:00:00+00:00
[2026-07-24T17:12:24.457+0000] {processor.py:183} INFO - Processing /home/airflow/.local/lib/python3.12/site-packages/airflow/example_dags/example_branch_day_of_week_operator.py took 0.305 seconds
[2026-07-24T17:12:54.962+0000] {processor.py:161} INFO - Started process (PID=958) to work on /home/airflow/.local/lib/python3.12/site-packages/airflow/example_dags/example_branch_day_of_week_operator.py
[2026-07-24T17:12:54.964+0000] {processor.py:830} INFO - Processing file /home/airflow/.local/lib/python3.12/site-packages/airflow/example_dags/example_branch_day_of_week_operator.py for tasks to queue
[2026-07-24T17:12:54.970+0000] {logging_mixin.py:188} INFO - [2026-07-24T17:12:54.969+0000] {dagbag.py:545} INFO - Filling up the DagBag from /home/airflow/.local/lib/python3.12/site-packages/airflow/example_dags/example_branch_day_of_week_operator.py
[2026-07-24T17:12:54.986+0000] {processor.py:840} INFO - DAG(s) 'example_weekday_branch_operator' retrieved from /home/airflow/.local/lib/python3.12/site-packages/airflow/example_dags/example_branch_day_of_week_operator.py
[2026-07-24T17:12:55.045+0000] {logging_mixin.py:188} INFO - [2026-07-24T17:12:55.044+0000] {dag.py:3089} INFO - Sync 1 DAGs
[2026-07-24T17:12:55.111+0000] {logging_mixin.py:188} INFO - [2026-07-24T17:12:55.110+0000] {dag.py:3947} INFO - Setting next_dagrun for example_weekday_branch_operator to 2026-07-23 00:00:00+00:00, run_after=2026-07-24 00:00:00+00:00
[2026-07-24T17:12:55.167+0000] {processor.py:183} INFO - Processing /home/airflow/.local/lib/python3.12/site-packages/airflow/example_dags/example_branch_day_of_week_operator.py took 0.217 seconds
[2026-07-24T17:13:26.286+0000] {processor.py:161} INFO - Started process (PID=1031) to work on /home/airflow/.local/lib/python3.12/site-packages/airflow/example_dags/example_branch_day_of_week_operator.py
[2026-07-24T17:13:26.289+0000] {processor.py:830} INFO - Processing file /home/airflow/.local/lib/python3.12/site-packages/airflow/example_dags/example_branch_day_of_week_operator.py for tasks to queue
[2026-07-24T17:13:26.296+0000] {logging_mixin.py:188} INFO - [2026-07-24T17:13:26.294+0000] {dagbag.py:545} INFO - Filling up the DagBag from /home/airflow/.local/lib/python3.12/site-packages/airflow/example_dags/example_branch_day_of_week_operator.py
[2026-07-24T17:13:26.331+0000] {processor.py:840} INFO - DAG(s) 'example_weekday_branch_operator' retrieved from /home/airflow/.local/lib/python3.12/site-packages/airflow/example_dags/example_branch_day_of_week_operator.py
[2026-07-24T17:13:26.384+0000] {logging_mixin.py:188} INFO - [2026-07-24T17:13:26.384+0000] {dag.py:3089} INFO - Sync 1 DAGs
[2026-07-24T17:13:26.437+0000] {logging_mixin.py:188} INFO - [2026-07-24T17:13:26.436+0000] {dag.py:3947} INFO - Setting next_dagrun for example_weekday_branch_operator to 2026-07-23 00:00:00+00:00, run_after=2026-07-24 00:00:00+00:00
[2026-07-24T17:13:26.482+0000] {processor.py:183} INFO - Processing /home/airflow/.local/lib/python3.12/site-packages/airflow/example_dags/example_branch_day_of_week_operator.py took 0.206 seconds
[2026-07-24T17:13:57.982+0000] {processor.py:161} INFO - Started process (PID=1104) to work on /home/airflow/.local/lib/python3.12/site-packages/airflow/example_dags/example_branch_day_of_week_operator.py
[2026-07-24T17:13:57.985+0000] {processor.py:830} INFO - Processing file /home/airflow/.local/lib/python3.12/site-packages/airflow/example_dags/example_branch_day_of_week_operator.py for tasks to queue
[2026-07-24T17:13:57.991+0000] {logging_mixin.py:188} INFO - [2026-07-24T17:13:57.990+0000] {dagbag.py:545} INFO - Filling up the DagBag from /home/airflow/.local/lib/python3.12/site-packages/airflow/example_dags/example_branch_day_of_week_operator.py
[2026-07-24T17:13:58.008+0000] {processor.py:840} INFO - DAG(s) 'example_weekday_branch_operator' retrieved from /home/airflow/.local/lib/python3.12/site-packages/airflow/example_dags/example_branch_day_of_week_operator.py
[2026-07-24T17:13:58.062+0000] {logging_mixin.py:188} INFO - [2026-07-24T17:13:58.062+0000] {dag.py:3089} INFO - Sync 1 DAGs
[2026-07-24T17:13:58.117+0000] {logging_mixin.py:188} INFO - [2026-07-24T17:13:58.116+0000] {dag.py:3947} INFO - Setting next_dagrun for example_weekday_branch_operator to 2026-07-23 00:00:00+00:00, run_after=2026-07-24 00:00:00+00:00
[2026-07-24T17:13:58.206+0000] {processor.py:183} INFO - Processing /home/airflow/.local/lib/python3.12/site-packages/airflow/example_dags/example_branch_day_of_week_operator.py took 0.234 seconds
[2026-07-24T17:14:31.382+0000] {processor.py:161} INFO - Started process (PID=1178) to work on /home/airflow/.local/lib/python3.12/site-packages/airflow/example_dags/example_branch_day_of_week_operator.py
[2026-07-24T17:14:31.386+0000] {processor.py:830} INFO - Processing file /home/airflow/.local/lib/python3.12/site-packages/airflow/example_dags/example_branch_day_of_week_operator.py for tasks to queue
[2026-07-24T17:14:31.399+0000] {logging_mixin.py:188} INFO - [2026-07-24T17:14:31.398+0000] {dagbag.py:545} INFO - Filling up the DagBag from /home/airflow/.local/lib/python3.12/site-packages/airflow/example_dags/example_branch_day_of_week_operator.py
[2026-07-24T17:14:31.433+0000] {processor.py:840} INFO - DAG(s) 'example_weekday_branch_operator' retrieved from /home/airflow/.local/lib/python3.12/site-packages/airflow/example_dags/example_branch_day_of_week_operator.py
[2026-07-24T17:14:31.507+0000] {logging_mixin.py:188} INFO - [2026-07-24T17:14:31.506+0000] {dag.py:3089} INFO - Sync 1 DAGs
[2026-07-24T17:14:31.565+0000] {logging_mixin.py:188} INFO - [2026-07-24T17:14:31.564+0000] {dag.py:3947} INFO - Setting next_dagrun for example_weekday_branch_operator to 2026-07-23 00:00:00+00:00, run_after=2026-07-24 00:00:00+00:00
[2026-07-24T17:14:31.612+0000] {processor.py:183} INFO - Processing /home/airflow/.local/lib/python3.12/site-packages/airflow/example_dags/example_branch_day_of_week_operator.py took 0.257 seconds
[2026-07-24T17:15:01.851+0000] {processor.py:161} INFO - Started process (PID=1252) to work on /home/airflow/.local/lib/python3.12/site-packages/airflow/example_dags/example_branch_day_of_week_operator.py
[2026-07-24T17:15:01.854+0000] {processor.py:830} INFO - Processing file /home/airflow/.local/lib/python3.12/site-packages/airflow/example_dags/example_branch_day_of_week_operator.py for tasks to queue
[2026-07-24T17:15:01.859+0000] {logging_mixin.py:188} INFO - [2026-07-24T17:15:01.858+0000] {dagbag.py:545} INFO - Filling up the DagBag from /home/airflow/.local/lib/python3.12/site-packages/airflow/example_dags/example_branch_day_of_week_operator.py
[2026-07-24T17:15:01.876+0000] {processor.py:840} INFO - DAG(s) 'example_weekday_branch_operator' retrieved from /home/airflow/.local/lib/python3.12/site-packages/airflow/example_dags/example_branch_day_of_week_operator.py
[2026-07-24T17:15:01.910+0000] {logging_mixin.py:188} INFO - [2026-07-24T17:15:01.910+0000] {dag.py:3089} INFO - Sync 1 DAGs
[2026-07-24T17:15:01.943+0000] {logging_mixin.py:188} INFO - [2026-07-24T17:15:01.943+0000] {dag.py:3947} INFO - Setting next_dagrun for example_weekday_branch_operator to 2026-07-23 00:00:00+00:00, run_after=2026-07-24 00:00:00+00:00
[2026-07-24T17:15:01.976+0000] {processor.py:183} INFO - Processing /home/airflow/.local/lib/python3.12/site-packages/airflow/example_dags/example_branch_day_of_week_operator.py took 0.134 seconds
[2026-07-24T17:15:33.231+0000] {processor.py:161} INFO - Started process (PID=1325) to work on /home/airflow/.local/lib/python3.12/site-packages/airflow/example_dags/example_branch_day_of_week_operator.py
[2026-07-24T17:15:33.237+0000] {processor.py:830} INFO - Processing file /home/airflow/.local/lib/python3.12/site-packages/airflow/example_dags/example_branch_day_of_week_operator.py for tasks to queue
[2026-07-24T17:15:33.243+0000] {logging_mixin.py:188} INFO - [2026-07-24T17:15:33.242+0000] {dagbag.py:545} INFO - Filling up the DagBag from /home/airflow/.local/lib/python3.12/site-packages/airflow/example_dags/example_branch_day_of_week_operator.py
[2026-07-24T17:15:33.272+0000] {processor.py:840} INFO - DAG(s) 'example_weekday_branch_operator' retrieved from /home/airflow/.local/lib/python3.12/site-packages/airflow/example_dags/example_branch_day_of_week_operator.py
[2026-07-24T17:15:33.333+0000] {logging_mixin.py:188} INFO - [2026-07-24T17:15:33.333+0000] {dag.py:3089} INFO - Sync 1 DAGs
[2026-07-24T17:15:33.388+0000] {logging_mixin.py:188} INFO - [2026-07-24T17:15:33.388+0000] {dag.py:3947} INFO - Setting next_dagrun for example_weekday_branch_operator to 2026-07-23 00:00:00+00:00, run_after=2026-07-24 00:00:00+00:00
[2026-07-24T17:15:33.430+0000] {processor.py:183} INFO - Processing /home/airflow/.local/lib/python3.12/site-packages/airflow/example_dags/example_branch_day_of_week_operator.py took 0.216 seconds
[2026-07-24T17:16:05.108+0000] {processor.py:161} INFO - Started process (PID=1399) to work on /home/airflow/.local/lib/python3.12/site-packages/airflow/example_dags/example_branch_day_of_week_operator.py
[2026-07-24T17:16:05.109+0000] {processor.py:830} INFO - Processing file /home/airflow/.local/lib/python3.12/site-packages/airflow/example_dags/example_branch_day_of_week_operator.py for tasks to queue
[2026-07-24T17:16:05.114+0000] {logging_mixin.py:188} INFO - [2026-07-24T17:16:05.113+0000] {dagbag.py:545} INFO - Filling up the DagBag from /home/airflow/.local/lib/python3.12/site-packages/airflow/example_dags/example_branch_day_of_week_operator.py
[2026-07-24T17:16:05.127+0000] {processor.py:840} INFO - DAG(s) 'example_weekday_branch_operator' retrieved from /home/airflow/.local/lib/python3.12/site-packages/airflow/example_dags/example_branch_day_of_week_operator.py
[2026-07-24T17:16:05.160+0000] {logging_mixin.py:188} INFO - [2026-07-24T17:16:05.160+0000] {dag.py:3089} INFO - Sync 1 DAGs
[2026-07-24T17:16:05.192+0000] {logging_mixin.py:188} INFO - [2026-07-24T17:16:05.192+0000] {dag.py:3947} INFO - Setting next_dagrun for example_weekday_branch_operator to 2026-07-23 00:00:00+00:00, run_after=2026-07-24 00:00:00+00:00
[2026-07-24T17:16:05.256+0000] {processor.py:183} INFO - Processing /home/airflow/.local/lib/python3.12/site-packages/airflow/example_dags/example_branch_day_of_week_operator.py took 0.157 seconds
[2026-07-24T17:16:36.822+0000] {processor.py:161} INFO - Started process (PID=1472) to work on /home/airflow/.local/lib/python3.12/site-packages/airflow/example_dags/example_branch_day_of_week_operator.py
[2026-07-24T17:16:36.824+0000] {processor.py:830} INFO - Processing file /home/airflow/.local/lib/python3.12/site-packages/airflow/example_dags/example_branch_day_of_week_operator.py for tasks to queue
[2026-07-24T17:16:36.828+0000] {logging_mixin.py:188} INFO - [2026-07-24T17:16:36.828+0000] {dagbag.py:545} INFO - Filling up the DagBag from /home/airflow/.local/lib/python3.12/site-packages/airflow/example_dags/example_branch_day_of_week_operator.py
[2026-07-24T17:16:36.843+0000] {processor.py:840} INFO - DAG(s) 'example_weekday_branch_operator' retrieved from /home/airflow/.local/lib/python3.12/site-packages/airflow/example_dags/example_branch_day_of_week_operator.py
[2026-07-24T17:16:36.876+0000] {logging_mixin.py:188} INFO - [2026-07-24T17:16:36.876+0000] {dag.py:3089} INFO - Sync 1 DAGs
[2026-07-24T17:16:36.919+0000] {logging_mixin.py:188} INFO - [2026-07-24T17:16:36.918+0000] {dag.py:3947} INFO - Setting next_dagrun for example_weekday_branch_operator to 2026-07-23 00:00:00+00:00, run_after=2026-07-24 00:00:00+00:00
[2026-07-24T17:16:36.952+0000] {processor.py:183} INFO - Processing /home/airflow/.local/lib/python3.12/site-packages/airflow/example_dags/example_branch_day_of_week_operator.py took 0.140 seconds
[2026-07-24T17:17:07.922+0000] {processor.py:161} INFO - Started process (PID=1546) to work on /home/airflow/.local/lib/python3.12/site-packages/airflow/example_dags/example_branch_day_of_week_operator.py
[2026-07-24T17:17:07.925+0000] {processor.py:830} INFO - Processing file /home/airflow/.local/lib/python3.12/site-packages/airflow/example_dags/example_branch_day_of_week_operator.py for tasks to queue
[2026-07-24T17:17:07.929+0000] {logging_mixin.py:188} INFO - [2026-07-24T17:17:07.928+0000] {dagbag.py:545} INFO - Filling up the DagBag from /home/airflow/.local/lib/python3.12/site-packages/airflow/example_dags/example_branch_day_of_week_operator.py
[2026-07-24T17:17:07.939+0000] {processor.py:840} INFO - DAG(s) 'example_weekday_branch_operator' retrieved from /home/airflow/.local/lib/python3.12/site-packages/airflow/example_dags/example_branch_day_of_week_operator.py
[2026-07-24T17:17:07.972+0000] {logging_mixin.py:188} INFO - [2026-07-24T17:17:07.971+0000] {dag.py:3089} INFO - Sync 1 DAGs
[2026-07-24T17:17:08.002+0000] {logging_mixin.py:188} INFO - [2026-07-24T17:17:08.001+0000] {dag.py:3947} INFO - Setting next_dagrun for example_weekday_branch_operator to 2026-07-23 00:00:00+00:00, run_after=2026-07-24 00:00:00+00:00
[2026-07-24T17:17:08.044+0000] {processor.py:183} INFO - Processing /home/airflow/.local/lib/python3.12/site-packages/airflow/example_dags/example_branch_day_of_week_operator.py took 0.129 seconds
[2026-07-24T17:17:40.339+0000] {processor.py:161} INFO - Started process (PID=1619) to work on /home/airflow/.local/lib/python3.12/site-packages/airflow/example_dags/example_branch_day_of_week_operator.py
[2026-07-24T17:17:40.342+0000] {processor.py:830} INFO - Processing file /home/airflow/.local/lib/python3.12/site-packages/airflow/example_dags/example_branch_day_of_week_operator.py for tasks to queue
[2026-07-24T17:17:40.346+0000] {logging_mixin.py:188} INFO - [2026-07-24T17:17:40.346+0000] {dagbag.py:545} INFO - Filling up the DagBag from /home/airflow/.local/lib/python3.12/site-packages/airflow/example_dags/example_branch_day_of_week_operator.py
[2026-07-24T17:17:40.360+0000] {processor.py:840} INFO - DAG(s) 'example_weekday_branch_operator' retrieved from /home/airflow/.local/lib/python3.12/site-packages/airflow/example_dags/example_branch_day_of_week_operator.py
[2026-07-24T17:17:40.398+0000] {logging_mixin.py:188} INFO - [2026-07-24T17:17:40.398+0000] {dag.py:3089} INFO - Sync 1 DAGs
[2026-07-24T17:17:40.438+0000] {logging_mixin.py:188} INFO - [2026-07-24T17:17:40.437+0000] {dag.py:3947} INFO - Setting next_dagrun for example_weekday_branch_operator to 2026-07-23 00:00:00+00:00, run_after=2026-07-24 00:00:00+00:00
[2026-07-24T17:17:40.470+0000] {processor.py:183} INFO - Processing /home/airflow/.local/lib/python3.12/site-packages/airflow/example_dags/example_branch_day_of_week_operator.py took 0.142 seconds
[2026-07-24T17:18:12.324+0000] {processor.py:161} INFO - Started process (PID=1692) to work on /home/airflow/.local/lib/python3.12/site-packages/airflow/example_dags/example_branch_day_of_week_operator.py
[2026-07-24T17:18:12.327+0000] {processor.py:830} INFO - Processing file /home/airflow/.local/lib/python3.12/site-packages/airflow/example_dags/example_branch_day_of_week_operator.py for tasks to queue
[2026-07-24T17:18:12.331+0000] {logging_mixin.py:188} INFO - [2026-07-24T17:18:12.331+0000] {dagbag.py:545} INFO - Filling up the DagBag from /home/airflow/.local/lib/python3.12/site-packages/airflow/example_dags/example_branch_day_of_week_operator.py
[2026-07-24T17:18:12.344+0000] {processor.py:840} INFO - DAG(s) 'example_weekday_branch_operator' retrieved from /home/airflow/.local/lib/python3.12/site-packages/airflow/example_dags/example_branch_day_of_week_operator.py
[2026-07-24T17:18:12.385+0000] {logging_mixin.py:188} INFO - [2026-07-24T17:18:12.385+0000] {dag.py:3089} INFO - Sync 1 DAGs
[2026-07-24T17:18:12.425+0000] {logging_mixin.py:188} INFO - [2026-07-24T17:18:12.424+0000] {dag.py:3947} INFO - Setting next_dagrun for example_weekday_branch_operator to 2026-07-23 00:00:00+00:00, run_after=2026-07-24 00:00:00+00:00
[2026-07-24T17:18:12.461+0000] {processor.py:183} INFO - Processing /home/airflow/.local/lib/python3.12/site-packages/airflow/example_dags/example_branch_day_of_week_operator.py took 0.146 seconds
[2026-07-24T17:18:42.942+0000] {processor.py:161} INFO - Started process (PID=1766) to work on /home/airflow/.local/lib/python3.12/site-packages/airflow/example_dags/example_branch_day_of_week_operator.py
[2026-07-24T17:18:42.954+0000] {processor.py:830} INFO - Processing file /home/airflow/.local/lib/python3.12/site-packages/airflow/example_dags/example_branch_day_of_week_operator.py for tasks to queue
[2026-07-24T17:18:42.963+0000] {logging_mixin.py:188} INFO - [2026-07-24T17:18:42.962+0000] {dagbag.py:545} INFO - Filling up the DagBag from /home/airflow/.local/lib/python3.12/site-packages/airflow/example_dags/example_branch_day_of_week_operator.py
[2026-07-24T17:18:42.991+0000] {processor.py:840} INFO - DAG(s) 'example_weekday_branch_operator' retrieved from /home/airflow/.local/lib/python3.12/site-packages/airflow/example_dags/example_branch_day_of_week_operator.py
[2026-07-24T17:18:43.048+0000] {logging_mixin.py:188} INFO - [2026-07-24T17:18:43.047+0000] {dag.py:3089} INFO - Sync 1 DAGs
[2026-07-24T17:18:43.101+0000] {logging_mixin.py:188} INFO - [2026-07-24T17:18:43.100+0000] {dag.py:3947} INFO - Setting next_dagrun for example_weekday_branch_operator to 2026-07-23 00:00:00+00:00, run_after=2026-07-24 00:00:00+00:00
[2026-07-24T17:18:43.151+0000] {processor.py:183} INFO - Processing /home/airflow/.local/lib/python3.12/site-packages/airflow/example_dags/example_branch_day_of_week_operator.py took 0.262 seconds
[2026-07-24T17:19:14.247+0000] {processor.py:161} INFO - Started process (PID=1838) to work on /home/airflow/.local/lib/python3.12/site-packages/airflow/example_dags/example_branch_day_of_week_operator.py
[2026-07-24T17:19:14.250+0000] {processor.py:830} INFO - Processing file /home/airflow/.local/lib/python3.12/site-packages/airflow/example_dags/example_branch_day_of_week_operator.py for tasks to queue
[2026-07-24T17:19:14.255+0000] {logging_mixin.py:188} INFO - [2026-07-24T17:19:14.254+0000] {dagbag.py:545} INFO - Filling up the DagBag from /home/airflow/.local/lib/python3.12/site-packages/airflow/example_dags/example_branch_day_of_week_operator.py
[2026-07-24T17:19:14.269+0000] {processor.py:840} INFO - DAG(s) 'example_weekday_branch_operator' retrieved from /home/airflow/.local/lib/python3.12/site-packages/airflow/example_dags/example_branch_day_of_week_operator.py
[2026-07-24T17:19:14.303+0000] {logging_mixin.py:188} INFO - [2026-07-24T17:19:14.303+0000] {dag.py:3089} INFO - Sync 1 DAGs
[2026-07-24T17:19:14.373+0000] {logging_mixin.py:188} INFO - [2026-07-24T17:19:14.373+0000] {dag.py:3947} INFO - Setting next_dagrun for example_weekday_branch_operator to 2026-07-23 00:00:00+00:00, run_after=2026-07-24 00:00:00+00:00
[2026-07-24T17:19:14.414+0000] {processor.py:183} INFO - Processing /home/airflow/.local/lib/python3.12/site-packages/airflow/example_dags/example_branch_day_of_week_operator.py took 0.178 seconds
[2026-07-24T17:19:47.018+0000] {processor.py:161} INFO - Started process (PID=1911) to work on /home/airflow/.local/lib/python3.12/site-packages/airflow/example_dags/example_branch_day_of_week_operator.py
[2026-07-24T17:19:47.020+0000] {processor.py:830} INFO - Processing file /home/airflow/.local/lib/python3.12/site-packages/airflow/example_dags/example_branch_day_of_week_operator.py for tasks to queue
[2026-07-24T17:19:47.024+0000] {logging_mixin.py:188} INFO - [2026-07-24T17:19:47.023+0000] {dagbag.py:545} INFO - Filling up the DagBag from /home/airflow/.local/lib/python3.12/site-packages/airflow/example_dags/example_branch_day_of_week_operator.py
[2026-07-24T17:19:47.046+0000] {processor.py:840} INFO - DAG(s) 'example_weekday_branch_operator' retrieved from /home/airflow/.local/lib/python3.12/site-packages/airflow/example_dags/example_branch_day_of_week_operator.py
[2026-07-24T17:19:47.080+0000] {logging_mixin.py:188} INFO - [2026-07-24T17:19:47.080+0000] {dag.py:3089} INFO - Sync 1 DAGs
[2026-07-24T17:19:47.112+0000] {logging_mixin.py:188} INFO - [2026-07-24T17:19:47.111+0000] {dag.py:3947} INFO - Setting next_dagrun for example_weekday_branch_operator to 2026-07-23 00:00:00+00:00, run_after=2026-07-24 00:00:00+00:00
[2026-07-24T17:19:47.149+0000] {processor.py:183} INFO - Processing /home/airflow/.local/lib/python3.12/site-packages/airflow/example_dags/example_branch_day_of_week_operator.py took 0.139 seconds
[2026-07-24T17:20:18.769+0000] {processor.py:161} INFO - Started process (PID=1984) to work on /home/airflow/.local/lib/python3.12/site-packages/airflow/example_dags/example_branch_day_of_week_operator.py
[2026-07-24T17:20:18.774+0000] {processor.py:830} INFO - Processing file /home/airflow/.local/lib/python3.12/site-packages/airflow/example_dags/example_branch_day_of_week_operator.py for tasks to queue
[2026-07-24T17:20:18.780+0000] {logging_mixin.py:188} INFO - [2026-07-24T17:20:18.779+0000] {dagbag.py:545} INFO - Filling up the DagBag from /home/airflow/.local/lib/python3.12/site-packages/airflow/example_dags/example_branch_day_of_week_operator.py
[2026-07-24T17:20:18.806+0000] {processor.py:840} INFO - DAG(s) 'example_weekday_branch_operator' retrieved from /home/airflow/.local/lib/python3.12/site-packages/airflow/example_dags/example_branch_day_of_week_operator.py
[2026-07-24T17:20:18.875+0000] {logging_mixin.py:188} INFO - [2026-07-24T17:20:18.874+0000] {dag.py:3089} INFO - Sync 1 DAGs
[2026-07-24T17:20:18.980+0000] {logging_mixin.py:188} INFO - [2026-07-24T17:20:18.979+0000] {dag.py:3947} INFO - Setting next_dagrun for example_weekday_branch_operator to 2026-07-23 00:00:00+00:00, run_after=2026-07-24 00:00:00+00:00
[2026-07-24T17:20:19.049+0000] {processor.py:183} INFO - Processing /home/airflow/.local/lib/python3.12/site-packages/airflow/example_dags/example_branch_day_of_week_operator.py took 0.296 seconds
[2026-07-24T17:20:51.343+0000] {processor.py:161} INFO - Started process (PID=2058) to work on /home/airflow/.local/lib/python3.12/site-packages/airflow/example_dags/example_branch_day_of_week_operator.py
[2026-07-24T17:20:51.346+0000] {processor.py:830} INFO - Processing file /home/airflow/.local/lib/python3.12/site-packages/airflow/example_dags/example_branch_day_of_week_operator.py for tasks to queue
[2026-07-24T17:20:51.353+0000] {logging_mixin.py:188} INFO - [2026-07-24T17:20:51.352+0000] {dagbag.py:545} INFO - Filling up the DagBag from /home/airflow/.local/lib/python3.12/site-packages/airflow/example_dags/example_branch_day_of_week_operator.py
[2026-07-24T17:20:51.373+0000] {processor.py:840} INFO - DAG(s) 'example_weekday_branch_operator' retrieved from /home/airflow/.local/lib/python3.12/site-packages/airflow/example_dags/example_branch_day_of_week_operator.py
[2026-07-24T17:20:51.433+0000] {logging_mixin.py:188} INFO - [2026-07-24T17:20:51.432+0000] {dag.py:3089} INFO - Sync 1 DAGs
[2026-07-24T17:20:51.493+0000] {logging_mixin.py:188} INFO - [2026-07-24T17:20:51.493+0000] {dag.py:3947} INFO - Setting next_dagrun for example_weekday_branch_operator to 2026-07-23 00:00:00+00:00, run_after=2026-07-24 00:00:00+00:00
[2026-07-24T17:20:51.888+0000] {processor.py:183} INFO - Processing /home/airflow/.local/lib/python3.12/site-packages/airflow/example_dags/example_branch_day_of_week_operator.py took 0.555 seconds
[2026-07-24T17:21:22.220+0000] {processor.py:161} INFO - Started process (PID=2132) to work on /home/airflow/.local/lib/python3.12/site-packages/airflow/example_dags/example_branch_day_of_week_operator.py
[2026-07-24T17:21:22.223+0000] {processor.py:830} INFO - Processing file /home/airflow/.local/lib/python3.12/site-packages/airflow/example_dags/example_branch_day_of_week_operator.py for tasks to queue
[2026-07-24T17:21:22.227+0000] {logging_mixin.py:188} INFO - [2026-07-24T17:21:22.226+0000] {dagbag.py:545} INFO - Filling up the DagBag from /home/airflow/.local/lib/python3.12/site-packages/airflow/example_dags/example_branch_day_of_week_operator.py
[2026-07-24T17:21:22.241+0000] {processor.py:840} INFO - DAG(s) 'example_weekday_branch_operator' retrieved from /home/airflow/.local/lib/python3.12/site-packages/airflow/example_dags/example_branch_day_of_week_operator.py
[2026-07-24T17:21:22.278+0000] {logging_mixin.py:188} INFO - [2026-07-24T17:21:22.278+0000] {dag.py:3089} INFO - Sync 1 DAGs
[2026-07-24T17:21:22.326+0000] {logging_mixin.py:188} INFO - [2026-07-24T17:21:22.325+0000] {dag.py:3947} INFO - Setting next_dagrun for example_weekday_branch_operator to 2026-07-23 00:00:00+00:00, run_after=2026-07-24 00:00:00+00:00
[2026-07-24T17:21:22.632+0000] {processor.py:183} INFO - Processing /home/airflow/.local/lib/python3.12/site-packages/airflow/example_dags/example_branch_day_of_week_operator.py took 0.420 seconds
[2026-07-24T17:21:53.411+0000] {processor.py:161} INFO - Started process (PID=2205) to work on /home/airflow/.local/lib/python3.12/site-packages/airflow/example_dags/example_branch_day_of_week_operator.py
[2026-07-24T17:21:53.413+0000] {processor.py:830} INFO - Processing file /home/airflow/.local/lib/python3.12/site-packages/airflow/example_dags/example_branch_day_of_week_operator.py for tasks to queue
[2026-07-24T17:21:53.418+0000] {logging_mixin.py:188} INFO - [2026-07-24T17:21:53.417+0000] {dagbag.py:545} INFO - Filling up the DagBag from /home/airflow/.local/lib/python3.12/site-packages/airflow/example_dags/example_branch_day_of_week_operator.py
[2026-07-24T17:21:53.434+0000] {processor.py:840} INFO - DAG(s) 'example_weekday_branch_operator' retrieved from /home/airflow/.local/lib/python3.12/site-packages/airflow/example_dags/example_branch_day_of_week_operator.py
[2026-07-24T17:21:53.483+0000] {logging_mixin.py:188} INFO - [2026-07-24T17:21:53.482+0000] {dag.py:3089} INFO - Sync 1 DAGs
[2026-07-24T17:21:53.527+0000] {logging_mixin.py:188} INFO - [2026-07-24T17:21:53.527+0000] {dag.py:3947} INFO - Setting next_dagrun for example_weekday_branch_operator to 2026-07-23 00:00:00+00:00, run_after=2026-07-24 00:00:00+00:00
[2026-07-24T17:21:53.567+0000] {processor.py:183} INFO - Processing /home/airflow/.local/lib/python3.12/site-packages/airflow/example_dags/example_branch_day_of_week_operator.py took 0.166 seconds
[2026-07-24T17:22:24.698+0000] {processor.py:161} INFO - Started process (PID=2277) to work on /home/airflow/.local/lib/python3.12/site-packages/airflow/example_dags/example_branch_day_of_week_operator.py
[2026-07-24T17:22:24.700+0000] {processor.py:830} INFO - Processing file /home/airflow/.local/lib/python3.12/site-packages/airflow/example_dags/example_branch_day_of_week_operator.py for tasks to queue
[2026-07-24T17:22:24.705+0000] {logging_mixin.py:188} INFO - [2026-07-24T17:22:24.704+0000] {dagbag.py:545} INFO - Filling up the DagBag from /home/airflow/.local/lib/python3.12/site-packages/airflow/example_dags/example_branch_day_of_week_operator.py
[2026-07-24T17:22:24.723+0000] {processor.py:840} INFO - DAG(s) 'example_weekday_branch_operator' retrieved from /home/airflow/.local/lib/python3.12/site-packages/airflow/example_dags/example_branch_day_of_week_operator.py
[2026-07-24T17:22:24.767+0000] {logging_mixin.py:188} INFO - [2026-07-24T17:22:24.767+0000] {dag.py:3089} INFO - Sync 1 DAGs
[2026-07-24T17:22:24.811+0000] {logging_mixin.py:188} INFO - [2026-07-24T17:22:24.811+0000] {dag.py:3947} INFO - Setting next_dagrun for example_weekday_branch_operator to 2026-07-23 00:00:00+00:00, run_after=2026-07-24 00:00:00+00:00
[2026-07-24T17:22:24.844+0000] {processor.py:183} INFO - Processing /home/airflow/.local/lib/python3.12/site-packages/airflow/example_dags/example_branch_day_of_week_operator.py took 0.156 seconds
[2026-07-24T17:22:57.175+0000] {processor.py:161} INFO - Started process (PID=2357) to work on /home/airflow/.local/lib/python3.12/site-packages/airflow/example_dags/example_branch_day_of_week_operator.py
[2026-07-24T17:22:57.178+0000] {processor.py:830} INFO - Processing file /home/airflow/.local/lib/python3.12/site-packages/airflow/example_dags/example_branch_day_of_week_operator.py for tasks to queue
[2026-07-24T17:22:57.182+0000] {logging_mixin.py:188} INFO - [2026-07-24T17:22:57.181+0000] {dagbag.py:545} INFO - Filling up the DagBag from /home/airflow/.local/lib/python3.12/site-packages/airflow/example_dags/example_branch_day_of_week_operator.py
[2026-07-24T17:22:57.195+0000] {processor.py:840} INFO - DAG(s) 'example_weekday_branch_operator' retrieved from /home/airflow/.local/lib/python3.12/site-packages/airflow/example_dags/example_branch_day_of_week_operator.py
[2026-07-24T17:22:57.231+0000] {logging_mixin.py:188} INFO - [2026-07-24T17:22:57.230+0000] {dag.py:3089} INFO - Sync 1 DAGs
[2026-07-24T17:22:57.268+0000] {logging_mixin.py:188} INFO - [2026-07-24T17:22:57.268+0000] {dag.py:3947} INFO - Setting next_dagrun for example_weekday_branch_operator to 2026-07-23 00:00:00+00:00, run_after=2026-07-24 00:00:00+00:00
[2026-07-24T17:22:57.311+0000] {processor.py:183} INFO - Processing /home/airflow/.local/lib/python3.12/site-packages/airflow/example_dags/example_branch_day_of_week_operator.py took 0.145 seconds
[2026-07-24T17:23:30.578+0000] {processor.py:161} INFO - Started process (PID=2430) to work on /home/airflow/.local/lib/python3.12/site-packages/airflow/example_dags/example_branch_day_of_week_operator.py
[2026-07-24T17:23:30.580+0000] {processor.py:830} INFO - Processing file /home/airflow/.local/lib/python3.12/site-packages/airflow/example_dags/example_branch_day_of_week_operator.py for tasks to queue
[2026-07-24T17:23:30.584+0000] {logging_mixin.py:188} INFO - [2026-07-24T17:23:30.584+0000] {dagbag.py:545} INFO - Filling up the DagBag from /home/airflow/.local/lib/python3.12/site-packages/airflow/example_dags/example_branch_day_of_week_operator.py
[2026-07-24T17:23:30.599+0000] {processor.py:840} INFO - DAG(s) 'example_weekday_branch_operator' retrieved from /home/airflow/.local/lib/python3.12/site-packages/airflow/example_dags/example_branch_day_of_week_operator.py
[2026-07-24T17:23:30.644+0000] {logging_mixin.py:188} INFO - [2026-07-24T17:23:30.643+0000] {dag.py:3089} INFO - Sync 1 DAGs
[2026-07-24T17:23:31.019+0000] {logging_mixin.py:188} INFO - [2026-07-24T17:23:31.019+0000] {dag.py:3947} INFO - Setting next_dagrun for example_weekday_branch_operator to 2026-07-23 00:00:00+00:00, run_after=2026-07-24 00:00:00+00:00
[2026-07-24T17:23:31.056+0000] {processor.py:183} INFO - Processing /home/airflow/.local/lib/python3.12/site-packages/airflow/example_dags/example_branch_day_of_week_operator.py took 0.489 seconds
[2026-07-24T17:24:01.679+0000] {processor.py:161} INFO - Started process (PID=2503) to work on /home/airflow/.local/lib/python3.12/site-packages/airflow/example_dags/example_branch_day_of_week_operator.py
[2026-07-24T17:24:01.682+0000] {processor.py:830} INFO - Processing file /home/airflow/.local/lib/python3.12/site-packages/airflow/example_dags/example_branch_day_of_week_operator.py for tasks to queue
[2026-07-24T17:24:01.686+0000] {logging_mixin.py:188} INFO - [2026-07-24T17:24:01.685+0000] {dagbag.py:545} INFO - Filling up the DagBag from /home/airflow/.local/lib/python3.12/site-packages/airflow/example_dags/example_branch_day_of_week_operator.py
[2026-07-24T17:24:01.699+0000] {processor.py:840} INFO - DAG(s) 'example_weekday_branch_operator' retrieved from /home/airflow/.local/lib/python3.12/site-packages/airflow/example_dags/example_branch_day_of_week_operator.py
[2026-07-24T17:24:01.749+0000] {logging_mixin.py:188} INFO - [2026-07-24T17:24:01.748+0000] {dag.py:3089} INFO - Sync 1 DAGs
[2026-07-24T17:24:01.796+0000] {logging_mixin.py:188} INFO - [2026-07-24T17:24:01.796+0000] {dag.py:3947} INFO - Setting next_dagrun for example_weekday_branch_operator to 2026-07-23 00:00:00+00:00, run_after=2026-07-24 00:00:00+00:00
[2026-07-24T17:24:01.878+0000] {processor.py:183} INFO - Processing /home/airflow/.local/lib/python3.12/site-packages/airflow/example_dags/example_branch_day_of_week_operator.py took 0.210 seconds
[2026-07-24T17:24:32.121+0000] {processor.py:161} INFO - Started process (PID=2576) to work on /home/airflow/.local/lib/python3.12/site-packages/airflow/example_dags/example_branch_day_of_week_operator.py
[2026-07-24T17:24:32.124+0000] {processor.py:830} INFO - Processing file /home/airflow/.local/lib/python3.12/site-packages/airflow/example_dags/example_branch_day_of_week_operator.py for tasks to queue
[2026-07-24T17:24:32.134+0000] {logging_mixin.py:188} INFO - [2026-07-24T17:24:32.133+0000] {dagbag.py:545} INFO - Filling up the DagBag from /home/airflow/.local/lib/python3.12/site-packages/airflow/example_dags/example_branch_day_of_week_operator.py
[2026-07-24T17:24:32.165+0000] {processor.py:840} INFO - DAG(s) 'example_weekday_branch_operator' retrieved from /home/airflow/.local/lib/python3.12/site-packages/airflow/example_dags/example_branch_day_of_week_operator.py
[2026-07-24T17:24:32.225+0000] {logging_mixin.py:188} INFO - [2026-07-24T17:24:32.225+0000] {dag.py:3089} INFO - Sync 1 DAGs
[2026-07-24T17:24:32.292+0000] {logging_mixin.py:188} INFO - [2026-07-24T17:24:32.291+0000] {dag.py:3947} INFO - Setting next_dagrun for example_weekday_branch_operator to 2026-07-23 00:00:00+00:00, run_after=2026-07-24 00:00:00+00:00
[2026-07-24T17:24:32.359+0000] {processor.py:183} INFO - Processing /home/airflow/.local/lib/python3.12/site-packages/airflow/example_dags/example_branch_day_of_week_operator.py took 0.256 seconds
[2026-07-24T17:25:02.499+0000] {processor.py:161} INFO - Started process (PID=2649) to work on /home/airflow/.local/lib/python3.12/site-packages/airflow/example_dags/example_branch_day_of_week_operator.py
[2026-07-24T17:25:02.502+0000] {processor.py:830} INFO - Processing file /home/airflow/.local/lib/python3.12/site-packages/airflow/example_dags/example_branch_day_of_week_operator.py for tasks to queue
[2026-07-24T17:25:02.508+0000] {logging_mixin.py:188} INFO - [2026-07-24T17:25:02.507+0000] {dagbag.py:545} INFO - Filling up the DagBag from /home/airflow/.local/lib/python3.12/site-packages/airflow/example_dags/example_branch_day_of_week_operator.py
[2026-07-24T17:25:02.532+0000] {processor.py:840} INFO - DAG(s) 'example_weekday_branch_operator' retrieved from /home/airflow/.local/lib/python3.12/site-packages/airflow/example_dags/example_branch_day_of_week_operator.py
[2026-07-24T17:25:02.577+0000] {logging_mixin.py:188} INFO - [2026-07-24T17:25:02.576+0000] {dag.py:3089} INFO - Sync 1 DAGs
[2026-07-24T17:25:02.628+0000] {logging_mixin.py:188} INFO - [2026-07-24T17:25:02.627+0000] {dag.py:3947} INFO - Setting next_dagrun for example_weekday_branch_operator to 2026-07-23 00:00:00+00:00, run_after=2026-07-24 00:00:00+00:00
[2026-07-24T17:25:02.703+0000] {processor.py:183} INFO - Processing /home/airflow/.local/lib/python3.12/site-packages/airflow/example_dags/example_branch_day_of_week_operator.py took 0.219 seconds
[2026-07-24T17:25:32.961+0000] {processor.py:161} INFO - Started process (PID=2715) to work on /home/airflow/.local/lib/python3.12/site-packages/airflow/example_dags/example_branch_day_of_week_operator.py
[2026-07-24T17:25:32.964+0000] {processor.py:830} INFO - Processing file /home/airflow/.local/lib/python3.12/site-packages/airflow/example_dags/example_branch_day_of_week_operator.py for tasks to queue
[2026-07-24T17:25:32.970+0000] {logging_mixin.py:188} INFO - [2026-07-24T17:25:32.969+0000] {dagbag.py:545} INFO - Filling up the DagBag from /home/airflow/.local/lib/python3.12/site-packages/airflow/example_dags/example_branch_day_of_week_operator.py
[2026-07-24T17:25:32.986+0000] {processor.py:840} INFO - DAG(s) 'example_weekday_branch_operator' retrieved from /home/airflow/.local/lib/python3.12/site-packages/airflow/example_dags/example_branch_day_of_week_operator.py
[2026-07-24T17:25:33.031+0000] {logging_mixin.py:188} INFO - [2026-07-24T17:25:33.030+0000] {dag.py:3089} INFO - Sync 1 DAGs
[2026-07-24T17:25:33.121+0000] {logging_mixin.py:188} INFO - [2026-07-24T17:25:33.121+0000] {dag.py:3947} INFO - Setting next_dagrun for example_weekday_branch_operator to 2026-07-23 00:00:00+00:00, run_after=2026-07-24 00:00:00+00:00
[2026-07-24T17:25:33.182+0000] {processor.py:183} INFO - Processing /home/airflow/.local/lib/python3.12/site-packages/airflow/example_dags/example_branch_day_of_week_operator.py took 0.232 seconds
[2026-07-24T17:26:04.610+0000] {processor.py:161} INFO - Started process (PID=2791) to work on /home/airflow/.local/lib/python3.12/site-packages/airflow/example_dags/example_branch_day_of_week_operator.py
[2026-07-24T17:26:04.614+0000] {processor.py:830} INFO - Processing file /home/airflow/.local/lib/python3.12/site-packages/airflow/example_dags/example_branch_day_of_week_operator.py for tasks to queue
[2026-07-24T17:26:04.620+0000] {logging_mixin.py:188} INFO - [2026-07-24T17:26:04.619+0000] {dagbag.py:545} INFO - Filling up the DagBag from /home/airflow/.local/lib/python3.12/site-packages/airflow/example_dags/example_branch_day_of_week_operator.py
[2026-07-24T17:26:04.640+0000] {processor.py:840} INFO - DAG(s) 'example_weekday_branch_operator' retrieved from /home/airflow/.local/lib/python3.12/site-packages/airflow/example_dags/example_branch_day_of_week_operator.py
[2026-07-24T17:26:04.690+0000] {logging_mixin.py:188} INFO - [2026-07-24T17:26:04.690+0000] {dag.py:3089} INFO - Sync 1 DAGs
[2026-07-24T17:26:04.731+0000] {logging_mixin.py:188} INFO - [2026-07-24T17:26:04.730+0000] {dag.py:3947} INFO - Setting next_dagrun for example_weekday_branch_operator to 2026-07-23 00:00:00+00:00, run_after=2026-07-24 00:00:00+00:00
[2026-07-24T17:26:04.768+0000] {processor.py:183} INFO - Processing /home/airflow/.local/lib/python3.12/site-packages/airflow/example_dags/example_branch_day_of_week_operator.py took 0.171 seconds
[2026-07-24T17:26:34.965+0000] {processor.py:161} INFO - Started process (PID=2864) to work on /home/airflow/.local/lib/python3.12/site-packages/airflow/example_dags/example_branch_day_of_week_operator.py
[2026-07-24T17:26:34.967+0000] {processor.py:830} INFO - Processing file /home/airflow/.local/lib/python3.12/site-packages/airflow/example_dags/example_branch_day_of_week_operator.py for tasks to queue
[2026-07-24T17:26:34.970+0000] {logging_mixin.py:188} INFO - [2026-07-24T17:26:34.970+0000] {dagbag.py:545} INFO - Filling up the DagBag from /home/airflow/.local/lib/python3.12/site-packages/airflow/example_dags/example_branch_day_of_week_operator.py
[2026-07-24T17:26:34.983+0000] {processor.py:840} INFO - DAG(s) 'example_weekday_branch_operator' retrieved from /home/airflow/.local/lib/python3.12/site-packages/airflow/example_dags/example_branch_day_of_week_operator.py
[2026-07-24T17:26:35.020+0000] {logging_mixin.py:188} INFO - [2026-07-24T17:26:35.020+0000] {dag.py:3089} INFO - Sync 1 DAGs
[2026-07-24T17:26:35.056+0000] {logging_mixin.py:188} INFO - [2026-07-24T17:26:35.055+0000] {dag.py:3947} INFO - Setting next_dagrun for example_weekday_branch_operator to 2026-07-23 00:00:00+00:00, run_after=2026-07-24 00:00:00+00:00
[2026-07-24T17:26:35.095+0000] {processor.py:183} INFO - Processing /home/airflow/.local/lib/python3.12/site-packages/airflow/example_dags/example_branch_day_of_week_operator.py took 0.140 seconds
[2026-07-24T17:27:05.197+0000] {processor.py:161} INFO - Started process (PID=2936) to work on /home/airflow/.local/lib/python3.12/site-packages/airflow/example_dags/example_branch_day_of_week_operator.py
[2026-07-24T17:27:05.199+0000] {processor.py:830} INFO - Processing file /home/airflow/.local/lib/python3.12/site-packages/airflow/example_dags/example_branch_day_of_week_operator.py for tasks to queue
[2026-07-24T17:27:05.203+0000] {logging_mixin.py:188} INFO - [2026-07-24T17:27:05.203+0000] {dagbag.py:545} INFO - Filling up the DagBag from /home/airflow/.local/lib/python3.12/site-packages/airflow/example_dags/example_branch_day_of_week_operator.py
[2026-07-24T17:27:05.220+0000] {processor.py:840} INFO - DAG(s) 'example_weekday_branch_operator' retrieved from /home/airflow/.local/lib/python3.12/site-packages/airflow/example_dags/example_branch_day_of_week_operator.py
[2026-07-24T17:27:05.251+0000] {logging_mixin.py:188} INFO - [2026-07-24T17:27:05.251+0000] {dag.py:3089} INFO - Sync 1 DAGs
[2026-07-24T17:27:05.281+0000] {logging_mixin.py:188} INFO - [2026-07-24T17:27:05.280+0000] {dag.py:3947} INFO - Setting next_dagrun for example_weekday_branch_operator to 2026-07-23 00:00:00+00:00, run_after=2026-07-24 00:00:00+00:00
[2026-07-24T17:27:05.318+0000] {processor.py:183} INFO - Processing /home/airflow/.local/lib/python3.12/site-packages/airflow/example_dags/example_branch_day_of_week_operator.py took 0.131 seconds
[2026-07-24T17:27:37.131+0000] {processor.py:161} INFO - Started process (PID=3009) to work on /home/airflow/.local/lib/python3.12/site-packages/airflow/example_dags/example_branch_day_of_week_operator.py
[2026-07-24T17:27:37.134+0000] {processor.py:830} INFO - Processing file /home/airflow/.local/lib/python3.12/site-packages/airflow/example_dags/example_branch_day_of_week_operator.py for tasks to queue
[2026-07-24T17:27:37.139+0000] {logging_mixin.py:188} INFO - [2026-07-24T17:27:37.138+0000] {dagbag.py:545} INFO - Filling up the DagBag from /home/airflow/.local/lib/python3.12/site-packages/airflow/example_dags/example_branch_day_of_week_operator.py
[2026-07-24T17:27:37.159+0000] {processor.py:840} INFO - DAG(s) 'example_weekday_branch_operator' retrieved from /home/airflow/.local/lib/python3.12/site-packages/airflow/example_dags/example_branch_day_of_week_operator.py
[2026-07-24T17:27:37.204+0000] {logging_mixin.py:188} INFO - [2026-07-24T17:27:37.203+0000] {dag.py:3089} INFO - Sync 1 DAGs
[2026-07-24T17:27:37.266+0000] {logging_mixin.py:188} INFO - [2026-07-24T17:27:37.266+0000] {dag.py:3947} INFO - Setting next_dagrun for example_weekday_branch_operator to 2026-07-23 00:00:00+00:00, run_after=2026-07-24 00:00:00+00:00
[2026-07-24T17:27:37.306+0000] {processor.py:183} INFO - Processing /home/airflow/.local/lib/python3.12/site-packages/airflow/example_dags/example_branch_day_of_week_operator.py took 0.185 seconds
[2026-07-24T17:28:08.363+0000] {processor.py:161} INFO - Started process (PID=3082) to work on /home/airflow/.local/lib/python3.12/site-packages/airflow/example_dags/example_branch_day_of_week_operator.py
[2026-07-24T17:28:08.365+0000] {processor.py:830} INFO - Processing file /home/airflow/.local/lib/python3.12/site-packages/airflow/example_dags/example_branch_day_of_week_operator.py for tasks to queue
[2026-07-24T17:28:08.369+0000] {logging_mixin.py:188} INFO - [2026-07-24T17:28:08.369+0000] {dagbag.py:545} INFO - Filling up the DagBag from /home/airflow/.local/lib/python3.12/site-packages/airflow/example_dags/example_branch_day_of_week_operator.py
[2026-07-24T17:28:08.383+0000] {processor.py:840} INFO - DAG(s) 'example_weekday_branch_operator' retrieved from /home/airflow/.local/lib/python3.12/site-packages/airflow/example_dags/example_branch_day_of_week_operator.py
[2026-07-24T17:28:08.424+0000] {logging_mixin.py:188} INFO - [2026-07-24T17:28:08.423+0000] {dag.py:3089} INFO - Sync 1 DAGs
[2026-07-24T17:28:08.470+0000] {logging_mixin.py:188} INFO - [2026-07-24T17:28:08.469+0000] {dag.py:3947} INFO - Setting next_dagrun for example_weekday_branch_operator to 2026-07-23 00:00:00+00:00, run_after=2026-07-24 00:00:00+00:00
[2026-07-24T17:28:08.507+0000] {processor.py:183} INFO - Processing /home/airflow/.local/lib/python3.12/site-packages/airflow/example_dags/example_branch_day_of_week_operator.py took 0.155 seconds
[2026-07-24T17:28:40.132+0000] {processor.py:161} INFO - Started process (PID=3156) to work on /home/airflow/.local/lib/python3.12/site-packages/airflow/example_dags/example_branch_day_of_week_operator.py
[2026-07-24T17:28:40.135+0000] {processor.py:830} INFO - Processing file /home/airflow/.local/lib/python3.12/site-packages/airflow/example_dags/example_branch_day_of_week_operator.py for tasks to queue
[2026-07-24T17:28:40.140+0000] {logging_mixin.py:188} INFO - [2026-07-24T17:28:40.139+0000] {dagbag.py:545} INFO - Filling up the DagBag from /home/airflow/.local/lib/python3.12/site-packages/airflow/example_dags/example_branch_day_of_week_operator.py
[2026-07-24T17:28:40.156+0000] {processor.py:840} INFO - DAG(s) 'example_weekday_branch_operator' retrieved from /home/airflow/.local/lib/python3.12/site-packages/airflow/example_dags/example_branch_day_of_week_operator.py
[2026-07-24T17:28:40.205+0000] {logging_mixin.py:188} INFO - [2026-07-24T17:28:40.205+0000] {dag.py:3089} INFO - Sync 1 DAGs
[2026-07-24T17:28:40.264+0000] {logging_mixin.py:188} INFO - [2026-07-24T17:28:40.264+0000] {dag.py:3947} INFO - Setting next_dagrun for example_weekday_branch_operator to 2026-07-23 00:00:00+00:00, run_after=2026-07-24 00:00:00+00:00
[2026-07-24T17:28:40.325+0000] {processor.py:183} INFO - Processing /home/airflow/.local/lib/python3.12/site-packages/airflow/example_dags/example_branch_day_of_week_operator.py took 0.204 seconds
[2026-07-24T17:29:10.441+0000] {processor.py:161} INFO - Started process (PID=3229) to work on /home/airflow/.local/lib/python3.12/site-packages/airflow/example_dags/example_branch_day_of_week_operator.py
[2026-07-24T17:29:10.444+0000] {processor.py:830} INFO - Processing file /home/airflow/.local/lib/python3.12/site-packages/airflow/example_dags/example_branch_day_of_week_operator.py for tasks to queue
[2026-07-24T17:29:10.450+0000] {logging_mixin.py:188} INFO - [2026-07-24T17:29:10.449+0000] {dagbag.py:545} INFO - Filling up the DagBag from /home/airflow/.local/lib/python3.12/site-packages/airflow/example_dags/example_branch_day_of_week_operator.py
[2026-07-24T17:29:10.464+0000] {processor.py:840} INFO - DAG(s) 'example_weekday_branch_operator' retrieved from /home/airflow/.local/lib/python3.12/site-packages/airflow/example_dags/example_branch_day_of_week_operator.py
[2026-07-24T17:29:10.502+0000] {logging_mixin.py:188} INFO - [2026-07-24T17:29:10.502+0000] {dag.py:3089} INFO - Sync 1 DAGs
[2026-07-24T17:29:10.535+0000] {logging_mixin.py:188} INFO - [2026-07-24T17:29:10.535+0000] {dag.py:3947} INFO - Setting next_dagrun for example_weekday_branch_operator to 2026-07-23 00:00:00+00:00, run_after=2026-07-24 00:00:00+00:00
[2026-07-24T17:29:10.565+0000] {processor.py:183} INFO - Processing /home/airflow/.local/lib/python3.12/site-packages/airflow/example_dags/example_branch_day_of_week_operator.py took 0.140 seconds
[2026-07-24T17:29:43.036+0000] {processor.py:161} INFO - Started process (PID=3310) to work on /home/airflow/.local/lib/python3.12/site-packages/airflow/example_dags/example_branch_day_of_week_operator.py
[2026-07-24T17:29:43.039+0000] {processor.py:830} INFO - Processing file /home/airflow/.local/lib/python3.12/site-packages/airflow/example_dags/example_branch_day_of_week_operator.py for tasks to queue
[2026-07-24T17:29:43.045+0000] {logging_mixin.py:188} INFO - [2026-07-24T17:29:43.045+0000] {dagbag.py:545} INFO - Filling up the DagBag from /home/airflow/.local/lib/python3.12/site-packages/airflow/example_dags/example_branch_day_of_week_operator.py
[2026-07-24T17:29:43.064+0000] {processor.py:840} INFO - DAG(s) 'example_weekday_branch_operator' retrieved from /home/airflow/.local/lib/python3.12/site-packages/airflow/example_dags/example_branch_day_of_week_operator.py
[2026-07-24T17:29:43.115+0000] {logging_mixin.py:188} INFO - [2026-07-24T17:29:43.114+0000] {dag.py:3089} INFO - Sync 1 DAGs
[2026-07-24T17:29:43.166+0000] {logging_mixin.py:188} INFO - [2026-07-24T17:29:43.165+0000] {dag.py:3947} INFO - Setting next_dagrun for example_weekday_branch_operator to 2026-07-23 00:00:00+00:00, run_after=2026-07-24 00:00:00+00:00
[2026-07-24T17:29:43.225+0000] {processor.py:183} INFO - Processing /home/airflow/.local/lib/python3.12/site-packages/airflow/example_dags/example_branch_day_of_week_operator.py took 0.204 seconds
[2026-07-24T17:30:14.626+0000] {processor.py:161} INFO - Started process (PID=3383) to work on /home/airflow/.local/lib/python3.12/site-packages/airflow/example_dags/example_branch_day_of_week_operator.py
[2026-07-24T17:30:14.629+0000] {processor.py:830} INFO - Processing file /home/airflow/.local/lib/python3.12/site-packages/airflow/example_dags/example_branch_day_of_week_operator.py for tasks to queue
[2026-07-24T17:30:14.634+0000] {logging_mixin.py:188} INFO - [2026-07-24T17:30:14.633+0000] {dagbag.py:545} INFO - Filling up the DagBag from /home/airflow/.local/lib/python3.12/site-packages/airflow/example_dags/example_branch_day_of_week_operator.py
[2026-07-24T17:30:14.653+0000] {processor.py:840} INFO - DAG(s) 'example_weekday_branch_operator' retrieved from /home/airflow/.local/lib/python3.12/site-packages/airflow/example_dags/example_branch_day_of_week_operator.py
[2026-07-24T17:30:14.698+0000] {logging_mixin.py:188} INFO - [2026-07-24T17:30:14.697+0000] {dag.py:3089} INFO - Sync 1 DAGs
[2026-07-24T17:30:14.741+0000] {logging_mixin.py:188} INFO - [2026-07-24T17:30:14.741+0000] {dag.py:3947} INFO - Setting next_dagrun for example_weekday_branch_operator to 2026-07-23 00:00:00+00:00, run_after=2026-07-24 00:00:00+00:00
[2026-07-24T17:30:14.788+0000] {processor.py:183} INFO - Processing /home/airflow/.local/lib/python3.12/site-packages/airflow/example_dags/example_branch_day_of_week_operator.py took 0.177 seconds
[2026-07-24T17:30:45.029+0000] {processor.py:161} INFO - Started process (PID=3456) to work on /home/airflow/.local/lib/python3.12/site-packages/airflow/example_dags/example_branch_day_of_week_operator.py
[2026-07-24T17:30:45.032+0000] {processor.py:830} INFO - Processing file /home/airflow/.local/lib/python3.12/site-packages/airflow/example_dags/example_branch_day_of_week_operator.py for tasks to queue
[2026-07-24T17:30:45.037+0000] {logging_mixin.py:188} INFO - [2026-07-24T17:30:45.036+0000] {dagbag.py:545} INFO - Filling up the DagBag from /home/airflow/.local/lib/python3.12/site-packages/airflow/example_dags/example_branch_day_of_week_operator.py
[2026-07-24T17:30:45.051+0000] {processor.py:840} INFO - DAG(s) 'example_weekday_branch_operator' retrieved from /home/airflow/.local/lib/python3.12/site-packages/airflow/example_dags/example_branch_day_of_week_operator.py
[2026-07-24T17:30:45.091+0000] {logging_mixin.py:188} INFO - [2026-07-24T17:30:45.091+0000] {dag.py:3089} INFO - Sync 1 DAGs
[2026-07-24T17:30:45.134+0000] {logging_mixin.py:188} INFO - [2026-07-24T17:30:45.133+0000] {dag.py:3947} INFO - Setting next_dagrun for example_weekday_branch_operator to 2026-07-23 00:00:00+00:00, run_after=2026-07-24 00:00:00+00:00
[2026-07-24T17:30:45.166+0000] {processor.py:183} INFO - Processing /home/airflow/.local/lib/python3.12/site-packages/airflow/example_dags/example_branch_day_of_week_operator.py took 0.147 seconds
[2026-07-24T17:31:15.648+0000] {processor.py:161} INFO - Started process (PID=3522) to work on /home/airflow/.local/lib/python3.12/site-packages/airflow/example_dags/example_branch_day_of_week_operator.py
[2026-07-24T17:31:15.650+0000] {processor.py:830} INFO - Processing file /home/airflow/.local/lib/python3.12/site-packages/airflow/example_dags/example_branch_day_of_week_operator.py for tasks to queue
[2026-07-24T17:31:15.654+0000] {logging_mixin.py:188} INFO - [2026-07-24T17:31:15.653+0000] {dagbag.py:545} INFO - Filling up the DagBag from /home/airflow/.local/lib/python3.12/site-packages/airflow/example_dags/example_branch_day_of_week_operator.py
[2026-07-24T17:31:15.664+0000] {processor.py:840} INFO - DAG(s) 'example_weekday_branch_operator' retrieved from /home/airflow/.local/lib/python3.12/site-packages/airflow/example_dags/example_branch_day_of_week_operator.py
[2026-07-24T17:31:15.703+0000] {logging_mixin.py:188} INFO - [2026-07-24T17:31:15.702+0000] {dag.py:3089} INFO - Sync 1 DAGs
[2026-07-24T17:31:15.737+0000] {logging_mixin.py:188} INFO - [2026-07-24T17:31:15.737+0000] {dag.py:3947} INFO - Setting next_dagrun for example_weekday_branch_operator to 2026-07-23 00:00:00+00:00, run_after=2026-07-24 00:00:00+00:00
[2026-07-24T17:31:15.780+0000] {processor.py:183} INFO - Processing /home/airflow/.local/lib/python3.12/site-packages/airflow/example_dags/example_branch_day_of_week_operator.py took 0.139 seconds
[2026-07-24T17:31:47.731+0000] {processor.py:161} INFO - Started process (PID=3596) to work on /home/airflow/.local/lib/python3.12/site-packages/airflow/example_dags/example_branch_day_of_week_operator.py
[2026-07-24T17:31:47.734+0000] {processor.py:830} INFO - Processing file /home/airflow/.local/lib/python3.12/site-packages/airflow/example_dags/example_branch_day_of_week_operator.py for tasks to queue
[2026-07-24T17:31:47.738+0000] {logging_mixin.py:188} INFO - [2026-07-24T17:31:47.738+0000] {dagbag.py:545} INFO - Filling up the DagBag from /home/airflow/.local/lib/python3.12/site-packages/airflow/example_dags/example_branch_day_of_week_operator.py
[2026-07-24T17:31:47.755+0000] {processor.py:840} INFO - DAG(s) 'example_weekday_branch_operator' retrieved from /home/airflow/.local/lib/python3.12/site-packages/airflow/example_dags/example_branch_day_of_week_operator.py
[2026-07-24T17:31:47.797+0000] {logging_mixin.py:188} INFO - [2026-07-24T17:31:47.796+0000] {dag.py:3089} INFO - Sync 1 DAGs
[2026-07-24T17:31:47.891+0000] {logging_mixin.py:188} INFO - [2026-07-24T17:31:47.891+0000] {dag.py:3947} INFO - Setting next_dagrun for example_weekday_branch_operator to 2026-07-23 00:00:00+00:00, run_after=2026-07-24 00:00:00+00:00
[2026-07-24T17:31:47.959+0000] {processor.py:183} INFO - Processing /home/airflow/.local/lib/python3.12/site-packages/airflow/example_dags/example_branch_day_of_week_operator.py took 0.240 seconds
[2026-07-24T17:32:18.163+0000] {processor.py:161} INFO - Started process (PID=3669) to work on /home/airflow/.local/lib/python3.12/site-packages/airflow/example_dags/example_branch_day_of_week_operator.py
[2026-07-24T17:32:18.165+0000] {processor.py:830} INFO - Processing file /home/airflow/.local/lib/python3.12/site-packages/airflow/example_dags/example_branch_day_of_week_operator.py for tasks to queue
[2026-07-24T17:32:18.169+0000] {logging_mixin.py:188} INFO - [2026-07-24T17:32:18.168+0000] {dagbag.py:545} INFO - Filling up the DagBag from /home/airflow/.local/lib/python3.12/site-packages/airflow/example_dags/example_branch_day_of_week_operator.py
[2026-07-24T17:32:18.180+0000] {processor.py:840} INFO - DAG(s) 'example_weekday_branch_operator' retrieved from /home/airflow/.local/lib/python3.12/site-packages/airflow/example_dags/example_branch_day_of_week_operator.py
[2026-07-24T17:32:18.210+0000] {logging_mixin.py:188} INFO - [2026-07-24T17:32:18.209+0000] {dag.py:3089} INFO - Sync 1 DAGs
[2026-07-24T17:32:18.239+0000] {logging_mixin.py:188} INFO - [2026-07-24T17:32:18.239+0000] {dag.py:3947} INFO - Setting next_dagrun for example_weekday_branch_operator to 2026-07-23 00:00:00+00:00, run_after=2026-07-24 00:00:00+00:00
[2026-07-24T17:32:18.269+0000] {processor.py:183} INFO - Processing /home/airflow/.local/lib/python3.12/site-packages/airflow/example_dags/example_branch_day_of_week_operator.py took 0.115 seconds
[2026-07-24T17:32:48.769+0000] {processor.py:161} INFO - Started process (PID=3743) to work on /home/airflow/.local/lib/python3.12/site-packages/airflow/example_dags/example_branch_day_of_week_operator.py
[2026-07-24T17:32:48.772+0000] {processor.py:830} INFO - Processing file /home/airflow/.local/lib/python3.12/site-packages/airflow/example_dags/example_branch_day_of_week_operator.py for tasks to queue
[2026-07-24T17:32:48.776+0000] {logging_mixin.py:188} INFO - [2026-07-24T17:32:48.775+0000] {dagbag.py:545} INFO - Filling up the DagBag from /home/airflow/.local/lib/python3.12/site-packages/airflow/example_dags/example_branch_day_of_week_operator.py
[2026-07-24T17:32:48.789+0000] {processor.py:840} INFO - DAG(s) 'example_weekday_branch_operator' retrieved from /home/airflow/.local/lib/python3.12/site-packages/airflow/example_dags/example_branch_day_of_week_operator.py
[2026-07-24T17:32:48.822+0000] {logging_mixin.py:188} INFO - [2026-07-24T17:32:48.821+0000] {dag.py:3089} INFO - Sync 1 DAGs
[2026-07-24T17:32:48.855+0000] {logging_mixin.py:188} INFO - [2026-07-24T17:32:48.855+0000] {dag.py:3947} INFO - Setting next_dagrun for example_weekday_branch_operator to 2026-07-23 00:00:00+00:00, run_after=2026-07-24 00:00:00+00:00
[2026-07-24T17:32:48.891+0000] {processor.py:183} INFO - Processing /home/airflow/.local/lib/python3.12/site-packages/airflow/example_dags/example_branch_day_of_week_operator.py took 0.131 seconds
[2026-07-24T17:33:20.325+0000] {processor.py:161} INFO - Started process (PID=3815) to work on /home/airflow/.local/lib/python3.12/site-packages/airflow/example_dags/example_branch_day_of_week_operator.py
[2026-07-24T17:33:20.328+0000] {processor.py:830} INFO - Processing file /home/airflow/.local/lib/python3.12/site-packages/airflow/example_dags/example_branch_day_of_week_operator.py for tasks to queue
[2026-07-24T17:33:20.332+0000] {logging_mixin.py:188} INFO - [2026-07-24T17:33:20.332+0000] {dagbag.py:545} INFO - Filling up the DagBag from /home/airflow/.local/lib/python3.12/site-packages/airflow/example_dags/example_branch_day_of_week_operator.py
[2026-07-24T17:33:20.346+0000] {processor.py:840} INFO - DAG(s) 'example_weekday_branch_operator' retrieved from /home/airflow/.local/lib/python3.12/site-packages/airflow/example_dags/example_branch_day_of_week_operator.py
[2026-07-24T17:33:20.381+0000] {logging_mixin.py:188} INFO - [2026-07-24T17:33:20.381+0000] {dag.py:3089} INFO - Sync 1 DAGs
[2026-07-24T17:33:20.416+0000] {logging_mixin.py:188} INFO - [2026-07-24T17:33:20.416+0000] {dag.py:3947} INFO - Setting next_dagrun for example_weekday_branch_operator to 2026-07-23 00:00:00+00:00, run_after=2026-07-24 00:00:00+00:00
[2026-07-24T17:33:20.447+0000] {processor.py:183} INFO - Processing /home/airflow/.local/lib/python3.12/site-packages/airflow/example_dags/example_branch_day_of_week_operator.py took 0.131 seconds
[2026-07-24T17:33:51.644+0000] {processor.py:161} INFO - Started process (PID=3890) to work on /home/airflow/.local/lib/python3.12/site-packages/airflow/example_dags/example_branch_day_of_week_operator.py
[2026-07-24T17:33:51.648+0000] {processor.py:830} INFO - Processing file /home/airflow/.local/lib/python3.12/site-packages/airflow/example_dags/example_branch_day_of_week_operator.py for tasks to queue
[2026-07-24T17:33:51.654+0000] {logging_mixin.py:188} INFO - [2026-07-24T17:33:51.653+0000] {dagbag.py:545} INFO - Filling up the DagBag from /home/airflow/.local/lib/python3.12/site-packages/airflow/example_dags/example_branch_day_of_week_operator.py
[2026-07-24T17:33:51.691+0000] {processor.py:840} INFO - DAG(s) 'example_weekday_branch_operator' retrieved from /home/airflow/.local/lib/python3.12/site-packages/airflow/example_dags/example_branch_day_of_week_operator.py
[2026-07-24T17:33:51.883+0000] {logging_mixin.py:188} INFO - [2026-07-24T17:33:51.882+0000] {dag.py:3089} INFO - Sync 1 DAGs
[2026-07-24T17:33:52.141+0000] {logging_mixin.py:188} INFO - [2026-07-24T17:33:52.140+0000] {dag.py:3947} INFO - Setting next_dagrun for example_weekday_branch_operator to 2026-07-23 00:00:00+00:00, run_after=2026-07-24 00:00:00+00:00
[2026-07-24T17:33:52.274+0000] {processor.py:183} INFO - Processing /home/airflow/.local/lib/python3.12/site-packages/airflow/example_dags/example_branch_day_of_week_operator.py took 0.647 seconds
[2026-07-24T17:34:23.052+0000] {processor.py:161} INFO - Started process (PID=3964) to work on /home/airflow/.local/lib/python3.12/site-packages/airflow/example_dags/example_branch_day_of_week_operator.py
[2026-07-24T17:34:23.057+0000] {processor.py:830} INFO - Processing file /home/airflow/.local/lib/python3.12/site-packages/airflow/example_dags/example_branch_day_of_week_operator.py for tasks to queue
[2026-07-24T17:34:23.062+0000] {logging_mixin.py:188} INFO - [2026-07-24T17:34:23.062+0000] {dagbag.py:545} INFO - Filling up the DagBag from /home/airflow/.local/lib/python3.12/site-packages/airflow/example_dags/example_branch_day_of_week_operator.py
[2026-07-24T17:34:23.084+0000] {processor.py:840} INFO - DAG(s) 'example_weekday_branch_operator' retrieved from /home/airflow/.local/lib/python3.12/site-packages/airflow/example_dags/example_branch_day_of_week_operator.py
[2026-07-24T17:34:23.135+0000] {logging_mixin.py:188} INFO - [2026-07-24T17:34:23.135+0000] {dag.py:3089} INFO - Sync 1 DAGs
[2026-07-24T17:34:23.193+0000] {logging_mixin.py:188} INFO - [2026-07-24T17:34:23.192+0000] {dag.py:3947} INFO - Setting next_dagrun for example_weekday_branch_operator to 2026-07-23 00:00:00+00:00, run_after=2026-07-24 00:00:00+00:00
[2026-07-24T17:34:23.265+0000] {processor.py:183} INFO - Processing /home/airflow/.local/lib/python3.12/site-packages/airflow/example_dags/example_branch_day_of_week_operator.py took 0.226 seconds
[2026-07-24T17:34:54.043+0000] {processor.py:161} INFO - Started process (PID=4037) to work on /home/airflow/.local/lib/python3.12/site-packages/airflow/example_dags/example_branch_day_of_week_operator.py
[2026-07-24T17:34:54.046+0000] {processor.py:830} INFO - Processing file /home/airflow/.local/lib/python3.12/site-packages/airflow/example_dags/example_branch_day_of_week_operator.py for tasks to queue
[2026-07-24T17:34:54.050+0000] {logging_mixin.py:188} INFO - [2026-07-24T17:34:54.049+0000] {dagbag.py:545} INFO - Filling up the DagBag from /home/airflow/.local/lib/python3.12/site-packages/airflow/example_dags/example_branch_day_of_week_operator.py
[2026-07-24T17:34:54.067+0000] {processor.py:840} INFO - DAG(s) 'example_weekday_branch_operator' retrieved from /home/airflow/.local/lib/python3.12/site-packages/airflow/example_dags/example_branch_day_of_week_operator.py
[2026-07-24T17:34:54.125+0000] {logging_mixin.py:188} INFO - [2026-07-24T17:34:54.124+0000] {dag.py:3089} INFO - Sync 1 DAGs
[2026-07-24T17:34:54.174+0000] {logging_mixin.py:188} INFO - [2026-07-24T17:34:54.174+0000] {dag.py:3947} INFO - Setting next_dagrun for example_weekday_branch_operator to 2026-07-23 00:00:00+00:00, run_after=2026-07-24 00:00:00+00:00
[2026-07-24T17:34:54.212+0000] {processor.py:183} INFO - Processing /home/airflow/.local/lib/python3.12/site-packages/airflow/example_dags/example_branch_day_of_week_operator.py took 0.179 seconds
[2026-07-24T17:35:25.532+0000] {processor.py:161} INFO - Started process (PID=4111) to work on /home/airflow/.local/lib/python3.12/site-packages/airflow/example_dags/example_branch_day_of_week_operator.py
[2026-07-24T17:35:25.536+0000] {processor.py:830} INFO - Processing file /home/airflow/.local/lib/python3.12/site-packages/airflow/example_dags/example_branch_day_of_week_operator.py for tasks to queue
[2026-07-24T17:35:25.541+0000] {logging_mixin.py:188} INFO - [2026-07-24T17:35:25.540+0000] {dagbag.py:545} INFO - Filling up the DagBag from /home/airflow/.local/lib/python3.12/site-packages/airflow/example_dags/example_branch_day_of_week_operator.py
[2026-07-24T17:35:25.554+0000] {processor.py:840} INFO - DAG(s) 'example_weekday_branch_operator' retrieved from /home/airflow/.local/lib/python3.12/site-packages/airflow/example_dags/example_branch_day_of_week_operator.py
[2026-07-24T17:35:25.592+0000] {logging_mixin.py:188} INFO - [2026-07-24T17:35:25.591+0000] {dag.py:3089} INFO - Sync 1 DAGs
[2026-07-24T17:35:25.626+0000] {logging_mixin.py:188} INFO - [2026-07-24T17:35:25.625+0000] {dag.py:3947} INFO - Setting next_dagrun for example_weekday_branch_operator to 2026-07-23 00:00:00+00:00, run_after=2026-07-24 00:00:00+00:00
[2026-07-24T17:35:25.670+0000] {processor.py:183} INFO - Processing /home/airflow/.local/lib/python3.12/site-packages/airflow/example_dags/example_branch_day_of_week_operator.py took 0.149 seconds
[2026-07-24T17:35:57.312+0000] {processor.py:161} INFO - Started process (PID=4184) to work on /home/airflow/.local/lib/python3.12/site-packages/airflow/example_dags/example_branch_day_of_week_operator.py
[2026-07-24T17:35:57.314+0000] {processor.py:830} INFO - Processing file /home/airflow/.local/lib/python3.12/site-packages/airflow/example_dags/example_branch_day_of_week_operator.py for tasks to queue
[2026-07-24T17:35:57.318+0000] {logging_mixin.py:188} INFO - [2026-07-24T17:35:57.317+0000] {dagbag.py:545} INFO - Filling up the DagBag from /home/airflow/.local/lib/python3.12/site-packages/airflow/example_dags/example_branch_day_of_week_operator.py
[2026-07-24T17:35:57.331+0000] {processor.py:840} INFO - DAG(s) 'example_weekday_branch_operator' retrieved from /home/airflow/.local/lib/python3.12/site-packages/airflow/example_dags/example_branch_day_of_week_operator.py
[2026-07-24T17:35:57.364+0000] {logging_mixin.py:188} INFO - [2026-07-24T17:35:57.364+0000] {dag.py:3089} INFO - Sync 1 DAGs
[2026-07-24T17:35:57.398+0000] {logging_mixin.py:188} INFO - [2026-07-24T17:35:57.398+0000] {dag.py:3947} INFO - Setting next_dagrun for example_weekday_branch_operator to 2026-07-23 00:00:00+00:00, run_after=2026-07-24 00:00:00+00:00
[2026-07-24T17:35:57.440+0000] {processor.py:183} INFO - Processing /home/airflow/.local/lib/python3.12/site-packages/airflow/example_dags/example_branch_day_of_week_operator.py took 0.138 seconds
[2026-07-24T17:36:27.677+0000] {processor.py:161} INFO - Started process (PID=4257) to work on /home/airflow/.local/lib/python3.12/site-packages/airflow/example_dags/example_branch_day_of_week_operator.py
[2026-07-24T17:36:27.680+0000] {processor.py:830} INFO - Processing file /home/airflow/.local/lib/python3.12/site-packages/airflow/example_dags/example_branch_day_of_week_operator.py for tasks to queue
[2026-07-24T17:36:27.685+0000] {logging_mixin.py:188} INFO - [2026-07-24T17:36:27.684+0000] {dagbag.py:545} INFO - Filling up the DagBag from /home/airflow/.local/lib/python3.12/site-packages/airflow/example_dags/example_branch_day_of_week_operator.py
[2026-07-24T17:36:27.699+0000] {processor.py:840} INFO - DAG(s) 'example_weekday_branch_operator' retrieved from /home/airflow/.local/lib/python3.12/site-packages/airflow/example_dags/example_branch_day_of_week_operator.py
[2026-07-24T17:36:27.734+0000] {logging_mixin.py:188} INFO - [2026-07-24T17:36:27.733+0000] {dag.py:3089} INFO - Sync 1 DAGs
[2026-07-24T17:36:27.767+0000] {logging_mixin.py:188} INFO - [2026-07-24T17:36:27.767+0000] {dag.py:3947} INFO - Setting next_dagrun for example_weekday_branch_operator to 2026-07-23 00:00:00+00:00, run_after=2026-07-24 00:00:00+00:00
[2026-07-24T17:36:27.799+0000] {processor.py:183} INFO - Processing /home/airflow/.local/lib/python3.12/site-packages/airflow/example_dags/example_branch_day_of_week_operator.py took 0.132 seconds
[2026-07-24T17:36:58.211+0000] {processor.py:161} INFO - Started process (PID=4330) to work on /home/airflow/.local/lib/python3.12/site-packages/airflow/example_dags/example_branch_day_of_week_operator.py
[2026-07-24T17:36:58.214+0000] {processor.py:830} INFO - Processing file /home/airflow/.local/lib/python3.12/site-packages/airflow/example_dags/example_branch_day_of_week_operator.py for tasks to queue
[2026-07-24T17:36:58.218+0000] {logging_mixin.py:188} INFO - [2026-07-24T17:36:58.218+0000] {dagbag.py:545} INFO - Filling up the DagBag from /home/airflow/.local/lib/python3.12/site-packages/airflow/example_dags/example_branch_day_of_week_operator.py
[2026-07-24T17:36:58.232+0000] {processor.py:840} INFO - DAG(s) 'example_weekday_branch_operator' retrieved from /home/airflow/.local/lib/python3.12/site-packages/airflow/example_dags/example_branch_day_of_week_operator.py
[2026-07-24T17:36:58.269+0000] {logging_mixin.py:188} INFO - [2026-07-24T17:36:58.269+0000] {dag.py:3089} INFO - Sync 1 DAGs
[2026-07-24T17:36:58.303+0000] {logging_mixin.py:188} INFO - [2026-07-24T17:36:58.303+0000] {dag.py:3947} INFO - Setting next_dagrun for example_weekday_branch_operator to 2026-07-23 00:00:00+00:00, run_after=2026-07-24 00:00:00+00:00
[2026-07-24T17:36:58.338+0000] {processor.py:183} INFO - Processing /home/airflow/.local/lib/python3.12/site-packages/airflow/example_dags/example_branch_day_of_week_operator.py took 0.135 seconds
[2026-07-24T17:37:30.703+0000] {processor.py:161} INFO - Started process (PID=4403) to work on /home/airflow/.local/lib/python3.12/site-packages/airflow/example_dags/example_branch_day_of_week_operator.py
[2026-07-24T17:37:30.705+0000] {processor.py:830} INFO - Processing file /home/airflow/.local/lib/python3.12/site-packages/airflow/example_dags/example_branch_day_of_week_operator.py for tasks to queue
[2026-07-24T17:37:30.710+0000] {logging_mixin.py:188} INFO - [2026-07-24T17:37:30.709+0000] {dagbag.py:545} INFO - Filling up the DagBag from /home/airflow/.local/lib/python3.12/site-packages/airflow/example_dags/example_branch_day_of_week_operator.py
[2026-07-24T17:37:30.722+0000] {processor.py:840} INFO - DAG(s) 'example_weekday_branch_operator' retrieved from /home/airflow/.local/lib/python3.12/site-packages/airflow/example_dags/example_branch_day_of_week_operator.py
[2026-07-24T17:37:30.756+0000] {logging_mixin.py:188} INFO - [2026-07-24T17:37:30.755+0000] {dag.py:3089} INFO - Sync 1 DAGs
[2026-07-24T17:37:30.795+0000] {logging_mixin.py:188} INFO - [2026-07-24T17:37:30.795+0000] {dag.py:3947} INFO - Setting next_dagrun for example_weekday_branch_operator to 2026-07-23 00:00:00+00:00, run_after=2026-07-24 00:00:00+00:00
[2026-07-24T17:37:30.864+0000] {processor.py:183} INFO - Processing /home/airflow/.local/lib/python3.12/site-packages/airflow/example_dags/example_branch_day_of_week_operator.py took 0.175 seconds
[2026-07-24T17:38:01.637+0000] {processor.py:161} INFO - Started process (PID=4479) to work on /home/airflow/.local/lib/python3.12/site-packages/airflow/example_dags/example_branch_day_of_week_operator.py
[2026-07-24T17:38:01.640+0000] {processor.py:830} INFO - Processing file /home/airflow/.local/lib/python3.12/site-packages/airflow/example_dags/example_branch_day_of_week_operator.py for tasks to queue
[2026-07-24T17:38:01.644+0000] {logging_mixin.py:188} INFO - [2026-07-24T17:38:01.643+0000] {dagbag.py:545} INFO - Filling up the DagBag from /home/airflow/.local/lib/python3.12/site-packages/airflow/example_dags/example_branch_day_of_week_operator.py
[2026-07-24T17:38:01.659+0000] {processor.py:840} INFO - DAG(s) 'example_weekday_branch_operator' retrieved from /home/airflow/.local/lib/python3.12/site-packages/airflow/example_dags/example_branch_day_of_week_operator.py
[2026-07-24T17:38:01.698+0000] {logging_mixin.py:188} INFO - [2026-07-24T17:38:01.697+0000] {dag.py:3089} INFO - Sync 1 DAGs
[2026-07-24T17:38:01.736+0000] {logging_mixin.py:188} INFO - [2026-07-24T17:38:01.736+0000] {dag.py:3947} INFO - Setting next_dagrun for example_weekday_branch_operator to 2026-07-23 00:00:00+00:00, run_after=2026-07-24 00:00:00+00:00
[2026-07-24T17:38:01.784+0000] {processor.py:183} INFO - Processing /home/airflow/.local/lib/python3.12/site-packages/airflow/example_dags/example_branch_day_of_week_operator.py took 0.158 seconds
[2026-07-24T17:38:33.297+0000] {processor.py:161} INFO - Started process (PID=4553) to work on /home/airflow/.local/lib/python3.12/site-packages/airflow/example_dags/example_branch_day_of_week_operator.py
[2026-07-24T17:38:33.299+0000] {processor.py:830} INFO - Processing file /home/airflow/.local/lib/python3.12/site-packages/airflow/example_dags/example_branch_day_of_week_operator.py for tasks to queue
[2026-07-24T17:38:33.305+0000] {logging_mixin.py:188} INFO - [2026-07-24T17:38:33.304+0000] {dagbag.py:545} INFO - Filling up the DagBag from /home/airflow/.local/lib/python3.12/site-packages/airflow/example_dags/example_branch_day_of_week_operator.py
[2026-07-24T17:38:33.322+0000] {processor.py:840} INFO - DAG(s) 'example_weekday_branch_operator' retrieved from /home/airflow/.local/lib/python3.12/site-packages/airflow/example_dags/example_branch_day_of_week_operator.py
[2026-07-24T17:38:33.365+0000] {logging_mixin.py:188} INFO - [2026-07-24T17:38:33.364+0000] {dag.py:3089} INFO - Sync 1 DAGs
[2026-07-24T17:38:33.412+0000] {logging_mixin.py:188} INFO - [2026-07-24T17:38:33.412+0000] {dag.py:3947} INFO - Setting next_dagrun for example_weekday_branch_operator to 2026-07-23 00:00:00+00:00, run_after=2026-07-24 00:00:00+00:00
[2026-07-24T17:38:33.454+0000] {processor.py:183} INFO - Processing /home/airflow/.local/lib/python3.12/site-packages/airflow/example_dags/example_branch_day_of_week_operator.py took 0.171 seconds
[2026-07-24T17:39:03.957+0000] {processor.py:161} INFO - Started process (PID=4626) to work on /home/airflow/.local/lib/python3.12/site-packages/airflow/example_dags/example_branch_day_of_week_operator.py
[2026-07-24T17:39:03.959+0000] {processor.py:830} INFO - Processing file /home/airflow/.local/lib/python3.12/site-packages/airflow/example_dags/example_branch_day_of_week_operator.py for tasks to queue
[2026-07-24T17:39:03.963+0000] {logging_mixin.py:188} INFO - [2026-07-24T17:39:03.963+0000] {dagbag.py:545} INFO - Filling up the DagBag from /home/airflow/.local/lib/python3.12/site-packages/airflow/example_dags/example_branch_day_of_week_operator.py
[2026-07-24T17:39:03.976+0000] {processor.py:840} INFO - DAG(s) 'example_weekday_branch_operator' retrieved from /home/airflow/.local/lib/python3.12/site-packages/airflow/example_dags/example_branch_day_of_week_operator.py
[2026-07-24T17:39:04.015+0000] {logging_mixin.py:188} INFO - [2026-07-24T17:39:04.015+0000] {dag.py:3089} INFO - Sync 1 DAGs
[2026-07-24T17:39:04.051+0000] {logging_mixin.py:188} INFO - [2026-07-24T17:39:04.050+0000] {dag.py:3947} INFO - Setting next_dagrun for example_weekday_branch_operator to 2026-07-23 00:00:00+00:00, run_after=2026-07-24 00:00:00+00:00
[2026-07-24T17:39:04.093+0000] {processor.py:183} INFO - Processing /home/airflow/.local/lib/python3.12/site-packages/airflow/example_dags/example_branch_day_of_week_operator.py took 0.145 seconds
[2026-07-24T17:39:35.769+0000] {processor.py:161} INFO - Started process (PID=4698) to work on /home/airflow/.local/lib/python3.12/site-packages/airflow/example_dags/example_branch_day_of_week_operator.py
[2026-07-24T17:39:35.772+0000] {processor.py:830} INFO - Processing file /home/airflow/.local/lib/python3.12/site-packages/airflow/example_dags/example_branch_day_of_week_operator.py for tasks to queue
[2026-07-24T17:39:35.778+0000] {logging_mixin.py:188} INFO - [2026-07-24T17:39:35.777+0000] {dagbag.py:545} INFO - Filling up the DagBag from /home/airflow/.local/lib/python3.12/site-packages/airflow/example_dags/example_branch_day_of_week_operator.py
[2026-07-24T17:39:35.789+0000] {processor.py:840} INFO - DAG(s) 'example_weekday_branch_operator' retrieved from /home/airflow/.local/lib/python3.12/site-packages/airflow/example_dags/example_branch_day_of_week_operator.py
[2026-07-24T17:39:35.831+0000] {logging_mixin.py:188} INFO - [2026-07-24T17:39:35.831+0000] {dag.py:3089} INFO - Sync 1 DAGs
[2026-07-24T17:39:35.880+0000] {logging_mixin.py:188} INFO - [2026-07-24T17:39:35.880+0000] {dag.py:3947} INFO - Setting next_dagrun for example_weekday_branch_operator to 2026-07-23 00:00:00+00:00, run_after=2026-07-24 00:00:00+00:00
[2026-07-24T17:39:35.924+0000] {processor.py:183} INFO - Processing /home/airflow/.local/lib/python3.12/site-packages/airflow/example_dags/example_branch_day_of_week_operator.py took 0.165 seconds
[2026-07-24T17:40:07.811+0000] {processor.py:161} INFO - Started process (PID=4772) to work on /home/airflow/.local/lib/python3.12/site-packages/airflow/example_dags/example_branch_day_of_week_operator.py
[2026-07-24T17:40:07.814+0000] {processor.py:830} INFO - Processing file /home/airflow/.local/lib/python3.12/site-packages/airflow/example_dags/example_branch_day_of_week_operator.py for tasks to queue
[2026-07-24T17:40:07.819+0000] {logging_mixin.py:188} INFO - [2026-07-24T17:40:07.818+0000] {dagbag.py:545} INFO - Filling up the DagBag from /home/airflow/.local/lib/python3.12/site-packages/airflow/example_dags/example_branch_day_of_week_operator.py
[2026-07-24T17:40:07.833+0000] {processor.py:840} INFO - DAG(s) 'example_weekday_branch_operator' retrieved from /home/airflow/.local/lib/python3.12/site-packages/airflow/example_dags/example_branch_day_of_week_operator.py
[2026-07-24T17:40:07.876+0000] {logging_mixin.py:188} INFO - [2026-07-24T17:40:07.876+0000] {dag.py:3089} INFO - Sync 1 DAGs
[2026-07-24T17:40:07.918+0000] {logging_mixin.py:188} INFO - [2026-07-24T17:40:07.917+0000] {dag.py:3947} INFO - Setting next_dagrun for example_weekday_branch_operator to 2026-07-23 00:00:00+00:00, run_after=2026-07-24 00:00:00+00:00
[2026-07-24T17:40:07.981+0000] {processor.py:183} INFO - Processing /home/airflow/.local/lib/python3.12/site-packages/airflow/example_dags/example_branch_day_of_week_operator.py took 0.181 seconds
[2026-07-24T17:40:38.461+0000] {processor.py:161} INFO - Started process (PID=4846) to work on /home/airflow/.local/lib/python3.12/site-packages/airflow/example_dags/example_branch_day_of_week_operator.py
[2026-07-24T17:40:38.465+0000] {processor.py:830} INFO - Processing file /home/airflow/.local/lib/python3.12/site-packages/airflow/example_dags/example_branch_day_of_week_operator.py for tasks to queue
[2026-07-24T17:40:38.471+0000] {logging_mixin.py:188} INFO - [2026-07-24T17:40:38.470+0000] {dagbag.py:545} INFO - Filling up the DagBag from /home/airflow/.local/lib/python3.12/site-packages/airflow/example_dags/example_branch_day_of_week_operator.py
[2026-07-24T17:40:38.489+0000] {processor.py:840} INFO - DAG(s) 'example_weekday_branch_operator' retrieved from /home/airflow/.local/lib/python3.12/site-packages/airflow/example_dags/example_branch_day_of_week_operator.py
[2026-07-24T17:40:38.549+0000] {logging_mixin.py:188} INFO - [2026-07-24T17:40:38.548+0000] {dag.py:3089} INFO - Sync 1 DAGs
[2026-07-24T17:40:38.609+0000] {logging_mixin.py:188} INFO - [2026-07-24T17:40:38.609+0000] {dag.py:3947} INFO - Setting next_dagrun for example_weekday_branch_operator to 2026-07-23 00:00:00+00:00, run_after=2026-07-24 00:00:00+00:00
[2026-07-24T17:40:38.661+0000] {processor.py:183} INFO - Processing /home/airflow/.local/lib/python3.12/site-packages/airflow/example_dags/example_branch_day_of_week_operator.py took 0.220 seconds
[2026-07-24T17:41:09.426+0000] {processor.py:161} INFO - Started process (PID=4918) to work on /home/airflow/.local/lib/python3.12/site-packages/airflow/example_dags/example_branch_day_of_week_operator.py
[2026-07-24T17:41:09.429+0000] {processor.py:830} INFO - Processing file /home/airflow/.local/lib/python3.12/site-packages/airflow/example_dags/example_branch_day_of_week_operator.py for tasks to queue
[2026-07-24T17:41:09.434+0000] {logging_mixin.py:188} INFO - [2026-07-24T17:41:09.434+0000] {dagbag.py:545} INFO - Filling up the DagBag from /home/airflow/.local/lib/python3.12/site-packages/airflow/example_dags/example_branch_day_of_week_operator.py
[2026-07-24T17:41:09.461+0000] {processor.py:840} INFO - DAG(s) 'example_weekday_branch_operator' retrieved from /home/airflow/.local/lib/python3.12/site-packages/airflow/example_dags/example_branch_day_of_week_operator.py
[2026-07-24T17:41:09.541+0000] {logging_mixin.py:188} INFO - [2026-07-24T17:41:09.540+0000] {dag.py:3089} INFO - Sync 1 DAGs
[2026-07-24T17:41:09.622+0000] {logging_mixin.py:188} INFO - [2026-07-24T17:41:09.621+0000] {dag.py:3947} INFO - Setting next_dagrun for example_weekday_branch_operator to 2026-07-23 00:00:00+00:00, run_after=2026-07-24 00:00:00+00:00
[2026-07-24T17:41:09.678+0000] {processor.py:183} INFO - Processing /home/airflow/.local/lib/python3.12/site-packages/airflow/example_dags/example_branch_day_of_week_operator.py took 0.264 seconds
[2026-07-24T17:41:41.512+0000] {processor.py:161} INFO - Started process (PID=4991) to work on /home/airflow/.local/lib/python3.12/site-packages/airflow/example_dags/example_branch_day_of_week_operator.py
[2026-07-24T17:41:41.515+0000] {processor.py:830} INFO - Processing file /home/airflow/.local/lib/python3.12/site-packages/airflow/example_dags/example_branch_day_of_week_operator.py for tasks to queue
[2026-07-24T17:41:41.521+0000] {logging_mixin.py:188} INFO - [2026-07-24T17:41:41.520+0000] {dagbag.py:545} INFO - Filling up the DagBag from /home/airflow/.local/lib/python3.12/site-packages/airflow/example_dags/example_branch_day_of_week_operator.py
[2026-07-24T17:41:41.537+0000] {processor.py:840} INFO - DAG(s) 'example_weekday_branch_operator' retrieved from /home/airflow/.local/lib/python3.12/site-packages/airflow/example_dags/example_branch_day_of_week_operator.py
[2026-07-24T17:41:41.587+0000] {logging_mixin.py:188} INFO - [2026-07-24T17:41:41.587+0000] {dag.py:3089} INFO - Sync 1 DAGs
[2026-07-24T17:41:41.635+0000] {logging_mixin.py:188} INFO - [2026-07-24T17:41:41.634+0000] {dag.py:3947} INFO - Setting next_dagrun for example_weekday_branch_operator to 2026-07-23 00:00:00+00:00, run_after=2026-07-24 00:00:00+00:00
[2026-07-24T17:41:41.676+0000] {processor.py:183} INFO - Processing /home/airflow/.local/lib/python3.12/site-packages/airflow/example_dags/example_branch_day_of_week_operator.py took 0.181 seconds
[2026-07-24T17:42:12.629+0000] {processor.py:161} INFO - Started process (PID=5064) to work on /home/airflow/.local/lib/python3.12/site-packages/airflow/example_dags/example_branch_day_of_week_operator.py
[2026-07-24T17:42:12.632+0000] {processor.py:830} INFO - Processing file /home/airflow/.local/lib/python3.12/site-packages/airflow/example_dags/example_branch_day_of_week_operator.py for tasks to queue
[2026-07-24T17:42:12.637+0000] {logging_mixin.py:188} INFO - [2026-07-24T17:42:12.637+0000] {dagbag.py:545} INFO - Filling up the DagBag from /home/airflow/.local/lib/python3.12/site-packages/airflow/example_dags/example_branch_day_of_week_operator.py
[2026-07-24T17:42:12.649+0000] {processor.py:840} INFO - DAG(s) 'example_weekday_branch_operator' retrieved from /home/airflow/.local/lib/python3.12/site-packages/airflow/example_dags/example_branch_day_of_week_operator.py
[2026-07-24T17:42:12.683+0000] {logging_mixin.py:188} INFO - [2026-07-24T17:42:12.683+0000] {dag.py:3089} INFO - Sync 1 DAGs
[2026-07-24T17:42:12.715+0000] {logging_mixin.py:188} INFO - [2026-07-24T17:42:12.715+0000] {dag.py:3947} INFO - Setting next_dagrun for example_weekday_branch_operator to 2026-07-23 00:00:00+00:00, run_after=2026-07-24 00:00:00+00:00
[2026-07-24T17:42:12.756+0000] {processor.py:183} INFO - Processing /home/airflow/.local/lib/python3.12/site-packages/airflow/example_dags/example_branch_day_of_week_operator.py took 0.134 seconds
[2026-07-24T17:42:43.120+0000] {processor.py:161} INFO - Started process (PID=5138) to work on /home/airflow/.local/lib/python3.12/site-packages/airflow/example_dags/example_branch_day_of_week_operator.py
[2026-07-24T17:42:43.124+0000] {processor.py:830} INFO - Processing file /home/airflow/.local/lib/python3.12/site-packages/airflow/example_dags/example_branch_day_of_week_operator.py for tasks to queue
[2026-07-24T17:42:43.129+0000] {logging_mixin.py:188} INFO - [2026-07-24T17:42:43.128+0000] {dagbag.py:545} INFO - Filling up the DagBag from /home/airflow/.local/lib/python3.12/site-packages/airflow/example_dags/example_branch_day_of_week_operator.py
[2026-07-24T17:42:43.153+0000] {processor.py:840} INFO - DAG(s) 'example_weekday_branch_operator' retrieved from /home/airflow/.local/lib/python3.12/site-packages/airflow/example_dags/example_branch_day_of_week_operator.py
[2026-07-24T17:42:43.208+0000] {logging_mixin.py:188} INFO - [2026-07-24T17:42:43.208+0000] {dag.py:3089} INFO - Sync 1 DAGs
[2026-07-24T17:42:43.273+0000] {logging_mixin.py:188} INFO - [2026-07-24T17:42:43.273+0000] {dag.py:3947} INFO - Setting next_dagrun for example_weekday_branch_operator to 2026-07-23 00:00:00+00:00, run_after=2026-07-24 00:00:00+00:00
[2026-07-24T17:42:43.346+0000] {processor.py:183} INFO - Processing /home/airflow/.local/lib/python3.12/site-packages/airflow/example_dags/example_branch_day_of_week_operator.py took 0.242 seconds
[2026-07-24T17:43:13.992+0000] {processor.py:161} INFO - Started process (PID=5211) to work on /home/airflow/.local/lib/python3.12/site-packages/airflow/example_dags/example_branch_day_of_week_operator.py
[2026-07-24T17:43:13.995+0000] {processor.py:830} INFO - Processing file /home/airflow/.local/lib/python3.12/site-packages/airflow/example_dags/example_branch_day_of_week_operator.py for tasks to queue
[2026-07-24T17:43:14.000+0000] {logging_mixin.py:188} INFO - [2026-07-24T17:43:13.999+0000] {dagbag.py:545} INFO - Filling up the DagBag from /home/airflow/.local/lib/python3.12/site-packages/airflow/example_dags/example_branch_day_of_week_operator.py
[2026-07-24T17:43:14.011+0000] {processor.py:840} INFO - DAG(s) 'example_weekday_branch_operator' retrieved from /home/airflow/.local/lib/python3.12/site-packages/airflow/example_dags/example_branch_day_of_week_operator.py
[2026-07-24T17:43:14.054+0000] {logging_mixin.py:188} INFO - [2026-07-24T17:43:14.054+0000] {dag.py:3089} INFO - Sync 1 DAGs
[2026-07-24T17:43:14.088+0000] {logging_mixin.py:188} INFO - [2026-07-24T17:43:14.087+0000] {dag.py:3947} INFO - Setting next_dagrun for example_weekday_branch_operator to 2026-07-23 00:00:00+00:00, run_after=2026-07-24 00:00:00+00:00
[2026-07-24T17:43:14.118+0000] {processor.py:183} INFO - Processing /home/airflow/.local/lib/python3.12/site-packages/airflow/example_dags/example_branch_day_of_week_operator.py took 0.135 seconds
[2026-07-24T17:43:44.917+0000] {processor.py:161} INFO - Started process (PID=5284) to work on /home/airflow/.local/lib/python3.12/site-packages/airflow/example_dags/example_branch_day_of_week_operator.py
[2026-07-24T17:43:44.920+0000] {processor.py:830} INFO - Processing file /home/airflow/.local/lib/python3.12/site-packages/airflow/example_dags/example_branch_day_of_week_operator.py for tasks to queue
[2026-07-24T17:43:44.925+0000] {logging_mixin.py:188} INFO - [2026-07-24T17:43:44.925+0000] {dagbag.py:545} INFO - Filling up the DagBag from /home/airflow/.local/lib/python3.12/site-packages/airflow/example_dags/example_branch_day_of_week_operator.py
[2026-07-24T17:43:44.938+0000] {processor.py:840} INFO - DAG(s) 'example_weekday_branch_operator' retrieved from /home/airflow/.local/lib/python3.12/site-packages/airflow/example_dags/example_branch_day_of_week_operator.py
[2026-07-24T17:43:44.970+0000] {logging_mixin.py:188} INFO - [2026-07-24T17:43:44.970+0000] {dag.py:3089} INFO - Sync 1 DAGs
[2026-07-24T17:43:45.004+0000] {logging_mixin.py:188} INFO - [2026-07-24T17:43:45.003+0000] {dag.py:3947} INFO - Setting next_dagrun for example_weekday_branch_operator to 2026-07-23 00:00:00+00:00, run_after=2026-07-24 00:00:00+00:00
[2026-07-24T17:43:45.049+0000] {processor.py:183} INFO - Processing /home/airflow/.local/lib/python3.12/site-packages/airflow/example_dags/example_branch_day_of_week_operator.py took 0.141 seconds
[2026-07-24T17:44:15.785+0000] {processor.py:161} INFO - Started process (PID=5359) to work on /home/airflow/.local/lib/python3.12/site-packages/airflow/example_dags/example_branch_day_of_week_operator.py
[2026-07-24T17:44:15.788+0000] {processor.py:830} INFO - Processing file /home/airflow/.local/lib/python3.12/site-packages/airflow/example_dags/example_branch_day_of_week_operator.py for tasks to queue
[2026-07-24T17:44:15.794+0000] {logging_mixin.py:188} INFO - [2026-07-24T17:44:15.793+0000] {dagbag.py:545} INFO - Filling up the DagBag from /home/airflow/.local/lib/python3.12/site-packages/airflow/example_dags/example_branch_day_of_week_operator.py
[2026-07-24T17:44:15.809+0000] {processor.py:840} INFO - DAG(s) 'example_weekday_branch_operator' retrieved from /home/airflow/.local/lib/python3.12/site-packages/airflow/example_dags/example_branch_day_of_week_operator.py
[2026-07-24T17:44:15.857+0000] {logging_mixin.py:188} INFO - [2026-07-24T17:44:15.856+0000] {dag.py:3089} INFO - Sync 1 DAGs
[2026-07-24T17:44:15.912+0000] {logging_mixin.py:188} INFO - [2026-07-24T17:44:15.911+0000] {dag.py:3947} INFO - Setting next_dagrun for example_weekday_branch_operator to 2026-07-23 00:00:00+00:00, run_after=2026-07-24 00:00:00+00:00
[2026-07-24T17:44:15.963+0000] {processor.py:183} INFO - Processing /home/airflow/.local/lib/python3.12/site-packages/airflow/example_dags/example_branch_day_of_week_operator.py took 0.190 seconds
[2026-07-24T17:44:46.516+0000] {processor.py:161} INFO - Started process (PID=5432) to work on /home/airflow/.local/lib/python3.12/site-packages/airflow/example_dags/example_branch_day_of_week_operator.py
[2026-07-24T17:44:46.518+0000] {processor.py:830} INFO - Processing file /home/airflow/.local/lib/python3.12/site-packages/airflow/example_dags/example_branch_day_of_week_operator.py for tasks to queue
[2026-07-24T17:44:46.522+0000] {logging_mixin.py:188} INFO - [2026-07-24T17:44:46.522+0000] {dagbag.py:545} INFO - Filling up the DagBag from /home/airflow/.local/lib/python3.12/site-packages/airflow/example_dags/example_branch_day_of_week_operator.py
[2026-07-24T17:44:46.536+0000] {processor.py:840} INFO - DAG(s) 'example_weekday_branch_operator' retrieved from /home/airflow/.local/lib/python3.12/site-packages/airflow/example_dags/example_branch_day_of_week_operator.py
[2026-07-24T17:44:46.572+0000] {logging_mixin.py:188} INFO - [2026-07-24T17:44:46.572+0000] {dag.py:3089} INFO - Sync 1 DAGs
[2026-07-24T17:44:46.621+0000] {logging_mixin.py:188} INFO - [2026-07-24T17:44:46.621+0000] {dag.py:3947} INFO - Setting next_dagrun for example_weekday_branch_operator to 2026-07-23 00:00:00+00:00, run_after=2026-07-24 00:00:00+00:00
[2026-07-24T17:44:46.670+0000] {processor.py:183} INFO - Processing /home/airflow/.local/lib/python3.12/site-packages/airflow/example_dags/example_branch_day_of_week_operator.py took 0.162 seconds
[2026-07-24T17:45:20.643+0000] {processor.py:161} INFO - Started process (PID=5506) to work on /home/airflow/.local/lib/python3.12/site-packages/airflow/example_dags/example_branch_day_of_week_operator.py
[2026-07-24T17:45:20.662+0000] {processor.py:830} INFO - Processing file /home/airflow/.local/lib/python3.12/site-packages/airflow/example_dags/example_branch_day_of_week_operator.py for tasks to queue
[2026-07-24T17:45:20.688+0000] {logging_mixin.py:188} INFO - [2026-07-24T17:45:20.686+0000] {dagbag.py:545} INFO - Filling up the DagBag from /home/airflow/.local/lib/python3.12/site-packages/airflow/example_dags/example_branch_day_of_week_operator.py
[2026-07-24T17:45:20.738+0000] {processor.py:840} INFO - DAG(s) 'example_weekday_branch_operator' retrieved from /home/airflow/.local/lib/python3.12/site-packages/airflow/example_dags/example_branch_day_of_week_operator.py
[2026-07-24T17:45:20.879+0000] {logging_mixin.py:188} INFO - [2026-07-24T17:45:20.878+0000] {dag.py:3089} INFO - Sync 1 DAGs
[2026-07-24T17:45:20.964+0000] {logging_mixin.py:188} INFO - [2026-07-24T17:45:20.963+0000] {dag.py:3947} INFO - Setting next_dagrun for example_weekday_branch_operator to 2026-07-23 00:00:00+00:00, run_after=2026-07-24 00:00:00+00:00
[2026-07-24T17:45:21.027+0000] {processor.py:183} INFO - Processing /home/airflow/.local/lib/python3.12/site-packages/airflow/example_dags/example_branch_day_of_week_operator.py took 0.412 seconds
[2026-07-24T17:45:52.289+0000] {processor.py:161} INFO - Started process (PID=5579) to work on /home/airflow/.local/lib/python3.12/site-packages/airflow/example_dags/example_branch_day_of_week_operator.py
[2026-07-24T17:45:52.292+0000] {processor.py:830} INFO - Processing file /home/airflow/.local/lib/python3.12/site-packages/airflow/example_dags/example_branch_day_of_week_operator.py for tasks to queue
[2026-07-24T17:45:52.295+0000] {logging_mixin.py:188} INFO - [2026-07-24T17:45:52.295+0000] {dagbag.py:545} INFO - Filling up the DagBag from /home/airflow/.local/lib/python3.12/site-packages/airflow/example_dags/example_branch_day_of_week_operator.py
[2026-07-24T17:45:52.308+0000] {processor.py:840} INFO - DAG(s) 'example_weekday_branch_operator' retrieved from /home/airflow/.local/lib/python3.12/site-packages/airflow/example_dags/example_branch_day_of_week_operator.py
[2026-07-24T17:45:52.349+0000] {logging_mixin.py:188} INFO - [2026-07-24T17:45:52.348+0000] {dag.py:3089} INFO - Sync 1 DAGs
[2026-07-24T17:45:52.393+0000] {logging_mixin.py:188} INFO - [2026-07-24T17:45:52.393+0000] {dag.py:3947} INFO - Setting next_dagrun for example_weekday_branch_operator to 2026-07-23 00:00:00+00:00, run_after=2026-07-24 00:00:00+00:00
[2026-07-24T17:45:52.426+0000] {processor.py:183} INFO - Processing /home/airflow/.local/lib/python3.12/site-packages/airflow/example_dags/example_branch_day_of_week_operator.py took 0.146 seconds
[2026-07-24T17:46:23.535+0000] {processor.py:161} INFO - Started process (PID=5653) to work on /home/airflow/.local/lib/python3.12/site-packages/airflow/example_dags/example_branch_day_of_week_operator.py
[2026-07-24T17:46:23.539+0000] {processor.py:830} INFO - Processing file /home/airflow/.local/lib/python3.12/site-packages/airflow/example_dags/example_branch_day_of_week_operator.py for tasks to queue
[2026-07-24T17:46:23.545+0000] {logging_mixin.py:188} INFO - [2026-07-24T17:46:23.544+0000] {dagbag.py:545} INFO - Filling up the DagBag from /home/airflow/.local/lib/python3.12/site-packages/airflow/example_dags/example_branch_day_of_week_operator.py
[2026-07-24T17:46:23.566+0000] {processor.py:840} INFO - DAG(s) 'example_weekday_branch_operator' retrieved from /home/airflow/.local/lib/python3.12/site-packages/airflow/example_dags/example_branch_day_of_week_operator.py
[2026-07-24T17:46:23.621+0000] {logging_mixin.py:188} INFO - [2026-07-24T17:46:23.621+0000] {dag.py:3089} INFO - Sync 1 DAGs
[2026-07-24T17:46:23.666+0000] {logging_mixin.py:188} INFO - [2026-07-24T17:46:23.666+0000] {dag.py:3947} INFO - Setting next_dagrun for example_weekday_branch_operator to 2026-07-23 00:00:00+00:00, run_after=2026-07-24 00:00:00+00:00
[2026-07-24T17:46:23.710+0000] {processor.py:183} INFO - Processing /home/airflow/.local/lib/python3.12/site-packages/airflow/example_dags/example_branch_day_of_week_operator.py took 0.188 seconds
[2026-07-24T17:46:54.777+0000] {processor.py:161} INFO - Started process (PID=5726) to work on /home/airflow/.local/lib/python3.12/site-packages/airflow/example_dags/example_branch_day_of_week_operator.py
[2026-07-24T17:46:54.781+0000] {processor.py:830} INFO - Processing file /home/airflow/.local/lib/python3.12/site-packages/airflow/example_dags/example_branch_day_of_week_operator.py for tasks to queue
[2026-07-24T17:46:54.788+0000] {logging_mixin.py:188} INFO - [2026-07-24T17:46:54.787+0000] {dagbag.py:545} INFO - Filling up the DagBag from /home/airflow/.local/lib/python3.12/site-packages/airflow/example_dags/example_branch_day_of_week_operator.py
[2026-07-24T17:46:54.814+0000] {processor.py:840} INFO - DAG(s) 'example_weekday_branch_operator' retrieved from /home/airflow/.local/lib/python3.12/site-packages/airflow/example_dags/example_branch_day_of_week_operator.py
[2026-07-24T17:46:54.878+0000] {logging_mixin.py:188} INFO - [2026-07-24T17:46:54.877+0000] {dag.py:3089} INFO - Sync 1 DAGs
[2026-07-24T17:46:54.953+0000] {logging_mixin.py:188} INFO - [2026-07-24T17:46:54.952+0000] {dag.py:3947} INFO - Setting next_dagrun for example_weekday_branch_operator to 2026-07-23 00:00:00+00:00, run_after=2026-07-24 00:00:00+00:00
[2026-07-24T17:46:55.024+0000] {processor.py:183} INFO - Processing /home/airflow/.local/lib/python3.12/site-packages/airflow/example_dags/example_branch_day_of_week_operator.py took 0.268 seconds
[2026-07-24T17:47:26.299+0000] {processor.py:161} INFO - Started process (PID=5798) to work on /home/airflow/.local/lib/python3.12/site-packages/airflow/example_dags/example_branch_day_of_week_operator.py
[2026-07-24T17:47:26.301+0000] {processor.py:830} INFO - Processing file /home/airflow/.local/lib/python3.12/site-packages/airflow/example_dags/example_branch_day_of_week_operator.py for tasks to queue
[2026-07-24T17:47:26.305+0000] {logging_mixin.py:188} INFO - [2026-07-24T17:47:26.304+0000] {dagbag.py:545} INFO - Filling up the DagBag from /home/airflow/.local/lib/python3.12/site-packages/airflow/example_dags/example_branch_day_of_week_operator.py
[2026-07-24T17:47:26.317+0000] {processor.py:840} INFO - DAG(s) 'example_weekday_branch_operator' retrieved from /home/airflow/.local/lib/python3.12/site-packages/airflow/example_dags/example_branch_day_of_week_operator.py
[2026-07-24T17:47:26.351+0000] {logging_mixin.py:188} INFO - [2026-07-24T17:47:26.351+0000] {dag.py:3089} INFO - Sync 1 DAGs
[2026-07-24T17:47:26.394+0000] {logging_mixin.py:188} INFO - [2026-07-24T17:47:26.393+0000] {dag.py:3947} INFO - Setting next_dagrun for example_weekday_branch_operator to 2026-07-23 00:00:00+00:00, run_after=2026-07-24 00:00:00+00:00
[2026-07-24T17:47:26.427+0000] {processor.py:183} INFO - Processing /home/airflow/.local/lib/python3.12/site-packages/airflow/example_dags/example_branch_day_of_week_operator.py took 0.136 seconds
[2026-07-24T17:47:57.474+0000] {processor.py:161} INFO - Started process (PID=5872) to work on /home/airflow/.local/lib/python3.12/site-packages/airflow/example_dags/example_branch_day_of_week_operator.py
[2026-07-24T17:47:57.477+0000] {processor.py:830} INFO - Processing file /home/airflow/.local/lib/python3.12/site-packages/airflow/example_dags/example_branch_day_of_week_operator.py for tasks to queue
[2026-07-24T17:47:57.482+0000] {logging_mixin.py:188} INFO - [2026-07-24T17:47:57.481+0000] {dagbag.py:545} INFO - Filling up the DagBag from /home/airflow/.local/lib/python3.12/site-packages/airflow/example_dags/example_branch_day_of_week_operator.py
[2026-07-24T17:47:57.504+0000] {processor.py:840} INFO - DAG(s) 'example_weekday_branch_operator' retrieved from /home/airflow/.local/lib/python3.12/site-packages/airflow/example_dags/example_branch_day_of_week_operator.py
[2026-07-24T17:47:57.547+0000] {logging_mixin.py:188} INFO - [2026-07-24T17:47:57.547+0000] {dag.py:3089} INFO - Sync 1 DAGs
[2026-07-24T17:47:57.588+0000] {logging_mixin.py:188} INFO - [2026-07-24T17:47:57.587+0000] {dag.py:3947} INFO - Setting next_dagrun for example_weekday_branch_operator to 2026-07-23 00:00:00+00:00, run_after=2026-07-24 00:00:00+00:00
[2026-07-24T17:47:57.648+0000] {processor.py:183} INFO - Processing /home/airflow/.local/lib/python3.12/site-packages/airflow/example_dags/example_branch_day_of_week_operator.py took 0.185 seconds
[2026-07-24T17:48:29.070+0000] {processor.py:161} INFO - Started process (PID=5945) to work on /home/airflow/.local/lib/python3.12/site-packages/airflow/example_dags/example_branch_day_of_week_operator.py
[2026-07-24T17:48:29.073+0000] {processor.py:830} INFO - Processing file /home/airflow/.local/lib/python3.12/site-packages/airflow/example_dags/example_branch_day_of_week_operator.py for tasks to queue
[2026-07-24T17:48:29.078+0000] {logging_mixin.py:188} INFO - [2026-07-24T17:48:29.077+0000] {dagbag.py:545} INFO - Filling up the DagBag from /home/airflow/.local/lib/python3.12/site-packages/airflow/example_dags/example_branch_day_of_week_operator.py
[2026-07-24T17:48:29.099+0000] {processor.py:840} INFO - DAG(s) 'example_weekday_branch_operator' retrieved from /home/airflow/.local/lib/python3.12/site-packages/airflow/example_dags/example_branch_day_of_week_operator.py
[2026-07-24T17:48:29.139+0000] {logging_mixin.py:188} INFO - [2026-07-24T17:48:29.138+0000] {dag.py:3089} INFO - Sync 1 DAGs
[2026-07-24T17:48:29.183+0000] {logging_mixin.py:188} INFO - [2026-07-24T17:48:29.182+0000] {dag.py:3947} INFO - Setting next_dagrun for example_weekday_branch_operator to 2026-07-23 00:00:00+00:00, run_after=2026-07-24 00:00:00+00:00
[2026-07-24T17:48:29.223+0000] {processor.py:183} INFO - Processing /home/airflow/.local/lib/python3.12/site-packages/airflow/example_dags/example_branch_day_of_week_operator.py took 0.165 seconds
[2026-07-24T17:49:01.180+0000] {processor.py:161} INFO - Started process (PID=6018) to work on /home/airflow/.local/lib/python3.12/site-packages/airflow/example_dags/example_branch_day_of_week_operator.py
[2026-07-24T17:49:01.182+0000] {processor.py:830} INFO - Processing file /home/airflow/.local/lib/python3.12/site-packages/airflow/example_dags/example_branch_day_of_week_operator.py for tasks to queue
[2026-07-24T17:49:01.187+0000] {logging_mixin.py:188} INFO - [2026-07-24T17:49:01.186+0000] {dagbag.py:545} INFO - Filling up the DagBag from /home/airflow/.local/lib/python3.12/site-packages/airflow/example_dags/example_branch_day_of_week_operator.py
[2026-07-24T17:49:01.200+0000] {processor.py:840} INFO - DAG(s) 'example_weekday_branch_operator' retrieved from /home/airflow/.local/lib/python3.12/site-packages/airflow/example_dags/example_branch_day_of_week_operator.py
[2026-07-24T17:49:01.251+0000] {logging_mixin.py:188} INFO - [2026-07-24T17:49:01.250+0000] {dag.py:3089} INFO - Sync 1 DAGs
[2026-07-24T17:49:01.328+0000] {logging_mixin.py:188} INFO - [2026-07-24T17:49:01.327+0000] {dag.py:3947} INFO - Setting next_dagrun for example_weekday_branch_operator to 2026-07-23 00:00:00+00:00, run_after=2026-07-24 00:00:00+00:00
[2026-07-24T17:49:01.375+0000] {processor.py:183} INFO - Processing /home/airflow/.local/lib/python3.12/site-packages/airflow/example_dags/example_branch_day_of_week_operator.py took 0.203 seconds
[2026-07-24T17:49:34.615+0000] {processor.py:161} INFO - Started process (PID=6091) to work on /home/airflow/.local/lib/python3.12/site-packages/airflow/example_dags/example_branch_day_of_week_operator.py
[2026-07-24T17:49:34.618+0000] {processor.py:830} INFO - Processing file /home/airflow/.local/lib/python3.12/site-packages/airflow/example_dags/example_branch_day_of_week_operator.py for tasks to queue
[2026-07-24T17:49:34.624+0000] {logging_mixin.py:188} INFO - [2026-07-24T17:49:34.623+0000] {dagbag.py:545} INFO - Filling up the DagBag from /home/airflow/.local/lib/python3.12/site-packages/airflow/example_dags/example_branch_day_of_week_operator.py
[2026-07-24T17:49:34.641+0000] {processor.py:840} INFO - DAG(s) 'example_weekday_branch_operator' retrieved from /home/airflow/.local/lib/python3.12/site-packages/airflow/example_dags/example_branch_day_of_week_operator.py
[2026-07-24T17:49:34.690+0000] {logging_mixin.py:188} INFO - [2026-07-24T17:49:34.690+0000] {dag.py:3089} INFO - Sync 1 DAGs
[2026-07-24T17:49:34.729+0000] {logging_mixin.py:188} INFO - [2026-07-24T17:49:34.728+0000] {dag.py:3947} INFO - Setting next_dagrun for example_weekday_branch_operator to 2026-07-23 00:00:00+00:00, run_after=2026-07-24 00:00:00+00:00
[2026-07-24T17:49:34.763+0000] {processor.py:183} INFO - Processing /home/airflow/.local/lib/python3.12/site-packages/airflow/example_dags/example_branch_day_of_week_operator.py took 0.161 seconds
[2026-07-24T17:50:05.584+0000] {processor.py:161} INFO - Started process (PID=6165) to work on /home/airflow/.local/lib/python3.12/site-packages/airflow/example_dags/example_branch_day_of_week_operator.py
[2026-07-24T17:50:05.587+0000] {processor.py:830} INFO - Processing file /home/airflow/.local/lib/python3.12/site-packages/airflow/example_dags/example_branch_day_of_week_operator.py for tasks to queue
[2026-07-24T17:50:05.592+0000] {logging_mixin.py:188} INFO - [2026-07-24T17:50:05.591+0000] {dagbag.py:545} INFO - Filling up the DagBag from /home/airflow/.local/lib/python3.12/site-packages/airflow/example_dags/example_branch_day_of_week_operator.py
[2026-07-24T17:50:05.604+0000] {processor.py:840} INFO - DAG(s) 'example_weekday_branch_operator' retrieved from /home/airflow/.local/lib/python3.12/site-packages/airflow/example_dags/example_branch_day_of_week_operator.py
[2026-07-24T17:50:05.642+0000] {logging_mixin.py:188} INFO - [2026-07-24T17:50:05.642+0000] {dag.py:3089} INFO - Sync 1 DAGs
[2026-07-24T17:50:05.678+0000] {logging_mixin.py:188} INFO - [2026-07-24T17:50:05.678+0000] {dag.py:3947} INFO - Setting next_dagrun for example_weekday_branch_operator to 2026-07-23 00:00:00+00:00, run_after=2026-07-24 00:00:00+00:00
[2026-07-24T17:50:05.710+0000] {processor.py:183} INFO - Processing /home/airflow/.local/lib/python3.12/site-packages/airflow/example_dags/example_branch_day_of_week_operator.py took 0.138 seconds
[2026-07-24T17:50:37.318+0000] {processor.py:161} INFO - Started process (PID=6239) to work on /home/airflow/.local/lib/python3.12/site-packages/airflow/example_dags/example_branch_day_of_week_operator.py
[2026-07-24T17:50:37.325+0000] {processor.py:830} INFO - Processing file /home/airflow/.local/lib/python3.12/site-packages/airflow/example_dags/example_branch_day_of_week_operator.py for tasks to queue
[2026-07-24T17:50:37.329+0000] {logging_mixin.py:188} INFO - [2026-07-24T17:50:37.328+0000] {dagbag.py:545} INFO - Filling up the DagBag from /home/airflow/.local/lib/python3.12/site-packages/airflow/example_dags/example_branch_day_of_week_operator.py
[2026-07-24T17:50:37.346+0000] {processor.py:840} INFO - DAG(s) 'example_weekday_branch_operator' retrieved from /home/airflow/.local/lib/python3.12/site-packages/airflow/example_dags/example_branch_day_of_week_operator.py
[2026-07-24T17:50:37.391+0000] {logging_mixin.py:188} INFO - [2026-07-24T17:50:37.390+0000] {dag.py:3089} INFO - Sync 1 DAGs
[2026-07-24T17:50:37.430+0000] {logging_mixin.py:188} INFO - [2026-07-24T17:50:37.430+0000] {dag.py:3947} INFO - Setting next_dagrun for example_weekday_branch_operator to 2026-07-23 00:00:00+00:00, run_after=2026-07-24 00:00:00+00:00
[2026-07-24T17:50:37.469+0000] {processor.py:183} INFO - Processing /home/airflow/.local/lib/python3.12/site-packages/airflow/example_dags/example_branch_day_of_week_operator.py took 0.161 seconds
[2026-07-24T17:51:08.748+0000] {processor.py:161} INFO - Started process (PID=6314) to work on /home/airflow/.local/lib/python3.12/site-packages/airflow/example_dags/example_branch_day_of_week_operator.py
[2026-07-24T17:51:08.751+0000] {processor.py:830} INFO - Processing file /home/airflow/.local/lib/python3.12/site-packages/airflow/example_dags/example_branch_day_of_week_operator.py for tasks to queue
[2026-07-24T17:51:08.754+0000] {logging_mixin.py:188} INFO - [2026-07-24T17:51:08.754+0000] {dagbag.py:545} INFO - Filling up the DagBag from /home/airflow/.local/lib/python3.12/site-packages/airflow/example_dags/example_branch_day_of_week_operator.py
[2026-07-24T17:51:08.766+0000] {processor.py:840} INFO - DAG(s) 'example_weekday_branch_operator' retrieved from /home/airflow/.local/lib/python3.12/site-packages/airflow/example_dags/example_branch_day_of_week_operator.py
[2026-07-24T17:51:08.804+0000] {logging_mixin.py:188} INFO - [2026-07-24T17:51:08.804+0000] {dag.py:3089} INFO - Sync 1 DAGs
[2026-07-24T17:51:08.839+0000] {logging_mixin.py:188} INFO - [2026-07-24T17:51:08.838+0000] {dag.py:3947} INFO - Setting next_dagrun for example_weekday_branch_operator to 2026-07-23 00:00:00+00:00, run_after=2026-07-24 00:00:00+00:00
[2026-07-24T17:51:08.870+0000] {processor.py:183} INFO - Processing /home/airflow/.local/lib/python3.12/site-packages/airflow/example_dags/example_branch_day_of_week_operator.py took 0.130 seconds
[2026-07-24T17:51:41.710+0000] {processor.py:161} INFO - Started process (PID=6388) to work on /home/airflow/.local/lib/python3.12/site-packages/airflow/example_dags/example_branch_day_of_week_operator.py
[2026-07-24T17:51:41.713+0000] {processor.py:830} INFO - Processing file /home/airflow/.local/lib/python3.12/site-packages/airflow/example_dags/example_branch_day_of_week_operator.py for tasks to queue
[2026-07-24T17:51:41.719+0000] {logging_mixin.py:188} INFO - [2026-07-24T17:51:41.718+0000] {dagbag.py:545} INFO - Filling up the DagBag from /home/airflow/.local/lib/python3.12/site-packages/airflow/example_dags/example_branch_day_of_week_operator.py
[2026-07-24T17:51:41.735+0000] {processor.py:840} INFO - DAG(s) 'example_weekday_branch_operator' retrieved from /home/airflow/.local/lib/python3.12/site-packages/airflow/example_dags/example_branch_day_of_week_operator.py
[2026-07-24T17:51:41.781+0000] {logging_mixin.py:188} INFO - [2026-07-24T17:51:41.781+0000] {dag.py:3089} INFO - Sync 1 DAGs
[2026-07-24T17:51:41.824+0000] {logging_mixin.py:188} INFO - [2026-07-24T17:51:41.824+0000] {dag.py:3947} INFO - Setting next_dagrun for example_weekday_branch_operator to 2026-07-23 00:00:00+00:00, run_after=2026-07-24 00:00:00+00:00
[2026-07-24T17:51:41.861+0000] {processor.py:183} INFO - Processing /home/airflow/.local/lib/python3.12/site-packages/airflow/example_dags/example_branch_day_of_week_operator.py took 0.161 seconds
[2026-07-24T17:52:12.197+0000] {processor.py:161} INFO - Started process (PID=6462) to work on /home/airflow/.local/lib/python3.12/site-packages/airflow/example_dags/example_branch_day_of_week_operator.py
[2026-07-24T17:52:12.201+0000] {processor.py:830} INFO - Processing file /home/airflow/.local/lib/python3.12/site-packages/airflow/example_dags/example_branch_day_of_week_operator.py for tasks to queue
[2026-07-24T17:52:12.207+0000] {logging_mixin.py:188} INFO - [2026-07-24T17:52:12.206+0000] {dagbag.py:545} INFO - Filling up the DagBag from /home/airflow/.local/lib/python3.12/site-packages/airflow/example_dags/example_branch_day_of_week_operator.py
[2026-07-24T17:52:12.222+0000] {processor.py:840} INFO - DAG(s) 'example_weekday_branch_operator' retrieved from /home/airflow/.local/lib/python3.12/site-packages/airflow/example_dags/example_branch_day_of_week_operator.py
[2026-07-24T17:52:12.270+0000] {logging_mixin.py:188} INFO - [2026-07-24T17:52:12.270+0000] {dag.py:3089} INFO - Sync 1 DAGs
[2026-07-24T17:52:12.310+0000] {logging_mixin.py:188} INFO - [2026-07-24T17:52:12.310+0000] {dag.py:3947} INFO - Setting next_dagrun for example_weekday_branch_operator to 2026-07-23 00:00:00+00:00, run_after=2026-07-24 00:00:00+00:00
[2026-07-24T17:52:12.342+0000] {processor.py:183} INFO - Processing /home/airflow/.local/lib/python3.12/site-packages/airflow/example_dags/example_branch_day_of_week_operator.py took 0.161 seconds
[2026-07-24T17:52:44.490+0000] {processor.py:161} INFO - Started process (PID=6536) to work on /home/airflow/.local/lib/python3.12/site-packages/airflow/example_dags/example_branch_day_of_week_operator.py
[2026-07-24T17:52:44.492+0000] {processor.py:830} INFO - Processing file /home/airflow/.local/lib/python3.12/site-packages/airflow/example_dags/example_branch_day_of_week_operator.py for tasks to queue
[2026-07-24T17:52:44.497+0000] {logging_mixin.py:188} INFO - [2026-07-24T17:52:44.496+0000] {dagbag.py:545} INFO - Filling up the DagBag from /home/airflow/.local/lib/python3.12/site-packages/airflow/example_dags/example_branch_day_of_week_operator.py
[2026-07-24T17:52:44.516+0000] {processor.py:840} INFO - DAG(s) 'example_weekday_branch_operator' retrieved from /home/airflow/.local/lib/python3.12/site-packages/airflow/example_dags/example_branch_day_of_week_operator.py
[2026-07-24T17:52:44.569+0000] {logging_mixin.py:188} INFO - [2026-07-24T17:52:44.568+0000] {dag.py:3089} INFO - Sync 1 DAGs
[2026-07-24T17:52:44.623+0000] {logging_mixin.py:188} INFO - [2026-07-24T17:52:44.622+0000] {dag.py:3947} INFO - Setting next_dagrun for example_weekday_branch_operator to 2026-07-23 00:00:00+00:00, run_after=2026-07-24 00:00:00+00:00
[2026-07-24T17:52:44.664+0000] {processor.py:183} INFO - Processing /home/airflow/.local/lib/python3.12/site-packages/airflow/example_dags/example_branch_day_of_week_operator.py took 0.185 seconds
[2026-07-24T17:53:15.442+0000] {processor.py:161} INFO - Started process (PID=6608) to work on /home/airflow/.local/lib/python3.12/site-packages/airflow/example_dags/example_branch_day_of_week_operator.py
[2026-07-24T17:53:15.444+0000] {processor.py:830} INFO - Processing file /home/airflow/.local/lib/python3.12/site-packages/airflow/example_dags/example_branch_day_of_week_operator.py for tasks to queue
[2026-07-24T17:53:15.448+0000] {logging_mixin.py:188} INFO - [2026-07-24T17:53:15.447+0000] {dagbag.py:545} INFO - Filling up the DagBag from /home/airflow/.local/lib/python3.12/site-packages/airflow/example_dags/example_branch_day_of_week_operator.py
[2026-07-24T17:53:15.460+0000] {processor.py:840} INFO - DAG(s) 'example_weekday_branch_operator' retrieved from /home/airflow/.local/lib/python3.12/site-packages/airflow/example_dags/example_branch_day_of_week_operator.py
[2026-07-24T17:53:15.494+0000] {logging_mixin.py:188} INFO - [2026-07-24T17:53:15.494+0000] {dag.py:3089} INFO - Sync 1 DAGs
[2026-07-24T17:53:15.533+0000] {logging_mixin.py:188} INFO - [2026-07-24T17:53:15.532+0000] {dag.py:3947} INFO - Setting next_dagrun for example_weekday_branch_operator to 2026-07-23 00:00:00+00:00, run_after=2026-07-24 00:00:00+00:00
[2026-07-24T17:53:15.569+0000] {processor.py:183} INFO - Processing /home/airflow/.local/lib/python3.12/site-packages/airflow/example_dags/example_branch_day_of_week_operator.py took 0.135 seconds
[2026-07-24T17:53:47.062+0000] {processor.py:161} INFO - Started process (PID=6681) to work on /home/airflow/.local/lib/python3.12/site-packages/airflow/example_dags/example_branch_day_of_week_operator.py
[2026-07-24T17:53:47.065+0000] {processor.py:830} INFO - Processing file /home/airflow/.local/lib/python3.12/site-packages/airflow/example_dags/example_branch_day_of_week_operator.py for tasks to queue
[2026-07-24T17:53:47.069+0000] {logging_mixin.py:188} INFO - [2026-07-24T17:53:47.068+0000] {dagbag.py:545} INFO - Filling up the DagBag from /home/airflow/.local/lib/python3.12/site-packages/airflow/example_dags/example_branch_day_of_week_operator.py
[2026-07-24T17:53:47.082+0000] {processor.py:840} INFO - DAG(s) 'example_weekday_branch_operator' retrieved from /home/airflow/.local/lib/python3.12/site-packages/airflow/example_dags/example_branch_day_of_week_operator.py
[2026-07-24T17:53:47.127+0000] {logging_mixin.py:188} INFO - [2026-07-24T17:53:47.126+0000] {dag.py:3089} INFO - Sync 1 DAGs
[2026-07-24T17:53:47.185+0000] {logging_mixin.py:188} INFO - [2026-07-24T17:53:47.184+0000] {dag.py:3947} INFO - Setting next_dagrun for example_weekday_branch_operator to 2026-07-23 00:00:00+00:00, run_after=2026-07-24 00:00:00+00:00
[2026-07-24T17:53:47.232+0000] {processor.py:183} INFO - Processing /home/airflow/.local/lib/python3.12/site-packages/airflow/example_dags/example_branch_day_of_week_operator.py took 0.179 seconds
[2026-07-24T17:54:19.219+0000] {processor.py:161} INFO - Started process (PID=6754) to work on /home/airflow/.local/lib/python3.12/site-packages/airflow/example_dags/example_branch_day_of_week_operator.py
[2026-07-24T17:54:19.222+0000] {processor.py:830} INFO - Processing file /home/airflow/.local/lib/python3.12/site-packages/airflow/example_dags/example_branch_day_of_week_operator.py for tasks to queue
[2026-07-24T17:54:19.226+0000] {logging_mixin.py:188} INFO - [2026-07-24T17:54:19.226+0000] {dagbag.py:545} INFO - Filling up the DagBag from /home/airflow/.local/lib/python3.12/site-packages/airflow/example_dags/example_branch_day_of_week_operator.py
[2026-07-24T17:54:19.237+0000] {processor.py:840} INFO - DAG(s) 'example_weekday_branch_operator' retrieved from /home/airflow/.local/lib/python3.12/site-packages/airflow/example_dags/example_branch_day_of_week_operator.py
[2026-07-24T17:54:19.278+0000] {logging_mixin.py:188} INFO - [2026-07-24T17:54:19.277+0000] {dag.py:3089} INFO - Sync 1 DAGs
[2026-07-24T17:54:19.317+0000] {logging_mixin.py:188} INFO - [2026-07-24T17:54:19.317+0000] {dag.py:3947} INFO - Setting next_dagrun for example_weekday_branch_operator to 2026-07-23 00:00:00+00:00, run_after=2026-07-24 00:00:00+00:00
[2026-07-24T17:54:19.359+0000] {processor.py:183} INFO - Processing /home/airflow/.local/lib/python3.12/site-packages/airflow/example_dags/example_branch_day_of_week_operator.py took 0.148 seconds
[2026-07-24T17:54:50.411+0000] {processor.py:161} INFO - Started process (PID=6827) to work on /home/airflow/.local/lib/python3.12/site-packages/airflow/example_dags/example_branch_day_of_week_operator.py
[2026-07-24T17:54:50.418+0000] {processor.py:830} INFO - Processing file /home/airflow/.local/lib/python3.12/site-packages/airflow/example_dags/example_branch_day_of_week_operator.py for tasks to queue
[2026-07-24T17:54:50.427+0000] {logging_mixin.py:188} INFO - [2026-07-24T17:54:50.426+0000] {dagbag.py:545} INFO - Filling up the DagBag from /home/airflow/.local/lib/python3.12/site-packages/airflow/example_dags/example_branch_day_of_week_operator.py
[2026-07-24T17:54:50.451+0000] {processor.py:840} INFO - DAG(s) 'example_weekday_branch_operator' retrieved from /home/airflow/.local/lib/python3.12/site-packages/airflow/example_dags/example_branch_day_of_week_operator.py
[2026-07-24T17:54:50.543+0000] {logging_mixin.py:188} INFO - [2026-07-24T17:54:50.543+0000] {dag.py:3089} INFO - Sync 1 DAGs
[2026-07-24T17:54:50.651+0000] {logging_mixin.py:188} INFO - [2026-07-24T17:54:50.650+0000] {dag.py:3947} INFO - Setting next_dagrun for example_weekday_branch_operator to 2026-07-23 00:00:00+00:00, run_after=2026-07-24 00:00:00+00:00
[2026-07-24T17:54:50.717+0000] {processor.py:183} INFO - Processing /home/airflow/.local/lib/python3.12/site-packages/airflow/example_dags/example_branch_day_of_week_operator.py took 0.325 seconds
[2026-07-24T17:55:22.147+0000] {processor.py:161} INFO - Started process (PID=6901) to work on /home/airflow/.local/lib/python3.12/site-packages/airflow/example_dags/example_branch_day_of_week_operator.py
[2026-07-24T17:55:22.149+0000] {processor.py:830} INFO - Processing file /home/airflow/.local/lib/python3.12/site-packages/airflow/example_dags/example_branch_day_of_week_operator.py for tasks to queue
[2026-07-24T17:55:22.153+0000] {logging_mixin.py:188} INFO - [2026-07-24T17:55:22.152+0000] {dagbag.py:545} INFO - Filling up the DagBag from /home/airflow/.local/lib/python3.12/site-packages/airflow/example_dags/example_branch_day_of_week_operator.py
[2026-07-24T17:55:22.167+0000] {processor.py:840} INFO - DAG(s) 'example_weekday_branch_operator' retrieved from /home/airflow/.local/lib/python3.12/site-packages/airflow/example_dags/example_branch_day_of_week_operator.py
[2026-07-24T17:55:22.216+0000] {logging_mixin.py:188} INFO - [2026-07-24T17:55:22.215+0000] {dag.py:3089} INFO - Sync 1 DAGs
[2026-07-24T17:55:22.268+0000] {logging_mixin.py:188} INFO - [2026-07-24T17:55:22.268+0000] {dag.py:3947} INFO - Setting next_dagrun for example_weekday_branch_operator to 2026-07-23 00:00:00+00:00, run_after=2026-07-24 00:00:00+00:00
[2026-07-24T17:55:22.318+0000] {processor.py:183} INFO - Processing /home/airflow/.local/lib/python3.12/site-packages/airflow/example_dags/example_branch_day_of_week_operator.py took 0.179 seconds
[2026-07-24T17:55:53.733+0000] {processor.py:161} INFO - Started process (PID=6975) to work on /home/airflow/.local/lib/python3.12/site-packages/airflow/example_dags/example_branch_day_of_week_operator.py
[2026-07-24T17:55:53.735+0000] {processor.py:830} INFO - Processing file /home/airflow/.local/lib/python3.12/site-packages/airflow/example_dags/example_branch_day_of_week_operator.py for tasks to queue
[2026-07-24T17:55:53.739+0000] {logging_mixin.py:188} INFO - [2026-07-24T17:55:53.739+0000] {dagbag.py:545} INFO - Filling up the DagBag from /home/airflow/.local/lib/python3.12/site-packages/airflow/example_dags/example_branch_day_of_week_operator.py
[2026-07-24T17:55:53.755+0000] {processor.py:840} INFO - DAG(s) 'example_weekday_branch_operator' retrieved from /home/airflow/.local/lib/python3.12/site-packages/airflow/example_dags/example_branch_day_of_week_operator.py
[2026-07-24T17:55:53.804+0000] {logging_mixin.py:188} INFO - [2026-07-24T17:55:53.803+0000] {dag.py:3089} INFO - Sync 1 DAGs
[2026-07-24T17:55:53.860+0000] {logging_mixin.py:188} INFO - [2026-07-24T17:55:53.859+0000] {dag.py:3947} INFO - Setting next_dagrun for example_weekday_branch_operator to 2026-07-23 00:00:00+00:00, run_after=2026-07-24 00:00:00+00:00
[2026-07-24T17:55:53.915+0000] {processor.py:183} INFO - Processing /home/airflow/.local/lib/python3.12/site-packages/airflow/example_dags/example_branch_day_of_week_operator.py took 0.194 seconds
[2026-07-24T17:56:25.328+0000] {processor.py:161} INFO - Started process (PID=7048) to work on /home/airflow/.local/lib/python3.12/site-packages/airflow/example_dags/example_branch_day_of_week_operator.py
[2026-07-24T17:56:25.333+0000] {processor.py:830} INFO - Processing file /home/airflow/.local/lib/python3.12/site-packages/airflow/example_dags/example_branch_day_of_week_operator.py for tasks to queue
[2026-07-24T17:56:25.340+0000] {logging_mixin.py:188} INFO - [2026-07-24T17:56:25.339+0000] {dagbag.py:545} INFO - Filling up the DagBag from /home/airflow/.local/lib/python3.12/site-packages/airflow/example_dags/example_branch_day_of_week_operator.py
[2026-07-24T17:56:25.366+0000] {processor.py:840} INFO - DAG(s) 'example_weekday_branch_operator' retrieved from /home/airflow/.local/lib/python3.12/site-packages/airflow/example_dags/example_branch_day_of_week_operator.py
[2026-07-24T17:56:25.418+0000] {logging_mixin.py:188} INFO - [2026-07-24T17:56:25.417+0000] {dag.py:3089} INFO - Sync 1 DAGs
[2026-07-24T17:56:25.470+0000] {logging_mixin.py:188} INFO - [2026-07-24T17:56:25.470+0000] {dag.py:3947} INFO - Setting next_dagrun for example_weekday_branch_operator to 2026-07-23 00:00:00+00:00, run_after=2026-07-24 00:00:00+00:00
[2026-07-24T17:56:25.516+0000] {processor.py:183} INFO - Processing /home/airflow/.local/lib/python3.12/site-packages/airflow/example_dags/example_branch_day_of_week_operator.py took 0.205 seconds
[2026-07-24T17:56:56.842+0000] {processor.py:161} INFO - Started process (PID=7122) to work on /home/airflow/.local/lib/python3.12/site-packages/airflow/example_dags/example_branch_day_of_week_operator.py
[2026-07-24T17:56:56.845+0000] {processor.py:830} INFO - Processing file /home/airflow/.local/lib/python3.12/site-packages/airflow/example_dags/example_branch_day_of_week_operator.py for tasks to queue
[2026-07-24T17:56:56.848+0000] {logging_mixin.py:188} INFO - [2026-07-24T17:56:56.848+0000] {dagbag.py:545} INFO - Filling up the DagBag from /home/airflow/.local/lib/python3.12/site-packages/airflow/example_dags/example_branch_day_of_week_operator.py
[2026-07-24T17:56:56.862+0000] {processor.py:840} INFO - DAG(s) 'example_weekday_branch_operator' retrieved from /home/airflow/.local/lib/python3.12/site-packages/airflow/example_dags/example_branch_day_of_week_operator.py
[2026-07-24T17:56:56.896+0000] {logging_mixin.py:188} INFO - [2026-07-24T17:56:56.896+0000] {dag.py:3089} INFO - Sync 1 DAGs
[2026-07-24T17:56:56.930+0000] {logging_mixin.py:188} INFO - [2026-07-24T17:56:56.930+0000] {dag.py:3947} INFO - Setting next_dagrun for example_weekday_branch_operator to 2026-07-23 00:00:00+00:00, run_after=2026-07-24 00:00:00+00:00
[2026-07-24T17:56:56.966+0000] {processor.py:183} INFO - Processing /home/airflow/.local/lib/python3.12/site-packages/airflow/example_dags/example_branch_day_of_week_operator.py took 0.134 seconds
[2026-07-24T17:57:28.442+0000] {processor.py:161} INFO - Started process (PID=7195) to work on /home/airflow/.local/lib/python3.12/site-packages/airflow/example_dags/example_branch_day_of_week_operator.py
[2026-07-24T17:57:28.445+0000] {processor.py:830} INFO - Processing file /home/airflow/.local/lib/python3.12/site-packages/airflow/example_dags/example_branch_day_of_week_operator.py for tasks to queue
[2026-07-24T17:57:28.449+0000] {logging_mixin.py:188} INFO - [2026-07-24T17:57:28.448+0000] {dagbag.py:545} INFO - Filling up the DagBag from /home/airflow/.local/lib/python3.12/site-packages/airflow/example_dags/example_branch_day_of_week_operator.py
[2026-07-24T17:57:28.466+0000] {processor.py:840} INFO - DAG(s) 'example_weekday_branch_operator' retrieved from /home/airflow/.local/lib/python3.12/site-packages/airflow/example_dags/example_branch_day_of_week_operator.py
[2026-07-24T17:57:28.503+0000] {logging_mixin.py:188} INFO - [2026-07-24T17:57:28.503+0000] {dag.py:3089} INFO - Sync 1 DAGs
[2026-07-24T17:57:28.535+0000] {logging_mixin.py:188} INFO - [2026-07-24T17:57:28.535+0000] {dag.py:3947} INFO - Setting next_dagrun for example_weekday_branch_operator to 2026-07-23 00:00:00+00:00, run_after=2026-07-24 00:00:00+00:00
[2026-07-24T17:57:28.573+0000] {processor.py:183} INFO - Processing /home/airflow/.local/lib/python3.12/site-packages/airflow/example_dags/example_branch_day_of_week_operator.py took 0.141 seconds
[2026-07-24T17:57:59.908+0000] {processor.py:161} INFO - Started process (PID=7268) to work on /home/airflow/.local/lib/python3.12/site-packages/airflow/example_dags/example_branch_day_of_week_operator.py
[2026-07-24T17:57:59.911+0000] {processor.py:830} INFO - Processing file /home/airflow/.local/lib/python3.12/site-packages/airflow/example_dags/example_branch_day_of_week_operator.py for tasks to queue
[2026-07-24T17:57:59.915+0000] {logging_mixin.py:188} INFO - [2026-07-24T17:57:59.915+0000] {dagbag.py:545} INFO - Filling up the DagBag from /home/airflow/.local/lib/python3.12/site-packages/airflow/example_dags/example_branch_day_of_week_operator.py
[2026-07-24T17:57:59.931+0000] {processor.py:840} INFO - DAG(s) 'example_weekday_branch_operator' retrieved from /home/airflow/.local/lib/python3.12/site-packages/airflow/example_dags/example_branch_day_of_week_operator.py
[2026-07-24T17:57:59.973+0000] {logging_mixin.py:188} INFO - [2026-07-24T17:57:59.973+0000] {dag.py:3089} INFO - Sync 1 DAGs
[2026-07-24T17:58:00.025+0000] {logging_mixin.py:188} INFO - [2026-07-24T17:58:00.025+0000] {dag.py:3947} INFO - Setting next_dagrun for example_weekday_branch_operator to 2026-07-23 00:00:00+00:00, run_after=2026-07-24 00:00:00+00:00
[2026-07-24T17:58:00.075+0000] {processor.py:183} INFO - Processing /home/airflow/.local/lib/python3.12/site-packages/airflow/example_dags/example_branch_day_of_week_operator.py took 0.179 seconds
[2026-07-24T17:58:32.304+0000] {processor.py:161} INFO - Started process (PID=7341) to work on /home/airflow/.local/lib/python3.12/site-packages/airflow/example_dags/example_branch_day_of_week_operator.py
[2026-07-24T17:58:32.306+0000] {processor.py:830} INFO - Processing file /home/airflow/.local/lib/python3.12/site-packages/airflow/example_dags/example_branch_day_of_week_operator.py for tasks to queue
[2026-07-24T17:58:32.310+0000] {logging_mixin.py:188} INFO - [2026-07-24T17:58:32.310+0000] {dagbag.py:545} INFO - Filling up the DagBag from /home/airflow/.local/lib/python3.12/site-packages/airflow/example_dags/example_branch_day_of_week_operator.py
[2026-07-24T17:58:32.323+0000] {processor.py:840} INFO - DAG(s) 'example_weekday_branch_operator' retrieved from /home/airflow/.local/lib/python3.12/site-packages/airflow/example_dags/example_branch_day_of_week_operator.py
[2026-07-24T17:58:32.358+0000] {logging_mixin.py:188} INFO - [2026-07-24T17:58:32.358+0000] {dag.py:3089} INFO - Sync 1 DAGs
[2026-07-24T17:58:32.394+0000] {logging_mixin.py:188} INFO - [2026-07-24T17:58:32.394+0000] {dag.py:3947} INFO - Setting next_dagrun for example_weekday_branch_operator to 2026-07-23 00:00:00+00:00, run_after=2026-07-24 00:00:00+00:00
[2026-07-24T17:58:32.429+0000] {processor.py:183} INFO - Processing /home/airflow/.local/lib/python3.12/site-packages/airflow/example_dags/example_branch_day_of_week_operator.py took 0.135 seconds
