[2026-08-04T07:53:52.279+0000] {processor.py:161} INFO - Started process (PID=161) to work on /home/airflow/.local/lib/python3.12/site-packages/airflow/example_dags/example_xcomargs.py
[2026-08-04T07:53:52.308+0000] {processor.py:830} INFO - Processing file /home/airflow/.local/lib/python3.12/site-packages/airflow/example_dags/example_xcomargs.py for tasks to queue
[2026-08-04T07:53:52.346+0000] {logging_mixin.py:188} INFO - [2026-08-04T07:53:52.344+0000] {dagbag.py:545} INFO - Filling up the DagBag from /home/airflow/.local/lib/python3.12/site-packages/airflow/example_dags/example_xcomargs.py
[2026-08-04T07:53:52.534+0000] {processor.py:840} INFO - DAG(s) 'example_xcom_args_with_operators', 'example_xcom_args' retrieved from /home/airflow/.local/lib/python3.12/site-packages/airflow/example_dags/example_xcomargs.py
[2026-08-04T07:53:53.666+0000] {logging_mixin.py:188} INFO - [2026-08-04T07:53:53.665+0000] {dag.py:3089} INFO - Sync 2 DAGs
[2026-08-04T07:53:53.740+0000] {logging_mixin.py:188} INFO - [2026-08-04T07:53:53.740+0000] {dag.py:3947} INFO - Setting next_dagrun for example_xcom_args to None, run_after=None
[2026-08-04T07:53:53.751+0000] {logging_mixin.py:188} INFO - [2026-08-04T07:53:53.750+0000] {dag.py:3947} INFO - Setting next_dagrun for example_xcom_args_with_operators to None, run_after=None
[2026-08-04T07:53:53.814+0000] {processor.py:183} INFO - Processing /home/airflow/.local/lib/python3.12/site-packages/airflow/example_dags/example_xcomargs.py took 1.620 seconds
[2026-08-04T07:54:40.758+0000] {processor.py:161} INFO - Started process (PID=233) to work on /home/airflow/.local/lib/python3.12/site-packages/airflow/example_dags/example_xcomargs.py
[2026-08-04T07:54:40.767+0000] {processor.py:830} INFO - Processing file /home/airflow/.local/lib/python3.12/site-packages/airflow/example_dags/example_xcomargs.py for tasks to queue
[2026-08-04T07:54:40.800+0000] {logging_mixin.py:188} INFO - [2026-08-04T07:54:40.799+0000] {dagbag.py:545} INFO - Filling up the DagBag from /home/airflow/.local/lib/python3.12/site-packages/airflow/example_dags/example_xcomargs.py
[2026-08-04T07:54:40.989+0000] {processor.py:840} INFO - DAG(s) 'example_xcom_args', 'example_xcom_args_with_operators' retrieved from /home/airflow/.local/lib/python3.12/site-packages/airflow/example_dags/example_xcomargs.py
[2026-08-04T07:54:41.587+0000] {logging_mixin.py:188} INFO - [2026-08-04T07:54:41.586+0000] {dag.py:3089} INFO - Sync 2 DAGs
[2026-08-04T07:54:41.935+0000] {logging_mixin.py:188} INFO - [2026-08-04T07:54:41.935+0000] {dag.py:3947} INFO - Setting next_dagrun for example_xcom_args to None, run_after=None
[2026-08-04T07:54:41.969+0000] {logging_mixin.py:188} INFO - [2026-08-04T07:54:41.968+0000] {dag.py:3947} INFO - Setting next_dagrun for example_xcom_args_with_operators to None, run_after=None
[2026-08-04T07:54:42.292+0000] {processor.py:183} INFO - Processing /home/airflow/.local/lib/python3.12/site-packages/airflow/example_dags/example_xcomargs.py took 1.595 seconds
[2026-08-04T07:55:27.859+0000] {processor.py:161} INFO - Started process (PID=307) to work on /home/airflow/.local/lib/python3.12/site-packages/airflow/example_dags/example_xcomargs.py
[2026-08-04T07:55:27.866+0000] {processor.py:830} INFO - Processing file /home/airflow/.local/lib/python3.12/site-packages/airflow/example_dags/example_xcomargs.py for tasks to queue
[2026-08-04T07:55:27.873+0000] {logging_mixin.py:188} INFO - [2026-08-04T07:55:27.872+0000] {dagbag.py:545} INFO - Filling up the DagBag from /home/airflow/.local/lib/python3.12/site-packages/airflow/example_dags/example_xcomargs.py
[2026-08-04T07:55:27.900+0000] {processor.py:840} INFO - DAG(s) 'example_xcom_args', 'example_xcom_args_with_operators' retrieved from /home/airflow/.local/lib/python3.12/site-packages/airflow/example_dags/example_xcomargs.py
[2026-08-04T07:55:28.003+0000] {logging_mixin.py:188} INFO - [2026-08-04T07:55:28.003+0000] {dag.py:3089} INFO - Sync 2 DAGs
[2026-08-04T07:55:28.073+0000] {logging_mixin.py:188} INFO - [2026-08-04T07:55:28.073+0000] {dag.py:3947} INFO - Setting next_dagrun for example_xcom_args to None, run_after=None
[2026-08-04T07:55:28.100+0000] {logging_mixin.py:188} INFO - [2026-08-04T07:55:28.099+0000] {dag.py:3947} INFO - Setting next_dagrun for example_xcom_args_with_operators to None, run_after=None
[2026-08-04T07:55:28.211+0000] {processor.py:183} INFO - Processing /home/airflow/.local/lib/python3.12/site-packages/airflow/example_dags/example_xcomargs.py took 0.387 seconds
[2026-08-04T07:56:40.554+0000] {processor.py:161} INFO - Started process (PID=400) to work on /home/airflow/.local/lib/python3.12/site-packages/airflow/example_dags/example_xcomargs.py
[2026-08-04T07:56:40.559+0000] {processor.py:830} INFO - Processing file /home/airflow/.local/lib/python3.12/site-packages/airflow/example_dags/example_xcomargs.py for tasks to queue
[2026-08-04T07:56:40.567+0000] {logging_mixin.py:188} INFO - [2026-08-04T07:56:40.566+0000] {dagbag.py:545} INFO - Filling up the DagBag from /home/airflow/.local/lib/python3.12/site-packages/airflow/example_dags/example_xcomargs.py
[2026-08-04T07:56:40.605+0000] {processor.py:840} INFO - DAG(s) 'example_xcom_args_with_operators', 'example_xcom_args' retrieved from /home/airflow/.local/lib/python3.12/site-packages/airflow/example_dags/example_xcomargs.py
[2026-08-04T07:56:40.697+0000] {logging_mixin.py:188} INFO - [2026-08-04T07:56:40.696+0000] {dag.py:3089} INFO - Sync 2 DAGs
[2026-08-04T07:56:40.779+0000] {logging_mixin.py:188} INFO - [2026-08-04T07:56:40.778+0000] {dag.py:3947} INFO - Setting next_dagrun for example_xcom_args to None, run_after=None
[2026-08-04T07:56:40.830+0000] {logging_mixin.py:188} INFO - [2026-08-04T07:56:40.829+0000] {dag.py:3947} INFO - Setting next_dagrun for example_xcom_args_with_operators to None, run_after=None
[2026-08-04T07:56:40.955+0000] {processor.py:183} INFO - Processing /home/airflow/.local/lib/python3.12/site-packages/airflow/example_dags/example_xcomargs.py took 0.473 seconds
[2026-08-04T07:57:22.902+0000] {processor.py:161} INFO - Started process (PID=472) to work on /home/airflow/.local/lib/python3.12/site-packages/airflow/example_dags/example_xcomargs.py
[2026-08-04T07:57:22.916+0000] {processor.py:830} INFO - Processing file /home/airflow/.local/lib/python3.12/site-packages/airflow/example_dags/example_xcomargs.py for tasks to queue
[2026-08-04T07:57:22.932+0000] {logging_mixin.py:188} INFO - [2026-08-04T07:57:22.931+0000] {dagbag.py:545} INFO - Filling up the DagBag from /home/airflow/.local/lib/python3.12/site-packages/airflow/example_dags/example_xcomargs.py
[2026-08-04T07:57:22.983+0000] {processor.py:840} INFO - DAG(s) 'example_xcom_args', 'example_xcom_args_with_operators' retrieved from /home/airflow/.local/lib/python3.12/site-packages/airflow/example_dags/example_xcomargs.py
[2026-08-04T07:57:23.158+0000] {logging_mixin.py:188} INFO - [2026-08-04T07:57:23.156+0000] {dag.py:3089} INFO - Sync 2 DAGs
[2026-08-04T07:57:23.222+0000] {logging_mixin.py:188} INFO - [2026-08-04T07:57:23.221+0000] {dag.py:3947} INFO - Setting next_dagrun for example_xcom_args to None, run_after=None
[2026-08-04T07:57:23.339+0000] {logging_mixin.py:188} INFO - [2026-08-04T07:57:23.339+0000] {dag.py:3947} INFO - Setting next_dagrun for example_xcom_args_with_operators to None, run_after=None
[2026-08-04T07:57:23.484+0000] {processor.py:183} INFO - Processing /home/airflow/.local/lib/python3.12/site-packages/airflow/example_dags/example_xcomargs.py took 0.607 seconds
[2026-08-04T07:57:55.780+0000] {processor.py:161} INFO - Started process (PID=544) to work on /home/airflow/.local/lib/python3.12/site-packages/airflow/example_dags/example_xcomargs.py
[2026-08-04T07:57:55.783+0000] {processor.py:830} INFO - Processing file /home/airflow/.local/lib/python3.12/site-packages/airflow/example_dags/example_xcomargs.py for tasks to queue
[2026-08-04T07:57:55.795+0000] {logging_mixin.py:188} INFO - [2026-08-04T07:57:55.794+0000] {dagbag.py:545} INFO - Filling up the DagBag from /home/airflow/.local/lib/python3.12/site-packages/airflow/example_dags/example_xcomargs.py
[2026-08-04T07:57:55.853+0000] {processor.py:840} INFO - DAG(s) 'example_xcom_args', 'example_xcom_args_with_operators' retrieved from /home/airflow/.local/lib/python3.12/site-packages/airflow/example_dags/example_xcomargs.py
[2026-08-04T07:57:55.966+0000] {logging_mixin.py:188} INFO - [2026-08-04T07:57:55.964+0000] {dag.py:3089} INFO - Sync 2 DAGs
[2026-08-04T07:57:56.033+0000] {logging_mixin.py:188} INFO - [2026-08-04T07:57:56.032+0000] {dag.py:3947} INFO - Setting next_dagrun for example_xcom_args to None, run_after=None
[2026-08-04T07:57:56.060+0000] {logging_mixin.py:188} INFO - [2026-08-04T07:57:56.056+0000] {dag.py:3947} INFO - Setting next_dagrun for example_xcom_args_with_operators to None, run_after=None
[2026-08-04T07:57:56.129+0000] {processor.py:183} INFO - Processing /home/airflow/.local/lib/python3.12/site-packages/airflow/example_dags/example_xcomargs.py took 0.366 seconds
[2026-08-04T07:58:33.344+0000] {processor.py:161} INFO - Started process (PID=609) to work on /home/airflow/.local/lib/python3.12/site-packages/airflow/example_dags/example_xcomargs.py
[2026-08-04T07:58:33.369+0000] {processor.py:830} INFO - Processing file /home/airflow/.local/lib/python3.12/site-packages/airflow/example_dags/example_xcomargs.py for tasks to queue
[2026-08-04T07:58:33.407+0000] {logging_mixin.py:188} INFO - [2026-08-04T07:58:33.390+0000] {dagbag.py:545} INFO - Filling up the DagBag from /home/airflow/.local/lib/python3.12/site-packages/airflow/example_dags/example_xcomargs.py
[2026-08-04T07:58:33.468+0000] {processor.py:840} INFO - DAG(s) 'example_xcom_args', 'example_xcom_args_with_operators' retrieved from /home/airflow/.local/lib/python3.12/site-packages/airflow/example_dags/example_xcomargs.py
[2026-08-04T07:58:33.591+0000] {logging_mixin.py:188} INFO - [2026-08-04T07:58:33.590+0000] {dag.py:3089} INFO - Sync 2 DAGs
[2026-08-04T07:58:33.654+0000] {logging_mixin.py:188} INFO - [2026-08-04T07:58:33.653+0000] {dag.py:3947} INFO - Setting next_dagrun for example_xcom_args to None, run_after=None
[2026-08-04T07:58:33.679+0000] {logging_mixin.py:188} INFO - [2026-08-04T07:58:33.678+0000] {dag.py:3947} INFO - Setting next_dagrun for example_xcom_args_with_operators to None, run_after=None
[2026-08-04T07:58:33.945+0000] {processor.py:183} INFO - Processing /home/airflow/.local/lib/python3.12/site-packages/airflow/example_dags/example_xcomargs.py took 0.670 seconds
[2026-08-04T07:59:11.089+0000] {processor.py:161} INFO - Started process (PID=680) to work on /home/airflow/.local/lib/python3.12/site-packages/airflow/example_dags/example_xcomargs.py
[2026-08-04T07:59:11.106+0000] {processor.py:830} INFO - Processing file /home/airflow/.local/lib/python3.12/site-packages/airflow/example_dags/example_xcomargs.py for tasks to queue
[2026-08-04T07:59:11.139+0000] {logging_mixin.py:188} INFO - [2026-08-04T07:59:11.138+0000] {dagbag.py:545} INFO - Filling up the DagBag from /home/airflow/.local/lib/python3.12/site-packages/airflow/example_dags/example_xcomargs.py
[2026-08-04T07:59:11.313+0000] {processor.py:840} INFO - DAG(s) 'example_xcom_args', 'example_xcom_args_with_operators' retrieved from /home/airflow/.local/lib/python3.12/site-packages/airflow/example_dags/example_xcomargs.py
[2026-08-04T07:59:11.461+0000] {logging_mixin.py:188} INFO - [2026-08-04T07:59:11.460+0000] {dag.py:3089} INFO - Sync 2 DAGs
[2026-08-04T07:59:11.569+0000] {logging_mixin.py:188} INFO - [2026-08-04T07:59:11.568+0000] {dag.py:3947} INFO - Setting next_dagrun for example_xcom_args to None, run_after=None
[2026-08-04T07:59:11.668+0000] {logging_mixin.py:188} INFO - [2026-08-04T07:59:11.667+0000] {dag.py:3947} INFO - Setting next_dagrun for example_xcom_args_with_operators to None, run_after=None
[2026-08-04T07:59:11.860+0000] {processor.py:183} INFO - Processing /home/airflow/.local/lib/python3.12/site-packages/airflow/example_dags/example_xcomargs.py took 0.809 seconds
[2026-08-04T07:59:48.389+0000] {processor.py:161} INFO - Started process (PID=750) to work on /home/airflow/.local/lib/python3.12/site-packages/airflow/example_dags/example_xcomargs.py
[2026-08-04T07:59:48.510+0000] {processor.py:830} INFO - Processing file /home/airflow/.local/lib/python3.12/site-packages/airflow/example_dags/example_xcomargs.py for tasks to queue
[2026-08-04T07:59:48.533+0000] {logging_mixin.py:188} INFO - [2026-08-04T07:59:48.531+0000] {dagbag.py:545} INFO - Filling up the DagBag from /home/airflow/.local/lib/python3.12/site-packages/airflow/example_dags/example_xcomargs.py
[2026-08-04T07:59:48.856+0000] {processor.py:840} INFO - DAG(s) 'example_xcom_args_with_operators', 'example_xcom_args' retrieved from /home/airflow/.local/lib/python3.12/site-packages/airflow/example_dags/example_xcomargs.py
[2026-08-04T07:59:49.183+0000] {logging_mixin.py:188} INFO - [2026-08-04T07:59:49.182+0000] {dag.py:3089} INFO - Sync 2 DAGs
[2026-08-04T07:59:49.343+0000] {logging_mixin.py:188} INFO - [2026-08-04T07:59:49.342+0000] {dag.py:3947} INFO - Setting next_dagrun for example_xcom_args to None, run_after=None
[2026-08-04T07:59:49.379+0000] {logging_mixin.py:188} INFO - [2026-08-04T07:59:49.378+0000] {dag.py:3947} INFO - Setting next_dagrun for example_xcom_args_with_operators to None, run_after=None
[2026-08-04T07:59:49.522+0000] {processor.py:183} INFO - Processing /home/airflow/.local/lib/python3.12/site-packages/airflow/example_dags/example_xcomargs.py took 1.172 seconds
[2026-08-04T08:00:27.581+0000] {processor.py:161} INFO - Started process (PID=828) to work on /home/airflow/.local/lib/python3.12/site-packages/airflow/example_dags/example_xcomargs.py
[2026-08-04T08:00:27.584+0000] {processor.py:830} INFO - Processing file /home/airflow/.local/lib/python3.12/site-packages/airflow/example_dags/example_xcomargs.py for tasks to queue
[2026-08-04T08:00:27.598+0000] {logging_mixin.py:188} INFO - [2026-08-04T08:00:27.598+0000] {dagbag.py:545} INFO - Filling up the DagBag from /home/airflow/.local/lib/python3.12/site-packages/airflow/example_dags/example_xcomargs.py
[2026-08-04T08:00:27.627+0000] {processor.py:840} INFO - DAG(s) 'example_xcom_args', 'example_xcom_args_with_operators' retrieved from /home/airflow/.local/lib/python3.12/site-packages/airflow/example_dags/example_xcomargs.py
[2026-08-04T08:00:27.715+0000] {logging_mixin.py:188} INFO - [2026-08-04T08:00:27.714+0000] {dag.py:3089} INFO - Sync 2 DAGs
[2026-08-04T08:00:27.772+0000] {logging_mixin.py:188} INFO - [2026-08-04T08:00:27.772+0000] {dag.py:3947} INFO - Setting next_dagrun for example_xcom_args to None, run_after=None
[2026-08-04T08:00:27.794+0000] {logging_mixin.py:188} INFO - [2026-08-04T08:00:27.793+0000] {dag.py:3947} INFO - Setting next_dagrun for example_xcom_args_with_operators to None, run_after=None
[2026-08-04T08:00:27.900+0000] {processor.py:183} INFO - Processing /home/airflow/.local/lib/python3.12/site-packages/airflow/example_dags/example_xcomargs.py took 0.338 seconds
[2026-08-04T08:01:04.648+0000] {processor.py:161} INFO - Started process (PID=903) to work on /home/airflow/.local/lib/python3.12/site-packages/airflow/example_dags/example_xcomargs.py
[2026-08-04T08:01:04.653+0000] {processor.py:830} INFO - Processing file /home/airflow/.local/lib/python3.12/site-packages/airflow/example_dags/example_xcomargs.py for tasks to queue
[2026-08-04T08:01:04.685+0000] {logging_mixin.py:188} INFO - [2026-08-04T08:01:04.684+0000] {dagbag.py:545} INFO - Filling up the DagBag from /home/airflow/.local/lib/python3.12/site-packages/airflow/example_dags/example_xcomargs.py
[2026-08-04T08:01:04.734+0000] {processor.py:840} INFO - DAG(s) 'example_xcom_args_with_operators', 'example_xcom_args' retrieved from /home/airflow/.local/lib/python3.12/site-packages/airflow/example_dags/example_xcomargs.py
[2026-08-04T08:01:04.927+0000] {logging_mixin.py:188} INFO - [2026-08-04T08:01:04.926+0000] {dag.py:3089} INFO - Sync 2 DAGs
[2026-08-04T08:01:05.004+0000] {logging_mixin.py:188} INFO - [2026-08-04T08:01:05.003+0000] {dag.py:3947} INFO - Setting next_dagrun for example_xcom_args to None, run_after=None
[2026-08-04T08:01:05.028+0000] {logging_mixin.py:188} INFO - [2026-08-04T08:01:05.028+0000] {dag.py:3947} INFO - Setting next_dagrun for example_xcom_args_with_operators to None, run_after=None
[2026-08-04T08:01:05.135+0000] {processor.py:183} INFO - Processing /home/airflow/.local/lib/python3.12/site-packages/airflow/example_dags/example_xcomargs.py took 0.563 seconds
[2026-08-04T08:01:35.446+0000] {processor.py:161} INFO - Started process (PID=967) to work on /home/airflow/.local/lib/python3.12/site-packages/airflow/example_dags/example_xcomargs.py
[2026-08-04T08:01:35.461+0000] {processor.py:830} INFO - Processing file /home/airflow/.local/lib/python3.12/site-packages/airflow/example_dags/example_xcomargs.py for tasks to queue
[2026-08-04T08:01:35.495+0000] {logging_mixin.py:188} INFO - [2026-08-04T08:01:35.494+0000] {dagbag.py:545} INFO - Filling up the DagBag from /home/airflow/.local/lib/python3.12/site-packages/airflow/example_dags/example_xcomargs.py
[2026-08-04T08:01:35.661+0000] {processor.py:840} INFO - DAG(s) 'example_xcom_args_with_operators', 'example_xcom_args' retrieved from /home/airflow/.local/lib/python3.12/site-packages/airflow/example_dags/example_xcomargs.py
[2026-08-04T08:01:35.839+0000] {logging_mixin.py:188} INFO - [2026-08-04T08:01:35.838+0000] {dag.py:3089} INFO - Sync 2 DAGs
[2026-08-04T08:01:35.886+0000] {logging_mixin.py:188} INFO - [2026-08-04T08:01:35.885+0000] {dag.py:3947} INFO - Setting next_dagrun for example_xcom_args to None, run_after=None
[2026-08-04T08:01:35.921+0000] {logging_mixin.py:188} INFO - [2026-08-04T08:01:35.920+0000] {dag.py:3947} INFO - Setting next_dagrun for example_xcom_args_with_operators to None, run_after=None
[2026-08-04T08:01:35.998+0000] {processor.py:183} INFO - Processing /home/airflow/.local/lib/python3.12/site-packages/airflow/example_dags/example_xcomargs.py took 0.592 seconds
[2026-08-04T08:02:11.211+0000] {processor.py:161} INFO - Started process (PID=1039) to work on /home/airflow/.local/lib/python3.12/site-packages/airflow/example_dags/example_xcomargs.py
[2026-08-04T08:02:11.216+0000] {processor.py:830} INFO - Processing file /home/airflow/.local/lib/python3.12/site-packages/airflow/example_dags/example_xcomargs.py for tasks to queue
[2026-08-04T08:02:11.225+0000] {logging_mixin.py:188} INFO - [2026-08-04T08:02:11.224+0000] {dagbag.py:545} INFO - Filling up the DagBag from /home/airflow/.local/lib/python3.12/site-packages/airflow/example_dags/example_xcomargs.py
[2026-08-04T08:02:11.257+0000] {processor.py:840} INFO - DAG(s) 'example_xcom_args_with_operators', 'example_xcom_args' retrieved from /home/airflow/.local/lib/python3.12/site-packages/airflow/example_dags/example_xcomargs.py
[2026-08-04T08:02:11.353+0000] {logging_mixin.py:188} INFO - [2026-08-04T08:02:11.353+0000] {dag.py:3089} INFO - Sync 2 DAGs
[2026-08-04T08:02:11.384+0000] {logging_mixin.py:188} INFO - [2026-08-04T08:02:11.384+0000] {dag.py:3947} INFO - Setting next_dagrun for example_xcom_args to None, run_after=None
[2026-08-04T08:02:11.394+0000] {logging_mixin.py:188} INFO - [2026-08-04T08:02:11.393+0000] {dag.py:3947} INFO - Setting next_dagrun for example_xcom_args_with_operators to None, run_after=None
[2026-08-04T08:02:11.451+0000] {processor.py:183} INFO - Processing /home/airflow/.local/lib/python3.12/site-packages/airflow/example_dags/example_xcomargs.py took 0.267 seconds
[2026-08-04T08:02:53.923+0000] {processor.py:161} INFO - Started process (PID=1113) to work on /home/airflow/.local/lib/python3.12/site-packages/airflow/example_dags/example_xcomargs.py
[2026-08-04T08:02:53.930+0000] {processor.py:830} INFO - Processing file /home/airflow/.local/lib/python3.12/site-packages/airflow/example_dags/example_xcomargs.py for tasks to queue
[2026-08-04T08:02:53.962+0000] {logging_mixin.py:188} INFO - [2026-08-04T08:02:53.951+0000] {dagbag.py:545} INFO - Filling up the DagBag from /home/airflow/.local/lib/python3.12/site-packages/airflow/example_dags/example_xcomargs.py
[2026-08-04T08:02:54.066+0000] {processor.py:840} INFO - DAG(s) 'example_xcom_args', 'example_xcom_args_with_operators' retrieved from /home/airflow/.local/lib/python3.12/site-packages/airflow/example_dags/example_xcomargs.py
[2026-08-04T08:02:54.257+0000] {logging_mixin.py:188} INFO - [2026-08-04T08:02:54.256+0000] {dag.py:3089} INFO - Sync 2 DAGs
[2026-08-04T08:02:54.320+0000] {logging_mixin.py:188} INFO - [2026-08-04T08:02:54.319+0000] {dag.py:3947} INFO - Setting next_dagrun for example_xcom_args to None, run_after=None
[2026-08-04T08:02:54.362+0000] {logging_mixin.py:188} INFO - [2026-08-04T08:02:54.361+0000] {dag.py:3947} INFO - Setting next_dagrun for example_xcom_args_with_operators to None, run_after=None
[2026-08-04T08:02:54.479+0000] {processor.py:183} INFO - Processing /home/airflow/.local/lib/python3.12/site-packages/airflow/example_dags/example_xcomargs.py took 0.613 seconds
[2026-08-04T08:03:29.372+0000] {processor.py:161} INFO - Started process (PID=1187) to work on /home/airflow/.local/lib/python3.12/site-packages/airflow/example_dags/example_xcomargs.py
[2026-08-04T08:03:29.380+0000] {processor.py:830} INFO - Processing file /home/airflow/.local/lib/python3.12/site-packages/airflow/example_dags/example_xcomargs.py for tasks to queue
[2026-08-04T08:03:29.399+0000] {logging_mixin.py:188} INFO - [2026-08-04T08:03:29.394+0000] {dagbag.py:545} INFO - Filling up the DagBag from /home/airflow/.local/lib/python3.12/site-packages/airflow/example_dags/example_xcomargs.py
[2026-08-04T08:03:29.473+0000] {processor.py:840} INFO - DAG(s) 'example_xcom_args', 'example_xcom_args_with_operators' retrieved from /home/airflow/.local/lib/python3.12/site-packages/airflow/example_dags/example_xcomargs.py
[2026-08-04T08:03:29.589+0000] {logging_mixin.py:188} INFO - [2026-08-04T08:03:29.583+0000] {dag.py:3089} INFO - Sync 2 DAGs
[2026-08-04T08:03:29.678+0000] {logging_mixin.py:188} INFO - [2026-08-04T08:03:29.677+0000] {dag.py:3947} INFO - Setting next_dagrun for example_xcom_args to None, run_after=None
[2026-08-04T08:03:29.694+0000] {logging_mixin.py:188} INFO - [2026-08-04T08:03:29.694+0000] {dag.py:3947} INFO - Setting next_dagrun for example_xcom_args_with_operators to None, run_after=None
[2026-08-04T08:03:29.769+0000] {processor.py:183} INFO - Processing /home/airflow/.local/lib/python3.12/site-packages/airflow/example_dags/example_xcomargs.py took 0.427 seconds
[2026-08-04T08:04:08.962+0000] {processor.py:161} INFO - Started process (PID=1267) to work on /home/airflow/.local/lib/python3.12/site-packages/airflow/example_dags/example_xcomargs.py
[2026-08-04T08:04:09.001+0000] {processor.py:830} INFO - Processing file /home/airflow/.local/lib/python3.12/site-packages/airflow/example_dags/example_xcomargs.py for tasks to queue
[2026-08-04T08:04:09.030+0000] {logging_mixin.py:188} INFO - [2026-08-04T08:04:09.022+0000] {dagbag.py:545} INFO - Filling up the DagBag from /home/airflow/.local/lib/python3.12/site-packages/airflow/example_dags/example_xcomargs.py
[2026-08-04T08:04:09.110+0000] {processor.py:840} INFO - DAG(s) 'example_xcom_args', 'example_xcom_args_with_operators' retrieved from /home/airflow/.local/lib/python3.12/site-packages/airflow/example_dags/example_xcomargs.py
[2026-08-04T08:04:09.383+0000] {logging_mixin.py:188} INFO - [2026-08-04T08:04:09.382+0000] {dag.py:3089} INFO - Sync 2 DAGs
[2026-08-04T08:04:09.569+0000] {logging_mixin.py:188} INFO - [2026-08-04T08:04:09.568+0000] {dag.py:3947} INFO - Setting next_dagrun for example_xcom_args to None, run_after=None
[2026-08-04T08:04:09.709+0000] {logging_mixin.py:188} INFO - [2026-08-04T08:04:09.708+0000] {dag.py:3947} INFO - Setting next_dagrun for example_xcom_args_with_operators to None, run_after=None
[2026-08-04T08:04:09.977+0000] {processor.py:183} INFO - Processing /home/airflow/.local/lib/python3.12/site-packages/airflow/example_dags/example_xcomargs.py took 1.116 seconds
[2026-08-04T08:04:46.435+0000] {processor.py:161} INFO - Started process (PID=1339) to work on /home/airflow/.local/lib/python3.12/site-packages/airflow/example_dags/example_xcomargs.py
[2026-08-04T08:04:46.441+0000] {processor.py:830} INFO - Processing file /home/airflow/.local/lib/python3.12/site-packages/airflow/example_dags/example_xcomargs.py for tasks to queue
[2026-08-04T08:04:46.461+0000] {logging_mixin.py:188} INFO - [2026-08-04T08:04:46.460+0000] {dagbag.py:545} INFO - Filling up the DagBag from /home/airflow/.local/lib/python3.12/site-packages/airflow/example_dags/example_xcomargs.py
[2026-08-04T08:04:46.568+0000] {processor.py:840} INFO - DAG(s) 'example_xcom_args', 'example_xcom_args_with_operators' retrieved from /home/airflow/.local/lib/python3.12/site-packages/airflow/example_dags/example_xcomargs.py
[2026-08-04T08:04:46.816+0000] {logging_mixin.py:188} INFO - [2026-08-04T08:04:46.798+0000] {dag.py:3089} INFO - Sync 2 DAGs
[2026-08-04T08:04:46.926+0000] {logging_mixin.py:188} INFO - [2026-08-04T08:04:46.911+0000] {dag.py:3947} INFO - Setting next_dagrun for example_xcom_args to None, run_after=None
[2026-08-04T08:04:46.952+0000] {logging_mixin.py:188} INFO - [2026-08-04T08:04:46.952+0000] {dag.py:3947} INFO - Setting next_dagrun for example_xcom_args_with_operators to None, run_after=None
[2026-08-04T08:04:47.076+0000] {processor.py:183} INFO - Processing /home/airflow/.local/lib/python3.12/site-packages/airflow/example_dags/example_xcomargs.py took 0.660 seconds
[2026-08-04T08:05:24.009+0000] {processor.py:161} INFO - Started process (PID=1414) to work on /home/airflow/.local/lib/python3.12/site-packages/airflow/example_dags/example_xcomargs.py
[2026-08-04T08:05:24.033+0000] {processor.py:830} INFO - Processing file /home/airflow/.local/lib/python3.12/site-packages/airflow/example_dags/example_xcomargs.py for tasks to queue
[2026-08-04T08:05:24.082+0000] {logging_mixin.py:188} INFO - [2026-08-04T08:05:24.081+0000] {dagbag.py:545} INFO - Filling up the DagBag from /home/airflow/.local/lib/python3.12/site-packages/airflow/example_dags/example_xcomargs.py
[2026-08-04T08:05:24.200+0000] {processor.py:840} INFO - DAG(s) 'example_xcom_args', 'example_xcom_args_with_operators' retrieved from /home/airflow/.local/lib/python3.12/site-packages/airflow/example_dags/example_xcomargs.py
[2026-08-04T08:05:24.939+0000] {logging_mixin.py:188} INFO - [2026-08-04T08:05:24.937+0000] {dag.py:3089} INFO - Sync 2 DAGs
[2026-08-04T08:05:25.076+0000] {logging_mixin.py:188} INFO - [2026-08-04T08:05:25.076+0000] {dag.py:3947} INFO - Setting next_dagrun for example_xcom_args to None, run_after=None
[2026-08-04T08:05:25.098+0000] {logging_mixin.py:188} INFO - [2026-08-04T08:05:25.097+0000] {dag.py:3947} INFO - Setting next_dagrun for example_xcom_args_with_operators to None, run_after=None
[2026-08-04T08:05:25.335+0000] {processor.py:183} INFO - Processing /home/airflow/.local/lib/python3.12/site-packages/airflow/example_dags/example_xcomargs.py took 1.491 seconds
[2026-08-04T08:06:08.899+0000] {processor.py:161} INFO - Started process (PID=1489) to work on /home/airflow/.local/lib/python3.12/site-packages/airflow/example_dags/example_xcomargs.py
[2026-08-04T08:06:08.927+0000] {processor.py:830} INFO - Processing file /home/airflow/.local/lib/python3.12/site-packages/airflow/example_dags/example_xcomargs.py for tasks to queue
[2026-08-04T08:06:08.942+0000] {logging_mixin.py:188} INFO - [2026-08-04T08:06:08.941+0000] {dagbag.py:545} INFO - Filling up the DagBag from /home/airflow/.local/lib/python3.12/site-packages/airflow/example_dags/example_xcomargs.py
[2026-08-04T08:06:09.071+0000] {processor.py:840} INFO - DAG(s) 'example_xcom_args', 'example_xcom_args_with_operators' retrieved from /home/airflow/.local/lib/python3.12/site-packages/airflow/example_dags/example_xcomargs.py
[2026-08-04T08:06:09.428+0000] {logging_mixin.py:188} INFO - [2026-08-04T08:06:09.427+0000] {dag.py:3089} INFO - Sync 2 DAGs
[2026-08-04T08:06:09.542+0000] {logging_mixin.py:188} INFO - [2026-08-04T08:06:09.541+0000] {dag.py:3947} INFO - Setting next_dagrun for example_xcom_args to None, run_after=None
[2026-08-04T08:06:09.566+0000] {logging_mixin.py:188} INFO - [2026-08-04T08:06:09.565+0000] {dag.py:3947} INFO - Setting next_dagrun for example_xcom_args_with_operators to None, run_after=None
[2026-08-04T08:06:09.853+0000] {processor.py:183} INFO - Processing /home/airflow/.local/lib/python3.12/site-packages/airflow/example_dags/example_xcomargs.py took 0.996 seconds
[2026-08-04T08:06:45.892+0000] {processor.py:161} INFO - Started process (PID=1562) to work on /home/airflow/.local/lib/python3.12/site-packages/airflow/example_dags/example_xcomargs.py
[2026-08-04T08:06:45.898+0000] {processor.py:830} INFO - Processing file /home/airflow/.local/lib/python3.12/site-packages/airflow/example_dags/example_xcomargs.py for tasks to queue
[2026-08-04T08:06:45.912+0000] {logging_mixin.py:188} INFO - [2026-08-04T08:06:45.911+0000] {dagbag.py:545} INFO - Filling up the DagBag from /home/airflow/.local/lib/python3.12/site-packages/airflow/example_dags/example_xcomargs.py
[2026-08-04T08:06:45.970+0000] {processor.py:840} INFO - DAG(s) 'example_xcom_args_with_operators', 'example_xcom_args' retrieved from /home/airflow/.local/lib/python3.12/site-packages/airflow/example_dags/example_xcomargs.py
[2026-08-04T08:06:46.295+0000] {logging_mixin.py:188} INFO - [2026-08-04T08:06:46.294+0000] {dag.py:3089} INFO - Sync 2 DAGs
[2026-08-04T08:06:46.461+0000] {logging_mixin.py:188} INFO - [2026-08-04T08:06:46.460+0000] {dag.py:3947} INFO - Setting next_dagrun for example_xcom_args to None, run_after=None
[2026-08-04T08:06:46.493+0000] {logging_mixin.py:188} INFO - [2026-08-04T08:06:46.493+0000] {dag.py:3947} INFO - Setting next_dagrun for example_xcom_args_with_operators to None, run_after=None
[2026-08-04T08:06:46.657+0000] {processor.py:183} INFO - Processing /home/airflow/.local/lib/python3.12/site-packages/airflow/example_dags/example_xcomargs.py took 0.797 seconds
[2026-08-04T08:07:26.756+0000] {processor.py:161} INFO - Started process (PID=1632) to work on /home/airflow/.local/lib/python3.12/site-packages/airflow/example_dags/example_xcomargs.py
[2026-08-04T08:07:26.771+0000] {processor.py:830} INFO - Processing file /home/airflow/.local/lib/python3.12/site-packages/airflow/example_dags/example_xcomargs.py for tasks to queue
[2026-08-04T08:07:26.793+0000] {logging_mixin.py:188} INFO - [2026-08-04T08:07:26.792+0000] {dagbag.py:545} INFO - Filling up the DagBag from /home/airflow/.local/lib/python3.12/site-packages/airflow/example_dags/example_xcomargs.py
[2026-08-04T08:07:26.995+0000] {processor.py:840} INFO - DAG(s) 'example_xcom_args', 'example_xcom_args_with_operators' retrieved from /home/airflow/.local/lib/python3.12/site-packages/airflow/example_dags/example_xcomargs.py
[2026-08-04T08:07:27.289+0000] {logging_mixin.py:188} INFO - [2026-08-04T08:07:27.288+0000] {dag.py:3089} INFO - Sync 2 DAGs
[2026-08-04T08:07:27.468+0000] {logging_mixin.py:188} INFO - [2026-08-04T08:07:27.468+0000] {dag.py:3947} INFO - Setting next_dagrun for example_xcom_args to None, run_after=None
[2026-08-04T08:07:27.521+0000] {logging_mixin.py:188} INFO - [2026-08-04T08:07:27.520+0000] {dag.py:3947} INFO - Setting next_dagrun for example_xcom_args_with_operators to None, run_after=None
[2026-08-04T08:07:27.713+0000] {processor.py:183} INFO - Processing /home/airflow/.local/lib/python3.12/site-packages/airflow/example_dags/example_xcomargs.py took 1.031 seconds
[2026-08-04T08:08:07.097+0000] {processor.py:161} INFO - Started process (PID=1707) to work on /home/airflow/.local/lib/python3.12/site-packages/airflow/example_dags/example_xcomargs.py
[2026-08-04T08:08:07.104+0000] {processor.py:830} INFO - Processing file /home/airflow/.local/lib/python3.12/site-packages/airflow/example_dags/example_xcomargs.py for tasks to queue
[2026-08-04T08:08:07.122+0000] {logging_mixin.py:188} INFO - [2026-08-04T08:08:07.121+0000] {dagbag.py:545} INFO - Filling up the DagBag from /home/airflow/.local/lib/python3.12/site-packages/airflow/example_dags/example_xcomargs.py
[2026-08-04T08:08:07.151+0000] {processor.py:840} INFO - DAG(s) 'example_xcom_args_with_operators', 'example_xcom_args' retrieved from /home/airflow/.local/lib/python3.12/site-packages/airflow/example_dags/example_xcomargs.py
[2026-08-04T08:08:07.346+0000] {logging_mixin.py:188} INFO - [2026-08-04T08:08:07.343+0000] {dag.py:3089} INFO - Sync 2 DAGs
[2026-08-04T08:08:07.428+0000] {logging_mixin.py:188} INFO - [2026-08-04T08:08:07.427+0000] {dag.py:3947} INFO - Setting next_dagrun for example_xcom_args to None, run_after=None
[2026-08-04T08:08:07.439+0000] {logging_mixin.py:188} INFO - [2026-08-04T08:08:07.439+0000] {dag.py:3947} INFO - Setting next_dagrun for example_xcom_args_with_operators to None, run_after=None
[2026-08-04T08:08:07.487+0000] {processor.py:183} INFO - Processing /home/airflow/.local/lib/python3.12/site-packages/airflow/example_dags/example_xcomargs.py took 0.411 seconds
[2026-08-04T08:08:46.614+0000] {processor.py:161} INFO - Started process (PID=1778) to work on /home/airflow/.local/lib/python3.12/site-packages/airflow/example_dags/example_xcomargs.py
[2026-08-04T08:08:46.640+0000] {processor.py:830} INFO - Processing file /home/airflow/.local/lib/python3.12/site-packages/airflow/example_dags/example_xcomargs.py for tasks to queue
[2026-08-04T08:08:46.661+0000] {logging_mixin.py:188} INFO - [2026-08-04T08:08:46.660+0000] {dagbag.py:545} INFO - Filling up the DagBag from /home/airflow/.local/lib/python3.12/site-packages/airflow/example_dags/example_xcomargs.py
[2026-08-04T08:08:46.811+0000] {processor.py:840} INFO - DAG(s) 'example_xcom_args', 'example_xcom_args_with_operators' retrieved from /home/airflow/.local/lib/python3.12/site-packages/airflow/example_dags/example_xcomargs.py
[2026-08-04T08:08:46.962+0000] {logging_mixin.py:188} INFO - [2026-08-04T08:08:46.961+0000] {dag.py:3089} INFO - Sync 2 DAGs
[2026-08-04T08:08:47.180+0000] {logging_mixin.py:188} INFO - [2026-08-04T08:08:47.179+0000] {dag.py:3947} INFO - Setting next_dagrun for example_xcom_args to None, run_after=None
[2026-08-04T08:08:47.232+0000] {logging_mixin.py:188} INFO - [2026-08-04T08:08:47.232+0000] {dag.py:3947} INFO - Setting next_dagrun for example_xcom_args_with_operators to None, run_after=None
[2026-08-04T08:08:47.435+0000] {processor.py:183} INFO - Processing /home/airflow/.local/lib/python3.12/site-packages/airflow/example_dags/example_xcomargs.py took 0.916 seconds
[2026-08-04T08:09:18.756+0000] {processor.py:161} INFO - Started process (PID=1844) to work on /home/airflow/.local/lib/python3.12/site-packages/airflow/example_dags/example_xcomargs.py
[2026-08-04T08:09:18.760+0000] {processor.py:830} INFO - Processing file /home/airflow/.local/lib/python3.12/site-packages/airflow/example_dags/example_xcomargs.py for tasks to queue
[2026-08-04T08:09:18.769+0000] {logging_mixin.py:188} INFO - [2026-08-04T08:09:18.768+0000] {dagbag.py:545} INFO - Filling up the DagBag from /home/airflow/.local/lib/python3.12/site-packages/airflow/example_dags/example_xcomargs.py
[2026-08-04T08:09:18.806+0000] {processor.py:840} INFO - DAG(s) 'example_xcom_args', 'example_xcom_args_with_operators' retrieved from /home/airflow/.local/lib/python3.12/site-packages/airflow/example_dags/example_xcomargs.py
[2026-08-04T08:09:18.884+0000] {logging_mixin.py:188} INFO - [2026-08-04T08:09:18.884+0000] {dag.py:3089} INFO - Sync 2 DAGs
[2026-08-04T08:09:18.929+0000] {logging_mixin.py:188} INFO - [2026-08-04T08:09:18.928+0000] {dag.py:3947} INFO - Setting next_dagrun for example_xcom_args to None, run_after=None
[2026-08-04T08:09:18.940+0000] {logging_mixin.py:188} INFO - [2026-08-04T08:09:18.940+0000] {dag.py:3947} INFO - Setting next_dagrun for example_xcom_args_with_operators to None, run_after=None
[2026-08-04T08:09:19.019+0000] {processor.py:183} INFO - Processing /home/airflow/.local/lib/python3.12/site-packages/airflow/example_dags/example_xcomargs.py took 0.298 seconds
[2026-08-04T08:09:55.839+0000] {processor.py:161} INFO - Started process (PID=1916) to work on /home/airflow/.local/lib/python3.12/site-packages/airflow/example_dags/example_xcomargs.py
[2026-08-04T08:09:55.842+0000] {processor.py:830} INFO - Processing file /home/airflow/.local/lib/python3.12/site-packages/airflow/example_dags/example_xcomargs.py for tasks to queue
[2026-08-04T08:09:55.851+0000] {logging_mixin.py:188} INFO - [2026-08-04T08:09:55.850+0000] {dagbag.py:545} INFO - Filling up the DagBag from /home/airflow/.local/lib/python3.12/site-packages/airflow/example_dags/example_xcomargs.py
[2026-08-04T08:09:55.911+0000] {processor.py:840} INFO - DAG(s) 'example_xcom_args', 'example_xcom_args_with_operators' retrieved from /home/airflow/.local/lib/python3.12/site-packages/airflow/example_dags/example_xcomargs.py
[2026-08-04T08:09:55.998+0000] {logging_mixin.py:188} INFO - [2026-08-04T08:09:55.998+0000] {dag.py:3089} INFO - Sync 2 DAGs
[2026-08-04T08:09:56.039+0000] {logging_mixin.py:188} INFO - [2026-08-04T08:09:56.038+0000] {dag.py:3947} INFO - Setting next_dagrun for example_xcom_args to None, run_after=None
[2026-08-04T08:09:56.051+0000] {logging_mixin.py:188} INFO - [2026-08-04T08:09:56.050+0000] {dag.py:3947} INFO - Setting next_dagrun for example_xcom_args_with_operators to None, run_after=None
[2026-08-04T08:09:56.103+0000] {processor.py:183} INFO - Processing /home/airflow/.local/lib/python3.12/site-packages/airflow/example_dags/example_xcomargs.py took 0.290 seconds
[2026-08-04T08:10:36.004+0000] {processor.py:161} INFO - Started process (PID=1990) to work on /home/airflow/.local/lib/python3.12/site-packages/airflow/example_dags/example_xcomargs.py
[2026-08-04T08:10:36.013+0000] {processor.py:830} INFO - Processing file /home/airflow/.local/lib/python3.12/site-packages/airflow/example_dags/example_xcomargs.py for tasks to queue
[2026-08-04T08:10:36.039+0000] {logging_mixin.py:188} INFO - [2026-08-04T08:10:36.038+0000] {dagbag.py:545} INFO - Filling up the DagBag from /home/airflow/.local/lib/python3.12/site-packages/airflow/example_dags/example_xcomargs.py
[2026-08-04T08:10:36.096+0000] {processor.py:840} INFO - DAG(s) 'example_xcom_args', 'example_xcom_args_with_operators' retrieved from /home/airflow/.local/lib/python3.12/site-packages/airflow/example_dags/example_xcomargs.py
[2026-08-04T08:10:36.212+0000] {logging_mixin.py:188} INFO - [2026-08-04T08:10:36.211+0000] {dag.py:3089} INFO - Sync 2 DAGs
[2026-08-04T08:10:36.297+0000] {logging_mixin.py:188} INFO - [2026-08-04T08:10:36.294+0000] {dag.py:3947} INFO - Setting next_dagrun for example_xcom_args to None, run_after=None
[2026-08-04T08:10:36.326+0000] {logging_mixin.py:188} INFO - [2026-08-04T08:10:36.325+0000] {dag.py:3947} INFO - Setting next_dagrun for example_xcom_args_with_operators to None, run_after=None
[2026-08-04T08:10:36.400+0000] {processor.py:183} INFO - Processing /home/airflow/.local/lib/python3.12/site-packages/airflow/example_dags/example_xcomargs.py took 0.477 seconds
[2026-08-04T08:11:07.897+0000] {processor.py:161} INFO - Started process (PID=2063) to work on /home/airflow/.local/lib/python3.12/site-packages/airflow/example_dags/example_xcomargs.py
[2026-08-04T08:11:07.908+0000] {processor.py:830} INFO - Processing file /home/airflow/.local/lib/python3.12/site-packages/airflow/example_dags/example_xcomargs.py for tasks to queue
[2026-08-04T08:11:07.916+0000] {logging_mixin.py:188} INFO - [2026-08-04T08:11:07.915+0000] {dagbag.py:545} INFO - Filling up the DagBag from /home/airflow/.local/lib/python3.12/site-packages/airflow/example_dags/example_xcomargs.py
[2026-08-04T08:11:07.962+0000] {processor.py:840} INFO - DAG(s) 'example_xcom_args_with_operators', 'example_xcom_args' retrieved from /home/airflow/.local/lib/python3.12/site-packages/airflow/example_dags/example_xcomargs.py
[2026-08-04T08:11:08.096+0000] {logging_mixin.py:188} INFO - [2026-08-04T08:11:08.096+0000] {dag.py:3089} INFO - Sync 2 DAGs
[2026-08-04T08:11:08.180+0000] {logging_mixin.py:188} INFO - [2026-08-04T08:11:08.179+0000] {dag.py:3947} INFO - Setting next_dagrun for example_xcom_args to None, run_after=None
[2026-08-04T08:11:08.193+0000] {logging_mixin.py:188} INFO - [2026-08-04T08:11:08.192+0000] {dag.py:3947} INFO - Setting next_dagrun for example_xcom_args_with_operators to None, run_after=None
[2026-08-04T08:11:08.240+0000] {processor.py:183} INFO - Processing /home/airflow/.local/lib/python3.12/site-packages/airflow/example_dags/example_xcomargs.py took 0.368 seconds
[2026-08-04T08:11:47.092+0000] {processor.py:161} INFO - Started process (PID=2139) to work on /home/airflow/.local/lib/python3.12/site-packages/airflow/example_dags/example_xcomargs.py
[2026-08-04T08:11:47.105+0000] {processor.py:830} INFO - Processing file /home/airflow/.local/lib/python3.12/site-packages/airflow/example_dags/example_xcomargs.py for tasks to queue
[2026-08-04T08:11:47.224+0000] {logging_mixin.py:188} INFO - [2026-08-04T08:11:47.214+0000] {dagbag.py:545} INFO - Filling up the DagBag from /home/airflow/.local/lib/python3.12/site-packages/airflow/example_dags/example_xcomargs.py
[2026-08-04T08:11:47.366+0000] {processor.py:840} INFO - DAG(s) 'example_xcom_args', 'example_xcom_args_with_operators' retrieved from /home/airflow/.local/lib/python3.12/site-packages/airflow/example_dags/example_xcomargs.py
[2026-08-04T08:11:47.761+0000] {logging_mixin.py:188} INFO - [2026-08-04T08:11:47.761+0000] {dag.py:3089} INFO - Sync 2 DAGs
[2026-08-04T08:11:47.957+0000] {logging_mixin.py:188} INFO - [2026-08-04T08:11:47.956+0000] {dag.py:3947} INFO - Setting next_dagrun for example_xcom_args to None, run_after=None
[2026-08-04T08:11:48.088+0000] {logging_mixin.py:188} INFO - [2026-08-04T08:11:48.087+0000] {dag.py:3947} INFO - Setting next_dagrun for example_xcom_args_with_operators to None, run_after=None
[2026-08-04T08:11:48.523+0000] {processor.py:183} INFO - Processing /home/airflow/.local/lib/python3.12/site-packages/airflow/example_dags/example_xcomargs.py took 1.505 seconds
[2026-08-04T08:12:21.730+0000] {processor.py:161} INFO - Started process (PID=2204) to work on /home/airflow/.local/lib/python3.12/site-packages/airflow/example_dags/example_xcomargs.py
[2026-08-04T08:12:21.735+0000] {processor.py:830} INFO - Processing file /home/airflow/.local/lib/python3.12/site-packages/airflow/example_dags/example_xcomargs.py for tasks to queue
[2026-08-04T08:12:21.747+0000] {logging_mixin.py:188} INFO - [2026-08-04T08:12:21.746+0000] {dagbag.py:545} INFO - Filling up the DagBag from /home/airflow/.local/lib/python3.12/site-packages/airflow/example_dags/example_xcomargs.py
[2026-08-04T08:12:21.783+0000] {processor.py:840} INFO - DAG(s) 'example_xcom_args', 'example_xcom_args_with_operators' retrieved from /home/airflow/.local/lib/python3.12/site-packages/airflow/example_dags/example_xcomargs.py
[2026-08-04T08:12:21.940+0000] {logging_mixin.py:188} INFO - [2026-08-04T08:12:21.939+0000] {dag.py:3089} INFO - Sync 2 DAGs
[2026-08-04T08:12:21.980+0000] {logging_mixin.py:188} INFO - [2026-08-04T08:12:21.979+0000] {dag.py:3947} INFO - Setting next_dagrun for example_xcom_args to None, run_after=None
[2026-08-04T08:12:21.997+0000] {logging_mixin.py:188} INFO - [2026-08-04T08:12:21.996+0000] {dag.py:3947} INFO - Setting next_dagrun for example_xcom_args_with_operators to None, run_after=None
[2026-08-04T08:12:22.052+0000] {processor.py:183} INFO - Processing /home/airflow/.local/lib/python3.12/site-packages/airflow/example_dags/example_xcomargs.py took 0.341 seconds
[2026-08-04T08:13:11.265+0000] {processor.py:161} INFO - Started process (PID=2277) to work on /home/airflow/.local/lib/python3.12/site-packages/airflow/example_dags/example_xcomargs.py
[2026-08-04T08:13:11.276+0000] {processor.py:830} INFO - Processing file /home/airflow/.local/lib/python3.12/site-packages/airflow/example_dags/example_xcomargs.py for tasks to queue
[2026-08-04T08:13:11.299+0000] {logging_mixin.py:188} INFO - [2026-08-04T08:13:11.297+0000] {dagbag.py:545} INFO - Filling up the DagBag from /home/airflow/.local/lib/python3.12/site-packages/airflow/example_dags/example_xcomargs.py
[2026-08-04T08:13:11.439+0000] {processor.py:840} INFO - DAG(s) 'example_xcom_args', 'example_xcom_args_with_operators' retrieved from /home/airflow/.local/lib/python3.12/site-packages/airflow/example_dags/example_xcomargs.py
[2026-08-04T08:13:11.683+0000] {logging_mixin.py:188} INFO - [2026-08-04T08:13:11.682+0000] {dag.py:3089} INFO - Sync 2 DAGs
[2026-08-04T08:13:11.826+0000] {logging_mixin.py:188} INFO - [2026-08-04T08:13:11.826+0000] {dag.py:3947} INFO - Setting next_dagrun for example_xcom_args to None, run_after=None
[2026-08-04T08:13:11.882+0000] {logging_mixin.py:188} INFO - [2026-08-04T08:13:11.881+0000] {dag.py:3947} INFO - Setting next_dagrun for example_xcom_args_with_operators to None, run_after=None
[2026-08-04T08:13:12.384+0000] {processor.py:183} INFO - Processing /home/airflow/.local/lib/python3.12/site-packages/airflow/example_dags/example_xcomargs.py took 1.192 seconds
[2026-08-04T08:13:48.834+0000] {processor.py:161} INFO - Started process (PID=2350) to work on /home/airflow/.local/lib/python3.12/site-packages/airflow/example_dags/example_xcomargs.py
[2026-08-04T08:13:48.853+0000] {processor.py:830} INFO - Processing file /home/airflow/.local/lib/python3.12/site-packages/airflow/example_dags/example_xcomargs.py for tasks to queue
[2026-08-04T08:13:48.885+0000] {logging_mixin.py:188} INFO - [2026-08-04T08:13:48.884+0000] {dagbag.py:545} INFO - Filling up the DagBag from /home/airflow/.local/lib/python3.12/site-packages/airflow/example_dags/example_xcomargs.py
[2026-08-04T08:13:49.072+0000] {processor.py:840} INFO - DAG(s) 'example_xcom_args_with_operators', 'example_xcom_args' retrieved from /home/airflow/.local/lib/python3.12/site-packages/airflow/example_dags/example_xcomargs.py
[2026-08-04T08:13:49.349+0000] {logging_mixin.py:188} INFO - [2026-08-04T08:13:49.348+0000] {dag.py:3089} INFO - Sync 2 DAGs
[2026-08-04T08:13:50.886+0000] {logging_mixin.py:188} INFO - [2026-08-04T08:13:50.886+0000] {dag.py:3947} INFO - Setting next_dagrun for example_xcom_args to None, run_after=None
[2026-08-04T08:13:50.938+0000] {logging_mixin.py:188} INFO - [2026-08-04T08:13:50.938+0000] {dag.py:3947} INFO - Setting next_dagrun for example_xcom_args_with_operators to None, run_after=None
[2026-08-04T08:13:50.993+0000] {processor.py:183} INFO - Processing /home/airflow/.local/lib/python3.12/site-packages/airflow/example_dags/example_xcomargs.py took 2.493 seconds
[2026-08-04T08:14:21.314+0000] {processor.py:161} INFO - Started process (PID=2415) to work on /home/airflow/.local/lib/python3.12/site-packages/airflow/example_dags/example_xcomargs.py
[2026-08-04T08:14:21.319+0000] {processor.py:830} INFO - Processing file /home/airflow/.local/lib/python3.12/site-packages/airflow/example_dags/example_xcomargs.py for tasks to queue
[2026-08-04T08:14:21.329+0000] {logging_mixin.py:188} INFO - [2026-08-04T08:14:21.328+0000] {dagbag.py:545} INFO - Filling up the DagBag from /home/airflow/.local/lib/python3.12/site-packages/airflow/example_dags/example_xcomargs.py
[2026-08-04T08:14:21.373+0000] {processor.py:840} INFO - DAG(s) 'example_xcom_args', 'example_xcom_args_with_operators' retrieved from /home/airflow/.local/lib/python3.12/site-packages/airflow/example_dags/example_xcomargs.py
[2026-08-04T08:14:21.448+0000] {logging_mixin.py:188} INFO - [2026-08-04T08:14:21.448+0000] {dag.py:3089} INFO - Sync 2 DAGs
[2026-08-04T08:14:21.498+0000] {logging_mixin.py:188} INFO - [2026-08-04T08:14:21.498+0000] {dag.py:3947} INFO - Setting next_dagrun for example_xcom_args to None, run_after=None
[2026-08-04T08:14:21.519+0000] {logging_mixin.py:188} INFO - [2026-08-04T08:14:21.518+0000] {dag.py:3947} INFO - Setting next_dagrun for example_xcom_args_with_operators to None, run_after=None
[2026-08-04T08:14:21.631+0000] {processor.py:183} INFO - Processing /home/airflow/.local/lib/python3.12/site-packages/airflow/example_dags/example_xcomargs.py took 0.350 seconds
[2026-08-04T08:14:56.756+0000] {processor.py:161} INFO - Started process (PID=2488) to work on /home/airflow/.local/lib/python3.12/site-packages/airflow/example_dags/example_xcomargs.py
[2026-08-04T08:14:56.772+0000] {processor.py:830} INFO - Processing file /home/airflow/.local/lib/python3.12/site-packages/airflow/example_dags/example_xcomargs.py for tasks to queue
[2026-08-04T08:14:56.807+0000] {logging_mixin.py:188} INFO - [2026-08-04T08:14:56.802+0000] {dagbag.py:545} INFO - Filling up the DagBag from /home/airflow/.local/lib/python3.12/site-packages/airflow/example_dags/example_xcomargs.py
[2026-08-04T08:14:56.843+0000] {processor.py:840} INFO - DAG(s) 'example_xcom_args_with_operators', 'example_xcom_args' retrieved from /home/airflow/.local/lib/python3.12/site-packages/airflow/example_dags/example_xcomargs.py
[2026-08-04T08:14:56.942+0000] {logging_mixin.py:188} INFO - [2026-08-04T08:14:56.941+0000] {dag.py:3089} INFO - Sync 2 DAGs
[2026-08-04T08:14:57.019+0000] {logging_mixin.py:188} INFO - [2026-08-04T08:14:57.018+0000] {dag.py:3947} INFO - Setting next_dagrun for example_xcom_args to None, run_after=None
[2026-08-04T08:14:57.036+0000] {logging_mixin.py:188} INFO - [2026-08-04T08:14:57.036+0000] {dag.py:3947} INFO - Setting next_dagrun for example_xcom_args_with_operators to None, run_after=None
[2026-08-04T08:14:57.277+0000] {processor.py:183} INFO - Processing /home/airflow/.local/lib/python3.12/site-packages/airflow/example_dags/example_xcomargs.py took 0.598 seconds
[2026-08-04T08:15:28.560+0000] {processor.py:161} INFO - Started process (PID=2561) to work on /home/airflow/.local/lib/python3.12/site-packages/airflow/example_dags/example_xcomargs.py
[2026-08-04T08:15:28.577+0000] {processor.py:830} INFO - Processing file /home/airflow/.local/lib/python3.12/site-packages/airflow/example_dags/example_xcomargs.py for tasks to queue
[2026-08-04T08:15:28.593+0000] {logging_mixin.py:188} INFO - [2026-08-04T08:15:28.592+0000] {dagbag.py:545} INFO - Filling up the DagBag from /home/airflow/.local/lib/python3.12/site-packages/airflow/example_dags/example_xcomargs.py
[2026-08-04T08:15:28.656+0000] {processor.py:840} INFO - DAG(s) 'example_xcom_args', 'example_xcom_args_with_operators' retrieved from /home/airflow/.local/lib/python3.12/site-packages/airflow/example_dags/example_xcomargs.py
[2026-08-04T08:15:28.775+0000] {logging_mixin.py:188} INFO - [2026-08-04T08:15:28.774+0000] {dag.py:3089} INFO - Sync 2 DAGs
[2026-08-04T08:15:28.820+0000] {logging_mixin.py:188} INFO - [2026-08-04T08:15:28.819+0000] {dag.py:3947} INFO - Setting next_dagrun for example_xcom_args to None, run_after=None
[2026-08-04T08:15:28.832+0000] {logging_mixin.py:188} INFO - [2026-08-04T08:15:28.831+0000] {dag.py:3947} INFO - Setting next_dagrun for example_xcom_args_with_operators to None, run_after=None
[2026-08-04T08:15:28.902+0000] {processor.py:183} INFO - Processing /home/airflow/.local/lib/python3.12/site-packages/airflow/example_dags/example_xcomargs.py took 0.374 seconds
[2026-08-04T08:16:01.625+0000] {processor.py:161} INFO - Started process (PID=2627) to work on /home/airflow/.local/lib/python3.12/site-packages/airflow/example_dags/example_xcomargs.py
[2026-08-04T08:16:01.629+0000] {processor.py:830} INFO - Processing file /home/airflow/.local/lib/python3.12/site-packages/airflow/example_dags/example_xcomargs.py for tasks to queue
[2026-08-04T08:16:01.636+0000] {logging_mixin.py:188} INFO - [2026-08-04T08:16:01.635+0000] {dagbag.py:545} INFO - Filling up the DagBag from /home/airflow/.local/lib/python3.12/site-packages/airflow/example_dags/example_xcomargs.py
[2026-08-04T08:16:01.667+0000] {processor.py:840} INFO - DAG(s) 'example_xcom_args', 'example_xcom_args_with_operators' retrieved from /home/airflow/.local/lib/python3.12/site-packages/airflow/example_dags/example_xcomargs.py
[2026-08-04T08:16:01.801+0000] {logging_mixin.py:188} INFO - [2026-08-04T08:16:01.800+0000] {dag.py:3089} INFO - Sync 2 DAGs
[2026-08-04T08:16:01.875+0000] {logging_mixin.py:188} INFO - [2026-08-04T08:16:01.875+0000] {dag.py:3947} INFO - Setting next_dagrun for example_xcom_args to None, run_after=None
[2026-08-04T08:16:01.905+0000] {logging_mixin.py:188} INFO - [2026-08-04T08:16:01.900+0000] {dag.py:3947} INFO - Setting next_dagrun for example_xcom_args_with_operators to None, run_after=None
[2026-08-04T08:16:01.996+0000] {processor.py:183} INFO - Processing /home/airflow/.local/lib/python3.12/site-packages/airflow/example_dags/example_xcomargs.py took 0.387 seconds
[2026-08-04T08:16:36.995+0000] {processor.py:161} INFO - Started process (PID=2701) to work on /home/airflow/.local/lib/python3.12/site-packages/airflow/example_dags/example_xcomargs.py
[2026-08-04T08:16:37.004+0000] {processor.py:830} INFO - Processing file /home/airflow/.local/lib/python3.12/site-packages/airflow/example_dags/example_xcomargs.py for tasks to queue
[2026-08-04T08:16:37.023+0000] {logging_mixin.py:188} INFO - [2026-08-04T08:16:37.018+0000] {dagbag.py:545} INFO - Filling up the DagBag from /home/airflow/.local/lib/python3.12/site-packages/airflow/example_dags/example_xcomargs.py
[2026-08-04T08:16:37.073+0000] {processor.py:840} INFO - DAG(s) 'example_xcom_args_with_operators', 'example_xcom_args' retrieved from /home/airflow/.local/lib/python3.12/site-packages/airflow/example_dags/example_xcomargs.py
[2026-08-04T08:16:37.188+0000] {logging_mixin.py:188} INFO - [2026-08-04T08:16:37.187+0000] {dag.py:3089} INFO - Sync 2 DAGs
[2026-08-04T08:16:37.247+0000] {logging_mixin.py:188} INFO - [2026-08-04T08:16:37.246+0000] {dag.py:3947} INFO - Setting next_dagrun for example_xcom_args to None, run_after=None
[2026-08-04T08:16:37.288+0000] {logging_mixin.py:188} INFO - [2026-08-04T08:16:37.286+0000] {dag.py:3947} INFO - Setting next_dagrun for example_xcom_args_with_operators to None, run_after=None
[2026-08-04T08:16:37.374+0000] {processor.py:183} INFO - Processing /home/airflow/.local/lib/python3.12/site-packages/airflow/example_dags/example_xcomargs.py took 0.411 seconds
[2026-08-04T08:17:08.690+0000] {processor.py:161} INFO - Started process (PID=2773) to work on /home/airflow/.local/lib/python3.12/site-packages/airflow/example_dags/example_xcomargs.py
[2026-08-04T08:17:08.698+0000] {processor.py:830} INFO - Processing file /home/airflow/.local/lib/python3.12/site-packages/airflow/example_dags/example_xcomargs.py for tasks to queue
[2026-08-04T08:17:08.707+0000] {logging_mixin.py:188} INFO - [2026-08-04T08:17:08.704+0000] {dagbag.py:545} INFO - Filling up the DagBag from /home/airflow/.local/lib/python3.12/site-packages/airflow/example_dags/example_xcomargs.py
[2026-08-04T08:17:08.749+0000] {processor.py:840} INFO - DAG(s) 'example_xcom_args_with_operators', 'example_xcom_args' retrieved from /home/airflow/.local/lib/python3.12/site-packages/airflow/example_dags/example_xcomargs.py
[2026-08-04T08:17:08.867+0000] {logging_mixin.py:188} INFO - [2026-08-04T08:17:08.867+0000] {dag.py:3089} INFO - Sync 2 DAGs
[2026-08-04T08:17:08.937+0000] {logging_mixin.py:188} INFO - [2026-08-04T08:17:08.934+0000] {dag.py:3947} INFO - Setting next_dagrun for example_xcom_args to None, run_after=None
[2026-08-04T08:17:08.961+0000] {logging_mixin.py:188} INFO - [2026-08-04T08:17:08.960+0000] {dag.py:3947} INFO - Setting next_dagrun for example_xcom_args_with_operators to None, run_after=None
[2026-08-04T08:17:09.162+0000] {processor.py:183} INFO - Processing /home/airflow/.local/lib/python3.12/site-packages/airflow/example_dags/example_xcomargs.py took 0.509 seconds
[2026-08-04T08:17:40.580+0000] {processor.py:161} INFO - Started process (PID=2840) to work on /home/airflow/.local/lib/python3.12/site-packages/airflow/example_dags/example_xcomargs.py
[2026-08-04T08:17:40.585+0000] {processor.py:830} INFO - Processing file /home/airflow/.local/lib/python3.12/site-packages/airflow/example_dags/example_xcomargs.py for tasks to queue
[2026-08-04T08:17:40.598+0000] {logging_mixin.py:188} INFO - [2026-08-04T08:17:40.597+0000] {dagbag.py:545} INFO - Filling up the DagBag from /home/airflow/.local/lib/python3.12/site-packages/airflow/example_dags/example_xcomargs.py
[2026-08-04T08:17:40.637+0000] {processor.py:840} INFO - DAG(s) 'example_xcom_args_with_operators', 'example_xcom_args' retrieved from /home/airflow/.local/lib/python3.12/site-packages/airflow/example_dags/example_xcomargs.py
[2026-08-04T08:17:40.727+0000] {logging_mixin.py:188} INFO - [2026-08-04T08:17:40.726+0000] {dag.py:3089} INFO - Sync 2 DAGs
[2026-08-04T08:17:40.787+0000] {logging_mixin.py:188} INFO - [2026-08-04T08:17:40.786+0000] {dag.py:3947} INFO - Setting next_dagrun for example_xcom_args to None, run_after=None
[2026-08-04T08:17:40.813+0000] {logging_mixin.py:188} INFO - [2026-08-04T08:17:40.812+0000] {dag.py:3947} INFO - Setting next_dagrun for example_xcom_args_with_operators to None, run_after=None
[2026-08-04T08:17:40.928+0000] {processor.py:183} INFO - Processing /home/airflow/.local/lib/python3.12/site-packages/airflow/example_dags/example_xcomargs.py took 0.369 seconds
[2026-08-04T08:18:13.147+0000] {processor.py:161} INFO - Started process (PID=2912) to work on /home/airflow/.local/lib/python3.12/site-packages/airflow/example_dags/example_xcomargs.py
[2026-08-04T08:18:13.155+0000] {processor.py:830} INFO - Processing file /home/airflow/.local/lib/python3.12/site-packages/airflow/example_dags/example_xcomargs.py for tasks to queue
[2026-08-04T08:18:13.196+0000] {logging_mixin.py:188} INFO - [2026-08-04T08:18:13.194+0000] {dagbag.py:545} INFO - Filling up the DagBag from /home/airflow/.local/lib/python3.12/site-packages/airflow/example_dags/example_xcomargs.py
[2026-08-04T08:18:13.362+0000] {processor.py:840} INFO - DAG(s) 'example_xcom_args', 'example_xcom_args_with_operators' retrieved from /home/airflow/.local/lib/python3.12/site-packages/airflow/example_dags/example_xcomargs.py
[2026-08-04T08:18:13.643+0000] {logging_mixin.py:188} INFO - [2026-08-04T08:18:13.642+0000] {dag.py:3089} INFO - Sync 2 DAGs
[2026-08-04T08:18:13.690+0000] {logging_mixin.py:188} INFO - [2026-08-04T08:18:13.689+0000] {dag.py:3947} INFO - Setting next_dagrun for example_xcom_args to None, run_after=None
[2026-08-04T08:18:13.702+0000] {logging_mixin.py:188} INFO - [2026-08-04T08:18:13.701+0000] {dag.py:3947} INFO - Setting next_dagrun for example_xcom_args_with_operators to None, run_after=None
[2026-08-04T08:18:13.748+0000] {processor.py:183} INFO - Processing /home/airflow/.local/lib/python3.12/site-packages/airflow/example_dags/example_xcomargs.py took 0.769 seconds
[2026-08-04T08:18:45.695+0000] {processor.py:161} INFO - Started process (PID=2978) to work on /home/airflow/.local/lib/python3.12/site-packages/airflow/example_dags/example_xcomargs.py
[2026-08-04T08:18:45.702+0000] {processor.py:830} INFO - Processing file /home/airflow/.local/lib/python3.12/site-packages/airflow/example_dags/example_xcomargs.py for tasks to queue
[2026-08-04T08:18:45.740+0000] {logging_mixin.py:188} INFO - [2026-08-04T08:18:45.737+0000] {dagbag.py:545} INFO - Filling up the DagBag from /home/airflow/.local/lib/python3.12/site-packages/airflow/example_dags/example_xcomargs.py
[2026-08-04T08:18:45.831+0000] {processor.py:840} INFO - DAG(s) 'example_xcom_args', 'example_xcom_args_with_operators' retrieved from /home/airflow/.local/lib/python3.12/site-packages/airflow/example_dags/example_xcomargs.py
[2026-08-04T08:18:45.982+0000] {logging_mixin.py:188} INFO - [2026-08-04T08:18:45.982+0000] {dag.py:3089} INFO - Sync 2 DAGs
[2026-08-04T08:18:46.040+0000] {logging_mixin.py:188} INFO - [2026-08-04T08:18:46.039+0000] {dag.py:3947} INFO - Setting next_dagrun for example_xcom_args to None, run_after=None
[2026-08-04T08:18:46.055+0000] {logging_mixin.py:188} INFO - [2026-08-04T08:18:46.054+0000] {dag.py:3947} INFO - Setting next_dagrun for example_xcom_args_with_operators to None, run_after=None
[2026-08-04T08:18:46.145+0000] {processor.py:183} INFO - Processing /home/airflow/.local/lib/python3.12/site-packages/airflow/example_dags/example_xcomargs.py took 0.514 seconds
[2026-08-04T08:19:17.270+0000] {processor.py:161} INFO - Started process (PID=3051) to work on /home/airflow/.local/lib/python3.12/site-packages/airflow/example_dags/example_xcomargs.py
[2026-08-04T08:19:17.274+0000] {processor.py:830} INFO - Processing file /home/airflow/.local/lib/python3.12/site-packages/airflow/example_dags/example_xcomargs.py for tasks to queue
[2026-08-04T08:19:17.285+0000] {logging_mixin.py:188} INFO - [2026-08-04T08:19:17.284+0000] {dagbag.py:545} INFO - Filling up the DagBag from /home/airflow/.local/lib/python3.12/site-packages/airflow/example_dags/example_xcomargs.py
[2026-08-04T08:19:17.394+0000] {processor.py:840} INFO - DAG(s) 'example_xcom_args_with_operators', 'example_xcom_args' retrieved from /home/airflow/.local/lib/python3.12/site-packages/airflow/example_dags/example_xcomargs.py
[2026-08-04T08:19:17.524+0000] {logging_mixin.py:188} INFO - [2026-08-04T08:19:17.523+0000] {dag.py:3089} INFO - Sync 2 DAGs
[2026-08-04T08:19:17.610+0000] {logging_mixin.py:188} INFO - [2026-08-04T08:19:17.609+0000] {dag.py:3947} INFO - Setting next_dagrun for example_xcom_args to None, run_after=None
[2026-08-04T08:19:17.630+0000] {logging_mixin.py:188} INFO - [2026-08-04T08:19:17.629+0000] {dag.py:3947} INFO - Setting next_dagrun for example_xcom_args_with_operators to None, run_after=None
[2026-08-04T08:19:17.734+0000] {processor.py:183} INFO - Processing /home/airflow/.local/lib/python3.12/site-packages/airflow/example_dags/example_xcomargs.py took 0.501 seconds
[2026-08-04T08:19:51.538+0000] {processor.py:161} INFO - Started process (PID=3116) to work on /home/airflow/.local/lib/python3.12/site-packages/airflow/example_dags/example_xcomargs.py
[2026-08-04T08:19:51.557+0000] {processor.py:830} INFO - Processing file /home/airflow/.local/lib/python3.12/site-packages/airflow/example_dags/example_xcomargs.py for tasks to queue
[2026-08-04T08:19:51.570+0000] {logging_mixin.py:188} INFO - [2026-08-04T08:19:51.569+0000] {dagbag.py:545} INFO - Filling up the DagBag from /home/airflow/.local/lib/python3.12/site-packages/airflow/example_dags/example_xcomargs.py
[2026-08-04T08:19:51.608+0000] {processor.py:840} INFO - DAG(s) 'example_xcom_args', 'example_xcom_args_with_operators' retrieved from /home/airflow/.local/lib/python3.12/site-packages/airflow/example_dags/example_xcomargs.py
[2026-08-04T08:19:51.736+0000] {logging_mixin.py:188} INFO - [2026-08-04T08:19:51.735+0000] {dag.py:3089} INFO - Sync 2 DAGs
[2026-08-04T08:19:51.819+0000] {logging_mixin.py:188} INFO - [2026-08-04T08:19:51.818+0000] {dag.py:3947} INFO - Setting next_dagrun for example_xcom_args to None, run_after=None
[2026-08-04T08:19:51.837+0000] {logging_mixin.py:188} INFO - [2026-08-04T08:19:51.837+0000] {dag.py:3947} INFO - Setting next_dagrun for example_xcom_args_with_operators to None, run_after=None
[2026-08-04T08:19:51.911+0000] {processor.py:183} INFO - Processing /home/airflow/.local/lib/python3.12/site-packages/airflow/example_dags/example_xcomargs.py took 0.439 seconds
[2026-08-04T08:20:26.362+0000] {processor.py:161} INFO - Started process (PID=3188) to work on /home/airflow/.local/lib/python3.12/site-packages/airflow/example_dags/example_xcomargs.py
[2026-08-04T08:20:26.373+0000] {processor.py:830} INFO - Processing file /home/airflow/.local/lib/python3.12/site-packages/airflow/example_dags/example_xcomargs.py for tasks to queue
[2026-08-04T08:20:26.381+0000] {logging_mixin.py:188} INFO - [2026-08-04T08:20:26.379+0000] {dagbag.py:545} INFO - Filling up the DagBag from /home/airflow/.local/lib/python3.12/site-packages/airflow/example_dags/example_xcomargs.py
[2026-08-04T08:20:26.443+0000] {processor.py:840} INFO - DAG(s) 'example_xcom_args_with_operators', 'example_xcom_args' retrieved from /home/airflow/.local/lib/python3.12/site-packages/airflow/example_dags/example_xcomargs.py
[2026-08-04T08:20:26.540+0000] {logging_mixin.py:188} INFO - [2026-08-04T08:20:26.539+0000] {dag.py:3089} INFO - Sync 2 DAGs
[2026-08-04T08:20:26.605+0000] {logging_mixin.py:188} INFO - [2026-08-04T08:20:26.604+0000] {dag.py:3947} INFO - Setting next_dagrun for example_xcom_args to None, run_after=None
[2026-08-04T08:20:26.618+0000] {logging_mixin.py:188} INFO - [2026-08-04T08:20:26.617+0000] {dag.py:3947} INFO - Setting next_dagrun for example_xcom_args_with_operators to None, run_after=None
[2026-08-04T08:20:26.721+0000] {processor.py:183} INFO - Processing /home/airflow/.local/lib/python3.12/site-packages/airflow/example_dags/example_xcomargs.py took 0.382 seconds
[2026-08-04T08:20:57.470+0000] {processor.py:161} INFO - Started process (PID=3262) to work on /home/airflow/.local/lib/python3.12/site-packages/airflow/example_dags/example_xcomargs.py
[2026-08-04T08:20:57.476+0000] {processor.py:830} INFO - Processing file /home/airflow/.local/lib/python3.12/site-packages/airflow/example_dags/example_xcomargs.py for tasks to queue
[2026-08-04T08:20:57.484+0000] {logging_mixin.py:188} INFO - [2026-08-04T08:20:57.483+0000] {dagbag.py:545} INFO - Filling up the DagBag from /home/airflow/.local/lib/python3.12/site-packages/airflow/example_dags/example_xcomargs.py
[2026-08-04T08:20:57.515+0000] {processor.py:840} INFO - DAG(s) 'example_xcom_args_with_operators', 'example_xcom_args' retrieved from /home/airflow/.local/lib/python3.12/site-packages/airflow/example_dags/example_xcomargs.py
[2026-08-04T08:20:57.618+0000] {logging_mixin.py:188} INFO - [2026-08-04T08:20:57.617+0000] {dag.py:3089} INFO - Sync 2 DAGs
[2026-08-04T08:20:57.674+0000] {logging_mixin.py:188} INFO - [2026-08-04T08:20:57.674+0000] {dag.py:3947} INFO - Setting next_dagrun for example_xcom_args to None, run_after=None
[2026-08-04T08:20:57.698+0000] {logging_mixin.py:188} INFO - [2026-08-04T08:20:57.698+0000] {dag.py:3947} INFO - Setting next_dagrun for example_xcom_args_with_operators to None, run_after=None
[2026-08-04T08:20:57.817+0000] {processor.py:183} INFO - Processing /home/airflow/.local/lib/python3.12/site-packages/airflow/example_dags/example_xcomargs.py took 0.372 seconds
[2026-08-04T08:21:31.001+0000] {processor.py:161} INFO - Started process (PID=3328) to work on /home/airflow/.local/lib/python3.12/site-packages/airflow/example_dags/example_xcomargs.py
[2026-08-04T08:21:31.005+0000] {processor.py:830} INFO - Processing file /home/airflow/.local/lib/python3.12/site-packages/airflow/example_dags/example_xcomargs.py for tasks to queue
[2026-08-04T08:21:31.021+0000] {logging_mixin.py:188} INFO - [2026-08-04T08:21:31.020+0000] {dagbag.py:545} INFO - Filling up the DagBag from /home/airflow/.local/lib/python3.12/site-packages/airflow/example_dags/example_xcomargs.py
[2026-08-04T08:21:31.048+0000] {processor.py:840} INFO - DAG(s) 'example_xcom_args', 'example_xcom_args_with_operators' retrieved from /home/airflow/.local/lib/python3.12/site-packages/airflow/example_dags/example_xcomargs.py
[2026-08-04T08:21:31.151+0000] {logging_mixin.py:188} INFO - [2026-08-04T08:21:31.151+0000] {dag.py:3089} INFO - Sync 2 DAGs
[2026-08-04T08:21:31.187+0000] {logging_mixin.py:188} INFO - [2026-08-04T08:21:31.186+0000] {dag.py:3947} INFO - Setting next_dagrun for example_xcom_args to None, run_after=None
[2026-08-04T08:21:31.202+0000] {logging_mixin.py:188} INFO - [2026-08-04T08:21:31.201+0000] {dag.py:3947} INFO - Setting next_dagrun for example_xcom_args_with_operators to None, run_after=None
[2026-08-04T08:21:31.253+0000] {processor.py:183} INFO - Processing /home/airflow/.local/lib/python3.12/site-packages/airflow/example_dags/example_xcomargs.py took 0.271 seconds
[2026-08-04T08:22:03.693+0000] {processor.py:161} INFO - Started process (PID=3401) to work on /home/airflow/.local/lib/python3.12/site-packages/airflow/example_dags/example_xcomargs.py
[2026-08-04T08:22:03.698+0000] {processor.py:830} INFO - Processing file /home/airflow/.local/lib/python3.12/site-packages/airflow/example_dags/example_xcomargs.py for tasks to queue
[2026-08-04T08:22:03.725+0000] {logging_mixin.py:188} INFO - [2026-08-04T08:22:03.716+0000] {dagbag.py:545} INFO - Filling up the DagBag from /home/airflow/.local/lib/python3.12/site-packages/airflow/example_dags/example_xcomargs.py
[2026-08-04T08:22:03.800+0000] {processor.py:840} INFO - DAG(s) 'example_xcom_args', 'example_xcom_args_with_operators' retrieved from /home/airflow/.local/lib/python3.12/site-packages/airflow/example_dags/example_xcomargs.py
[2026-08-04T08:22:03.909+0000] {logging_mixin.py:188} INFO - [2026-08-04T08:22:03.908+0000] {dag.py:3089} INFO - Sync 2 DAGs
[2026-08-04T08:22:03.968+0000] {logging_mixin.py:188} INFO - [2026-08-04T08:22:03.968+0000] {dag.py:3947} INFO - Setting next_dagrun for example_xcom_args to None, run_after=None
[2026-08-04T08:22:03.984+0000] {logging_mixin.py:188} INFO - [2026-08-04T08:22:03.983+0000] {dag.py:3947} INFO - Setting next_dagrun for example_xcom_args_with_operators to None, run_after=None
[2026-08-04T08:22:04.041+0000] {processor.py:183} INFO - Processing /home/airflow/.local/lib/python3.12/site-packages/airflow/example_dags/example_xcomargs.py took 0.520 seconds
[2026-08-04T08:22:35.859+0000] {processor.py:161} INFO - Started process (PID=3473) to work on /home/airflow/.local/lib/python3.12/site-packages/airflow/example_dags/example_xcomargs.py
[2026-08-04T08:22:35.867+0000] {processor.py:830} INFO - Processing file /home/airflow/.local/lib/python3.12/site-packages/airflow/example_dags/example_xcomargs.py for tasks to queue
[2026-08-04T08:22:35.884+0000] {logging_mixin.py:188} INFO - [2026-08-04T08:22:35.880+0000] {dagbag.py:545} INFO - Filling up the DagBag from /home/airflow/.local/lib/python3.12/site-packages/airflow/example_dags/example_xcomargs.py
[2026-08-04T08:22:35.914+0000] {processor.py:840} INFO - DAG(s) 'example_xcom_args_with_operators', 'example_xcom_args' retrieved from /home/airflow/.local/lib/python3.12/site-packages/airflow/example_dags/example_xcomargs.py
[2026-08-04T08:22:36.001+0000] {logging_mixin.py:188} INFO - [2026-08-04T08:22:36.000+0000] {dag.py:3089} INFO - Sync 2 DAGs
[2026-08-04T08:22:36.062+0000] {logging_mixin.py:188} INFO - [2026-08-04T08:22:36.061+0000] {dag.py:3947} INFO - Setting next_dagrun for example_xcom_args to None, run_after=None
[2026-08-04T08:22:36.079+0000] {logging_mixin.py:188} INFO - [2026-08-04T08:22:36.078+0000] {dag.py:3947} INFO - Setting next_dagrun for example_xcom_args_with_operators to None, run_after=None
[2026-08-04T08:22:36.151+0000] {processor.py:183} INFO - Processing /home/airflow/.local/lib/python3.12/site-packages/airflow/example_dags/example_xcomargs.py took 0.347 seconds
[2026-08-04T08:23:09.574+0000] {processor.py:161} INFO - Started process (PID=3540) to work on /home/airflow/.local/lib/python3.12/site-packages/airflow/example_dags/example_xcomargs.py
[2026-08-04T08:23:09.583+0000] {processor.py:830} INFO - Processing file /home/airflow/.local/lib/python3.12/site-packages/airflow/example_dags/example_xcomargs.py for tasks to queue
[2026-08-04T08:23:09.595+0000] {logging_mixin.py:188} INFO - [2026-08-04T08:23:09.595+0000] {dagbag.py:545} INFO - Filling up the DagBag from /home/airflow/.local/lib/python3.12/site-packages/airflow/example_dags/example_xcomargs.py
[2026-08-04T08:23:09.677+0000] {processor.py:840} INFO - DAG(s) 'example_xcom_args', 'example_xcom_args_with_operators' retrieved from /home/airflow/.local/lib/python3.12/site-packages/airflow/example_dags/example_xcomargs.py
[2026-08-04T08:23:09.750+0000] {logging_mixin.py:188} INFO - [2026-08-04T08:23:09.749+0000] {dag.py:3089} INFO - Sync 2 DAGs
[2026-08-04T08:23:09.796+0000] {logging_mixin.py:188} INFO - [2026-08-04T08:23:09.795+0000] {dag.py:3947} INFO - Setting next_dagrun for example_xcom_args to None, run_after=None
[2026-08-04T08:23:09.837+0000] {logging_mixin.py:188} INFO - [2026-08-04T08:23:09.836+0000] {dag.py:3947} INFO - Setting next_dagrun for example_xcom_args_with_operators to None, run_after=None
[2026-08-04T08:23:09.913+0000] {processor.py:183} INFO - Processing /home/airflow/.local/lib/python3.12/site-packages/airflow/example_dags/example_xcomargs.py took 0.380 seconds
[2026-08-04T08:23:43.550+0000] {processor.py:161} INFO - Started process (PID=3616) to work on /home/airflow/.local/lib/python3.12/site-packages/airflow/example_dags/example_xcomargs.py
[2026-08-04T08:23:43.563+0000] {processor.py:830} INFO - Processing file /home/airflow/.local/lib/python3.12/site-packages/airflow/example_dags/example_xcomargs.py for tasks to queue
[2026-08-04T08:23:43.588+0000] {logging_mixin.py:188} INFO - [2026-08-04T08:23:43.587+0000] {dagbag.py:545} INFO - Filling up the DagBag from /home/airflow/.local/lib/python3.12/site-packages/airflow/example_dags/example_xcomargs.py
[2026-08-04T08:23:43.718+0000] {processor.py:840} INFO - DAG(s) 'example_xcom_args_with_operators', 'example_xcom_args' retrieved from /home/airflow/.local/lib/python3.12/site-packages/airflow/example_dags/example_xcomargs.py
[2026-08-04T08:23:43.939+0000] {logging_mixin.py:188} INFO - [2026-08-04T08:23:43.938+0000] {dag.py:3089} INFO - Sync 2 DAGs
[2026-08-04T08:23:44.026+0000] {logging_mixin.py:188} INFO - [2026-08-04T08:23:44.025+0000] {dag.py:3947} INFO - Setting next_dagrun for example_xcom_args to None, run_after=None
[2026-08-04T08:23:44.041+0000] {logging_mixin.py:188} INFO - [2026-08-04T08:23:44.040+0000] {dag.py:3947} INFO - Setting next_dagrun for example_xcom_args_with_operators to None, run_after=None
[2026-08-04T08:23:44.103+0000] {processor.py:183} INFO - Processing /home/airflow/.local/lib/python3.12/site-packages/airflow/example_dags/example_xcomargs.py took 0.690 seconds
[2026-08-04T08:24:15.437+0000] {processor.py:161} INFO - Started process (PID=3688) to work on /home/airflow/.local/lib/python3.12/site-packages/airflow/example_dags/example_xcomargs.py
[2026-08-04T08:24:15.444+0000] {processor.py:830} INFO - Processing file /home/airflow/.local/lib/python3.12/site-packages/airflow/example_dags/example_xcomargs.py for tasks to queue
[2026-08-04T08:24:15.452+0000] {logging_mixin.py:188} INFO - [2026-08-04T08:24:15.451+0000] {dagbag.py:545} INFO - Filling up the DagBag from /home/airflow/.local/lib/python3.12/site-packages/airflow/example_dags/example_xcomargs.py
[2026-08-04T08:24:15.483+0000] {processor.py:840} INFO - DAG(s) 'example_xcom_args_with_operators', 'example_xcom_args' retrieved from /home/airflow/.local/lib/python3.12/site-packages/airflow/example_dags/example_xcomargs.py
[2026-08-04T08:24:15.592+0000] {logging_mixin.py:188} INFO - [2026-08-04T08:24:15.592+0000] {dag.py:3089} INFO - Sync 2 DAGs
[2026-08-04T08:24:15.638+0000] {logging_mixin.py:188} INFO - [2026-08-04T08:24:15.638+0000] {dag.py:3947} INFO - Setting next_dagrun for example_xcom_args to None, run_after=None
[2026-08-04T08:24:15.650+0000] {logging_mixin.py:188} INFO - [2026-08-04T08:24:15.649+0000] {dag.py:3947} INFO - Setting next_dagrun for example_xcom_args_with_operators to None, run_after=None
[2026-08-04T08:24:15.730+0000] {processor.py:183} INFO - Processing /home/airflow/.local/lib/python3.12/site-packages/airflow/example_dags/example_xcomargs.py took 0.313 seconds
[2026-08-04T08:24:47.343+0000] {processor.py:161} INFO - Started process (PID=3755) to work on /home/airflow/.local/lib/python3.12/site-packages/airflow/example_dags/example_xcomargs.py
[2026-08-04T08:24:47.360+0000] {processor.py:830} INFO - Processing file /home/airflow/.local/lib/python3.12/site-packages/airflow/example_dags/example_xcomargs.py for tasks to queue
[2026-08-04T08:24:47.384+0000] {logging_mixin.py:188} INFO - [2026-08-04T08:24:47.380+0000] {dagbag.py:545} INFO - Filling up the DagBag from /home/airflow/.local/lib/python3.12/site-packages/airflow/example_dags/example_xcomargs.py
[2026-08-04T08:24:47.500+0000] {processor.py:840} INFO - DAG(s) 'example_xcom_args_with_operators', 'example_xcom_args' retrieved from /home/airflow/.local/lib/python3.12/site-packages/airflow/example_dags/example_xcomargs.py
[2026-08-04T08:24:47.598+0000] {logging_mixin.py:188} INFO - [2026-08-04T08:24:47.597+0000] {dag.py:3089} INFO - Sync 2 DAGs
[2026-08-04T08:24:47.667+0000] {logging_mixin.py:188} INFO - [2026-08-04T08:24:47.667+0000] {dag.py:3947} INFO - Setting next_dagrun for example_xcom_args to None, run_after=None
[2026-08-04T08:24:47.702+0000] {logging_mixin.py:188} INFO - [2026-08-04T08:24:47.701+0000] {dag.py:3947} INFO - Setting next_dagrun for example_xcom_args_with_operators to None, run_after=None
[2026-08-04T08:24:47.795+0000] {processor.py:183} INFO - Processing /home/airflow/.local/lib/python3.12/site-packages/airflow/example_dags/example_xcomargs.py took 0.503 seconds
[2026-08-04T08:25:18.349+0000] {processor.py:161} INFO - Started process (PID=3825) to work on /home/airflow/.local/lib/python3.12/site-packages/airflow/example_dags/example_xcomargs.py
[2026-08-04T08:25:18.354+0000] {processor.py:830} INFO - Processing file /home/airflow/.local/lib/python3.12/site-packages/airflow/example_dags/example_xcomargs.py for tasks to queue
[2026-08-04T08:25:18.359+0000] {logging_mixin.py:188} INFO - [2026-08-04T08:25:18.358+0000] {dagbag.py:545} INFO - Filling up the DagBag from /home/airflow/.local/lib/python3.12/site-packages/airflow/example_dags/example_xcomargs.py
[2026-08-04T08:25:18.387+0000] {processor.py:840} INFO - DAG(s) 'example_xcom_args', 'example_xcom_args_with_operators' retrieved from /home/airflow/.local/lib/python3.12/site-packages/airflow/example_dags/example_xcomargs.py
[2026-08-04T08:25:18.448+0000] {logging_mixin.py:188} INFO - [2026-08-04T08:25:18.448+0000] {dag.py:3089} INFO - Sync 2 DAGs
[2026-08-04T08:25:18.483+0000] {logging_mixin.py:188} INFO - [2026-08-04T08:25:18.483+0000] {dag.py:3947} INFO - Setting next_dagrun for example_xcom_args to None, run_after=None
[2026-08-04T08:25:18.495+0000] {logging_mixin.py:188} INFO - [2026-08-04T08:25:18.495+0000] {dag.py:3947} INFO - Setting next_dagrun for example_xcom_args_with_operators to None, run_after=None
[2026-08-04T08:25:18.538+0000] {processor.py:183} INFO - Processing /home/airflow/.local/lib/python3.12/site-packages/airflow/example_dags/example_xcomargs.py took 0.204 seconds
[2026-08-04T08:25:50.425+0000] {processor.py:161} INFO - Started process (PID=3890) to work on /home/airflow/.local/lib/python3.12/site-packages/airflow/example_dags/example_xcomargs.py
[2026-08-04T08:25:50.437+0000] {processor.py:830} INFO - Processing file /home/airflow/.local/lib/python3.12/site-packages/airflow/example_dags/example_xcomargs.py for tasks to queue
[2026-08-04T08:25:50.464+0000] {logging_mixin.py:188} INFO - [2026-08-04T08:25:50.463+0000] {dagbag.py:545} INFO - Filling up the DagBag from /home/airflow/.local/lib/python3.12/site-packages/airflow/example_dags/example_xcomargs.py
[2026-08-04T08:25:50.559+0000] {processor.py:840} INFO - DAG(s) 'example_xcom_args_with_operators', 'example_xcom_args' retrieved from /home/airflow/.local/lib/python3.12/site-packages/airflow/example_dags/example_xcomargs.py
[2026-08-04T08:25:50.710+0000] {logging_mixin.py:188} INFO - [2026-08-04T08:25:50.710+0000] {dag.py:3089} INFO - Sync 2 DAGs
[2026-08-04T08:25:50.764+0000] {logging_mixin.py:188} INFO - [2026-08-04T08:25:50.763+0000] {dag.py:3947} INFO - Setting next_dagrun for example_xcom_args to None, run_after=None
[2026-08-04T08:25:50.793+0000] {logging_mixin.py:188} INFO - [2026-08-04T08:25:50.792+0000] {dag.py:3947} INFO - Setting next_dagrun for example_xcom_args_with_operators to None, run_after=None
[2026-08-04T08:25:50.884+0000] {processor.py:183} INFO - Processing /home/airflow/.local/lib/python3.12/site-packages/airflow/example_dags/example_xcomargs.py took 0.571 seconds
[2026-08-04T08:26:24.403+0000] {processor.py:161} INFO - Started process (PID=3965) to work on /home/airflow/.local/lib/python3.12/site-packages/airflow/example_dags/example_xcomargs.py
[2026-08-04T08:26:24.423+0000] {processor.py:830} INFO - Processing file /home/airflow/.local/lib/python3.12/site-packages/airflow/example_dags/example_xcomargs.py for tasks to queue
[2026-08-04T08:26:24.453+0000] {logging_mixin.py:188} INFO - [2026-08-04T08:26:24.452+0000] {dagbag.py:545} INFO - Filling up the DagBag from /home/airflow/.local/lib/python3.12/site-packages/airflow/example_dags/example_xcomargs.py
[2026-08-04T08:26:24.511+0000] {processor.py:840} INFO - DAG(s) 'example_xcom_args_with_operators', 'example_xcom_args' retrieved from /home/airflow/.local/lib/python3.12/site-packages/airflow/example_dags/example_xcomargs.py
[2026-08-04T08:26:24.603+0000] {logging_mixin.py:188} INFO - [2026-08-04T08:26:24.603+0000] {dag.py:3089} INFO - Sync 2 DAGs
[2026-08-04T08:26:24.718+0000] {logging_mixin.py:188} INFO - [2026-08-04T08:26:24.717+0000] {dag.py:3947} INFO - Setting next_dagrun for example_xcom_args to None, run_after=None
[2026-08-04T08:26:24.747+0000] {logging_mixin.py:188} INFO - [2026-08-04T08:26:24.747+0000] {dag.py:3947} INFO - Setting next_dagrun for example_xcom_args_with_operators to None, run_after=None
[2026-08-04T08:26:24.809+0000] {processor.py:183} INFO - Processing /home/airflow/.local/lib/python3.12/site-packages/airflow/example_dags/example_xcomargs.py took 0.438 seconds
[2026-08-04T08:26:56.464+0000] {processor.py:161} INFO - Started process (PID=4038) to work on /home/airflow/.local/lib/python3.12/site-packages/airflow/example_dags/example_xcomargs.py
[2026-08-04T08:26:56.475+0000] {processor.py:830} INFO - Processing file /home/airflow/.local/lib/python3.12/site-packages/airflow/example_dags/example_xcomargs.py for tasks to queue
[2026-08-04T08:26:56.486+0000] {logging_mixin.py:188} INFO - [2026-08-04T08:26:56.485+0000] {dagbag.py:545} INFO - Filling up the DagBag from /home/airflow/.local/lib/python3.12/site-packages/airflow/example_dags/example_xcomargs.py
[2026-08-04T08:26:56.571+0000] {processor.py:840} INFO - DAG(s) 'example_xcom_args_with_operators', 'example_xcom_args' retrieved from /home/airflow/.local/lib/python3.12/site-packages/airflow/example_dags/example_xcomargs.py
[2026-08-04T08:26:56.659+0000] {logging_mixin.py:188} INFO - [2026-08-04T08:26:56.658+0000] {dag.py:3089} INFO - Sync 2 DAGs
[2026-08-04T08:26:56.699+0000] {logging_mixin.py:188} INFO - [2026-08-04T08:26:56.698+0000] {dag.py:3947} INFO - Setting next_dagrun for example_xcom_args to None, run_after=None
[2026-08-04T08:26:56.712+0000] {logging_mixin.py:188} INFO - [2026-08-04T08:26:56.711+0000] {dag.py:3947} INFO - Setting next_dagrun for example_xcom_args_with_operators to None, run_after=None
[2026-08-04T08:26:56.776+0000] {processor.py:183} INFO - Processing /home/airflow/.local/lib/python3.12/site-packages/airflow/example_dags/example_xcomargs.py took 0.370 seconds
[2026-08-04T08:27:27.828+0000] {processor.py:161} INFO - Started process (PID=4103) to work on /home/airflow/.local/lib/python3.12/site-packages/airflow/example_dags/example_xcomargs.py
[2026-08-04T08:27:27.845+0000] {processor.py:830} INFO - Processing file /home/airflow/.local/lib/python3.12/site-packages/airflow/example_dags/example_xcomargs.py for tasks to queue
[2026-08-04T08:27:27.874+0000] {logging_mixin.py:188} INFO - [2026-08-04T08:27:27.866+0000] {dagbag.py:545} INFO - Filling up the DagBag from /home/airflow/.local/lib/python3.12/site-packages/airflow/example_dags/example_xcomargs.py
[2026-08-04T08:27:27.919+0000] {processor.py:840} INFO - DAG(s) 'example_xcom_args', 'example_xcom_args_with_operators' retrieved from /home/airflow/.local/lib/python3.12/site-packages/airflow/example_dags/example_xcomargs.py
[2026-08-04T08:27:28.155+0000] {logging_mixin.py:188} INFO - [2026-08-04T08:27:28.145+0000] {dag.py:3089} INFO - Sync 2 DAGs
[2026-08-04T08:27:28.382+0000] {logging_mixin.py:188} INFO - [2026-08-04T08:27:28.381+0000] {dag.py:3947} INFO - Setting next_dagrun for example_xcom_args to None, run_after=None
[2026-08-04T08:27:28.423+0000] {logging_mixin.py:188} INFO - [2026-08-04T08:27:28.423+0000] {dag.py:3947} INFO - Setting next_dagrun for example_xcom_args_with_operators to None, run_after=None
[2026-08-04T08:27:28.668+0000] {processor.py:183} INFO - Processing /home/airflow/.local/lib/python3.12/site-packages/airflow/example_dags/example_xcomargs.py took 0.893 seconds
[2026-08-04T08:27:58.824+0000] {processor.py:161} INFO - Started process (PID=4175) to work on /home/airflow/.local/lib/python3.12/site-packages/airflow/example_dags/example_xcomargs.py
[2026-08-04T08:27:58.827+0000] {processor.py:830} INFO - Processing file /home/airflow/.local/lib/python3.12/site-packages/airflow/example_dags/example_xcomargs.py for tasks to queue
[2026-08-04T08:27:58.838+0000] {logging_mixin.py:188} INFO - [2026-08-04T08:27:58.837+0000] {dagbag.py:545} INFO - Filling up the DagBag from /home/airflow/.local/lib/python3.12/site-packages/airflow/example_dags/example_xcomargs.py
[2026-08-04T08:27:58.871+0000] {processor.py:840} INFO - DAG(s) 'example_xcom_args', 'example_xcom_args_with_operators' retrieved from /home/airflow/.local/lib/python3.12/site-packages/airflow/example_dags/example_xcomargs.py
[2026-08-04T08:27:58.945+0000] {logging_mixin.py:188} INFO - [2026-08-04T08:27:58.945+0000] {dag.py:3089} INFO - Sync 2 DAGs
[2026-08-04T08:27:58.983+0000] {logging_mixin.py:188} INFO - [2026-08-04T08:27:58.982+0000] {dag.py:3947} INFO - Setting next_dagrun for example_xcom_args to None, run_after=None
[2026-08-04T08:27:58.997+0000] {logging_mixin.py:188} INFO - [2026-08-04T08:27:58.996+0000] {dag.py:3947} INFO - Setting next_dagrun for example_xcom_args_with_operators to None, run_after=None
[2026-08-04T08:27:59.051+0000] {processor.py:183} INFO - Processing /home/airflow/.local/lib/python3.12/site-packages/airflow/example_dags/example_xcomargs.py took 0.243 seconds
[2026-08-04T08:28:33.388+0000] {processor.py:161} INFO - Started process (PID=4241) to work on /home/airflow/.local/lib/python3.12/site-packages/airflow/example_dags/example_xcomargs.py
[2026-08-04T08:28:33.412+0000] {processor.py:830} INFO - Processing file /home/airflow/.local/lib/python3.12/site-packages/airflow/example_dags/example_xcomargs.py for tasks to queue
[2026-08-04T08:28:33.421+0000] {logging_mixin.py:188} INFO - [2026-08-04T08:28:33.420+0000] {dagbag.py:545} INFO - Filling up the DagBag from /home/airflow/.local/lib/python3.12/site-packages/airflow/example_dags/example_xcomargs.py
[2026-08-04T08:28:33.467+0000] {processor.py:840} INFO - DAG(s) 'example_xcom_args_with_operators', 'example_xcom_args' retrieved from /home/airflow/.local/lib/python3.12/site-packages/airflow/example_dags/example_xcomargs.py
[2026-08-04T08:28:33.532+0000] {logging_mixin.py:188} INFO - [2026-08-04T08:28:33.530+0000] {dag.py:3089} INFO - Sync 2 DAGs
[2026-08-04T08:28:33.569+0000] {logging_mixin.py:188} INFO - [2026-08-04T08:28:33.568+0000] {dag.py:3947} INFO - Setting next_dagrun for example_xcom_args to None, run_after=None
[2026-08-04T08:28:33.582+0000] {logging_mixin.py:188} INFO - [2026-08-04T08:28:33.579+0000] {dag.py:3947} INFO - Setting next_dagrun for example_xcom_args_with_operators to None, run_after=None
[2026-08-04T08:28:33.627+0000] {processor.py:183} INFO - Processing /home/airflow/.local/lib/python3.12/site-packages/airflow/example_dags/example_xcomargs.py took 0.251 seconds
[2026-08-04T08:29:06.226+0000] {processor.py:161} INFO - Started process (PID=4317) to work on /home/airflow/.local/lib/python3.12/site-packages/airflow/example_dags/example_xcomargs.py
[2026-08-04T08:29:06.237+0000] {processor.py:830} INFO - Processing file /home/airflow/.local/lib/python3.12/site-packages/airflow/example_dags/example_xcomargs.py for tasks to queue
[2026-08-04T08:29:06.249+0000] {logging_mixin.py:188} INFO - [2026-08-04T08:29:06.245+0000] {dagbag.py:545} INFO - Filling up the DagBag from /home/airflow/.local/lib/python3.12/site-packages/airflow/example_dags/example_xcomargs.py
[2026-08-04T08:29:06.275+0000] {processor.py:840} INFO - DAG(s) 'example_xcom_args_with_operators', 'example_xcom_args' retrieved from /home/airflow/.local/lib/python3.12/site-packages/airflow/example_dags/example_xcomargs.py
[2026-08-04T08:29:06.443+0000] {logging_mixin.py:188} INFO - [2026-08-04T08:29:06.442+0000] {dag.py:3089} INFO - Sync 2 DAGs
[2026-08-04T08:29:06.599+0000] {logging_mixin.py:188} INFO - [2026-08-04T08:29:06.597+0000] {dag.py:3947} INFO - Setting next_dagrun for example_xcom_args to None, run_after=None
[2026-08-04T08:29:06.647+0000] {logging_mixin.py:188} INFO - [2026-08-04T08:29:06.646+0000] {dag.py:3947} INFO - Setting next_dagrun for example_xcom_args_with_operators to None, run_after=None
[2026-08-04T08:29:06.770+0000] {processor.py:183} INFO - Processing /home/airflow/.local/lib/python3.12/site-packages/airflow/example_dags/example_xcomargs.py took 0.565 seconds
[2026-08-04T08:29:36.954+0000] {processor.py:161} INFO - Started process (PID=4390) to work on /home/airflow/.local/lib/python3.12/site-packages/airflow/example_dags/example_xcomargs.py
[2026-08-04T08:29:36.958+0000] {processor.py:830} INFO - Processing file /home/airflow/.local/lib/python3.12/site-packages/airflow/example_dags/example_xcomargs.py for tasks to queue
[2026-08-04T08:29:36.964+0000] {logging_mixin.py:188} INFO - [2026-08-04T08:29:36.963+0000] {dagbag.py:545} INFO - Filling up the DagBag from /home/airflow/.local/lib/python3.12/site-packages/airflow/example_dags/example_xcomargs.py
[2026-08-04T08:29:36.991+0000] {processor.py:840} INFO - DAG(s) 'example_xcom_args_with_operators', 'example_xcom_args' retrieved from /home/airflow/.local/lib/python3.12/site-packages/airflow/example_dags/example_xcomargs.py
[2026-08-04T08:29:37.073+0000] {logging_mixin.py:188} INFO - [2026-08-04T08:29:37.072+0000] {dag.py:3089} INFO - Sync 2 DAGs
[2026-08-04T08:29:37.152+0000] {logging_mixin.py:188} INFO - [2026-08-04T08:29:37.151+0000] {dag.py:3947} INFO - Setting next_dagrun for example_xcom_args to None, run_after=None
[2026-08-04T08:29:37.166+0000] {logging_mixin.py:188} INFO - [2026-08-04T08:29:37.166+0000] {dag.py:3947} INFO - Setting next_dagrun for example_xcom_args_with_operators to None, run_after=None
[2026-08-04T08:29:37.220+0000] {processor.py:183} INFO - Processing /home/airflow/.local/lib/python3.12/site-packages/airflow/example_dags/example_xcomargs.py took 0.283 seconds
[2026-08-04T08:30:11.902+0000] {processor.py:161} INFO - Started process (PID=4457) to work on /home/airflow/.local/lib/python3.12/site-packages/airflow/example_dags/example_xcomargs.py
[2026-08-04T08:30:11.906+0000] {processor.py:830} INFO - Processing file /home/airflow/.local/lib/python3.12/site-packages/airflow/example_dags/example_xcomargs.py for tasks to queue
[2026-08-04T08:30:11.923+0000] {logging_mixin.py:188} INFO - [2026-08-04T08:30:11.922+0000] {dagbag.py:545} INFO - Filling up the DagBag from /home/airflow/.local/lib/python3.12/site-packages/airflow/example_dags/example_xcomargs.py
[2026-08-04T08:30:12.032+0000] {processor.py:840} INFO - DAG(s) 'example_xcom_args_with_operators', 'example_xcom_args' retrieved from /home/airflow/.local/lib/python3.12/site-packages/airflow/example_dags/example_xcomargs.py
[2026-08-04T08:30:12.209+0000] {logging_mixin.py:188} INFO - [2026-08-04T08:30:12.209+0000] {dag.py:3089} INFO - Sync 2 DAGs
[2026-08-04T08:30:12.347+0000] {logging_mixin.py:188} INFO - [2026-08-04T08:30:12.346+0000] {dag.py:3947} INFO - Setting next_dagrun for example_xcom_args to None, run_after=None
[2026-08-04T08:30:12.378+0000] {logging_mixin.py:188} INFO - [2026-08-04T08:30:12.378+0000] {dag.py:3947} INFO - Setting next_dagrun for example_xcom_args_with_operators to None, run_after=None
[2026-08-04T08:30:12.514+0000] {processor.py:183} INFO - Processing /home/airflow/.local/lib/python3.12/site-packages/airflow/example_dags/example_xcomargs.py took 0.666 seconds
[2026-08-04T08:30:43.682+0000] {processor.py:161} INFO - Started process (PID=4529) to work on /home/airflow/.local/lib/python3.12/site-packages/airflow/example_dags/example_xcomargs.py
[2026-08-04T08:30:43.686+0000] {processor.py:830} INFO - Processing file /home/airflow/.local/lib/python3.12/site-packages/airflow/example_dags/example_xcomargs.py for tasks to queue
[2026-08-04T08:30:43.694+0000] {logging_mixin.py:188} INFO - [2026-08-04T08:30:43.693+0000] {dagbag.py:545} INFO - Filling up the DagBag from /home/airflow/.local/lib/python3.12/site-packages/airflow/example_dags/example_xcomargs.py
[2026-08-04T08:30:43.726+0000] {processor.py:840} INFO - DAG(s) 'example_xcom_args', 'example_xcom_args_with_operators' retrieved from /home/airflow/.local/lib/python3.12/site-packages/airflow/example_dags/example_xcomargs.py
[2026-08-04T08:30:43.858+0000] {logging_mixin.py:188} INFO - [2026-08-04T08:30:43.857+0000] {dag.py:3089} INFO - Sync 2 DAGs
[2026-08-04T08:30:43.962+0000] {logging_mixin.py:188} INFO - [2026-08-04T08:30:43.961+0000] {dag.py:3947} INFO - Setting next_dagrun for example_xcom_args to None, run_after=None
[2026-08-04T08:30:43.983+0000] {logging_mixin.py:188} INFO - [2026-08-04T08:30:43.983+0000] {dag.py:3947} INFO - Setting next_dagrun for example_xcom_args_with_operators to None, run_after=None
[2026-08-04T08:30:44.229+0000] {processor.py:183} INFO - Processing /home/airflow/.local/lib/python3.12/site-packages/airflow/example_dags/example_xcomargs.py took 0.563 seconds
[2026-08-04T08:31:18.567+0000] {processor.py:161} INFO - Started process (PID=4604) to work on /home/airflow/.local/lib/python3.12/site-packages/airflow/example_dags/example_xcomargs.py
[2026-08-04T08:31:18.570+0000] {processor.py:830} INFO - Processing file /home/airflow/.local/lib/python3.12/site-packages/airflow/example_dags/example_xcomargs.py for tasks to queue
[2026-08-04T08:31:18.576+0000] {logging_mixin.py:188} INFO - [2026-08-04T08:31:18.575+0000] {dagbag.py:545} INFO - Filling up the DagBag from /home/airflow/.local/lib/python3.12/site-packages/airflow/example_dags/example_xcomargs.py
[2026-08-04T08:31:18.601+0000] {processor.py:840} INFO - DAG(s) 'example_xcom_args_with_operators', 'example_xcom_args' retrieved from /home/airflow/.local/lib/python3.12/site-packages/airflow/example_dags/example_xcomargs.py
[2026-08-04T08:31:18.658+0000] {logging_mixin.py:188} INFO - [2026-08-04T08:31:18.658+0000] {dag.py:3089} INFO - Sync 2 DAGs
[2026-08-04T08:31:18.693+0000] {logging_mixin.py:188} INFO - [2026-08-04T08:31:18.692+0000] {dag.py:3947} INFO - Setting next_dagrun for example_xcom_args to None, run_after=None
[2026-08-04T08:31:18.704+0000] {logging_mixin.py:188} INFO - [2026-08-04T08:31:18.703+0000] {dag.py:3947} INFO - Setting next_dagrun for example_xcom_args_with_operators to None, run_after=None
[2026-08-04T08:31:18.757+0000] {processor.py:183} INFO - Processing /home/airflow/.local/lib/python3.12/site-packages/airflow/example_dags/example_xcomargs.py took 0.202 seconds
[2026-08-04T08:31:55.385+0000] {processor.py:161} INFO - Started process (PID=4677) to work on /home/airflow/.local/lib/python3.12/site-packages/airflow/example_dags/example_xcomargs.py
[2026-08-04T08:31:55.397+0000] {processor.py:830} INFO - Processing file /home/airflow/.local/lib/python3.12/site-packages/airflow/example_dags/example_xcomargs.py for tasks to queue
[2026-08-04T08:31:55.415+0000] {logging_mixin.py:188} INFO - [2026-08-04T08:31:55.408+0000] {dagbag.py:545} INFO - Filling up the DagBag from /home/airflow/.local/lib/python3.12/site-packages/airflow/example_dags/example_xcomargs.py
[2026-08-04T08:31:55.540+0000] {processor.py:840} INFO - DAG(s) 'example_xcom_args_with_operators', 'example_xcom_args' retrieved from /home/airflow/.local/lib/python3.12/site-packages/airflow/example_dags/example_xcomargs.py
[2026-08-04T08:31:55.788+0000] {logging_mixin.py:188} INFO - [2026-08-04T08:31:55.788+0000] {dag.py:3089} INFO - Sync 2 DAGs
[2026-08-04T08:31:55.933+0000] {logging_mixin.py:188} INFO - [2026-08-04T08:31:55.932+0000] {dag.py:3947} INFO - Setting next_dagrun for example_xcom_args to None, run_after=None
[2026-08-04T08:31:55.956+0000] {logging_mixin.py:188} INFO - [2026-08-04T08:31:55.953+0000] {dag.py:3947} INFO - Setting next_dagrun for example_xcom_args_with_operators to None, run_after=None
[2026-08-04T08:31:56.076+0000] {processor.py:183} INFO - Processing /home/airflow/.local/lib/python3.12/site-packages/airflow/example_dags/example_xcomargs.py took 0.709 seconds
[2026-08-04T08:32:26.773+0000] {processor.py:161} INFO - Started process (PID=4743) to work on /home/airflow/.local/lib/python3.12/site-packages/airflow/example_dags/example_xcomargs.py
[2026-08-04T08:32:26.777+0000] {processor.py:830} INFO - Processing file /home/airflow/.local/lib/python3.12/site-packages/airflow/example_dags/example_xcomargs.py for tasks to queue
[2026-08-04T08:32:26.791+0000] {logging_mixin.py:188} INFO - [2026-08-04T08:32:26.787+0000] {dagbag.py:545} INFO - Filling up the DagBag from /home/airflow/.local/lib/python3.12/site-packages/airflow/example_dags/example_xcomargs.py
[2026-08-04T08:32:27.018+0000] {processor.py:840} INFO - DAG(s) 'example_xcom_args_with_operators', 'example_xcom_args' retrieved from /home/airflow/.local/lib/python3.12/site-packages/airflow/example_dags/example_xcomargs.py
[2026-08-04T08:32:27.082+0000] {logging_mixin.py:188} INFO - [2026-08-04T08:32:27.082+0000] {dag.py:3089} INFO - Sync 2 DAGs
[2026-08-04T08:32:27.141+0000] {logging_mixin.py:188} INFO - [2026-08-04T08:32:27.141+0000] {dag.py:3947} INFO - Setting next_dagrun for example_xcom_args to None, run_after=None
[2026-08-04T08:32:27.171+0000] {logging_mixin.py:188} INFO - [2026-08-04T08:32:27.170+0000] {dag.py:3947} INFO - Setting next_dagrun for example_xcom_args_with_operators to None, run_after=None
[2026-08-04T08:32:27.273+0000] {processor.py:183} INFO - Processing /home/airflow/.local/lib/python3.12/site-packages/airflow/example_dags/example_xcomargs.py took 0.531 seconds
[2026-08-04T08:32:59.664+0000] {processor.py:161} INFO - Started process (PID=4818) to work on /home/airflow/.local/lib/python3.12/site-packages/airflow/example_dags/example_xcomargs.py
[2026-08-04T08:32:59.667+0000] {processor.py:830} INFO - Processing file /home/airflow/.local/lib/python3.12/site-packages/airflow/example_dags/example_xcomargs.py for tasks to queue
[2026-08-04T08:32:59.679+0000] {logging_mixin.py:188} INFO - [2026-08-04T08:32:59.678+0000] {dagbag.py:545} INFO - Filling up the DagBag from /home/airflow/.local/lib/python3.12/site-packages/airflow/example_dags/example_xcomargs.py
[2026-08-04T08:32:59.746+0000] {processor.py:840} INFO - DAG(s) 'example_xcom_args', 'example_xcom_args_with_operators' retrieved from /home/airflow/.local/lib/python3.12/site-packages/airflow/example_dags/example_xcomargs.py
[2026-08-04T08:32:59.881+0000] {logging_mixin.py:188} INFO - [2026-08-04T08:32:59.876+0000] {dag.py:3089} INFO - Sync 2 DAGs
[2026-08-04T08:32:59.973+0000] {logging_mixin.py:188} INFO - [2026-08-04T08:32:59.973+0000] {dag.py:3947} INFO - Setting next_dagrun for example_xcom_args to None, run_after=None
[2026-08-04T08:32:59.988+0000] {logging_mixin.py:188} INFO - [2026-08-04T08:32:59.987+0000] {dag.py:3947} INFO - Setting next_dagrun for example_xcom_args_with_operators to None, run_after=None
[2026-08-04T08:33:00.074+0000] {processor.py:183} INFO - Processing /home/airflow/.local/lib/python3.12/site-packages/airflow/example_dags/example_xcomargs.py took 0.427 seconds
[2026-08-04T08:33:31.702+0000] {processor.py:161} INFO - Started process (PID=4882) to work on /home/airflow/.local/lib/python3.12/site-packages/airflow/example_dags/example_xcomargs.py
[2026-08-04T08:33:31.709+0000] {processor.py:830} INFO - Processing file /home/airflow/.local/lib/python3.12/site-packages/airflow/example_dags/example_xcomargs.py for tasks to queue
[2026-08-04T08:33:31.736+0000] {logging_mixin.py:188} INFO - [2026-08-04T08:33:31.735+0000] {dagbag.py:545} INFO - Filling up the DagBag from /home/airflow/.local/lib/python3.12/site-packages/airflow/example_dags/example_xcomargs.py
[2026-08-04T08:33:31.854+0000] {processor.py:840} INFO - DAG(s) 'example_xcom_args_with_operators', 'example_xcom_args' retrieved from /home/airflow/.local/lib/python3.12/site-packages/airflow/example_dags/example_xcomargs.py
[2026-08-04T08:33:32.190+0000] {logging_mixin.py:188} INFO - [2026-08-04T08:33:32.189+0000] {dag.py:3089} INFO - Sync 2 DAGs
[2026-08-04T08:33:32.253+0000] {logging_mixin.py:188} INFO - [2026-08-04T08:33:32.253+0000] {dag.py:3947} INFO - Setting next_dagrun for example_xcom_args to None, run_after=None
[2026-08-04T08:33:32.288+0000] {logging_mixin.py:188} INFO - [2026-08-04T08:33:32.288+0000] {dag.py:3947} INFO - Setting next_dagrun for example_xcom_args_with_operators to None, run_after=None
[2026-08-04T08:33:32.421+0000] {processor.py:183} INFO - Processing /home/airflow/.local/lib/python3.12/site-packages/airflow/example_dags/example_xcomargs.py took 0.772 seconds
[2026-08-04T08:34:02.801+0000] {processor.py:161} INFO - Started process (PID=4954) to work on /home/airflow/.local/lib/python3.12/site-packages/airflow/example_dags/example_xcomargs.py
[2026-08-04T08:34:02.818+0000] {processor.py:830} INFO - Processing file /home/airflow/.local/lib/python3.12/site-packages/airflow/example_dags/example_xcomargs.py for tasks to queue
[2026-08-04T08:34:02.853+0000] {logging_mixin.py:188} INFO - [2026-08-04T08:34:02.852+0000] {dagbag.py:545} INFO - Filling up the DagBag from /home/airflow/.local/lib/python3.12/site-packages/airflow/example_dags/example_xcomargs.py
[2026-08-04T08:34:02.937+0000] {processor.py:840} INFO - DAG(s) 'example_xcom_args', 'example_xcom_args_with_operators' retrieved from /home/airflow/.local/lib/python3.12/site-packages/airflow/example_dags/example_xcomargs.py
[2026-08-04T08:34:03.045+0000] {logging_mixin.py:188} INFO - [2026-08-04T08:34:03.045+0000] {dag.py:3089} INFO - Sync 2 DAGs
[2026-08-04T08:34:03.097+0000] {logging_mixin.py:188} INFO - [2026-08-04T08:34:03.096+0000] {dag.py:3947} INFO - Setting next_dagrun for example_xcom_args to None, run_after=None
[2026-08-04T08:34:03.124+0000] {logging_mixin.py:188} INFO - [2026-08-04T08:34:03.124+0000] {dag.py:3947} INFO - Setting next_dagrun for example_xcom_args_with_operators to None, run_after=None
[2026-08-04T08:34:03.268+0000] {processor.py:183} INFO - Processing /home/airflow/.local/lib/python3.12/site-packages/airflow/example_dags/example_xcomargs.py took 0.510 seconds
[2026-08-04T08:34:34.977+0000] {processor.py:161} INFO - Started process (PID=5027) to work on /home/airflow/.local/lib/python3.12/site-packages/airflow/example_dags/example_xcomargs.py
[2026-08-04T08:34:34.986+0000] {processor.py:830} INFO - Processing file /home/airflow/.local/lib/python3.12/site-packages/airflow/example_dags/example_xcomargs.py for tasks to queue
[2026-08-04T08:34:35.004+0000] {logging_mixin.py:188} INFO - [2026-08-04T08:34:35.001+0000] {dagbag.py:545} INFO - Filling up the DagBag from /home/airflow/.local/lib/python3.12/site-packages/airflow/example_dags/example_xcomargs.py
[2026-08-04T08:34:35.332+0000] {processor.py:840} INFO - DAG(s) 'example_xcom_args', 'example_xcom_args_with_operators' retrieved from /home/airflow/.local/lib/python3.12/site-packages/airflow/example_dags/example_xcomargs.py
[2026-08-04T08:34:35.698+0000] {logging_mixin.py:188} INFO - [2026-08-04T08:34:35.697+0000] {dag.py:3089} INFO - Sync 2 DAGs
[2026-08-04T08:34:35.847+0000] {logging_mixin.py:188} INFO - [2026-08-04T08:34:35.844+0000] {dag.py:3947} INFO - Setting next_dagrun for example_xcom_args to None, run_after=None
[2026-08-04T08:34:35.876+0000] {logging_mixin.py:188} INFO - [2026-08-04T08:34:35.875+0000] {dag.py:3947} INFO - Setting next_dagrun for example_xcom_args_with_operators to None, run_after=None
[2026-08-04T08:34:36.014+0000] {processor.py:183} INFO - Processing /home/airflow/.local/lib/python3.12/site-packages/airflow/example_dags/example_xcomargs.py took 1.089 seconds
[2026-08-04T08:35:06.751+0000] {processor.py:161} INFO - Started process (PID=5092) to work on /home/airflow/.local/lib/python3.12/site-packages/airflow/example_dags/example_xcomargs.py
[2026-08-04T08:35:06.758+0000] {processor.py:830} INFO - Processing file /home/airflow/.local/lib/python3.12/site-packages/airflow/example_dags/example_xcomargs.py for tasks to queue
[2026-08-04T08:35:06.788+0000] {logging_mixin.py:188} INFO - [2026-08-04T08:35:06.784+0000] {dagbag.py:545} INFO - Filling up the DagBag from /home/airflow/.local/lib/python3.12/site-packages/airflow/example_dags/example_xcomargs.py
[2026-08-04T08:35:06.917+0000] {processor.py:840} INFO - DAG(s) 'example_xcom_args_with_operators', 'example_xcom_args' retrieved from /home/airflow/.local/lib/python3.12/site-packages/airflow/example_dags/example_xcomargs.py
[2026-08-04T08:35:07.198+0000] {logging_mixin.py:188} INFO - [2026-08-04T08:35:07.198+0000] {dag.py:3089} INFO - Sync 2 DAGs
[2026-08-04T08:35:07.279+0000] {logging_mixin.py:188} INFO - [2026-08-04T08:35:07.279+0000] {dag.py:3947} INFO - Setting next_dagrun for example_xcom_args to None, run_after=None
[2026-08-04T08:35:07.316+0000] {logging_mixin.py:188} INFO - [2026-08-04T08:35:07.315+0000] {dag.py:3947} INFO - Setting next_dagrun for example_xcom_args_with_operators to None, run_after=None
[2026-08-04T08:35:07.490+0000] {processor.py:183} INFO - Processing /home/airflow/.local/lib/python3.12/site-packages/airflow/example_dags/example_xcomargs.py took 0.823 seconds
[2026-08-04T08:35:39.858+0000] {processor.py:161} INFO - Started process (PID=5163) to work on /home/airflow/.local/lib/python3.12/site-packages/airflow/example_dags/example_xcomargs.py
[2026-08-04T08:35:39.873+0000] {processor.py:830} INFO - Processing file /home/airflow/.local/lib/python3.12/site-packages/airflow/example_dags/example_xcomargs.py for tasks to queue
[2026-08-04T08:35:39.923+0000] {logging_mixin.py:188} INFO - [2026-08-04T08:35:39.922+0000] {dagbag.py:545} INFO - Filling up the DagBag from /home/airflow/.local/lib/python3.12/site-packages/airflow/example_dags/example_xcomargs.py
[2026-08-04T08:35:40.020+0000] {processor.py:840} INFO - DAG(s) 'example_xcom_args', 'example_xcom_args_with_operators' retrieved from /home/airflow/.local/lib/python3.12/site-packages/airflow/example_dags/example_xcomargs.py
[2026-08-04T08:35:40.216+0000] {logging_mixin.py:188} INFO - [2026-08-04T08:35:40.216+0000] {dag.py:3089} INFO - Sync 2 DAGs
[2026-08-04T08:35:40.253+0000] {logging_mixin.py:188} INFO - [2026-08-04T08:35:40.252+0000] {dag.py:3947} INFO - Setting next_dagrun for example_xcom_args to None, run_after=None
[2026-08-04T08:35:40.266+0000] {logging_mixin.py:188} INFO - [2026-08-04T08:35:40.266+0000] {dag.py:3947} INFO - Setting next_dagrun for example_xcom_args_with_operators to None, run_after=None
[2026-08-04T08:35:40.396+0000] {processor.py:183} INFO - Processing /home/airflow/.local/lib/python3.12/site-packages/airflow/example_dags/example_xcomargs.py took 0.574 seconds
[2026-08-04T08:36:13.157+0000] {processor.py:161} INFO - Started process (PID=5229) to work on /home/airflow/.local/lib/python3.12/site-packages/airflow/example_dags/example_xcomargs.py
[2026-08-04T08:36:13.163+0000] {processor.py:830} INFO - Processing file /home/airflow/.local/lib/python3.12/site-packages/airflow/example_dags/example_xcomargs.py for tasks to queue
[2026-08-04T08:36:13.193+0000] {logging_mixin.py:188} INFO - [2026-08-04T08:36:13.192+0000] {dagbag.py:545} INFO - Filling up the DagBag from /home/airflow/.local/lib/python3.12/site-packages/airflow/example_dags/example_xcomargs.py
[2026-08-04T08:36:13.311+0000] {processor.py:840} INFO - DAG(s) 'example_xcom_args_with_operators', 'example_xcom_args' retrieved from /home/airflow/.local/lib/python3.12/site-packages/airflow/example_dags/example_xcomargs.py
[2026-08-04T08:36:13.415+0000] {logging_mixin.py:188} INFO - [2026-08-04T08:36:13.415+0000] {dag.py:3089} INFO - Sync 2 DAGs
[2026-08-04T08:36:13.497+0000] {logging_mixin.py:188} INFO - [2026-08-04T08:36:13.497+0000] {dag.py:3947} INFO - Setting next_dagrun for example_xcom_args to None, run_after=None
[2026-08-04T08:36:13.538+0000] {logging_mixin.py:188} INFO - [2026-08-04T08:36:13.537+0000] {dag.py:3947} INFO - Setting next_dagrun for example_xcom_args_with_operators to None, run_after=None
[2026-08-04T08:36:13.695+0000] {processor.py:183} INFO - Processing /home/airflow/.local/lib/python3.12/site-packages/airflow/example_dags/example_xcomargs.py took 0.562 seconds
[2026-08-04T08:36:44.452+0000] {processor.py:161} INFO - Started process (PID=5303) to work on /home/airflow/.local/lib/python3.12/site-packages/airflow/example_dags/example_xcomargs.py
[2026-08-04T08:36:44.456+0000] {processor.py:830} INFO - Processing file /home/airflow/.local/lib/python3.12/site-packages/airflow/example_dags/example_xcomargs.py for tasks to queue
[2026-08-04T08:36:44.462+0000] {logging_mixin.py:188} INFO - [2026-08-04T08:36:44.461+0000] {dagbag.py:545} INFO - Filling up the DagBag from /home/airflow/.local/lib/python3.12/site-packages/airflow/example_dags/example_xcomargs.py
[2026-08-04T08:36:44.490+0000] {processor.py:840} INFO - DAG(s) 'example_xcom_args', 'example_xcom_args_with_operators' retrieved from /home/airflow/.local/lib/python3.12/site-packages/airflow/example_dags/example_xcomargs.py
[2026-08-04T08:36:44.558+0000] {logging_mixin.py:188} INFO - [2026-08-04T08:36:44.557+0000] {dag.py:3089} INFO - Sync 2 DAGs
[2026-08-04T08:36:44.596+0000] {logging_mixin.py:188} INFO - [2026-08-04T08:36:44.596+0000] {dag.py:3947} INFO - Setting next_dagrun for example_xcom_args to None, run_after=None
[2026-08-04T08:36:44.610+0000] {logging_mixin.py:188} INFO - [2026-08-04T08:36:44.610+0000] {dag.py:3947} INFO - Setting next_dagrun for example_xcom_args_with_operators to None, run_after=None
[2026-08-04T08:36:44.669+0000] {processor.py:183} INFO - Processing /home/airflow/.local/lib/python3.12/site-packages/airflow/example_dags/example_xcomargs.py took 0.235 seconds
[2026-08-04T08:37:14.888+0000] {processor.py:161} INFO - Started process (PID=5367) to work on /home/airflow/.local/lib/python3.12/site-packages/airflow/example_dags/example_xcomargs.py
[2026-08-04T08:37:14.891+0000] {processor.py:830} INFO - Processing file /home/airflow/.local/lib/python3.12/site-packages/airflow/example_dags/example_xcomargs.py for tasks to queue
[2026-08-04T08:37:14.918+0000] {logging_mixin.py:188} INFO - [2026-08-04T08:37:14.917+0000] {dagbag.py:545} INFO - Filling up the DagBag from /home/airflow/.local/lib/python3.12/site-packages/airflow/example_dags/example_xcomargs.py
[2026-08-04T08:37:14.972+0000] {processor.py:840} INFO - DAG(s) 'example_xcom_args', 'example_xcom_args_with_operators' retrieved from /home/airflow/.local/lib/python3.12/site-packages/airflow/example_dags/example_xcomargs.py
[2026-08-04T08:37:15.125+0000] {logging_mixin.py:188} INFO - [2026-08-04T08:37:15.124+0000] {dag.py:3089} INFO - Sync 2 DAGs
[2026-08-04T08:37:15.254+0000] {logging_mixin.py:188} INFO - [2026-08-04T08:37:15.253+0000] {dag.py:3947} INFO - Setting next_dagrun for example_xcom_args to None, run_after=None
[2026-08-04T08:37:15.297+0000] {logging_mixin.py:188} INFO - [2026-08-04T08:37:15.296+0000] {dag.py:3947} INFO - Setting next_dagrun for example_xcom_args_with_operators to None, run_after=None
[2026-08-04T08:37:15.383+0000] {processor.py:183} INFO - Processing /home/airflow/.local/lib/python3.12/site-packages/airflow/example_dags/example_xcomargs.py took 0.545 seconds
[2026-08-04T08:37:46.012+0000] {processor.py:161} INFO - Started process (PID=5439) to work on /home/airflow/.local/lib/python3.12/site-packages/airflow/example_dags/example_xcomargs.py
[2026-08-04T08:37:46.030+0000] {processor.py:830} INFO - Processing file /home/airflow/.local/lib/python3.12/site-packages/airflow/example_dags/example_xcomargs.py for tasks to queue
[2026-08-04T08:37:46.044+0000] {logging_mixin.py:188} INFO - [2026-08-04T08:37:46.043+0000] {dagbag.py:545} INFO - Filling up the DagBag from /home/airflow/.local/lib/python3.12/site-packages/airflow/example_dags/example_xcomargs.py
[2026-08-04T08:37:46.072+0000] {processor.py:840} INFO - DAG(s) 'example_xcom_args', 'example_xcom_args_with_operators' retrieved from /home/airflow/.local/lib/python3.12/site-packages/airflow/example_dags/example_xcomargs.py
[2026-08-04T08:37:46.138+0000] {logging_mixin.py:188} INFO - [2026-08-04T08:37:46.137+0000] {dag.py:3089} INFO - Sync 2 DAGs
[2026-08-04T08:37:46.172+0000] {logging_mixin.py:188} INFO - [2026-08-04T08:37:46.172+0000] {dag.py:3947} INFO - Setting next_dagrun for example_xcom_args to None, run_after=None
[2026-08-04T08:37:46.187+0000] {logging_mixin.py:188} INFO - [2026-08-04T08:37:46.186+0000] {dag.py:3947} INFO - Setting next_dagrun for example_xcom_args_with_operators to None, run_after=None
[2026-08-04T08:37:46.282+0000] {processor.py:183} INFO - Processing /home/airflow/.local/lib/python3.12/site-packages/airflow/example_dags/example_xcomargs.py took 0.309 seconds
[2026-08-04T08:38:21.326+0000] {processor.py:161} INFO - Started process (PID=5510) to work on /home/airflow/.local/lib/python3.12/site-packages/airflow/example_dags/example_xcomargs.py
[2026-08-04T08:38:21.332+0000] {processor.py:830} INFO - Processing file /home/airflow/.local/lib/python3.12/site-packages/airflow/example_dags/example_xcomargs.py for tasks to queue
[2026-08-04T08:38:21.346+0000] {logging_mixin.py:188} INFO - [2026-08-04T08:38:21.345+0000] {dagbag.py:545} INFO - Filling up the DagBag from /home/airflow/.local/lib/python3.12/site-packages/airflow/example_dags/example_xcomargs.py
[2026-08-04T08:38:21.442+0000] {processor.py:840} INFO - DAG(s) 'example_xcom_args_with_operators', 'example_xcom_args' retrieved from /home/airflow/.local/lib/python3.12/site-packages/airflow/example_dags/example_xcomargs.py
[2026-08-04T08:38:21.611+0000] {logging_mixin.py:188} INFO - [2026-08-04T08:38:21.610+0000] {dag.py:3089} INFO - Sync 2 DAGs
[2026-08-04T08:38:21.652+0000] {logging_mixin.py:188} INFO - [2026-08-04T08:38:21.651+0000] {dag.py:3947} INFO - Setting next_dagrun for example_xcom_args to None, run_after=None
[2026-08-04T08:38:21.663+0000] {logging_mixin.py:188} INFO - [2026-08-04T08:38:21.663+0000] {dag.py:3947} INFO - Setting next_dagrun for example_xcom_args_with_operators to None, run_after=None
[2026-08-04T08:38:21.732+0000] {processor.py:183} INFO - Processing /home/airflow/.local/lib/python3.12/site-packages/airflow/example_dags/example_xcomargs.py took 0.468 seconds
[2026-08-04T08:38:52.918+0000] {processor.py:161} INFO - Started process (PID=5575) to work on /home/airflow/.local/lib/python3.12/site-packages/airflow/example_dags/example_xcomargs.py
[2026-08-04T08:38:52.949+0000] {processor.py:830} INFO - Processing file /home/airflow/.local/lib/python3.12/site-packages/airflow/example_dags/example_xcomargs.py for tasks to queue
[2026-08-04T08:38:52.963+0000] {logging_mixin.py:188} INFO - [2026-08-04T08:38:52.962+0000] {dagbag.py:545} INFO - Filling up the DagBag from /home/airflow/.local/lib/python3.12/site-packages/airflow/example_dags/example_xcomargs.py
[2026-08-04T08:38:53.046+0000] {processor.py:840} INFO - DAG(s) 'example_xcom_args_with_operators', 'example_xcom_args' retrieved from /home/airflow/.local/lib/python3.12/site-packages/airflow/example_dags/example_xcomargs.py
[2026-08-04T08:38:53.145+0000] {logging_mixin.py:188} INFO - [2026-08-04T08:38:53.145+0000] {dag.py:3089} INFO - Sync 2 DAGs
[2026-08-04T08:38:53.268+0000] {logging_mixin.py:188} INFO - [2026-08-04T08:38:53.268+0000] {dag.py:3947} INFO - Setting next_dagrun for example_xcom_args to None, run_after=None
[2026-08-04T08:38:53.317+0000] {logging_mixin.py:188} INFO - [2026-08-04T08:38:53.316+0000] {dag.py:3947} INFO - Setting next_dagrun for example_xcom_args_with_operators to None, run_after=None
[2026-08-04T08:38:53.505+0000] {processor.py:183} INFO - Processing /home/airflow/.local/lib/python3.12/site-packages/airflow/example_dags/example_xcomargs.py took 0.623 seconds
[2026-08-04T08:39:25.102+0000] {processor.py:161} INFO - Started process (PID=5645) to work on /home/airflow/.local/lib/python3.12/site-packages/airflow/example_dags/example_xcomargs.py
[2026-08-04T08:39:25.106+0000] {processor.py:830} INFO - Processing file /home/airflow/.local/lib/python3.12/site-packages/airflow/example_dags/example_xcomargs.py for tasks to queue
[2026-08-04T08:39:25.114+0000] {logging_mixin.py:188} INFO - [2026-08-04T08:39:25.113+0000] {dagbag.py:545} INFO - Filling up the DagBag from /home/airflow/.local/lib/python3.12/site-packages/airflow/example_dags/example_xcomargs.py
[2026-08-04T08:39:25.155+0000] {processor.py:840} INFO - DAG(s) 'example_xcom_args', 'example_xcom_args_with_operators' retrieved from /home/airflow/.local/lib/python3.12/site-packages/airflow/example_dags/example_xcomargs.py
[2026-08-04T08:39:25.262+0000] {logging_mixin.py:188} INFO - [2026-08-04T08:39:25.261+0000] {dag.py:3089} INFO - Sync 2 DAGs
[2026-08-04T08:39:25.336+0000] {logging_mixin.py:188} INFO - [2026-08-04T08:39:25.335+0000] {dag.py:3947} INFO - Setting next_dagrun for example_xcom_args to None, run_after=None
[2026-08-04T08:39:25.392+0000] {logging_mixin.py:188} INFO - [2026-08-04T08:39:25.391+0000] {dag.py:3947} INFO - Setting next_dagrun for example_xcom_args_with_operators to None, run_after=None
[2026-08-04T08:39:25.484+0000] {processor.py:183} INFO - Processing /home/airflow/.local/lib/python3.12/site-packages/airflow/example_dags/example_xcomargs.py took 0.435 seconds
[2026-08-04T08:40:02.576+0000] {processor.py:161} INFO - Started process (PID=5717) to work on /home/airflow/.local/lib/python3.12/site-packages/airflow/example_dags/example_xcomargs.py
[2026-08-04T08:40:02.581+0000] {processor.py:830} INFO - Processing file /home/airflow/.local/lib/python3.12/site-packages/airflow/example_dags/example_xcomargs.py for tasks to queue
[2026-08-04T08:40:02.587+0000] {logging_mixin.py:188} INFO - [2026-08-04T08:40:02.586+0000] {dagbag.py:545} INFO - Filling up the DagBag from /home/airflow/.local/lib/python3.12/site-packages/airflow/example_dags/example_xcomargs.py
[2026-08-04T08:40:02.626+0000] {processor.py:840} INFO - DAG(s) 'example_xcom_args', 'example_xcom_args_with_operators' retrieved from /home/airflow/.local/lib/python3.12/site-packages/airflow/example_dags/example_xcomargs.py
[2026-08-04T08:40:02.726+0000] {logging_mixin.py:188} INFO - [2026-08-04T08:40:02.725+0000] {dag.py:3089} INFO - Sync 2 DAGs
[2026-08-04T08:40:02.770+0000] {logging_mixin.py:188} INFO - [2026-08-04T08:40:02.770+0000] {dag.py:3947} INFO - Setting next_dagrun for example_xcom_args to None, run_after=None
[2026-08-04T08:40:02.788+0000] {logging_mixin.py:188} INFO - [2026-08-04T08:40:02.787+0000] {dag.py:3947} INFO - Setting next_dagrun for example_xcom_args_with_operators to None, run_after=None
[2026-08-04T08:40:02.857+0000] {processor.py:183} INFO - Processing /home/airflow/.local/lib/python3.12/site-packages/airflow/example_dags/example_xcomargs.py took 0.299 seconds
[2026-08-04T08:40:45.400+0000] {processor.py:161} INFO - Started process (PID=5797) to work on /home/airflow/.local/lib/python3.12/site-packages/airflow/example_dags/example_xcomargs.py
[2026-08-04T08:40:45.432+0000] {processor.py:830} INFO - Processing file /home/airflow/.local/lib/python3.12/site-packages/airflow/example_dags/example_xcomargs.py for tasks to queue
[2026-08-04T08:40:45.455+0000] {logging_mixin.py:188} INFO - [2026-08-04T08:40:45.454+0000] {dagbag.py:545} INFO - Filling up the DagBag from /home/airflow/.local/lib/python3.12/site-packages/airflow/example_dags/example_xcomargs.py
[2026-08-04T08:40:45.634+0000] {processor.py:840} INFO - DAG(s) 'example_xcom_args_with_operators', 'example_xcom_args' retrieved from /home/airflow/.local/lib/python3.12/site-packages/airflow/example_dags/example_xcomargs.py
[2026-08-04T08:40:45.747+0000] {logging_mixin.py:188} INFO - [2026-08-04T08:40:45.747+0000] {dag.py:3089} INFO - Sync 2 DAGs
[2026-08-04T08:40:45.799+0000] {logging_mixin.py:188} INFO - [2026-08-04T08:40:45.799+0000] {dag.py:3947} INFO - Setting next_dagrun for example_xcom_args to None, run_after=None
[2026-08-04T08:40:45.824+0000] {logging_mixin.py:188} INFO - [2026-08-04T08:40:45.823+0000] {dag.py:3947} INFO - Setting next_dagrun for example_xcom_args_with_operators to None, run_after=None
[2026-08-04T08:40:45.933+0000] {processor.py:183} INFO - Processing /home/airflow/.local/lib/python3.12/site-packages/airflow/example_dags/example_xcomargs.py took 0.635 seconds
[2026-08-04T08:41:17.864+0000] {processor.py:161} INFO - Started process (PID=5862) to work on /home/airflow/.local/lib/python3.12/site-packages/airflow/example_dags/example_xcomargs.py
[2026-08-04T08:41:17.877+0000] {processor.py:830} INFO - Processing file /home/airflow/.local/lib/python3.12/site-packages/airflow/example_dags/example_xcomargs.py for tasks to queue
[2026-08-04T08:41:17.888+0000] {logging_mixin.py:188} INFO - [2026-08-04T08:41:17.887+0000] {dagbag.py:545} INFO - Filling up the DagBag from /home/airflow/.local/lib/python3.12/site-packages/airflow/example_dags/example_xcomargs.py
[2026-08-04T08:41:18.012+0000] {processor.py:840} INFO - DAG(s) 'example_xcom_args', 'example_xcom_args_with_operators' retrieved from /home/airflow/.local/lib/python3.12/site-packages/airflow/example_dags/example_xcomargs.py
[2026-08-04T08:41:18.287+0000] {logging_mixin.py:188} INFO - [2026-08-04T08:41:18.286+0000] {dag.py:3089} INFO - Sync 2 DAGs
[2026-08-04T08:41:18.377+0000] {logging_mixin.py:188} INFO - [2026-08-04T08:41:18.376+0000] {dag.py:3947} INFO - Setting next_dagrun for example_xcom_args to None, run_after=None
[2026-08-04T08:41:18.492+0000] {logging_mixin.py:188} INFO - [2026-08-04T08:41:18.491+0000] {dag.py:3947} INFO - Setting next_dagrun for example_xcom_args_with_operators to None, run_after=None
[2026-08-04T08:41:18.633+0000] {processor.py:183} INFO - Processing /home/airflow/.local/lib/python3.12/site-packages/airflow/example_dags/example_xcomargs.py took 0.833 seconds
[2026-08-04T08:41:50.002+0000] {processor.py:161} INFO - Started process (PID=5935) to work on /home/airflow/.local/lib/python3.12/site-packages/airflow/example_dags/example_xcomargs.py
[2026-08-04T08:41:50.008+0000] {processor.py:830} INFO - Processing file /home/airflow/.local/lib/python3.12/site-packages/airflow/example_dags/example_xcomargs.py for tasks to queue
[2026-08-04T08:41:50.017+0000] {logging_mixin.py:188} INFO - [2026-08-04T08:41:50.016+0000] {dagbag.py:545} INFO - Filling up the DagBag from /home/airflow/.local/lib/python3.12/site-packages/airflow/example_dags/example_xcomargs.py
[2026-08-04T08:41:50.056+0000] {processor.py:840} INFO - DAG(s) 'example_xcom_args', 'example_xcom_args_with_operators' retrieved from /home/airflow/.local/lib/python3.12/site-packages/airflow/example_dags/example_xcomargs.py
[2026-08-04T08:41:50.238+0000] {logging_mixin.py:188} INFO - [2026-08-04T08:41:50.237+0000] {dag.py:3089} INFO - Sync 2 DAGs
[2026-08-04T08:41:50.306+0000] {logging_mixin.py:188} INFO - [2026-08-04T08:41:50.305+0000] {dag.py:3947} INFO - Setting next_dagrun for example_xcom_args to None, run_after=None
[2026-08-04T08:41:50.333+0000] {logging_mixin.py:188} INFO - [2026-08-04T08:41:50.332+0000] {dag.py:3947} INFO - Setting next_dagrun for example_xcom_args_with_operators to None, run_after=None
[2026-08-04T08:41:50.519+0000] {processor.py:183} INFO - Processing /home/airflow/.local/lib/python3.12/site-packages/airflow/example_dags/example_xcomargs.py took 0.576 seconds
[2026-08-04T08:42:26.649+0000] {processor.py:161} INFO - Started process (PID=6008) to work on /home/airflow/.local/lib/python3.12/site-packages/airflow/example_dags/example_xcomargs.py
[2026-08-04T08:42:26.658+0000] {processor.py:830} INFO - Processing file /home/airflow/.local/lib/python3.12/site-packages/airflow/example_dags/example_xcomargs.py for tasks to queue
[2026-08-04T08:42:26.665+0000] {logging_mixin.py:188} INFO - [2026-08-04T08:42:26.664+0000] {dagbag.py:545} INFO - Filling up the DagBag from /home/airflow/.local/lib/python3.12/site-packages/airflow/example_dags/example_xcomargs.py
[2026-08-04T08:42:26.708+0000] {processor.py:840} INFO - DAG(s) 'example_xcom_args_with_operators', 'example_xcom_args' retrieved from /home/airflow/.local/lib/python3.12/site-packages/airflow/example_dags/example_xcomargs.py
[2026-08-04T08:42:26.797+0000] {logging_mixin.py:188} INFO - [2026-08-04T08:42:26.796+0000] {dag.py:3089} INFO - Sync 2 DAGs
[2026-08-04T08:42:26.860+0000] {logging_mixin.py:188} INFO - [2026-08-04T08:42:26.860+0000] {dag.py:3947} INFO - Setting next_dagrun for example_xcom_args to None, run_after=None
[2026-08-04T08:42:26.896+0000] {logging_mixin.py:188} INFO - [2026-08-04T08:42:26.895+0000] {dag.py:3947} INFO - Setting next_dagrun for example_xcom_args_with_operators to None, run_after=None
[2026-08-04T08:42:27.029+0000] {processor.py:183} INFO - Processing /home/airflow/.local/lib/python3.12/site-packages/airflow/example_dags/example_xcomargs.py took 0.423 seconds
[2026-08-04T08:43:02.103+0000] {processor.py:161} INFO - Started process (PID=6081) to work on /home/airflow/.local/lib/python3.12/site-packages/airflow/example_dags/example_xcomargs.py
[2026-08-04T08:43:02.117+0000] {processor.py:830} INFO - Processing file /home/airflow/.local/lib/python3.12/site-packages/airflow/example_dags/example_xcomargs.py for tasks to queue
[2026-08-04T08:43:02.148+0000] {logging_mixin.py:188} INFO - [2026-08-04T08:43:02.147+0000] {dagbag.py:545} INFO - Filling up the DagBag from /home/airflow/.local/lib/python3.12/site-packages/airflow/example_dags/example_xcomargs.py
[2026-08-04T08:43:02.235+0000] {processor.py:840} INFO - DAG(s) 'example_xcom_args_with_operators', 'example_xcom_args' retrieved from /home/airflow/.local/lib/python3.12/site-packages/airflow/example_dags/example_xcomargs.py
[2026-08-04T08:43:02.375+0000] {logging_mixin.py:188} INFO - [2026-08-04T08:43:02.375+0000] {dag.py:3089} INFO - Sync 2 DAGs
[2026-08-04T08:43:02.523+0000] {logging_mixin.py:188} INFO - [2026-08-04T08:43:02.510+0000] {dag.py:3947} INFO - Setting next_dagrun for example_xcom_args to None, run_after=None
[2026-08-04T08:43:02.573+0000] {logging_mixin.py:188} INFO - [2026-08-04T08:43:02.572+0000] {dag.py:3947} INFO - Setting next_dagrun for example_xcom_args_with_operators to None, run_after=None
[2026-08-04T08:43:02.786+0000] {processor.py:183} INFO - Processing /home/airflow/.local/lib/python3.12/site-packages/airflow/example_dags/example_xcomargs.py took 0.772 seconds
[2026-08-04T08:43:41.190+0000] {processor.py:161} INFO - Started process (PID=6156) to work on /home/airflow/.local/lib/python3.12/site-packages/airflow/example_dags/example_xcomargs.py
[2026-08-04T08:43:41.199+0000] {processor.py:830} INFO - Processing file /home/airflow/.local/lib/python3.12/site-packages/airflow/example_dags/example_xcomargs.py for tasks to queue
[2026-08-04T08:43:41.222+0000] {logging_mixin.py:188} INFO - [2026-08-04T08:43:41.221+0000] {dagbag.py:545} INFO - Filling up the DagBag from /home/airflow/.local/lib/python3.12/site-packages/airflow/example_dags/example_xcomargs.py
[2026-08-04T08:43:41.304+0000] {processor.py:840} INFO - DAG(s) 'example_xcom_args_with_operators', 'example_xcom_args' retrieved from /home/airflow/.local/lib/python3.12/site-packages/airflow/example_dags/example_xcomargs.py
[2026-08-04T08:43:41.432+0000] {logging_mixin.py:188} INFO - [2026-08-04T08:43:41.420+0000] {dag.py:3089} INFO - Sync 2 DAGs
[2026-08-04T08:43:41.686+0000] {logging_mixin.py:188} INFO - [2026-08-04T08:43:41.686+0000] {dag.py:3947} INFO - Setting next_dagrun for example_xcom_args to None, run_after=None
[2026-08-04T08:43:41.738+0000] {logging_mixin.py:188} INFO - [2026-08-04T08:43:41.737+0000] {dag.py:3947} INFO - Setting next_dagrun for example_xcom_args_with_operators to None, run_after=None
[2026-08-04T08:43:42.012+0000] {processor.py:183} INFO - Processing /home/airflow/.local/lib/python3.12/site-packages/airflow/example_dags/example_xcomargs.py took 0.875 seconds
[2026-08-04T08:44:16.796+0000] {processor.py:161} INFO - Started process (PID=6222) to work on /home/airflow/.local/lib/python3.12/site-packages/airflow/example_dags/example_xcomargs.py
[2026-08-04T08:44:16.800+0000] {processor.py:830} INFO - Processing file /home/airflow/.local/lib/python3.12/site-packages/airflow/example_dags/example_xcomargs.py for tasks to queue
[2026-08-04T08:44:16.820+0000] {logging_mixin.py:188} INFO - [2026-08-04T08:44:16.819+0000] {dagbag.py:545} INFO - Filling up the DagBag from /home/airflow/.local/lib/python3.12/site-packages/airflow/example_dags/example_xcomargs.py
[2026-08-04T08:44:16.917+0000] {processor.py:840} INFO - DAG(s) 'example_xcom_args', 'example_xcom_args_with_operators' retrieved from /home/airflow/.local/lib/python3.12/site-packages/airflow/example_dags/example_xcomargs.py
[2026-08-04T08:44:17.181+0000] {logging_mixin.py:188} INFO - [2026-08-04T08:44:17.180+0000] {dag.py:3089} INFO - Sync 2 DAGs
[2026-08-04T08:44:17.364+0000] {logging_mixin.py:188} INFO - [2026-08-04T08:44:17.360+0000] {dag.py:3947} INFO - Setting next_dagrun for example_xcom_args to None, run_after=None
[2026-08-04T08:44:17.386+0000] {logging_mixin.py:188} INFO - [2026-08-04T08:44:17.386+0000] {dag.py:3947} INFO - Setting next_dagrun for example_xcom_args_with_operators to None, run_after=None
[2026-08-04T08:44:17.483+0000] {processor.py:183} INFO - Processing /home/airflow/.local/lib/python3.12/site-packages/airflow/example_dags/example_xcomargs.py took 0.709 seconds
[2026-08-04T08:44:54.573+0000] {processor.py:161} INFO - Started process (PID=6298) to work on /home/airflow/.local/lib/python3.12/site-packages/airflow/example_dags/example_xcomargs.py
[2026-08-04T08:44:54.578+0000] {processor.py:830} INFO - Processing file /home/airflow/.local/lib/python3.12/site-packages/airflow/example_dags/example_xcomargs.py for tasks to queue
[2026-08-04T08:44:54.629+0000] {logging_mixin.py:188} INFO - [2026-08-04T08:44:54.592+0000] {dagbag.py:545} INFO - Filling up the DagBag from /home/airflow/.local/lib/python3.12/site-packages/airflow/example_dags/example_xcomargs.py
[2026-08-04T08:44:54.668+0000] {processor.py:840} INFO - DAG(s) 'example_xcom_args', 'example_xcom_args_with_operators' retrieved from /home/airflow/.local/lib/python3.12/site-packages/airflow/example_dags/example_xcomargs.py
[2026-08-04T08:44:55.010+0000] {logging_mixin.py:188} INFO - [2026-08-04T08:44:55.010+0000] {dag.py:3089} INFO - Sync 2 DAGs
[2026-08-04T08:44:55.252+0000] {logging_mixin.py:188} INFO - [2026-08-04T08:44:55.251+0000] {dag.py:3947} INFO - Setting next_dagrun for example_xcom_args to None, run_after=None
[2026-08-04T08:44:55.352+0000] {logging_mixin.py:188} INFO - [2026-08-04T08:44:55.352+0000] {dag.py:3947} INFO - Setting next_dagrun for example_xcom_args_with_operators to None, run_after=None
[2026-08-04T08:44:55.468+0000] {processor.py:183} INFO - Processing /home/airflow/.local/lib/python3.12/site-packages/airflow/example_dags/example_xcomargs.py took 0.944 seconds
[2026-08-04T08:45:29.568+0000] {processor.py:161} INFO - Started process (PID=6370) to work on /home/airflow/.local/lib/python3.12/site-packages/airflow/example_dags/example_xcomargs.py
[2026-08-04T08:45:29.572+0000] {processor.py:830} INFO - Processing file /home/airflow/.local/lib/python3.12/site-packages/airflow/example_dags/example_xcomargs.py for tasks to queue
[2026-08-04T08:45:29.578+0000] {logging_mixin.py:188} INFO - [2026-08-04T08:45:29.577+0000] {dagbag.py:545} INFO - Filling up the DagBag from /home/airflow/.local/lib/python3.12/site-packages/airflow/example_dags/example_xcomargs.py
[2026-08-04T08:45:29.601+0000] {processor.py:840} INFO - DAG(s) 'example_xcom_args_with_operators', 'example_xcom_args' retrieved from /home/airflow/.local/lib/python3.12/site-packages/airflow/example_dags/example_xcomargs.py
[2026-08-04T08:45:29.667+0000] {logging_mixin.py:188} INFO - [2026-08-04T08:45:29.667+0000] {dag.py:3089} INFO - Sync 2 DAGs
[2026-08-04T08:45:29.701+0000] {logging_mixin.py:188} INFO - [2026-08-04T08:45:29.701+0000] {dag.py:3947} INFO - Setting next_dagrun for example_xcom_args to None, run_after=None
[2026-08-04T08:45:29.712+0000] {logging_mixin.py:188} INFO - [2026-08-04T08:45:29.712+0000] {dag.py:3947} INFO - Setting next_dagrun for example_xcom_args_with_operators to None, run_after=None
[2026-08-04T08:45:29.757+0000] {processor.py:183} INFO - Processing /home/airflow/.local/lib/python3.12/site-packages/airflow/example_dags/example_xcomargs.py took 0.201 seconds
[2026-08-04T08:46:11.231+0000] {processor.py:161} INFO - Started process (PID=6448) to work on /home/airflow/.local/lib/python3.12/site-packages/airflow/example_dags/example_xcomargs.py
[2026-08-04T08:46:11.258+0000] {processor.py:830} INFO - Processing file /home/airflow/.local/lib/python3.12/site-packages/airflow/example_dags/example_xcomargs.py for tasks to queue
[2026-08-04T08:46:11.347+0000] {logging_mixin.py:188} INFO - [2026-08-04T08:46:11.329+0000] {dagbag.py:545} INFO - Filling up the DagBag from /home/airflow/.local/lib/python3.12/site-packages/airflow/example_dags/example_xcomargs.py
[2026-08-04T08:46:11.492+0000] {processor.py:840} INFO - DAG(s) 'example_xcom_args', 'example_xcom_args_with_operators' retrieved from /home/airflow/.local/lib/python3.12/site-packages/airflow/example_dags/example_xcomargs.py
[2026-08-04T08:46:11.665+0000] {logging_mixin.py:188} INFO - [2026-08-04T08:46:11.664+0000] {dag.py:3089} INFO - Sync 2 DAGs
[2026-08-04T08:46:11.749+0000] {logging_mixin.py:188} INFO - [2026-08-04T08:46:11.748+0000] {dag.py:3947} INFO - Setting next_dagrun for example_xcom_args to None, run_after=None
[2026-08-04T08:46:11.786+0000] {logging_mixin.py:188} INFO - [2026-08-04T08:46:11.786+0000] {dag.py:3947} INFO - Setting next_dagrun for example_xcom_args_with_operators to None, run_after=None
[2026-08-04T08:46:11.867+0000] {processor.py:183} INFO - Processing /home/airflow/.local/lib/python3.12/site-packages/airflow/example_dags/example_xcomargs.py took 0.687 seconds
[2026-08-04T08:46:52.894+0000] {processor.py:161} INFO - Started process (PID=6522) to work on /home/airflow/.local/lib/python3.12/site-packages/airflow/example_dags/example_xcomargs.py
[2026-08-04T08:46:52.902+0000] {processor.py:830} INFO - Processing file /home/airflow/.local/lib/python3.12/site-packages/airflow/example_dags/example_xcomargs.py for tasks to queue
[2026-08-04T08:46:52.911+0000] {logging_mixin.py:188} INFO - [2026-08-04T08:46:52.910+0000] {dagbag.py:545} INFO - Filling up the DagBag from /home/airflow/.local/lib/python3.12/site-packages/airflow/example_dags/example_xcomargs.py
[2026-08-04T08:46:53.041+0000] {processor.py:840} INFO - DAG(s) 'example_xcom_args', 'example_xcom_args_with_operators' retrieved from /home/airflow/.local/lib/python3.12/site-packages/airflow/example_dags/example_xcomargs.py
[2026-08-04T08:46:53.346+0000] {logging_mixin.py:188} INFO - [2026-08-04T08:46:53.346+0000] {dag.py:3089} INFO - Sync 2 DAGs
[2026-08-04T08:46:53.457+0000] {logging_mixin.py:188} INFO - [2026-08-04T08:46:53.457+0000] {dag.py:3947} INFO - Setting next_dagrun for example_xcom_args to None, run_after=None
[2026-08-04T08:46:53.497+0000] {logging_mixin.py:188} INFO - [2026-08-04T08:46:53.496+0000] {dag.py:3947} INFO - Setting next_dagrun for example_xcom_args_with_operators to None, run_after=None
[2026-08-04T08:46:53.636+0000] {processor.py:183} INFO - Processing /home/airflow/.local/lib/python3.12/site-packages/airflow/example_dags/example_xcomargs.py took 0.763 seconds
[2026-08-04T08:47:29.016+0000] {processor.py:161} INFO - Started process (PID=6595) to work on /home/airflow/.local/lib/python3.12/site-packages/airflow/example_dags/example_xcomargs.py
[2026-08-04T08:47:29.022+0000] {processor.py:830} INFO - Processing file /home/airflow/.local/lib/python3.12/site-packages/airflow/example_dags/example_xcomargs.py for tasks to queue
[2026-08-04T08:47:29.041+0000] {logging_mixin.py:188} INFO - [2026-08-04T08:47:29.040+0000] {dagbag.py:545} INFO - Filling up the DagBag from /home/airflow/.local/lib/python3.12/site-packages/airflow/example_dags/example_xcomargs.py
[2026-08-04T08:47:29.118+0000] {processor.py:840} INFO - DAG(s) 'example_xcom_args_with_operators', 'example_xcom_args' retrieved from /home/airflow/.local/lib/python3.12/site-packages/airflow/example_dags/example_xcomargs.py
[2026-08-04T08:47:29.288+0000] {logging_mixin.py:188} INFO - [2026-08-04T08:47:29.287+0000] {dag.py:3089} INFO - Sync 2 DAGs
[2026-08-04T08:47:29.387+0000] {logging_mixin.py:188} INFO - [2026-08-04T08:47:29.386+0000] {dag.py:3947} INFO - Setting next_dagrun for example_xcom_args to None, run_after=None
[2026-08-04T08:47:29.432+0000] {logging_mixin.py:188} INFO - [2026-08-04T08:47:29.429+0000] {dag.py:3947} INFO - Setting next_dagrun for example_xcom_args_with_operators to None, run_after=None
[2026-08-04T08:47:29.554+0000] {processor.py:183} INFO - Processing /home/airflow/.local/lib/python3.12/site-packages/airflow/example_dags/example_xcomargs.py took 0.582 seconds
[2026-08-04T08:48:02.186+0000] {processor.py:161} INFO - Started process (PID=6661) to work on /home/airflow/.local/lib/python3.12/site-packages/airflow/example_dags/example_xcomargs.py
[2026-08-04T08:48:02.195+0000] {processor.py:830} INFO - Processing file /home/airflow/.local/lib/python3.12/site-packages/airflow/example_dags/example_xcomargs.py for tasks to queue
[2026-08-04T08:48:02.205+0000] {logging_mixin.py:188} INFO - [2026-08-04T08:48:02.204+0000] {dagbag.py:545} INFO - Filling up the DagBag from /home/airflow/.local/lib/python3.12/site-packages/airflow/example_dags/example_xcomargs.py
[2026-08-04T08:48:02.284+0000] {processor.py:840} INFO - DAG(s) 'example_xcom_args', 'example_xcom_args_with_operators' retrieved from /home/airflow/.local/lib/python3.12/site-packages/airflow/example_dags/example_xcomargs.py
[2026-08-04T08:48:02.395+0000] {logging_mixin.py:188} INFO - [2026-08-04T08:48:02.395+0000] {dag.py:3089} INFO - Sync 2 DAGs
[2026-08-04T08:48:02.448+0000] {logging_mixin.py:188} INFO - [2026-08-04T08:48:02.447+0000] {dag.py:3947} INFO - Setting next_dagrun for example_xcom_args to None, run_after=None
[2026-08-04T08:48:02.476+0000] {logging_mixin.py:188} INFO - [2026-08-04T08:48:02.475+0000] {dag.py:3947} INFO - Setting next_dagrun for example_xcom_args_with_operators to None, run_after=None
[2026-08-04T08:48:02.722+0000] {processor.py:183} INFO - Processing /home/airflow/.local/lib/python3.12/site-packages/airflow/example_dags/example_xcomargs.py took 0.552 seconds
[2026-08-04T08:48:40.249+0000] {processor.py:161} INFO - Started process (PID=6733) to work on /home/airflow/.local/lib/python3.12/site-packages/airflow/example_dags/example_xcomargs.py
[2026-08-04T08:48:40.261+0000] {processor.py:830} INFO - Processing file /home/airflow/.local/lib/python3.12/site-packages/airflow/example_dags/example_xcomargs.py for tasks to queue
[2026-08-04T08:48:40.277+0000] {logging_mixin.py:188} INFO - [2026-08-04T08:48:40.274+0000] {dagbag.py:545} INFO - Filling up the DagBag from /home/airflow/.local/lib/python3.12/site-packages/airflow/example_dags/example_xcomargs.py
[2026-08-04T08:48:40.404+0000] {processor.py:840} INFO - DAG(s) 'example_xcom_args_with_operators', 'example_xcom_args' retrieved from /home/airflow/.local/lib/python3.12/site-packages/airflow/example_dags/example_xcomargs.py
[2026-08-04T08:48:40.743+0000] {logging_mixin.py:188} INFO - [2026-08-04T08:48:40.741+0000] {dag.py:3089} INFO - Sync 2 DAGs
[2026-08-04T08:48:41.186+0000] {logging_mixin.py:188} INFO - [2026-08-04T08:48:41.160+0000] {dag.py:3947} INFO - Setting next_dagrun for example_xcom_args to None, run_after=None
[2026-08-04T08:48:41.267+0000] {logging_mixin.py:188} INFO - [2026-08-04T08:48:41.266+0000] {dag.py:3947} INFO - Setting next_dagrun for example_xcom_args_with_operators to None, run_after=None
[2026-08-04T08:48:41.378+0000] {processor.py:183} INFO - Processing /home/airflow/.local/lib/python3.12/site-packages/airflow/example_dags/example_xcomargs.py took 1.213 seconds
[2026-08-04T08:49:23.585+0000] {processor.py:161} INFO - Started process (PID=6806) to work on /home/airflow/.local/lib/python3.12/site-packages/airflow/example_dags/example_xcomargs.py
[2026-08-04T08:49:23.612+0000] {processor.py:830} INFO - Processing file /home/airflow/.local/lib/python3.12/site-packages/airflow/example_dags/example_xcomargs.py for tasks to queue
[2026-08-04T08:49:23.652+0000] {logging_mixin.py:188} INFO - [2026-08-04T08:49:23.646+0000] {dagbag.py:545} INFO - Filling up the DagBag from /home/airflow/.local/lib/python3.12/site-packages/airflow/example_dags/example_xcomargs.py
[2026-08-04T08:49:23.866+0000] {processor.py:840} INFO - DAG(s) 'example_xcom_args', 'example_xcom_args_with_operators' retrieved from /home/airflow/.local/lib/python3.12/site-packages/airflow/example_dags/example_xcomargs.py
[2026-08-04T08:49:24.385+0000] {logging_mixin.py:188} INFO - [2026-08-04T08:49:24.384+0000] {dag.py:3089} INFO - Sync 2 DAGs
[2026-08-04T08:49:24.518+0000] {logging_mixin.py:188} INFO - [2026-08-04T08:49:24.517+0000] {dag.py:3947} INFO - Setting next_dagrun for example_xcom_args to None, run_after=None
[2026-08-04T08:49:24.574+0000] {logging_mixin.py:188} INFO - [2026-08-04T08:49:24.574+0000] {dag.py:3947} INFO - Setting next_dagrun for example_xcom_args_with_operators to None, run_after=None
[2026-08-04T08:49:24.762+0000] {processor.py:183} INFO - Processing /home/airflow/.local/lib/python3.12/site-packages/airflow/example_dags/example_xcomargs.py took 1.280 seconds
[2026-08-04T08:50:00.889+0000] {processor.py:161} INFO - Started process (PID=6877) to work on /home/airflow/.local/lib/python3.12/site-packages/airflow/example_dags/example_xcomargs.py
[2026-08-04T08:50:00.935+0000] {processor.py:830} INFO - Processing file /home/airflow/.local/lib/python3.12/site-packages/airflow/example_dags/example_xcomargs.py for tasks to queue
[2026-08-04T08:50:00.981+0000] {logging_mixin.py:188} INFO - [2026-08-04T08:50:00.978+0000] {dagbag.py:545} INFO - Filling up the DagBag from /home/airflow/.local/lib/python3.12/site-packages/airflow/example_dags/example_xcomargs.py
[2026-08-04T08:50:01.200+0000] {processor.py:840} INFO - DAG(s) 'example_xcom_args_with_operators', 'example_xcom_args' retrieved from /home/airflow/.local/lib/python3.12/site-packages/airflow/example_dags/example_xcomargs.py
[2026-08-04T08:50:01.712+0000] {logging_mixin.py:188} INFO - [2026-08-04T08:50:01.711+0000] {dag.py:3089} INFO - Sync 2 DAGs
[2026-08-04T08:50:02.009+0000] {logging_mixin.py:188} INFO - [2026-08-04T08:50:02.008+0000] {dag.py:3947} INFO - Setting next_dagrun for example_xcom_args to None, run_after=None
[2026-08-04T08:50:02.032+0000] {logging_mixin.py:188} INFO - [2026-08-04T08:50:02.031+0000] {dag.py:3947} INFO - Setting next_dagrun for example_xcom_args_with_operators to None, run_after=None
[2026-08-04T08:50:02.081+0000] {processor.py:183} INFO - Processing /home/airflow/.local/lib/python3.12/site-packages/airflow/example_dags/example_xcomargs.py took 1.231 seconds
[2026-08-04T08:50:40.587+0000] {processor.py:161} INFO - Started process (PID=6951) to work on /home/airflow/.local/lib/python3.12/site-packages/airflow/example_dags/example_xcomargs.py
[2026-08-04T08:50:40.638+0000] {processor.py:830} INFO - Processing file /home/airflow/.local/lib/python3.12/site-packages/airflow/example_dags/example_xcomargs.py for tasks to queue
[2026-08-04T08:50:40.694+0000] {logging_mixin.py:188} INFO - [2026-08-04T08:50:40.682+0000] {dagbag.py:545} INFO - Filling up the DagBag from /home/airflow/.local/lib/python3.12/site-packages/airflow/example_dags/example_xcomargs.py
[2026-08-04T08:50:40.875+0000] {processor.py:840} INFO - DAG(s) 'example_xcom_args_with_operators', 'example_xcom_args' retrieved from /home/airflow/.local/lib/python3.12/site-packages/airflow/example_dags/example_xcomargs.py
[2026-08-04T08:50:41.241+0000] {logging_mixin.py:188} INFO - [2026-08-04T08:50:41.240+0000] {dag.py:3089} INFO - Sync 2 DAGs
[2026-08-04T08:50:41.373+0000] {logging_mixin.py:188} INFO - [2026-08-04T08:50:41.372+0000] {dag.py:3947} INFO - Setting next_dagrun for example_xcom_args to None, run_after=None
[2026-08-04T08:50:41.394+0000] {logging_mixin.py:188} INFO - [2026-08-04T08:50:41.393+0000] {dag.py:3947} INFO - Setting next_dagrun for example_xcom_args_with_operators to None, run_after=None
[2026-08-04T08:50:41.785+0000] {processor.py:183} INFO - Processing /home/airflow/.local/lib/python3.12/site-packages/airflow/example_dags/example_xcomargs.py took 1.300 seconds
[2026-08-04T08:51:13.791+0000] {processor.py:161} INFO - Started process (PID=7024) to work on /home/airflow/.local/lib/python3.12/site-packages/airflow/example_dags/example_xcomargs.py
[2026-08-04T08:51:13.798+0000] {processor.py:830} INFO - Processing file /home/airflow/.local/lib/python3.12/site-packages/airflow/example_dags/example_xcomargs.py for tasks to queue
[2026-08-04T08:51:13.814+0000] {logging_mixin.py:188} INFO - [2026-08-04T08:51:13.813+0000] {dagbag.py:545} INFO - Filling up the DagBag from /home/airflow/.local/lib/python3.12/site-packages/airflow/example_dags/example_xcomargs.py
[2026-08-04T08:51:13.850+0000] {processor.py:840} INFO - DAG(s) 'example_xcom_args_with_operators', 'example_xcom_args' retrieved from /home/airflow/.local/lib/python3.12/site-packages/airflow/example_dags/example_xcomargs.py
[2026-08-04T08:51:13.943+0000] {logging_mixin.py:188} INFO - [2026-08-04T08:51:13.942+0000] {dag.py:3089} INFO - Sync 2 DAGs
[2026-08-04T08:51:13.993+0000] {logging_mixin.py:188} INFO - [2026-08-04T08:51:13.992+0000] {dag.py:3947} INFO - Setting next_dagrun for example_xcom_args to None, run_after=None
[2026-08-04T08:51:14.010+0000] {logging_mixin.py:188} INFO - [2026-08-04T08:51:14.009+0000] {dag.py:3947} INFO - Setting next_dagrun for example_xcom_args_with_operators to None, run_after=None
[2026-08-04T08:51:14.096+0000] {processor.py:183} INFO - Processing /home/airflow/.local/lib/python3.12/site-packages/airflow/example_dags/example_xcomargs.py took 0.328 seconds
[2026-08-04T08:52:00.154+0000] {processor.py:161} INFO - Started process (PID=7102) to work on /home/airflow/.local/lib/python3.12/site-packages/airflow/example_dags/example_xcomargs.py
[2026-08-04T08:52:00.159+0000] {processor.py:830} INFO - Processing file /home/airflow/.local/lib/python3.12/site-packages/airflow/example_dags/example_xcomargs.py for tasks to queue
[2026-08-04T08:52:00.173+0000] {logging_mixin.py:188} INFO - [2026-08-04T08:52:00.169+0000] {dagbag.py:545} INFO - Filling up the DagBag from /home/airflow/.local/lib/python3.12/site-packages/airflow/example_dags/example_xcomargs.py
[2026-08-04T08:52:00.223+0000] {processor.py:840} INFO - DAG(s) 'example_xcom_args_with_operators', 'example_xcom_args' retrieved from /home/airflow/.local/lib/python3.12/site-packages/airflow/example_dags/example_xcomargs.py
[2026-08-04T08:52:00.456+0000] {logging_mixin.py:188} INFO - [2026-08-04T08:52:00.453+0000] {dag.py:3089} INFO - Sync 2 DAGs
[2026-08-04T08:52:00.557+0000] {logging_mixin.py:188} INFO - [2026-08-04T08:52:00.556+0000] {dag.py:3947} INFO - Setting next_dagrun for example_xcom_args to None, run_after=None
[2026-08-04T08:52:00.574+0000] {logging_mixin.py:188} INFO - [2026-08-04T08:52:00.573+0000] {dag.py:3947} INFO - Setting next_dagrun for example_xcom_args_with_operators to None, run_after=None
[2026-08-04T08:52:00.687+0000] {processor.py:183} INFO - Processing /home/airflow/.local/lib/python3.12/site-packages/airflow/example_dags/example_xcomargs.py took 0.559 seconds
[2026-08-04T08:52:39.996+0000] {processor.py:161} INFO - Started process (PID=7175) to work on /home/airflow/.local/lib/python3.12/site-packages/airflow/example_dags/example_xcomargs.py
[2026-08-04T08:52:40.006+0000] {processor.py:830} INFO - Processing file /home/airflow/.local/lib/python3.12/site-packages/airflow/example_dags/example_xcomargs.py for tasks to queue
[2026-08-04T08:52:40.018+0000] {logging_mixin.py:188} INFO - [2026-08-04T08:52:40.017+0000] {dagbag.py:545} INFO - Filling up the DagBag from /home/airflow/.local/lib/python3.12/site-packages/airflow/example_dags/example_xcomargs.py
[2026-08-04T08:52:40.101+0000] {processor.py:840} INFO - DAG(s) 'example_xcom_args_with_operators', 'example_xcom_args' retrieved from /home/airflow/.local/lib/python3.12/site-packages/airflow/example_dags/example_xcomargs.py
[2026-08-04T08:52:40.282+0000] {logging_mixin.py:188} INFO - [2026-08-04T08:52:40.281+0000] {dag.py:3089} INFO - Sync 2 DAGs
[2026-08-04T08:52:40.448+0000] {logging_mixin.py:188} INFO - [2026-08-04T08:52:40.442+0000] {dag.py:3947} INFO - Setting next_dagrun for example_xcom_args to None, run_after=None
[2026-08-04T08:52:40.475+0000] {logging_mixin.py:188} INFO - [2026-08-04T08:52:40.475+0000] {dag.py:3947} INFO - Setting next_dagrun for example_xcom_args_with_operators to None, run_after=None
[2026-08-04T08:52:40.536+0000] {processor.py:183} INFO - Processing /home/airflow/.local/lib/python3.12/site-packages/airflow/example_dags/example_xcomargs.py took 0.650 seconds
[2026-08-04T08:53:19.157+0000] {processor.py:161} INFO - Started process (PID=7253) to work on /home/airflow/.local/lib/python3.12/site-packages/airflow/example_dags/example_xcomargs.py
[2026-08-04T08:53:19.163+0000] {processor.py:830} INFO - Processing file /home/airflow/.local/lib/python3.12/site-packages/airflow/example_dags/example_xcomargs.py for tasks to queue
[2026-08-04T08:53:19.187+0000] {logging_mixin.py:188} INFO - [2026-08-04T08:53:19.186+0000] {dagbag.py:545} INFO - Filling up the DagBag from /home/airflow/.local/lib/python3.12/site-packages/airflow/example_dags/example_xcomargs.py
[2026-08-04T08:53:19.240+0000] {processor.py:840} INFO - DAG(s) 'example_xcom_args', 'example_xcom_args_with_operators' retrieved from /home/airflow/.local/lib/python3.12/site-packages/airflow/example_dags/example_xcomargs.py
[2026-08-04T08:53:19.388+0000] {logging_mixin.py:188} INFO - [2026-08-04T08:53:19.387+0000] {dag.py:3089} INFO - Sync 2 DAGs
[2026-08-04T08:53:19.563+0000] {logging_mixin.py:188} INFO - [2026-08-04T08:53:19.561+0000] {dag.py:3947} INFO - Setting next_dagrun for example_xcom_args to None, run_after=None
[2026-08-04T08:53:19.623+0000] {logging_mixin.py:188} INFO - [2026-08-04T08:53:19.623+0000] {dag.py:3947} INFO - Setting next_dagrun for example_xcom_args_with_operators to None, run_after=None
[2026-08-04T08:53:19.727+0000] {processor.py:183} INFO - Processing /home/airflow/.local/lib/python3.12/site-packages/airflow/example_dags/example_xcomargs.py took 0.606 seconds
[2026-08-04T08:53:56.563+0000] {processor.py:161} INFO - Started process (PID=7322) to work on /home/airflow/.local/lib/python3.12/site-packages/airflow/example_dags/example_xcomargs.py
[2026-08-04T08:53:56.567+0000] {processor.py:830} INFO - Processing file /home/airflow/.local/lib/python3.12/site-packages/airflow/example_dags/example_xcomargs.py for tasks to queue
[2026-08-04T08:53:56.574+0000] {logging_mixin.py:188} INFO - [2026-08-04T08:53:56.573+0000] {dagbag.py:545} INFO - Filling up the DagBag from /home/airflow/.local/lib/python3.12/site-packages/airflow/example_dags/example_xcomargs.py
[2026-08-04T08:53:56.608+0000] {processor.py:840} INFO - DAG(s) 'example_xcom_args', 'example_xcom_args_with_operators' retrieved from /home/airflow/.local/lib/python3.12/site-packages/airflow/example_dags/example_xcomargs.py
[2026-08-04T08:53:56.678+0000] {logging_mixin.py:188} INFO - [2026-08-04T08:53:56.677+0000] {dag.py:3089} INFO - Sync 2 DAGs
[2026-08-04T08:53:56.718+0000] {logging_mixin.py:188} INFO - [2026-08-04T08:53:56.717+0000] {dag.py:3947} INFO - Setting next_dagrun for example_xcom_args to None, run_after=None
[2026-08-04T08:53:56.737+0000] {logging_mixin.py:188} INFO - [2026-08-04T08:53:56.736+0000] {dag.py:3947} INFO - Setting next_dagrun for example_xcom_args_with_operators to None, run_after=None
[2026-08-04T08:53:56.801+0000] {processor.py:183} INFO - Processing /home/airflow/.local/lib/python3.12/site-packages/airflow/example_dags/example_xcomargs.py took 0.255 seconds
[2026-08-04T08:54:33.804+0000] {processor.py:161} INFO - Started process (PID=7389) to work on /home/airflow/.local/lib/python3.12/site-packages/airflow/example_dags/example_xcomargs.py
[2026-08-04T08:54:33.814+0000] {processor.py:830} INFO - Processing file /home/airflow/.local/lib/python3.12/site-packages/airflow/example_dags/example_xcomargs.py for tasks to queue
[2026-08-04T08:54:33.824+0000] {logging_mixin.py:188} INFO - [2026-08-04T08:54:33.823+0000] {dagbag.py:545} INFO - Filling up the DagBag from /home/airflow/.local/lib/python3.12/site-packages/airflow/example_dags/example_xcomargs.py
[2026-08-04T08:54:33.859+0000] {processor.py:840} INFO - DAG(s) 'example_xcom_args_with_operators', 'example_xcom_args' retrieved from /home/airflow/.local/lib/python3.12/site-packages/airflow/example_dags/example_xcomargs.py
[2026-08-04T08:54:33.936+0000] {logging_mixin.py:188} INFO - [2026-08-04T08:54:33.936+0000] {dag.py:3089} INFO - Sync 2 DAGs
[2026-08-04T08:54:33.988+0000] {logging_mixin.py:188} INFO - [2026-08-04T08:54:33.987+0000] {dag.py:3947} INFO - Setting next_dagrun for example_xcom_args to None, run_after=None
[2026-08-04T08:54:34.005+0000] {logging_mixin.py:188} INFO - [2026-08-04T08:54:34.005+0000] {dag.py:3947} INFO - Setting next_dagrun for example_xcom_args_with_operators to None, run_after=None
[2026-08-04T08:54:34.073+0000] {processor.py:183} INFO - Processing /home/airflow/.local/lib/python3.12/site-packages/airflow/example_dags/example_xcomargs.py took 0.294 seconds
[2026-08-04T08:55:09.730+0000] {processor.py:161} INFO - Started process (PID=7460) to work on /home/airflow/.local/lib/python3.12/site-packages/airflow/example_dags/example_xcomargs.py
[2026-08-04T08:55:09.740+0000] {processor.py:830} INFO - Processing file /home/airflow/.local/lib/python3.12/site-packages/airflow/example_dags/example_xcomargs.py for tasks to queue
[2026-08-04T08:55:09.775+0000] {logging_mixin.py:188} INFO - [2026-08-04T08:55:09.763+0000] {dagbag.py:545} INFO - Filling up the DagBag from /home/airflow/.local/lib/python3.12/site-packages/airflow/example_dags/example_xcomargs.py
[2026-08-04T08:55:09.879+0000] {processor.py:840} INFO - DAG(s) 'example_xcom_args', 'example_xcom_args_with_operators' retrieved from /home/airflow/.local/lib/python3.12/site-packages/airflow/example_dags/example_xcomargs.py
[2026-08-04T08:55:10.050+0000] {logging_mixin.py:188} INFO - [2026-08-04T08:55:10.049+0000] {dag.py:3089} INFO - Sync 2 DAGs
[2026-08-04T08:55:10.155+0000] {logging_mixin.py:188} INFO - [2026-08-04T08:55:10.154+0000] {dag.py:3947} INFO - Setting next_dagrun for example_xcom_args to None, run_after=None
[2026-08-04T08:55:10.189+0000] {logging_mixin.py:188} INFO - [2026-08-04T08:55:10.187+0000] {dag.py:3947} INFO - Setting next_dagrun for example_xcom_args_with_operators to None, run_after=None
[2026-08-04T08:55:10.308+0000] {processor.py:183} INFO - Processing /home/airflow/.local/lib/python3.12/site-packages/airflow/example_dags/example_xcomargs.py took 0.640 seconds
[2026-08-04T08:55:44.153+0000] {processor.py:161} INFO - Started process (PID=7535) to work on /home/airflow/.local/lib/python3.12/site-packages/airflow/example_dags/example_xcomargs.py
[2026-08-04T08:55:44.157+0000] {processor.py:830} INFO - Processing file /home/airflow/.local/lib/python3.12/site-packages/airflow/example_dags/example_xcomargs.py for tasks to queue
[2026-08-04T08:55:44.177+0000] {logging_mixin.py:188} INFO - [2026-08-04T08:55:44.176+0000] {dagbag.py:545} INFO - Filling up the DagBag from /home/airflow/.local/lib/python3.12/site-packages/airflow/example_dags/example_xcomargs.py
[2026-08-04T08:55:44.339+0000] {processor.py:840} INFO - DAG(s) 'example_xcom_args_with_operators', 'example_xcom_args' retrieved from /home/airflow/.local/lib/python3.12/site-packages/airflow/example_dags/example_xcomargs.py
[2026-08-04T08:55:44.778+0000] {logging_mixin.py:188} INFO - [2026-08-04T08:55:44.777+0000] {dag.py:3089} INFO - Sync 2 DAGs
[2026-08-04T08:55:45.061+0000] {logging_mixin.py:188} INFO - [2026-08-04T08:55:45.001+0000] {dag.py:3947} INFO - Setting next_dagrun for example_xcom_args to None, run_after=None
[2026-08-04T08:55:45.084+0000] {logging_mixin.py:188} INFO - [2026-08-04T08:55:45.083+0000] {dag.py:3947} INFO - Setting next_dagrun for example_xcom_args_with_operators to None, run_after=None
[2026-08-04T08:55:45.304+0000] {processor.py:183} INFO - Processing /home/airflow/.local/lib/python3.12/site-packages/airflow/example_dags/example_xcomargs.py took 1.222 seconds
[2026-08-04T08:56:20.105+0000] {processor.py:161} INFO - Started process (PID=7608) to work on /home/airflow/.local/lib/python3.12/site-packages/airflow/example_dags/example_xcomargs.py
[2026-08-04T08:56:20.113+0000] {processor.py:830} INFO - Processing file /home/airflow/.local/lib/python3.12/site-packages/airflow/example_dags/example_xcomargs.py for tasks to queue
[2026-08-04T08:56:20.121+0000] {logging_mixin.py:188} INFO - [2026-08-04T08:56:20.121+0000] {dagbag.py:545} INFO - Filling up the DagBag from /home/airflow/.local/lib/python3.12/site-packages/airflow/example_dags/example_xcomargs.py
[2026-08-04T08:56:20.210+0000] {processor.py:840} INFO - DAG(s) 'example_xcom_args_with_operators', 'example_xcom_args' retrieved from /home/airflow/.local/lib/python3.12/site-packages/airflow/example_dags/example_xcomargs.py
[2026-08-04T08:56:20.380+0000] {logging_mixin.py:188} INFO - [2026-08-04T08:56:20.379+0000] {dag.py:3089} INFO - Sync 2 DAGs
[2026-08-04T08:56:20.438+0000] {logging_mixin.py:188} INFO - [2026-08-04T08:56:20.437+0000] {dag.py:3947} INFO - Setting next_dagrun for example_xcom_args to None, run_after=None
[2026-08-04T08:56:20.455+0000] {logging_mixin.py:188} INFO - [2026-08-04T08:56:20.454+0000] {dag.py:3947} INFO - Setting next_dagrun for example_xcom_args_with_operators to None, run_after=None
[2026-08-04T08:56:20.573+0000] {processor.py:183} INFO - Processing /home/airflow/.local/lib/python3.12/site-packages/airflow/example_dags/example_xcomargs.py took 0.496 seconds
[2026-08-04T08:56:55.872+0000] {processor.py:161} INFO - Started process (PID=7672) to work on /home/airflow/.local/lib/python3.12/site-packages/airflow/example_dags/example_xcomargs.py
[2026-08-04T08:56:55.879+0000] {processor.py:830} INFO - Processing file /home/airflow/.local/lib/python3.12/site-packages/airflow/example_dags/example_xcomargs.py for tasks to queue
[2026-08-04T08:56:55.902+0000] {logging_mixin.py:188} INFO - [2026-08-04T08:56:55.901+0000] {dagbag.py:545} INFO - Filling up the DagBag from /home/airflow/.local/lib/python3.12/site-packages/airflow/example_dags/example_xcomargs.py
[2026-08-04T08:56:55.989+0000] {processor.py:840} INFO - DAG(s) 'example_xcom_args', 'example_xcom_args_with_operators' retrieved from /home/airflow/.local/lib/python3.12/site-packages/airflow/example_dags/example_xcomargs.py
[2026-08-04T08:56:56.092+0000] {logging_mixin.py:188} INFO - [2026-08-04T08:56:56.091+0000] {dag.py:3089} INFO - Sync 2 DAGs
[2026-08-04T08:56:56.195+0000] {logging_mixin.py:188} INFO - [2026-08-04T08:56:56.194+0000] {dag.py:3947} INFO - Setting next_dagrun for example_xcom_args to None, run_after=None
[2026-08-04T08:56:56.228+0000] {logging_mixin.py:188} INFO - [2026-08-04T08:56:56.228+0000] {dag.py:3947} INFO - Setting next_dagrun for example_xcom_args_with_operators to None, run_after=None
[2026-08-04T08:56:56.477+0000] {processor.py:183} INFO - Processing /home/airflow/.local/lib/python3.12/site-packages/airflow/example_dags/example_xcomargs.py took 0.632 seconds
[2026-08-04T08:57:36.414+0000] {processor.py:161} INFO - Started process (PID=7748) to work on /home/airflow/.local/lib/python3.12/site-packages/airflow/example_dags/example_xcomargs.py
[2026-08-04T08:57:36.434+0000] {processor.py:830} INFO - Processing file /home/airflow/.local/lib/python3.12/site-packages/airflow/example_dags/example_xcomargs.py for tasks to queue
[2026-08-04T08:57:36.506+0000] {logging_mixin.py:188} INFO - [2026-08-04T08:57:36.499+0000] {dagbag.py:545} INFO - Filling up the DagBag from /home/airflow/.local/lib/python3.12/site-packages/airflow/example_dags/example_xcomargs.py
[2026-08-04T08:57:36.570+0000] {processor.py:840} INFO - DAG(s) 'example_xcom_args_with_operators', 'example_xcom_args' retrieved from /home/airflow/.local/lib/python3.12/site-packages/airflow/example_dags/example_xcomargs.py
[2026-08-04T08:57:36.716+0000] {logging_mixin.py:188} INFO - [2026-08-04T08:57:36.716+0000] {dag.py:3089} INFO - Sync 2 DAGs
[2026-08-04T08:57:36.827+0000] {logging_mixin.py:188} INFO - [2026-08-04T08:57:36.816+0000] {dag.py:3947} INFO - Setting next_dagrun for example_xcom_args to None, run_after=None
[2026-08-04T08:57:36.857+0000] {logging_mixin.py:188} INFO - [2026-08-04T08:57:36.857+0000] {dag.py:3947} INFO - Setting next_dagrun for example_xcom_args_with_operators to None, run_after=None
[2026-08-04T08:57:37.016+0000] {processor.py:183} INFO - Processing /home/airflow/.local/lib/python3.12/site-packages/airflow/example_dags/example_xcomargs.py took 0.638 seconds
[2026-08-04T08:58:14.060+0000] {processor.py:161} INFO - Started process (PID=7824) to work on /home/airflow/.local/lib/python3.12/site-packages/airflow/example_dags/example_xcomargs.py
[2026-08-04T08:58:14.068+0000] {processor.py:830} INFO - Processing file /home/airflow/.local/lib/python3.12/site-packages/airflow/example_dags/example_xcomargs.py for tasks to queue
[2026-08-04T08:58:14.121+0000] {logging_mixin.py:188} INFO - [2026-08-04T08:58:14.120+0000] {dagbag.py:545} INFO - Filling up the DagBag from /home/airflow/.local/lib/python3.12/site-packages/airflow/example_dags/example_xcomargs.py
[2026-08-04T08:58:14.235+0000] {processor.py:840} INFO - DAG(s) 'example_xcom_args', 'example_xcom_args_with_operators' retrieved from /home/airflow/.local/lib/python3.12/site-packages/airflow/example_dags/example_xcomargs.py
[2026-08-04T08:58:14.311+0000] {logging_mixin.py:188} INFO - [2026-08-04T08:58:14.311+0000] {dag.py:3089} INFO - Sync 2 DAGs
[2026-08-04T08:58:14.361+0000] {logging_mixin.py:188} INFO - [2026-08-04T08:58:14.360+0000] {dag.py:3947} INFO - Setting next_dagrun for example_xcom_args to None, run_after=None
[2026-08-04T08:58:14.387+0000] {logging_mixin.py:188} INFO - [2026-08-04T08:58:14.387+0000] {dag.py:3947} INFO - Setting next_dagrun for example_xcom_args_with_operators to None, run_after=None
[2026-08-04T08:58:14.454+0000] {processor.py:183} INFO - Processing /home/airflow/.local/lib/python3.12/site-packages/airflow/example_dags/example_xcomargs.py took 0.422 seconds
[2026-08-04T08:58:49.493+0000] {processor.py:161} INFO - Started process (PID=7901) to work on /home/airflow/.local/lib/python3.12/site-packages/airflow/example_dags/example_xcomargs.py
[2026-08-04T08:58:49.523+0000] {processor.py:830} INFO - Processing file /home/airflow/.local/lib/python3.12/site-packages/airflow/example_dags/example_xcomargs.py for tasks to queue
[2026-08-04T08:58:49.543+0000] {logging_mixin.py:188} INFO - [2026-08-04T08:58:49.540+0000] {dagbag.py:545} INFO - Filling up the DagBag from /home/airflow/.local/lib/python3.12/site-packages/airflow/example_dags/example_xcomargs.py
[2026-08-04T08:58:49.616+0000] {processor.py:840} INFO - DAG(s) 'example_xcom_args_with_operators', 'example_xcom_args' retrieved from /home/airflow/.local/lib/python3.12/site-packages/airflow/example_dags/example_xcomargs.py
[2026-08-04T08:58:49.826+0000] {logging_mixin.py:188} INFO - [2026-08-04T08:58:49.825+0000] {dag.py:3089} INFO - Sync 2 DAGs
[2026-08-04T08:58:50.019+0000] {logging_mixin.py:188} INFO - [2026-08-04T08:58:50.018+0000] {dag.py:3947} INFO - Setting next_dagrun for example_xcom_args to None, run_after=None
[2026-08-04T08:58:50.081+0000] {logging_mixin.py:188} INFO - [2026-08-04T08:58:50.080+0000] {dag.py:3947} INFO - Setting next_dagrun for example_xcom_args_with_operators to None, run_after=None
[2026-08-04T08:58:50.229+0000] {processor.py:183} INFO - Processing /home/airflow/.local/lib/python3.12/site-packages/airflow/example_dags/example_xcomargs.py took 0.810 seconds
[2026-08-04T08:59:25.320+0000] {processor.py:161} INFO - Started process (PID=7975) to work on /home/airflow/.local/lib/python3.12/site-packages/airflow/example_dags/example_xcomargs.py
[2026-08-04T08:59:25.327+0000] {processor.py:830} INFO - Processing file /home/airflow/.local/lib/python3.12/site-packages/airflow/example_dags/example_xcomargs.py for tasks to queue
[2026-08-04T08:59:25.334+0000] {logging_mixin.py:188} INFO - [2026-08-04T08:59:25.333+0000] {dagbag.py:545} INFO - Filling up the DagBag from /home/airflow/.local/lib/python3.12/site-packages/airflow/example_dags/example_xcomargs.py
[2026-08-04T08:59:25.419+0000] {processor.py:840} INFO - DAG(s) 'example_xcom_args', 'example_xcom_args_with_operators' retrieved from /home/airflow/.local/lib/python3.12/site-packages/airflow/example_dags/example_xcomargs.py
[2026-08-04T08:59:25.710+0000] {logging_mixin.py:188} INFO - [2026-08-04T08:59:25.708+0000] {dag.py:3089} INFO - Sync 2 DAGs
[2026-08-04T08:59:25.770+0000] {logging_mixin.py:188} INFO - [2026-08-04T08:59:25.769+0000] {dag.py:3947} INFO - Setting next_dagrun for example_xcom_args to None, run_after=None
[2026-08-04T08:59:25.785+0000] {logging_mixin.py:188} INFO - [2026-08-04T08:59:25.784+0000] {dag.py:3947} INFO - Setting next_dagrun for example_xcom_args_with_operators to None, run_after=None
[2026-08-04T08:59:25.857+0000] {processor.py:183} INFO - Processing /home/airflow/.local/lib/python3.12/site-packages/airflow/example_dags/example_xcomargs.py took 0.587 seconds
[2026-08-04T09:00:03.166+0000] {processor.py:161} INFO - Started process (PID=8048) to work on /home/airflow/.local/lib/python3.12/site-packages/airflow/example_dags/example_xcomargs.py
[2026-08-04T09:00:03.179+0000] {processor.py:830} INFO - Processing file /home/airflow/.local/lib/python3.12/site-packages/airflow/example_dags/example_xcomargs.py for tasks to queue
[2026-08-04T09:00:03.200+0000] {logging_mixin.py:188} INFO - [2026-08-04T09:00:03.198+0000] {dagbag.py:545} INFO - Filling up the DagBag from /home/airflow/.local/lib/python3.12/site-packages/airflow/example_dags/example_xcomargs.py
[2026-08-04T09:00:03.258+0000] {processor.py:840} INFO - DAG(s) 'example_xcom_args_with_operators', 'example_xcom_args' retrieved from /home/airflow/.local/lib/python3.12/site-packages/airflow/example_dags/example_xcomargs.py
[2026-08-04T09:00:03.410+0000] {logging_mixin.py:188} INFO - [2026-08-04T09:00:03.409+0000] {dag.py:3089} INFO - Sync 2 DAGs
[2026-08-04T09:00:03.468+0000] {logging_mixin.py:188} INFO - [2026-08-04T09:00:03.466+0000] {dag.py:3947} INFO - Setting next_dagrun for example_xcom_args to None, run_after=None
[2026-08-04T09:00:03.498+0000] {logging_mixin.py:188} INFO - [2026-08-04T09:00:03.497+0000] {dag.py:3947} INFO - Setting next_dagrun for example_xcom_args_with_operators to None, run_after=None
[2026-08-04T09:00:03.583+0000] {processor.py:183} INFO - Processing /home/airflow/.local/lib/python3.12/site-packages/airflow/example_dags/example_xcomargs.py took 0.456 seconds
[2026-08-04T09:00:45.004+0000] {processor.py:161} INFO - Started process (PID=8123) to work on /home/airflow/.local/lib/python3.12/site-packages/airflow/example_dags/example_xcomargs.py
[2026-08-04T09:00:45.007+0000] {processor.py:830} INFO - Processing file /home/airflow/.local/lib/python3.12/site-packages/airflow/example_dags/example_xcomargs.py for tasks to queue
[2026-08-04T09:00:45.017+0000] {logging_mixin.py:188} INFO - [2026-08-04T09:00:45.016+0000] {dagbag.py:545} INFO - Filling up the DagBag from /home/airflow/.local/lib/python3.12/site-packages/airflow/example_dags/example_xcomargs.py
[2026-08-04T09:00:45.039+0000] {processor.py:840} INFO - DAG(s) 'example_xcom_args', 'example_xcom_args_with_operators' retrieved from /home/airflow/.local/lib/python3.12/site-packages/airflow/example_dags/example_xcomargs.py
[2026-08-04T09:00:45.098+0000] {logging_mixin.py:188} INFO - [2026-08-04T09:00:45.097+0000] {dag.py:3089} INFO - Sync 2 DAGs
[2026-08-04T09:00:45.141+0000] {logging_mixin.py:188} INFO - [2026-08-04T09:00:45.140+0000] {dag.py:3947} INFO - Setting next_dagrun for example_xcom_args to None, run_after=None
[2026-08-04T09:00:45.153+0000] {logging_mixin.py:188} INFO - [2026-08-04T09:00:45.152+0000] {dag.py:3947} INFO - Setting next_dagrun for example_xcom_args_with_operators to None, run_after=None
[2026-08-04T09:00:45.216+0000] {processor.py:183} INFO - Processing /home/airflow/.local/lib/python3.12/site-packages/airflow/example_dags/example_xcomargs.py took 0.227 seconds
[2026-08-04T09:01:29.114+0000] {processor.py:161} INFO - Started process (PID=8196) to work on /home/airflow/.local/lib/python3.12/site-packages/airflow/example_dags/example_xcomargs.py
[2026-08-04T09:01:29.124+0000] {processor.py:830} INFO - Processing file /home/airflow/.local/lib/python3.12/site-packages/airflow/example_dags/example_xcomargs.py for tasks to queue
[2026-08-04T09:01:29.144+0000] {logging_mixin.py:188} INFO - [2026-08-04T09:01:29.143+0000] {dagbag.py:545} INFO - Filling up the DagBag from /home/airflow/.local/lib/python3.12/site-packages/airflow/example_dags/example_xcomargs.py
[2026-08-04T09:01:29.190+0000] {processor.py:840} INFO - DAG(s) 'example_xcom_args', 'example_xcom_args_with_operators' retrieved from /home/airflow/.local/lib/python3.12/site-packages/airflow/example_dags/example_xcomargs.py
[2026-08-04T09:01:29.278+0000] {logging_mixin.py:188} INFO - [2026-08-04T09:01:29.278+0000] {dag.py:3089} INFO - Sync 2 DAGs
[2026-08-04T09:01:29.369+0000] {logging_mixin.py:188} INFO - [2026-08-04T09:01:29.368+0000] {dag.py:3947} INFO - Setting next_dagrun for example_xcom_args to None, run_after=None
[2026-08-04T09:01:29.383+0000] {logging_mixin.py:188} INFO - [2026-08-04T09:01:29.382+0000] {dag.py:3947} INFO - Setting next_dagrun for example_xcom_args_with_operators to None, run_after=None
[2026-08-04T09:01:29.534+0000] {processor.py:183} INFO - Processing /home/airflow/.local/lib/python3.12/site-packages/airflow/example_dags/example_xcomargs.py took 0.452 seconds
[2026-08-04T09:02:17.641+0000] {processor.py:161} INFO - Started process (PID=8276) to work on /home/airflow/.local/lib/python3.12/site-packages/airflow/example_dags/example_xcomargs.py
[2026-08-04T09:02:17.650+0000] {processor.py:830} INFO - Processing file /home/airflow/.local/lib/python3.12/site-packages/airflow/example_dags/example_xcomargs.py for tasks to queue
[2026-08-04T09:02:17.679+0000] {logging_mixin.py:188} INFO - [2026-08-04T09:02:17.660+0000] {dagbag.py:545} INFO - Filling up the DagBag from /home/airflow/.local/lib/python3.12/site-packages/airflow/example_dags/example_xcomargs.py
[2026-08-04T09:02:17.906+0000] {processor.py:840} INFO - DAG(s) 'example_xcom_args', 'example_xcom_args_with_operators' retrieved from /home/airflow/.local/lib/python3.12/site-packages/airflow/example_dags/example_xcomargs.py
[2026-08-04T09:02:18.211+0000] {logging_mixin.py:188} INFO - [2026-08-04T09:02:18.210+0000] {dag.py:3089} INFO - Sync 2 DAGs
[2026-08-04T09:02:19.202+0000] {logging_mixin.py:188} INFO - [2026-08-04T09:02:19.201+0000] {dag.py:3947} INFO - Setting next_dagrun for example_xcom_args to None, run_after=None
[2026-08-04T09:02:19.253+0000] {logging_mixin.py:188} INFO - [2026-08-04T09:02:19.249+0000] {dag.py:3947} INFO - Setting next_dagrun for example_xcom_args_with_operators to None, run_after=None
[2026-08-04T09:02:19.438+0000] {processor.py:183} INFO - Processing /home/airflow/.local/lib/python3.12/site-packages/airflow/example_dags/example_xcomargs.py took 1.905 seconds
[2026-08-04T18:27:15.240+0000] {processor.py:161} INFO - Started process (PID=149) to work on /home/airflow/.local/lib/python3.12/site-packages/airflow/example_dags/example_xcomargs.py
[2026-08-04T18:27:15.275+0000] {processor.py:830} INFO - Processing file /home/airflow/.local/lib/python3.12/site-packages/airflow/example_dags/example_xcomargs.py for tasks to queue
[2026-08-04T18:27:15.316+0000] {logging_mixin.py:188} INFO - [2026-08-04T18:27:15.315+0000] {dagbag.py:545} INFO - Filling up the DagBag from /home/airflow/.local/lib/python3.12/site-packages/airflow/example_dags/example_xcomargs.py
[2026-08-04T18:27:15.490+0000] {processor.py:840} INFO - DAG(s) 'example_xcom_args', 'example_xcom_args_with_operators' retrieved from /home/airflow/.local/lib/python3.12/site-packages/airflow/example_dags/example_xcomargs.py
[2026-08-04T18:27:15.966+0000] {logging_mixin.py:188} INFO - [2026-08-04T18:27:15.966+0000] {dag.py:3089} INFO - Sync 2 DAGs
[2026-08-04T18:27:16.051+0000] {logging_mixin.py:188} INFO - [2026-08-04T18:27:16.050+0000] {dag.py:3947} INFO - Setting next_dagrun for example_xcom_args to None, run_after=None
[2026-08-04T18:27:16.074+0000] {logging_mixin.py:188} INFO - [2026-08-04T18:27:16.074+0000] {dag.py:3947} INFO - Setting next_dagrun for example_xcom_args_with_operators to None, run_after=None
[2026-08-04T18:27:16.206+0000] {processor.py:183} INFO - Processing /home/airflow/.local/lib/python3.12/site-packages/airflow/example_dags/example_xcomargs.py took 1.220 seconds
[2026-08-04T18:28:09.006+0000] {processor.py:161} INFO - Started process (PID=229) to work on /home/airflow/.local/lib/python3.12/site-packages/airflow/example_dags/example_xcomargs.py
[2026-08-04T18:28:09.036+0000] {processor.py:830} INFO - Processing file /home/airflow/.local/lib/python3.12/site-packages/airflow/example_dags/example_xcomargs.py for tasks to queue
[2026-08-04T18:28:09.044+0000] {logging_mixin.py:188} INFO - [2026-08-04T18:28:09.043+0000] {dagbag.py:545} INFO - Filling up the DagBag from /home/airflow/.local/lib/python3.12/site-packages/airflow/example_dags/example_xcomargs.py
[2026-08-04T18:28:09.085+0000] {processor.py:840} INFO - DAG(s) 'example_xcom_args', 'example_xcom_args_with_operators' retrieved from /home/airflow/.local/lib/python3.12/site-packages/airflow/example_dags/example_xcomargs.py
[2026-08-04T18:28:09.282+0000] {logging_mixin.py:188} INFO - [2026-08-04T18:28:09.253+0000] {dag.py:3089} INFO - Sync 2 DAGs
[2026-08-04T18:28:09.623+0000] {logging_mixin.py:188} INFO - [2026-08-04T18:28:09.613+0000] {dag.py:3947} INFO - Setting next_dagrun for example_xcom_args to None, run_after=None
[2026-08-04T18:28:09.750+0000] {logging_mixin.py:188} INFO - [2026-08-04T18:28:09.750+0000] {dag.py:3947} INFO - Setting next_dagrun for example_xcom_args_with_operators to None, run_after=None
[2026-08-04T18:28:10.049+0000] {processor.py:183} INFO - Processing /home/airflow/.local/lib/python3.12/site-packages/airflow/example_dags/example_xcomargs.py took 1.129 seconds
[2026-08-04T18:28:53.193+0000] {processor.py:161} INFO - Started process (PID=302) to work on /home/airflow/.local/lib/python3.12/site-packages/airflow/example_dags/example_xcomargs.py
[2026-08-04T18:28:53.300+0000] {processor.py:830} INFO - Processing file /home/airflow/.local/lib/python3.12/site-packages/airflow/example_dags/example_xcomargs.py for tasks to queue
[2026-08-04T18:28:53.310+0000] {logging_mixin.py:188} INFO - [2026-08-04T18:28:53.309+0000] {dagbag.py:545} INFO - Filling up the DagBag from /home/airflow/.local/lib/python3.12/site-packages/airflow/example_dags/example_xcomargs.py
[2026-08-04T18:28:53.459+0000] {processor.py:840} INFO - DAG(s) 'example_xcom_args_with_operators', 'example_xcom_args' retrieved from /home/airflow/.local/lib/python3.12/site-packages/airflow/example_dags/example_xcomargs.py
[2026-08-04T18:28:53.789+0000] {logging_mixin.py:188} INFO - [2026-08-04T18:28:53.788+0000] {dag.py:3089} INFO - Sync 2 DAGs
[2026-08-04T18:28:54.013+0000] {logging_mixin.py:188} INFO - [2026-08-04T18:28:54.013+0000] {dag.py:3947} INFO - Setting next_dagrun for example_xcom_args to None, run_after=None
[2026-08-04T18:28:54.097+0000] {logging_mixin.py:188} INFO - [2026-08-04T18:28:54.097+0000] {dag.py:3947} INFO - Setting next_dagrun for example_xcom_args_with_operators to None, run_after=None
[2026-08-04T18:28:54.522+0000] {processor.py:183} INFO - Processing /home/airflow/.local/lib/python3.12/site-packages/airflow/example_dags/example_xcomargs.py took 1.428 seconds
[2026-08-04T18:56:38.995+0000] {processor.py:161} INFO - Started process (PID=123) to work on /home/airflow/.local/lib/python3.12/site-packages/airflow/example_dags/example_xcomargs.py
[2026-08-04T18:56:39.003+0000] {processor.py:830} INFO - Processing file /home/airflow/.local/lib/python3.12/site-packages/airflow/example_dags/example_xcomargs.py for tasks to queue
[2026-08-04T18:56:39.012+0000] {logging_mixin.py:188} INFO - [2026-08-04T18:56:39.011+0000] {dagbag.py:545} INFO - Filling up the DagBag from /home/airflow/.local/lib/python3.12/site-packages/airflow/example_dags/example_xcomargs.py
[2026-08-04T18:56:39.059+0000] {processor.py:840} INFO - DAG(s) 'example_xcom_args_with_operators', 'example_xcom_args' retrieved from /home/airflow/.local/lib/python3.12/site-packages/airflow/example_dags/example_xcomargs.py
[2026-08-04T18:56:39.519+0000] {logging_mixin.py:188} INFO - [2026-08-04T18:56:39.518+0000] {dag.py:3089} INFO - Sync 2 DAGs
[2026-08-04T18:56:39.554+0000] {logging_mixin.py:188} INFO - [2026-08-04T18:56:39.554+0000] {dag.py:3947} INFO - Setting next_dagrun for example_xcom_args to None, run_after=None
[2026-08-04T18:56:39.563+0000] {logging_mixin.py:188} INFO - [2026-08-04T18:56:39.562+0000] {dag.py:3947} INFO - Setting next_dagrun for example_xcom_args_with_operators to None, run_after=None
[2026-08-04T18:56:39.626+0000] {processor.py:183} INFO - Processing /home/airflow/.local/lib/python3.12/site-packages/airflow/example_dags/example_xcomargs.py took 0.648 seconds
[2026-08-04T18:57:34.231+0000] {processor.py:161} INFO - Started process (PID=201) to work on /home/airflow/.local/lib/python3.12/site-packages/airflow/example_dags/example_xcomargs.py
[2026-08-04T18:57:34.239+0000] {processor.py:830} INFO - Processing file /home/airflow/.local/lib/python3.12/site-packages/airflow/example_dags/example_xcomargs.py for tasks to queue
[2026-08-04T18:57:34.256+0000] {logging_mixin.py:188} INFO - [2026-08-04T18:57:34.253+0000] {dagbag.py:545} INFO - Filling up the DagBag from /home/airflow/.local/lib/python3.12/site-packages/airflow/example_dags/example_xcomargs.py
[2026-08-04T18:57:34.467+0000] {processor.py:840} INFO - DAG(s) 'example_xcom_args_with_operators', 'example_xcom_args' retrieved from /home/airflow/.local/lib/python3.12/site-packages/airflow/example_dags/example_xcomargs.py
[2026-08-04T18:57:34.893+0000] {logging_mixin.py:188} INFO - [2026-08-04T18:57:34.892+0000] {dag.py:3089} INFO - Sync 2 DAGs
[2026-08-04T18:57:35.049+0000] {logging_mixin.py:188} INFO - [2026-08-04T18:57:35.048+0000] {dag.py:3947} INFO - Setting next_dagrun for example_xcom_args to None, run_after=None
[2026-08-04T18:57:35.079+0000] {logging_mixin.py:188} INFO - [2026-08-04T18:57:35.078+0000] {dag.py:3947} INFO - Setting next_dagrun for example_xcom_args_with_operators to None, run_after=None
[2026-08-04T18:57:35.291+0000] {processor.py:183} INFO - Processing /home/airflow/.local/lib/python3.12/site-packages/airflow/example_dags/example_xcomargs.py took 1.186 seconds
[2026-08-04T18:58:23.373+0000] {processor.py:161} INFO - Started process (PID=272) to work on /home/airflow/.local/lib/python3.12/site-packages/airflow/example_dags/example_xcomargs.py
[2026-08-04T18:58:23.384+0000] {processor.py:830} INFO - Processing file /home/airflow/.local/lib/python3.12/site-packages/airflow/example_dags/example_xcomargs.py for tasks to queue
[2026-08-04T18:58:23.404+0000] {logging_mixin.py:188} INFO - [2026-08-04T18:58:23.400+0000] {dagbag.py:545} INFO - Filling up the DagBag from /home/airflow/.local/lib/python3.12/site-packages/airflow/example_dags/example_xcomargs.py
[2026-08-04T18:58:23.451+0000] {processor.py:840} INFO - DAG(s) 'example_xcom_args', 'example_xcom_args_with_operators' retrieved from /home/airflow/.local/lib/python3.12/site-packages/airflow/example_dags/example_xcomargs.py
[2026-08-04T18:58:23.600+0000] {logging_mixin.py:188} INFO - [2026-08-04T18:58:23.598+0000] {dag.py:3089} INFO - Sync 2 DAGs
[2026-08-04T18:58:23.666+0000] {logging_mixin.py:188} INFO - [2026-08-04T18:58:23.665+0000] {dag.py:3947} INFO - Setting next_dagrun for example_xcom_args to None, run_after=None
[2026-08-04T18:58:23.704+0000] {logging_mixin.py:188} INFO - [2026-08-04T18:58:23.695+0000] {dag.py:3947} INFO - Setting next_dagrun for example_xcom_args_with_operators to None, run_after=None
[2026-08-04T18:58:23.894+0000] {processor.py:183} INFO - Processing /home/airflow/.local/lib/python3.12/site-packages/airflow/example_dags/example_xcomargs.py took 0.569 seconds
[2026-08-04T18:59:08.786+0000] {processor.py:161} INFO - Started process (PID=354) to work on /home/airflow/.local/lib/python3.12/site-packages/airflow/example_dags/example_xcomargs.py
[2026-08-04T18:59:08.795+0000] {processor.py:830} INFO - Processing file /home/airflow/.local/lib/python3.12/site-packages/airflow/example_dags/example_xcomargs.py for tasks to queue
[2026-08-04T18:59:08.813+0000] {logging_mixin.py:188} INFO - [2026-08-04T18:59:08.811+0000] {dagbag.py:545} INFO - Filling up the DagBag from /home/airflow/.local/lib/python3.12/site-packages/airflow/example_dags/example_xcomargs.py
[2026-08-04T18:59:08.877+0000] {processor.py:840} INFO - DAG(s) 'example_xcom_args', 'example_xcom_args_with_operators' retrieved from /home/airflow/.local/lib/python3.12/site-packages/airflow/example_dags/example_xcomargs.py
[2026-08-04T18:59:09.089+0000] {logging_mixin.py:188} INFO - [2026-08-04T18:59:09.089+0000] {dag.py:3089} INFO - Sync 2 DAGs
[2026-08-04T18:59:09.155+0000] {logging_mixin.py:188} INFO - [2026-08-04T18:59:09.154+0000] {dag.py:3947} INFO - Setting next_dagrun for example_xcom_args to None, run_after=None
[2026-08-04T18:59:09.195+0000] {logging_mixin.py:188} INFO - [2026-08-04T18:59:09.193+0000] {dag.py:3947} INFO - Setting next_dagrun for example_xcom_args_with_operators to None, run_after=None
[2026-08-04T18:59:09.466+0000] {processor.py:183} INFO - Processing /home/airflow/.local/lib/python3.12/site-packages/airflow/example_dags/example_xcomargs.py took 0.700 seconds
[2026-08-04T18:59:45.011+0000] {processor.py:161} INFO - Started process (PID=419) to work on /home/airflow/.local/lib/python3.12/site-packages/airflow/example_dags/example_xcomargs.py
[2026-08-04T18:59:45.015+0000] {processor.py:830} INFO - Processing file /home/airflow/.local/lib/python3.12/site-packages/airflow/example_dags/example_xcomargs.py for tasks to queue
[2026-08-04T18:59:45.022+0000] {logging_mixin.py:188} INFO - [2026-08-04T18:59:45.021+0000] {dagbag.py:545} INFO - Filling up the DagBag from /home/airflow/.local/lib/python3.12/site-packages/airflow/example_dags/example_xcomargs.py
[2026-08-04T18:59:45.051+0000] {processor.py:840} INFO - DAG(s) 'example_xcom_args_with_operators', 'example_xcom_args' retrieved from /home/airflow/.local/lib/python3.12/site-packages/airflow/example_dags/example_xcomargs.py
[2026-08-04T18:59:45.148+0000] {logging_mixin.py:188} INFO - [2026-08-04T18:59:45.148+0000] {dag.py:3089} INFO - Sync 2 DAGs
[2026-08-04T18:59:45.207+0000] {logging_mixin.py:188} INFO - [2026-08-04T18:59:45.206+0000] {dag.py:3947} INFO - Setting next_dagrun for example_xcom_args to None, run_after=None
[2026-08-04T18:59:45.219+0000] {logging_mixin.py:188} INFO - [2026-08-04T18:59:45.219+0000] {dag.py:3947} INFO - Setting next_dagrun for example_xcom_args_with_operators to None, run_after=None
[2026-08-04T18:59:45.283+0000] {processor.py:183} INFO - Processing /home/airflow/.local/lib/python3.12/site-packages/airflow/example_dags/example_xcomargs.py took 0.292 seconds
[2026-08-04T19:00:19.912+0000] {processor.py:161} INFO - Started process (PID=492) to work on /home/airflow/.local/lib/python3.12/site-packages/airflow/example_dags/example_xcomargs.py
[2026-08-04T19:00:19.922+0000] {processor.py:830} INFO - Processing file /home/airflow/.local/lib/python3.12/site-packages/airflow/example_dags/example_xcomargs.py for tasks to queue
[2026-08-04T19:00:19.935+0000] {logging_mixin.py:188} INFO - [2026-08-04T19:00:19.934+0000] {dagbag.py:545} INFO - Filling up the DagBag from /home/airflow/.local/lib/python3.12/site-packages/airflow/example_dags/example_xcomargs.py
[2026-08-04T19:00:20.002+0000] {processor.py:840} INFO - DAG(s) 'example_xcom_args', 'example_xcom_args_with_operators' retrieved from /home/airflow/.local/lib/python3.12/site-packages/airflow/example_dags/example_xcomargs.py
[2026-08-04T19:00:20.243+0000] {logging_mixin.py:188} INFO - [2026-08-04T19:00:20.242+0000] {dag.py:3089} INFO - Sync 2 DAGs
[2026-08-04T19:00:20.359+0000] {logging_mixin.py:188} INFO - [2026-08-04T19:00:20.358+0000] {dag.py:3947} INFO - Setting next_dagrun for example_xcom_args to None, run_after=None
[2026-08-04T19:00:20.394+0000] {logging_mixin.py:188} INFO - [2026-08-04T19:00:20.393+0000] {dag.py:3947} INFO - Setting next_dagrun for example_xcom_args_with_operators to None, run_after=None
[2026-08-04T19:00:20.464+0000] {processor.py:183} INFO - Processing /home/airflow/.local/lib/python3.12/site-packages/airflow/example_dags/example_xcomargs.py took 0.606 seconds
[2026-08-04T19:01:02.678+0000] {processor.py:161} INFO - Started process (PID=565) to work on /home/airflow/.local/lib/python3.12/site-packages/airflow/example_dags/example_xcomargs.py
[2026-08-04T19:01:02.683+0000] {processor.py:830} INFO - Processing file /home/airflow/.local/lib/python3.12/site-packages/airflow/example_dags/example_xcomargs.py for tasks to queue
[2026-08-04T19:01:02.707+0000] {logging_mixin.py:188} INFO - [2026-08-04T19:01:02.706+0000] {dagbag.py:545} INFO - Filling up the DagBag from /home/airflow/.local/lib/python3.12/site-packages/airflow/example_dags/example_xcomargs.py
[2026-08-04T19:01:02.745+0000] {processor.py:840} INFO - DAG(s) 'example_xcom_args_with_operators', 'example_xcom_args' retrieved from /home/airflow/.local/lib/python3.12/site-packages/airflow/example_dags/example_xcomargs.py
[2026-08-04T19:01:02.818+0000] {logging_mixin.py:188} INFO - [2026-08-04T19:01:02.817+0000] {dag.py:3089} INFO - Sync 2 DAGs
[2026-08-04T19:01:02.857+0000] {logging_mixin.py:188} INFO - [2026-08-04T19:01:02.856+0000] {dag.py:3947} INFO - Setting next_dagrun for example_xcom_args to None, run_after=None
[2026-08-04T19:01:02.869+0000] {logging_mixin.py:188} INFO - [2026-08-04T19:01:02.868+0000] {dag.py:3947} INFO - Setting next_dagrun for example_xcom_args_with_operators to None, run_after=None
[2026-08-04T19:01:02.924+0000] {processor.py:183} INFO - Processing /home/airflow/.local/lib/python3.12/site-packages/airflow/example_dags/example_xcomargs.py took 0.267 seconds
[2026-08-04T19:01:38.896+0000] {processor.py:161} INFO - Started process (PID=638) to work on /home/airflow/.local/lib/python3.12/site-packages/airflow/example_dags/example_xcomargs.py
[2026-08-04T19:01:38.917+0000] {processor.py:830} INFO - Processing file /home/airflow/.local/lib/python3.12/site-packages/airflow/example_dags/example_xcomargs.py for tasks to queue
[2026-08-04T19:01:38.943+0000] {logging_mixin.py:188} INFO - [2026-08-04T19:01:38.942+0000] {dagbag.py:545} INFO - Filling up the DagBag from /home/airflow/.local/lib/python3.12/site-packages/airflow/example_dags/example_xcomargs.py
[2026-08-04T19:01:39.262+0000] {processor.py:840} INFO - DAG(s) 'example_xcom_args_with_operators', 'example_xcom_args' retrieved from /home/airflow/.local/lib/python3.12/site-packages/airflow/example_dags/example_xcomargs.py
[2026-08-04T19:01:39.463+0000] {logging_mixin.py:188} INFO - [2026-08-04T19:01:39.462+0000] {dag.py:3089} INFO - Sync 2 DAGs
[2026-08-04T19:01:39.651+0000] {logging_mixin.py:188} INFO - [2026-08-04T19:01:39.651+0000] {dag.py:3947} INFO - Setting next_dagrun for example_xcom_args to None, run_after=None
[2026-08-04T19:01:39.718+0000] {logging_mixin.py:188} INFO - [2026-08-04T19:01:39.717+0000] {dag.py:3947} INFO - Setting next_dagrun for example_xcom_args_with_operators to None, run_after=None
[2026-08-04T19:01:39.817+0000] {processor.py:183} INFO - Processing /home/airflow/.local/lib/python3.12/site-packages/airflow/example_dags/example_xcomargs.py took 1.085 seconds
[2026-08-04T19:02:11.118+0000] {processor.py:161} INFO - Started process (PID=712) to work on /home/airflow/.local/lib/python3.12/site-packages/airflow/example_dags/example_xcomargs.py
[2026-08-04T19:02:11.125+0000] {processor.py:830} INFO - Processing file /home/airflow/.local/lib/python3.12/site-packages/airflow/example_dags/example_xcomargs.py for tasks to queue
[2026-08-04T19:02:11.134+0000] {logging_mixin.py:188} INFO - [2026-08-04T19:02:11.133+0000] {dagbag.py:545} INFO - Filling up the DagBag from /home/airflow/.local/lib/python3.12/site-packages/airflow/example_dags/example_xcomargs.py
[2026-08-04T19:02:11.283+0000] {processor.py:840} INFO - DAG(s) 'example_xcom_args_with_operators', 'example_xcom_args' retrieved from /home/airflow/.local/lib/python3.12/site-packages/airflow/example_dags/example_xcomargs.py
[2026-08-04T19:02:11.587+0000] {logging_mixin.py:188} INFO - [2026-08-04T19:02:11.586+0000] {dag.py:3089} INFO - Sync 2 DAGs
[2026-08-04T19:02:11.707+0000] {logging_mixin.py:188} INFO - [2026-08-04T19:02:11.706+0000] {dag.py:3947} INFO - Setting next_dagrun for example_xcom_args to None, run_after=None
[2026-08-04T19:02:11.754+0000] {logging_mixin.py:188} INFO - [2026-08-04T19:02:11.754+0000] {dag.py:3947} INFO - Setting next_dagrun for example_xcom_args_with_operators to None, run_after=None
[2026-08-04T19:02:11.920+0000] {processor.py:183} INFO - Processing /home/airflow/.local/lib/python3.12/site-packages/airflow/example_dags/example_xcomargs.py took 0.815 seconds
[2026-08-04T19:02:47.039+0000] {processor.py:161} INFO - Started process (PID=778) to work on /home/airflow/.local/lib/python3.12/site-packages/airflow/example_dags/example_xcomargs.py
[2026-08-04T19:02:47.051+0000] {processor.py:830} INFO - Processing file /home/airflow/.local/lib/python3.12/site-packages/airflow/example_dags/example_xcomargs.py for tasks to queue
[2026-08-04T19:02:47.076+0000] {logging_mixin.py:188} INFO - [2026-08-04T19:02:47.075+0000] {dagbag.py:545} INFO - Filling up the DagBag from /home/airflow/.local/lib/python3.12/site-packages/airflow/example_dags/example_xcomargs.py
[2026-08-04T19:02:47.125+0000] {processor.py:840} INFO - DAG(s) 'example_xcom_args', 'example_xcom_args_with_operators' retrieved from /home/airflow/.local/lib/python3.12/site-packages/airflow/example_dags/example_xcomargs.py
[2026-08-04T19:02:47.228+0000] {logging_mixin.py:188} INFO - [2026-08-04T19:02:47.227+0000] {dag.py:3089} INFO - Sync 2 DAGs
[2026-08-04T19:02:47.280+0000] {logging_mixin.py:188} INFO - [2026-08-04T19:02:47.279+0000] {dag.py:3947} INFO - Setting next_dagrun for example_xcom_args to None, run_after=None
[2026-08-04T19:02:47.291+0000] {logging_mixin.py:188} INFO - [2026-08-04T19:02:47.290+0000] {dag.py:3947} INFO - Setting next_dagrun for example_xcom_args_with_operators to None, run_after=None
[2026-08-04T19:02:47.353+0000] {processor.py:183} INFO - Processing /home/airflow/.local/lib/python3.12/site-packages/airflow/example_dags/example_xcomargs.py took 0.333 seconds
[2026-08-04T19:03:20.508+0000] {processor.py:161} INFO - Started process (PID=849) to work on /home/airflow/.local/lib/python3.12/site-packages/airflow/example_dags/example_xcomargs.py
[2026-08-04T19:03:20.568+0000] {processor.py:830} INFO - Processing file /home/airflow/.local/lib/python3.12/site-packages/airflow/example_dags/example_xcomargs.py for tasks to queue
[2026-08-04T19:03:20.608+0000] {logging_mixin.py:188} INFO - [2026-08-04T19:03:20.607+0000] {dagbag.py:545} INFO - Filling up the DagBag from /home/airflow/.local/lib/python3.12/site-packages/airflow/example_dags/example_xcomargs.py
[2026-08-04T19:03:20.816+0000] {processor.py:840} INFO - DAG(s) 'example_xcom_args', 'example_xcom_args_with_operators' retrieved from /home/airflow/.local/lib/python3.12/site-packages/airflow/example_dags/example_xcomargs.py
[2026-08-04T19:03:20.997+0000] {logging_mixin.py:188} INFO - [2026-08-04T19:03:20.995+0000] {dag.py:3089} INFO - Sync 2 DAGs
[2026-08-04T19:03:21.073+0000] {logging_mixin.py:188} INFO - [2026-08-04T19:03:21.072+0000] {dag.py:3947} INFO - Setting next_dagrun for example_xcom_args to None, run_after=None
[2026-08-04T19:03:21.093+0000] {logging_mixin.py:188} INFO - [2026-08-04T19:03:21.092+0000] {dag.py:3947} INFO - Setting next_dagrun for example_xcom_args_with_operators to None, run_after=None
[2026-08-04T19:03:21.313+0000] {processor.py:183} INFO - Processing /home/airflow/.local/lib/python3.12/site-packages/airflow/example_dags/example_xcomargs.py took 0.906 seconds
[2026-08-04T19:03:52.192+0000] {processor.py:161} INFO - Started process (PID=919) to work on /home/airflow/.local/lib/python3.12/site-packages/airflow/example_dags/example_xcomargs.py
[2026-08-04T19:03:52.197+0000] {processor.py:830} INFO - Processing file /home/airflow/.local/lib/python3.12/site-packages/airflow/example_dags/example_xcomargs.py for tasks to queue
[2026-08-04T19:03:52.204+0000] {logging_mixin.py:188} INFO - [2026-08-04T19:03:52.203+0000] {dagbag.py:545} INFO - Filling up the DagBag from /home/airflow/.local/lib/python3.12/site-packages/airflow/example_dags/example_xcomargs.py
[2026-08-04T19:03:52.299+0000] {processor.py:840} INFO - DAG(s) 'example_xcom_args_with_operators', 'example_xcom_args' retrieved from /home/airflow/.local/lib/python3.12/site-packages/airflow/example_dags/example_xcomargs.py
[2026-08-04T19:03:52.389+0000] {logging_mixin.py:188} INFO - [2026-08-04T19:03:52.388+0000] {dag.py:3089} INFO - Sync 2 DAGs
[2026-08-04T19:03:52.453+0000] {logging_mixin.py:188} INFO - [2026-08-04T19:03:52.453+0000] {dag.py:3947} INFO - Setting next_dagrun for example_xcom_args to None, run_after=None
[2026-08-04T19:03:52.491+0000] {logging_mixin.py:188} INFO - [2026-08-04T19:03:52.490+0000] {dag.py:3947} INFO - Setting next_dagrun for example_xcom_args_with_operators to None, run_after=None
[2026-08-04T19:03:52.571+0000] {processor.py:183} INFO - Processing /home/airflow/.local/lib/python3.12/site-packages/airflow/example_dags/example_xcomargs.py took 0.460 seconds
[2026-08-04T19:04:26.028+0000] {processor.py:161} INFO - Started process (PID=980) to work on /home/airflow/.local/lib/python3.12/site-packages/airflow/example_dags/example_xcomargs.py
[2026-08-04T19:04:26.033+0000] {processor.py:830} INFO - Processing file /home/airflow/.local/lib/python3.12/site-packages/airflow/example_dags/example_xcomargs.py for tasks to queue
[2026-08-04T19:04:26.043+0000] {logging_mixin.py:188} INFO - [2026-08-04T19:04:26.042+0000] {dagbag.py:545} INFO - Filling up the DagBag from /home/airflow/.local/lib/python3.12/site-packages/airflow/example_dags/example_xcomargs.py
[2026-08-04T19:04:26.082+0000] {processor.py:840} INFO - DAG(s) 'example_xcom_args_with_operators', 'example_xcom_args' retrieved from /home/airflow/.local/lib/python3.12/site-packages/airflow/example_dags/example_xcomargs.py
[2026-08-04T19:04:26.177+0000] {logging_mixin.py:188} INFO - [2026-08-04T19:04:26.176+0000] {dag.py:3089} INFO - Sync 2 DAGs
[2026-08-04T19:04:26.245+0000] {logging_mixin.py:188} INFO - [2026-08-04T19:04:26.244+0000] {dag.py:3947} INFO - Setting next_dagrun for example_xcom_args to None, run_after=None
[2026-08-04T19:04:26.262+0000] {logging_mixin.py:188} INFO - [2026-08-04T19:04:26.262+0000] {dag.py:3947} INFO - Setting next_dagrun for example_xcom_args_with_operators to None, run_after=None
[2026-08-04T19:04:26.334+0000] {processor.py:183} INFO - Processing /home/airflow/.local/lib/python3.12/site-packages/airflow/example_dags/example_xcomargs.py took 0.333 seconds
[2026-08-04T19:05:07.842+0000] {processor.py:161} INFO - Started process (PID=1053) to work on /home/airflow/.local/lib/python3.12/site-packages/airflow/example_dags/example_xcomargs.py
[2026-08-04T19:05:07.856+0000] {processor.py:830} INFO - Processing file /home/airflow/.local/lib/python3.12/site-packages/airflow/example_dags/example_xcomargs.py for tasks to queue
[2026-08-04T19:05:07.870+0000] {logging_mixin.py:188} INFO - [2026-08-04T19:05:07.868+0000] {dagbag.py:545} INFO - Filling up the DagBag from /home/airflow/.local/lib/python3.12/site-packages/airflow/example_dags/example_xcomargs.py
[2026-08-04T19:05:07.922+0000] {processor.py:840} INFO - DAG(s) 'example_xcom_args_with_operators', 'example_xcom_args' retrieved from /home/airflow/.local/lib/python3.12/site-packages/airflow/example_dags/example_xcomargs.py
[2026-08-04T19:05:08.019+0000] {logging_mixin.py:188} INFO - [2026-08-04T19:05:08.019+0000] {dag.py:3089} INFO - Sync 2 DAGs
[2026-08-04T19:05:08.125+0000] {logging_mixin.py:188} INFO - [2026-08-04T19:05:08.112+0000] {dag.py:3947} INFO - Setting next_dagrun for example_xcom_args to None, run_after=None
[2026-08-04T19:05:08.165+0000] {logging_mixin.py:188} INFO - [2026-08-04T19:05:08.165+0000] {dag.py:3947} INFO - Setting next_dagrun for example_xcom_args_with_operators to None, run_after=None
[2026-08-04T19:05:08.315+0000] {processor.py:183} INFO - Processing /home/airflow/.local/lib/python3.12/site-packages/airflow/example_dags/example_xcomargs.py took 0.510 seconds
[2026-08-04T19:05:45.060+0000] {processor.py:161} INFO - Started process (PID=1126) to work on /home/airflow/.local/lib/python3.12/site-packages/airflow/example_dags/example_xcomargs.py
[2026-08-04T19:05:45.064+0000] {processor.py:830} INFO - Processing file /home/airflow/.local/lib/python3.12/site-packages/airflow/example_dags/example_xcomargs.py for tasks to queue
[2026-08-04T19:05:45.080+0000] {logging_mixin.py:188} INFO - [2026-08-04T19:05:45.079+0000] {dagbag.py:545} INFO - Filling up the DagBag from /home/airflow/.local/lib/python3.12/site-packages/airflow/example_dags/example_xcomargs.py
[2026-08-04T19:05:45.115+0000] {processor.py:840} INFO - DAG(s) 'example_xcom_args_with_operators', 'example_xcom_args' retrieved from /home/airflow/.local/lib/python3.12/site-packages/airflow/example_dags/example_xcomargs.py
[2026-08-04T19:05:45.228+0000] {logging_mixin.py:188} INFO - [2026-08-04T19:05:45.227+0000] {dag.py:3089} INFO - Sync 2 DAGs
[2026-08-04T19:05:45.293+0000] {logging_mixin.py:188} INFO - [2026-08-04T19:05:45.292+0000] {dag.py:3947} INFO - Setting next_dagrun for example_xcom_args to None, run_after=None
[2026-08-04T19:05:45.316+0000] {logging_mixin.py:188} INFO - [2026-08-04T19:05:45.315+0000] {dag.py:3947} INFO - Setting next_dagrun for example_xcom_args_with_operators to None, run_after=None
[2026-08-04T19:05:45.389+0000] {processor.py:183} INFO - Processing /home/airflow/.local/lib/python3.12/site-packages/airflow/example_dags/example_xcomargs.py took 0.349 seconds
[2026-08-04T19:06:24.517+0000] {processor.py:161} INFO - Started process (PID=1199) to work on /home/airflow/.local/lib/python3.12/site-packages/airflow/example_dags/example_xcomargs.py
[2026-08-04T19:06:24.537+0000] {processor.py:830} INFO - Processing file /home/airflow/.local/lib/python3.12/site-packages/airflow/example_dags/example_xcomargs.py for tasks to queue
[2026-08-04T19:06:24.562+0000] {logging_mixin.py:188} INFO - [2026-08-04T19:06:24.555+0000] {dagbag.py:545} INFO - Filling up the DagBag from /home/airflow/.local/lib/python3.12/site-packages/airflow/example_dags/example_xcomargs.py
[2026-08-04T19:06:24.694+0000] {processor.py:840} INFO - DAG(s) 'example_xcom_args', 'example_xcom_args_with_operators' retrieved from /home/airflow/.local/lib/python3.12/site-packages/airflow/example_dags/example_xcomargs.py
[2026-08-04T19:06:24.862+0000] {logging_mixin.py:188} INFO - [2026-08-04T19:06:24.859+0000] {dag.py:3089} INFO - Sync 2 DAGs
[2026-08-04T19:06:24.984+0000] {logging_mixin.py:188} INFO - [2026-08-04T19:06:24.984+0000] {dag.py:3947} INFO - Setting next_dagrun for example_xcom_args to None, run_after=None
[2026-08-04T19:06:25.072+0000] {logging_mixin.py:188} INFO - [2026-08-04T19:06:25.072+0000] {dag.py:3947} INFO - Setting next_dagrun for example_xcom_args_with_operators to None, run_after=None
[2026-08-04T19:06:25.248+0000] {processor.py:183} INFO - Processing /home/airflow/.local/lib/python3.12/site-packages/airflow/example_dags/example_xcomargs.py took 0.812 seconds
[2026-08-04T19:07:00.977+0000] {processor.py:161} INFO - Started process (PID=1274) to work on /home/airflow/.local/lib/python3.12/site-packages/airflow/example_dags/example_xcomargs.py
[2026-08-04T19:07:00.994+0000] {processor.py:830} INFO - Processing file /home/airflow/.local/lib/python3.12/site-packages/airflow/example_dags/example_xcomargs.py for tasks to queue
[2026-08-04T19:07:01.018+0000] {logging_mixin.py:188} INFO - [2026-08-04T19:07:01.016+0000] {dagbag.py:545} INFO - Filling up the DagBag from /home/airflow/.local/lib/python3.12/site-packages/airflow/example_dags/example_xcomargs.py
[2026-08-04T19:07:01.100+0000] {processor.py:840} INFO - DAG(s) 'example_xcom_args', 'example_xcom_args_with_operators' retrieved from /home/airflow/.local/lib/python3.12/site-packages/airflow/example_dags/example_xcomargs.py
[2026-08-04T19:07:01.254+0000] {logging_mixin.py:188} INFO - [2026-08-04T19:07:01.253+0000] {dag.py:3089} INFO - Sync 2 DAGs
[2026-08-04T19:07:01.331+0000] {logging_mixin.py:188} INFO - [2026-08-04T19:07:01.330+0000] {dag.py:3947} INFO - Setting next_dagrun for example_xcom_args to None, run_after=None
[2026-08-04T19:07:01.386+0000] {logging_mixin.py:188} INFO - [2026-08-04T19:07:01.386+0000] {dag.py:3947} INFO - Setting next_dagrun for example_xcom_args_with_operators to None, run_after=None
[2026-08-04T19:07:01.786+0000] {processor.py:183} INFO - Processing /home/airflow/.local/lib/python3.12/site-packages/airflow/example_dags/example_xcomargs.py took 0.847 seconds
[2026-08-04T19:07:40.242+0000] {processor.py:161} INFO - Started process (PID=1347) to work on /home/airflow/.local/lib/python3.12/site-packages/airflow/example_dags/example_xcomargs.py
[2026-08-04T19:07:40.336+0000] {processor.py:830} INFO - Processing file /home/airflow/.local/lib/python3.12/site-packages/airflow/example_dags/example_xcomargs.py for tasks to queue
[2026-08-04T19:07:40.366+0000] {logging_mixin.py:188} INFO - [2026-08-04T19:07:40.365+0000] {dagbag.py:545} INFO - Filling up the DagBag from /home/airflow/.local/lib/python3.12/site-packages/airflow/example_dags/example_xcomargs.py
[2026-08-04T19:07:40.466+0000] {processor.py:840} INFO - DAG(s) 'example_xcom_args_with_operators', 'example_xcom_args' retrieved from /home/airflow/.local/lib/python3.12/site-packages/airflow/example_dags/example_xcomargs.py
[2026-08-04T19:07:40.704+0000] {logging_mixin.py:188} INFO - [2026-08-04T19:07:40.699+0000] {dag.py:3089} INFO - Sync 2 DAGs
[2026-08-04T19:07:41.168+0000] {logging_mixin.py:188} INFO - [2026-08-04T19:07:41.167+0000] {dag.py:3947} INFO - Setting next_dagrun for example_xcom_args to None, run_after=None
[2026-08-04T19:07:41.207+0000] {logging_mixin.py:188} INFO - [2026-08-04T19:07:41.207+0000] {dag.py:3947} INFO - Setting next_dagrun for example_xcom_args_with_operators to None, run_after=None
[2026-08-04T19:07:41.519+0000] {processor.py:183} INFO - Processing /home/airflow/.local/lib/python3.12/site-packages/airflow/example_dags/example_xcomargs.py took 1.364 seconds
[2026-08-04T19:08:19.568+0000] {processor.py:161} INFO - Started process (PID=1421) to work on /home/airflow/.local/lib/python3.12/site-packages/airflow/example_dags/example_xcomargs.py
[2026-08-04T19:08:19.575+0000] {processor.py:830} INFO - Processing file /home/airflow/.local/lib/python3.12/site-packages/airflow/example_dags/example_xcomargs.py for tasks to queue
[2026-08-04T19:08:19.587+0000] {logging_mixin.py:188} INFO - [2026-08-04T19:08:19.585+0000] {dagbag.py:545} INFO - Filling up the DagBag from /home/airflow/.local/lib/python3.12/site-packages/airflow/example_dags/example_xcomargs.py
[2026-08-04T19:08:19.671+0000] {processor.py:840} INFO - DAG(s) 'example_xcom_args', 'example_xcom_args_with_operators' retrieved from /home/airflow/.local/lib/python3.12/site-packages/airflow/example_dags/example_xcomargs.py
[2026-08-04T19:08:19.893+0000] {logging_mixin.py:188} INFO - [2026-08-04T19:08:19.893+0000] {dag.py:3089} INFO - Sync 2 DAGs
[2026-08-04T19:08:20.020+0000] {logging_mixin.py:188} INFO - [2026-08-04T19:08:20.011+0000] {dag.py:3947} INFO - Setting next_dagrun for example_xcom_args to None, run_after=None
[2026-08-04T19:08:20.064+0000] {logging_mixin.py:188} INFO - [2026-08-04T19:08:20.064+0000] {dag.py:3947} INFO - Setting next_dagrun for example_xcom_args_with_operators to None, run_after=None
[2026-08-04T19:08:20.219+0000] {processor.py:183} INFO - Processing /home/airflow/.local/lib/python3.12/site-packages/airflow/example_dags/example_xcomargs.py took 0.898 seconds
[2026-08-04T19:08:55.267+0000] {processor.py:161} INFO - Started process (PID=1494) to work on /home/airflow/.local/lib/python3.12/site-packages/airflow/example_dags/example_xcomargs.py
[2026-08-04T19:08:55.273+0000] {processor.py:830} INFO - Processing file /home/airflow/.local/lib/python3.12/site-packages/airflow/example_dags/example_xcomargs.py for tasks to queue
[2026-08-04T19:08:55.291+0000] {logging_mixin.py:188} INFO - [2026-08-04T19:08:55.290+0000] {dagbag.py:545} INFO - Filling up the DagBag from /home/airflow/.local/lib/python3.12/site-packages/airflow/example_dags/example_xcomargs.py
[2026-08-04T19:08:55.353+0000] {processor.py:840} INFO - DAG(s) 'example_xcom_args_with_operators', 'example_xcom_args' retrieved from /home/airflow/.local/lib/python3.12/site-packages/airflow/example_dags/example_xcomargs.py
[2026-08-04T19:08:55.569+0000] {logging_mixin.py:188} INFO - [2026-08-04T19:08:55.568+0000] {dag.py:3089} INFO - Sync 2 DAGs
[2026-08-04T19:08:55.669+0000] {logging_mixin.py:188} INFO - [2026-08-04T19:08:55.669+0000] {dag.py:3947} INFO - Setting next_dagrun for example_xcom_args to None, run_after=None
[2026-08-04T19:08:55.695+0000] {logging_mixin.py:188} INFO - [2026-08-04T19:08:55.694+0000] {dag.py:3947} INFO - Setting next_dagrun for example_xcom_args_with_operators to None, run_after=None
[2026-08-04T19:08:55.841+0000] {processor.py:183} INFO - Processing /home/airflow/.local/lib/python3.12/site-packages/airflow/example_dags/example_xcomargs.py took 0.605 seconds
[2026-08-04T19:09:30.550+0000] {processor.py:161} INFO - Started process (PID=1560) to work on /home/airflow/.local/lib/python3.12/site-packages/airflow/example_dags/example_xcomargs.py
[2026-08-04T19:09:30.557+0000] {processor.py:830} INFO - Processing file /home/airflow/.local/lib/python3.12/site-packages/airflow/example_dags/example_xcomargs.py for tasks to queue
[2026-08-04T19:09:30.567+0000] {logging_mixin.py:188} INFO - [2026-08-04T19:09:30.566+0000] {dagbag.py:545} INFO - Filling up the DagBag from /home/airflow/.local/lib/python3.12/site-packages/airflow/example_dags/example_xcomargs.py
[2026-08-04T19:09:30.608+0000] {processor.py:840} INFO - DAG(s) 'example_xcom_args', 'example_xcom_args_with_operators' retrieved from /home/airflow/.local/lib/python3.12/site-packages/airflow/example_dags/example_xcomargs.py
[2026-08-04T19:09:30.684+0000] {logging_mixin.py:188} INFO - [2026-08-04T19:09:30.683+0000] {dag.py:3089} INFO - Sync 2 DAGs
[2026-08-04T19:09:30.722+0000] {logging_mixin.py:188} INFO - [2026-08-04T19:09:30.722+0000] {dag.py:3947} INFO - Setting next_dagrun for example_xcom_args to None, run_after=None
[2026-08-04T19:09:30.735+0000] {logging_mixin.py:188} INFO - [2026-08-04T19:09:30.734+0000] {dag.py:3947} INFO - Setting next_dagrun for example_xcom_args_with_operators to None, run_after=None
[2026-08-04T19:09:30.791+0000] {processor.py:183} INFO - Processing /home/airflow/.local/lib/python3.12/site-packages/airflow/example_dags/example_xcomargs.py took 0.260 seconds
[2026-08-04T19:10:05.838+0000] {processor.py:161} INFO - Started process (PID=1633) to work on /home/airflow/.local/lib/python3.12/site-packages/airflow/example_dags/example_xcomargs.py
[2026-08-04T19:10:05.845+0000] {processor.py:830} INFO - Processing file /home/airflow/.local/lib/python3.12/site-packages/airflow/example_dags/example_xcomargs.py for tasks to queue
[2026-08-04T19:10:05.853+0000] {logging_mixin.py:188} INFO - [2026-08-04T19:10:05.852+0000] {dagbag.py:545} INFO - Filling up the DagBag from /home/airflow/.local/lib/python3.12/site-packages/airflow/example_dags/example_xcomargs.py
[2026-08-04T19:10:05.897+0000] {processor.py:840} INFO - DAG(s) 'example_xcom_args_with_operators', 'example_xcom_args' retrieved from /home/airflow/.local/lib/python3.12/site-packages/airflow/example_dags/example_xcomargs.py
[2026-08-04T19:10:06.181+0000] {logging_mixin.py:188} INFO - [2026-08-04T19:10:06.172+0000] {dag.py:3089} INFO - Sync 2 DAGs
[2026-08-04T19:10:06.226+0000] {logging_mixin.py:188} INFO - [2026-08-04T19:10:06.225+0000] {dag.py:3947} INFO - Setting next_dagrun for example_xcom_args to None, run_after=None
[2026-08-04T19:10:06.243+0000] {logging_mixin.py:188} INFO - [2026-08-04T19:10:06.243+0000] {dag.py:3947} INFO - Setting next_dagrun for example_xcom_args_with_operators to None, run_after=None
[2026-08-04T19:10:06.314+0000] {processor.py:183} INFO - Processing /home/airflow/.local/lib/python3.12/site-packages/airflow/example_dags/example_xcomargs.py took 0.520 seconds
[2026-08-04T19:10:40.208+0000] {processor.py:161} INFO - Started process (PID=1707) to work on /home/airflow/.local/lib/python3.12/site-packages/airflow/example_dags/example_xcomargs.py
[2026-08-04T19:10:40.255+0000] {processor.py:830} INFO - Processing file /home/airflow/.local/lib/python3.12/site-packages/airflow/example_dags/example_xcomargs.py for tasks to queue
[2026-08-04T19:10:40.273+0000] {logging_mixin.py:188} INFO - [2026-08-04T19:10:40.267+0000] {dagbag.py:545} INFO - Filling up the DagBag from /home/airflow/.local/lib/python3.12/site-packages/airflow/example_dags/example_xcomargs.py
[2026-08-04T19:10:40.422+0000] {processor.py:840} INFO - DAG(s) 'example_xcom_args_with_operators', 'example_xcom_args' retrieved from /home/airflow/.local/lib/python3.12/site-packages/airflow/example_dags/example_xcomargs.py
[2026-08-04T19:10:40.674+0000] {logging_mixin.py:188} INFO - [2026-08-04T19:10:40.673+0000] {dag.py:3089} INFO - Sync 2 DAGs
[2026-08-04T19:10:40.829+0000] {logging_mixin.py:188} INFO - [2026-08-04T19:10:40.829+0000] {dag.py:3947} INFO - Setting next_dagrun for example_xcom_args to None, run_after=None
[2026-08-04T19:10:40.862+0000] {logging_mixin.py:188} INFO - [2026-08-04T19:10:40.862+0000] {dag.py:3947} INFO - Setting next_dagrun for example_xcom_args_with_operators to None, run_after=None
[2026-08-04T19:10:41.002+0000] {processor.py:183} INFO - Processing /home/airflow/.local/lib/python3.12/site-packages/airflow/example_dags/example_xcomargs.py took 0.941 seconds
[2026-08-04T19:11:13.772+0000] {processor.py:161} INFO - Started process (PID=1779) to work on /home/airflow/.local/lib/python3.12/site-packages/airflow/example_dags/example_xcomargs.py
[2026-08-04T19:11:13.776+0000] {processor.py:830} INFO - Processing file /home/airflow/.local/lib/python3.12/site-packages/airflow/example_dags/example_xcomargs.py for tasks to queue
[2026-08-04T19:11:13.810+0000] {logging_mixin.py:188} INFO - [2026-08-04T19:11:13.808+0000] {dagbag.py:545} INFO - Filling up the DagBag from /home/airflow/.local/lib/python3.12/site-packages/airflow/example_dags/example_xcomargs.py
[2026-08-04T19:11:13.876+0000] {processor.py:840} INFO - DAG(s) 'example_xcom_args_with_operators', 'example_xcom_args' retrieved from /home/airflow/.local/lib/python3.12/site-packages/airflow/example_dags/example_xcomargs.py
[2026-08-04T19:11:14.048+0000] {logging_mixin.py:188} INFO - [2026-08-04T19:11:14.047+0000] {dag.py:3089} INFO - Sync 2 DAGs
[2026-08-04T19:11:14.287+0000] {logging_mixin.py:188} INFO - [2026-08-04T19:11:14.286+0000] {dag.py:3947} INFO - Setting next_dagrun for example_xcom_args to None, run_after=None
[2026-08-04T19:11:14.395+0000] {logging_mixin.py:188} INFO - [2026-08-04T19:11:14.395+0000] {dag.py:3947} INFO - Setting next_dagrun for example_xcom_args_with_operators to None, run_after=None
[2026-08-04T19:11:14.660+0000] {processor.py:183} INFO - Processing /home/airflow/.local/lib/python3.12/site-packages/airflow/example_dags/example_xcomargs.py took 0.913 seconds
[2026-08-04T19:11:49.511+0000] {processor.py:161} INFO - Started process (PID=1840) to work on /home/airflow/.local/lib/python3.12/site-packages/airflow/example_dags/example_xcomargs.py
[2026-08-04T19:11:49.520+0000] {processor.py:830} INFO - Processing file /home/airflow/.local/lib/python3.12/site-packages/airflow/example_dags/example_xcomargs.py for tasks to queue
[2026-08-04T19:11:49.536+0000] {logging_mixin.py:188} INFO - [2026-08-04T19:11:49.535+0000] {dagbag.py:545} INFO - Filling up the DagBag from /home/airflow/.local/lib/python3.12/site-packages/airflow/example_dags/example_xcomargs.py
[2026-08-04T19:11:49.635+0000] {processor.py:840} INFO - DAG(s) 'example_xcom_args', 'example_xcom_args_with_operators' retrieved from /home/airflow/.local/lib/python3.12/site-packages/airflow/example_dags/example_xcomargs.py
[2026-08-04T19:11:49.724+0000] {logging_mixin.py:188} INFO - [2026-08-04T19:11:49.723+0000] {dag.py:3089} INFO - Sync 2 DAGs
[2026-08-04T19:11:49.813+0000] {logging_mixin.py:188} INFO - [2026-08-04T19:11:49.813+0000] {dag.py:3947} INFO - Setting next_dagrun for example_xcom_args to None, run_after=None
[2026-08-04T19:11:49.835+0000] {logging_mixin.py:188} INFO - [2026-08-04T19:11:49.834+0000] {dag.py:3947} INFO - Setting next_dagrun for example_xcom_args_with_operators to None, run_after=None
[2026-08-04T19:11:49.887+0000] {processor.py:183} INFO - Processing /home/airflow/.local/lib/python3.12/site-packages/airflow/example_dags/example_xcomargs.py took 0.394 seconds
[2026-08-04T19:12:21.676+0000] {processor.py:161} INFO - Started process (PID=1914) to work on /home/airflow/.local/lib/python3.12/site-packages/airflow/example_dags/example_xcomargs.py
[2026-08-04T19:12:21.679+0000] {processor.py:830} INFO - Processing file /home/airflow/.local/lib/python3.12/site-packages/airflow/example_dags/example_xcomargs.py for tasks to queue
[2026-08-04T19:12:21.698+0000] {logging_mixin.py:188} INFO - [2026-08-04T19:12:21.697+0000] {dagbag.py:545} INFO - Filling up the DagBag from /home/airflow/.local/lib/python3.12/site-packages/airflow/example_dags/example_xcomargs.py
[2026-08-04T19:12:21.769+0000] {processor.py:840} INFO - DAG(s) 'example_xcom_args', 'example_xcom_args_with_operators' retrieved from /home/airflow/.local/lib/python3.12/site-packages/airflow/example_dags/example_xcomargs.py
[2026-08-04T19:12:22.053+0000] {logging_mixin.py:188} INFO - [2026-08-04T19:12:22.053+0000] {dag.py:3089} INFO - Sync 2 DAGs
[2026-08-04T19:12:22.239+0000] {logging_mixin.py:188} INFO - [2026-08-04T19:12:22.239+0000] {dag.py:3947} INFO - Setting next_dagrun for example_xcom_args to None, run_after=None
[2026-08-04T19:12:22.298+0000] {logging_mixin.py:188} INFO - [2026-08-04T19:12:22.297+0000] {dag.py:3947} INFO - Setting next_dagrun for example_xcom_args_with_operators to None, run_after=None
[2026-08-04T19:12:22.524+0000] {processor.py:183} INFO - Processing /home/airflow/.local/lib/python3.12/site-packages/airflow/example_dags/example_xcomargs.py took 0.880 seconds
[2026-08-04T19:12:56.685+0000] {processor.py:161} INFO - Started process (PID=1987) to work on /home/airflow/.local/lib/python3.12/site-packages/airflow/example_dags/example_xcomargs.py
[2026-08-04T19:12:56.699+0000] {processor.py:830} INFO - Processing file /home/airflow/.local/lib/python3.12/site-packages/airflow/example_dags/example_xcomargs.py for tasks to queue
[2026-08-04T19:12:56.782+0000] {logging_mixin.py:188} INFO - [2026-08-04T19:12:56.781+0000] {dagbag.py:545} INFO - Filling up the DagBag from /home/airflow/.local/lib/python3.12/site-packages/airflow/example_dags/example_xcomargs.py
[2026-08-04T19:12:56.827+0000] {processor.py:840} INFO - DAG(s) 'example_xcom_args', 'example_xcom_args_with_operators' retrieved from /home/airflow/.local/lib/python3.12/site-packages/airflow/example_dags/example_xcomargs.py
[2026-08-04T19:12:57.208+0000] {logging_mixin.py:188} INFO - [2026-08-04T19:12:57.202+0000] {dag.py:3089} INFO - Sync 2 DAGs
[2026-08-04T19:12:57.368+0000] {logging_mixin.py:188} INFO - [2026-08-04T19:12:57.367+0000] {dag.py:3947} INFO - Setting next_dagrun for example_xcom_args to None, run_after=None
[2026-08-04T19:12:57.423+0000] {logging_mixin.py:188} INFO - [2026-08-04T19:12:57.422+0000] {dag.py:3947} INFO - Setting next_dagrun for example_xcom_args_with_operators to None, run_after=None
[2026-08-04T19:12:57.536+0000] {processor.py:183} INFO - Processing /home/airflow/.local/lib/python3.12/site-packages/airflow/example_dags/example_xcomargs.py took 0.892 seconds
[2026-08-04T19:13:29.305+0000] {processor.py:161} INFO - Started process (PID=2052) to work on /home/airflow/.local/lib/python3.12/site-packages/airflow/example_dags/example_xcomargs.py
[2026-08-04T19:13:29.308+0000] {processor.py:830} INFO - Processing file /home/airflow/.local/lib/python3.12/site-packages/airflow/example_dags/example_xcomargs.py for tasks to queue
[2026-08-04T19:13:29.316+0000] {logging_mixin.py:188} INFO - [2026-08-04T19:13:29.315+0000] {dagbag.py:545} INFO - Filling up the DagBag from /home/airflow/.local/lib/python3.12/site-packages/airflow/example_dags/example_xcomargs.py
[2026-08-04T19:13:29.368+0000] {processor.py:840} INFO - DAG(s) 'example_xcom_args', 'example_xcom_args_with_operators' retrieved from /home/airflow/.local/lib/python3.12/site-packages/airflow/example_dags/example_xcomargs.py
[2026-08-04T19:13:29.482+0000] {logging_mixin.py:188} INFO - [2026-08-04T19:13:29.481+0000] {dag.py:3089} INFO - Sync 2 DAGs
[2026-08-04T19:13:29.537+0000] {logging_mixin.py:188} INFO - [2026-08-04T19:13:29.536+0000] {dag.py:3947} INFO - Setting next_dagrun for example_xcom_args to None, run_after=None
[2026-08-04T19:13:29.550+0000] {logging_mixin.py:188} INFO - [2026-08-04T19:13:29.550+0000] {dag.py:3947} INFO - Setting next_dagrun for example_xcom_args_with_operators to None, run_after=None
[2026-08-04T19:13:29.623+0000] {processor.py:183} INFO - Processing /home/airflow/.local/lib/python3.12/site-packages/airflow/example_dags/example_xcomargs.py took 0.344 seconds
[2026-08-04T19:14:06.197+0000] {processor.py:161} INFO - Started process (PID=2124) to work on /home/airflow/.local/lib/python3.12/site-packages/airflow/example_dags/example_xcomargs.py
[2026-08-04T19:14:06.228+0000] {processor.py:830} INFO - Processing file /home/airflow/.local/lib/python3.12/site-packages/airflow/example_dags/example_xcomargs.py for tasks to queue
[2026-08-04T19:14:06.252+0000] {logging_mixin.py:188} INFO - [2026-08-04T19:14:06.243+0000] {dagbag.py:545} INFO - Filling up the DagBag from /home/airflow/.local/lib/python3.12/site-packages/airflow/example_dags/example_xcomargs.py
[2026-08-04T19:14:06.292+0000] {processor.py:840} INFO - DAG(s) 'example_xcom_args_with_operators', 'example_xcom_args' retrieved from /home/airflow/.local/lib/python3.12/site-packages/airflow/example_dags/example_xcomargs.py
[2026-08-04T19:14:06.376+0000] {logging_mixin.py:188} INFO - [2026-08-04T19:14:06.376+0000] {dag.py:3089} INFO - Sync 2 DAGs
[2026-08-04T19:14:06.458+0000] {logging_mixin.py:188} INFO - [2026-08-04T19:14:06.457+0000] {dag.py:3947} INFO - Setting next_dagrun for example_xcom_args to None, run_after=None
[2026-08-04T19:14:06.477+0000] {logging_mixin.py:188} INFO - [2026-08-04T19:14:06.475+0000] {dag.py:3947} INFO - Setting next_dagrun for example_xcom_args_with_operators to None, run_after=None
[2026-08-04T19:14:06.565+0000] {processor.py:183} INFO - Processing /home/airflow/.local/lib/python3.12/site-packages/airflow/example_dags/example_xcomargs.py took 0.510 seconds
[2026-08-04T19:14:49.206+0000] {processor.py:161} INFO - Started process (PID=2200) to work on /home/airflow/.local/lib/python3.12/site-packages/airflow/example_dags/example_xcomargs.py
[2026-08-04T19:14:49.237+0000] {processor.py:830} INFO - Processing file /home/airflow/.local/lib/python3.12/site-packages/airflow/example_dags/example_xcomargs.py for tasks to queue
[2026-08-04T19:14:49.309+0000] {logging_mixin.py:188} INFO - [2026-08-04T19:14:49.308+0000] {dagbag.py:545} INFO - Filling up the DagBag from /home/airflow/.local/lib/python3.12/site-packages/airflow/example_dags/example_xcomargs.py
[2026-08-04T19:14:49.513+0000] {processor.py:840} INFO - DAG(s) 'example_xcom_args_with_operators', 'example_xcom_args' retrieved from /home/airflow/.local/lib/python3.12/site-packages/airflow/example_dags/example_xcomargs.py
[2026-08-04T19:14:49.809+0000] {logging_mixin.py:188} INFO - [2026-08-04T19:14:49.806+0000] {dag.py:3089} INFO - Sync 2 DAGs
[2026-08-04T19:14:49.966+0000] {logging_mixin.py:188} INFO - [2026-08-04T19:14:49.965+0000] {dag.py:3947} INFO - Setting next_dagrun for example_xcom_args to None, run_after=None
[2026-08-04T19:14:49.983+0000] {logging_mixin.py:188} INFO - [2026-08-04T19:14:49.983+0000] {dag.py:3947} INFO - Setting next_dagrun for example_xcom_args_with_operators to None, run_after=None
[2026-08-04T19:14:50.227+0000] {processor.py:183} INFO - Processing /home/airflow/.local/lib/python3.12/site-packages/airflow/example_dags/example_xcomargs.py took 1.084 seconds
[2026-08-04T19:15:33.964+0000] {processor.py:161} INFO - Started process (PID=2279) to work on /home/airflow/.local/lib/python3.12/site-packages/airflow/example_dags/example_xcomargs.py
[2026-08-04T19:15:33.968+0000] {processor.py:830} INFO - Processing file /home/airflow/.local/lib/python3.12/site-packages/airflow/example_dags/example_xcomargs.py for tasks to queue
[2026-08-04T19:15:33.974+0000] {logging_mixin.py:188} INFO - [2026-08-04T19:15:33.973+0000] {dagbag.py:545} INFO - Filling up the DagBag from /home/airflow/.local/lib/python3.12/site-packages/airflow/example_dags/example_xcomargs.py
[2026-08-04T19:15:33.995+0000] {processor.py:840} INFO - DAG(s) 'example_xcom_args_with_operators', 'example_xcom_args' retrieved from /home/airflow/.local/lib/python3.12/site-packages/airflow/example_dags/example_xcomargs.py
[2026-08-04T19:15:34.064+0000] {logging_mixin.py:188} INFO - [2026-08-04T19:15:34.063+0000] {dag.py:3089} INFO - Sync 2 DAGs
[2026-08-04T19:15:34.100+0000] {logging_mixin.py:188} INFO - [2026-08-04T19:15:34.099+0000] {dag.py:3947} INFO - Setting next_dagrun for example_xcom_args to None, run_after=None
[2026-08-04T19:15:34.118+0000] {logging_mixin.py:188} INFO - [2026-08-04T19:15:34.117+0000] {dag.py:3947} INFO - Setting next_dagrun for example_xcom_args_with_operators to None, run_after=None
[2026-08-04T19:15:34.174+0000] {processor.py:183} INFO - Processing /home/airflow/.local/lib/python3.12/site-packages/airflow/example_dags/example_xcomargs.py took 0.226 seconds
[2026-08-04T19:16:14.362+0000] {processor.py:161} INFO - Started process (PID=2352) to work on /home/airflow/.local/lib/python3.12/site-packages/airflow/example_dags/example_xcomargs.py
[2026-08-04T19:16:14.366+0000] {processor.py:830} INFO - Processing file /home/airflow/.local/lib/python3.12/site-packages/airflow/example_dags/example_xcomargs.py for tasks to queue
[2026-08-04T19:16:14.374+0000] {logging_mixin.py:188} INFO - [2026-08-04T19:16:14.373+0000] {dagbag.py:545} INFO - Filling up the DagBag from /home/airflow/.local/lib/python3.12/site-packages/airflow/example_dags/example_xcomargs.py
[2026-08-04T19:16:14.426+0000] {processor.py:840} INFO - DAG(s) 'example_xcom_args', 'example_xcom_args_with_operators' retrieved from /home/airflow/.local/lib/python3.12/site-packages/airflow/example_dags/example_xcomargs.py
[2026-08-04T19:16:14.498+0000] {logging_mixin.py:188} INFO - [2026-08-04T19:16:14.498+0000] {dag.py:3089} INFO - Sync 2 DAGs
[2026-08-04T19:16:15.038+0000] {logging_mixin.py:188} INFO - [2026-08-04T19:16:15.037+0000] {dag.py:3947} INFO - Setting next_dagrun for example_xcom_args to None, run_after=None
[2026-08-04T19:16:15.048+0000] {logging_mixin.py:188} INFO - [2026-08-04T19:16:15.048+0000] {dag.py:3947} INFO - Setting next_dagrun for example_xcom_args_with_operators to None, run_after=None
[2026-08-04T19:16:15.114+0000] {processor.py:183} INFO - Processing /home/airflow/.local/lib/python3.12/site-packages/airflow/example_dags/example_xcomargs.py took 0.769 seconds
[2026-08-04T19:16:52.277+0000] {processor.py:161} INFO - Started process (PID=2424) to work on /home/airflow/.local/lib/python3.12/site-packages/airflow/example_dags/example_xcomargs.py
[2026-08-04T19:16:52.280+0000] {processor.py:830} INFO - Processing file /home/airflow/.local/lib/python3.12/site-packages/airflow/example_dags/example_xcomargs.py for tasks to queue
[2026-08-04T19:16:52.286+0000] {logging_mixin.py:188} INFO - [2026-08-04T19:16:52.285+0000] {dagbag.py:545} INFO - Filling up the DagBag from /home/airflow/.local/lib/python3.12/site-packages/airflow/example_dags/example_xcomargs.py
[2026-08-04T19:16:52.307+0000] {processor.py:840} INFO - DAG(s) 'example_xcom_args_with_operators', 'example_xcom_args' retrieved from /home/airflow/.local/lib/python3.12/site-packages/airflow/example_dags/example_xcomargs.py
[2026-08-04T19:16:52.402+0000] {logging_mixin.py:188} INFO - [2026-08-04T19:16:52.402+0000] {dag.py:3089} INFO - Sync 2 DAGs
[2026-08-04T19:16:52.448+0000] {logging_mixin.py:188} INFO - [2026-08-04T19:16:52.448+0000] {dag.py:3947} INFO - Setting next_dagrun for example_xcom_args to None, run_after=None
[2026-08-04T19:16:52.463+0000] {logging_mixin.py:188} INFO - [2026-08-04T19:16:52.462+0000] {dag.py:3947} INFO - Setting next_dagrun for example_xcom_args_with_operators to None, run_after=None
[2026-08-04T19:16:52.514+0000] {processor.py:183} INFO - Processing /home/airflow/.local/lib/python3.12/site-packages/airflow/example_dags/example_xcomargs.py took 0.251 seconds
[2026-08-04T19:17:30.351+0000] {processor.py:161} INFO - Started process (PID=2493) to work on /home/airflow/.local/lib/python3.12/site-packages/airflow/example_dags/example_xcomargs.py
[2026-08-04T19:17:30.402+0000] {processor.py:830} INFO - Processing file /home/airflow/.local/lib/python3.12/site-packages/airflow/example_dags/example_xcomargs.py for tasks to queue
[2026-08-04T19:17:30.425+0000] {logging_mixin.py:188} INFO - [2026-08-04T19:17:30.424+0000] {dagbag.py:545} INFO - Filling up the DagBag from /home/airflow/.local/lib/python3.12/site-packages/airflow/example_dags/example_xcomargs.py
[2026-08-04T19:17:30.611+0000] {processor.py:840} INFO - DAG(s) 'example_xcom_args_with_operators', 'example_xcom_args' retrieved from /home/airflow/.local/lib/python3.12/site-packages/airflow/example_dags/example_xcomargs.py
[2026-08-04T19:17:30.781+0000] {logging_mixin.py:188} INFO - [2026-08-04T19:17:30.780+0000] {dag.py:3089} INFO - Sync 2 DAGs
[2026-08-04T19:17:31.096+0000] {logging_mixin.py:188} INFO - [2026-08-04T19:17:31.079+0000] {dag.py:3947} INFO - Setting next_dagrun for example_xcom_args to None, run_after=None
[2026-08-04T19:17:31.177+0000] {logging_mixin.py:188} INFO - [2026-08-04T19:17:31.172+0000] {dag.py:3947} INFO - Setting next_dagrun for example_xcom_args_with_operators to None, run_after=None
[2026-08-04T19:17:31.578+0000] {processor.py:183} INFO - Processing /home/airflow/.local/lib/python3.12/site-packages/airflow/example_dags/example_xcomargs.py took 1.355 seconds
[2026-08-04T19:18:02.262+0000] {processor.py:161} INFO - Started process (PID=2566) to work on /home/airflow/.local/lib/python3.12/site-packages/airflow/example_dags/example_xcomargs.py
[2026-08-04T19:18:02.266+0000] {processor.py:830} INFO - Processing file /home/airflow/.local/lib/python3.12/site-packages/airflow/example_dags/example_xcomargs.py for tasks to queue
[2026-08-04T19:18:02.274+0000] {logging_mixin.py:188} INFO - [2026-08-04T19:18:02.273+0000] {dagbag.py:545} INFO - Filling up the DagBag from /home/airflow/.local/lib/python3.12/site-packages/airflow/example_dags/example_xcomargs.py
[2026-08-04T19:18:02.317+0000] {processor.py:840} INFO - DAG(s) 'example_xcom_args', 'example_xcom_args_with_operators' retrieved from /home/airflow/.local/lib/python3.12/site-packages/airflow/example_dags/example_xcomargs.py
[2026-08-04T19:18:02.456+0000] {logging_mixin.py:188} INFO - [2026-08-04T19:18:02.456+0000] {dag.py:3089} INFO - Sync 2 DAGs
[2026-08-04T19:18:02.683+0000] {logging_mixin.py:188} INFO - [2026-08-04T19:18:02.670+0000] {dag.py:3947} INFO - Setting next_dagrun for example_xcom_args to None, run_after=None
[2026-08-04T19:18:02.785+0000] {logging_mixin.py:188} INFO - [2026-08-04T19:18:02.784+0000] {dag.py:3947} INFO - Setting next_dagrun for example_xcom_args_with_operators to None, run_after=None
[2026-08-04T19:18:02.941+0000] {processor.py:183} INFO - Processing /home/airflow/.local/lib/python3.12/site-packages/airflow/example_dags/example_xcomargs.py took 0.714 seconds
[2026-08-04T19:18:33.817+0000] {processor.py:161} INFO - Started process (PID=2632) to work on /home/airflow/.local/lib/python3.12/site-packages/airflow/example_dags/example_xcomargs.py
[2026-08-04T19:18:33.828+0000] {processor.py:830} INFO - Processing file /home/airflow/.local/lib/python3.12/site-packages/airflow/example_dags/example_xcomargs.py for tasks to queue
[2026-08-04T19:18:33.836+0000] {logging_mixin.py:188} INFO - [2026-08-04T19:18:33.836+0000] {dagbag.py:545} INFO - Filling up the DagBag from /home/airflow/.local/lib/python3.12/site-packages/airflow/example_dags/example_xcomargs.py
[2026-08-04T19:18:33.903+0000] {processor.py:840} INFO - DAG(s) 'example_xcom_args', 'example_xcom_args_with_operators' retrieved from /home/airflow/.local/lib/python3.12/site-packages/airflow/example_dags/example_xcomargs.py
[2026-08-04T19:18:34.019+0000] {logging_mixin.py:188} INFO - [2026-08-04T19:18:34.019+0000] {dag.py:3089} INFO - Sync 2 DAGs
[2026-08-04T19:18:34.063+0000] {logging_mixin.py:188} INFO - [2026-08-04T19:18:34.062+0000] {dag.py:3947} INFO - Setting next_dagrun for example_xcom_args to None, run_after=None
[2026-08-04T19:18:34.076+0000] {logging_mixin.py:188} INFO - [2026-08-04T19:18:34.076+0000] {dag.py:3947} INFO - Setting next_dagrun for example_xcom_args_with_operators to None, run_after=None
[2026-08-04T19:18:34.161+0000] {processor.py:183} INFO - Processing /home/airflow/.local/lib/python3.12/site-packages/airflow/example_dags/example_xcomargs.py took 0.394 seconds
[2026-08-04T19:19:04.487+0000] {processor.py:161} INFO - Started process (PID=2703) to work on /home/airflow/.local/lib/python3.12/site-packages/airflow/example_dags/example_xcomargs.py
[2026-08-04T19:19:04.506+0000] {processor.py:830} INFO - Processing file /home/airflow/.local/lib/python3.12/site-packages/airflow/example_dags/example_xcomargs.py for tasks to queue
[2026-08-04T19:19:04.519+0000] {logging_mixin.py:188} INFO - [2026-08-04T19:19:04.518+0000] {dagbag.py:545} INFO - Filling up the DagBag from /home/airflow/.local/lib/python3.12/site-packages/airflow/example_dags/example_xcomargs.py
[2026-08-04T19:19:04.572+0000] {processor.py:840} INFO - DAG(s) 'example_xcom_args', 'example_xcom_args_with_operators' retrieved from /home/airflow/.local/lib/python3.12/site-packages/airflow/example_dags/example_xcomargs.py
[2026-08-04T19:19:04.783+0000] {logging_mixin.py:188} INFO - [2026-08-04T19:19:04.782+0000] {dag.py:3089} INFO - Sync 2 DAGs
[2026-08-04T19:19:04.834+0000] {logging_mixin.py:188} INFO - [2026-08-04T19:19:04.834+0000] {dag.py:3947} INFO - Setting next_dagrun for example_xcom_args to None, run_after=None
[2026-08-04T19:19:04.849+0000] {logging_mixin.py:188} INFO - [2026-08-04T19:19:04.848+0000] {dag.py:3947} INFO - Setting next_dagrun for example_xcom_args_with_operators to None, run_after=None
[2026-08-04T19:19:05.010+0000] {processor.py:183} INFO - Processing /home/airflow/.local/lib/python3.12/site-packages/airflow/example_dags/example_xcomargs.py took 0.586 seconds
[2026-08-04T19:19:38.631+0000] {processor.py:161} INFO - Started process (PID=2776) to work on /home/airflow/.local/lib/python3.12/site-packages/airflow/example_dags/example_xcomargs.py
[2026-08-04T19:19:38.635+0000] {processor.py:830} INFO - Processing file /home/airflow/.local/lib/python3.12/site-packages/airflow/example_dags/example_xcomargs.py for tasks to queue
[2026-08-04T19:19:38.640+0000] {logging_mixin.py:188} INFO - [2026-08-04T19:19:38.639+0000] {dagbag.py:545} INFO - Filling up the DagBag from /home/airflow/.local/lib/python3.12/site-packages/airflow/example_dags/example_xcomargs.py
[2026-08-04T19:19:38.663+0000] {processor.py:840} INFO - DAG(s) 'example_xcom_args_with_operators', 'example_xcom_args' retrieved from /home/airflow/.local/lib/python3.12/site-packages/airflow/example_dags/example_xcomargs.py
[2026-08-04T19:19:38.724+0000] {logging_mixin.py:188} INFO - [2026-08-04T19:19:38.723+0000] {dag.py:3089} INFO - Sync 2 DAGs
[2026-08-04T19:19:38.759+0000] {logging_mixin.py:188} INFO - [2026-08-04T19:19:38.759+0000] {dag.py:3947} INFO - Setting next_dagrun for example_xcom_args to None, run_after=None
[2026-08-04T19:19:38.799+0000] {logging_mixin.py:188} INFO - [2026-08-04T19:19:38.799+0000] {dag.py:3947} INFO - Setting next_dagrun for example_xcom_args_with_operators to None, run_after=None
[2026-08-04T19:19:38.911+0000] {processor.py:183} INFO - Processing /home/airflow/.local/lib/python3.12/site-packages/airflow/example_dags/example_xcomargs.py took 0.293 seconds
[2026-08-04T19:20:15.187+0000] {processor.py:161} INFO - Started process (PID=2843) to work on /home/airflow/.local/lib/python3.12/site-packages/airflow/example_dags/example_xcomargs.py
[2026-08-04T19:20:15.199+0000] {processor.py:830} INFO - Processing file /home/airflow/.local/lib/python3.12/site-packages/airflow/example_dags/example_xcomargs.py for tasks to queue
[2026-08-04T19:20:15.210+0000] {logging_mixin.py:188} INFO - [2026-08-04T19:20:15.210+0000] {dagbag.py:545} INFO - Filling up the DagBag from /home/airflow/.local/lib/python3.12/site-packages/airflow/example_dags/example_xcomargs.py
[2026-08-04T19:20:15.247+0000] {processor.py:840} INFO - DAG(s) 'example_xcom_args', 'example_xcom_args_with_operators' retrieved from /home/airflow/.local/lib/python3.12/site-packages/airflow/example_dags/example_xcomargs.py
[2026-08-04T19:20:15.326+0000] {logging_mixin.py:188} INFO - [2026-08-04T19:20:15.325+0000] {dag.py:3089} INFO - Sync 2 DAGs
[2026-08-04T19:20:15.374+0000] {logging_mixin.py:188} INFO - [2026-08-04T19:20:15.374+0000] {dag.py:3947} INFO - Setting next_dagrun for example_xcom_args to None, run_after=None
[2026-08-04T19:20:15.388+0000] {logging_mixin.py:188} INFO - [2026-08-04T19:20:15.387+0000] {dag.py:3947} INFO - Setting next_dagrun for example_xcom_args_with_operators to None, run_after=None
[2026-08-04T19:20:15.456+0000] {processor.py:183} INFO - Processing /home/airflow/.local/lib/python3.12/site-packages/airflow/example_dags/example_xcomargs.py took 0.287 seconds
[2026-08-04T19:20:48.974+0000] {processor.py:161} INFO - Started process (PID=2916) to work on /home/airflow/.local/lib/python3.12/site-packages/airflow/example_dags/example_xcomargs.py
[2026-08-04T19:20:48.992+0000] {processor.py:830} INFO - Processing file /home/airflow/.local/lib/python3.12/site-packages/airflow/example_dags/example_xcomargs.py for tasks to queue
[2026-08-04T19:20:49.004+0000] {logging_mixin.py:188} INFO - [2026-08-04T19:20:49.002+0000] {dagbag.py:545} INFO - Filling up the DagBag from /home/airflow/.local/lib/python3.12/site-packages/airflow/example_dags/example_xcomargs.py
[2026-08-04T19:20:49.068+0000] {processor.py:840} INFO - DAG(s) 'example_xcom_args', 'example_xcom_args_with_operators' retrieved from /home/airflow/.local/lib/python3.12/site-packages/airflow/example_dags/example_xcomargs.py
[2026-08-04T19:20:49.185+0000] {logging_mixin.py:188} INFO - [2026-08-04T19:20:49.184+0000] {dag.py:3089} INFO - Sync 2 DAGs
[2026-08-04T19:20:49.270+0000] {logging_mixin.py:188} INFO - [2026-08-04T19:20:49.270+0000] {dag.py:3947} INFO - Setting next_dagrun for example_xcom_args to None, run_after=None
[2026-08-04T19:20:49.301+0000] {logging_mixin.py:188} INFO - [2026-08-04T19:20:49.299+0000] {dag.py:3947} INFO - Setting next_dagrun for example_xcom_args_with_operators to None, run_after=None
[2026-08-04T19:20:49.455+0000] {processor.py:183} INFO - Processing /home/airflow/.local/lib/python3.12/site-packages/airflow/example_dags/example_xcomargs.py took 0.586 seconds
[2026-08-04T19:21:21.402+0000] {processor.py:161} INFO - Started process (PID=2989) to work on /home/airflow/.local/lib/python3.12/site-packages/airflow/example_dags/example_xcomargs.py
[2026-08-04T19:21:21.408+0000] {processor.py:830} INFO - Processing file /home/airflow/.local/lib/python3.12/site-packages/airflow/example_dags/example_xcomargs.py for tasks to queue
[2026-08-04T19:21:21.421+0000] {logging_mixin.py:188} INFO - [2026-08-04T19:21:21.418+0000] {dagbag.py:545} INFO - Filling up the DagBag from /home/airflow/.local/lib/python3.12/site-packages/airflow/example_dags/example_xcomargs.py
[2026-08-04T19:21:21.485+0000] {processor.py:840} INFO - DAG(s) 'example_xcom_args', 'example_xcom_args_with_operators' retrieved from /home/airflow/.local/lib/python3.12/site-packages/airflow/example_dags/example_xcomargs.py
[2026-08-04T19:21:21.580+0000] {logging_mixin.py:188} INFO - [2026-08-04T19:21:21.579+0000] {dag.py:3089} INFO - Sync 2 DAGs
[2026-08-04T19:21:21.716+0000] {logging_mixin.py:188} INFO - [2026-08-04T19:21:21.699+0000] {dag.py:3947} INFO - Setting next_dagrun for example_xcom_args to None, run_after=None
[2026-08-04T19:21:21.740+0000] {logging_mixin.py:188} INFO - [2026-08-04T19:21:21.739+0000] {dag.py:3947} INFO - Setting next_dagrun for example_xcom_args_with_operators to None, run_after=None
[2026-08-04T19:21:21.798+0000] {processor.py:183} INFO - Processing /home/airflow/.local/lib/python3.12/site-packages/airflow/example_dags/example_xcomargs.py took 0.419 seconds
[2026-08-04T19:21:52.951+0000] {processor.py:161} INFO - Started process (PID=3054) to work on /home/airflow/.local/lib/python3.12/site-packages/airflow/example_dags/example_xcomargs.py
[2026-08-04T19:21:53.010+0000] {processor.py:830} INFO - Processing file /home/airflow/.local/lib/python3.12/site-packages/airflow/example_dags/example_xcomargs.py for tasks to queue
[2026-08-04T19:21:53.021+0000] {logging_mixin.py:188} INFO - [2026-08-04T19:21:53.020+0000] {dagbag.py:545} INFO - Filling up the DagBag from /home/airflow/.local/lib/python3.12/site-packages/airflow/example_dags/example_xcomargs.py
[2026-08-04T19:21:53.084+0000] {processor.py:840} INFO - DAG(s) 'example_xcom_args_with_operators', 'example_xcom_args' retrieved from /home/airflow/.local/lib/python3.12/site-packages/airflow/example_dags/example_xcomargs.py
[2026-08-04T19:21:53.223+0000] {logging_mixin.py:188} INFO - [2026-08-04T19:21:53.222+0000] {dag.py:3089} INFO - Sync 2 DAGs
[2026-08-04T19:21:53.283+0000] {logging_mixin.py:188} INFO - [2026-08-04T19:21:53.282+0000] {dag.py:3947} INFO - Setting next_dagrun for example_xcom_args to None, run_after=None
[2026-08-04T19:21:53.326+0000] {logging_mixin.py:188} INFO - [2026-08-04T19:21:53.326+0000] {dag.py:3947} INFO - Setting next_dagrun for example_xcom_args_with_operators to None, run_after=None
[2026-08-04T19:21:53.478+0000] {processor.py:183} INFO - Processing /home/airflow/.local/lib/python3.12/site-packages/airflow/example_dags/example_xcomargs.py took 0.573 seconds
[2026-08-04T19:22:24.256+0000] {processor.py:161} INFO - Started process (PID=3126) to work on /home/airflow/.local/lib/python3.12/site-packages/airflow/example_dags/example_xcomargs.py
[2026-08-04T19:22:24.268+0000] {processor.py:830} INFO - Processing file /home/airflow/.local/lib/python3.12/site-packages/airflow/example_dags/example_xcomargs.py for tasks to queue
[2026-08-04T19:22:24.280+0000] {logging_mixin.py:188} INFO - [2026-08-04T19:22:24.279+0000] {dagbag.py:545} INFO - Filling up the DagBag from /home/airflow/.local/lib/python3.12/site-packages/airflow/example_dags/example_xcomargs.py
[2026-08-04T19:22:24.309+0000] {processor.py:840} INFO - DAG(s) 'example_xcom_args_with_operators', 'example_xcom_args' retrieved from /home/airflow/.local/lib/python3.12/site-packages/airflow/example_dags/example_xcomargs.py
[2026-08-04T19:22:24.436+0000] {logging_mixin.py:188} INFO - [2026-08-04T19:22:24.435+0000] {dag.py:3089} INFO - Sync 2 DAGs
[2026-08-04T19:22:24.489+0000] {logging_mixin.py:188} INFO - [2026-08-04T19:22:24.489+0000] {dag.py:3947} INFO - Setting next_dagrun for example_xcom_args to None, run_after=None
[2026-08-04T19:22:24.503+0000] {logging_mixin.py:188} INFO - [2026-08-04T19:22:24.502+0000] {dag.py:3947} INFO - Setting next_dagrun for example_xcom_args_with_operators to None, run_after=None
[2026-08-04T19:22:24.569+0000] {processor.py:183} INFO - Processing /home/airflow/.local/lib/python3.12/site-packages/airflow/example_dags/example_xcomargs.py took 0.371 seconds
[2026-08-04T19:22:55.815+0000] {processor.py:161} INFO - Started process (PID=3192) to work on /home/airflow/.local/lib/python3.12/site-packages/airflow/example_dags/example_xcomargs.py
[2026-08-04T19:22:55.821+0000] {processor.py:830} INFO - Processing file /home/airflow/.local/lib/python3.12/site-packages/airflow/example_dags/example_xcomargs.py for tasks to queue
[2026-08-04T19:22:55.829+0000] {logging_mixin.py:188} INFO - [2026-08-04T19:22:55.827+0000] {dagbag.py:545} INFO - Filling up the DagBag from /home/airflow/.local/lib/python3.12/site-packages/airflow/example_dags/example_xcomargs.py
[2026-08-04T19:22:55.863+0000] {processor.py:840} INFO - DAG(s) 'example_xcom_args', 'example_xcom_args_with_operators' retrieved from /home/airflow/.local/lib/python3.12/site-packages/airflow/example_dags/example_xcomargs.py
[2026-08-04T19:22:55.933+0000] {logging_mixin.py:188} INFO - [2026-08-04T19:22:55.932+0000] {dag.py:3089} INFO - Sync 2 DAGs
[2026-08-04T19:22:55.979+0000] {logging_mixin.py:188} INFO - [2026-08-04T19:22:55.978+0000] {dag.py:3947} INFO - Setting next_dagrun for example_xcom_args to None, run_after=None
[2026-08-04T19:22:55.990+0000] {logging_mixin.py:188} INFO - [2026-08-04T19:22:55.990+0000] {dag.py:3947} INFO - Setting next_dagrun for example_xcom_args_with_operators to None, run_after=None
[2026-08-04T19:22:56.036+0000] {processor.py:183} INFO - Processing /home/airflow/.local/lib/python3.12/site-packages/airflow/example_dags/example_xcomargs.py took 0.268 seconds
[2026-08-04T19:23:34.093+0000] {processor.py:161} INFO - Started process (PID=3265) to work on /home/airflow/.local/lib/python3.12/site-packages/airflow/example_dags/example_xcomargs.py
[2026-08-04T19:23:34.104+0000] {processor.py:830} INFO - Processing file /home/airflow/.local/lib/python3.12/site-packages/airflow/example_dags/example_xcomargs.py for tasks to queue
[2026-08-04T19:23:34.154+0000] {logging_mixin.py:188} INFO - [2026-08-04T19:23:34.152+0000] {dagbag.py:545} INFO - Filling up the DagBag from /home/airflow/.local/lib/python3.12/site-packages/airflow/example_dags/example_xcomargs.py
[2026-08-04T19:23:34.339+0000] {processor.py:840} INFO - DAG(s) 'example_xcom_args', 'example_xcom_args_with_operators' retrieved from /home/airflow/.local/lib/python3.12/site-packages/airflow/example_dags/example_xcomargs.py
[2026-08-04T19:23:34.774+0000] {logging_mixin.py:188} INFO - [2026-08-04T19:23:34.774+0000] {dag.py:3089} INFO - Sync 2 DAGs
[2026-08-04T19:23:34.951+0000] {logging_mixin.py:188} INFO - [2026-08-04T19:23:34.951+0000] {dag.py:3947} INFO - Setting next_dagrun for example_xcom_args to None, run_after=None
[2026-08-04T19:23:34.966+0000] {logging_mixin.py:188} INFO - [2026-08-04T19:23:34.963+0000] {dag.py:3947} INFO - Setting next_dagrun for example_xcom_args_with_operators to None, run_after=None
[2026-08-04T19:23:35.023+0000] {processor.py:183} INFO - Processing /home/airflow/.local/lib/python3.12/site-packages/airflow/example_dags/example_xcomargs.py took 1.035 seconds
[2026-08-04T19:24:05.351+0000] {processor.py:161} INFO - Started process (PID=3339) to work on /home/airflow/.local/lib/python3.12/site-packages/airflow/example_dags/example_xcomargs.py
[2026-08-04T19:24:05.357+0000] {processor.py:830} INFO - Processing file /home/airflow/.local/lib/python3.12/site-packages/airflow/example_dags/example_xcomargs.py for tasks to queue
[2026-08-04T19:24:05.376+0000] {logging_mixin.py:188} INFO - [2026-08-04T19:24:05.375+0000] {dagbag.py:545} INFO - Filling up the DagBag from /home/airflow/.local/lib/python3.12/site-packages/airflow/example_dags/example_xcomargs.py
[2026-08-04T19:24:05.427+0000] {processor.py:840} INFO - DAG(s) 'example_xcom_args', 'example_xcom_args_with_operators' retrieved from /home/airflow/.local/lib/python3.12/site-packages/airflow/example_dags/example_xcomargs.py
[2026-08-04T19:24:05.539+0000] {logging_mixin.py:188} INFO - [2026-08-04T19:24:05.538+0000] {dag.py:3089} INFO - Sync 2 DAGs
[2026-08-04T19:24:05.579+0000] {logging_mixin.py:188} INFO - [2026-08-04T19:24:05.578+0000] {dag.py:3947} INFO - Setting next_dagrun for example_xcom_args to None, run_after=None
[2026-08-04T19:24:05.592+0000] {logging_mixin.py:188} INFO - [2026-08-04T19:24:05.591+0000] {dag.py:3947} INFO - Setting next_dagrun for example_xcom_args_with_operators to None, run_after=None
[2026-08-04T19:24:05.686+0000] {processor.py:183} INFO - Processing /home/airflow/.local/lib/python3.12/site-packages/airflow/example_dags/example_xcomargs.py took 0.394 seconds
[2026-08-04T19:24:39.390+0000] {processor.py:161} INFO - Started process (PID=3405) to work on /home/airflow/.local/lib/python3.12/site-packages/airflow/example_dags/example_xcomargs.py
[2026-08-04T19:24:39.395+0000] {processor.py:830} INFO - Processing file /home/airflow/.local/lib/python3.12/site-packages/airflow/example_dags/example_xcomargs.py for tasks to queue
[2026-08-04T19:24:39.413+0000] {logging_mixin.py:188} INFO - [2026-08-04T19:24:39.411+0000] {dagbag.py:545} INFO - Filling up the DagBag from /home/airflow/.local/lib/python3.12/site-packages/airflow/example_dags/example_xcomargs.py
[2026-08-04T19:24:39.462+0000] {processor.py:840} INFO - DAG(s) 'example_xcom_args_with_operators', 'example_xcom_args' retrieved from /home/airflow/.local/lib/python3.12/site-packages/airflow/example_dags/example_xcomargs.py
[2026-08-04T19:24:39.593+0000] {logging_mixin.py:188} INFO - [2026-08-04T19:24:39.592+0000] {dag.py:3089} INFO - Sync 2 DAGs
[2026-08-04T19:24:39.662+0000] {logging_mixin.py:188} INFO - [2026-08-04T19:24:39.661+0000] {dag.py:3947} INFO - Setting next_dagrun for example_xcom_args to None, run_after=None
[2026-08-04T19:24:39.699+0000] {logging_mixin.py:188} INFO - [2026-08-04T19:24:39.694+0000] {dag.py:3947} INFO - Setting next_dagrun for example_xcom_args_with_operators to None, run_after=None
[2026-08-04T19:24:39.806+0000] {processor.py:183} INFO - Processing /home/airflow/.local/lib/python3.12/site-packages/airflow/example_dags/example_xcomargs.py took 0.443 seconds
[2026-08-04T19:25:16.926+0000] {processor.py:161} INFO - Started process (PID=3481) to work on /home/airflow/.local/lib/python3.12/site-packages/airflow/example_dags/example_xcomargs.py
[2026-08-04T19:25:16.931+0000] {processor.py:830} INFO - Processing file /home/airflow/.local/lib/python3.12/site-packages/airflow/example_dags/example_xcomargs.py for tasks to queue
[2026-08-04T19:25:16.942+0000] {logging_mixin.py:188} INFO - [2026-08-04T19:25:16.941+0000] {dagbag.py:545} INFO - Filling up the DagBag from /home/airflow/.local/lib/python3.12/site-packages/airflow/example_dags/example_xcomargs.py
[2026-08-04T19:25:16.982+0000] {processor.py:840} INFO - DAG(s) 'example_xcom_args', 'example_xcom_args_with_operators' retrieved from /home/airflow/.local/lib/python3.12/site-packages/airflow/example_dags/example_xcomargs.py
[2026-08-04T19:25:17.053+0000] {logging_mixin.py:188} INFO - [2026-08-04T19:25:17.052+0000] {dag.py:3089} INFO - Sync 2 DAGs
[2026-08-04T19:25:17.096+0000] {logging_mixin.py:188} INFO - [2026-08-04T19:25:17.096+0000] {dag.py:3947} INFO - Setting next_dagrun for example_xcom_args to None, run_after=None
[2026-08-04T19:25:17.111+0000] {logging_mixin.py:188} INFO - [2026-08-04T19:25:17.110+0000] {dag.py:3947} INFO - Setting next_dagrun for example_xcom_args_with_operators to None, run_after=None
[2026-08-04T19:25:17.218+0000] {processor.py:183} INFO - Processing /home/airflow/.local/lib/python3.12/site-packages/airflow/example_dags/example_xcomargs.py took 0.312 seconds
[2026-08-04T19:25:48.363+0000] {processor.py:161} INFO - Started process (PID=3554) to work on /home/airflow/.local/lib/python3.12/site-packages/airflow/example_dags/example_xcomargs.py
[2026-08-04T19:25:48.372+0000] {processor.py:830} INFO - Processing file /home/airflow/.local/lib/python3.12/site-packages/airflow/example_dags/example_xcomargs.py for tasks to queue
[2026-08-04T19:25:48.437+0000] {logging_mixin.py:188} INFO - [2026-08-04T19:25:48.429+0000] {dagbag.py:545} INFO - Filling up the DagBag from /home/airflow/.local/lib/python3.12/site-packages/airflow/example_dags/example_xcomargs.py
[2026-08-04T19:25:48.581+0000] {processor.py:840} INFO - DAG(s) 'example_xcom_args_with_operators', 'example_xcom_args' retrieved from /home/airflow/.local/lib/python3.12/site-packages/airflow/example_dags/example_xcomargs.py
[2026-08-04T19:25:48.713+0000] {logging_mixin.py:188} INFO - [2026-08-04T19:25:48.713+0000] {dag.py:3089} INFO - Sync 2 DAGs
[2026-08-04T19:25:48.790+0000] {logging_mixin.py:188} INFO - [2026-08-04T19:25:48.790+0000] {dag.py:3947} INFO - Setting next_dagrun for example_xcom_args to None, run_after=None
[2026-08-04T19:25:48.819+0000] {logging_mixin.py:188} INFO - [2026-08-04T19:25:48.812+0000] {dag.py:3947} INFO - Setting next_dagrun for example_xcom_args_with_operators to None, run_after=None
[2026-08-04T19:25:48.920+0000] {processor.py:183} INFO - Processing /home/airflow/.local/lib/python3.12/site-packages/airflow/example_dags/example_xcomargs.py took 0.650 seconds
[2026-08-04T19:26:25.486+0000] {processor.py:161} INFO - Started process (PID=3629) to work on /home/airflow/.local/lib/python3.12/site-packages/airflow/example_dags/example_xcomargs.py
[2026-08-04T19:26:25.489+0000] {processor.py:830} INFO - Processing file /home/airflow/.local/lib/python3.12/site-packages/airflow/example_dags/example_xcomargs.py for tasks to queue
[2026-08-04T19:26:25.502+0000] {logging_mixin.py:188} INFO - [2026-08-04T19:26:25.501+0000] {dagbag.py:545} INFO - Filling up the DagBag from /home/airflow/.local/lib/python3.12/site-packages/airflow/example_dags/example_xcomargs.py
[2026-08-04T19:26:25.639+0000] {processor.py:840} INFO - DAG(s) 'example_xcom_args', 'example_xcom_args_with_operators' retrieved from /home/airflow/.local/lib/python3.12/site-packages/airflow/example_dags/example_xcomargs.py
[2026-08-04T19:26:25.749+0000] {logging_mixin.py:188} INFO - [2026-08-04T19:26:25.749+0000] {dag.py:3089} INFO - Sync 2 DAGs
[2026-08-04T19:26:25.834+0000] {logging_mixin.py:188} INFO - [2026-08-04T19:26:25.833+0000] {dag.py:3947} INFO - Setting next_dagrun for example_xcom_args to None, run_after=None
[2026-08-04T19:26:25.879+0000] {logging_mixin.py:188} INFO - [2026-08-04T19:26:25.878+0000] {dag.py:3947} INFO - Setting next_dagrun for example_xcom_args_with_operators to None, run_after=None
[2026-08-04T19:26:26.032+0000] {processor.py:183} INFO - Processing /home/airflow/.local/lib/python3.12/site-packages/airflow/example_dags/example_xcomargs.py took 0.559 seconds
[2026-08-04T19:26:59.278+0000] {processor.py:161} INFO - Started process (PID=3693) to work on /home/airflow/.local/lib/python3.12/site-packages/airflow/example_dags/example_xcomargs.py
[2026-08-04T19:26:59.288+0000] {processor.py:830} INFO - Processing file /home/airflow/.local/lib/python3.12/site-packages/airflow/example_dags/example_xcomargs.py for tasks to queue
[2026-08-04T19:26:59.309+0000] {logging_mixin.py:188} INFO - [2026-08-04T19:26:59.300+0000] {dagbag.py:545} INFO - Filling up the DagBag from /home/airflow/.local/lib/python3.12/site-packages/airflow/example_dags/example_xcomargs.py
[2026-08-04T19:26:59.458+0000] {processor.py:840} INFO - DAG(s) 'example_xcom_args', 'example_xcom_args_with_operators' retrieved from /home/airflow/.local/lib/python3.12/site-packages/airflow/example_dags/example_xcomargs.py
[2026-08-04T19:26:59.579+0000] {logging_mixin.py:188} INFO - [2026-08-04T19:26:59.579+0000] {dag.py:3089} INFO - Sync 2 DAGs
[2026-08-04T19:26:59.653+0000] {logging_mixin.py:188} INFO - [2026-08-04T19:26:59.653+0000] {dag.py:3947} INFO - Setting next_dagrun for example_xcom_args to None, run_after=None
[2026-08-04T19:26:59.697+0000] {logging_mixin.py:188} INFO - [2026-08-04T19:26:59.697+0000] {dag.py:3947} INFO - Setting next_dagrun for example_xcom_args_with_operators to None, run_after=None
[2026-08-04T19:26:59.811+0000] {processor.py:183} INFO - Processing /home/airflow/.local/lib/python3.12/site-packages/airflow/example_dags/example_xcomargs.py took 0.602 seconds
[2026-08-04T19:27:31.308+0000] {processor.py:161} INFO - Started process (PID=3766) to work on /home/airflow/.local/lib/python3.12/site-packages/airflow/example_dags/example_xcomargs.py
[2026-08-04T19:27:31.348+0000] {processor.py:830} INFO - Processing file /home/airflow/.local/lib/python3.12/site-packages/airflow/example_dags/example_xcomargs.py for tasks to queue
[2026-08-04T19:27:31.361+0000] {logging_mixin.py:188} INFO - [2026-08-04T19:27:31.360+0000] {dagbag.py:545} INFO - Filling up the DagBag from /home/airflow/.local/lib/python3.12/site-packages/airflow/example_dags/example_xcomargs.py
[2026-08-04T19:27:31.493+0000] {processor.py:840} INFO - DAG(s) 'example_xcom_args', 'example_xcom_args_with_operators' retrieved from /home/airflow/.local/lib/python3.12/site-packages/airflow/example_dags/example_xcomargs.py
[2026-08-04T19:27:31.590+0000] {logging_mixin.py:188} INFO - [2026-08-04T19:27:31.589+0000] {dag.py:3089} INFO - Sync 2 DAGs
[2026-08-04T19:27:31.687+0000] {logging_mixin.py:188} INFO - [2026-08-04T19:27:31.686+0000] {dag.py:3947} INFO - Setting next_dagrun for example_xcom_args to None, run_after=None
[2026-08-04T19:27:31.702+0000] {logging_mixin.py:188} INFO - [2026-08-04T19:27:31.701+0000] {dag.py:3947} INFO - Setting next_dagrun for example_xcom_args_with_operators to None, run_after=None
[2026-08-04T19:27:31.767+0000] {processor.py:183} INFO - Processing /home/airflow/.local/lib/python3.12/site-packages/airflow/example_dags/example_xcomargs.py took 0.561 seconds
[2026-08-04T19:28:04.205+0000] {processor.py:161} INFO - Started process (PID=3830) to work on /home/airflow/.local/lib/python3.12/site-packages/airflow/example_dags/example_xcomargs.py
[2026-08-04T19:28:04.223+0000] {processor.py:830} INFO - Processing file /home/airflow/.local/lib/python3.12/site-packages/airflow/example_dags/example_xcomargs.py for tasks to queue
[2026-08-04T19:28:04.238+0000] {logging_mixin.py:188} INFO - [2026-08-04T19:28:04.237+0000] {dagbag.py:545} INFO - Filling up the DagBag from /home/airflow/.local/lib/python3.12/site-packages/airflow/example_dags/example_xcomargs.py
[2026-08-04T19:28:04.293+0000] {processor.py:840} INFO - DAG(s) 'example_xcom_args', 'example_xcom_args_with_operators' retrieved from /home/airflow/.local/lib/python3.12/site-packages/airflow/example_dags/example_xcomargs.py
[2026-08-04T19:28:04.375+0000] {logging_mixin.py:188} INFO - [2026-08-04T19:28:04.375+0000] {dag.py:3089} INFO - Sync 2 DAGs
[2026-08-04T19:28:04.418+0000] {logging_mixin.py:188} INFO - [2026-08-04T19:28:04.418+0000] {dag.py:3947} INFO - Setting next_dagrun for example_xcom_args to None, run_after=None
[2026-08-04T19:28:04.434+0000] {logging_mixin.py:188} INFO - [2026-08-04T19:28:04.434+0000] {dag.py:3947} INFO - Setting next_dagrun for example_xcom_args_with_operators to None, run_after=None
[2026-08-04T19:28:04.490+0000] {processor.py:183} INFO - Processing /home/airflow/.local/lib/python3.12/site-packages/airflow/example_dags/example_xcomargs.py took 0.314 seconds
[2026-08-04T19:28:37.457+0000] {processor.py:161} INFO - Started process (PID=3903) to work on /home/airflow/.local/lib/python3.12/site-packages/airflow/example_dags/example_xcomargs.py
[2026-08-04T19:28:37.473+0000] {processor.py:830} INFO - Processing file /home/airflow/.local/lib/python3.12/site-packages/airflow/example_dags/example_xcomargs.py for tasks to queue
[2026-08-04T19:28:37.483+0000] {logging_mixin.py:188} INFO - [2026-08-04T19:28:37.482+0000] {dagbag.py:545} INFO - Filling up the DagBag from /home/airflow/.local/lib/python3.12/site-packages/airflow/example_dags/example_xcomargs.py
[2026-08-04T19:28:37.575+0000] {processor.py:840} INFO - DAG(s) 'example_xcom_args_with_operators', 'example_xcom_args' retrieved from /home/airflow/.local/lib/python3.12/site-packages/airflow/example_dags/example_xcomargs.py
[2026-08-04T19:28:37.771+0000] {logging_mixin.py:188} INFO - [2026-08-04T19:28:37.770+0000] {dag.py:3089} INFO - Sync 2 DAGs
[2026-08-04T19:28:37.922+0000] {logging_mixin.py:188} INFO - [2026-08-04T19:28:37.921+0000] {dag.py:3947} INFO - Setting next_dagrun for example_xcom_args to None, run_after=None
[2026-08-04T19:28:38.020+0000] {logging_mixin.py:188} INFO - [2026-08-04T19:28:38.019+0000] {dag.py:3947} INFO - Setting next_dagrun for example_xcom_args_with_operators to None, run_after=None
[2026-08-04T19:28:38.177+0000] {processor.py:183} INFO - Processing /home/airflow/.local/lib/python3.12/site-packages/airflow/example_dags/example_xcomargs.py took 0.882 seconds
[2026-08-04T19:29:09.373+0000] {processor.py:161} INFO - Started process (PID=3974) to work on /home/airflow/.local/lib/python3.12/site-packages/airflow/example_dags/example_xcomargs.py
[2026-08-04T19:29:09.382+0000] {processor.py:830} INFO - Processing file /home/airflow/.local/lib/python3.12/site-packages/airflow/example_dags/example_xcomargs.py for tasks to queue
[2026-08-04T19:29:09.405+0000] {logging_mixin.py:188} INFO - [2026-08-04T19:29:09.404+0000] {dagbag.py:545} INFO - Filling up the DagBag from /home/airflow/.local/lib/python3.12/site-packages/airflow/example_dags/example_xcomargs.py
[2026-08-04T19:29:09.543+0000] {processor.py:840} INFO - DAG(s) 'example_xcom_args_with_operators', 'example_xcom_args' retrieved from /home/airflow/.local/lib/python3.12/site-packages/airflow/example_dags/example_xcomargs.py
[2026-08-04T19:29:09.676+0000] {logging_mixin.py:188} INFO - [2026-08-04T19:29:09.675+0000] {dag.py:3089} INFO - Sync 2 DAGs
[2026-08-04T19:29:09.761+0000] {logging_mixin.py:188} INFO - [2026-08-04T19:29:09.760+0000] {dag.py:3947} INFO - Setting next_dagrun for example_xcom_args to None, run_after=None
[2026-08-04T19:29:09.793+0000] {logging_mixin.py:188} INFO - [2026-08-04T19:29:09.793+0000] {dag.py:3947} INFO - Setting next_dagrun for example_xcom_args_with_operators to None, run_after=None
[2026-08-04T19:29:09.865+0000] {processor.py:183} INFO - Processing /home/airflow/.local/lib/python3.12/site-packages/airflow/example_dags/example_xcomargs.py took 0.539 seconds
[2026-08-04T19:29:45.782+0000] {processor.py:161} INFO - Started process (PID=4042) to work on /home/airflow/.local/lib/python3.12/site-packages/airflow/example_dags/example_xcomargs.py
[2026-08-04T19:29:45.810+0000] {processor.py:830} INFO - Processing file /home/airflow/.local/lib/python3.12/site-packages/airflow/example_dags/example_xcomargs.py for tasks to queue
[2026-08-04T19:29:45.847+0000] {logging_mixin.py:188} INFO - [2026-08-04T19:29:45.840+0000] {dagbag.py:545} INFO - Filling up the DagBag from /home/airflow/.local/lib/python3.12/site-packages/airflow/example_dags/example_xcomargs.py
[2026-08-04T19:29:45.969+0000] {processor.py:840} INFO - DAG(s) 'example_xcom_args_with_operators', 'example_xcom_args' retrieved from /home/airflow/.local/lib/python3.12/site-packages/airflow/example_dags/example_xcomargs.py
[2026-08-04T19:29:46.075+0000] {logging_mixin.py:188} INFO - [2026-08-04T19:29:46.075+0000] {dag.py:3089} INFO - Sync 2 DAGs
[2026-08-04T19:29:46.143+0000] {logging_mixin.py:188} INFO - [2026-08-04T19:29:46.142+0000] {dag.py:3947} INFO - Setting next_dagrun for example_xcom_args to None, run_after=None
[2026-08-04T19:29:46.163+0000] {logging_mixin.py:188} INFO - [2026-08-04T19:29:46.163+0000] {dag.py:3947} INFO - Setting next_dagrun for example_xcom_args_with_operators to None, run_after=None
[2026-08-04T19:29:46.244+0000] {processor.py:183} INFO - Processing /home/airflow/.local/lib/python3.12/site-packages/airflow/example_dags/example_xcomargs.py took 0.507 seconds
[2026-08-04T19:30:18.463+0000] {processor.py:161} INFO - Started process (PID=4107) to work on /home/airflow/.local/lib/python3.12/site-packages/airflow/example_dags/example_xcomargs.py
[2026-08-04T19:30:18.472+0000] {processor.py:830} INFO - Processing file /home/airflow/.local/lib/python3.12/site-packages/airflow/example_dags/example_xcomargs.py for tasks to queue
[2026-08-04T19:30:18.478+0000] {logging_mixin.py:188} INFO - [2026-08-04T19:30:18.477+0000] {dagbag.py:545} INFO - Filling up the DagBag from /home/airflow/.local/lib/python3.12/site-packages/airflow/example_dags/example_xcomargs.py
[2026-08-04T19:30:18.539+0000] {processor.py:840} INFO - DAG(s) 'example_xcom_args', 'example_xcom_args_with_operators' retrieved from /home/airflow/.local/lib/python3.12/site-packages/airflow/example_dags/example_xcomargs.py
[2026-08-04T19:30:18.864+0000] {logging_mixin.py:188} INFO - [2026-08-04T19:30:18.864+0000] {dag.py:3089} INFO - Sync 2 DAGs
[2026-08-04T19:30:18.991+0000] {logging_mixin.py:188} INFO - [2026-08-04T19:30:18.991+0000] {dag.py:3947} INFO - Setting next_dagrun for example_xcom_args to None, run_after=None
[2026-08-04T19:30:19.024+0000] {logging_mixin.py:188} INFO - [2026-08-04T19:30:19.023+0000] {dag.py:3947} INFO - Setting next_dagrun for example_xcom_args_with_operators to None, run_after=None
[2026-08-04T19:30:19.424+0000] {processor.py:183} INFO - Processing /home/airflow/.local/lib/python3.12/site-packages/airflow/example_dags/example_xcomargs.py took 0.981 seconds
[2026-08-04T19:30:49.885+0000] {processor.py:161} INFO - Started process (PID=4179) to work on /home/airflow/.local/lib/python3.12/site-packages/airflow/example_dags/example_xcomargs.py
[2026-08-04T19:30:49.891+0000] {processor.py:830} INFO - Processing file /home/airflow/.local/lib/python3.12/site-packages/airflow/example_dags/example_xcomargs.py for tasks to queue
[2026-08-04T19:30:49.897+0000] {logging_mixin.py:188} INFO - [2026-08-04T19:30:49.896+0000] {dagbag.py:545} INFO - Filling up the DagBag from /home/airflow/.local/lib/python3.12/site-packages/airflow/example_dags/example_xcomargs.py
[2026-08-04T19:30:49.925+0000] {processor.py:840} INFO - DAG(s) 'example_xcom_args', 'example_xcom_args_with_operators' retrieved from /home/airflow/.local/lib/python3.12/site-packages/airflow/example_dags/example_xcomargs.py
[2026-08-04T19:30:50.010+0000] {logging_mixin.py:188} INFO - [2026-08-04T19:30:50.009+0000] {dag.py:3089} INFO - Sync 2 DAGs
[2026-08-04T19:30:50.068+0000] {logging_mixin.py:188} INFO - [2026-08-04T19:30:50.067+0000] {dag.py:3947} INFO - Setting next_dagrun for example_xcom_args to None, run_after=None
[2026-08-04T19:30:50.080+0000] {logging_mixin.py:188} INFO - [2026-08-04T19:30:50.079+0000] {dag.py:3947} INFO - Setting next_dagrun for example_xcom_args_with_operators to None, run_after=None
[2026-08-04T19:30:50.234+0000] {processor.py:183} INFO - Processing /home/airflow/.local/lib/python3.12/site-packages/airflow/example_dags/example_xcomargs.py took 0.370 seconds
[2026-08-04T19:31:24.683+0000] {processor.py:161} INFO - Started process (PID=4244) to work on /home/airflow/.local/lib/python3.12/site-packages/airflow/example_dags/example_xcomargs.py
[2026-08-04T19:31:24.687+0000] {processor.py:830} INFO - Processing file /home/airflow/.local/lib/python3.12/site-packages/airflow/example_dags/example_xcomargs.py for tasks to queue
[2026-08-04T19:31:24.693+0000] {logging_mixin.py:188} INFO - [2026-08-04T19:31:24.692+0000] {dagbag.py:545} INFO - Filling up the DagBag from /home/airflow/.local/lib/python3.12/site-packages/airflow/example_dags/example_xcomargs.py
[2026-08-04T19:31:24.714+0000] {processor.py:840} INFO - DAG(s) 'example_xcom_args_with_operators', 'example_xcom_args' retrieved from /home/airflow/.local/lib/python3.12/site-packages/airflow/example_dags/example_xcomargs.py
[2026-08-04T19:31:24.777+0000] {logging_mixin.py:188} INFO - [2026-08-04T19:31:24.777+0000] {dag.py:3089} INFO - Sync 2 DAGs
[2026-08-04T19:31:24.821+0000] {logging_mixin.py:188} INFO - [2026-08-04T19:31:24.820+0000] {dag.py:3947} INFO - Setting next_dagrun for example_xcom_args to None, run_after=None
[2026-08-04T19:31:24.836+0000] {logging_mixin.py:188} INFO - [2026-08-04T19:31:24.835+0000] {dag.py:3947} INFO - Setting next_dagrun for example_xcom_args_with_operators to None, run_after=None
[2026-08-04T19:31:24.891+0000] {processor.py:183} INFO - Processing /home/airflow/.local/lib/python3.12/site-packages/airflow/example_dags/example_xcomargs.py took 0.229 seconds
[2026-08-04T19:34:25.608+0000] {processor.py:161} INFO - Started process (PID=4331) to work on /home/airflow/.local/lib/python3.12/site-packages/airflow/example_dags/example_xcomargs.py
[2026-08-04T19:34:25.617+0000] {processor.py:830} INFO - Processing file /home/airflow/.local/lib/python3.12/site-packages/airflow/example_dags/example_xcomargs.py for tasks to queue
[2026-08-04T19:34:25.625+0000] {logging_mixin.py:188} INFO - [2026-08-04T19:34:25.624+0000] {dagbag.py:545} INFO - Filling up the DagBag from /home/airflow/.local/lib/python3.12/site-packages/airflow/example_dags/example_xcomargs.py
[2026-08-04T19:34:25.674+0000] {processor.py:840} INFO - DAG(s) 'example_xcom_args', 'example_xcom_args_with_operators' retrieved from /home/airflow/.local/lib/python3.12/site-packages/airflow/example_dags/example_xcomargs.py
[2026-08-04T19:34:25.842+0000] {logging_mixin.py:188} INFO - [2026-08-04T19:34:25.839+0000] {dag.py:3089} INFO - Sync 2 DAGs
[2026-08-04T19:34:25.977+0000] {logging_mixin.py:188} INFO - [2026-08-04T19:34:25.976+0000] {dag.py:3947} INFO - Setting next_dagrun for example_xcom_args to None, run_after=None
[2026-08-04T19:34:25.990+0000] {logging_mixin.py:188} INFO - [2026-08-04T19:34:25.990+0000] {dag.py:3947} INFO - Setting next_dagrun for example_xcom_args_with_operators to None, run_after=None
[2026-08-04T19:34:26.042+0000] {processor.py:183} INFO - Processing /home/airflow/.local/lib/python3.12/site-packages/airflow/example_dags/example_xcomargs.py took 0.519 seconds
[2026-08-04T19:34:58.857+0000] {processor.py:161} INFO - Started process (PID=4396) to work on /home/airflow/.local/lib/python3.12/site-packages/airflow/example_dags/example_xcomargs.py
[2026-08-04T19:34:58.862+0000] {processor.py:830} INFO - Processing file /home/airflow/.local/lib/python3.12/site-packages/airflow/example_dags/example_xcomargs.py for tasks to queue
[2026-08-04T19:34:58.884+0000] {logging_mixin.py:188} INFO - [2026-08-04T19:34:58.883+0000] {dagbag.py:545} INFO - Filling up the DagBag from /home/airflow/.local/lib/python3.12/site-packages/airflow/example_dags/example_xcomargs.py
[2026-08-04T19:34:58.917+0000] {processor.py:840} INFO - DAG(s) 'example_xcom_args_with_operators', 'example_xcom_args' retrieved from /home/airflow/.local/lib/python3.12/site-packages/airflow/example_dags/example_xcomargs.py
[2026-08-04T19:34:59.027+0000] {logging_mixin.py:188} INFO - [2026-08-04T19:34:59.025+0000] {dag.py:3089} INFO - Sync 2 DAGs
[2026-08-04T19:34:59.127+0000] {logging_mixin.py:188} INFO - [2026-08-04T19:34:59.125+0000] {dag.py:3947} INFO - Setting next_dagrun for example_xcom_args to None, run_after=None
[2026-08-04T19:34:59.166+0000] {logging_mixin.py:188} INFO - [2026-08-04T19:34:59.165+0000] {dag.py:3947} INFO - Setting next_dagrun for example_xcom_args_with_operators to None, run_after=None
[2026-08-04T19:34:59.244+0000] {processor.py:183} INFO - Processing /home/airflow/.local/lib/python3.12/site-packages/airflow/example_dags/example_xcomargs.py took 0.408 seconds
[2026-08-04T19:35:31.558+0000] {processor.py:161} INFO - Started process (PID=4469) to work on /home/airflow/.local/lib/python3.12/site-packages/airflow/example_dags/example_xcomargs.py
[2026-08-04T19:35:31.586+0000] {processor.py:830} INFO - Processing file /home/airflow/.local/lib/python3.12/site-packages/airflow/example_dags/example_xcomargs.py for tasks to queue
[2026-08-04T19:35:31.598+0000] {logging_mixin.py:188} INFO - [2026-08-04T19:35:31.597+0000] {dagbag.py:545} INFO - Filling up the DagBag from /home/airflow/.local/lib/python3.12/site-packages/airflow/example_dags/example_xcomargs.py
[2026-08-04T19:35:31.643+0000] {processor.py:840} INFO - DAG(s) 'example_xcom_args', 'example_xcom_args_with_operators' retrieved from /home/airflow/.local/lib/python3.12/site-packages/airflow/example_dags/example_xcomargs.py
[2026-08-04T19:35:31.722+0000] {logging_mixin.py:188} INFO - [2026-08-04T19:35:31.721+0000] {dag.py:3089} INFO - Sync 2 DAGs
[2026-08-04T19:35:31.783+0000] {logging_mixin.py:188} INFO - [2026-08-04T19:35:31.782+0000] {dag.py:3947} INFO - Setting next_dagrun for example_xcom_args to None, run_after=None
[2026-08-04T19:35:31.812+0000] {logging_mixin.py:188} INFO - [2026-08-04T19:35:31.811+0000] {dag.py:3947} INFO - Setting next_dagrun for example_xcom_args_with_operators to None, run_after=None
[2026-08-04T19:35:31.991+0000] {processor.py:183} INFO - Processing /home/airflow/.local/lib/python3.12/site-packages/airflow/example_dags/example_xcomargs.py took 0.527 seconds
[2026-08-04T19:36:03.151+0000] {processor.py:161} INFO - Started process (PID=4542) to work on /home/airflow/.local/lib/python3.12/site-packages/airflow/example_dags/example_xcomargs.py
[2026-08-04T19:36:03.154+0000] {processor.py:830} INFO - Processing file /home/airflow/.local/lib/python3.12/site-packages/airflow/example_dags/example_xcomargs.py for tasks to queue
[2026-08-04T19:36:03.165+0000] {logging_mixin.py:188} INFO - [2026-08-04T19:36:03.163+0000] {dagbag.py:545} INFO - Filling up the DagBag from /home/airflow/.local/lib/python3.12/site-packages/airflow/example_dags/example_xcomargs.py
[2026-08-04T19:36:03.194+0000] {processor.py:840} INFO - DAG(s) 'example_xcom_args_with_operators', 'example_xcom_args' retrieved from /home/airflow/.local/lib/python3.12/site-packages/airflow/example_dags/example_xcomargs.py
[2026-08-04T19:36:03.254+0000] {logging_mixin.py:188} INFO - [2026-08-04T19:36:03.254+0000] {dag.py:3089} INFO - Sync 2 DAGs
[2026-08-04T19:36:03.285+0000] {logging_mixin.py:188} INFO - [2026-08-04T19:36:03.284+0000] {dag.py:3947} INFO - Setting next_dagrun for example_xcom_args to None, run_after=None
[2026-08-04T19:36:03.296+0000] {logging_mixin.py:188} INFO - [2026-08-04T19:36:03.295+0000] {dag.py:3947} INFO - Setting next_dagrun for example_xcom_args_with_operators to None, run_after=None
[2026-08-04T19:36:03.341+0000] {processor.py:183} INFO - Processing /home/airflow/.local/lib/python3.12/site-packages/airflow/example_dags/example_xcomargs.py took 0.210 seconds
[2026-08-04T19:36:36.177+0000] {processor.py:161} INFO - Started process (PID=4609) to work on /home/airflow/.local/lib/python3.12/site-packages/airflow/example_dags/example_xcomargs.py
[2026-08-04T19:36:36.190+0000] {processor.py:830} INFO - Processing file /home/airflow/.local/lib/python3.12/site-packages/airflow/example_dags/example_xcomargs.py for tasks to queue
[2026-08-04T19:36:36.221+0000] {logging_mixin.py:188} INFO - [2026-08-04T19:36:36.219+0000] {dagbag.py:545} INFO - Filling up the DagBag from /home/airflow/.local/lib/python3.12/site-packages/airflow/example_dags/example_xcomargs.py
[2026-08-04T19:36:36.271+0000] {processor.py:840} INFO - DAG(s) 'example_xcom_args_with_operators', 'example_xcom_args' retrieved from /home/airflow/.local/lib/python3.12/site-packages/airflow/example_dags/example_xcomargs.py
[2026-08-04T19:36:36.371+0000] {logging_mixin.py:188} INFO - [2026-08-04T19:36:36.370+0000] {dag.py:3089} INFO - Sync 2 DAGs
[2026-08-04T19:36:36.412+0000] {logging_mixin.py:188} INFO - [2026-08-04T19:36:36.412+0000] {dag.py:3947} INFO - Setting next_dagrun for example_xcom_args to None, run_after=None
[2026-08-04T19:36:36.424+0000] {logging_mixin.py:188} INFO - [2026-08-04T19:36:36.424+0000] {dag.py:3947} INFO - Setting next_dagrun for example_xcom_args_with_operators to None, run_after=None
[2026-08-04T19:36:36.495+0000] {processor.py:183} INFO - Processing /home/airflow/.local/lib/python3.12/site-packages/airflow/example_dags/example_xcomargs.py took 0.343 seconds
[2026-08-04T19:37:07.984+0000] {processor.py:161} INFO - Started process (PID=4681) to work on /home/airflow/.local/lib/python3.12/site-packages/airflow/example_dags/example_xcomargs.py
[2026-08-04T19:37:07.998+0000] {processor.py:830} INFO - Processing file /home/airflow/.local/lib/python3.12/site-packages/airflow/example_dags/example_xcomargs.py for tasks to queue
[2026-08-04T19:37:08.011+0000] {logging_mixin.py:188} INFO - [2026-08-04T19:37:08.010+0000] {dagbag.py:545} INFO - Filling up the DagBag from /home/airflow/.local/lib/python3.12/site-packages/airflow/example_dags/example_xcomargs.py
[2026-08-04T19:37:08.085+0000] {processor.py:840} INFO - DAG(s) 'example_xcom_args', 'example_xcom_args_with_operators' retrieved from /home/airflow/.local/lib/python3.12/site-packages/airflow/example_dags/example_xcomargs.py
[2026-08-04T19:37:08.413+0000] {logging_mixin.py:188} INFO - [2026-08-04T19:37:08.331+0000] {dag.py:3089} INFO - Sync 2 DAGs
[2026-08-04T19:37:08.701+0000] {logging_mixin.py:188} INFO - [2026-08-04T19:37:08.692+0000] {dag.py:3947} INFO - Setting next_dagrun for example_xcom_args to None, run_after=None
[2026-08-04T19:37:08.720+0000] {logging_mixin.py:188} INFO - [2026-08-04T19:37:08.719+0000] {dag.py:3947} INFO - Setting next_dagrun for example_xcom_args_with_operators to None, run_after=None
[2026-08-04T19:37:08.789+0000] {processor.py:183} INFO - Processing /home/airflow/.local/lib/python3.12/site-packages/airflow/example_dags/example_xcomargs.py took 0.848 seconds
[2026-08-04T19:43:23.121+0000] {processor.py:161} INFO - Started process (PID=4770) to work on /home/airflow/.local/lib/python3.12/site-packages/airflow/example_dags/example_xcomargs.py
[2026-08-04T19:43:23.162+0000] {processor.py:830} INFO - Processing file /home/airflow/.local/lib/python3.12/site-packages/airflow/example_dags/example_xcomargs.py for tasks to queue
[2026-08-04T19:43:23.177+0000] {logging_mixin.py:188} INFO - [2026-08-04T19:43:23.175+0000] {dagbag.py:545} INFO - Filling up the DagBag from /home/airflow/.local/lib/python3.12/site-packages/airflow/example_dags/example_xcomargs.py
[2026-08-04T19:43:23.250+0000] {processor.py:840} INFO - DAG(s) 'example_xcom_args', 'example_xcom_args_with_operators' retrieved from /home/airflow/.local/lib/python3.12/site-packages/airflow/example_dags/example_xcomargs.py
[2026-08-04T19:43:23.344+0000] {logging_mixin.py:188} INFO - [2026-08-04T19:43:23.344+0000] {dag.py:3089} INFO - Sync 2 DAGs
[2026-08-04T19:43:23.428+0000] {logging_mixin.py:188} INFO - [2026-08-04T19:43:23.428+0000] {dag.py:3947} INFO - Setting next_dagrun for example_xcom_args to None, run_after=None
[2026-08-04T19:43:23.458+0000] {logging_mixin.py:188} INFO - [2026-08-04T19:43:23.458+0000] {dag.py:3947} INFO - Setting next_dagrun for example_xcom_args_with_operators to None, run_after=None
[2026-08-04T19:43:23.525+0000] {processor.py:183} INFO - Processing /home/airflow/.local/lib/python3.12/site-packages/airflow/example_dags/example_xcomargs.py took 0.447 seconds
[2026-08-04T19:43:59.274+0000] {processor.py:161} INFO - Started process (PID=4836) to work on /home/airflow/.local/lib/python3.12/site-packages/airflow/example_dags/example_xcomargs.py
[2026-08-04T19:43:59.287+0000] {processor.py:830} INFO - Processing file /home/airflow/.local/lib/python3.12/site-packages/airflow/example_dags/example_xcomargs.py for tasks to queue
[2026-08-04T19:43:59.292+0000] {logging_mixin.py:188} INFO - [2026-08-04T19:43:59.291+0000] {dagbag.py:545} INFO - Filling up the DagBag from /home/airflow/.local/lib/python3.12/site-packages/airflow/example_dags/example_xcomargs.py
[2026-08-04T19:43:59.375+0000] {processor.py:840} INFO - DAG(s) 'example_xcom_args_with_operators', 'example_xcom_args' retrieved from /home/airflow/.local/lib/python3.12/site-packages/airflow/example_dags/example_xcomargs.py
[2026-08-04T19:43:59.635+0000] {logging_mixin.py:188} INFO - [2026-08-04T19:43:59.634+0000] {dag.py:3089} INFO - Sync 2 DAGs
[2026-08-04T19:43:59.848+0000] {logging_mixin.py:188} INFO - [2026-08-04T19:43:59.847+0000] {dag.py:3947} INFO - Setting next_dagrun for example_xcom_args to None, run_after=None
[2026-08-04T19:43:59.906+0000] {logging_mixin.py:188} INFO - [2026-08-04T19:43:59.905+0000] {dag.py:3947} INFO - Setting next_dagrun for example_xcom_args_with_operators to None, run_after=None
[2026-08-04T19:44:00.120+0000] {processor.py:183} INFO - Processing /home/airflow/.local/lib/python3.12/site-packages/airflow/example_dags/example_xcomargs.py took 0.911 seconds
[2026-08-04T19:44:30.769+0000] {processor.py:161} INFO - Started process (PID=4909) to work on /home/airflow/.local/lib/python3.12/site-packages/airflow/example_dags/example_xcomargs.py
[2026-08-04T19:44:30.777+0000] {processor.py:830} INFO - Processing file /home/airflow/.local/lib/python3.12/site-packages/airflow/example_dags/example_xcomargs.py for tasks to queue
[2026-08-04T19:44:30.781+0000] {logging_mixin.py:188} INFO - [2026-08-04T19:44:30.781+0000] {dagbag.py:545} INFO - Filling up the DagBag from /home/airflow/.local/lib/python3.12/site-packages/airflow/example_dags/example_xcomargs.py
[2026-08-04T19:44:30.812+0000] {processor.py:840} INFO - DAG(s) 'example_xcom_args', 'example_xcom_args_with_operators' retrieved from /home/airflow/.local/lib/python3.12/site-packages/airflow/example_dags/example_xcomargs.py
[2026-08-04T19:44:30.898+0000] {logging_mixin.py:188} INFO - [2026-08-04T19:44:30.897+0000] {dag.py:3089} INFO - Sync 2 DAGs
[2026-08-04T19:44:30.940+0000] {logging_mixin.py:188} INFO - [2026-08-04T19:44:30.940+0000] {dag.py:3947} INFO - Setting next_dagrun for example_xcom_args to None, run_after=None
[2026-08-04T19:44:30.955+0000] {logging_mixin.py:188} INFO - [2026-08-04T19:44:30.953+0000] {dag.py:3947} INFO - Setting next_dagrun for example_xcom_args_with_operators to None, run_after=None
[2026-08-04T19:44:31.138+0000] {processor.py:183} INFO - Processing /home/airflow/.local/lib/python3.12/site-packages/airflow/example_dags/example_xcomargs.py took 0.406 seconds
[2026-08-04T19:45:05.581+0000] {processor.py:161} INFO - Started process (PID=4982) to work on /home/airflow/.local/lib/python3.12/site-packages/airflow/example_dags/example_xcomargs.py
[2026-08-04T19:45:05.584+0000] {processor.py:830} INFO - Processing file /home/airflow/.local/lib/python3.12/site-packages/airflow/example_dags/example_xcomargs.py for tasks to queue
[2026-08-04T19:45:05.588+0000] {logging_mixin.py:188} INFO - [2026-08-04T19:45:05.587+0000] {dagbag.py:545} INFO - Filling up the DagBag from /home/airflow/.local/lib/python3.12/site-packages/airflow/example_dags/example_xcomargs.py
[2026-08-04T19:45:05.618+0000] {processor.py:840} INFO - DAG(s) 'example_xcom_args', 'example_xcom_args_with_operators' retrieved from /home/airflow/.local/lib/python3.12/site-packages/airflow/example_dags/example_xcomargs.py
[2026-08-04T19:45:05.739+0000] {logging_mixin.py:188} INFO - [2026-08-04T19:45:05.738+0000] {dag.py:3089} INFO - Sync 2 DAGs
[2026-08-04T19:45:05.797+0000] {logging_mixin.py:188} INFO - [2026-08-04T19:45:05.796+0000] {dag.py:3947} INFO - Setting next_dagrun for example_xcom_args to None, run_after=None
[2026-08-04T19:45:05.823+0000] {logging_mixin.py:188} INFO - [2026-08-04T19:45:05.823+0000] {dag.py:3947} INFO - Setting next_dagrun for example_xcom_args_with_operators to None, run_after=None
[2026-08-04T19:45:05.934+0000] {processor.py:183} INFO - Processing /home/airflow/.local/lib/python3.12/site-packages/airflow/example_dags/example_xcomargs.py took 0.370 seconds
[2026-08-04T19:45:40.686+0000] {processor.py:161} INFO - Started process (PID=5047) to work on /home/airflow/.local/lib/python3.12/site-packages/airflow/example_dags/example_xcomargs.py
[2026-08-04T19:45:40.691+0000] {processor.py:830} INFO - Processing file /home/airflow/.local/lib/python3.12/site-packages/airflow/example_dags/example_xcomargs.py for tasks to queue
[2026-08-04T19:45:40.697+0000] {logging_mixin.py:188} INFO - [2026-08-04T19:45:40.693+0000] {dagbag.py:545} INFO - Filling up the DagBag from /home/airflow/.local/lib/python3.12/site-packages/airflow/example_dags/example_xcomargs.py
[2026-08-04T19:45:40.734+0000] {processor.py:840} INFO - DAG(s) 'example_xcom_args_with_operators', 'example_xcom_args' retrieved from /home/airflow/.local/lib/python3.12/site-packages/airflow/example_dags/example_xcomargs.py
[2026-08-04T19:45:40.856+0000] {logging_mixin.py:188} INFO - [2026-08-04T19:45:40.855+0000] {dag.py:3089} INFO - Sync 2 DAGs
[2026-08-04T19:45:40.967+0000] {logging_mixin.py:188} INFO - [2026-08-04T19:45:40.966+0000] {dag.py:3947} INFO - Setting next_dagrun for example_xcom_args to None, run_after=None
[2026-08-04T19:45:41.021+0000] {logging_mixin.py:188} INFO - [2026-08-04T19:45:41.021+0000] {dag.py:3947} INFO - Setting next_dagrun for example_xcom_args_with_operators to None, run_after=None
[2026-08-04T19:45:41.140+0000] {processor.py:183} INFO - Processing /home/airflow/.local/lib/python3.12/site-packages/airflow/example_dags/example_xcomargs.py took 0.549 seconds
[2026-08-04T19:46:19.662+0000] {processor.py:161} INFO - Started process (PID=5119) to work on /home/airflow/.local/lib/python3.12/site-packages/airflow/example_dags/example_xcomargs.py
[2026-08-04T19:46:19.671+0000] {processor.py:830} INFO - Processing file /home/airflow/.local/lib/python3.12/site-packages/airflow/example_dags/example_xcomargs.py for tasks to queue
[2026-08-04T19:46:19.679+0000] {logging_mixin.py:188} INFO - [2026-08-04T19:46:19.678+0000] {dagbag.py:545} INFO - Filling up the DagBag from /home/airflow/.local/lib/python3.12/site-packages/airflow/example_dags/example_xcomargs.py
[2026-08-04T19:46:19.778+0000] {processor.py:840} INFO - DAG(s) 'example_xcom_args_with_operators', 'example_xcom_args' retrieved from /home/airflow/.local/lib/python3.12/site-packages/airflow/example_dags/example_xcomargs.py
[2026-08-04T19:46:19.879+0000] {logging_mixin.py:188} INFO - [2026-08-04T19:46:19.878+0000] {dag.py:3089} INFO - Sync 2 DAGs
[2026-08-04T19:46:19.930+0000] {logging_mixin.py:188} INFO - [2026-08-04T19:46:19.930+0000] {dag.py:3947} INFO - Setting next_dagrun for example_xcom_args to None, run_after=None
[2026-08-04T19:46:19.943+0000] {logging_mixin.py:188} INFO - [2026-08-04T19:46:19.943+0000] {dag.py:3947} INFO - Setting next_dagrun for example_xcom_args_with_operators to None, run_after=None
[2026-08-04T19:46:20.007+0000] {processor.py:183} INFO - Processing /home/airflow/.local/lib/python3.12/site-packages/airflow/example_dags/example_xcomargs.py took 0.394 seconds
[2026-08-04T19:46:52.969+0000] {processor.py:161} INFO - Started process (PID=5190) to work on /home/airflow/.local/lib/python3.12/site-packages/airflow/example_dags/example_xcomargs.py
[2026-08-04T19:46:52.975+0000] {processor.py:830} INFO - Processing file /home/airflow/.local/lib/python3.12/site-packages/airflow/example_dags/example_xcomargs.py for tasks to queue
[2026-08-04T19:46:52.980+0000] {logging_mixin.py:188} INFO - [2026-08-04T19:46:52.978+0000] {dagbag.py:545} INFO - Filling up the DagBag from /home/airflow/.local/lib/python3.12/site-packages/airflow/example_dags/example_xcomargs.py
[2026-08-04T19:46:53.020+0000] {processor.py:840} INFO - DAG(s) 'example_xcom_args', 'example_xcom_args_with_operators' retrieved from /home/airflow/.local/lib/python3.12/site-packages/airflow/example_dags/example_xcomargs.py
[2026-08-04T19:46:53.100+0000] {logging_mixin.py:188} INFO - [2026-08-04T19:46:53.100+0000] {dag.py:3089} INFO - Sync 2 DAGs
[2026-08-04T19:46:53.162+0000] {logging_mixin.py:188} INFO - [2026-08-04T19:46:53.162+0000] {dag.py:3947} INFO - Setting next_dagrun for example_xcom_args to None, run_after=None
[2026-08-04T19:46:53.222+0000] {logging_mixin.py:188} INFO - [2026-08-04T19:46:53.221+0000] {dag.py:3947} INFO - Setting next_dagrun for example_xcom_args_with_operators to None, run_after=None
[2026-08-04T19:46:53.407+0000] {processor.py:183} INFO - Processing /home/airflow/.local/lib/python3.12/site-packages/airflow/example_dags/example_xcomargs.py took 0.469 seconds
[2026-08-04T19:47:27.675+0000] {processor.py:161} INFO - Started process (PID=5264) to work on /home/airflow/.local/lib/python3.12/site-packages/airflow/example_dags/example_xcomargs.py
[2026-08-04T19:47:27.679+0000] {processor.py:830} INFO - Processing file /home/airflow/.local/lib/python3.12/site-packages/airflow/example_dags/example_xcomargs.py for tasks to queue
[2026-08-04T19:47:27.683+0000] {logging_mixin.py:188} INFO - [2026-08-04T19:47:27.682+0000] {dagbag.py:545} INFO - Filling up the DagBag from /home/airflow/.local/lib/python3.12/site-packages/airflow/example_dags/example_xcomargs.py
[2026-08-04T19:47:27.708+0000] {processor.py:840} INFO - DAG(s) 'example_xcom_args_with_operators', 'example_xcom_args' retrieved from /home/airflow/.local/lib/python3.12/site-packages/airflow/example_dags/example_xcomargs.py
[2026-08-04T19:47:27.853+0000] {logging_mixin.py:188} INFO - [2026-08-04T19:47:27.852+0000] {dag.py:3089} INFO - Sync 2 DAGs
[2026-08-04T19:47:27.939+0000] {logging_mixin.py:188} INFO - [2026-08-04T19:47:27.938+0000] {dag.py:3947} INFO - Setting next_dagrun for example_xcom_args to None, run_after=None
[2026-08-04T19:47:27.962+0000] {logging_mixin.py:188} INFO - [2026-08-04T19:47:27.961+0000] {dag.py:3947} INFO - Setting next_dagrun for example_xcom_args_with_operators to None, run_after=None
[2026-08-04T19:47:28.065+0000] {processor.py:183} INFO - Processing /home/airflow/.local/lib/python3.12/site-packages/airflow/example_dags/example_xcomargs.py took 0.405 seconds
[2026-08-04T19:48:02.422+0000] {processor.py:161} INFO - Started process (PID=5330) to work on /home/airflow/.local/lib/python3.12/site-packages/airflow/example_dags/example_xcomargs.py
[2026-08-04T19:48:02.428+0000] {processor.py:830} INFO - Processing file /home/airflow/.local/lib/python3.12/site-packages/airflow/example_dags/example_xcomargs.py for tasks to queue
[2026-08-04T19:48:02.438+0000] {logging_mixin.py:188} INFO - [2026-08-04T19:48:02.437+0000] {dagbag.py:545} INFO - Filling up the DagBag from /home/airflow/.local/lib/python3.12/site-packages/airflow/example_dags/example_xcomargs.py
[2026-08-04T19:48:02.509+0000] {processor.py:840} INFO - DAG(s) 'example_xcom_args_with_operators', 'example_xcom_args' retrieved from /home/airflow/.local/lib/python3.12/site-packages/airflow/example_dags/example_xcomargs.py
[2026-08-04T19:48:02.590+0000] {logging_mixin.py:188} INFO - [2026-08-04T19:48:02.589+0000] {dag.py:3089} INFO - Sync 2 DAGs
[2026-08-04T19:48:02.671+0000] {logging_mixin.py:188} INFO - [2026-08-04T19:48:02.671+0000] {dag.py:3947} INFO - Setting next_dagrun for example_xcom_args to None, run_after=None
[2026-08-04T19:48:02.696+0000] {logging_mixin.py:188} INFO - [2026-08-04T19:48:02.695+0000] {dag.py:3947} INFO - Setting next_dagrun for example_xcom_args_with_operators to None, run_after=None
[2026-08-04T19:48:02.811+0000] {processor.py:183} INFO - Processing /home/airflow/.local/lib/python3.12/site-packages/airflow/example_dags/example_xcomargs.py took 0.436 seconds
[2026-08-04T19:48:33.354+0000] {processor.py:161} INFO - Started process (PID=5402) to work on /home/airflow/.local/lib/python3.12/site-packages/airflow/example_dags/example_xcomargs.py
[2026-08-04T19:48:33.357+0000] {processor.py:830} INFO - Processing file /home/airflow/.local/lib/python3.12/site-packages/airflow/example_dags/example_xcomargs.py for tasks to queue
[2026-08-04T19:48:33.365+0000] {logging_mixin.py:188} INFO - [2026-08-04T19:48:33.364+0000] {dagbag.py:545} INFO - Filling up the DagBag from /home/airflow/.local/lib/python3.12/site-packages/airflow/example_dags/example_xcomargs.py
[2026-08-04T19:48:33.468+0000] {processor.py:840} INFO - DAG(s) 'example_xcom_args', 'example_xcom_args_with_operators' retrieved from /home/airflow/.local/lib/python3.12/site-packages/airflow/example_dags/example_xcomargs.py
[2026-08-04T19:48:33.537+0000] {logging_mixin.py:188} INFO - [2026-08-04T19:48:33.536+0000] {dag.py:3089} INFO - Sync 2 DAGs
[2026-08-04T19:48:33.577+0000] {logging_mixin.py:188} INFO - [2026-08-04T19:48:33.576+0000] {dag.py:3947} INFO - Setting next_dagrun for example_xcom_args to None, run_after=None
[2026-08-04T19:48:33.589+0000] {logging_mixin.py:188} INFO - [2026-08-04T19:48:33.589+0000] {dag.py:3947} INFO - Setting next_dagrun for example_xcom_args_with_operators to None, run_after=None
[2026-08-04T19:48:33.648+0000] {processor.py:183} INFO - Processing /home/airflow/.local/lib/python3.12/site-packages/airflow/example_dags/example_xcomargs.py took 0.310 seconds
[2026-08-04T19:49:06.268+0000] {processor.py:161} INFO - Started process (PID=5475) to work on /home/airflow/.local/lib/python3.12/site-packages/airflow/example_dags/example_xcomargs.py
[2026-08-04T19:49:06.272+0000] {processor.py:830} INFO - Processing file /home/airflow/.local/lib/python3.12/site-packages/airflow/example_dags/example_xcomargs.py for tasks to queue
[2026-08-04T19:49:06.277+0000] {logging_mixin.py:188} INFO - [2026-08-04T19:49:06.276+0000] {dagbag.py:545} INFO - Filling up the DagBag from /home/airflow/.local/lib/python3.12/site-packages/airflow/example_dags/example_xcomargs.py
[2026-08-04T19:49:06.306+0000] {processor.py:840} INFO - DAG(s) 'example_xcom_args_with_operators', 'example_xcom_args' retrieved from /home/airflow/.local/lib/python3.12/site-packages/airflow/example_dags/example_xcomargs.py
[2026-08-04T19:49:06.395+0000] {logging_mixin.py:188} INFO - [2026-08-04T19:49:06.395+0000] {dag.py:3089} INFO - Sync 2 DAGs
[2026-08-04T19:49:06.442+0000] {logging_mixin.py:188} INFO - [2026-08-04T19:49:06.441+0000] {dag.py:3947} INFO - Setting next_dagrun for example_xcom_args to None, run_after=None
[2026-08-04T19:49:06.456+0000] {logging_mixin.py:188} INFO - [2026-08-04T19:49:06.456+0000] {dag.py:3947} INFO - Setting next_dagrun for example_xcom_args_with_operators to None, run_after=None
[2026-08-04T19:49:06.519+0000] {processor.py:183} INFO - Processing /home/airflow/.local/lib/python3.12/site-packages/airflow/example_dags/example_xcomargs.py took 0.269 seconds
[2026-08-04T19:49:41.221+0000] {processor.py:161} INFO - Started process (PID=5541) to work on /home/airflow/.local/lib/python3.12/site-packages/airflow/example_dags/example_xcomargs.py
[2026-08-04T19:49:41.225+0000] {processor.py:830} INFO - Processing file /home/airflow/.local/lib/python3.12/site-packages/airflow/example_dags/example_xcomargs.py for tasks to queue
[2026-08-04T19:49:41.233+0000] {logging_mixin.py:188} INFO - [2026-08-04T19:49:41.231+0000] {dagbag.py:545} INFO - Filling up the DagBag from /home/airflow/.local/lib/python3.12/site-packages/airflow/example_dags/example_xcomargs.py
[2026-08-04T19:49:41.299+0000] {processor.py:840} INFO - DAG(s) 'example_xcom_args_with_operators', 'example_xcom_args' retrieved from /home/airflow/.local/lib/python3.12/site-packages/airflow/example_dags/example_xcomargs.py
[2026-08-04T19:49:41.443+0000] {logging_mixin.py:188} INFO - [2026-08-04T19:49:41.443+0000] {dag.py:3089} INFO - Sync 2 DAGs
[2026-08-04T19:49:41.520+0000] {logging_mixin.py:188} INFO - [2026-08-04T19:49:41.519+0000] {dag.py:3947} INFO - Setting next_dagrun for example_xcom_args to None, run_after=None
[2026-08-04T19:49:41.533+0000] {logging_mixin.py:188} INFO - [2026-08-04T19:49:41.532+0000] {dag.py:3947} INFO - Setting next_dagrun for example_xcom_args_with_operators to None, run_after=None
[2026-08-04T19:49:41.607+0000] {processor.py:183} INFO - Processing /home/airflow/.local/lib/python3.12/site-packages/airflow/example_dags/example_xcomargs.py took 0.431 seconds
[2026-08-04T19:50:13.327+0000] {processor.py:161} INFO - Started process (PID=5614) to work on /home/airflow/.local/lib/python3.12/site-packages/airflow/example_dags/example_xcomargs.py
[2026-08-04T19:50:13.331+0000] {processor.py:830} INFO - Processing file /home/airflow/.local/lib/python3.12/site-packages/airflow/example_dags/example_xcomargs.py for tasks to queue
[2026-08-04T19:50:13.338+0000] {logging_mixin.py:188} INFO - [2026-08-04T19:50:13.338+0000] {dagbag.py:545} INFO - Filling up the DagBag from /home/airflow/.local/lib/python3.12/site-packages/airflow/example_dags/example_xcomargs.py
[2026-08-04T19:50:13.362+0000] {processor.py:840} INFO - DAG(s) 'example_xcom_args', 'example_xcom_args_with_operators' retrieved from /home/airflow/.local/lib/python3.12/site-packages/airflow/example_dags/example_xcomargs.py
[2026-08-04T19:50:13.449+0000] {logging_mixin.py:188} INFO - [2026-08-04T19:50:13.449+0000] {dag.py:3089} INFO - Sync 2 DAGs
[2026-08-04T19:50:13.484+0000] {logging_mixin.py:188} INFO - [2026-08-04T19:50:13.484+0000] {dag.py:3947} INFO - Setting next_dagrun for example_xcom_args to None, run_after=None
[2026-08-04T19:50:13.502+0000] {logging_mixin.py:188} INFO - [2026-08-04T19:50:13.501+0000] {dag.py:3947} INFO - Setting next_dagrun for example_xcom_args_with_operators to None, run_after=None
[2026-08-04T19:50:13.552+0000] {processor.py:183} INFO - Processing /home/airflow/.local/lib/python3.12/site-packages/airflow/example_dags/example_xcomargs.py took 0.240 seconds
[2026-08-04T19:50:49.540+0000] {processor.py:161} INFO - Started process (PID=5686) to work on /home/airflow/.local/lib/python3.12/site-packages/airflow/example_dags/example_xcomargs.py
[2026-08-04T19:50:49.544+0000] {processor.py:830} INFO - Processing file /home/airflow/.local/lib/python3.12/site-packages/airflow/example_dags/example_xcomargs.py for tasks to queue
[2026-08-04T19:50:49.556+0000] {logging_mixin.py:188} INFO - [2026-08-04T19:50:49.548+0000] {dagbag.py:545} INFO - Filling up the DagBag from /home/airflow/.local/lib/python3.12/site-packages/airflow/example_dags/example_xcomargs.py
[2026-08-04T19:50:49.610+0000] {processor.py:840} INFO - DAG(s) 'example_xcom_args_with_operators', 'example_xcom_args' retrieved from /home/airflow/.local/lib/python3.12/site-packages/airflow/example_dags/example_xcomargs.py
[2026-08-04T19:50:49.708+0000] {logging_mixin.py:188} INFO - [2026-08-04T19:50:49.707+0000] {dag.py:3089} INFO - Sync 2 DAGs
[2026-08-04T19:50:49.767+0000] {logging_mixin.py:188} INFO - [2026-08-04T19:50:49.766+0000] {dag.py:3947} INFO - Setting next_dagrun for example_xcom_args to None, run_after=None
[2026-08-04T19:50:49.846+0000] {logging_mixin.py:188} INFO - [2026-08-04T19:50:49.846+0000] {dag.py:3947} INFO - Setting next_dagrun for example_xcom_args_with_operators to None, run_after=None
[2026-08-04T19:50:49.941+0000] {processor.py:183} INFO - Processing /home/airflow/.local/lib/python3.12/site-packages/airflow/example_dags/example_xcomargs.py took 0.419 seconds
[2026-08-04T19:51:25.699+0000] {processor.py:161} INFO - Started process (PID=5761) to work on /home/airflow/.local/lib/python3.12/site-packages/airflow/example_dags/example_xcomargs.py
[2026-08-04T19:51:25.703+0000] {processor.py:830} INFO - Processing file /home/airflow/.local/lib/python3.12/site-packages/airflow/example_dags/example_xcomargs.py for tasks to queue
[2026-08-04T19:51:25.708+0000] {logging_mixin.py:188} INFO - [2026-08-04T19:51:25.707+0000] {dagbag.py:545} INFO - Filling up the DagBag from /home/airflow/.local/lib/python3.12/site-packages/airflow/example_dags/example_xcomargs.py
[2026-08-04T19:51:25.757+0000] {processor.py:840} INFO - DAG(s) 'example_xcom_args', 'example_xcom_args_with_operators' retrieved from /home/airflow/.local/lib/python3.12/site-packages/airflow/example_dags/example_xcomargs.py
[2026-08-04T19:51:26.005+0000] {logging_mixin.py:188} INFO - [2026-08-04T19:51:26.004+0000] {dag.py:3089} INFO - Sync 2 DAGs
[2026-08-04T19:51:26.111+0000] {logging_mixin.py:188} INFO - [2026-08-04T19:51:26.110+0000] {dag.py:3947} INFO - Setting next_dagrun for example_xcom_args to None, run_after=None
[2026-08-04T19:51:26.122+0000] {logging_mixin.py:188} INFO - [2026-08-04T19:51:26.122+0000] {dag.py:3947} INFO - Setting next_dagrun for example_xcom_args_with_operators to None, run_after=None
[2026-08-04T19:51:26.170+0000] {processor.py:183} INFO - Processing /home/airflow/.local/lib/python3.12/site-packages/airflow/example_dags/example_xcomargs.py took 0.510 seconds
[2026-08-04T19:51:57.063+0000] {processor.py:161} INFO - Started process (PID=5827) to work on /home/airflow/.local/lib/python3.12/site-packages/airflow/example_dags/example_xcomargs.py
[2026-08-04T19:51:57.079+0000] {processor.py:830} INFO - Processing file /home/airflow/.local/lib/python3.12/site-packages/airflow/example_dags/example_xcomargs.py for tasks to queue
[2026-08-04T19:51:57.086+0000] {logging_mixin.py:188} INFO - [2026-08-04T19:51:57.084+0000] {dagbag.py:545} INFO - Filling up the DagBag from /home/airflow/.local/lib/python3.12/site-packages/airflow/example_dags/example_xcomargs.py
[2026-08-04T19:51:57.239+0000] {processor.py:840} INFO - DAG(s) 'example_xcom_args', 'example_xcom_args_with_operators' retrieved from /home/airflow/.local/lib/python3.12/site-packages/airflow/example_dags/example_xcomargs.py
[2026-08-04T19:51:57.373+0000] {logging_mixin.py:188} INFO - [2026-08-04T19:51:57.372+0000] {dag.py:3089} INFO - Sync 2 DAGs
[2026-08-04T19:51:57.412+0000] {logging_mixin.py:188} INFO - [2026-08-04T19:51:57.411+0000] {dag.py:3947} INFO - Setting next_dagrun for example_xcom_args to None, run_after=None
[2026-08-04T19:51:57.484+0000] {logging_mixin.py:188} INFO - [2026-08-04T19:51:57.484+0000] {dag.py:3947} INFO - Setting next_dagrun for example_xcom_args_with_operators to None, run_after=None
[2026-08-04T19:51:57.669+0000] {processor.py:183} INFO - Processing /home/airflow/.local/lib/python3.12/site-packages/airflow/example_dags/example_xcomargs.py took 0.658 seconds
[2026-08-04T19:52:30.209+0000] {processor.py:161} INFO - Started process (PID=5899) to work on /home/airflow/.local/lib/python3.12/site-packages/airflow/example_dags/example_xcomargs.py
[2026-08-04T19:52:30.218+0000] {processor.py:830} INFO - Processing file /home/airflow/.local/lib/python3.12/site-packages/airflow/example_dags/example_xcomargs.py for tasks to queue
[2026-08-04T19:52:30.224+0000] {logging_mixin.py:188} INFO - [2026-08-04T19:52:30.223+0000] {dagbag.py:545} INFO - Filling up the DagBag from /home/airflow/.local/lib/python3.12/site-packages/airflow/example_dags/example_xcomargs.py
[2026-08-04T19:52:30.283+0000] {processor.py:840} INFO - DAG(s) 'example_xcom_args_with_operators', 'example_xcom_args' retrieved from /home/airflow/.local/lib/python3.12/site-packages/airflow/example_dags/example_xcomargs.py
[2026-08-04T19:52:30.604+0000] {logging_mixin.py:188} INFO - [2026-08-04T19:52:30.603+0000] {dag.py:3089} INFO - Sync 2 DAGs
[2026-08-04T19:52:30.688+0000] {logging_mixin.py:188} INFO - [2026-08-04T19:52:30.682+0000] {dag.py:3947} INFO - Setting next_dagrun for example_xcom_args to None, run_after=None
[2026-08-04T19:52:30.702+0000] {logging_mixin.py:188} INFO - [2026-08-04T19:52:30.701+0000] {dag.py:3947} INFO - Setting next_dagrun for example_xcom_args_with_operators to None, run_after=None
[2026-08-04T19:52:30.879+0000] {processor.py:183} INFO - Processing /home/airflow/.local/lib/python3.12/site-packages/airflow/example_dags/example_xcomargs.py took 0.703 seconds
[2026-08-04T19:53:02.491+0000] {processor.py:161} INFO - Started process (PID=5965) to work on /home/airflow/.local/lib/python3.12/site-packages/airflow/example_dags/example_xcomargs.py
[2026-08-04T19:53:02.503+0000] {processor.py:830} INFO - Processing file /home/airflow/.local/lib/python3.12/site-packages/airflow/example_dags/example_xcomargs.py for tasks to queue
[2026-08-04T19:53:02.513+0000] {logging_mixin.py:188} INFO - [2026-08-04T19:53:02.512+0000] {dagbag.py:545} INFO - Filling up the DagBag from /home/airflow/.local/lib/python3.12/site-packages/airflow/example_dags/example_xcomargs.py
[2026-08-04T19:53:02.652+0000] {processor.py:840} INFO - DAG(s) 'example_xcom_args_with_operators', 'example_xcom_args' retrieved from /home/airflow/.local/lib/python3.12/site-packages/airflow/example_dags/example_xcomargs.py
[2026-08-04T19:53:02.822+0000] {logging_mixin.py:188} INFO - [2026-08-04T19:53:02.822+0000] {dag.py:3089} INFO - Sync 2 DAGs
[2026-08-04T19:53:02.898+0000] {logging_mixin.py:188} INFO - [2026-08-04T19:53:02.897+0000] {dag.py:3947} INFO - Setting next_dagrun for example_xcom_args to None, run_after=None
[2026-08-04T19:53:03.026+0000] {logging_mixin.py:188} INFO - [2026-08-04T19:53:03.026+0000] {dag.py:3947} INFO - Setting next_dagrun for example_xcom_args_with_operators to None, run_after=None
[2026-08-04T19:53:03.197+0000] {processor.py:183} INFO - Processing /home/airflow/.local/lib/python3.12/site-packages/airflow/example_dags/example_xcomargs.py took 0.737 seconds
[2026-08-04T19:53:35.096+0000] {processor.py:161} INFO - Started process (PID=6035) to work on /home/airflow/.local/lib/python3.12/site-packages/airflow/example_dags/example_xcomargs.py
[2026-08-04T19:53:35.099+0000] {processor.py:830} INFO - Processing file /home/airflow/.local/lib/python3.12/site-packages/airflow/example_dags/example_xcomargs.py for tasks to queue
[2026-08-04T19:53:35.104+0000] {logging_mixin.py:188} INFO - [2026-08-04T19:53:35.103+0000] {dagbag.py:545} INFO - Filling up the DagBag from /home/airflow/.local/lib/python3.12/site-packages/airflow/example_dags/example_xcomargs.py
[2026-08-04T19:53:35.134+0000] {processor.py:840} INFO - DAG(s) 'example_xcom_args_with_operators', 'example_xcom_args' retrieved from /home/airflow/.local/lib/python3.12/site-packages/airflow/example_dags/example_xcomargs.py
[2026-08-04T19:53:35.215+0000] {logging_mixin.py:188} INFO - [2026-08-04T19:53:35.214+0000] {dag.py:3089} INFO - Sync 2 DAGs
[2026-08-04T19:53:35.254+0000] {logging_mixin.py:188} INFO - [2026-08-04T19:53:35.253+0000] {dag.py:3947} INFO - Setting next_dagrun for example_xcom_args to None, run_after=None
[2026-08-04T19:53:35.276+0000] {logging_mixin.py:188} INFO - [2026-08-04T19:53:35.275+0000] {dag.py:3947} INFO - Setting next_dagrun for example_xcom_args_with_operators to None, run_after=None
[2026-08-04T19:53:35.373+0000] {processor.py:183} INFO - Processing /home/airflow/.local/lib/python3.12/site-packages/airflow/example_dags/example_xcomargs.py took 0.294 seconds
[2026-08-04T19:54:11.102+0000] {processor.py:161} INFO - Started process (PID=6105) to work on /home/airflow/.local/lib/python3.12/site-packages/airflow/example_dags/example_xcomargs.py
[2026-08-04T19:54:11.108+0000] {processor.py:830} INFO - Processing file /home/airflow/.local/lib/python3.12/site-packages/airflow/example_dags/example_xcomargs.py for tasks to queue
[2026-08-04T19:54:11.116+0000] {logging_mixin.py:188} INFO - [2026-08-04T19:54:11.115+0000] {dagbag.py:545} INFO - Filling up the DagBag from /home/airflow/.local/lib/python3.12/site-packages/airflow/example_dags/example_xcomargs.py
[2026-08-04T19:54:11.178+0000] {processor.py:840} INFO - DAG(s) 'example_xcom_args_with_operators', 'example_xcom_args' retrieved from /home/airflow/.local/lib/python3.12/site-packages/airflow/example_dags/example_xcomargs.py
[2026-08-04T19:54:11.276+0000] {logging_mixin.py:188} INFO - [2026-08-04T19:54:11.275+0000] {dag.py:3089} INFO - Sync 2 DAGs
[2026-08-04T19:54:11.329+0000] {logging_mixin.py:188} INFO - [2026-08-04T19:54:11.328+0000] {dag.py:3947} INFO - Setting next_dagrun for example_xcom_args to None, run_after=None
[2026-08-04T19:54:11.369+0000] {logging_mixin.py:188} INFO - [2026-08-04T19:54:11.368+0000] {dag.py:3947} INFO - Setting next_dagrun for example_xcom_args_with_operators to None, run_after=None
[2026-08-04T19:54:11.435+0000] {processor.py:183} INFO - Processing /home/airflow/.local/lib/python3.12/site-packages/airflow/example_dags/example_xcomargs.py took 0.385 seconds
[2026-08-04T19:54:42.800+0000] {processor.py:161} INFO - Started process (PID=6169) to work on /home/airflow/.local/lib/python3.12/site-packages/airflow/example_dags/example_xcomargs.py
[2026-08-04T19:54:42.837+0000] {processor.py:830} INFO - Processing file /home/airflow/.local/lib/python3.12/site-packages/airflow/example_dags/example_xcomargs.py for tasks to queue
[2026-08-04T19:54:42.844+0000] {logging_mixin.py:188} INFO - [2026-08-04T19:54:42.843+0000] {dagbag.py:545} INFO - Filling up the DagBag from /home/airflow/.local/lib/python3.12/site-packages/airflow/example_dags/example_xcomargs.py
[2026-08-04T19:54:42.967+0000] {processor.py:840} INFO - DAG(s) 'example_xcom_args_with_operators', 'example_xcom_args' retrieved from /home/airflow/.local/lib/python3.12/site-packages/airflow/example_dags/example_xcomargs.py
[2026-08-04T19:54:43.077+0000] {logging_mixin.py:188} INFO - [2026-08-04T19:54:43.076+0000] {dag.py:3089} INFO - Sync 2 DAGs
[2026-08-04T19:54:43.162+0000] {logging_mixin.py:188} INFO - [2026-08-04T19:54:43.161+0000] {dag.py:3947} INFO - Setting next_dagrun for example_xcom_args to None, run_after=None
[2026-08-04T19:54:43.173+0000] {logging_mixin.py:188} INFO - [2026-08-04T19:54:43.173+0000] {dag.py:3947} INFO - Setting next_dagrun for example_xcom_args_with_operators to None, run_after=None
[2026-08-04T19:54:43.296+0000] {processor.py:183} INFO - Processing /home/airflow/.local/lib/python3.12/site-packages/airflow/example_dags/example_xcomargs.py took 0.623 seconds
[2026-08-04T19:55:21.088+0000] {processor.py:161} INFO - Started process (PID=6243) to work on /home/airflow/.local/lib/python3.12/site-packages/airflow/example_dags/example_xcomargs.py
[2026-08-04T19:55:21.096+0000] {processor.py:830} INFO - Processing file /home/airflow/.local/lib/python3.12/site-packages/airflow/example_dags/example_xcomargs.py for tasks to queue
[2026-08-04T19:55:21.139+0000] {logging_mixin.py:188} INFO - [2026-08-04T19:55:21.137+0000] {dagbag.py:545} INFO - Filling up the DagBag from /home/airflow/.local/lib/python3.12/site-packages/airflow/example_dags/example_xcomargs.py
[2026-08-04T19:55:21.367+0000] {processor.py:840} INFO - DAG(s) 'example_xcom_args', 'example_xcom_args_with_operators' retrieved from /home/airflow/.local/lib/python3.12/site-packages/airflow/example_dags/example_xcomargs.py
[2026-08-04T19:55:21.733+0000] {logging_mixin.py:188} INFO - [2026-08-04T19:55:21.732+0000] {dag.py:3089} INFO - Sync 2 DAGs
[2026-08-04T19:55:21.793+0000] {logging_mixin.py:188} INFO - [2026-08-04T19:55:21.793+0000] {dag.py:3947} INFO - Setting next_dagrun for example_xcom_args to None, run_after=None
[2026-08-04T19:55:21.816+0000] {logging_mixin.py:188} INFO - [2026-08-04T19:55:21.811+0000] {dag.py:3947} INFO - Setting next_dagrun for example_xcom_args_with_operators to None, run_after=None
[2026-08-04T19:55:21.948+0000] {processor.py:183} INFO - Processing /home/airflow/.local/lib/python3.12/site-packages/airflow/example_dags/example_xcomargs.py took 0.934 seconds
[2026-08-04T19:55:58.666+0000] {processor.py:161} INFO - Started process (PID=6317) to work on /home/airflow/.local/lib/python3.12/site-packages/airflow/example_dags/example_xcomargs.py
[2026-08-04T19:55:58.704+0000] {processor.py:830} INFO - Processing file /home/airflow/.local/lib/python3.12/site-packages/airflow/example_dags/example_xcomargs.py for tasks to queue
[2026-08-04T19:55:58.720+0000] {logging_mixin.py:188} INFO - [2026-08-04T19:55:58.719+0000] {dagbag.py:545} INFO - Filling up the DagBag from /home/airflow/.local/lib/python3.12/site-packages/airflow/example_dags/example_xcomargs.py
[2026-08-04T19:55:58.868+0000] {processor.py:840} INFO - DAG(s) 'example_xcom_args', 'example_xcom_args_with_operators' retrieved from /home/airflow/.local/lib/python3.12/site-packages/airflow/example_dags/example_xcomargs.py
[2026-08-04T19:55:59.188+0000] {logging_mixin.py:188} INFO - [2026-08-04T19:55:59.188+0000] {dag.py:3089} INFO - Sync 2 DAGs
[2026-08-04T19:55:59.444+0000] {logging_mixin.py:188} INFO - [2026-08-04T19:55:59.442+0000] {dag.py:3947} INFO - Setting next_dagrun for example_xcom_args to None, run_after=None
[2026-08-04T19:55:59.503+0000] {logging_mixin.py:188} INFO - [2026-08-04T19:55:59.501+0000] {dag.py:3947} INFO - Setting next_dagrun for example_xcom_args_with_operators to None, run_after=None
[2026-08-04T19:55:59.738+0000] {processor.py:183} INFO - Processing /home/airflow/.local/lib/python3.12/site-packages/airflow/example_dags/example_xcomargs.py took 1.157 seconds
[2026-08-04T19:56:36.079+0000] {processor.py:161} INFO - Started process (PID=6390) to work on /home/airflow/.local/lib/python3.12/site-packages/airflow/example_dags/example_xcomargs.py
[2026-08-04T19:56:36.082+0000] {processor.py:830} INFO - Processing file /home/airflow/.local/lib/python3.12/site-packages/airflow/example_dags/example_xcomargs.py for tasks to queue
[2026-08-04T19:56:36.090+0000] {logging_mixin.py:188} INFO - [2026-08-04T19:56:36.089+0000] {dagbag.py:545} INFO - Filling up the DagBag from /home/airflow/.local/lib/python3.12/site-packages/airflow/example_dags/example_xcomargs.py
[2026-08-04T19:56:36.121+0000] {processor.py:840} INFO - DAG(s) 'example_xcom_args_with_operators', 'example_xcom_args' retrieved from /home/airflow/.local/lib/python3.12/site-packages/airflow/example_dags/example_xcomargs.py
[2026-08-04T19:56:36.213+0000] {logging_mixin.py:188} INFO - [2026-08-04T19:56:36.212+0000] {dag.py:3089} INFO - Sync 2 DAGs
[2026-08-04T19:56:36.260+0000] {logging_mixin.py:188} INFO - [2026-08-04T19:56:36.260+0000] {dag.py:3947} INFO - Setting next_dagrun for example_xcom_args to None, run_after=None
[2026-08-04T19:56:36.287+0000] {logging_mixin.py:188} INFO - [2026-08-04T19:56:36.286+0000] {dag.py:3947} INFO - Setting next_dagrun for example_xcom_args_with_operators to None, run_after=None
[2026-08-04T19:56:36.348+0000] {processor.py:183} INFO - Processing /home/airflow/.local/lib/python3.12/site-packages/airflow/example_dags/example_xcomargs.py took 0.295 seconds
[2026-08-04T19:57:13.709+0000] {processor.py:161} INFO - Started process (PID=6464) to work on /home/airflow/.local/lib/python3.12/site-packages/airflow/example_dags/example_xcomargs.py
[2026-08-04T19:57:13.724+0000] {processor.py:830} INFO - Processing file /home/airflow/.local/lib/python3.12/site-packages/airflow/example_dags/example_xcomargs.py for tasks to queue
[2026-08-04T19:57:13.727+0000] {logging_mixin.py:188} INFO - [2026-08-04T19:57:13.727+0000] {dagbag.py:545} INFO - Filling up the DagBag from /home/airflow/.local/lib/python3.12/site-packages/airflow/example_dags/example_xcomargs.py
[2026-08-04T19:57:13.788+0000] {processor.py:840} INFO - DAG(s) 'example_xcom_args', 'example_xcom_args_with_operators' retrieved from /home/airflow/.local/lib/python3.12/site-packages/airflow/example_dags/example_xcomargs.py
[2026-08-04T19:57:13.915+0000] {logging_mixin.py:188} INFO - [2026-08-04T19:57:13.914+0000] {dag.py:3089} INFO - Sync 2 DAGs
[2026-08-04T19:57:14.096+0000] {logging_mixin.py:188} INFO - [2026-08-04T19:57:14.095+0000] {dag.py:3947} INFO - Setting next_dagrun for example_xcom_args to None, run_after=None
[2026-08-04T19:57:14.145+0000] {logging_mixin.py:188} INFO - [2026-08-04T19:57:14.145+0000] {dag.py:3947} INFO - Setting next_dagrun for example_xcom_args_with_operators to None, run_after=None
[2026-08-04T19:57:14.217+0000] {processor.py:183} INFO - Processing /home/airflow/.local/lib/python3.12/site-packages/airflow/example_dags/example_xcomargs.py took 0.561 seconds
[2026-08-04T19:57:45.641+0000] {processor.py:161} INFO - Started process (PID=6530) to work on /home/airflow/.local/lib/python3.12/site-packages/airflow/example_dags/example_xcomargs.py
[2026-08-04T19:57:45.657+0000] {processor.py:830} INFO - Processing file /home/airflow/.local/lib/python3.12/site-packages/airflow/example_dags/example_xcomargs.py for tasks to queue
[2026-08-04T19:57:45.679+0000] {logging_mixin.py:188} INFO - [2026-08-04T19:57:45.670+0000] {dagbag.py:545} INFO - Filling up the DagBag from /home/airflow/.local/lib/python3.12/site-packages/airflow/example_dags/example_xcomargs.py
[2026-08-04T19:57:45.776+0000] {processor.py:840} INFO - DAG(s) 'example_xcom_args_with_operators', 'example_xcom_args' retrieved from /home/airflow/.local/lib/python3.12/site-packages/airflow/example_dags/example_xcomargs.py
[2026-08-04T19:57:45.949+0000] {logging_mixin.py:188} INFO - [2026-08-04T19:57:45.948+0000] {dag.py:3089} INFO - Sync 2 DAGs
[2026-08-04T19:57:46.055+0000] {logging_mixin.py:188} INFO - [2026-08-04T19:57:46.054+0000] {dag.py:3947} INFO - Setting next_dagrun for example_xcom_args to None, run_after=None
[2026-08-04T19:57:46.079+0000] {logging_mixin.py:188} INFO - [2026-08-04T19:57:46.078+0000] {dag.py:3947} INFO - Setting next_dagrun for example_xcom_args_with_operators to None, run_after=None
[2026-08-04T19:57:46.222+0000] {processor.py:183} INFO - Processing /home/airflow/.local/lib/python3.12/site-packages/airflow/example_dags/example_xcomargs.py took 0.661 seconds
[2026-08-04T19:58:20.537+0000] {processor.py:161} INFO - Started process (PID=6600) to work on /home/airflow/.local/lib/python3.12/site-packages/airflow/example_dags/example_xcomargs.py
[2026-08-04T19:58:20.555+0000] {processor.py:830} INFO - Processing file /home/airflow/.local/lib/python3.12/site-packages/airflow/example_dags/example_xcomargs.py for tasks to queue
[2026-08-04T19:58:20.582+0000] {logging_mixin.py:188} INFO - [2026-08-04T19:58:20.558+0000] {dagbag.py:545} INFO - Filling up the DagBag from /home/airflow/.local/lib/python3.12/site-packages/airflow/example_dags/example_xcomargs.py
[2026-08-04T19:58:20.707+0000] {processor.py:840} INFO - DAG(s) 'example_xcom_args', 'example_xcom_args_with_operators' retrieved from /home/airflow/.local/lib/python3.12/site-packages/airflow/example_dags/example_xcomargs.py
[2026-08-04T19:58:20.890+0000] {logging_mixin.py:188} INFO - [2026-08-04T19:58:20.889+0000] {dag.py:3089} INFO - Sync 2 DAGs
[2026-08-04T19:58:21.104+0000] {logging_mixin.py:188} INFO - [2026-08-04T19:58:21.103+0000] {dag.py:3947} INFO - Setting next_dagrun for example_xcom_args to None, run_after=None
[2026-08-04T19:58:21.172+0000] {logging_mixin.py:188} INFO - [2026-08-04T19:58:21.171+0000] {dag.py:3947} INFO - Setting next_dagrun for example_xcom_args_with_operators to None, run_after=None
[2026-08-04T19:58:21.390+0000] {processor.py:183} INFO - Processing /home/airflow/.local/lib/python3.12/site-packages/airflow/example_dags/example_xcomargs.py took 0.933 seconds
[2026-08-04T19:58:58.419+0000] {processor.py:161} INFO - Started process (PID=6673) to work on /home/airflow/.local/lib/python3.12/site-packages/airflow/example_dags/example_xcomargs.py
[2026-08-04T19:58:58.423+0000] {processor.py:830} INFO - Processing file /home/airflow/.local/lib/python3.12/site-packages/airflow/example_dags/example_xcomargs.py for tasks to queue
[2026-08-04T19:58:58.427+0000] {logging_mixin.py:188} INFO - [2026-08-04T19:58:58.426+0000] {dagbag.py:545} INFO - Filling up the DagBag from /home/airflow/.local/lib/python3.12/site-packages/airflow/example_dags/example_xcomargs.py
[2026-08-04T19:58:58.457+0000] {processor.py:840} INFO - DAG(s) 'example_xcom_args', 'example_xcom_args_with_operators' retrieved from /home/airflow/.local/lib/python3.12/site-packages/airflow/example_dags/example_xcomargs.py
[2026-08-04T19:58:58.610+0000] {logging_mixin.py:188} INFO - [2026-08-04T19:58:58.609+0000] {dag.py:3089} INFO - Sync 2 DAGs
[2026-08-04T19:58:58.748+0000] {logging_mixin.py:188} INFO - [2026-08-04T19:58:58.747+0000] {dag.py:3947} INFO - Setting next_dagrun for example_xcom_args to None, run_after=None
[2026-08-04T19:58:58.849+0000] {logging_mixin.py:188} INFO - [2026-08-04T19:58:58.845+0000] {dag.py:3947} INFO - Setting next_dagrun for example_xcom_args_with_operators to None, run_after=None
[2026-08-04T19:58:59.010+0000] {processor.py:183} INFO - Processing /home/airflow/.local/lib/python3.12/site-packages/airflow/example_dags/example_xcomargs.py took 0.633 seconds
[2026-08-04T19:59:36.776+0000] {processor.py:161} INFO - Started process (PID=6750) to work on /home/airflow/.local/lib/python3.12/site-packages/airflow/example_dags/example_xcomargs.py
[2026-08-04T19:59:36.779+0000] {processor.py:830} INFO - Processing file /home/airflow/.local/lib/python3.12/site-packages/airflow/example_dags/example_xcomargs.py for tasks to queue
[2026-08-04T19:59:36.783+0000] {logging_mixin.py:188} INFO - [2026-08-04T19:59:36.782+0000] {dagbag.py:545} INFO - Filling up the DagBag from /home/airflow/.local/lib/python3.12/site-packages/airflow/example_dags/example_xcomargs.py
[2026-08-04T19:59:36.824+0000] {processor.py:840} INFO - DAG(s) 'example_xcom_args_with_operators', 'example_xcom_args' retrieved from /home/airflow/.local/lib/python3.12/site-packages/airflow/example_dags/example_xcomargs.py
[2026-08-04T19:59:36.915+0000] {logging_mixin.py:188} INFO - [2026-08-04T19:59:36.914+0000] {dag.py:3089} INFO - Sync 2 DAGs
[2026-08-04T19:59:36.962+0000] {logging_mixin.py:188} INFO - [2026-08-04T19:59:36.961+0000] {dag.py:3947} INFO - Setting next_dagrun for example_xcom_args to None, run_after=None
[2026-08-04T19:59:36.978+0000] {logging_mixin.py:188} INFO - [2026-08-04T19:59:36.976+0000] {dag.py:3947} INFO - Setting next_dagrun for example_xcom_args_with_operators to None, run_after=None
[2026-08-04T19:59:37.084+0000] {processor.py:183} INFO - Processing /home/airflow/.local/lib/python3.12/site-packages/airflow/example_dags/example_xcomargs.py took 0.329 seconds
[2026-08-04T20:00:08.805+0000] {processor.py:161} INFO - Started process (PID=6816) to work on /home/airflow/.local/lib/python3.12/site-packages/airflow/example_dags/example_xcomargs.py
[2026-08-04T20:00:08.850+0000] {processor.py:830} INFO - Processing file /home/airflow/.local/lib/python3.12/site-packages/airflow/example_dags/example_xcomargs.py for tasks to queue
[2026-08-04T20:00:08.871+0000] {logging_mixin.py:188} INFO - [2026-08-04T20:00:08.870+0000] {dagbag.py:545} INFO - Filling up the DagBag from /home/airflow/.local/lib/python3.12/site-packages/airflow/example_dags/example_xcomargs.py
[2026-08-04T20:00:09.102+0000] {processor.py:840} INFO - DAG(s) 'example_xcom_args_with_operators', 'example_xcom_args' retrieved from /home/airflow/.local/lib/python3.12/site-packages/airflow/example_dags/example_xcomargs.py
[2026-08-04T20:00:09.268+0000] {logging_mixin.py:188} INFO - [2026-08-04T20:00:09.267+0000] {dag.py:3089} INFO - Sync 2 DAGs
[2026-08-04T20:00:09.347+0000] {logging_mixin.py:188} INFO - [2026-08-04T20:00:09.346+0000] {dag.py:3947} INFO - Setting next_dagrun for example_xcom_args to None, run_after=None
[2026-08-04T20:00:09.411+0000] {logging_mixin.py:188} INFO - [2026-08-04T20:00:09.411+0000] {dag.py:3947} INFO - Setting next_dagrun for example_xcom_args_with_operators to None, run_after=None
[2026-08-04T20:00:09.508+0000] {processor.py:183} INFO - Processing /home/airflow/.local/lib/python3.12/site-packages/airflow/example_dags/example_xcomargs.py took 0.758 seconds
[2026-08-04T20:00:43.541+0000] {processor.py:161} INFO - Started process (PID=6888) to work on /home/airflow/.local/lib/python3.12/site-packages/airflow/example_dags/example_xcomargs.py
[2026-08-04T20:00:43.554+0000] {processor.py:830} INFO - Processing file /home/airflow/.local/lib/python3.12/site-packages/airflow/example_dags/example_xcomargs.py for tasks to queue
[2026-08-04T20:00:43.567+0000] {logging_mixin.py:188} INFO - [2026-08-04T20:00:43.566+0000] {dagbag.py:545} INFO - Filling up the DagBag from /home/airflow/.local/lib/python3.12/site-packages/airflow/example_dags/example_xcomargs.py
[2026-08-04T20:00:43.722+0000] {processor.py:840} INFO - DAG(s) 'example_xcom_args', 'example_xcom_args_with_operators' retrieved from /home/airflow/.local/lib/python3.12/site-packages/airflow/example_dags/example_xcomargs.py
[2026-08-04T20:00:44.182+0000] {logging_mixin.py:188} INFO - [2026-08-04T20:00:44.180+0000] {dag.py:3089} INFO - Sync 2 DAGs
[2026-08-04T20:00:44.297+0000] {logging_mixin.py:188} INFO - [2026-08-04T20:00:44.295+0000] {dag.py:3947} INFO - Setting next_dagrun for example_xcom_args to None, run_after=None
[2026-08-04T20:00:44.318+0000] {logging_mixin.py:188} INFO - [2026-08-04T20:00:44.316+0000] {dag.py:3947} INFO - Setting next_dagrun for example_xcom_args_with_operators to None, run_after=None
[2026-08-04T20:00:44.446+0000] {processor.py:183} INFO - Processing /home/airflow/.local/lib/python3.12/site-packages/airflow/example_dags/example_xcomargs.py took 1.006 seconds
[2026-08-04T20:01:22.407+0000] {processor.py:161} INFO - Started process (PID=6960) to work on /home/airflow/.local/lib/python3.12/site-packages/airflow/example_dags/example_xcomargs.py
[2026-08-04T20:01:22.420+0000] {processor.py:830} INFO - Processing file /home/airflow/.local/lib/python3.12/site-packages/airflow/example_dags/example_xcomargs.py for tasks to queue
[2026-08-04T20:01:22.430+0000] {logging_mixin.py:188} INFO - [2026-08-04T20:01:22.429+0000] {dagbag.py:545} INFO - Filling up the DagBag from /home/airflow/.local/lib/python3.12/site-packages/airflow/example_dags/example_xcomargs.py
[2026-08-04T20:01:22.493+0000] {processor.py:840} INFO - DAG(s) 'example_xcom_args', 'example_xcom_args_with_operators' retrieved from /home/airflow/.local/lib/python3.12/site-packages/airflow/example_dags/example_xcomargs.py
[2026-08-04T20:01:22.625+0000] {logging_mixin.py:188} INFO - [2026-08-04T20:01:22.624+0000] {dag.py:3089} INFO - Sync 2 DAGs
[2026-08-04T20:01:22.710+0000] {logging_mixin.py:188} INFO - [2026-08-04T20:01:22.709+0000] {dag.py:3947} INFO - Setting next_dagrun for example_xcom_args to None, run_after=None
[2026-08-04T20:01:22.761+0000] {logging_mixin.py:188} INFO - [2026-08-04T20:01:22.761+0000] {dag.py:3947} INFO - Setting next_dagrun for example_xcom_args_with_operators to None, run_after=None
[2026-08-04T20:01:22.901+0000] {processor.py:183} INFO - Processing /home/airflow/.local/lib/python3.12/site-packages/airflow/example_dags/example_xcomargs.py took 0.578 seconds
[2026-08-04T20:02:07.390+0000] {processor.py:161} INFO - Started process (PID=7038) to work on /home/airflow/.local/lib/python3.12/site-packages/airflow/example_dags/example_xcomargs.py
[2026-08-04T20:02:07.407+0000] {processor.py:830} INFO - Processing file /home/airflow/.local/lib/python3.12/site-packages/airflow/example_dags/example_xcomargs.py for tasks to queue
[2026-08-04T20:02:07.422+0000] {logging_mixin.py:188} INFO - [2026-08-04T20:02:07.421+0000] {dagbag.py:545} INFO - Filling up the DagBag from /home/airflow/.local/lib/python3.12/site-packages/airflow/example_dags/example_xcomargs.py
[2026-08-04T20:02:07.566+0000] {processor.py:840} INFO - DAG(s) 'example_xcom_args_with_operators', 'example_xcom_args' retrieved from /home/airflow/.local/lib/python3.12/site-packages/airflow/example_dags/example_xcomargs.py
[2026-08-04T20:02:07.883+0000] {logging_mixin.py:188} INFO - [2026-08-04T20:02:07.882+0000] {dag.py:3089} INFO - Sync 2 DAGs
[2026-08-04T20:02:07.943+0000] {logging_mixin.py:188} INFO - [2026-08-04T20:02:07.943+0000] {dag.py:3947} INFO - Setting next_dagrun for example_xcom_args to None, run_after=None
[2026-08-04T20:02:07.970+0000] {logging_mixin.py:188} INFO - [2026-08-04T20:02:07.969+0000] {dag.py:3947} INFO - Setting next_dagrun for example_xcom_args_with_operators to None, run_after=None
[2026-08-04T20:02:08.038+0000] {processor.py:183} INFO - Processing /home/airflow/.local/lib/python3.12/site-packages/airflow/example_dags/example_xcomargs.py took 0.773 seconds
[2026-08-04T20:06:28.595+0000] {processor.py:161} INFO - Started process (PID=108) to work on /home/airflow/.local/lib/python3.12/site-packages/airflow/example_dags/example_xcomargs.py
[2026-08-04T20:06:28.600+0000] {processor.py:830} INFO - Processing file /home/airflow/.local/lib/python3.12/site-packages/airflow/example_dags/example_xcomargs.py for tasks to queue
[2026-08-04T20:06:28.608+0000] {logging_mixin.py:188} INFO - [2026-08-04T20:06:28.607+0000] {dagbag.py:545} INFO - Filling up the DagBag from /home/airflow/.local/lib/python3.12/site-packages/airflow/example_dags/example_xcomargs.py
[2026-08-04T20:06:28.678+0000] {processor.py:840} INFO - DAG(s) 'example_xcom_args_with_operators', 'example_xcom_args' retrieved from /home/airflow/.local/lib/python3.12/site-packages/airflow/example_dags/example_xcomargs.py
[2026-08-04T20:06:29.294+0000] {logging_mixin.py:188} INFO - [2026-08-04T20:06:29.294+0000] {dag.py:3089} INFO - Sync 2 DAGs
[2026-08-04T20:06:29.383+0000] {logging_mixin.py:188} INFO - [2026-08-04T20:06:29.382+0000] {dag.py:3947} INFO - Setting next_dagrun for example_xcom_args to None, run_after=None
[2026-08-04T20:06:29.402+0000] {logging_mixin.py:188} INFO - [2026-08-04T20:06:29.401+0000] {dag.py:3947} INFO - Setting next_dagrun for example_xcom_args_with_operators to None, run_after=None
[2026-08-04T20:06:29.478+0000] {processor.py:183} INFO - Processing /home/airflow/.local/lib/python3.12/site-packages/airflow/example_dags/example_xcomargs.py took 0.902 seconds
[2026-08-04T20:07:00.153+0000] {processor.py:161} INFO - Started process (PID=174) to work on /home/airflow/.local/lib/python3.12/site-packages/airflow/example_dags/example_xcomargs.py
[2026-08-04T20:07:00.156+0000] {processor.py:830} INFO - Processing file /home/airflow/.local/lib/python3.12/site-packages/airflow/example_dags/example_xcomargs.py for tasks to queue
[2026-08-04T20:07:00.165+0000] {logging_mixin.py:188} INFO - [2026-08-04T20:07:00.163+0000] {dagbag.py:545} INFO - Filling up the DagBag from /home/airflow/.local/lib/python3.12/site-packages/airflow/example_dags/example_xcomargs.py
[2026-08-04T20:07:00.191+0000] {processor.py:840} INFO - DAG(s) 'example_xcom_args', 'example_xcom_args_with_operators' retrieved from /home/airflow/.local/lib/python3.12/site-packages/airflow/example_dags/example_xcomargs.py
[2026-08-04T20:07:00.253+0000] {logging_mixin.py:188} INFO - [2026-08-04T20:07:00.252+0000] {dag.py:3089} INFO - Sync 2 DAGs
[2026-08-04T20:07:00.285+0000] {logging_mixin.py:188} INFO - [2026-08-04T20:07:00.284+0000] {dag.py:3947} INFO - Setting next_dagrun for example_xcom_args to None, run_after=None
[2026-08-04T20:07:00.299+0000] {logging_mixin.py:188} INFO - [2026-08-04T20:07:00.299+0000] {dag.py:3947} INFO - Setting next_dagrun for example_xcom_args_with_operators to None, run_after=None
[2026-08-04T20:07:00.351+0000] {processor.py:183} INFO - Processing /home/airflow/.local/lib/python3.12/site-packages/airflow/example_dags/example_xcomargs.py took 0.214 seconds
[2026-08-04T20:07:31.347+0000] {processor.py:161} INFO - Started process (PID=247) to work on /home/airflow/.local/lib/python3.12/site-packages/airflow/example_dags/example_xcomargs.py
[2026-08-04T20:07:31.351+0000] {processor.py:830} INFO - Processing file /home/airflow/.local/lib/python3.12/site-packages/airflow/example_dags/example_xcomargs.py for tasks to queue
[2026-08-04T20:07:31.358+0000] {logging_mixin.py:188} INFO - [2026-08-04T20:07:31.357+0000] {dagbag.py:545} INFO - Filling up the DagBag from /home/airflow/.local/lib/python3.12/site-packages/airflow/example_dags/example_xcomargs.py
[2026-08-04T20:07:31.401+0000] {processor.py:840} INFO - DAG(s) 'example_xcom_args_with_operators', 'example_xcom_args' retrieved from /home/airflow/.local/lib/python3.12/site-packages/airflow/example_dags/example_xcomargs.py
[2026-08-04T20:07:31.529+0000] {logging_mixin.py:188} INFO - [2026-08-04T20:07:31.528+0000] {dag.py:3089} INFO - Sync 2 DAGs
[2026-08-04T20:07:31.589+0000] {logging_mixin.py:188} INFO - [2026-08-04T20:07:31.589+0000] {dag.py:3947} INFO - Setting next_dagrun for example_xcom_args to None, run_after=None
[2026-08-04T20:07:31.607+0000] {logging_mixin.py:188} INFO - [2026-08-04T20:07:31.606+0000] {dag.py:3947} INFO - Setting next_dagrun for example_xcom_args_with_operators to None, run_after=None
[2026-08-04T20:07:31.678+0000] {processor.py:183} INFO - Processing /home/airflow/.local/lib/python3.12/site-packages/airflow/example_dags/example_xcomargs.py took 0.374 seconds
[2026-08-04T20:08:02.482+0000] {processor.py:161} INFO - Started process (PID=313) to work on /home/airflow/.local/lib/python3.12/site-packages/airflow/example_dags/example_xcomargs.py
[2026-08-04T20:08:02.487+0000] {processor.py:830} INFO - Processing file /home/airflow/.local/lib/python3.12/site-packages/airflow/example_dags/example_xcomargs.py for tasks to queue
[2026-08-04T20:08:02.493+0000] {logging_mixin.py:188} INFO - [2026-08-04T20:08:02.492+0000] {dagbag.py:545} INFO - Filling up the DagBag from /home/airflow/.local/lib/python3.12/site-packages/airflow/example_dags/example_xcomargs.py
[2026-08-04T20:08:02.519+0000] {processor.py:840} INFO - DAG(s) 'example_xcom_args_with_operators', 'example_xcom_args' retrieved from /home/airflow/.local/lib/python3.12/site-packages/airflow/example_dags/example_xcomargs.py
[2026-08-04T20:08:02.602+0000] {logging_mixin.py:188} INFO - [2026-08-04T20:08:02.601+0000] {dag.py:3089} INFO - Sync 2 DAGs
[2026-08-04T20:08:02.652+0000] {logging_mixin.py:188} INFO - [2026-08-04T20:08:02.651+0000] {dag.py:3947} INFO - Setting next_dagrun for example_xcom_args to None, run_after=None
[2026-08-04T20:08:02.671+0000] {logging_mixin.py:188} INFO - [2026-08-04T20:08:02.671+0000] {dag.py:3947} INFO - Setting next_dagrun for example_xcom_args_with_operators to None, run_after=None
[2026-08-04T20:08:02.730+0000] {processor.py:183} INFO - Processing /home/airflow/.local/lib/python3.12/site-packages/airflow/example_dags/example_xcomargs.py took 0.269 seconds
[2026-08-04T20:08:34.449+0000] {processor.py:161} INFO - Started process (PID=385) to work on /home/airflow/.local/lib/python3.12/site-packages/airflow/example_dags/example_xcomargs.py
[2026-08-04T20:08:34.452+0000] {processor.py:830} INFO - Processing file /home/airflow/.local/lib/python3.12/site-packages/airflow/example_dags/example_xcomargs.py for tasks to queue
[2026-08-04T20:08:34.456+0000] {logging_mixin.py:188} INFO - [2026-08-04T20:08:34.456+0000] {dagbag.py:545} INFO - Filling up the DagBag from /home/airflow/.local/lib/python3.12/site-packages/airflow/example_dags/example_xcomargs.py
[2026-08-04T20:08:34.474+0000] {processor.py:840} INFO - DAG(s) 'example_xcom_args', 'example_xcom_args_with_operators' retrieved from /home/airflow/.local/lib/python3.12/site-packages/airflow/example_dags/example_xcomargs.py
[2026-08-04T20:08:34.523+0000] {logging_mixin.py:188} INFO - [2026-08-04T20:08:34.522+0000] {dag.py:3089} INFO - Sync 2 DAGs
[2026-08-04T20:08:34.558+0000] {logging_mixin.py:188} INFO - [2026-08-04T20:08:34.557+0000] {dag.py:3947} INFO - Setting next_dagrun for example_xcom_args to None, run_after=None
[2026-08-04T20:08:34.568+0000] {logging_mixin.py:188} INFO - [2026-08-04T20:08:34.567+0000] {dag.py:3947} INFO - Setting next_dagrun for example_xcom_args_with_operators to None, run_after=None
[2026-08-04T20:08:34.610+0000] {processor.py:183} INFO - Processing /home/airflow/.local/lib/python3.12/site-packages/airflow/example_dags/example_xcomargs.py took 0.171 seconds
