[2026-08-04T07:53:24.508+0000] {processor.py:161} INFO - Started process (PID=129) to work on /home/airflow/.local/lib/python3.12/site-packages/airflow/example_dags/example_complex.py
[2026-08-04T07:53:24.531+0000] {processor.py:830} INFO - Processing file /home/airflow/.local/lib/python3.12/site-packages/airflow/example_dags/example_complex.py for tasks to queue
[2026-08-04T07:53:24.544+0000] {logging_mixin.py:188} INFO - [2026-08-04T07:53:24.542+0000] {dagbag.py:545} INFO - Filling up the DagBag from /home/airflow/.local/lib/python3.12/site-packages/airflow/example_dags/example_complex.py
[2026-08-04T07:53:24.703+0000] {processor.py:840} INFO - DAG(s) 'example_complex' retrieved from /home/airflow/.local/lib/python3.12/site-packages/airflow/example_dags/example_complex.py
[2026-08-04T07:53:25.831+0000] {logging_mixin.py:188} INFO - [2026-08-04T07:53:25.830+0000] {dag.py:3089} INFO - Sync 1 DAGs
[2026-08-04T07:53:26.061+0000] {logging_mixin.py:188} INFO - [2026-08-04T07:53:26.036+0000] {dag.py:3947} INFO - Setting next_dagrun for example_complex to None, run_after=None
[2026-08-04T07:53:26.473+0000] {processor.py:183} INFO - Processing /home/airflow/.local/lib/python3.12/site-packages/airflow/example_dags/example_complex.py took 2.015 seconds
[2026-08-04T07:54:29.165+0000] {processor.py:161} INFO - Started process (PID=214) to work on /home/airflow/.local/lib/python3.12/site-packages/airflow/example_dags/example_complex.py
[2026-08-04T07:54:29.169+0000] {processor.py:830} INFO - Processing file /home/airflow/.local/lib/python3.12/site-packages/airflow/example_dags/example_complex.py for tasks to queue
[2026-08-04T07:54:29.178+0000] {logging_mixin.py:188} INFO - [2026-08-04T07:54:29.177+0000] {dagbag.py:545} INFO - Filling up the DagBag from /home/airflow/.local/lib/python3.12/site-packages/airflow/example_dags/example_complex.py
[2026-08-04T07:54:29.228+0000] {processor.py:840} INFO - DAG(s) 'example_complex' retrieved from /home/airflow/.local/lib/python3.12/site-packages/airflow/example_dags/example_complex.py
[2026-08-04T07:54:29.386+0000] {logging_mixin.py:188} INFO - [2026-08-04T07:54:29.386+0000] {dag.py:3089} INFO - Sync 1 DAGs
[2026-08-04T07:54:29.470+0000] {logging_mixin.py:188} INFO - [2026-08-04T07:54:29.469+0000] {dag.py:3947} INFO - Setting next_dagrun for example_complex to None, run_after=None
[2026-08-04T07:54:29.547+0000] {processor.py:183} INFO - Processing /home/airflow/.local/lib/python3.12/site-packages/airflow/example_dags/example_complex.py took 0.414 seconds
[2026-08-04T07:55:10.038+0000] {processor.py:161} INFO - Started process (PID=288) to work on /home/airflow/.local/lib/python3.12/site-packages/airflow/example_dags/example_complex.py
[2026-08-04T07:55:10.053+0000] {processor.py:830} INFO - Processing file /home/airflow/.local/lib/python3.12/site-packages/airflow/example_dags/example_complex.py for tasks to queue
[2026-08-04T07:55:10.072+0000] {logging_mixin.py:188} INFO - [2026-08-04T07:55:10.071+0000] {dagbag.py:545} INFO - Filling up the DagBag from /home/airflow/.local/lib/python3.12/site-packages/airflow/example_dags/example_complex.py
[2026-08-04T07:55:10.231+0000] {processor.py:840} INFO - DAG(s) 'example_complex' retrieved from /home/airflow/.local/lib/python3.12/site-packages/airflow/example_dags/example_complex.py
[2026-08-04T07:55:10.703+0000] {logging_mixin.py:188} INFO - [2026-08-04T07:55:10.703+0000] {dag.py:3089} INFO - Sync 1 DAGs
[2026-08-04T07:55:10.751+0000] {logging_mixin.py:188} INFO - [2026-08-04T07:55:10.751+0000] {dag.py:3947} INFO - Setting next_dagrun for example_complex to None, run_after=None
[2026-08-04T07:55:10.821+0000] {processor.py:183} INFO - Processing /home/airflow/.local/lib/python3.12/site-packages/airflow/example_dags/example_complex.py took 0.882 seconds
[2026-08-04T07:56:10.352+0000] {processor.py:161} INFO - Started process (PID=360) to work on /home/airflow/.local/lib/python3.12/site-packages/airflow/example_dags/example_complex.py
[2026-08-04T07:56:10.363+0000] {processor.py:830} INFO - Processing file /home/airflow/.local/lib/python3.12/site-packages/airflow/example_dags/example_complex.py for tasks to queue
[2026-08-04T07:56:10.380+0000] {logging_mixin.py:188} INFO - [2026-08-04T07:56:10.379+0000] {dagbag.py:545} INFO - Filling up the DagBag from /home/airflow/.local/lib/python3.12/site-packages/airflow/example_dags/example_complex.py
[2026-08-04T07:56:10.471+0000] {processor.py:840} INFO - DAG(s) 'example_complex' retrieved from /home/airflow/.local/lib/python3.12/site-packages/airflow/example_dags/example_complex.py
[2026-08-04T07:56:10.746+0000] {logging_mixin.py:188} INFO - [2026-08-04T07:56:10.746+0000] {dag.py:3089} INFO - Sync 1 DAGs
[2026-08-04T07:56:11.029+0000] {logging_mixin.py:188} INFO - [2026-08-04T07:56:11.028+0000] {dag.py:3947} INFO - Setting next_dagrun for example_complex to None, run_after=None
[2026-08-04T07:56:11.479+0000] {processor.py:183} INFO - Processing /home/airflow/.local/lib/python3.12/site-packages/airflow/example_dags/example_complex.py took 1.165 seconds
[2026-08-04T07:56:59.445+0000] {processor.py:161} INFO - Started process (PID=437) to work on /home/airflow/.local/lib/python3.12/site-packages/airflow/example_dags/example_complex.py
[2026-08-04T07:56:59.475+0000] {processor.py:830} INFO - Processing file /home/airflow/.local/lib/python3.12/site-packages/airflow/example_dags/example_complex.py for tasks to queue
[2026-08-04T07:56:59.500+0000] {logging_mixin.py:188} INFO - [2026-08-04T07:56:59.484+0000] {dagbag.py:545} INFO - Filling up the DagBag from /home/airflow/.local/lib/python3.12/site-packages/airflow/example_dags/example_complex.py
[2026-08-04T07:56:59.720+0000] {processor.py:840} INFO - DAG(s) 'example_complex' retrieved from /home/airflow/.local/lib/python3.12/site-packages/airflow/example_dags/example_complex.py
[2026-08-04T07:57:00.173+0000] {logging_mixin.py:188} INFO - [2026-08-04T07:57:00.172+0000] {dag.py:3089} INFO - Sync 1 DAGs
[2026-08-04T07:57:00.402+0000] {logging_mixin.py:188} INFO - [2026-08-04T07:57:00.401+0000] {dag.py:3947} INFO - Setting next_dagrun for example_complex to None, run_after=None
[2026-08-04T07:57:00.774+0000] {processor.py:183} INFO - Processing /home/airflow/.local/lib/python3.12/site-packages/airflow/example_dags/example_complex.py took 1.424 seconds
[2026-08-04T07:57:34.986+0000] {processor.py:161} INFO - Started process (PID=509) to work on /home/airflow/.local/lib/python3.12/site-packages/airflow/example_dags/example_complex.py
[2026-08-04T07:57:34.989+0000] {processor.py:830} INFO - Processing file /home/airflow/.local/lib/python3.12/site-packages/airflow/example_dags/example_complex.py for tasks to queue
[2026-08-04T07:57:34.996+0000] {logging_mixin.py:188} INFO - [2026-08-04T07:57:34.995+0000] {dagbag.py:545} INFO - Filling up the DagBag from /home/airflow/.local/lib/python3.12/site-packages/airflow/example_dags/example_complex.py
[2026-08-04T07:57:35.023+0000] {processor.py:840} INFO - DAG(s) 'example_complex' retrieved from /home/airflow/.local/lib/python3.12/site-packages/airflow/example_dags/example_complex.py
[2026-08-04T07:57:35.282+0000] {logging_mixin.py:188} INFO - [2026-08-04T07:57:35.281+0000] {dag.py:3089} INFO - Sync 1 DAGs
[2026-08-04T07:57:35.429+0000] {logging_mixin.py:188} INFO - [2026-08-04T07:57:35.428+0000] {dag.py:3947} INFO - Setting next_dagrun for example_complex to None, run_after=None
[2026-08-04T07:57:35.684+0000] {processor.py:183} INFO - Processing /home/airflow/.local/lib/python3.12/site-packages/airflow/example_dags/example_complex.py took 0.718 seconds
[2026-08-04T07:58:18.144+0000] {processor.py:161} INFO - Started process (PID=582) to work on /home/airflow/.local/lib/python3.12/site-packages/airflow/example_dags/example_complex.py
[2026-08-04T07:58:18.189+0000] {processor.py:830} INFO - Processing file /home/airflow/.local/lib/python3.12/site-packages/airflow/example_dags/example_complex.py for tasks to queue
[2026-08-04T07:58:18.235+0000] {logging_mixin.py:188} INFO - [2026-08-04T07:58:18.234+0000] {dagbag.py:545} INFO - Filling up the DagBag from /home/airflow/.local/lib/python3.12/site-packages/airflow/example_dags/example_complex.py
[2026-08-04T07:58:18.387+0000] {processor.py:840} INFO - DAG(s) 'example_complex' retrieved from /home/airflow/.local/lib/python3.12/site-packages/airflow/example_dags/example_complex.py
[2026-08-04T07:58:19.128+0000] {logging_mixin.py:188} INFO - [2026-08-04T07:58:19.128+0000] {dag.py:3089} INFO - Sync 1 DAGs
[2026-08-04T07:58:19.194+0000] {logging_mixin.py:188} INFO - [2026-08-04T07:58:19.193+0000] {dag.py:3947} INFO - Setting next_dagrun for example_complex to None, run_after=None
[2026-08-04T07:58:19.357+0000] {processor.py:183} INFO - Processing /home/airflow/.local/lib/python3.12/site-packages/airflow/example_dags/example_complex.py took 1.294 seconds
[2026-08-04T07:58:52.639+0000] {processor.py:161} INFO - Started process (PID=648) to work on /home/airflow/.local/lib/python3.12/site-packages/airflow/example_dags/example_complex.py
[2026-08-04T07:58:52.644+0000] {processor.py:830} INFO - Processing file /home/airflow/.local/lib/python3.12/site-packages/airflow/example_dags/example_complex.py for tasks to queue
[2026-08-04T07:58:52.657+0000] {logging_mixin.py:188} INFO - [2026-08-04T07:58:52.653+0000] {dagbag.py:545} INFO - Filling up the DagBag from /home/airflow/.local/lib/python3.12/site-packages/airflow/example_dags/example_complex.py
[2026-08-04T07:58:52.714+0000] {processor.py:840} INFO - DAG(s) 'example_complex' retrieved from /home/airflow/.local/lib/python3.12/site-packages/airflow/example_dags/example_complex.py
[2026-08-04T07:58:52.820+0000] {logging_mixin.py:188} INFO - [2026-08-04T07:58:52.820+0000] {dag.py:3089} INFO - Sync 1 DAGs
[2026-08-04T07:58:52.905+0000] {logging_mixin.py:188} INFO - [2026-08-04T07:58:52.903+0000] {dag.py:3947} INFO - Setting next_dagrun for example_complex to None, run_after=None
[2026-08-04T07:58:53.025+0000] {processor.py:183} INFO - Processing /home/airflow/.local/lib/python3.12/site-packages/airflow/example_dags/example_complex.py took 0.427 seconds
[2026-08-04T07:59:31.086+0000] {processor.py:161} INFO - Started process (PID=718) to work on /home/airflow/.local/lib/python3.12/site-packages/airflow/example_dags/example_complex.py
[2026-08-04T07:59:31.090+0000] {processor.py:830} INFO - Processing file /home/airflow/.local/lib/python3.12/site-packages/airflow/example_dags/example_complex.py for tasks to queue
[2026-08-04T07:59:31.106+0000] {logging_mixin.py:188} INFO - [2026-08-04T07:59:31.105+0000] {dagbag.py:545} INFO - Filling up the DagBag from /home/airflow/.local/lib/python3.12/site-packages/airflow/example_dags/example_complex.py
[2026-08-04T07:59:31.156+0000] {processor.py:840} INFO - DAG(s) 'example_complex' retrieved from /home/airflow/.local/lib/python3.12/site-packages/airflow/example_dags/example_complex.py
[2026-08-04T07:59:31.541+0000] {logging_mixin.py:188} INFO - [2026-08-04T07:59:31.540+0000] {dag.py:3089} INFO - Sync 1 DAGs
[2026-08-04T07:59:31.646+0000] {logging_mixin.py:188} INFO - [2026-08-04T07:59:31.646+0000] {dag.py:3947} INFO - Setting next_dagrun for example_complex to None, run_after=None
[2026-08-04T07:59:31.750+0000] {processor.py:183} INFO - Processing /home/airflow/.local/lib/python3.12/site-packages/airflow/example_dags/example_complex.py took 0.702 seconds
[2026-08-04T08:00:06.335+0000] {processor.py:161} INFO - Started process (PID=784) to work on /home/airflow/.local/lib/python3.12/site-packages/airflow/example_dags/example_complex.py
[2026-08-04T08:00:06.339+0000] {processor.py:830} INFO - Processing file /home/airflow/.local/lib/python3.12/site-packages/airflow/example_dags/example_complex.py for tasks to queue
[2026-08-04T08:00:06.360+0000] {logging_mixin.py:188} INFO - [2026-08-04T08:00:06.358+0000] {dagbag.py:545} INFO - Filling up the DagBag from /home/airflow/.local/lib/python3.12/site-packages/airflow/example_dags/example_complex.py
[2026-08-04T08:00:06.411+0000] {processor.py:840} INFO - DAG(s) 'example_complex' retrieved from /home/airflow/.local/lib/python3.12/site-packages/airflow/example_dags/example_complex.py
[2026-08-04T08:00:06.563+0000] {logging_mixin.py:188} INFO - [2026-08-04T08:00:06.563+0000] {dag.py:3089} INFO - Sync 1 DAGs
[2026-08-04T08:00:06.603+0000] {logging_mixin.py:188} INFO - [2026-08-04T08:00:06.603+0000] {dag.py:3947} INFO - Setting next_dagrun for example_complex to None, run_after=None
[2026-08-04T08:00:06.678+0000] {processor.py:183} INFO - Processing /home/airflow/.local/lib/python3.12/site-packages/airflow/example_dags/example_complex.py took 0.368 seconds
[2026-08-04T08:00:42.919+0000] {processor.py:161} INFO - Started process (PID=857) to work on /home/airflow/.local/lib/python3.12/site-packages/airflow/example_dags/example_complex.py
[2026-08-04T08:00:42.934+0000] {processor.py:830} INFO - Processing file /home/airflow/.local/lib/python3.12/site-packages/airflow/example_dags/example_complex.py for tasks to queue
[2026-08-04T08:00:42.976+0000] {logging_mixin.py:188} INFO - [2026-08-04T08:00:42.967+0000] {dagbag.py:545} INFO - Filling up the DagBag from /home/airflow/.local/lib/python3.12/site-packages/airflow/example_dags/example_complex.py
[2026-08-04T08:00:43.014+0000] {processor.py:840} INFO - DAG(s) 'example_complex' retrieved from /home/airflow/.local/lib/python3.12/site-packages/airflow/example_dags/example_complex.py
[2026-08-04T08:00:43.188+0000] {logging_mixin.py:188} INFO - [2026-08-04T08:00:43.187+0000] {dag.py:3089} INFO - Sync 1 DAGs
[2026-08-04T08:00:43.269+0000] {logging_mixin.py:188} INFO - [2026-08-04T08:00:43.268+0000] {dag.py:3947} INFO - Setting next_dagrun for example_complex to None, run_after=None
[2026-08-04T08:00:43.840+0000] {processor.py:183} INFO - Processing /home/airflow/.local/lib/python3.12/site-packages/airflow/example_dags/example_complex.py took 0.999 seconds
[2026-08-04T08:01:14.607+0000] {processor.py:161} INFO - Started process (PID=922) to work on /home/airflow/.local/lib/python3.12/site-packages/airflow/example_dags/example_complex.py
[2026-08-04T08:01:14.615+0000] {processor.py:830} INFO - Processing file /home/airflow/.local/lib/python3.12/site-packages/airflow/example_dags/example_complex.py for tasks to queue
[2026-08-04T08:01:14.640+0000] {logging_mixin.py:188} INFO - [2026-08-04T08:01:14.639+0000] {dagbag.py:545} INFO - Filling up the DagBag from /home/airflow/.local/lib/python3.12/site-packages/airflow/example_dags/example_complex.py
[2026-08-04T08:01:14.739+0000] {processor.py:840} INFO - DAG(s) 'example_complex' retrieved from /home/airflow/.local/lib/python3.12/site-packages/airflow/example_dags/example_complex.py
[2026-08-04T08:01:14.940+0000] {logging_mixin.py:188} INFO - [2026-08-04T08:01:14.939+0000] {dag.py:3089} INFO - Sync 1 DAGs
[2026-08-04T08:01:14.985+0000] {logging_mixin.py:188} INFO - [2026-08-04T08:01:14.984+0000] {dag.py:3947} INFO - Setting next_dagrun for example_complex to None, run_after=None
[2026-08-04T08:01:15.066+0000] {processor.py:183} INFO - Processing /home/airflow/.local/lib/python3.12/site-packages/airflow/example_dags/example_complex.py took 0.514 seconds
[2026-08-04T08:01:46.650+0000] {processor.py:161} INFO - Started process (PID=990) to work on /home/airflow/.local/lib/python3.12/site-packages/airflow/example_dags/example_complex.py
[2026-08-04T08:01:46.654+0000] {processor.py:830} INFO - Processing file /home/airflow/.local/lib/python3.12/site-packages/airflow/example_dags/example_complex.py for tasks to queue
[2026-08-04T08:01:46.661+0000] {logging_mixin.py:188} INFO - [2026-08-04T08:01:46.660+0000] {dagbag.py:545} INFO - Filling up the DagBag from /home/airflow/.local/lib/python3.12/site-packages/airflow/example_dags/example_complex.py
[2026-08-04T08:01:46.698+0000] {processor.py:840} INFO - DAG(s) 'example_complex' retrieved from /home/airflow/.local/lib/python3.12/site-packages/airflow/example_dags/example_complex.py
[2026-08-04T08:01:46.832+0000] {logging_mixin.py:188} INFO - [2026-08-04T08:01:46.831+0000] {dag.py:3089} INFO - Sync 1 DAGs
[2026-08-04T08:01:46.891+0000] {logging_mixin.py:188} INFO - [2026-08-04T08:01:46.889+0000] {dag.py:3947} INFO - Setting next_dagrun for example_complex to None, run_after=None
[2026-08-04T08:01:46.956+0000] {processor.py:183} INFO - Processing /home/airflow/.local/lib/python3.12/site-packages/airflow/example_dags/example_complex.py took 0.322 seconds
[2026-08-04T08:02:22.247+0000] {processor.py:161} INFO - Started process (PID=1062) to work on /home/airflow/.local/lib/python3.12/site-packages/airflow/example_dags/example_complex.py
[2026-08-04T08:02:22.258+0000] {processor.py:830} INFO - Processing file /home/airflow/.local/lib/python3.12/site-packages/airflow/example_dags/example_complex.py for tasks to queue
[2026-08-04T08:02:22.279+0000] {logging_mixin.py:188} INFO - [2026-08-04T08:02:22.278+0000] {dagbag.py:545} INFO - Filling up the DagBag from /home/airflow/.local/lib/python3.12/site-packages/airflow/example_dags/example_complex.py
[2026-08-04T08:02:22.404+0000] {processor.py:840} INFO - DAG(s) 'example_complex' retrieved from /home/airflow/.local/lib/python3.12/site-packages/airflow/example_dags/example_complex.py
[2026-08-04T08:02:22.821+0000] {logging_mixin.py:188} INFO - [2026-08-04T08:02:22.820+0000] {dag.py:3089} INFO - Sync 1 DAGs
[2026-08-04T08:02:22.946+0000] {logging_mixin.py:188} INFO - [2026-08-04T08:02:22.946+0000] {dag.py:3947} INFO - Setting next_dagrun for example_complex to None, run_after=None
[2026-08-04T08:02:23.159+0000] {processor.py:183} INFO - Processing /home/airflow/.local/lib/python3.12/site-packages/airflow/example_dags/example_complex.py took 0.973 seconds
[2026-08-04T08:02:58.655+0000] {processor.py:161} INFO - Started process (PID=1129) to work on /home/airflow/.local/lib/python3.12/site-packages/airflow/example_dags/example_complex.py
[2026-08-04T08:02:58.674+0000] {processor.py:830} INFO - Processing file /home/airflow/.local/lib/python3.12/site-packages/airflow/example_dags/example_complex.py for tasks to queue
[2026-08-04T08:02:58.715+0000] {logging_mixin.py:188} INFO - [2026-08-04T08:02:58.705+0000] {dagbag.py:545} INFO - Filling up the DagBag from /home/airflow/.local/lib/python3.12/site-packages/airflow/example_dags/example_complex.py
[2026-08-04T08:02:59.007+0000] {processor.py:840} INFO - DAG(s) 'example_complex' retrieved from /home/airflow/.local/lib/python3.12/site-packages/airflow/example_dags/example_complex.py
[2026-08-04T08:02:59.281+0000] {logging_mixin.py:188} INFO - [2026-08-04T08:02:59.280+0000] {dag.py:3089} INFO - Sync 1 DAGs
[2026-08-04T08:02:59.371+0000] {logging_mixin.py:188} INFO - [2026-08-04T08:02:59.370+0000] {dag.py:3947} INFO - Setting next_dagrun for example_complex to None, run_after=None
[2026-08-04T08:02:59.494+0000] {processor.py:183} INFO - Processing /home/airflow/.local/lib/python3.12/site-packages/airflow/example_dags/example_complex.py took 0.900 seconds
[2026-08-04T08:03:32.243+0000] {processor.py:161} INFO - Started process (PID=1195) to work on /home/airflow/.local/lib/python3.12/site-packages/airflow/example_dags/example_complex.py
[2026-08-04T08:03:32.250+0000] {processor.py:830} INFO - Processing file /home/airflow/.local/lib/python3.12/site-packages/airflow/example_dags/example_complex.py for tasks to queue
[2026-08-04T08:03:32.260+0000] {logging_mixin.py:188} INFO - [2026-08-04T08:03:32.259+0000] {dagbag.py:545} INFO - Filling up the DagBag from /home/airflow/.local/lib/python3.12/site-packages/airflow/example_dags/example_complex.py
[2026-08-04T08:03:32.314+0000] {processor.py:840} INFO - DAG(s) 'example_complex' retrieved from /home/airflow/.local/lib/python3.12/site-packages/airflow/example_dags/example_complex.py
[2026-08-04T08:03:32.441+0000] {logging_mixin.py:188} INFO - [2026-08-04T08:03:32.441+0000] {dag.py:3089} INFO - Sync 1 DAGs
[2026-08-04T08:03:32.494+0000] {logging_mixin.py:188} INFO - [2026-08-04T08:03:32.493+0000] {dag.py:3947} INFO - Setting next_dagrun for example_complex to None, run_after=None
[2026-08-04T08:03:32.566+0000] {processor.py:183} INFO - Processing /home/airflow/.local/lib/python3.12/site-packages/airflow/example_dags/example_complex.py took 0.341 seconds
[2026-08-04T08:04:07.388+0000] {processor.py:161} INFO - Started process (PID=1262) to work on /home/airflow/.local/lib/python3.12/site-packages/airflow/example_dags/example_complex.py
[2026-08-04T08:04:07.395+0000] {processor.py:830} INFO - Processing file /home/airflow/.local/lib/python3.12/site-packages/airflow/example_dags/example_complex.py for tasks to queue
[2026-08-04T08:04:07.429+0000] {logging_mixin.py:188} INFO - [2026-08-04T08:04:07.423+0000] {dagbag.py:545} INFO - Filling up the DagBag from /home/airflow/.local/lib/python3.12/site-packages/airflow/example_dags/example_complex.py
[2026-08-04T08:04:07.490+0000] {processor.py:840} INFO - DAG(s) 'example_complex' retrieved from /home/airflow/.local/lib/python3.12/site-packages/airflow/example_dags/example_complex.py
[2026-08-04T08:04:07.587+0000] {logging_mixin.py:188} INFO - [2026-08-04T08:04:07.586+0000] {dag.py:3089} INFO - Sync 1 DAGs
[2026-08-04T08:04:07.645+0000] {logging_mixin.py:188} INFO - [2026-08-04T08:04:07.645+0000] {dag.py:3947} INFO - Setting next_dagrun for example_complex to None, run_after=None
[2026-08-04T08:04:07.741+0000] {processor.py:183} INFO - Processing /home/airflow/.local/lib/python3.12/site-packages/airflow/example_dags/example_complex.py took 0.397 seconds
[2026-08-04T08:04:42.939+0000] {processor.py:161} INFO - Started process (PID=1335) to work on /home/airflow/.local/lib/python3.12/site-packages/airflow/example_dags/example_complex.py
[2026-08-04T08:04:42.963+0000] {processor.py:830} INFO - Processing file /home/airflow/.local/lib/python3.12/site-packages/airflow/example_dags/example_complex.py for tasks to queue
[2026-08-04T08:04:43.001+0000] {logging_mixin.py:188} INFO - [2026-08-04T08:04:42.997+0000] {dagbag.py:545} INFO - Filling up the DagBag from /home/airflow/.local/lib/python3.12/site-packages/airflow/example_dags/example_complex.py
[2026-08-04T08:04:43.170+0000] {processor.py:840} INFO - DAG(s) 'example_complex' retrieved from /home/airflow/.local/lib/python3.12/site-packages/airflow/example_dags/example_complex.py
[2026-08-04T08:04:43.855+0000] {logging_mixin.py:188} INFO - [2026-08-04T08:04:43.849+0000] {dag.py:3089} INFO - Sync 1 DAGs
[2026-08-04T08:04:44.293+0000] {logging_mixin.py:188} INFO - [2026-08-04T08:04:44.292+0000] {dag.py:3947} INFO - Setting next_dagrun for example_complex to None, run_after=None
[2026-08-04T08:04:44.490+0000] {processor.py:183} INFO - Processing /home/airflow/.local/lib/python3.12/site-packages/airflow/example_dags/example_complex.py took 1.612 seconds
[2026-08-04T08:05:17.877+0000] {processor.py:161} INFO - Started process (PID=1400) to work on /home/airflow/.local/lib/python3.12/site-packages/airflow/example_dags/example_complex.py
[2026-08-04T08:05:17.898+0000] {processor.py:830} INFO - Processing file /home/airflow/.local/lib/python3.12/site-packages/airflow/example_dags/example_complex.py for tasks to queue
[2026-08-04T08:05:17.917+0000] {logging_mixin.py:188} INFO - [2026-08-04T08:05:17.916+0000] {dagbag.py:545} INFO - Filling up the DagBag from /home/airflow/.local/lib/python3.12/site-packages/airflow/example_dags/example_complex.py
[2026-08-04T08:05:18.010+0000] {processor.py:840} INFO - DAG(s) 'example_complex' retrieved from /home/airflow/.local/lib/python3.12/site-packages/airflow/example_dags/example_complex.py
[2026-08-04T08:05:18.521+0000] {logging_mixin.py:188} INFO - [2026-08-04T08:05:18.520+0000] {dag.py:3089} INFO - Sync 1 DAGs
[2026-08-04T08:05:18.761+0000] {logging_mixin.py:188} INFO - [2026-08-04T08:05:18.760+0000] {dag.py:3947} INFO - Setting next_dagrun for example_complex to None, run_after=None
[2026-08-04T08:05:19.109+0000] {processor.py:183} INFO - Processing /home/airflow/.local/lib/python3.12/site-packages/airflow/example_dags/example_complex.py took 1.292 seconds
[2026-08-04T08:05:56.411+0000] {processor.py:161} INFO - Started process (PID=1462) to work on /home/airflow/.local/lib/python3.12/site-packages/airflow/example_dags/example_complex.py
[2026-08-04T08:05:56.418+0000] {processor.py:830} INFO - Processing file /home/airflow/.local/lib/python3.12/site-packages/airflow/example_dags/example_complex.py for tasks to queue
[2026-08-04T08:05:56.447+0000] {logging_mixin.py:188} INFO - [2026-08-04T08:05:56.446+0000] {dagbag.py:545} INFO - Filling up the DagBag from /home/airflow/.local/lib/python3.12/site-packages/airflow/example_dags/example_complex.py
[2026-08-04T08:05:56.545+0000] {processor.py:840} INFO - DAG(s) 'example_complex' retrieved from /home/airflow/.local/lib/python3.12/site-packages/airflow/example_dags/example_complex.py
[2026-08-04T08:05:56.699+0000] {logging_mixin.py:188} INFO - [2026-08-04T08:05:56.698+0000] {dag.py:3089} INFO - Sync 1 DAGs
[2026-08-04T08:05:56.781+0000] {logging_mixin.py:188} INFO - [2026-08-04T08:05:56.781+0000] {dag.py:3947} INFO - Setting next_dagrun for example_complex to None, run_after=None
[2026-08-04T08:05:56.854+0000] {processor.py:183} INFO - Processing /home/airflow/.local/lib/python3.12/site-packages/airflow/example_dags/example_complex.py took 0.465 seconds
[2026-08-04T08:06:34.691+0000] {processor.py:161} INFO - Started process (PID=1534) to work on /home/airflow/.local/lib/python3.12/site-packages/airflow/example_dags/example_complex.py
[2026-08-04T08:06:34.696+0000] {processor.py:830} INFO - Processing file /home/airflow/.local/lib/python3.12/site-packages/airflow/example_dags/example_complex.py for tasks to queue
[2026-08-04T08:06:34.715+0000] {logging_mixin.py:188} INFO - [2026-08-04T08:06:34.713+0000] {dagbag.py:545} INFO - Filling up the DagBag from /home/airflow/.local/lib/python3.12/site-packages/airflow/example_dags/example_complex.py
[2026-08-04T08:06:34.750+0000] {processor.py:840} INFO - DAG(s) 'example_complex' retrieved from /home/airflow/.local/lib/python3.12/site-packages/airflow/example_dags/example_complex.py
[2026-08-04T08:06:35.031+0000] {logging_mixin.py:188} INFO - [2026-08-04T08:06:35.030+0000] {dag.py:3089} INFO - Sync 1 DAGs
[2026-08-04T08:06:35.097+0000] {logging_mixin.py:188} INFO - [2026-08-04T08:06:35.097+0000] {dag.py:3947} INFO - Setting next_dagrun for example_complex to None, run_after=None
[2026-08-04T08:06:35.161+0000] {processor.py:183} INFO - Processing /home/airflow/.local/lib/python3.12/site-packages/airflow/example_dags/example_complex.py took 0.486 seconds
[2026-08-04T08:07:12.524+0000] {processor.py:161} INFO - Started process (PID=1607) to work on /home/airflow/.local/lib/python3.12/site-packages/airflow/example_dags/example_complex.py
[2026-08-04T08:07:12.535+0000] {processor.py:830} INFO - Processing file /home/airflow/.local/lib/python3.12/site-packages/airflow/example_dags/example_complex.py for tasks to queue
[2026-08-04T08:07:12.547+0000] {logging_mixin.py:188} INFO - [2026-08-04T08:07:12.545+0000] {dagbag.py:545} INFO - Filling up the DagBag from /home/airflow/.local/lib/python3.12/site-packages/airflow/example_dags/example_complex.py
[2026-08-04T08:07:12.656+0000] {processor.py:840} INFO - DAG(s) 'example_complex' retrieved from /home/airflow/.local/lib/python3.12/site-packages/airflow/example_dags/example_complex.py
[2026-08-04T08:07:12.933+0000] {logging_mixin.py:188} INFO - [2026-08-04T08:07:12.932+0000] {dag.py:3089} INFO - Sync 1 DAGs
[2026-08-04T08:07:12.986+0000] {logging_mixin.py:188} INFO - [2026-08-04T08:07:12.985+0000] {dag.py:3947} INFO - Setting next_dagrun for example_complex to None, run_after=None
[2026-08-04T08:07:13.059+0000] {processor.py:183} INFO - Processing /home/airflow/.local/lib/python3.12/site-packages/airflow/example_dags/example_complex.py took 0.578 seconds
[2026-08-04T08:07:57.610+0000] {processor.py:161} INFO - Started process (PID=1679) to work on /home/airflow/.local/lib/python3.12/site-packages/airflow/example_dags/example_complex.py
[2026-08-04T08:07:57.622+0000] {processor.py:830} INFO - Processing file /home/airflow/.local/lib/python3.12/site-packages/airflow/example_dags/example_complex.py for tasks to queue
[2026-08-04T08:07:57.638+0000] {logging_mixin.py:188} INFO - [2026-08-04T08:07:57.637+0000] {dagbag.py:545} INFO - Filling up the DagBag from /home/airflow/.local/lib/python3.12/site-packages/airflow/example_dags/example_complex.py
[2026-08-04T08:07:57.706+0000] {processor.py:840} INFO - DAG(s) 'example_complex' retrieved from /home/airflow/.local/lib/python3.12/site-packages/airflow/example_dags/example_complex.py
[2026-08-04T08:07:57.860+0000] {logging_mixin.py:188} INFO - [2026-08-04T08:07:57.860+0000] {dag.py:3089} INFO - Sync 1 DAGs
[2026-08-04T08:07:57.981+0000] {logging_mixin.py:188} INFO - [2026-08-04T08:07:57.979+0000] {dag.py:3947} INFO - Setting next_dagrun for example_complex to None, run_after=None
[2026-08-04T08:07:58.086+0000] {processor.py:183} INFO - Processing /home/airflow/.local/lib/python3.12/site-packages/airflow/example_dags/example_complex.py took 0.597 seconds
[2026-08-04T08:08:33.093+0000] {processor.py:161} INFO - Started process (PID=1751) to work on /home/airflow/.local/lib/python3.12/site-packages/airflow/example_dags/example_complex.py
[2026-08-04T08:08:33.102+0000] {processor.py:830} INFO - Processing file /home/airflow/.local/lib/python3.12/site-packages/airflow/example_dags/example_complex.py for tasks to queue
[2026-08-04T08:08:33.111+0000] {logging_mixin.py:188} INFO - [2026-08-04T08:08:33.110+0000] {dagbag.py:545} INFO - Filling up the DagBag from /home/airflow/.local/lib/python3.12/site-packages/airflow/example_dags/example_complex.py
[2026-08-04T08:08:33.218+0000] {processor.py:840} INFO - DAG(s) 'example_complex' retrieved from /home/airflow/.local/lib/python3.12/site-packages/airflow/example_dags/example_complex.py
[2026-08-04T08:08:33.627+0000] {logging_mixin.py:188} INFO - [2026-08-04T08:08:33.627+0000] {dag.py:3089} INFO - Sync 1 DAGs
[2026-08-04T08:08:34.010+0000] {logging_mixin.py:188} INFO - [2026-08-04T08:08:34.010+0000] {dag.py:3947} INFO - Setting next_dagrun for example_complex to None, run_after=None
[2026-08-04T08:08:34.186+0000] {processor.py:183} INFO - Processing /home/airflow/.local/lib/python3.12/site-packages/airflow/example_dags/example_complex.py took 1.160 seconds
[2026-08-04T08:09:10.938+0000] {processor.py:161} INFO - Started process (PID=1823) to work on /home/airflow/.local/lib/python3.12/site-packages/airflow/example_dags/example_complex.py
[2026-08-04T08:09:10.941+0000] {processor.py:830} INFO - Processing file /home/airflow/.local/lib/python3.12/site-packages/airflow/example_dags/example_complex.py for tasks to queue
[2026-08-04T08:09:10.954+0000] {logging_mixin.py:188} INFO - [2026-08-04T08:09:10.953+0000] {dagbag.py:545} INFO - Filling up the DagBag from /home/airflow/.local/lib/python3.12/site-packages/airflow/example_dags/example_complex.py
[2026-08-04T08:09:10.989+0000] {processor.py:840} INFO - DAG(s) 'example_complex' retrieved from /home/airflow/.local/lib/python3.12/site-packages/airflow/example_dags/example_complex.py
[2026-08-04T08:09:11.409+0000] {logging_mixin.py:188} INFO - [2026-08-04T08:09:11.409+0000] {dag.py:3089} INFO - Sync 1 DAGs
[2026-08-04T08:09:11.564+0000] {logging_mixin.py:188} INFO - [2026-08-04T08:09:11.564+0000] {dag.py:3947} INFO - Setting next_dagrun for example_complex to None, run_after=None
[2026-08-04T08:09:11.701+0000] {processor.py:183} INFO - Processing /home/airflow/.local/lib/python3.12/site-packages/airflow/example_dags/example_complex.py took 0.788 seconds
[2026-08-04T08:09:42.080+0000] {processor.py:161} INFO - Started process (PID=1887) to work on /home/airflow/.local/lib/python3.12/site-packages/airflow/example_dags/example_complex.py
[2026-08-04T08:09:42.085+0000] {processor.py:830} INFO - Processing file /home/airflow/.local/lib/python3.12/site-packages/airflow/example_dags/example_complex.py for tasks to queue
[2026-08-04T08:09:42.094+0000] {logging_mixin.py:188} INFO - [2026-08-04T08:09:42.093+0000] {dagbag.py:545} INFO - Filling up the DagBag from /home/airflow/.local/lib/python3.12/site-packages/airflow/example_dags/example_complex.py
[2026-08-04T08:09:42.128+0000] {processor.py:840} INFO - DAG(s) 'example_complex' retrieved from /home/airflow/.local/lib/python3.12/site-packages/airflow/example_dags/example_complex.py
[2026-08-04T08:09:42.242+0000] {logging_mixin.py:188} INFO - [2026-08-04T08:09:42.241+0000] {dag.py:3089} INFO - Sync 1 DAGs
[2026-08-04T08:09:42.280+0000] {logging_mixin.py:188} INFO - [2026-08-04T08:09:42.279+0000] {dag.py:3947} INFO - Setting next_dagrun for example_complex to None, run_after=None
[2026-08-04T08:09:42.337+0000] {processor.py:183} INFO - Processing /home/airflow/.local/lib/python3.12/site-packages/airflow/example_dags/example_complex.py took 0.292 seconds
[2026-08-04T08:10:24.997+0000] {processor.py:161} INFO - Started process (PID=1971) to work on /home/airflow/.local/lib/python3.12/site-packages/airflow/example_dags/example_complex.py
[2026-08-04T08:10:25.004+0000] {processor.py:830} INFO - Processing file /home/airflow/.local/lib/python3.12/site-packages/airflow/example_dags/example_complex.py for tasks to queue
[2026-08-04T08:10:25.016+0000] {logging_mixin.py:188} INFO - [2026-08-04T08:10:25.015+0000] {dagbag.py:545} INFO - Filling up the DagBag from /home/airflow/.local/lib/python3.12/site-packages/airflow/example_dags/example_complex.py
[2026-08-04T08:10:25.075+0000] {processor.py:840} INFO - DAG(s) 'example_complex' retrieved from /home/airflow/.local/lib/python3.12/site-packages/airflow/example_dags/example_complex.py
[2026-08-04T08:10:25.410+0000] {logging_mixin.py:188} INFO - [2026-08-04T08:10:25.408+0000] {dag.py:3089} INFO - Sync 1 DAGs
[2026-08-04T08:10:25.511+0000] {logging_mixin.py:188} INFO - [2026-08-04T08:10:25.511+0000] {dag.py:3947} INFO - Setting next_dagrun for example_complex to None, run_after=None
[2026-08-04T08:10:25.602+0000] {processor.py:183} INFO - Processing /home/airflow/.local/lib/python3.12/site-packages/airflow/example_dags/example_complex.py took 0.679 seconds
[2026-08-04T08:10:59.948+0000] {processor.py:161} INFO - Started process (PID=2037) to work on /home/airflow/.local/lib/python3.12/site-packages/airflow/example_dags/example_complex.py
[2026-08-04T08:10:59.951+0000] {processor.py:830} INFO - Processing file /home/airflow/.local/lib/python3.12/site-packages/airflow/example_dags/example_complex.py for tasks to queue
[2026-08-04T08:10:59.957+0000] {logging_mixin.py:188} INFO - [2026-08-04T08:10:59.956+0000] {dagbag.py:545} INFO - Filling up the DagBag from /home/airflow/.local/lib/python3.12/site-packages/airflow/example_dags/example_complex.py
[2026-08-04T08:10:59.982+0000] {processor.py:840} INFO - DAG(s) 'example_complex' retrieved from /home/airflow/.local/lib/python3.12/site-packages/airflow/example_dags/example_complex.py
[2026-08-04T08:11:00.080+0000] {logging_mixin.py:188} INFO - [2026-08-04T08:11:00.079+0000] {dag.py:3089} INFO - Sync 1 DAGs
[2026-08-04T08:11:00.117+0000] {logging_mixin.py:188} INFO - [2026-08-04T08:11:00.116+0000] {dag.py:3947} INFO - Setting next_dagrun for example_complex to None, run_after=None
[2026-08-04T08:11:00.217+0000] {processor.py:183} INFO - Processing /home/airflow/.local/lib/python3.12/site-packages/airflow/example_dags/example_complex.py took 0.283 seconds
[2026-08-04T08:11:36.480+0000] {processor.py:161} INFO - Started process (PID=2106) to work on /home/airflow/.local/lib/python3.12/site-packages/airflow/example_dags/example_complex.py
[2026-08-04T08:11:36.486+0000] {processor.py:830} INFO - Processing file /home/airflow/.local/lib/python3.12/site-packages/airflow/example_dags/example_complex.py for tasks to queue
[2026-08-04T08:11:36.496+0000] {logging_mixin.py:188} INFO - [2026-08-04T08:11:36.495+0000] {dagbag.py:545} INFO - Filling up the DagBag from /home/airflow/.local/lib/python3.12/site-packages/airflow/example_dags/example_complex.py
[2026-08-04T08:11:36.545+0000] {processor.py:840} INFO - DAG(s) 'example_complex' retrieved from /home/airflow/.local/lib/python3.12/site-packages/airflow/example_dags/example_complex.py
[2026-08-04T08:11:36.704+0000] {logging_mixin.py:188} INFO - [2026-08-04T08:11:36.703+0000] {dag.py:3089} INFO - Sync 1 DAGs
[2026-08-04T08:11:36.768+0000] {logging_mixin.py:188} INFO - [2026-08-04T08:11:36.766+0000] {dag.py:3947} INFO - Setting next_dagrun for example_complex to None, run_after=None
[2026-08-04T08:11:36.859+0000] {processor.py:183} INFO - Processing /home/airflow/.local/lib/python3.12/site-packages/airflow/example_dags/example_complex.py took 0.438 seconds
[2026-08-04T08:12:14.518+0000] {processor.py:161} INFO - Started process (PID=2179) to work on /home/airflow/.local/lib/python3.12/site-packages/airflow/example_dags/example_complex.py
[2026-08-04T08:12:14.525+0000] {processor.py:830} INFO - Processing file /home/airflow/.local/lib/python3.12/site-packages/airflow/example_dags/example_complex.py for tasks to queue
[2026-08-04T08:12:14.533+0000] {logging_mixin.py:188} INFO - [2026-08-04T08:12:14.532+0000] {dagbag.py:545} INFO - Filling up the DagBag from /home/airflow/.local/lib/python3.12/site-packages/airflow/example_dags/example_complex.py
[2026-08-04T08:12:14.585+0000] {processor.py:840} INFO - DAG(s) 'example_complex' retrieved from /home/airflow/.local/lib/python3.12/site-packages/airflow/example_dags/example_complex.py
[2026-08-04T08:12:14.721+0000] {logging_mixin.py:188} INFO - [2026-08-04T08:12:14.717+0000] {dag.py:3089} INFO - Sync 1 DAGs
[2026-08-04T08:12:14.776+0000] {logging_mixin.py:188} INFO - [2026-08-04T08:12:14.776+0000] {dag.py:3947} INFO - Setting next_dagrun for example_complex to None, run_after=None
[2026-08-04T08:12:14.904+0000] {processor.py:183} INFO - Processing /home/airflow/.local/lib/python3.12/site-packages/airflow/example_dags/example_complex.py took 0.416 seconds
[2026-08-04T08:12:48.030+0000] {processor.py:161} INFO - Started process (PID=2251) to work on /home/airflow/.local/lib/python3.12/site-packages/airflow/example_dags/example_complex.py
[2026-08-04T08:12:48.060+0000] {processor.py:830} INFO - Processing file /home/airflow/.local/lib/python3.12/site-packages/airflow/example_dags/example_complex.py for tasks to queue
[2026-08-04T08:12:48.141+0000] {logging_mixin.py:188} INFO - [2026-08-04T08:12:48.140+0000] {dagbag.py:545} INFO - Filling up the DagBag from /home/airflow/.local/lib/python3.12/site-packages/airflow/example_dags/example_complex.py
[2026-08-04T08:12:48.265+0000] {processor.py:840} INFO - DAG(s) 'example_complex' retrieved from /home/airflow/.local/lib/python3.12/site-packages/airflow/example_dags/example_complex.py
[2026-08-04T08:12:48.498+0000] {logging_mixin.py:188} INFO - [2026-08-04T08:12:48.497+0000] {dag.py:3089} INFO - Sync 1 DAGs
[2026-08-04T08:12:48.953+0000] {logging_mixin.py:188} INFO - [2026-08-04T08:12:48.952+0000] {dag.py:3947} INFO - Setting next_dagrun for example_complex to None, run_after=None
[2026-08-04T08:12:50.809+0000] {processor.py:183} INFO - Processing /home/airflow/.local/lib/python3.12/site-packages/airflow/example_dags/example_complex.py took 2.884 seconds
[2026-08-04T08:13:34.381+0000] {processor.py:161} INFO - Started process (PID=2324) to work on /home/airflow/.local/lib/python3.12/site-packages/airflow/example_dags/example_complex.py
[2026-08-04T08:13:34.388+0000] {processor.py:830} INFO - Processing file /home/airflow/.local/lib/python3.12/site-packages/airflow/example_dags/example_complex.py for tasks to queue
[2026-08-04T08:13:34.395+0000] {logging_mixin.py:188} INFO - [2026-08-04T08:13:34.394+0000] {dagbag.py:545} INFO - Filling up the DagBag from /home/airflow/.local/lib/python3.12/site-packages/airflow/example_dags/example_complex.py
[2026-08-04T08:13:34.469+0000] {processor.py:840} INFO - DAG(s) 'example_complex' retrieved from /home/airflow/.local/lib/python3.12/site-packages/airflow/example_dags/example_complex.py
[2026-08-04T08:13:34.829+0000] {logging_mixin.py:188} INFO - [2026-08-04T08:13:34.828+0000] {dag.py:3089} INFO - Sync 1 DAGs
[2026-08-04T08:13:34.967+0000] {logging_mixin.py:188} INFO - [2026-08-04T08:13:34.967+0000] {dag.py:3947} INFO - Setting next_dagrun for example_complex to None, run_after=None
[2026-08-04T08:13:36.164+0000] {processor.py:183} INFO - Processing /home/airflow/.local/lib/python3.12/site-packages/airflow/example_dags/example_complex.py took 1.796 seconds
[2026-08-04T08:14:12.869+0000] {processor.py:161} INFO - Started process (PID=2394) to work on /home/airflow/.local/lib/python3.12/site-packages/airflow/example_dags/example_complex.py
[2026-08-04T08:14:12.872+0000] {processor.py:830} INFO - Processing file /home/airflow/.local/lib/python3.12/site-packages/airflow/example_dags/example_complex.py for tasks to queue
[2026-08-04T08:14:12.880+0000] {logging_mixin.py:188} INFO - [2026-08-04T08:14:12.879+0000] {dagbag.py:545} INFO - Filling up the DagBag from /home/airflow/.local/lib/python3.12/site-packages/airflow/example_dags/example_complex.py
[2026-08-04T08:14:12.906+0000] {processor.py:840} INFO - DAG(s) 'example_complex' retrieved from /home/airflow/.local/lib/python3.12/site-packages/airflow/example_dags/example_complex.py
[2026-08-04T08:14:13.177+0000] {logging_mixin.py:188} INFO - [2026-08-04T08:14:13.176+0000] {dag.py:3089} INFO - Sync 1 DAGs
[2026-08-04T08:14:13.258+0000] {logging_mixin.py:188} INFO - [2026-08-04T08:14:13.257+0000] {dag.py:3947} INFO - Setting next_dagrun for example_complex to None, run_after=None
[2026-08-04T08:14:13.368+0000] {processor.py:183} INFO - Processing /home/airflow/.local/lib/python3.12/site-packages/airflow/example_dags/example_complex.py took 0.511 seconds
[2026-08-04T08:14:43.635+0000] {processor.py:161} INFO - Started process (PID=2458) to work on /home/airflow/.local/lib/python3.12/site-packages/airflow/example_dags/example_complex.py
[2026-08-04T08:14:43.644+0000] {processor.py:830} INFO - Processing file /home/airflow/.local/lib/python3.12/site-packages/airflow/example_dags/example_complex.py for tasks to queue
[2026-08-04T08:14:43.655+0000] {logging_mixin.py:188} INFO - [2026-08-04T08:14:43.653+0000] {dagbag.py:545} INFO - Filling up the DagBag from /home/airflow/.local/lib/python3.12/site-packages/airflow/example_dags/example_complex.py
[2026-08-04T08:14:43.718+0000] {processor.py:840} INFO - DAG(s) 'example_complex' retrieved from /home/airflow/.local/lib/python3.12/site-packages/airflow/example_dags/example_complex.py
[2026-08-04T08:14:43.876+0000] {logging_mixin.py:188} INFO - [2026-08-04T08:14:43.876+0000] {dag.py:3089} INFO - Sync 1 DAGs
[2026-08-04T08:14:43.954+0000] {logging_mixin.py:188} INFO - [2026-08-04T08:14:43.954+0000] {dag.py:3947} INFO - Setting next_dagrun for example_complex to None, run_after=None
[2026-08-04T08:14:44.028+0000] {processor.py:183} INFO - Processing /home/airflow/.local/lib/python3.12/site-packages/airflow/example_dags/example_complex.py took 0.407 seconds
[2026-08-04T08:15:16.058+0000] {processor.py:161} INFO - Started process (PID=2531) to work on /home/airflow/.local/lib/python3.12/site-packages/airflow/example_dags/example_complex.py
[2026-08-04T08:15:16.065+0000] {processor.py:830} INFO - Processing file /home/airflow/.local/lib/python3.12/site-packages/airflow/example_dags/example_complex.py for tasks to queue
[2026-08-04T08:15:16.091+0000] {logging_mixin.py:188} INFO - [2026-08-04T08:15:16.090+0000] {dagbag.py:545} INFO - Filling up the DagBag from /home/airflow/.local/lib/python3.12/site-packages/airflow/example_dags/example_complex.py
[2026-08-04T08:15:16.140+0000] {processor.py:840} INFO - DAG(s) 'example_complex' retrieved from /home/airflow/.local/lib/python3.12/site-packages/airflow/example_dags/example_complex.py
[2026-08-04T08:15:16.281+0000] {logging_mixin.py:188} INFO - [2026-08-04T08:15:16.280+0000] {dag.py:3089} INFO - Sync 1 DAGs
[2026-08-04T08:15:16.325+0000] {logging_mixin.py:188} INFO - [2026-08-04T08:15:16.324+0000] {dag.py:3947} INFO - Setting next_dagrun for example_complex to None, run_after=None
[2026-08-04T08:15:16.440+0000] {processor.py:183} INFO - Processing /home/airflow/.local/lib/python3.12/site-packages/airflow/example_dags/example_complex.py took 0.431 seconds
[2026-08-04T08:15:47.101+0000] {processor.py:161} INFO - Started process (PID=2597) to work on /home/airflow/.local/lib/python3.12/site-packages/airflow/example_dags/example_complex.py
[2026-08-04T08:15:47.104+0000] {processor.py:830} INFO - Processing file /home/airflow/.local/lib/python3.12/site-packages/airflow/example_dags/example_complex.py for tasks to queue
[2026-08-04T08:15:47.112+0000] {logging_mixin.py:188} INFO - [2026-08-04T08:15:47.111+0000] {dagbag.py:545} INFO - Filling up the DagBag from /home/airflow/.local/lib/python3.12/site-packages/airflow/example_dags/example_complex.py
[2026-08-04T08:15:47.132+0000] {processor.py:840} INFO - DAG(s) 'example_complex' retrieved from /home/airflow/.local/lib/python3.12/site-packages/airflow/example_dags/example_complex.py
[2026-08-04T08:15:47.268+0000] {logging_mixin.py:188} INFO - [2026-08-04T08:15:47.267+0000] {dag.py:3089} INFO - Sync 1 DAGs
[2026-08-04T08:15:47.304+0000] {logging_mixin.py:188} INFO - [2026-08-04T08:15:47.304+0000] {dag.py:3947} INFO - Setting next_dagrun for example_complex to None, run_after=None
[2026-08-04T08:15:47.402+0000] {processor.py:183} INFO - Processing /home/airflow/.local/lib/python3.12/site-packages/airflow/example_dags/example_complex.py took 0.328 seconds
[2026-08-04T08:16:21.070+0000] {processor.py:161} INFO - Started process (PID=2671) to work on /home/airflow/.local/lib/python3.12/site-packages/airflow/example_dags/example_complex.py
[2026-08-04T08:16:21.073+0000] {processor.py:830} INFO - Processing file /home/airflow/.local/lib/python3.12/site-packages/airflow/example_dags/example_complex.py for tasks to queue
[2026-08-04T08:16:21.085+0000] {logging_mixin.py:188} INFO - [2026-08-04T08:16:21.083+0000] {dagbag.py:545} INFO - Filling up the DagBag from /home/airflow/.local/lib/python3.12/site-packages/airflow/example_dags/example_complex.py
[2026-08-04T08:16:21.158+0000] {processor.py:840} INFO - DAG(s) 'example_complex' retrieved from /home/airflow/.local/lib/python3.12/site-packages/airflow/example_dags/example_complex.py
[2026-08-04T08:16:21.290+0000] {logging_mixin.py:188} INFO - [2026-08-04T08:16:21.289+0000] {dag.py:3089} INFO - Sync 1 DAGs
[2026-08-04T08:16:21.330+0000] {logging_mixin.py:188} INFO - [2026-08-04T08:16:21.330+0000] {dag.py:3947} INFO - Setting next_dagrun for example_complex to None, run_after=None
[2026-08-04T08:16:21.450+0000] {processor.py:183} INFO - Processing /home/airflow/.local/lib/python3.12/site-packages/airflow/example_dags/example_complex.py took 0.399 seconds
[2026-08-04T08:16:54.968+0000] {processor.py:161} INFO - Started process (PID=2743) to work on /home/airflow/.local/lib/python3.12/site-packages/airflow/example_dags/example_complex.py
[2026-08-04T08:16:54.990+0000] {processor.py:830} INFO - Processing file /home/airflow/.local/lib/python3.12/site-packages/airflow/example_dags/example_complex.py for tasks to queue
[2026-08-04T08:16:55.015+0000] {logging_mixin.py:188} INFO - [2026-08-04T08:16:55.014+0000] {dagbag.py:545} INFO - Filling up the DagBag from /home/airflow/.local/lib/python3.12/site-packages/airflow/example_dags/example_complex.py
[2026-08-04T08:16:55.164+0000] {processor.py:840} INFO - DAG(s) 'example_complex' retrieved from /home/airflow/.local/lib/python3.12/site-packages/airflow/example_dags/example_complex.py
[2026-08-04T08:16:55.317+0000] {logging_mixin.py:188} INFO - [2026-08-04T08:16:55.316+0000] {dag.py:3089} INFO - Sync 1 DAGs
[2026-08-04T08:16:55.401+0000] {logging_mixin.py:188} INFO - [2026-08-04T08:16:55.400+0000] {dag.py:3947} INFO - Setting next_dagrun for example_complex to None, run_after=None
[2026-08-04T08:16:55.523+0000] {processor.py:183} INFO - Processing /home/airflow/.local/lib/python3.12/site-packages/airflow/example_dags/example_complex.py took 0.608 seconds
[2026-08-04T08:17:26.300+0000] {processor.py:161} INFO - Started process (PID=2808) to work on /home/airflow/.local/lib/python3.12/site-packages/airflow/example_dags/example_complex.py
[2026-08-04T08:17:26.306+0000] {processor.py:830} INFO - Processing file /home/airflow/.local/lib/python3.12/site-packages/airflow/example_dags/example_complex.py for tasks to queue
[2026-08-04T08:17:26.319+0000] {logging_mixin.py:188} INFO - [2026-08-04T08:17:26.314+0000] {dagbag.py:545} INFO - Filling up the DagBag from /home/airflow/.local/lib/python3.12/site-packages/airflow/example_dags/example_complex.py
[2026-08-04T08:17:26.430+0000] {processor.py:840} INFO - DAG(s) 'example_complex' retrieved from /home/airflow/.local/lib/python3.12/site-packages/airflow/example_dags/example_complex.py
[2026-08-04T08:17:26.700+0000] {logging_mixin.py:188} INFO - [2026-08-04T08:17:26.699+0000] {dag.py:3089} INFO - Sync 1 DAGs
[2026-08-04T08:17:26.980+0000] {logging_mixin.py:188} INFO - [2026-08-04T08:17:26.979+0000] {dag.py:3947} INFO - Setting next_dagrun for example_complex to None, run_after=None
[2026-08-04T08:17:27.104+0000] {processor.py:183} INFO - Processing /home/airflow/.local/lib/python3.12/site-packages/airflow/example_dags/example_complex.py took 0.851 seconds
[2026-08-04T08:17:59.237+0000] {processor.py:161} INFO - Started process (PID=2881) to work on /home/airflow/.local/lib/python3.12/site-packages/airflow/example_dags/example_complex.py
[2026-08-04T08:17:59.280+0000] {processor.py:830} INFO - Processing file /home/airflow/.local/lib/python3.12/site-packages/airflow/example_dags/example_complex.py for tasks to queue
[2026-08-04T08:17:59.317+0000] {logging_mixin.py:188} INFO - [2026-08-04T08:17:59.316+0000] {dagbag.py:545} INFO - Filling up the DagBag from /home/airflow/.local/lib/python3.12/site-packages/airflow/example_dags/example_complex.py
[2026-08-04T08:17:59.540+0000] {processor.py:840} INFO - DAG(s) 'example_complex' retrieved from /home/airflow/.local/lib/python3.12/site-packages/airflow/example_dags/example_complex.py
[2026-08-04T08:17:59.762+0000] {logging_mixin.py:188} INFO - [2026-08-04T08:17:59.761+0000] {dag.py:3089} INFO - Sync 1 DAGs
[2026-08-04T08:17:59.894+0000] {logging_mixin.py:188} INFO - [2026-08-04T08:17:59.892+0000] {dag.py:3947} INFO - Setting next_dagrun for example_complex to None, run_after=None
[2026-08-04T08:18:00.169+0000] {processor.py:183} INFO - Processing /home/airflow/.local/lib/python3.12/site-packages/airflow/example_dags/example_complex.py took 0.960 seconds
[2026-08-04T08:18:30.980+0000] {processor.py:161} INFO - Started process (PID=2952) to work on /home/airflow/.local/lib/python3.12/site-packages/airflow/example_dags/example_complex.py
[2026-08-04T08:18:31.005+0000] {processor.py:830} INFO - Processing file /home/airflow/.local/lib/python3.12/site-packages/airflow/example_dags/example_complex.py for tasks to queue
[2026-08-04T08:18:31.099+0000] {logging_mixin.py:188} INFO - [2026-08-04T08:18:31.098+0000] {dagbag.py:545} INFO - Filling up the DagBag from /home/airflow/.local/lib/python3.12/site-packages/airflow/example_dags/example_complex.py
[2026-08-04T08:18:31.160+0000] {processor.py:840} INFO - DAG(s) 'example_complex' retrieved from /home/airflow/.local/lib/python3.12/site-packages/airflow/example_dags/example_complex.py
[2026-08-04T08:18:31.344+0000] {logging_mixin.py:188} INFO - [2026-08-04T08:18:31.344+0000] {dag.py:3089} INFO - Sync 1 DAGs
[2026-08-04T08:18:31.439+0000] {logging_mixin.py:188} INFO - [2026-08-04T08:18:31.439+0000] {dag.py:3947} INFO - Setting next_dagrun for example_complex to None, run_after=None
[2026-08-04T08:18:31.524+0000] {processor.py:183} INFO - Processing /home/airflow/.local/lib/python3.12/site-packages/airflow/example_dags/example_complex.py took 0.652 seconds
[2026-08-04T08:19:02.848+0000] {processor.py:161} INFO - Started process (PID=3015) to work on /home/airflow/.local/lib/python3.12/site-packages/airflow/example_dags/example_complex.py
[2026-08-04T08:19:02.853+0000] {processor.py:830} INFO - Processing file /home/airflow/.local/lib/python3.12/site-packages/airflow/example_dags/example_complex.py for tasks to queue
[2026-08-04T08:19:02.859+0000] {logging_mixin.py:188} INFO - [2026-08-04T08:19:02.858+0000] {dagbag.py:545} INFO - Filling up the DagBag from /home/airflow/.local/lib/python3.12/site-packages/airflow/example_dags/example_complex.py
[2026-08-04T08:19:02.894+0000] {processor.py:840} INFO - DAG(s) 'example_complex' retrieved from /home/airflow/.local/lib/python3.12/site-packages/airflow/example_dags/example_complex.py
[2026-08-04T08:19:02.984+0000] {logging_mixin.py:188} INFO - [2026-08-04T08:19:02.983+0000] {dag.py:3089} INFO - Sync 1 DAGs
[2026-08-04T08:19:03.034+0000] {logging_mixin.py:188} INFO - [2026-08-04T08:19:03.033+0000] {dag.py:3947} INFO - Setting next_dagrun for example_complex to None, run_after=None
[2026-08-04T08:19:03.094+0000] {processor.py:183} INFO - Processing /home/airflow/.local/lib/python3.12/site-packages/airflow/example_dags/example_complex.py took 0.311 seconds
[2026-08-04T08:19:35.522+0000] {processor.py:161} INFO - Started process (PID=3087) to work on /home/airflow/.local/lib/python3.12/site-packages/airflow/example_dags/example_complex.py
[2026-08-04T08:19:35.535+0000] {processor.py:830} INFO - Processing file /home/airflow/.local/lib/python3.12/site-packages/airflow/example_dags/example_complex.py for tasks to queue
[2026-08-04T08:19:35.545+0000] {logging_mixin.py:188} INFO - [2026-08-04T08:19:35.544+0000] {dagbag.py:545} INFO - Filling up the DagBag from /home/airflow/.local/lib/python3.12/site-packages/airflow/example_dags/example_complex.py
[2026-08-04T08:19:35.605+0000] {processor.py:840} INFO - DAG(s) 'example_complex' retrieved from /home/airflow/.local/lib/python3.12/site-packages/airflow/example_dags/example_complex.py
[2026-08-04T08:19:35.713+0000] {logging_mixin.py:188} INFO - [2026-08-04T08:19:35.713+0000] {dag.py:3089} INFO - Sync 1 DAGs
[2026-08-04T08:19:35.840+0000] {logging_mixin.py:188} INFO - [2026-08-04T08:19:35.840+0000] {dag.py:3947} INFO - Setting next_dagrun for example_complex to None, run_after=None
[2026-08-04T08:19:35.992+0000] {processor.py:183} INFO - Processing /home/airflow/.local/lib/python3.12/site-packages/airflow/example_dags/example_complex.py took 0.508 seconds
[2026-08-04T08:20:06.547+0000] {processor.py:161} INFO - Started process (PID=3152) to work on /home/airflow/.local/lib/python3.12/site-packages/airflow/example_dags/example_complex.py
[2026-08-04T08:20:06.558+0000] {processor.py:830} INFO - Processing file /home/airflow/.local/lib/python3.12/site-packages/airflow/example_dags/example_complex.py for tasks to queue
[2026-08-04T08:20:06.565+0000] {logging_mixin.py:188} INFO - [2026-08-04T08:20:06.564+0000] {dagbag.py:545} INFO - Filling up the DagBag from /home/airflow/.local/lib/python3.12/site-packages/airflow/example_dags/example_complex.py
[2026-08-04T08:20:06.600+0000] {processor.py:840} INFO - DAG(s) 'example_complex' retrieved from /home/airflow/.local/lib/python3.12/site-packages/airflow/example_dags/example_complex.py
[2026-08-04T08:20:06.686+0000] {logging_mixin.py:188} INFO - [2026-08-04T08:20:06.685+0000] {dag.py:3089} INFO - Sync 1 DAGs
[2026-08-04T08:20:06.738+0000] {logging_mixin.py:188} INFO - [2026-08-04T08:20:06.737+0000] {dag.py:3947} INFO - Setting next_dagrun for example_complex to None, run_after=None
[2026-08-04T08:20:06.825+0000] {processor.py:183} INFO - Processing /home/airflow/.local/lib/python3.12/site-packages/airflow/example_dags/example_complex.py took 0.328 seconds
[2026-08-04T08:20:37.341+0000] {processor.py:161} INFO - Started process (PID=3223) to work on /home/airflow/.local/lib/python3.12/site-packages/airflow/example_dags/example_complex.py
[2026-08-04T08:20:37.355+0000] {processor.py:830} INFO - Processing file /home/airflow/.local/lib/python3.12/site-packages/airflow/example_dags/example_complex.py for tasks to queue
[2026-08-04T08:20:37.366+0000] {logging_mixin.py:188} INFO - [2026-08-04T08:20:37.365+0000] {dagbag.py:545} INFO - Filling up the DagBag from /home/airflow/.local/lib/python3.12/site-packages/airflow/example_dags/example_complex.py
[2026-08-04T08:20:37.409+0000] {processor.py:840} INFO - DAG(s) 'example_complex' retrieved from /home/airflow/.local/lib/python3.12/site-packages/airflow/example_dags/example_complex.py
[2026-08-04T08:20:37.533+0000] {logging_mixin.py:188} INFO - [2026-08-04T08:20:37.532+0000] {dag.py:3089} INFO - Sync 1 DAGs
[2026-08-04T08:20:37.625+0000] {logging_mixin.py:188} INFO - [2026-08-04T08:20:37.624+0000] {dag.py:3947} INFO - Setting next_dagrun for example_complex to None, run_after=None
[2026-08-04T08:20:37.706+0000] {processor.py:183} INFO - Processing /home/airflow/.local/lib/python3.12/site-packages/airflow/example_dags/example_complex.py took 0.403 seconds
[2026-08-04T08:21:08.355+0000] {processor.py:161} INFO - Started process (PID=3286) to work on /home/airflow/.local/lib/python3.12/site-packages/airflow/example_dags/example_complex.py
[2026-08-04T08:21:08.359+0000] {processor.py:830} INFO - Processing file /home/airflow/.local/lib/python3.12/site-packages/airflow/example_dags/example_complex.py for tasks to queue
[2026-08-04T08:21:08.378+0000] {logging_mixin.py:188} INFO - [2026-08-04T08:21:08.377+0000] {dagbag.py:545} INFO - Filling up the DagBag from /home/airflow/.local/lib/python3.12/site-packages/airflow/example_dags/example_complex.py
[2026-08-04T08:21:08.519+0000] {processor.py:840} INFO - DAG(s) 'example_complex' retrieved from /home/airflow/.local/lib/python3.12/site-packages/airflow/example_dags/example_complex.py
[2026-08-04T08:21:08.635+0000] {logging_mixin.py:188} INFO - [2026-08-04T08:21:08.634+0000] {dag.py:3089} INFO - Sync 1 DAGs
[2026-08-04T08:21:08.683+0000] {logging_mixin.py:188} INFO - [2026-08-04T08:21:08.682+0000] {dag.py:3947} INFO - Setting next_dagrun for example_complex to None, run_after=None
[2026-08-04T08:21:08.801+0000] {processor.py:183} INFO - Processing /home/airflow/.local/lib/python3.12/site-packages/airflow/example_dags/example_complex.py took 0.475 seconds
[2026-08-04T08:21:40.331+0000] {processor.py:161} INFO - Started process (PID=3356) to work on /home/airflow/.local/lib/python3.12/site-packages/airflow/example_dags/example_complex.py
[2026-08-04T08:21:40.341+0000] {processor.py:830} INFO - Processing file /home/airflow/.local/lib/python3.12/site-packages/airflow/example_dags/example_complex.py for tasks to queue
[2026-08-04T08:21:40.370+0000] {logging_mixin.py:188} INFO - [2026-08-04T08:21:40.369+0000] {dagbag.py:545} INFO - Filling up the DagBag from /home/airflow/.local/lib/python3.12/site-packages/airflow/example_dags/example_complex.py
[2026-08-04T08:21:40.515+0000] {processor.py:840} INFO - DAG(s) 'example_complex' retrieved from /home/airflow/.local/lib/python3.12/site-packages/airflow/example_dags/example_complex.py
[2026-08-04T08:21:40.918+0000] {logging_mixin.py:188} INFO - [2026-08-04T08:21:40.917+0000] {dag.py:3089} INFO - Sync 1 DAGs
[2026-08-04T08:21:41.048+0000] {logging_mixin.py:188} INFO - [2026-08-04T08:21:41.047+0000] {dag.py:3947} INFO - Setting next_dagrun for example_complex to None, run_after=None
[2026-08-04T08:21:41.204+0000] {processor.py:183} INFO - Processing /home/airflow/.local/lib/python3.12/site-packages/airflow/example_dags/example_complex.py took 0.935 seconds
[2026-08-04T08:22:11.652+0000] {processor.py:161} INFO - Started process (PID=3421) to work on /home/airflow/.local/lib/python3.12/site-packages/airflow/example_dags/example_complex.py
[2026-08-04T08:22:11.656+0000] {processor.py:830} INFO - Processing file /home/airflow/.local/lib/python3.12/site-packages/airflow/example_dags/example_complex.py for tasks to queue
[2026-08-04T08:22:11.665+0000] {logging_mixin.py:188} INFO - [2026-08-04T08:22:11.664+0000] {dagbag.py:545} INFO - Filling up the DagBag from /home/airflow/.local/lib/python3.12/site-packages/airflow/example_dags/example_complex.py
[2026-08-04T08:22:11.735+0000] {processor.py:840} INFO - DAG(s) 'example_complex' retrieved from /home/airflow/.local/lib/python3.12/site-packages/airflow/example_dags/example_complex.py
[2026-08-04T08:22:11.892+0000] {logging_mixin.py:188} INFO - [2026-08-04T08:22:11.890+0000] {dag.py:3089} INFO - Sync 1 DAGs
[2026-08-04T08:22:11.939+0000] {logging_mixin.py:188} INFO - [2026-08-04T08:22:11.939+0000] {dag.py:3947} INFO - Setting next_dagrun for example_complex to None, run_after=None
[2026-08-04T08:22:12.007+0000] {processor.py:183} INFO - Processing /home/airflow/.local/lib/python3.12/site-packages/airflow/example_dags/example_complex.py took 0.374 seconds
[2026-08-04T08:22:45.856+0000] {processor.py:161} INFO - Started process (PID=3492) to work on /home/airflow/.local/lib/python3.12/site-packages/airflow/example_dags/example_complex.py
[2026-08-04T08:22:45.860+0000] {processor.py:830} INFO - Processing file /home/airflow/.local/lib/python3.12/site-packages/airflow/example_dags/example_complex.py for tasks to queue
[2026-08-04T08:22:45.873+0000] {logging_mixin.py:188} INFO - [2026-08-04T08:22:45.872+0000] {dagbag.py:545} INFO - Filling up the DagBag from /home/airflow/.local/lib/python3.12/site-packages/airflow/example_dags/example_complex.py
[2026-08-04T08:22:45.965+0000] {processor.py:840} INFO - DAG(s) 'example_complex' retrieved from /home/airflow/.local/lib/python3.12/site-packages/airflow/example_dags/example_complex.py
[2026-08-04T08:22:46.258+0000] {logging_mixin.py:188} INFO - [2026-08-04T08:22:46.257+0000] {dag.py:3089} INFO - Sync 1 DAGs
[2026-08-04T08:22:46.334+0000] {logging_mixin.py:188} INFO - [2026-08-04T08:22:46.334+0000] {dag.py:3947} INFO - Setting next_dagrun for example_complex to None, run_after=None
[2026-08-04T08:22:46.468+0000] {processor.py:183} INFO - Processing /home/airflow/.local/lib/python3.12/site-packages/airflow/example_dags/example_complex.py took 0.646 seconds
[2026-08-04T08:23:17.732+0000] {processor.py:161} INFO - Started process (PID=3564) to work on /home/airflow/.local/lib/python3.12/site-packages/airflow/example_dags/example_complex.py
[2026-08-04T08:23:17.743+0000] {processor.py:830} INFO - Processing file /home/airflow/.local/lib/python3.12/site-packages/airflow/example_dags/example_complex.py for tasks to queue
[2026-08-04T08:23:17.751+0000] {logging_mixin.py:188} INFO - [2026-08-04T08:23:17.750+0000] {dagbag.py:545} INFO - Filling up the DagBag from /home/airflow/.local/lib/python3.12/site-packages/airflow/example_dags/example_complex.py
[2026-08-04T08:23:17.838+0000] {processor.py:840} INFO - DAG(s) 'example_complex' retrieved from /home/airflow/.local/lib/python3.12/site-packages/airflow/example_dags/example_complex.py
[2026-08-04T08:23:17.965+0000] {logging_mixin.py:188} INFO - [2026-08-04T08:23:17.965+0000] {dag.py:3089} INFO - Sync 1 DAGs
[2026-08-04T08:23:18.008+0000] {logging_mixin.py:188} INFO - [2026-08-04T08:23:18.007+0000] {dag.py:3947} INFO - Setting next_dagrun for example_complex to None, run_after=None
[2026-08-04T08:23:18.077+0000] {processor.py:183} INFO - Processing /home/airflow/.local/lib/python3.12/site-packages/airflow/example_dags/example_complex.py took 0.390 seconds
[2026-08-04T08:23:49.368+0000] {processor.py:161} INFO - Started process (PID=3630) to work on /home/airflow/.local/lib/python3.12/site-packages/airflow/example_dags/example_complex.py
[2026-08-04T08:23:49.375+0000] {processor.py:830} INFO - Processing file /home/airflow/.local/lib/python3.12/site-packages/airflow/example_dags/example_complex.py for tasks to queue
[2026-08-04T08:23:49.398+0000] {logging_mixin.py:188} INFO - [2026-08-04T08:23:49.397+0000] {dagbag.py:545} INFO - Filling up the DagBag from /home/airflow/.local/lib/python3.12/site-packages/airflow/example_dags/example_complex.py
[2026-08-04T08:23:49.485+0000] {processor.py:840} INFO - DAG(s) 'example_complex' retrieved from /home/airflow/.local/lib/python3.12/site-packages/airflow/example_dags/example_complex.py
[2026-08-04T08:23:49.663+0000] {logging_mixin.py:188} INFO - [2026-08-04T08:23:49.662+0000] {dag.py:3089} INFO - Sync 1 DAGs
[2026-08-04T08:23:49.712+0000] {logging_mixin.py:188} INFO - [2026-08-04T08:23:49.712+0000] {dag.py:3947} INFO - Setting next_dagrun for example_complex to None, run_after=None
[2026-08-04T08:23:49.788+0000] {processor.py:183} INFO - Processing /home/airflow/.local/lib/python3.12/site-packages/airflow/example_dags/example_complex.py took 0.475 seconds
[2026-08-04T08:24:20.673+0000] {processor.py:161} INFO - Started process (PID=3700) to work on /home/airflow/.local/lib/python3.12/site-packages/airflow/example_dags/example_complex.py
[2026-08-04T08:24:20.678+0000] {processor.py:830} INFO - Processing file /home/airflow/.local/lib/python3.12/site-packages/airflow/example_dags/example_complex.py for tasks to queue
[2026-08-04T08:24:20.694+0000] {logging_mixin.py:188} INFO - [2026-08-04T08:24:20.693+0000] {dagbag.py:545} INFO - Filling up the DagBag from /home/airflow/.local/lib/python3.12/site-packages/airflow/example_dags/example_complex.py
[2026-08-04T08:24:20.762+0000] {processor.py:840} INFO - DAG(s) 'example_complex' retrieved from /home/airflow/.local/lib/python3.12/site-packages/airflow/example_dags/example_complex.py
[2026-08-04T08:24:20.909+0000] {logging_mixin.py:188} INFO - [2026-08-04T08:24:20.908+0000] {dag.py:3089} INFO - Sync 1 DAGs
[2026-08-04T08:24:20.949+0000] {logging_mixin.py:188} INFO - [2026-08-04T08:24:20.949+0000] {dag.py:3947} INFO - Setting next_dagrun for example_complex to None, run_after=None
[2026-08-04T08:24:21.019+0000] {processor.py:183} INFO - Processing /home/airflow/.local/lib/python3.12/site-packages/airflow/example_dags/example_complex.py took 0.401 seconds
[2026-08-04T08:24:51.983+0000] {processor.py:161} INFO - Started process (PID=3763) to work on /home/airflow/.local/lib/python3.12/site-packages/airflow/example_dags/example_complex.py
[2026-08-04T08:24:52.001+0000] {processor.py:830} INFO - Processing file /home/airflow/.local/lib/python3.12/site-packages/airflow/example_dags/example_complex.py for tasks to queue
[2026-08-04T08:24:52.011+0000] {logging_mixin.py:188} INFO - [2026-08-04T08:24:52.010+0000] {dagbag.py:545} INFO - Filling up the DagBag from /home/airflow/.local/lib/python3.12/site-packages/airflow/example_dags/example_complex.py
[2026-08-04T08:24:52.044+0000] {processor.py:840} INFO - DAG(s) 'example_complex' retrieved from /home/airflow/.local/lib/python3.12/site-packages/airflow/example_dags/example_complex.py
[2026-08-04T08:24:52.136+0000] {logging_mixin.py:188} INFO - [2026-08-04T08:24:52.135+0000] {dag.py:3089} INFO - Sync 1 DAGs
[2026-08-04T08:24:52.170+0000] {logging_mixin.py:188} INFO - [2026-08-04T08:24:52.170+0000] {dag.py:3947} INFO - Setting next_dagrun for example_complex to None, run_after=None
[2026-08-04T08:24:52.295+0000] {processor.py:183} INFO - Processing /home/airflow/.local/lib/python3.12/site-packages/airflow/example_dags/example_complex.py took 0.342 seconds
[2026-08-04T08:25:25.810+0000] {processor.py:161} INFO - Started process (PID=3835) to work on /home/airflow/.local/lib/python3.12/site-packages/airflow/example_dags/example_complex.py
[2026-08-04T08:25:25.819+0000] {processor.py:830} INFO - Processing file /home/airflow/.local/lib/python3.12/site-packages/airflow/example_dags/example_complex.py for tasks to queue
[2026-08-04T08:25:25.838+0000] {logging_mixin.py:188} INFO - [2026-08-04T08:25:25.837+0000] {dagbag.py:545} INFO - Filling up the DagBag from /home/airflow/.local/lib/python3.12/site-packages/airflow/example_dags/example_complex.py
[2026-08-04T08:25:25.938+0000] {processor.py:840} INFO - DAG(s) 'example_complex' retrieved from /home/airflow/.local/lib/python3.12/site-packages/airflow/example_dags/example_complex.py
[2026-08-04T08:25:26.144+0000] {logging_mixin.py:188} INFO - [2026-08-04T08:25:26.143+0000] {dag.py:3089} INFO - Sync 1 DAGs
[2026-08-04T08:25:26.219+0000] {logging_mixin.py:188} INFO - [2026-08-04T08:25:26.218+0000] {dag.py:3947} INFO - Setting next_dagrun for example_complex to None, run_after=None
[2026-08-04T08:25:26.427+0000] {processor.py:183} INFO - Processing /home/airflow/.local/lib/python3.12/site-packages/airflow/example_dags/example_complex.py took 0.693 seconds
[2026-08-04T08:25:57.244+0000] {processor.py:161} INFO - Started process (PID=3907) to work on /home/airflow/.local/lib/python3.12/site-packages/airflow/example_dags/example_complex.py
[2026-08-04T08:25:57.252+0000] {processor.py:830} INFO - Processing file /home/airflow/.local/lib/python3.12/site-packages/airflow/example_dags/example_complex.py for tasks to queue
[2026-08-04T08:25:57.257+0000] {logging_mixin.py:188} INFO - [2026-08-04T08:25:57.256+0000] {dagbag.py:545} INFO - Filling up the DagBag from /home/airflow/.local/lib/python3.12/site-packages/airflow/example_dags/example_complex.py
[2026-08-04T08:25:57.314+0000] {processor.py:840} INFO - DAG(s) 'example_complex' retrieved from /home/airflow/.local/lib/python3.12/site-packages/airflow/example_dags/example_complex.py
[2026-08-04T08:25:57.504+0000] {logging_mixin.py:188} INFO - [2026-08-04T08:25:57.503+0000] {dag.py:3089} INFO - Sync 1 DAGs
[2026-08-04T08:25:57.556+0000] {logging_mixin.py:188} INFO - [2026-08-04T08:25:57.555+0000] {dag.py:3947} INFO - Setting next_dagrun for example_complex to None, run_after=None
[2026-08-04T08:25:57.642+0000] {processor.py:183} INFO - Processing /home/airflow/.local/lib/python3.12/site-packages/airflow/example_dags/example_complex.py took 0.422 seconds
[2026-08-04T08:26:28.166+0000] {processor.py:161} INFO - Started process (PID=3971) to work on /home/airflow/.local/lib/python3.12/site-packages/airflow/example_dags/example_complex.py
[2026-08-04T08:26:28.170+0000] {processor.py:830} INFO - Processing file /home/airflow/.local/lib/python3.12/site-packages/airflow/example_dags/example_complex.py for tasks to queue
[2026-08-04T08:26:28.177+0000] {logging_mixin.py:188} INFO - [2026-08-04T08:26:28.176+0000] {dagbag.py:545} INFO - Filling up the DagBag from /home/airflow/.local/lib/python3.12/site-packages/airflow/example_dags/example_complex.py
[2026-08-04T08:26:28.209+0000] {processor.py:840} INFO - DAG(s) 'example_complex' retrieved from /home/airflow/.local/lib/python3.12/site-packages/airflow/example_dags/example_complex.py
[2026-08-04T08:26:28.319+0000] {logging_mixin.py:188} INFO - [2026-08-04T08:26:28.319+0000] {dag.py:3089} INFO - Sync 1 DAGs
[2026-08-04T08:26:28.392+0000] {logging_mixin.py:188} INFO - [2026-08-04T08:26:28.391+0000] {dag.py:3947} INFO - Setting next_dagrun for example_complex to None, run_after=None
[2026-08-04T08:26:28.469+0000] {processor.py:183} INFO - Processing /home/airflow/.local/lib/python3.12/site-packages/airflow/example_dags/example_complex.py took 0.351 seconds
[2026-08-04T08:26:58.832+0000] {processor.py:161} INFO - Started process (PID=4043) to work on /home/airflow/.local/lib/python3.12/site-packages/airflow/example_dags/example_complex.py
[2026-08-04T08:26:58.836+0000] {processor.py:830} INFO - Processing file /home/airflow/.local/lib/python3.12/site-packages/airflow/example_dags/example_complex.py for tasks to queue
[2026-08-04T08:26:58.841+0000] {logging_mixin.py:188} INFO - [2026-08-04T08:26:58.840+0000] {dagbag.py:545} INFO - Filling up the DagBag from /home/airflow/.local/lib/python3.12/site-packages/airflow/example_dags/example_complex.py
[2026-08-04T08:26:58.868+0000] {processor.py:840} INFO - DAG(s) 'example_complex' retrieved from /home/airflow/.local/lib/python3.12/site-packages/airflow/example_dags/example_complex.py
[2026-08-04T08:26:58.947+0000] {logging_mixin.py:188} INFO - [2026-08-04T08:26:58.946+0000] {dag.py:3089} INFO - Sync 1 DAGs
[2026-08-04T08:26:58.972+0000] {logging_mixin.py:188} INFO - [2026-08-04T08:26:58.971+0000] {dag.py:3947} INFO - Setting next_dagrun for example_complex to None, run_after=None
[2026-08-04T08:26:59.029+0000] {processor.py:183} INFO - Processing /home/airflow/.local/lib/python3.12/site-packages/airflow/example_dags/example_complex.py took 0.210 seconds
[2026-08-04T08:27:31.425+0000] {processor.py:161} INFO - Started process (PID=4108) to work on /home/airflow/.local/lib/python3.12/site-packages/airflow/example_dags/example_complex.py
[2026-08-04T08:27:31.434+0000] {processor.py:830} INFO - Processing file /home/airflow/.local/lib/python3.12/site-packages/airflow/example_dags/example_complex.py for tasks to queue
[2026-08-04T08:27:31.478+0000] {logging_mixin.py:188} INFO - [2026-08-04T08:27:31.474+0000] {dagbag.py:545} INFO - Filling up the DagBag from /home/airflow/.local/lib/python3.12/site-packages/airflow/example_dags/example_complex.py
[2026-08-04T08:27:31.587+0000] {processor.py:840} INFO - DAG(s) 'example_complex' retrieved from /home/airflow/.local/lib/python3.12/site-packages/airflow/example_dags/example_complex.py
[2026-08-04T08:27:31.732+0000] {logging_mixin.py:188} INFO - [2026-08-04T08:27:31.732+0000] {dag.py:3089} INFO - Sync 1 DAGs
[2026-08-04T08:27:31.767+0000] {logging_mixin.py:188} INFO - [2026-08-04T08:27:31.767+0000] {dag.py:3947} INFO - Setting next_dagrun for example_complex to None, run_after=None
[2026-08-04T08:27:31.877+0000] {processor.py:183} INFO - Processing /home/airflow/.local/lib/python3.12/site-packages/airflow/example_dags/example_complex.py took 0.543 seconds
[2026-08-04T08:28:03.093+0000] {processor.py:161} INFO - Started process (PID=4181) to work on /home/airflow/.local/lib/python3.12/site-packages/airflow/example_dags/example_complex.py
[2026-08-04T08:28:03.096+0000] {processor.py:830} INFO - Processing file /home/airflow/.local/lib/python3.12/site-packages/airflow/example_dags/example_complex.py for tasks to queue
[2026-08-04T08:28:03.101+0000] {logging_mixin.py:188} INFO - [2026-08-04T08:28:03.101+0000] {dagbag.py:545} INFO - Filling up the DagBag from /home/airflow/.local/lib/python3.12/site-packages/airflow/example_dags/example_complex.py
[2026-08-04T08:28:03.127+0000] {processor.py:840} INFO - DAG(s) 'example_complex' retrieved from /home/airflow/.local/lib/python3.12/site-packages/airflow/example_dags/example_complex.py
[2026-08-04T08:28:03.240+0000] {logging_mixin.py:188} INFO - [2026-08-04T08:28:03.239+0000] {dag.py:3089} INFO - Sync 1 DAGs
[2026-08-04T08:28:03.278+0000] {logging_mixin.py:188} INFO - [2026-08-04T08:28:03.278+0000] {dag.py:3947} INFO - Setting next_dagrun for example_complex to None, run_after=None
[2026-08-04T08:28:03.374+0000] {processor.py:183} INFO - Processing /home/airflow/.local/lib/python3.12/site-packages/airflow/example_dags/example_complex.py took 0.298 seconds
[2026-08-04T08:28:34.049+0000] {processor.py:161} INFO - Started process (PID=4244) to work on /home/airflow/.local/lib/python3.12/site-packages/airflow/example_dags/example_complex.py
[2026-08-04T08:28:34.063+0000] {processor.py:830} INFO - Processing file /home/airflow/.local/lib/python3.12/site-packages/airflow/example_dags/example_complex.py for tasks to queue
[2026-08-04T08:28:34.077+0000] {logging_mixin.py:188} INFO - [2026-08-04T08:28:34.076+0000] {dagbag.py:545} INFO - Filling up the DagBag from /home/airflow/.local/lib/python3.12/site-packages/airflow/example_dags/example_complex.py
[2026-08-04T08:28:34.131+0000] {processor.py:840} INFO - DAG(s) 'example_complex' retrieved from /home/airflow/.local/lib/python3.12/site-packages/airflow/example_dags/example_complex.py
[2026-08-04T08:28:34.235+0000] {logging_mixin.py:188} INFO - [2026-08-04T08:28:34.234+0000] {dag.py:3089} INFO - Sync 1 DAGs
[2026-08-04T08:28:34.274+0000] {logging_mixin.py:188} INFO - [2026-08-04T08:28:34.273+0000] {dag.py:3947} INFO - Setting next_dagrun for example_complex to None, run_after=None
[2026-08-04T08:28:34.332+0000] {processor.py:183} INFO - Processing /home/airflow/.local/lib/python3.12/site-packages/airflow/example_dags/example_complex.py took 0.357 seconds
[2026-08-04T08:29:07.150+0000] {processor.py:161} INFO - Started process (PID=4319) to work on /home/airflow/.local/lib/python3.12/site-packages/airflow/example_dags/example_complex.py
[2026-08-04T08:29:07.158+0000] {processor.py:830} INFO - Processing file /home/airflow/.local/lib/python3.12/site-packages/airflow/example_dags/example_complex.py for tasks to queue
[2026-08-04T08:29:07.195+0000] {logging_mixin.py:188} INFO - [2026-08-04T08:29:07.194+0000] {dagbag.py:545} INFO - Filling up the DagBag from /home/airflow/.local/lib/python3.12/site-packages/airflow/example_dags/example_complex.py
[2026-08-04T08:29:07.239+0000] {processor.py:840} INFO - DAG(s) 'example_complex' retrieved from /home/airflow/.local/lib/python3.12/site-packages/airflow/example_dags/example_complex.py
[2026-08-04T08:29:07.411+0000] {logging_mixin.py:188} INFO - [2026-08-04T08:29:07.411+0000] {dag.py:3089} INFO - Sync 1 DAGs
[2026-08-04T08:29:07.528+0000] {logging_mixin.py:188} INFO - [2026-08-04T08:29:07.527+0000] {dag.py:3947} INFO - Setting next_dagrun for example_complex to None, run_after=None
[2026-08-04T08:29:07.689+0000] {processor.py:183} INFO - Processing /home/airflow/.local/lib/python3.12/site-packages/airflow/example_dags/example_complex.py took 0.575 seconds
[2026-08-04T08:29:37.901+0000] {processor.py:161} INFO - Started process (PID=4392) to work on /home/airflow/.local/lib/python3.12/site-packages/airflow/example_dags/example_complex.py
[2026-08-04T08:29:37.909+0000] {processor.py:830} INFO - Processing file /home/airflow/.local/lib/python3.12/site-packages/airflow/example_dags/example_complex.py for tasks to queue
[2026-08-04T08:29:37.914+0000] {logging_mixin.py:188} INFO - [2026-08-04T08:29:37.913+0000] {dagbag.py:545} INFO - Filling up the DagBag from /home/airflow/.local/lib/python3.12/site-packages/airflow/example_dags/example_complex.py
[2026-08-04T08:29:37.940+0000] {processor.py:840} INFO - DAG(s) 'example_complex' retrieved from /home/airflow/.local/lib/python3.12/site-packages/airflow/example_dags/example_complex.py
[2026-08-04T08:29:38.098+0000] {logging_mixin.py:188} INFO - [2026-08-04T08:29:38.097+0000] {dag.py:3089} INFO - Sync 1 DAGs
[2026-08-04T08:29:38.156+0000] {logging_mixin.py:188} INFO - [2026-08-04T08:29:38.155+0000] {dag.py:3947} INFO - Setting next_dagrun for example_complex to None, run_after=None
[2026-08-04T08:29:38.218+0000] {processor.py:183} INFO - Processing /home/airflow/.local/lib/python3.12/site-packages/airflow/example_dags/example_complex.py took 0.330 seconds
[2026-08-04T08:30:10.743+0000] {processor.py:161} INFO - Started process (PID=4453) to work on /home/airflow/.local/lib/python3.12/site-packages/airflow/example_dags/example_complex.py
[2026-08-04T08:30:10.750+0000] {processor.py:830} INFO - Processing file /home/airflow/.local/lib/python3.12/site-packages/airflow/example_dags/example_complex.py for tasks to queue
[2026-08-04T08:30:10.782+0000] {logging_mixin.py:188} INFO - [2026-08-04T08:30:10.780+0000] {dagbag.py:545} INFO - Filling up the DagBag from /home/airflow/.local/lib/python3.12/site-packages/airflow/example_dags/example_complex.py
[2026-08-04T08:30:10.874+0000] {processor.py:840} INFO - DAG(s) 'example_complex' retrieved from /home/airflow/.local/lib/python3.12/site-packages/airflow/example_dags/example_complex.py
[2026-08-04T08:30:10.995+0000] {logging_mixin.py:188} INFO - [2026-08-04T08:30:10.994+0000] {dag.py:3089} INFO - Sync 1 DAGs
[2026-08-04T08:30:11.045+0000] {logging_mixin.py:188} INFO - [2026-08-04T08:30:11.044+0000] {dag.py:3947} INFO - Setting next_dagrun for example_complex to None, run_after=None
[2026-08-04T08:30:11.106+0000] {processor.py:183} INFO - Processing /home/airflow/.local/lib/python3.12/site-packages/airflow/example_dags/example_complex.py took 0.449 seconds
[2026-08-04T08:30:41.509+0000] {processor.py:161} INFO - Started process (PID=4523) to work on /home/airflow/.local/lib/python3.12/site-packages/airflow/example_dags/example_complex.py
[2026-08-04T08:30:41.515+0000] {processor.py:830} INFO - Processing file /home/airflow/.local/lib/python3.12/site-packages/airflow/example_dags/example_complex.py for tasks to queue
[2026-08-04T08:30:41.530+0000] {logging_mixin.py:188} INFO - [2026-08-04T08:30:41.529+0000] {dagbag.py:545} INFO - Filling up the DagBag from /home/airflow/.local/lib/python3.12/site-packages/airflow/example_dags/example_complex.py
[2026-08-04T08:30:41.591+0000] {processor.py:840} INFO - DAG(s) 'example_complex' retrieved from /home/airflow/.local/lib/python3.12/site-packages/airflow/example_dags/example_complex.py
[2026-08-04T08:30:41.738+0000] {logging_mixin.py:188} INFO - [2026-08-04T08:30:41.737+0000] {dag.py:3089} INFO - Sync 1 DAGs
[2026-08-04T08:30:41.817+0000] {logging_mixin.py:188} INFO - [2026-08-04T08:30:41.811+0000] {dag.py:3947} INFO - Setting next_dagrun for example_complex to None, run_after=None
[2026-08-04T08:30:41.897+0000] {processor.py:183} INFO - Processing /home/airflow/.local/lib/python3.12/site-packages/airflow/example_dags/example_complex.py took 0.459 seconds
[2026-08-04T08:31:15.557+0000] {processor.py:161} INFO - Started process (PID=4595) to work on /home/airflow/.local/lib/python3.12/site-packages/airflow/example_dags/example_complex.py
[2026-08-04T08:31:15.561+0000] {processor.py:830} INFO - Processing file /home/airflow/.local/lib/python3.12/site-packages/airflow/example_dags/example_complex.py for tasks to queue
[2026-08-04T08:31:15.588+0000] {logging_mixin.py:188} INFO - [2026-08-04T08:31:15.587+0000] {dagbag.py:545} INFO - Filling up the DagBag from /home/airflow/.local/lib/python3.12/site-packages/airflow/example_dags/example_complex.py
[2026-08-04T08:31:15.669+0000] {processor.py:840} INFO - DAG(s) 'example_complex' retrieved from /home/airflow/.local/lib/python3.12/site-packages/airflow/example_dags/example_complex.py
[2026-08-04T08:31:15.831+0000] {logging_mixin.py:188} INFO - [2026-08-04T08:31:15.828+0000] {dag.py:3089} INFO - Sync 1 DAGs
[2026-08-04T08:31:15.938+0000] {logging_mixin.py:188} INFO - [2026-08-04T08:31:15.929+0000] {dag.py:3947} INFO - Setting next_dagrun for example_complex to None, run_after=None
[2026-08-04T08:31:16.077+0000] {processor.py:183} INFO - Processing /home/airflow/.local/lib/python3.12/site-packages/airflow/example_dags/example_complex.py took 0.538 seconds
[2026-08-04T08:31:47.110+0000] {processor.py:161} INFO - Started process (PID=4660) to work on /home/airflow/.local/lib/python3.12/site-packages/airflow/example_dags/example_complex.py
[2026-08-04T08:31:47.116+0000] {processor.py:830} INFO - Processing file /home/airflow/.local/lib/python3.12/site-packages/airflow/example_dags/example_complex.py for tasks to queue
[2026-08-04T08:31:47.125+0000] {logging_mixin.py:188} INFO - [2026-08-04T08:31:47.124+0000] {dagbag.py:545} INFO - Filling up the DagBag from /home/airflow/.local/lib/python3.12/site-packages/airflow/example_dags/example_complex.py
[2026-08-04T08:31:47.206+0000] {processor.py:840} INFO - DAG(s) 'example_complex' retrieved from /home/airflow/.local/lib/python3.12/site-packages/airflow/example_dags/example_complex.py
[2026-08-04T08:31:47.351+0000] {logging_mixin.py:188} INFO - [2026-08-04T08:31:47.351+0000] {dag.py:3089} INFO - Sync 1 DAGs
[2026-08-04T08:31:47.480+0000] {logging_mixin.py:188} INFO - [2026-08-04T08:31:47.479+0000] {dag.py:3947} INFO - Setting next_dagrun for example_complex to None, run_after=None
[2026-08-04T08:31:47.772+0000] {processor.py:183} INFO - Processing /home/airflow/.local/lib/python3.12/site-packages/airflow/example_dags/example_complex.py took 0.696 seconds
[2026-08-04T08:32:18.039+0000] {processor.py:161} INFO - Started process (PID=4732) to work on /home/airflow/.local/lib/python3.12/site-packages/airflow/example_dags/example_complex.py
[2026-08-04T08:32:18.043+0000] {processor.py:830} INFO - Processing file /home/airflow/.local/lib/python3.12/site-packages/airflow/example_dags/example_complex.py for tasks to queue
[2026-08-04T08:32:18.049+0000] {logging_mixin.py:188} INFO - [2026-08-04T08:32:18.048+0000] {dagbag.py:545} INFO - Filling up the DagBag from /home/airflow/.local/lib/python3.12/site-packages/airflow/example_dags/example_complex.py
[2026-08-04T08:32:18.077+0000] {processor.py:840} INFO - DAG(s) 'example_complex' retrieved from /home/airflow/.local/lib/python3.12/site-packages/airflow/example_dags/example_complex.py
[2026-08-04T08:32:18.157+0000] {logging_mixin.py:188} INFO - [2026-08-04T08:32:18.156+0000] {dag.py:3089} INFO - Sync 1 DAGs
[2026-08-04T08:32:18.190+0000] {logging_mixin.py:188} INFO - [2026-08-04T08:32:18.189+0000] {dag.py:3947} INFO - Setting next_dagrun for example_complex to None, run_after=None
[2026-08-04T08:32:18.242+0000] {processor.py:183} INFO - Processing /home/airflow/.local/lib/python3.12/site-packages/airflow/example_dags/example_complex.py took 0.218 seconds
[2026-08-04T08:32:52.220+0000] {processor.py:161} INFO - Started process (PID=4797) to work on /home/airflow/.local/lib/python3.12/site-packages/airflow/example_dags/example_complex.py
[2026-08-04T08:32:52.238+0000] {processor.py:830} INFO - Processing file /home/airflow/.local/lib/python3.12/site-packages/airflow/example_dags/example_complex.py for tasks to queue
[2026-08-04T08:32:52.252+0000] {logging_mixin.py:188} INFO - [2026-08-04T08:32:52.252+0000] {dagbag.py:545} INFO - Filling up the DagBag from /home/airflow/.local/lib/python3.12/site-packages/airflow/example_dags/example_complex.py
[2026-08-04T08:32:52.353+0000] {processor.py:840} INFO - DAG(s) 'example_complex' retrieved from /home/airflow/.local/lib/python3.12/site-packages/airflow/example_dags/example_complex.py
[2026-08-04T08:32:52.571+0000] {logging_mixin.py:188} INFO - [2026-08-04T08:32:52.570+0000] {dag.py:3089} INFO - Sync 1 DAGs
[2026-08-04T08:32:52.676+0000] {logging_mixin.py:188} INFO - [2026-08-04T08:32:52.676+0000] {dag.py:3947} INFO - Setting next_dagrun for example_complex to None, run_after=None
[2026-08-04T08:32:52.816+0000] {processor.py:183} INFO - Processing /home/airflow/.local/lib/python3.12/site-packages/airflow/example_dags/example_complex.py took 0.666 seconds
[2026-08-04T08:33:24.395+0000] {processor.py:161} INFO - Started process (PID=4870) to work on /home/airflow/.local/lib/python3.12/site-packages/airflow/example_dags/example_complex.py
[2026-08-04T08:33:24.407+0000] {processor.py:830} INFO - Processing file /home/airflow/.local/lib/python3.12/site-packages/airflow/example_dags/example_complex.py for tasks to queue
[2026-08-04T08:33:24.419+0000] {logging_mixin.py:188} INFO - [2026-08-04T08:33:24.417+0000] {dagbag.py:545} INFO - Filling up the DagBag from /home/airflow/.local/lib/python3.12/site-packages/airflow/example_dags/example_complex.py
[2026-08-04T08:33:24.470+0000] {processor.py:840} INFO - DAG(s) 'example_complex' retrieved from /home/airflow/.local/lib/python3.12/site-packages/airflow/example_dags/example_complex.py
[2026-08-04T08:33:24.640+0000] {logging_mixin.py:188} INFO - [2026-08-04T08:33:24.639+0000] {dag.py:3089} INFO - Sync 1 DAGs
[2026-08-04T08:33:24.743+0000] {logging_mixin.py:188} INFO - [2026-08-04T08:33:24.726+0000] {dag.py:3947} INFO - Setting next_dagrun for example_complex to None, run_after=None
[2026-08-04T08:33:25.060+0000] {processor.py:183} INFO - Processing /home/airflow/.local/lib/python3.12/site-packages/airflow/example_dags/example_complex.py took 0.682 seconds
[2026-08-04T08:33:55.596+0000] {processor.py:161} INFO - Started process (PID=4941) to work on /home/airflow/.local/lib/python3.12/site-packages/airflow/example_dags/example_complex.py
[2026-08-04T08:33:55.600+0000] {processor.py:830} INFO - Processing file /home/airflow/.local/lib/python3.12/site-packages/airflow/example_dags/example_complex.py for tasks to queue
[2026-08-04T08:33:55.607+0000] {logging_mixin.py:188} INFO - [2026-08-04T08:33:55.606+0000] {dagbag.py:545} INFO - Filling up the DagBag from /home/airflow/.local/lib/python3.12/site-packages/airflow/example_dags/example_complex.py
[2026-08-04T08:33:55.647+0000] {processor.py:840} INFO - DAG(s) 'example_complex' retrieved from /home/airflow/.local/lib/python3.12/site-packages/airflow/example_dags/example_complex.py
[2026-08-04T08:33:55.818+0000] {logging_mixin.py:188} INFO - [2026-08-04T08:33:55.817+0000] {dag.py:3089} INFO - Sync 1 DAGs
[2026-08-04T08:33:55.878+0000] {logging_mixin.py:188} INFO - [2026-08-04T08:33:55.877+0000] {dag.py:3947} INFO - Setting next_dagrun for example_complex to None, run_after=None
[2026-08-04T08:33:55.978+0000] {processor.py:183} INFO - Processing /home/airflow/.local/lib/python3.12/site-packages/airflow/example_dags/example_complex.py took 0.403 seconds
[2026-08-04T08:34:26.783+0000] {processor.py:161} INFO - Started process (PID=5007) to work on /home/airflow/.local/lib/python3.12/site-packages/airflow/example_dags/example_complex.py
[2026-08-04T08:34:26.786+0000] {processor.py:830} INFO - Processing file /home/airflow/.local/lib/python3.12/site-packages/airflow/example_dags/example_complex.py for tasks to queue
[2026-08-04T08:34:26.792+0000] {logging_mixin.py:188} INFO - [2026-08-04T08:34:26.791+0000] {dagbag.py:545} INFO - Filling up the DagBag from /home/airflow/.local/lib/python3.12/site-packages/airflow/example_dags/example_complex.py
[2026-08-04T08:34:26.850+0000] {processor.py:840} INFO - DAG(s) 'example_complex' retrieved from /home/airflow/.local/lib/python3.12/site-packages/airflow/example_dags/example_complex.py
[2026-08-04T08:34:26.954+0000] {logging_mixin.py:188} INFO - [2026-08-04T08:34:26.954+0000] {dag.py:3089} INFO - Sync 1 DAGs
[2026-08-04T08:34:26.987+0000] {logging_mixin.py:188} INFO - [2026-08-04T08:34:26.986+0000] {dag.py:3947} INFO - Setting next_dagrun for example_complex to None, run_after=None
[2026-08-04T08:34:27.050+0000] {processor.py:183} INFO - Processing /home/airflow/.local/lib/python3.12/site-packages/airflow/example_dags/example_complex.py took 0.281 seconds
[2026-08-04T08:35:01.645+0000] {processor.py:161} INFO - Started process (PID=5080) to work on /home/airflow/.local/lib/python3.12/site-packages/airflow/example_dags/example_complex.py
[2026-08-04T08:35:01.651+0000] {processor.py:830} INFO - Processing file /home/airflow/.local/lib/python3.12/site-packages/airflow/example_dags/example_complex.py for tasks to queue
[2026-08-04T08:35:01.665+0000] {logging_mixin.py:188} INFO - [2026-08-04T08:35:01.664+0000] {dagbag.py:545} INFO - Filling up the DagBag from /home/airflow/.local/lib/python3.12/site-packages/airflow/example_dags/example_complex.py
[2026-08-04T08:35:01.699+0000] {processor.py:840} INFO - DAG(s) 'example_complex' retrieved from /home/airflow/.local/lib/python3.12/site-packages/airflow/example_dags/example_complex.py
[2026-08-04T08:35:01.827+0000] {logging_mixin.py:188} INFO - [2026-08-04T08:35:01.818+0000] {dag.py:3089} INFO - Sync 1 DAGs
[2026-08-04T08:35:01.883+0000] {logging_mixin.py:188} INFO - [2026-08-04T08:35:01.883+0000] {dag.py:3947} INFO - Setting next_dagrun for example_complex to None, run_after=None
[2026-08-04T08:35:01.991+0000] {processor.py:183} INFO - Processing /home/airflow/.local/lib/python3.12/site-packages/airflow/example_dags/example_complex.py took 0.362 seconds
[2026-08-04T08:35:32.395+0000] {processor.py:161} INFO - Started process (PID=5144) to work on /home/airflow/.local/lib/python3.12/site-packages/airflow/example_dags/example_complex.py
[2026-08-04T08:35:32.409+0000] {processor.py:830} INFO - Processing file /home/airflow/.local/lib/python3.12/site-packages/airflow/example_dags/example_complex.py for tasks to queue
[2026-08-04T08:35:32.428+0000] {logging_mixin.py:188} INFO - [2026-08-04T08:35:32.427+0000] {dagbag.py:545} INFO - Filling up the DagBag from /home/airflow/.local/lib/python3.12/site-packages/airflow/example_dags/example_complex.py
[2026-08-04T08:35:32.458+0000] {processor.py:840} INFO - DAG(s) 'example_complex' retrieved from /home/airflow/.local/lib/python3.12/site-packages/airflow/example_dags/example_complex.py
[2026-08-04T08:35:32.568+0000] {logging_mixin.py:188} INFO - [2026-08-04T08:35:32.568+0000] {dag.py:3089} INFO - Sync 1 DAGs
[2026-08-04T08:35:32.648+0000] {logging_mixin.py:188} INFO - [2026-08-04T08:35:32.648+0000] {dag.py:3947} INFO - Setting next_dagrun for example_complex to None, run_after=None
[2026-08-04T08:35:32.744+0000] {processor.py:183} INFO - Processing /home/airflow/.local/lib/python3.12/site-packages/airflow/example_dags/example_complex.py took 0.374 seconds
[2026-08-04T08:36:03.134+0000] {processor.py:161} INFO - Started process (PID=5217) to work on /home/airflow/.local/lib/python3.12/site-packages/airflow/example_dags/example_complex.py
[2026-08-04T08:36:03.138+0000] {processor.py:830} INFO - Processing file /home/airflow/.local/lib/python3.12/site-packages/airflow/example_dags/example_complex.py for tasks to queue
[2026-08-04T08:36:03.146+0000] {logging_mixin.py:188} INFO - [2026-08-04T08:36:03.145+0000] {dagbag.py:545} INFO - Filling up the DagBag from /home/airflow/.local/lib/python3.12/site-packages/airflow/example_dags/example_complex.py
[2026-08-04T08:36:03.171+0000] {processor.py:840} INFO - DAG(s) 'example_complex' retrieved from /home/airflow/.local/lib/python3.12/site-packages/airflow/example_dags/example_complex.py
[2026-08-04T08:36:03.239+0000] {logging_mixin.py:188} INFO - [2026-08-04T08:36:03.238+0000] {dag.py:3089} INFO - Sync 1 DAGs
[2026-08-04T08:36:03.276+0000] {logging_mixin.py:188} INFO - [2026-08-04T08:36:03.275+0000] {dag.py:3947} INFO - Setting next_dagrun for example_complex to None, run_after=None
[2026-08-04T08:36:03.334+0000] {processor.py:183} INFO - Processing /home/airflow/.local/lib/python3.12/site-packages/airflow/example_dags/example_complex.py took 0.246 seconds
[2026-08-04T08:36:35.078+0000] {processor.py:161} INFO - Started process (PID=5281) to work on /home/airflow/.local/lib/python3.12/site-packages/airflow/example_dags/example_complex.py
[2026-08-04T08:36:35.082+0000] {processor.py:830} INFO - Processing file /home/airflow/.local/lib/python3.12/site-packages/airflow/example_dags/example_complex.py for tasks to queue
[2026-08-04T08:36:35.102+0000] {logging_mixin.py:188} INFO - [2026-08-04T08:36:35.101+0000] {dagbag.py:545} INFO - Filling up the DagBag from /home/airflow/.local/lib/python3.12/site-packages/airflow/example_dags/example_complex.py
[2026-08-04T08:36:35.231+0000] {processor.py:840} INFO - DAG(s) 'example_complex' retrieved from /home/airflow/.local/lib/python3.12/site-packages/airflow/example_dags/example_complex.py
[2026-08-04T08:36:35.475+0000] {logging_mixin.py:188} INFO - [2026-08-04T08:36:35.474+0000] {dag.py:3089} INFO - Sync 1 DAGs
[2026-08-04T08:36:35.575+0000] {logging_mixin.py:188} INFO - [2026-08-04T08:36:35.574+0000] {dag.py:3947} INFO - Setting next_dagrun for example_complex to None, run_after=None
[2026-08-04T08:36:35.817+0000] {processor.py:183} INFO - Processing /home/airflow/.local/lib/python3.12/site-packages/airflow/example_dags/example_complex.py took 0.770 seconds
[2026-08-04T08:37:06.538+0000] {processor.py:161} INFO - Started process (PID=5355) to work on /home/airflow/.local/lib/python3.12/site-packages/airflow/example_dags/example_complex.py
[2026-08-04T08:37:06.553+0000] {processor.py:830} INFO - Processing file /home/airflow/.local/lib/python3.12/site-packages/airflow/example_dags/example_complex.py for tasks to queue
[2026-08-04T08:37:06.568+0000] {logging_mixin.py:188} INFO - [2026-08-04T08:37:06.566+0000] {dagbag.py:545} INFO - Filling up the DagBag from /home/airflow/.local/lib/python3.12/site-packages/airflow/example_dags/example_complex.py
[2026-08-04T08:37:06.610+0000] {processor.py:840} INFO - DAG(s) 'example_complex' retrieved from /home/airflow/.local/lib/python3.12/site-packages/airflow/example_dags/example_complex.py
[2026-08-04T08:37:06.780+0000] {logging_mixin.py:188} INFO - [2026-08-04T08:37:06.780+0000] {dag.py:3089} INFO - Sync 1 DAGs
[2026-08-04T08:37:06.830+0000] {logging_mixin.py:188} INFO - [2026-08-04T08:37:06.830+0000] {dag.py:3947} INFO - Setting next_dagrun for example_complex to None, run_after=None
[2026-08-04T08:37:06.900+0000] {processor.py:183} INFO - Processing /home/airflow/.local/lib/python3.12/site-packages/airflow/example_dags/example_complex.py took 0.416 seconds
[2026-08-04T08:37:41.605+0000] {processor.py:161} INFO - Started process (PID=5427) to work on /home/airflow/.local/lib/python3.12/site-packages/airflow/example_dags/example_complex.py
[2026-08-04T08:37:41.609+0000] {processor.py:830} INFO - Processing file /home/airflow/.local/lib/python3.12/site-packages/airflow/example_dags/example_complex.py for tasks to queue
[2026-08-04T08:37:41.614+0000] {logging_mixin.py:188} INFO - [2026-08-04T08:37:41.613+0000] {dagbag.py:545} INFO - Filling up the DagBag from /home/airflow/.local/lib/python3.12/site-packages/airflow/example_dags/example_complex.py
[2026-08-04T08:37:41.638+0000] {processor.py:840} INFO - DAG(s) 'example_complex' retrieved from /home/airflow/.local/lib/python3.12/site-packages/airflow/example_dags/example_complex.py
[2026-08-04T08:37:41.733+0000] {logging_mixin.py:188} INFO - [2026-08-04T08:37:41.733+0000] {dag.py:3089} INFO - Sync 1 DAGs
[2026-08-04T08:37:41.774+0000] {logging_mixin.py:188} INFO - [2026-08-04T08:37:41.773+0000] {dag.py:3947} INFO - Setting next_dagrun for example_complex to None, run_after=None
[2026-08-04T08:37:41.843+0000] {processor.py:183} INFO - Processing /home/airflow/.local/lib/python3.12/site-packages/airflow/example_dags/example_complex.py took 0.257 seconds
[2026-08-04T08:38:13.829+0000] {processor.py:161} INFO - Started process (PID=5492) to work on /home/airflow/.local/lib/python3.12/site-packages/airflow/example_dags/example_complex.py
[2026-08-04T08:38:13.840+0000] {processor.py:830} INFO - Processing file /home/airflow/.local/lib/python3.12/site-packages/airflow/example_dags/example_complex.py for tasks to queue
[2026-08-04T08:38:13.873+0000] {logging_mixin.py:188} INFO - [2026-08-04T08:38:13.872+0000] {dagbag.py:545} INFO - Filling up the DagBag from /home/airflow/.local/lib/python3.12/site-packages/airflow/example_dags/example_complex.py
[2026-08-04T08:38:13.946+0000] {processor.py:840} INFO - DAG(s) 'example_complex' retrieved from /home/airflow/.local/lib/python3.12/site-packages/airflow/example_dags/example_complex.py
[2026-08-04T08:38:14.221+0000] {logging_mixin.py:188} INFO - [2026-08-04T08:38:14.220+0000] {dag.py:3089} INFO - Sync 1 DAGs
[2026-08-04T08:38:14.290+0000] {logging_mixin.py:188} INFO - [2026-08-04T08:38:14.286+0000] {dag.py:3947} INFO - Setting next_dagrun for example_complex to None, run_after=None
[2026-08-04T08:38:14.476+0000] {processor.py:183} INFO - Processing /home/airflow/.local/lib/python3.12/site-packages/airflow/example_dags/example_complex.py took 0.677 seconds
[2026-08-04T08:38:46.322+0000] {processor.py:161} INFO - Started process (PID=5563) to work on /home/airflow/.local/lib/python3.12/site-packages/airflow/example_dags/example_complex.py
[2026-08-04T08:38:46.326+0000] {processor.py:830} INFO - Processing file /home/airflow/.local/lib/python3.12/site-packages/airflow/example_dags/example_complex.py for tasks to queue
[2026-08-04T08:38:46.341+0000] {logging_mixin.py:188} INFO - [2026-08-04T08:38:46.340+0000] {dagbag.py:545} INFO - Filling up the DagBag from /home/airflow/.local/lib/python3.12/site-packages/airflow/example_dags/example_complex.py
[2026-08-04T08:38:46.384+0000] {processor.py:840} INFO - DAG(s) 'example_complex' retrieved from /home/airflow/.local/lib/python3.12/site-packages/airflow/example_dags/example_complex.py
[2026-08-04T08:38:46.491+0000] {logging_mixin.py:188} INFO - [2026-08-04T08:38:46.490+0000] {dag.py:3089} INFO - Sync 1 DAGs
[2026-08-04T08:38:46.528+0000] {logging_mixin.py:188} INFO - [2026-08-04T08:38:46.527+0000] {dag.py:3947} INFO - Setting next_dagrun for example_complex to None, run_after=None
[2026-08-04T08:38:46.595+0000] {processor.py:183} INFO - Processing /home/airflow/.local/lib/python3.12/site-packages/airflow/example_dags/example_complex.py took 0.289 seconds
[2026-08-04T08:39:23.039+0000] {processor.py:161} INFO - Started process (PID=5636) to work on /home/airflow/.local/lib/python3.12/site-packages/airflow/example_dags/example_complex.py
[2026-08-04T08:39:23.045+0000] {processor.py:830} INFO - Processing file /home/airflow/.local/lib/python3.12/site-packages/airflow/example_dags/example_complex.py for tasks to queue
[2026-08-04T08:39:23.055+0000] {logging_mixin.py:188} INFO - [2026-08-04T08:39:23.054+0000] {dagbag.py:545} INFO - Filling up the DagBag from /home/airflow/.local/lib/python3.12/site-packages/airflow/example_dags/example_complex.py
[2026-08-04T08:39:23.124+0000] {processor.py:840} INFO - DAG(s) 'example_complex' retrieved from /home/airflow/.local/lib/python3.12/site-packages/airflow/example_dags/example_complex.py
[2026-08-04T08:39:23.246+0000] {logging_mixin.py:188} INFO - [2026-08-04T08:39:23.246+0000] {dag.py:3089} INFO - Sync 1 DAGs
[2026-08-04T08:39:23.296+0000] {logging_mixin.py:188} INFO - [2026-08-04T08:39:23.295+0000] {dag.py:3947} INFO - Setting next_dagrun for example_complex to None, run_after=None
[2026-08-04T08:39:23.361+0000] {processor.py:183} INFO - Processing /home/airflow/.local/lib/python3.12/site-packages/airflow/example_dags/example_complex.py took 0.350 seconds
[2026-08-04T08:39:59.275+0000] {processor.py:161} INFO - Started process (PID=5708) to work on /home/airflow/.local/lib/python3.12/site-packages/airflow/example_dags/example_complex.py
[2026-08-04T08:39:59.278+0000] {processor.py:830} INFO - Processing file /home/airflow/.local/lib/python3.12/site-packages/airflow/example_dags/example_complex.py for tasks to queue
[2026-08-04T08:39:59.294+0000] {logging_mixin.py:188} INFO - [2026-08-04T08:39:59.293+0000] {dagbag.py:545} INFO - Filling up the DagBag from /home/airflow/.local/lib/python3.12/site-packages/airflow/example_dags/example_complex.py
[2026-08-04T08:39:59.417+0000] {processor.py:840} INFO - DAG(s) 'example_complex' retrieved from /home/airflow/.local/lib/python3.12/site-packages/airflow/example_dags/example_complex.py
[2026-08-04T08:39:59.754+0000] {logging_mixin.py:188} INFO - [2026-08-04T08:39:59.753+0000] {dag.py:3089} INFO - Sync 1 DAGs
[2026-08-04T08:39:59.820+0000] {logging_mixin.py:188} INFO - [2026-08-04T08:39:59.819+0000] {dag.py:3947} INFO - Setting next_dagrun for example_complex to None, run_after=None
[2026-08-04T08:40:00.216+0000] {processor.py:183} INFO - Processing /home/airflow/.local/lib/python3.12/site-packages/airflow/example_dags/example_complex.py took 1.102 seconds
[2026-08-04T08:40:33.242+0000] {processor.py:161} INFO - Started process (PID=5774) to work on /home/airflow/.local/lib/python3.12/site-packages/airflow/example_dags/example_complex.py
[2026-08-04T08:40:33.268+0000] {processor.py:830} INFO - Processing file /home/airflow/.local/lib/python3.12/site-packages/airflow/example_dags/example_complex.py for tasks to queue
[2026-08-04T08:40:33.287+0000] {logging_mixin.py:188} INFO - [2026-08-04T08:40:33.278+0000] {dagbag.py:545} INFO - Filling up the DagBag from /home/airflow/.local/lib/python3.12/site-packages/airflow/example_dags/example_complex.py
[2026-08-04T08:40:33.379+0000] {processor.py:840} INFO - DAG(s) 'example_complex' retrieved from /home/airflow/.local/lib/python3.12/site-packages/airflow/example_dags/example_complex.py
[2026-08-04T08:40:33.614+0000] {logging_mixin.py:188} INFO - [2026-08-04T08:40:33.607+0000] {dag.py:3089} INFO - Sync 1 DAGs
[2026-08-04T08:40:33.736+0000] {logging_mixin.py:188} INFO - [2026-08-04T08:40:33.735+0000] {dag.py:3947} INFO - Setting next_dagrun for example_complex to None, run_after=None
[2026-08-04T08:40:33.864+0000] {processor.py:183} INFO - Processing /home/airflow/.local/lib/python3.12/site-packages/airflow/example_dags/example_complex.py took 0.650 seconds
[2026-08-04T08:41:08.551+0000] {processor.py:161} INFO - Started process (PID=5846) to work on /home/airflow/.local/lib/python3.12/site-packages/airflow/example_dags/example_complex.py
[2026-08-04T08:41:08.562+0000] {processor.py:830} INFO - Processing file /home/airflow/.local/lib/python3.12/site-packages/airflow/example_dags/example_complex.py for tasks to queue
[2026-08-04T08:41:08.581+0000] {logging_mixin.py:188} INFO - [2026-08-04T08:41:08.579+0000] {dagbag.py:545} INFO - Filling up the DagBag from /home/airflow/.local/lib/python3.12/site-packages/airflow/example_dags/example_complex.py
[2026-08-04T08:41:08.620+0000] {processor.py:840} INFO - DAG(s) 'example_complex' retrieved from /home/airflow/.local/lib/python3.12/site-packages/airflow/example_dags/example_complex.py
[2026-08-04T08:41:08.743+0000] {logging_mixin.py:188} INFO - [2026-08-04T08:41:08.742+0000] {dag.py:3089} INFO - Sync 1 DAGs
[2026-08-04T08:41:08.796+0000] {logging_mixin.py:188} INFO - [2026-08-04T08:41:08.795+0000] {dag.py:3947} INFO - Setting next_dagrun for example_complex to None, run_after=None
[2026-08-04T08:41:08.897+0000] {processor.py:183} INFO - Processing /home/airflow/.local/lib/python3.12/site-packages/airflow/example_dags/example_complex.py took 0.379 seconds
[2026-08-04T08:41:42.940+0000] {processor.py:161} INFO - Started process (PID=5918) to work on /home/airflow/.local/lib/python3.12/site-packages/airflow/example_dags/example_complex.py
[2026-08-04T08:41:42.944+0000] {processor.py:830} INFO - Processing file /home/airflow/.local/lib/python3.12/site-packages/airflow/example_dags/example_complex.py for tasks to queue
[2026-08-04T08:41:42.958+0000] {logging_mixin.py:188} INFO - [2026-08-04T08:41:42.957+0000] {dagbag.py:545} INFO - Filling up the DagBag from /home/airflow/.local/lib/python3.12/site-packages/airflow/example_dags/example_complex.py
[2026-08-04T08:41:43.019+0000] {processor.py:840} INFO - DAG(s) 'example_complex' retrieved from /home/airflow/.local/lib/python3.12/site-packages/airflow/example_dags/example_complex.py
[2026-08-04T08:41:43.313+0000] {logging_mixin.py:188} INFO - [2026-08-04T08:41:43.312+0000] {dag.py:3089} INFO - Sync 1 DAGs
[2026-08-04T08:41:43.524+0000] {logging_mixin.py:188} INFO - [2026-08-04T08:41:43.523+0000] {dag.py:3947} INFO - Setting next_dagrun for example_complex to None, run_after=None
[2026-08-04T08:41:43.703+0000] {processor.py:183} INFO - Processing /home/airflow/.local/lib/python3.12/site-packages/airflow/example_dags/example_complex.py took 0.787 seconds
[2026-08-04T08:42:15.107+0000] {processor.py:161} INFO - Started process (PID=5983) to work on /home/airflow/.local/lib/python3.12/site-packages/airflow/example_dags/example_complex.py
[2026-08-04T08:42:15.111+0000] {processor.py:830} INFO - Processing file /home/airflow/.local/lib/python3.12/site-packages/airflow/example_dags/example_complex.py for tasks to queue
[2026-08-04T08:42:15.132+0000] {logging_mixin.py:188} INFO - [2026-08-04T08:42:15.131+0000] {dagbag.py:545} INFO - Filling up the DagBag from /home/airflow/.local/lib/python3.12/site-packages/airflow/example_dags/example_complex.py
[2026-08-04T08:42:15.232+0000] {processor.py:840} INFO - DAG(s) 'example_complex' retrieved from /home/airflow/.local/lib/python3.12/site-packages/airflow/example_dags/example_complex.py
[2026-08-04T08:42:15.472+0000] {logging_mixin.py:188} INFO - [2026-08-04T08:42:15.469+0000] {dag.py:3089} INFO - Sync 1 DAGs
[2026-08-04T08:42:15.594+0000] {logging_mixin.py:188} INFO - [2026-08-04T08:42:15.593+0000] {dag.py:3947} INFO - Setting next_dagrun for example_complex to None, run_after=None
[2026-08-04T08:42:15.919+0000] {processor.py:183} INFO - Processing /home/airflow/.local/lib/python3.12/site-packages/airflow/example_dags/example_complex.py took 0.865 seconds
[2026-08-04T08:42:46.640+0000] {processor.py:161} INFO - Started process (PID=6053) to work on /home/airflow/.local/lib/python3.12/site-packages/airflow/example_dags/example_complex.py
[2026-08-04T08:42:46.645+0000] {processor.py:830} INFO - Processing file /home/airflow/.local/lib/python3.12/site-packages/airflow/example_dags/example_complex.py for tasks to queue
[2026-08-04T08:42:46.653+0000] {logging_mixin.py:188} INFO - [2026-08-04T08:42:46.652+0000] {dagbag.py:545} INFO - Filling up the DagBag from /home/airflow/.local/lib/python3.12/site-packages/airflow/example_dags/example_complex.py
[2026-08-04T08:42:46.696+0000] {processor.py:840} INFO - DAG(s) 'example_complex' retrieved from /home/airflow/.local/lib/python3.12/site-packages/airflow/example_dags/example_complex.py
[2026-08-04T08:42:46.805+0000] {logging_mixin.py:188} INFO - [2026-08-04T08:42:46.804+0000] {dag.py:3089} INFO - Sync 1 DAGs
[2026-08-04T08:42:46.852+0000] {logging_mixin.py:188} INFO - [2026-08-04T08:42:46.852+0000] {dag.py:3947} INFO - Setting next_dagrun for example_complex to None, run_after=None
[2026-08-04T08:42:46.916+0000] {processor.py:183} INFO - Processing /home/airflow/.local/lib/python3.12/site-packages/airflow/example_dags/example_complex.py took 0.295 seconds
[2026-08-04T08:43:19.242+0000] {processor.py:161} INFO - Started process (PID=6114) to work on /home/airflow/.local/lib/python3.12/site-packages/airflow/example_dags/example_complex.py
[2026-08-04T08:43:19.247+0000] {processor.py:830} INFO - Processing file /home/airflow/.local/lib/python3.12/site-packages/airflow/example_dags/example_complex.py for tasks to queue
[2026-08-04T08:43:19.256+0000] {logging_mixin.py:188} INFO - [2026-08-04T08:43:19.255+0000] {dagbag.py:545} INFO - Filling up the DagBag from /home/airflow/.local/lib/python3.12/site-packages/airflow/example_dags/example_complex.py
[2026-08-04T08:43:19.297+0000] {processor.py:840} INFO - DAG(s) 'example_complex' retrieved from /home/airflow/.local/lib/python3.12/site-packages/airflow/example_dags/example_complex.py
[2026-08-04T08:43:19.490+0000] {logging_mixin.py:188} INFO - [2026-08-04T08:43:19.489+0000] {dag.py:3089} INFO - Sync 1 DAGs
[2026-08-04T08:43:19.557+0000] {logging_mixin.py:188} INFO - [2026-08-04T08:43:19.552+0000] {dag.py:3947} INFO - Setting next_dagrun for example_complex to None, run_after=None
[2026-08-04T08:43:19.692+0000] {processor.py:183} INFO - Processing /home/airflow/.local/lib/python3.12/site-packages/airflow/example_dags/example_complex.py took 0.463 seconds
[2026-08-04T08:43:58.079+0000] {processor.py:161} INFO - Started process (PID=6185) to work on /home/airflow/.local/lib/python3.12/site-packages/airflow/example_dags/example_complex.py
[2026-08-04T08:43:58.088+0000] {processor.py:830} INFO - Processing file /home/airflow/.local/lib/python3.12/site-packages/airflow/example_dags/example_complex.py for tasks to queue
[2026-08-04T08:43:58.115+0000] {logging_mixin.py:188} INFO - [2026-08-04T08:43:58.114+0000] {dagbag.py:545} INFO - Filling up the DagBag from /home/airflow/.local/lib/python3.12/site-packages/airflow/example_dags/example_complex.py
[2026-08-04T08:43:58.215+0000] {processor.py:840} INFO - DAG(s) 'example_complex' retrieved from /home/airflow/.local/lib/python3.12/site-packages/airflow/example_dags/example_complex.py
[2026-08-04T08:43:58.651+0000] {logging_mixin.py:188} INFO - [2026-08-04T08:43:58.616+0000] {dag.py:3089} INFO - Sync 1 DAGs
[2026-08-04T08:43:58.913+0000] {logging_mixin.py:188} INFO - [2026-08-04T08:43:58.912+0000] {dag.py:3947} INFO - Setting next_dagrun for example_complex to None, run_after=None
[2026-08-04T08:43:59.327+0000] {processor.py:183} INFO - Processing /home/airflow/.local/lib/python3.12/site-packages/airflow/example_dags/example_complex.py took 1.302 seconds
[2026-08-04T08:44:33.400+0000] {processor.py:161} INFO - Started process (PID=6258) to work on /home/airflow/.local/lib/python3.12/site-packages/airflow/example_dags/example_complex.py
[2026-08-04T08:44:33.421+0000] {processor.py:830} INFO - Processing file /home/airflow/.local/lib/python3.12/site-packages/airflow/example_dags/example_complex.py for tasks to queue
[2026-08-04T08:44:33.437+0000] {logging_mixin.py:188} INFO - [2026-08-04T08:44:33.436+0000] {dagbag.py:545} INFO - Filling up the DagBag from /home/airflow/.local/lib/python3.12/site-packages/airflow/example_dags/example_complex.py
[2026-08-04T08:44:33.531+0000] {processor.py:840} INFO - DAG(s) 'example_complex' retrieved from /home/airflow/.local/lib/python3.12/site-packages/airflow/example_dags/example_complex.py
[2026-08-04T08:44:33.955+0000] {logging_mixin.py:188} INFO - [2026-08-04T08:44:33.954+0000] {dag.py:3089} INFO - Sync 1 DAGs
[2026-08-04T08:44:34.166+0000] {logging_mixin.py:188} INFO - [2026-08-04T08:44:34.160+0000] {dag.py:3947} INFO - Setting next_dagrun for example_complex to None, run_after=None
[2026-08-04T08:44:34.431+0000] {processor.py:183} INFO - Processing /home/airflow/.local/lib/python3.12/site-packages/airflow/example_dags/example_complex.py took 1.137 seconds
[2026-08-04T08:45:08.455+0000] {processor.py:161} INFO - Started process (PID=6331) to work on /home/airflow/.local/lib/python3.12/site-packages/airflow/example_dags/example_complex.py
[2026-08-04T08:45:08.459+0000] {processor.py:830} INFO - Processing file /home/airflow/.local/lib/python3.12/site-packages/airflow/example_dags/example_complex.py for tasks to queue
[2026-08-04T08:45:08.492+0000] {logging_mixin.py:188} INFO - [2026-08-04T08:45:08.491+0000] {dagbag.py:545} INFO - Filling up the DagBag from /home/airflow/.local/lib/python3.12/site-packages/airflow/example_dags/example_complex.py
[2026-08-04T08:45:08.556+0000] {processor.py:840} INFO - DAG(s) 'example_complex' retrieved from /home/airflow/.local/lib/python3.12/site-packages/airflow/example_dags/example_complex.py
[2026-08-04T08:45:08.751+0000] {logging_mixin.py:188} INFO - [2026-08-04T08:45:08.749+0000] {dag.py:3089} INFO - Sync 1 DAGs
[2026-08-04T08:45:08.836+0000] {logging_mixin.py:188} INFO - [2026-08-04T08:45:08.835+0000] {dag.py:3947} INFO - Setting next_dagrun for example_complex to None, run_after=None
[2026-08-04T08:45:08.936+0000] {processor.py:183} INFO - Processing /home/airflow/.local/lib/python3.12/site-packages/airflow/example_dags/example_complex.py took 0.531 seconds
[2026-08-04T08:45:47.011+0000] {processor.py:161} INFO - Started process (PID=6408) to work on /home/airflow/.local/lib/python3.12/site-packages/airflow/example_dags/example_complex.py
[2026-08-04T08:45:47.027+0000] {processor.py:830} INFO - Processing file /home/airflow/.local/lib/python3.12/site-packages/airflow/example_dags/example_complex.py for tasks to queue
[2026-08-04T08:45:47.174+0000] {logging_mixin.py:188} INFO - [2026-08-04T08:45:47.173+0000] {dagbag.py:545} INFO - Filling up the DagBag from /home/airflow/.local/lib/python3.12/site-packages/airflow/example_dags/example_complex.py
[2026-08-04T08:45:47.605+0000] {processor.py:840} INFO - DAG(s) 'example_complex' retrieved from /home/airflow/.local/lib/python3.12/site-packages/airflow/example_dags/example_complex.py
[2026-08-04T08:45:47.959+0000] {logging_mixin.py:188} INFO - [2026-08-04T08:45:47.947+0000] {dag.py:3089} INFO - Sync 1 DAGs
[2026-08-04T08:45:48.060+0000] {logging_mixin.py:188} INFO - [2026-08-04T08:45:48.059+0000] {dag.py:3947} INFO - Setting next_dagrun for example_complex to None, run_after=None
[2026-08-04T08:45:48.168+0000] {processor.py:183} INFO - Processing /home/airflow/.local/lib/python3.12/site-packages/airflow/example_dags/example_complex.py took 1.232 seconds
[2026-08-04T08:46:28.924+0000] {processor.py:161} INFO - Started process (PID=6481) to work on /home/airflow/.local/lib/python3.12/site-packages/airflow/example_dags/example_complex.py
[2026-08-04T08:46:28.937+0000] {processor.py:830} INFO - Processing file /home/airflow/.local/lib/python3.12/site-packages/airflow/example_dags/example_complex.py for tasks to queue
[2026-08-04T08:46:28.949+0000] {logging_mixin.py:188} INFO - [2026-08-04T08:46:28.947+0000] {dagbag.py:545} INFO - Filling up the DagBag from /home/airflow/.local/lib/python3.12/site-packages/airflow/example_dags/example_complex.py
[2026-08-04T08:46:29.042+0000] {processor.py:840} INFO - DAG(s) 'example_complex' retrieved from /home/airflow/.local/lib/python3.12/site-packages/airflow/example_dags/example_complex.py
[2026-08-04T08:46:29.233+0000] {logging_mixin.py:188} INFO - [2026-08-04T08:46:29.232+0000] {dag.py:3089} INFO - Sync 1 DAGs
[2026-08-04T08:46:29.422+0000] {logging_mixin.py:188} INFO - [2026-08-04T08:46:29.421+0000] {dag.py:3947} INFO - Setting next_dagrun for example_complex to None, run_after=None
[2026-08-04T08:46:29.653+0000] {processor.py:183} INFO - Processing /home/airflow/.local/lib/python3.12/site-packages/airflow/example_dags/example_complex.py took 0.752 seconds
[2026-08-04T08:47:05.465+0000] {processor.py:161} INFO - Started process (PID=6545) to work on /home/airflow/.local/lib/python3.12/site-packages/airflow/example_dags/example_complex.py
[2026-08-04T08:47:05.475+0000] {processor.py:830} INFO - Processing file /home/airflow/.local/lib/python3.12/site-packages/airflow/example_dags/example_complex.py for tasks to queue
[2026-08-04T08:47:05.499+0000] {logging_mixin.py:188} INFO - [2026-08-04T08:47:05.498+0000] {dagbag.py:545} INFO - Filling up the DagBag from /home/airflow/.local/lib/python3.12/site-packages/airflow/example_dags/example_complex.py
[2026-08-04T08:47:05.646+0000] {processor.py:840} INFO - DAG(s) 'example_complex' retrieved from /home/airflow/.local/lib/python3.12/site-packages/airflow/example_dags/example_complex.py
[2026-08-04T08:47:05.926+0000] {logging_mixin.py:188} INFO - [2026-08-04T08:47:05.925+0000] {dag.py:3089} INFO - Sync 1 DAGs
[2026-08-04T08:47:06.027+0000] {logging_mixin.py:188} INFO - [2026-08-04T08:47:06.024+0000] {dag.py:3947} INFO - Setting next_dagrun for example_complex to None, run_after=None
[2026-08-04T08:47:06.221+0000] {processor.py:183} INFO - Processing /home/airflow/.local/lib/python3.12/site-packages/airflow/example_dags/example_complex.py took 0.788 seconds
[2026-08-04T08:47:39.895+0000] {processor.py:161} INFO - Started process (PID=6618) to work on /home/airflow/.local/lib/python3.12/site-packages/airflow/example_dags/example_complex.py
[2026-08-04T08:47:39.918+0000] {processor.py:830} INFO - Processing file /home/airflow/.local/lib/python3.12/site-packages/airflow/example_dags/example_complex.py for tasks to queue
[2026-08-04T08:47:39.937+0000] {logging_mixin.py:188} INFO - [2026-08-04T08:47:39.936+0000] {dagbag.py:545} INFO - Filling up the DagBag from /home/airflow/.local/lib/python3.12/site-packages/airflow/example_dags/example_complex.py
[2026-08-04T08:47:40.062+0000] {processor.py:840} INFO - DAG(s) 'example_complex' retrieved from /home/airflow/.local/lib/python3.12/site-packages/airflow/example_dags/example_complex.py
[2026-08-04T08:47:40.460+0000] {logging_mixin.py:188} INFO - [2026-08-04T08:47:40.402+0000] {dag.py:3089} INFO - Sync 1 DAGs
[2026-08-04T08:47:40.567+0000] {logging_mixin.py:188} INFO - [2026-08-04T08:47:40.566+0000] {dag.py:3947} INFO - Setting next_dagrun for example_complex to None, run_after=None
[2026-08-04T08:47:40.691+0000] {processor.py:183} INFO - Processing /home/airflow/.local/lib/python3.12/site-packages/airflow/example_dags/example_complex.py took 0.833 seconds
[2026-08-04T08:48:12.781+0000] {processor.py:161} INFO - Started process (PID=6689) to work on /home/airflow/.local/lib/python3.12/site-packages/airflow/example_dags/example_complex.py
[2026-08-04T08:48:12.787+0000] {processor.py:830} INFO - Processing file /home/airflow/.local/lib/python3.12/site-packages/airflow/example_dags/example_complex.py for tasks to queue
[2026-08-04T08:48:12.798+0000] {logging_mixin.py:188} INFO - [2026-08-04T08:48:12.797+0000] {dagbag.py:545} INFO - Filling up the DagBag from /home/airflow/.local/lib/python3.12/site-packages/airflow/example_dags/example_complex.py
[2026-08-04T08:48:12.852+0000] {processor.py:840} INFO - DAG(s) 'example_complex' retrieved from /home/airflow/.local/lib/python3.12/site-packages/airflow/example_dags/example_complex.py
[2026-08-04T08:48:13.113+0000] {logging_mixin.py:188} INFO - [2026-08-04T08:48:13.112+0000] {dag.py:3089} INFO - Sync 1 DAGs
[2026-08-04T08:48:13.191+0000] {logging_mixin.py:188} INFO - [2026-08-04T08:48:13.190+0000] {dag.py:3947} INFO - Setting next_dagrun for example_complex to None, run_after=None
[2026-08-04T08:48:13.370+0000] {processor.py:183} INFO - Processing /home/airflow/.local/lib/python3.12/site-packages/airflow/example_dags/example_complex.py took 0.634 seconds
[2026-08-04T08:48:47.905+0000] {processor.py:161} INFO - Started process (PID=6745) to work on /home/airflow/.local/lib/python3.12/site-packages/airflow/example_dags/example_complex.py
[2026-08-04T08:48:47.915+0000] {processor.py:830} INFO - Processing file /home/airflow/.local/lib/python3.12/site-packages/airflow/example_dags/example_complex.py for tasks to queue
[2026-08-04T08:48:47.929+0000] {logging_mixin.py:188} INFO - [2026-08-04T08:48:47.928+0000] {dagbag.py:545} INFO - Filling up the DagBag from /home/airflow/.local/lib/python3.12/site-packages/airflow/example_dags/example_complex.py
[2026-08-04T08:48:48.011+0000] {processor.py:840} INFO - DAG(s) 'example_complex' retrieved from /home/airflow/.local/lib/python3.12/site-packages/airflow/example_dags/example_complex.py
[2026-08-04T08:48:48.502+0000] {logging_mixin.py:188} INFO - [2026-08-04T08:48:48.501+0000] {dag.py:3089} INFO - Sync 1 DAGs
[2026-08-04T08:48:48.719+0000] {logging_mixin.py:188} INFO - [2026-08-04T08:48:48.718+0000] {dag.py:3947} INFO - Setting next_dagrun for example_complex to None, run_after=None
[2026-08-04T08:48:49.037+0000] {processor.py:183} INFO - Processing /home/airflow/.local/lib/python3.12/site-packages/airflow/example_dags/example_complex.py took 1.194 seconds
[2026-08-04T08:49:30.402+0000] {processor.py:161} INFO - Started process (PID=6824) to work on /home/airflow/.local/lib/python3.12/site-packages/airflow/example_dags/example_complex.py
[2026-08-04T08:49:30.417+0000] {processor.py:830} INFO - Processing file /home/airflow/.local/lib/python3.12/site-packages/airflow/example_dags/example_complex.py for tasks to queue
[2026-08-04T08:49:30.431+0000] {logging_mixin.py:188} INFO - [2026-08-04T08:49:30.430+0000] {dagbag.py:545} INFO - Filling up the DagBag from /home/airflow/.local/lib/python3.12/site-packages/airflow/example_dags/example_complex.py
[2026-08-04T08:49:30.576+0000] {processor.py:840} INFO - DAG(s) 'example_complex' retrieved from /home/airflow/.local/lib/python3.12/site-packages/airflow/example_dags/example_complex.py
[2026-08-04T08:49:30.827+0000] {logging_mixin.py:188} INFO - [2026-08-04T08:49:30.826+0000] {dag.py:3089} INFO - Sync 1 DAGs
[2026-08-04T08:49:30.914+0000] {logging_mixin.py:188} INFO - [2026-08-04T08:49:30.913+0000] {dag.py:3947} INFO - Setting next_dagrun for example_complex to None, run_after=None
[2026-08-04T08:49:31.107+0000] {processor.py:183} INFO - Processing /home/airflow/.local/lib/python3.12/site-packages/airflow/example_dags/example_complex.py took 0.730 seconds
[2026-08-04T08:50:08.211+0000] {processor.py:161} INFO - Started process (PID=6887) to work on /home/airflow/.local/lib/python3.12/site-packages/airflow/example_dags/example_complex.py
[2026-08-04T08:50:08.229+0000] {processor.py:830} INFO - Processing file /home/airflow/.local/lib/python3.12/site-packages/airflow/example_dags/example_complex.py for tasks to queue
[2026-08-04T08:50:08.245+0000] {logging_mixin.py:188} INFO - [2026-08-04T08:50:08.244+0000] {dagbag.py:545} INFO - Filling up the DagBag from /home/airflow/.local/lib/python3.12/site-packages/airflow/example_dags/example_complex.py
[2026-08-04T08:50:08.329+0000] {processor.py:840} INFO - DAG(s) 'example_complex' retrieved from /home/airflow/.local/lib/python3.12/site-packages/airflow/example_dags/example_complex.py
[2026-08-04T08:50:08.472+0000] {logging_mixin.py:188} INFO - [2026-08-04T08:50:08.471+0000] {dag.py:3089} INFO - Sync 1 DAGs
[2026-08-04T08:50:08.514+0000] {logging_mixin.py:188} INFO - [2026-08-04T08:50:08.513+0000] {dag.py:3947} INFO - Setting next_dagrun for example_complex to None, run_after=None
[2026-08-04T08:50:08.585+0000] {processor.py:183} INFO - Processing /home/airflow/.local/lib/python3.12/site-packages/airflow/example_dags/example_complex.py took 0.398 seconds
[2026-08-04T08:50:44.555+0000] {processor.py:161} INFO - Started process (PID=6957) to work on /home/airflow/.local/lib/python3.12/site-packages/airflow/example_dags/example_complex.py
[2026-08-04T08:50:44.572+0000] {processor.py:830} INFO - Processing file /home/airflow/.local/lib/python3.12/site-packages/airflow/example_dags/example_complex.py for tasks to queue
[2026-08-04T08:50:44.613+0000] {logging_mixin.py:188} INFO - [2026-08-04T08:50:44.612+0000] {dagbag.py:545} INFO - Filling up the DagBag from /home/airflow/.local/lib/python3.12/site-packages/airflow/example_dags/example_complex.py
[2026-08-04T08:50:44.760+0000] {processor.py:840} INFO - DAG(s) 'example_complex' retrieved from /home/airflow/.local/lib/python3.12/site-packages/airflow/example_dags/example_complex.py
[2026-08-04T08:50:44.954+0000] {logging_mixin.py:188} INFO - [2026-08-04T08:50:44.953+0000] {dag.py:3089} INFO - Sync 1 DAGs
[2026-08-04T08:50:45.236+0000] {logging_mixin.py:188} INFO - [2026-08-04T08:50:45.236+0000] {dag.py:3947} INFO - Setting next_dagrun for example_complex to None, run_after=None
[2026-08-04T08:50:45.461+0000] {processor.py:183} INFO - Processing /home/airflow/.local/lib/python3.12/site-packages/airflow/example_dags/example_complex.py took 1.041 seconds
[2026-08-04T08:51:16.206+0000] {processor.py:161} INFO - Started process (PID=7029) to work on /home/airflow/.local/lib/python3.12/site-packages/airflow/example_dags/example_complex.py
[2026-08-04T08:51:16.216+0000] {processor.py:830} INFO - Processing file /home/airflow/.local/lib/python3.12/site-packages/airflow/example_dags/example_complex.py for tasks to queue
[2026-08-04T08:51:16.236+0000] {logging_mixin.py:188} INFO - [2026-08-04T08:51:16.235+0000] {dagbag.py:545} INFO - Filling up the DagBag from /home/airflow/.local/lib/python3.12/site-packages/airflow/example_dags/example_complex.py
[2026-08-04T08:51:16.345+0000] {processor.py:840} INFO - DAG(s) 'example_complex' retrieved from /home/airflow/.local/lib/python3.12/site-packages/airflow/example_dags/example_complex.py
[2026-08-04T08:51:16.596+0000] {logging_mixin.py:188} INFO - [2026-08-04T08:51:16.595+0000] {dag.py:3089} INFO - Sync 1 DAGs
[2026-08-04T08:51:16.721+0000] {logging_mixin.py:188} INFO - [2026-08-04T08:51:16.721+0000] {dag.py:3947} INFO - Setting next_dagrun for example_complex to None, run_after=None
[2026-08-04T08:51:16.809+0000] {processor.py:183} INFO - Processing /home/airflow/.local/lib/python3.12/site-packages/airflow/example_dags/example_complex.py took 0.628 seconds
[2026-08-04T08:51:58.545+0000] {processor.py:161} INFO - Started process (PID=7098) to work on /home/airflow/.local/lib/python3.12/site-packages/airflow/example_dags/example_complex.py
[2026-08-04T08:51:58.573+0000] {processor.py:830} INFO - Processing file /home/airflow/.local/lib/python3.12/site-packages/airflow/example_dags/example_complex.py for tasks to queue
[2026-08-04T08:51:58.631+0000] {logging_mixin.py:188} INFO - [2026-08-04T08:51:58.627+0000] {dagbag.py:545} INFO - Filling up the DagBag from /home/airflow/.local/lib/python3.12/site-packages/airflow/example_dags/example_complex.py
[2026-08-04T08:51:58.817+0000] {processor.py:840} INFO - DAG(s) 'example_complex' retrieved from /home/airflow/.local/lib/python3.12/site-packages/airflow/example_dags/example_complex.py
[2026-08-04T08:51:58.998+0000] {logging_mixin.py:188} INFO - [2026-08-04T08:51:58.998+0000] {dag.py:3089} INFO - Sync 1 DAGs
[2026-08-04T08:51:59.166+0000] {logging_mixin.py:188} INFO - [2026-08-04T08:51:59.165+0000] {dag.py:3947} INFO - Setting next_dagrun for example_complex to None, run_after=None
[2026-08-04T08:51:59.348+0000] {processor.py:183} INFO - Processing /home/airflow/.local/lib/python3.12/site-packages/airflow/example_dags/example_complex.py took 0.901 seconds
[2026-08-04T08:52:37.993+0000] {processor.py:161} INFO - Started process (PID=7171) to work on /home/airflow/.local/lib/python3.12/site-packages/airflow/example_dags/example_complex.py
[2026-08-04T08:52:38.001+0000] {processor.py:830} INFO - Processing file /home/airflow/.local/lib/python3.12/site-packages/airflow/example_dags/example_complex.py for tasks to queue
[2026-08-04T08:52:38.015+0000] {logging_mixin.py:188} INFO - [2026-08-04T08:52:38.014+0000] {dagbag.py:545} INFO - Filling up the DagBag from /home/airflow/.local/lib/python3.12/site-packages/airflow/example_dags/example_complex.py
[2026-08-04T08:52:38.074+0000] {processor.py:840} INFO - DAG(s) 'example_complex' retrieved from /home/airflow/.local/lib/python3.12/site-packages/airflow/example_dags/example_complex.py
[2026-08-04T08:52:38.439+0000] {logging_mixin.py:188} INFO - [2026-08-04T08:52:38.438+0000] {dag.py:3089} INFO - Sync 1 DAGs
[2026-08-04T08:52:38.587+0000] {logging_mixin.py:188} INFO - [2026-08-04T08:52:38.587+0000] {dag.py:3947} INFO - Setting next_dagrun for example_complex to None, run_after=None
[2026-08-04T08:52:38.850+0000] {processor.py:183} INFO - Processing /home/airflow/.local/lib/python3.12/site-packages/airflow/example_dags/example_complex.py took 0.893 seconds
[2026-08-04T08:53:14.142+0000] {processor.py:161} INFO - Started process (PID=7240) to work on /home/airflow/.local/lib/python3.12/site-packages/airflow/example_dags/example_complex.py
[2026-08-04T08:53:14.148+0000] {processor.py:830} INFO - Processing file /home/airflow/.local/lib/python3.12/site-packages/airflow/example_dags/example_complex.py for tasks to queue
[2026-08-04T08:53:14.159+0000] {logging_mixin.py:188} INFO - [2026-08-04T08:53:14.155+0000] {dagbag.py:545} INFO - Filling up the DagBag from /home/airflow/.local/lib/python3.12/site-packages/airflow/example_dags/example_complex.py
[2026-08-04T08:53:14.204+0000] {processor.py:840} INFO - DAG(s) 'example_complex' retrieved from /home/airflow/.local/lib/python3.12/site-packages/airflow/example_dags/example_complex.py
[2026-08-04T08:53:14.318+0000] {logging_mixin.py:188} INFO - [2026-08-04T08:53:14.318+0000] {dag.py:3089} INFO - Sync 1 DAGs
[2026-08-04T08:53:14.361+0000] {logging_mixin.py:188} INFO - [2026-08-04T08:53:14.360+0000] {dag.py:3947} INFO - Setting next_dagrun for example_complex to None, run_after=None
[2026-08-04T08:53:14.429+0000] {processor.py:183} INFO - Processing /home/airflow/.local/lib/python3.12/site-packages/airflow/example_dags/example_complex.py took 0.303 seconds
[2026-08-04T08:53:50.991+0000] {processor.py:161} INFO - Started process (PID=7306) to work on /home/airflow/.local/lib/python3.12/site-packages/airflow/example_dags/example_complex.py
[2026-08-04T08:53:51.001+0000] {processor.py:830} INFO - Processing file /home/airflow/.local/lib/python3.12/site-packages/airflow/example_dags/example_complex.py for tasks to queue
[2026-08-04T08:53:51.033+0000] {logging_mixin.py:188} INFO - [2026-08-04T08:53:51.032+0000] {dagbag.py:545} INFO - Filling up the DagBag from /home/airflow/.local/lib/python3.12/site-packages/airflow/example_dags/example_complex.py
[2026-08-04T08:53:51.129+0000] {processor.py:840} INFO - DAG(s) 'example_complex' retrieved from /home/airflow/.local/lib/python3.12/site-packages/airflow/example_dags/example_complex.py
[2026-08-04T08:53:51.630+0000] {logging_mixin.py:188} INFO - [2026-08-04T08:53:51.627+0000] {dag.py:3089} INFO - Sync 1 DAGs
[2026-08-04T08:53:52.048+0000] {logging_mixin.py:188} INFO - [2026-08-04T08:53:52.047+0000] {dag.py:3947} INFO - Setting next_dagrun for example_complex to None, run_after=None
[2026-08-04T08:53:52.289+0000] {processor.py:183} INFO - Processing /home/airflow/.local/lib/python3.12/site-packages/airflow/example_dags/example_complex.py took 1.347 seconds
[2026-08-04T08:54:27.457+0000] {processor.py:161} INFO - Started process (PID=7380) to work on /home/airflow/.local/lib/python3.12/site-packages/airflow/example_dags/example_complex.py
[2026-08-04T08:54:27.484+0000] {processor.py:830} INFO - Processing file /home/airflow/.local/lib/python3.12/site-packages/airflow/example_dags/example_complex.py for tasks to queue
[2026-08-04T08:54:27.505+0000] {logging_mixin.py:188} INFO - [2026-08-04T08:54:27.503+0000] {dagbag.py:545} INFO - Filling up the DagBag from /home/airflow/.local/lib/python3.12/site-packages/airflow/example_dags/example_complex.py
[2026-08-04T08:54:27.772+0000] {processor.py:840} INFO - DAG(s) 'example_complex' retrieved from /home/airflow/.local/lib/python3.12/site-packages/airflow/example_dags/example_complex.py
[2026-08-04T08:54:28.114+0000] {logging_mixin.py:188} INFO - [2026-08-04T08:54:28.113+0000] {dag.py:3089} INFO - Sync 1 DAGs
[2026-08-04T08:54:28.256+0000] {logging_mixin.py:188} INFO - [2026-08-04T08:54:28.255+0000] {dag.py:3947} INFO - Setting next_dagrun for example_complex to None, run_after=None
[2026-08-04T08:54:28.379+0000] {processor.py:183} INFO - Processing /home/airflow/.local/lib/python3.12/site-packages/airflow/example_dags/example_complex.py took 0.992 seconds
[2026-08-04T08:54:59.943+0000] {processor.py:161} INFO - Started process (PID=7449) to work on /home/airflow/.local/lib/python3.12/site-packages/airflow/example_dags/example_complex.py
[2026-08-04T08:54:59.946+0000] {processor.py:830} INFO - Processing file /home/airflow/.local/lib/python3.12/site-packages/airflow/example_dags/example_complex.py for tasks to queue
[2026-08-04T08:54:59.960+0000] {logging_mixin.py:188} INFO - [2026-08-04T08:54:59.958+0000] {dagbag.py:545} INFO - Filling up the DagBag from /home/airflow/.local/lib/python3.12/site-packages/airflow/example_dags/example_complex.py
[2026-08-04T08:55:00.001+0000] {processor.py:840} INFO - DAG(s) 'example_complex' retrieved from /home/airflow/.local/lib/python3.12/site-packages/airflow/example_dags/example_complex.py
[2026-08-04T08:55:00.145+0000] {logging_mixin.py:188} INFO - [2026-08-04T08:55:00.144+0000] {dag.py:3089} INFO - Sync 1 DAGs
[2026-08-04T08:55:00.198+0000] {logging_mixin.py:188} INFO - [2026-08-04T08:55:00.195+0000] {dag.py:3947} INFO - Setting next_dagrun for example_complex to None, run_after=None
[2026-08-04T08:55:00.315+0000] {processor.py:183} INFO - Processing /home/airflow/.local/lib/python3.12/site-packages/airflow/example_dags/example_complex.py took 0.408 seconds
[2026-08-04T08:55:36.143+0000] {processor.py:161} INFO - Started process (PID=7521) to work on /home/airflow/.local/lib/python3.12/site-packages/airflow/example_dags/example_complex.py
[2026-08-04T08:55:36.171+0000] {processor.py:830} INFO - Processing file /home/airflow/.local/lib/python3.12/site-packages/airflow/example_dags/example_complex.py for tasks to queue
[2026-08-04T08:55:36.224+0000] {logging_mixin.py:188} INFO - [2026-08-04T08:55:36.223+0000] {dagbag.py:545} INFO - Filling up the DagBag from /home/airflow/.local/lib/python3.12/site-packages/airflow/example_dags/example_complex.py
[2026-08-04T08:55:36.340+0000] {processor.py:840} INFO - DAG(s) 'example_complex' retrieved from /home/airflow/.local/lib/python3.12/site-packages/airflow/example_dags/example_complex.py
[2026-08-04T08:55:36.588+0000] {logging_mixin.py:188} INFO - [2026-08-04T08:55:36.587+0000] {dag.py:3089} INFO - Sync 1 DAGs
[2026-08-04T08:55:36.655+0000] {logging_mixin.py:188} INFO - [2026-08-04T08:55:36.654+0000] {dag.py:3947} INFO - Setting next_dagrun for example_complex to None, run_after=None
[2026-08-04T08:55:36.821+0000] {processor.py:183} INFO - Processing /home/airflow/.local/lib/python3.12/site-packages/airflow/example_dags/example_complex.py took 0.822 seconds
[2026-08-04T08:56:14.177+0000] {processor.py:161} INFO - Started process (PID=7588) to work on /home/airflow/.local/lib/python3.12/site-packages/airflow/example_dags/example_complex.py
[2026-08-04T08:56:14.190+0000] {processor.py:830} INFO - Processing file /home/airflow/.local/lib/python3.12/site-packages/airflow/example_dags/example_complex.py for tasks to queue
[2026-08-04T08:56:14.200+0000] {logging_mixin.py:188} INFO - [2026-08-04T08:56:14.198+0000] {dagbag.py:545} INFO - Filling up the DagBag from /home/airflow/.local/lib/python3.12/site-packages/airflow/example_dags/example_complex.py
[2026-08-04T08:56:14.249+0000] {processor.py:840} INFO - DAG(s) 'example_complex' retrieved from /home/airflow/.local/lib/python3.12/site-packages/airflow/example_dags/example_complex.py
[2026-08-04T08:56:14.381+0000] {logging_mixin.py:188} INFO - [2026-08-04T08:56:14.380+0000] {dag.py:3089} INFO - Sync 1 DAGs
[2026-08-04T08:56:14.455+0000] {logging_mixin.py:188} INFO - [2026-08-04T08:56:14.455+0000] {dag.py:3947} INFO - Setting next_dagrun for example_complex to None, run_after=None
[2026-08-04T08:56:14.611+0000] {processor.py:183} INFO - Processing /home/airflow/.local/lib/python3.12/site-packages/airflow/example_dags/example_complex.py took 0.500 seconds
[2026-08-04T08:56:50.524+0000] {processor.py:161} INFO - Started process (PID=7661) to work on /home/airflow/.local/lib/python3.12/site-packages/airflow/example_dags/example_complex.py
[2026-08-04T08:56:50.530+0000] {processor.py:830} INFO - Processing file /home/airflow/.local/lib/python3.12/site-packages/airflow/example_dags/example_complex.py for tasks to queue
[2026-08-04T08:56:50.543+0000] {logging_mixin.py:188} INFO - [2026-08-04T08:56:50.542+0000] {dagbag.py:545} INFO - Filling up the DagBag from /home/airflow/.local/lib/python3.12/site-packages/airflow/example_dags/example_complex.py
[2026-08-04T08:56:50.588+0000] {processor.py:840} INFO - DAG(s) 'example_complex' retrieved from /home/airflow/.local/lib/python3.12/site-packages/airflow/example_dags/example_complex.py
[2026-08-04T08:56:50.763+0000] {logging_mixin.py:188} INFO - [2026-08-04T08:56:50.762+0000] {dag.py:3089} INFO - Sync 1 DAGs
[2026-08-04T08:56:50.849+0000] {logging_mixin.py:188} INFO - [2026-08-04T08:56:50.847+0000] {dag.py:3947} INFO - Setting next_dagrun for example_complex to None, run_after=None
[2026-08-04T08:56:50.947+0000] {processor.py:183} INFO - Processing /home/airflow/.local/lib/python3.12/site-packages/airflow/example_dags/example_complex.py took 0.450 seconds
[2026-08-04T08:57:29.699+0000] {processor.py:161} INFO - Started process (PID=7734) to work on /home/airflow/.local/lib/python3.12/site-packages/airflow/example_dags/example_complex.py
[2026-08-04T08:57:29.716+0000] {processor.py:830} INFO - Processing file /home/airflow/.local/lib/python3.12/site-packages/airflow/example_dags/example_complex.py for tasks to queue
[2026-08-04T08:57:29.744+0000] {logging_mixin.py:188} INFO - [2026-08-04T08:57:29.743+0000] {dagbag.py:545} INFO - Filling up the DagBag from /home/airflow/.local/lib/python3.12/site-packages/airflow/example_dags/example_complex.py
[2026-08-04T08:57:29.884+0000] {processor.py:840} INFO - DAG(s) 'example_complex' retrieved from /home/airflow/.local/lib/python3.12/site-packages/airflow/example_dags/example_complex.py
[2026-08-04T08:57:30.255+0000] {logging_mixin.py:188} INFO - [2026-08-04T08:57:30.255+0000] {dag.py:3089} INFO - Sync 1 DAGs
[2026-08-04T08:57:30.343+0000] {logging_mixin.py:188} INFO - [2026-08-04T08:57:30.338+0000] {dag.py:3947} INFO - Setting next_dagrun for example_complex to None, run_after=None
[2026-08-04T08:57:30.497+0000] {processor.py:183} INFO - Processing /home/airflow/.local/lib/python3.12/site-packages/airflow/example_dags/example_complex.py took 0.921 seconds
[2026-08-04T08:58:01.636+0000] {processor.py:161} INFO - Started process (PID=7808) to work on /home/airflow/.local/lib/python3.12/site-packages/airflow/example_dags/example_complex.py
[2026-08-04T08:58:01.649+0000] {processor.py:830} INFO - Processing file /home/airflow/.local/lib/python3.12/site-packages/airflow/example_dags/example_complex.py for tasks to queue
[2026-08-04T08:58:01.695+0000] {logging_mixin.py:188} INFO - [2026-08-04T08:58:01.681+0000] {dagbag.py:545} INFO - Filling up the DagBag from /home/airflow/.local/lib/python3.12/site-packages/airflow/example_dags/example_complex.py
[2026-08-04T08:58:02.020+0000] {processor.py:840} INFO - DAG(s) 'example_complex' retrieved from /home/airflow/.local/lib/python3.12/site-packages/airflow/example_dags/example_complex.py
[2026-08-04T08:58:02.504+0000] {logging_mixin.py:188} INFO - [2026-08-04T08:58:02.503+0000] {dag.py:3089} INFO - Sync 1 DAGs
[2026-08-04T08:58:02.600+0000] {logging_mixin.py:188} INFO - [2026-08-04T08:58:02.600+0000] {dag.py:3947} INFO - Setting next_dagrun for example_complex to None, run_after=None
[2026-08-04T08:58:02.723+0000] {processor.py:183} INFO - Processing /home/airflow/.local/lib/python3.12/site-packages/airflow/example_dags/example_complex.py took 1.197 seconds
[2026-08-04T08:58:34.832+0000] {processor.py:161} INFO - Started process (PID=7872) to work on /home/airflow/.local/lib/python3.12/site-packages/airflow/example_dags/example_complex.py
[2026-08-04T08:58:34.840+0000] {processor.py:830} INFO - Processing file /home/airflow/.local/lib/python3.12/site-packages/airflow/example_dags/example_complex.py for tasks to queue
[2026-08-04T08:58:34.857+0000] {logging_mixin.py:188} INFO - [2026-08-04T08:58:34.856+0000] {dagbag.py:545} INFO - Filling up the DagBag from /home/airflow/.local/lib/python3.12/site-packages/airflow/example_dags/example_complex.py
[2026-08-04T08:58:34.968+0000] {processor.py:840} INFO - DAG(s) 'example_complex' retrieved from /home/airflow/.local/lib/python3.12/site-packages/airflow/example_dags/example_complex.py
[2026-08-04T08:58:35.146+0000] {logging_mixin.py:188} INFO - [2026-08-04T08:58:35.144+0000] {dag.py:3089} INFO - Sync 1 DAGs
[2026-08-04T08:58:35.228+0000] {logging_mixin.py:188} INFO - [2026-08-04T08:58:35.227+0000] {dag.py:3947} INFO - Setting next_dagrun for example_complex to None, run_after=None
[2026-08-04T08:58:35.327+0000] {processor.py:183} INFO - Processing /home/airflow/.local/lib/python3.12/site-packages/airflow/example_dags/example_complex.py took 0.553 seconds
[2026-08-04T08:59:16.281+0000] {processor.py:161} INFO - Started process (PID=7950) to work on /home/airflow/.local/lib/python3.12/site-packages/airflow/example_dags/example_complex.py
[2026-08-04T08:59:16.292+0000] {processor.py:830} INFO - Processing file /home/airflow/.local/lib/python3.12/site-packages/airflow/example_dags/example_complex.py for tasks to queue
[2026-08-04T08:59:16.311+0000] {logging_mixin.py:188} INFO - [2026-08-04T08:59:16.309+0000] {dagbag.py:545} INFO - Filling up the DagBag from /home/airflow/.local/lib/python3.12/site-packages/airflow/example_dags/example_complex.py
[2026-08-04T08:59:16.493+0000] {processor.py:840} INFO - DAG(s) 'example_complex' retrieved from /home/airflow/.local/lib/python3.12/site-packages/airflow/example_dags/example_complex.py
[2026-08-04T08:59:16.744+0000] {logging_mixin.py:188} INFO - [2026-08-04T08:59:16.742+0000] {dag.py:3089} INFO - Sync 1 DAGs
[2026-08-04T08:59:16.802+0000] {logging_mixin.py:188} INFO - [2026-08-04T08:59:16.800+0000] {dag.py:3947} INFO - Setting next_dagrun for example_complex to None, run_after=None
[2026-08-04T08:59:16.914+0000] {processor.py:183} INFO - Processing /home/airflow/.local/lib/python3.12/site-packages/airflow/example_dags/example_complex.py took 0.761 seconds
[2026-08-04T08:59:51.537+0000] {processor.py:161} INFO - Started process (PID=8023) to work on /home/airflow/.local/lib/python3.12/site-packages/airflow/example_dags/example_complex.py
[2026-08-04T08:59:51.578+0000] {processor.py:830} INFO - Processing file /home/airflow/.local/lib/python3.12/site-packages/airflow/example_dags/example_complex.py for tasks to queue
[2026-08-04T08:59:51.653+0000] {logging_mixin.py:188} INFO - [2026-08-04T08:59:51.646+0000] {dagbag.py:545} INFO - Filling up the DagBag from /home/airflow/.local/lib/python3.12/site-packages/airflow/example_dags/example_complex.py
[2026-08-04T08:59:52.093+0000] {processor.py:840} INFO - DAG(s) 'example_complex' retrieved from /home/airflow/.local/lib/python3.12/site-packages/airflow/example_dags/example_complex.py
[2026-08-04T08:59:52.376+0000] {logging_mixin.py:188} INFO - [2026-08-04T08:59:52.375+0000] {dag.py:3089} INFO - Sync 1 DAGs
[2026-08-04T08:59:52.553+0000] {logging_mixin.py:188} INFO - [2026-08-04T08:59:52.551+0000] {dag.py:3947} INFO - Setting next_dagrun for example_complex to None, run_after=None
[2026-08-04T08:59:52.743+0000] {processor.py:183} INFO - Processing /home/airflow/.local/lib/python3.12/site-packages/airflow/example_dags/example_complex.py took 1.388 seconds
[2026-08-04T09:00:36.472+0000] {processor.py:161} INFO - Started process (PID=8097) to work on /home/airflow/.local/lib/python3.12/site-packages/airflow/example_dags/example_complex.py
[2026-08-04T09:00:36.476+0000] {processor.py:830} INFO - Processing file /home/airflow/.local/lib/python3.12/site-packages/airflow/example_dags/example_complex.py for tasks to queue
[2026-08-04T09:00:36.482+0000] {logging_mixin.py:188} INFO - [2026-08-04T09:00:36.481+0000] {dagbag.py:545} INFO - Filling up the DagBag from /home/airflow/.local/lib/python3.12/site-packages/airflow/example_dags/example_complex.py
[2026-08-04T09:00:36.507+0000] {processor.py:840} INFO - DAG(s) 'example_complex' retrieved from /home/airflow/.local/lib/python3.12/site-packages/airflow/example_dags/example_complex.py
[2026-08-04T09:00:36.678+0000] {logging_mixin.py:188} INFO - [2026-08-04T09:00:36.677+0000] {dag.py:3089} INFO - Sync 1 DAGs
[2026-08-04T09:00:36.947+0000] {logging_mixin.py:188} INFO - [2026-08-04T09:00:36.918+0000] {dag.py:3947} INFO - Setting next_dagrun for example_complex to None, run_after=None
[2026-08-04T09:00:37.177+0000] {processor.py:183} INFO - Processing /home/airflow/.local/lib/python3.12/site-packages/airflow/example_dags/example_complex.py took 0.717 seconds
[2026-08-04T09:01:16.533+0000] {processor.py:161} INFO - Started process (PID=8171) to work on /home/airflow/.local/lib/python3.12/site-packages/airflow/example_dags/example_complex.py
[2026-08-04T09:01:16.538+0000] {processor.py:830} INFO - Processing file /home/airflow/.local/lib/python3.12/site-packages/airflow/example_dags/example_complex.py for tasks to queue
[2026-08-04T09:01:16.553+0000] {logging_mixin.py:188} INFO - [2026-08-04T09:01:16.550+0000] {dagbag.py:545} INFO - Filling up the DagBag from /home/airflow/.local/lib/python3.12/site-packages/airflow/example_dags/example_complex.py
[2026-08-04T09:01:16.716+0000] {processor.py:840} INFO - DAG(s) 'example_complex' retrieved from /home/airflow/.local/lib/python3.12/site-packages/airflow/example_dags/example_complex.py
[2026-08-04T09:01:16.934+0000] {logging_mixin.py:188} INFO - [2026-08-04T09:01:16.933+0000] {dag.py:3089} INFO - Sync 1 DAGs
[2026-08-04T09:01:17.667+0000] {logging_mixin.py:188} INFO - [2026-08-04T09:01:17.667+0000] {dag.py:3947} INFO - Setting next_dagrun for example_complex to None, run_after=None
[2026-08-04T09:01:17.730+0000] {processor.py:183} INFO - Processing /home/airflow/.local/lib/python3.12/site-packages/airflow/example_dags/example_complex.py took 1.245 seconds
[2026-08-04T09:01:51.271+0000] {processor.py:161} INFO - Started process (PID=8242) to work on /home/airflow/.local/lib/python3.12/site-packages/airflow/example_dags/example_complex.py
[2026-08-04T09:01:51.281+0000] {processor.py:830} INFO - Processing file /home/airflow/.local/lib/python3.12/site-packages/airflow/example_dags/example_complex.py for tasks to queue
[2026-08-04T09:01:51.288+0000] {logging_mixin.py:188} INFO - [2026-08-04T09:01:51.287+0000] {dagbag.py:545} INFO - Filling up the DagBag from /home/airflow/.local/lib/python3.12/site-packages/airflow/example_dags/example_complex.py
[2026-08-04T09:01:51.320+0000] {processor.py:840} INFO - DAG(s) 'example_complex' retrieved from /home/airflow/.local/lib/python3.12/site-packages/airflow/example_dags/example_complex.py
[2026-08-04T09:01:51.556+0000] {logging_mixin.py:188} INFO - [2026-08-04T09:01:51.555+0000] {dag.py:3089} INFO - Sync 1 DAGs
[2026-08-04T09:01:51.679+0000] {logging_mixin.py:188} INFO - [2026-08-04T09:01:51.678+0000] {dag.py:3947} INFO - Setting next_dagrun for example_complex to None, run_after=None
[2026-08-04T09:01:51.946+0000] {processor.py:183} INFO - Processing /home/airflow/.local/lib/python3.12/site-packages/airflow/example_dags/example_complex.py took 0.688 seconds
[2026-08-04T09:02:38.533+0000] {processor.py:161} INFO - Started process (PID=8319) to work on /home/airflow/.local/lib/python3.12/site-packages/airflow/example_dags/example_complex.py
[2026-08-04T09:02:38.593+0000] {processor.py:830} INFO - Processing file /home/airflow/.local/lib/python3.12/site-packages/airflow/example_dags/example_complex.py for tasks to queue
[2026-08-04T09:02:38.606+0000] {logging_mixin.py:188} INFO - [2026-08-04T09:02:38.601+0000] {dagbag.py:545} INFO - Filling up the DagBag from /home/airflow/.local/lib/python3.12/site-packages/airflow/example_dags/example_complex.py
[2026-08-04T09:02:38.659+0000] {processor.py:840} INFO - DAG(s) 'example_complex' retrieved from /home/airflow/.local/lib/python3.12/site-packages/airflow/example_dags/example_complex.py
[2026-08-04T09:02:38.767+0000] {logging_mixin.py:188} INFO - [2026-08-04T09:02:38.766+0000] {dag.py:3089} INFO - Sync 1 DAGs
[2026-08-04T09:02:38.832+0000] {logging_mixin.py:188} INFO - [2026-08-04T09:02:38.831+0000] {dag.py:3947} INFO - Setting next_dagrun for example_complex to None, run_after=None
[2026-08-04T09:02:38.931+0000] {processor.py:183} INFO - Processing /home/airflow/.local/lib/python3.12/site-packages/airflow/example_dags/example_complex.py took 0.451 seconds
[2026-08-04T10:33:32.074+0000] {processor.py:161} INFO - Started process (PID=8370) to work on /home/airflow/.local/lib/python3.12/site-packages/airflow/example_dags/example_complex.py
[2026-08-04T10:33:32.105+0000] {processor.py:830} INFO - Processing file /home/airflow/.local/lib/python3.12/site-packages/airflow/example_dags/example_complex.py for tasks to queue
[2026-08-04T10:33:32.190+0000] {logging_mixin.py:188} INFO - [2026-08-04T10:33:32.163+0000] {dagbag.py:545} INFO - Filling up the DagBag from /home/airflow/.local/lib/python3.12/site-packages/airflow/example_dags/example_complex.py
[2026-08-04T10:33:32.384+0000] {processor.py:840} INFO - DAG(s) 'example_complex' retrieved from /home/airflow/.local/lib/python3.12/site-packages/airflow/example_dags/example_complex.py
[2026-08-04T10:33:32.699+0000] {logging_mixin.py:188} INFO - [2026-08-04T10:33:32.698+0000] {dag.py:3089} INFO - Sync 1 DAGs
[2026-08-04T10:33:33.028+0000] {logging_mixin.py:188} INFO - [2026-08-04T10:33:33.022+0000] {dag.py:3947} INFO - Setting next_dagrun for example_complex to None, run_after=None
[2026-08-04T10:33:34.212+0000] {processor.py:183} INFO - Processing /home/airflow/.local/lib/python3.12/site-packages/airflow/example_dags/example_complex.py took 2.205 seconds
[2026-08-04T18:26:49.983+0000] {processor.py:161} INFO - Started process (PID=123) to work on /home/airflow/.local/lib/python3.12/site-packages/airflow/example_dags/example_complex.py
[2026-08-04T18:26:50.042+0000] {processor.py:830} INFO - Processing file /home/airflow/.local/lib/python3.12/site-packages/airflow/example_dags/example_complex.py for tasks to queue
[2026-08-04T18:26:50.132+0000] {logging_mixin.py:188} INFO - [2026-08-04T18:26:50.131+0000] {dagbag.py:545} INFO - Filling up the DagBag from /home/airflow/.local/lib/python3.12/site-packages/airflow/example_dags/example_complex.py
[2026-08-04T18:26:50.181+0000] {processor.py:840} INFO - DAG(s) 'example_complex' retrieved from /home/airflow/.local/lib/python3.12/site-packages/airflow/example_dags/example_complex.py
[2026-08-04T18:26:50.653+0000] {logging_mixin.py:188} INFO - [2026-08-04T18:26:50.624+0000] {dag.py:3089} INFO - Sync 1 DAGs
[2026-08-04T18:26:51.514+0000] {logging_mixin.py:188} INFO - [2026-08-04T18:26:51.514+0000] {dag.py:3947} INFO - Setting next_dagrun for example_complex to None, run_after=None
[2026-08-04T18:26:51.845+0000] {processor.py:183} INFO - Processing /home/airflow/.local/lib/python3.12/site-packages/airflow/example_dags/example_complex.py took 2.262 seconds
[2026-08-04T18:27:54.871+0000] {processor.py:161} INFO - Started process (PID=203) to work on /home/airflow/.local/lib/python3.12/site-packages/airflow/example_dags/example_complex.py
[2026-08-04T18:27:54.978+0000] {processor.py:830} INFO - Processing file /home/airflow/.local/lib/python3.12/site-packages/airflow/example_dags/example_complex.py for tasks to queue
[2026-08-04T18:27:55.013+0000] {logging_mixin.py:188} INFO - [2026-08-04T18:27:55.012+0000] {dagbag.py:545} INFO - Filling up the DagBag from /home/airflow/.local/lib/python3.12/site-packages/airflow/example_dags/example_complex.py
[2026-08-04T18:27:55.090+0000] {processor.py:840} INFO - DAG(s) 'example_complex' retrieved from /home/airflow/.local/lib/python3.12/site-packages/airflow/example_dags/example_complex.py
[2026-08-04T18:27:56.117+0000] {logging_mixin.py:188} INFO - [2026-08-04T18:27:56.117+0000] {dag.py:3089} INFO - Sync 1 DAGs
[2026-08-04T18:27:56.505+0000] {logging_mixin.py:188} INFO - [2026-08-04T18:27:56.504+0000] {dag.py:3947} INFO - Setting next_dagrun for example_complex to None, run_after=None
[2026-08-04T18:27:56.883+0000] {processor.py:183} INFO - Processing /home/airflow/.local/lib/python3.12/site-packages/airflow/example_dags/example_complex.py took 2.192 seconds
[2026-08-04T18:28:41.415+0000] {processor.py:161} INFO - Started process (PID=276) to work on /home/airflow/.local/lib/python3.12/site-packages/airflow/example_dags/example_complex.py
[2026-08-04T18:28:41.419+0000] {processor.py:830} INFO - Processing file /home/airflow/.local/lib/python3.12/site-packages/airflow/example_dags/example_complex.py for tasks to queue
[2026-08-04T18:28:41.430+0000] {logging_mixin.py:188} INFO - [2026-08-04T18:28:41.429+0000] {dagbag.py:545} INFO - Filling up the DagBag from /home/airflow/.local/lib/python3.12/site-packages/airflow/example_dags/example_complex.py
[2026-08-04T18:28:41.479+0000] {processor.py:840} INFO - DAG(s) 'example_complex' retrieved from /home/airflow/.local/lib/python3.12/site-packages/airflow/example_dags/example_complex.py
[2026-08-04T18:28:41.648+0000] {logging_mixin.py:188} INFO - [2026-08-04T18:28:41.647+0000] {dag.py:3089} INFO - Sync 1 DAGs
[2026-08-04T18:28:41.705+0000] {logging_mixin.py:188} INFO - [2026-08-04T18:28:41.705+0000] {dag.py:3947} INFO - Setting next_dagrun for example_complex to None, run_after=None
[2026-08-04T18:28:41.798+0000] {processor.py:183} INFO - Processing /home/airflow/.local/lib/python3.12/site-packages/airflow/example_dags/example_complex.py took 0.443 seconds
[2026-08-04T18:45:01.142+0000] {processor.py:161} INFO - Started process (PID=119) to work on /home/airflow/.local/lib/python3.12/site-packages/airflow/example_dags/example_complex.py
[2026-08-04T18:45:01.166+0000] {processor.py:830} INFO - Processing file /home/airflow/.local/lib/python3.12/site-packages/airflow/example_dags/example_complex.py for tasks to queue
[2026-08-04T18:45:01.224+0000] {logging_mixin.py:188} INFO - [2026-08-04T18:45:01.218+0000] {dagbag.py:545} INFO - Filling up the DagBag from /home/airflow/.local/lib/python3.12/site-packages/airflow/example_dags/example_complex.py
[2026-08-04T18:45:01.471+0000] {processor.py:840} INFO - DAG(s) 'example_complex' retrieved from /home/airflow/.local/lib/python3.12/site-packages/airflow/example_dags/example_complex.py
[2026-08-04T18:45:05.260+0000] {logging_mixin.py:188} INFO - [2026-08-04T18:45:05.259+0000] {process_utils.py:263} INFO - Waiting up to 5 seconds for processes to exit...
[2026-08-04T18:56:22.803+0000] {processor.py:161} INFO - Started process (PID=98) to work on /home/airflow/.local/lib/python3.12/site-packages/airflow/example_dags/example_complex.py
[2026-08-04T18:56:22.818+0000] {processor.py:830} INFO - Processing file /home/airflow/.local/lib/python3.12/site-packages/airflow/example_dags/example_complex.py for tasks to queue
[2026-08-04T18:56:22.842+0000] {logging_mixin.py:188} INFO - [2026-08-04T18:56:22.841+0000] {dagbag.py:545} INFO - Filling up the DagBag from /home/airflow/.local/lib/python3.12/site-packages/airflow/example_dags/example_complex.py
[2026-08-04T18:56:22.989+0000] {processor.py:840} INFO - DAG(s) 'example_complex' retrieved from /home/airflow/.local/lib/python3.12/site-packages/airflow/example_dags/example_complex.py
[2026-08-04T18:56:23.443+0000] {logging_mixin.py:188} INFO - [2026-08-04T18:56:23.442+0000] {dag.py:3089} INFO - Sync 1 DAGs
[2026-08-04T18:56:23.509+0000] {logging_mixin.py:188} INFO - [2026-08-04T18:56:23.509+0000] {dag.py:3947} INFO - Setting next_dagrun for example_complex to None, run_after=None
[2026-08-04T18:56:23.663+0000] {processor.py:183} INFO - Processing /home/airflow/.local/lib/python3.12/site-packages/airflow/example_dags/example_complex.py took 0.893 seconds
[2026-08-04T18:57:20.074+0000] {processor.py:161} INFO - Started process (PID=176) to work on /home/airflow/.local/lib/python3.12/site-packages/airflow/example_dags/example_complex.py
[2026-08-04T18:57:20.094+0000] {processor.py:830} INFO - Processing file /home/airflow/.local/lib/python3.12/site-packages/airflow/example_dags/example_complex.py for tasks to queue
[2026-08-04T18:57:20.130+0000] {logging_mixin.py:188} INFO - [2026-08-04T18:57:20.125+0000] {dagbag.py:545} INFO - Filling up the DagBag from /home/airflow/.local/lib/python3.12/site-packages/airflow/example_dags/example_complex.py
[2026-08-04T18:57:20.167+0000] {processor.py:840} INFO - DAG(s) 'example_complex' retrieved from /home/airflow/.local/lib/python3.12/site-packages/airflow/example_dags/example_complex.py
[2026-08-04T18:57:20.319+0000] {logging_mixin.py:188} INFO - [2026-08-04T18:57:20.318+0000] {dag.py:3089} INFO - Sync 1 DAGs
[2026-08-04T18:57:20.379+0000] {logging_mixin.py:188} INFO - [2026-08-04T18:57:20.378+0000] {dag.py:3947} INFO - Setting next_dagrun for example_complex to None, run_after=None
[2026-08-04T18:57:20.483+0000] {processor.py:183} INFO - Processing /home/airflow/.local/lib/python3.12/site-packages/airflow/example_dags/example_complex.py took 0.575 seconds
[2026-08-04T18:58:10.724+0000] {processor.py:161} INFO - Started process (PID=253) to work on /home/airflow/.local/lib/python3.12/site-packages/airflow/example_dags/example_complex.py
[2026-08-04T18:58:10.738+0000] {processor.py:830} INFO - Processing file /home/airflow/.local/lib/python3.12/site-packages/airflow/example_dags/example_complex.py for tasks to queue
[2026-08-04T18:58:10.810+0000] {logging_mixin.py:188} INFO - [2026-08-04T18:58:10.803+0000] {dagbag.py:545} INFO - Filling up the DagBag from /home/airflow/.local/lib/python3.12/site-packages/airflow/example_dags/example_complex.py
[2026-08-04T18:58:10.876+0000] {processor.py:840} INFO - DAG(s) 'example_complex' retrieved from /home/airflow/.local/lib/python3.12/site-packages/airflow/example_dags/example_complex.py
[2026-08-04T18:58:11.354+0000] {logging_mixin.py:188} INFO - [2026-08-04T18:58:11.353+0000] {dag.py:3089} INFO - Sync 1 DAGs
[2026-08-04T18:58:11.488+0000] {logging_mixin.py:188} INFO - [2026-08-04T18:58:11.487+0000] {dag.py:3947} INFO - Setting next_dagrun for example_complex to None, run_after=None
[2026-08-04T18:58:11.741+0000] {processor.py:183} INFO - Processing /home/airflow/.local/lib/python3.12/site-packages/airflow/example_dags/example_complex.py took 1.215 seconds
[2026-08-04T18:59:00.268+0000] {processor.py:161} INFO - Started process (PID=329) to work on /home/airflow/.local/lib/python3.12/site-packages/airflow/example_dags/example_complex.py
[2026-08-04T18:59:00.276+0000] {processor.py:830} INFO - Processing file /home/airflow/.local/lib/python3.12/site-packages/airflow/example_dags/example_complex.py for tasks to queue
[2026-08-04T18:59:00.295+0000] {logging_mixin.py:188} INFO - [2026-08-04T18:59:00.294+0000] {dagbag.py:545} INFO - Filling up the DagBag from /home/airflow/.local/lib/python3.12/site-packages/airflow/example_dags/example_complex.py
[2026-08-04T18:59:00.445+0000] {processor.py:840} INFO - DAG(s) 'example_complex' retrieved from /home/airflow/.local/lib/python3.12/site-packages/airflow/example_dags/example_complex.py
[2026-08-04T18:59:00.819+0000] {logging_mixin.py:188} INFO - [2026-08-04T18:59:00.818+0000] {dag.py:3089} INFO - Sync 1 DAGs
[2026-08-04T18:59:00.931+0000] {logging_mixin.py:188} INFO - [2026-08-04T18:59:00.930+0000] {dag.py:3947} INFO - Setting next_dagrun for example_complex to None, run_after=None
[2026-08-04T18:59:01.050+0000] {processor.py:183} INFO - Processing /home/airflow/.local/lib/python3.12/site-packages/airflow/example_dags/example_complex.py took 0.855 seconds
[2026-08-04T18:59:37.205+0000] {processor.py:161} INFO - Started process (PID=400) to work on /home/airflow/.local/lib/python3.12/site-packages/airflow/example_dags/example_complex.py
[2026-08-04T18:59:37.222+0000] {processor.py:830} INFO - Processing file /home/airflow/.local/lib/python3.12/site-packages/airflow/example_dags/example_complex.py for tasks to queue
[2026-08-04T18:59:37.239+0000] {logging_mixin.py:188} INFO - [2026-08-04T18:59:37.238+0000] {dagbag.py:545} INFO - Filling up the DagBag from /home/airflow/.local/lib/python3.12/site-packages/airflow/example_dags/example_complex.py
[2026-08-04T18:59:37.460+0000] {processor.py:840} INFO - DAG(s) 'example_complex' retrieved from /home/airflow/.local/lib/python3.12/site-packages/airflow/example_dags/example_complex.py
[2026-08-04T18:59:37.653+0000] {logging_mixin.py:188} INFO - [2026-08-04T18:59:37.652+0000] {dag.py:3089} INFO - Sync 1 DAGs
[2026-08-04T18:59:37.847+0000] {logging_mixin.py:188} INFO - [2026-08-04T18:59:37.846+0000] {dag.py:3947} INFO - Setting next_dagrun for example_complex to None, run_after=None
[2026-08-04T18:59:38.219+0000] {processor.py:183} INFO - Processing /home/airflow/.local/lib/python3.12/site-packages/airflow/example_dags/example_complex.py took 1.119 seconds
[2026-08-04T19:00:09.381+0000] {processor.py:161} INFO - Started process (PID=473) to work on /home/airflow/.local/lib/python3.12/site-packages/airflow/example_dags/example_complex.py
[2026-08-04T19:00:09.389+0000] {processor.py:830} INFO - Processing file /home/airflow/.local/lib/python3.12/site-packages/airflow/example_dags/example_complex.py for tasks to queue
[2026-08-04T19:00:09.412+0000] {logging_mixin.py:188} INFO - [2026-08-04T19:00:09.411+0000] {dagbag.py:545} INFO - Filling up the DagBag from /home/airflow/.local/lib/python3.12/site-packages/airflow/example_dags/example_complex.py
[2026-08-04T19:00:09.539+0000] {processor.py:840} INFO - DAG(s) 'example_complex' retrieved from /home/airflow/.local/lib/python3.12/site-packages/airflow/example_dags/example_complex.py
[2026-08-04T19:00:09.762+0000] {logging_mixin.py:188} INFO - [2026-08-04T19:00:09.761+0000] {dag.py:3089} INFO - Sync 1 DAGs
[2026-08-04T19:00:09.926+0000] {logging_mixin.py:188} INFO - [2026-08-04T19:00:09.917+0000] {dag.py:3947} INFO - Setting next_dagrun for example_complex to None, run_after=None
[2026-08-04T19:00:10.086+0000] {processor.py:183} INFO - Processing /home/airflow/.local/lib/python3.12/site-packages/airflow/example_dags/example_complex.py took 0.753 seconds
[2026-08-04T19:00:47.312+0000] {processor.py:161} INFO - Started process (PID=546) to work on /home/airflow/.local/lib/python3.12/site-packages/airflow/example_dags/example_complex.py
[2026-08-04T19:00:47.316+0000] {processor.py:830} INFO - Processing file /home/airflow/.local/lib/python3.12/site-packages/airflow/example_dags/example_complex.py for tasks to queue
[2026-08-04T19:00:47.325+0000] {logging_mixin.py:188} INFO - [2026-08-04T19:00:47.324+0000] {dagbag.py:545} INFO - Filling up the DagBag from /home/airflow/.local/lib/python3.12/site-packages/airflow/example_dags/example_complex.py
[2026-08-04T19:00:47.365+0000] {processor.py:840} INFO - DAG(s) 'example_complex' retrieved from /home/airflow/.local/lib/python3.12/site-packages/airflow/example_dags/example_complex.py
[2026-08-04T19:00:47.502+0000] {logging_mixin.py:188} INFO - [2026-08-04T19:00:47.502+0000] {dag.py:3089} INFO - Sync 1 DAGs
[2026-08-04T19:00:47.548+0000] {logging_mixin.py:188} INFO - [2026-08-04T19:00:47.548+0000] {dag.py:3947} INFO - Setting next_dagrun for example_complex to None, run_after=None
[2026-08-04T19:00:47.615+0000] {processor.py:183} INFO - Processing /home/airflow/.local/lib/python3.12/site-packages/airflow/example_dags/example_complex.py took 0.321 seconds
[2026-08-04T19:01:24.317+0000] {processor.py:161} INFO - Started process (PID=605) to work on /home/airflow/.local/lib/python3.12/site-packages/airflow/example_dags/example_complex.py
[2026-08-04T19:01:24.329+0000] {processor.py:830} INFO - Processing file /home/airflow/.local/lib/python3.12/site-packages/airflow/example_dags/example_complex.py for tasks to queue
[2026-08-04T19:01:24.341+0000] {logging_mixin.py:188} INFO - [2026-08-04T19:01:24.340+0000] {dagbag.py:545} INFO - Filling up the DagBag from /home/airflow/.local/lib/python3.12/site-packages/airflow/example_dags/example_complex.py
[2026-08-04T19:01:24.428+0000] {processor.py:840} INFO - DAG(s) 'example_complex' retrieved from /home/airflow/.local/lib/python3.12/site-packages/airflow/example_dags/example_complex.py
[2026-08-04T19:01:24.657+0000] {logging_mixin.py:188} INFO - [2026-08-04T19:01:24.656+0000] {dag.py:3089} INFO - Sync 1 DAGs
[2026-08-04T19:01:24.770+0000] {logging_mixin.py:188} INFO - [2026-08-04T19:01:24.769+0000] {dag.py:3947} INFO - Setting next_dagrun for example_complex to None, run_after=None
[2026-08-04T19:01:24.866+0000] {processor.py:183} INFO - Processing /home/airflow/.local/lib/python3.12/site-packages/airflow/example_dags/example_complex.py took 0.616 seconds
[2026-08-04T19:02:00.354+0000] {processor.py:161} INFO - Started process (PID=677) to work on /home/airflow/.local/lib/python3.12/site-packages/airflow/example_dags/example_complex.py
[2026-08-04T19:02:00.370+0000] {processor.py:830} INFO - Processing file /home/airflow/.local/lib/python3.12/site-packages/airflow/example_dags/example_complex.py for tasks to queue
[2026-08-04T19:02:00.399+0000] {logging_mixin.py:188} INFO - [2026-08-04T19:02:00.399+0000] {dagbag.py:545} INFO - Filling up the DagBag from /home/airflow/.local/lib/python3.12/site-packages/airflow/example_dags/example_complex.py
[2026-08-04T19:02:00.529+0000] {processor.py:840} INFO - DAG(s) 'example_complex' retrieved from /home/airflow/.local/lib/python3.12/site-packages/airflow/example_dags/example_complex.py
[2026-08-04T19:02:00.678+0000] {logging_mixin.py:188} INFO - [2026-08-04T19:02:00.677+0000] {dag.py:3089} INFO - Sync 1 DAGs
[2026-08-04T19:02:00.755+0000] {logging_mixin.py:188} INFO - [2026-08-04T19:02:00.755+0000] {dag.py:3947} INFO - Setting next_dagrun for example_complex to None, run_after=None
[2026-08-04T19:02:00.913+0000] {processor.py:183} INFO - Processing /home/airflow/.local/lib/python3.12/site-packages/airflow/example_dags/example_complex.py took 0.682 seconds
[2026-08-04T19:02:32.741+0000] {processor.py:161} INFO - Started process (PID=750) to work on /home/airflow/.local/lib/python3.12/site-packages/airflow/example_dags/example_complex.py
[2026-08-04T19:02:32.777+0000] {processor.py:830} INFO - Processing file /home/airflow/.local/lib/python3.12/site-packages/airflow/example_dags/example_complex.py for tasks to queue
[2026-08-04T19:02:32.878+0000] {logging_mixin.py:188} INFO - [2026-08-04T19:02:32.877+0000] {dagbag.py:545} INFO - Filling up the DagBag from /home/airflow/.local/lib/python3.12/site-packages/airflow/example_dags/example_complex.py
[2026-08-04T19:02:33.054+0000] {processor.py:840} INFO - DAG(s) 'example_complex' retrieved from /home/airflow/.local/lib/python3.12/site-packages/airflow/example_dags/example_complex.py
[2026-08-04T19:02:33.438+0000] {logging_mixin.py:188} INFO - [2026-08-04T19:02:33.437+0000] {dag.py:3089} INFO - Sync 1 DAGs
[2026-08-04T19:02:33.599+0000] {logging_mixin.py:188} INFO - [2026-08-04T19:02:33.599+0000] {dag.py:3947} INFO - Setting next_dagrun for example_complex to None, run_after=None
[2026-08-04T19:02:33.699+0000] {processor.py:183} INFO - Processing /home/airflow/.local/lib/python3.12/site-packages/airflow/example_dags/example_complex.py took 1.111 seconds
[2026-08-04T19:03:05.568+0000] {processor.py:161} INFO - Started process (PID=815) to work on /home/airflow/.local/lib/python3.12/site-packages/airflow/example_dags/example_complex.py
[2026-08-04T19:03:05.574+0000] {processor.py:830} INFO - Processing file /home/airflow/.local/lib/python3.12/site-packages/airflow/example_dags/example_complex.py for tasks to queue
[2026-08-04T19:03:05.584+0000] {logging_mixin.py:188} INFO - [2026-08-04T19:03:05.583+0000] {dagbag.py:545} INFO - Filling up the DagBag from /home/airflow/.local/lib/python3.12/site-packages/airflow/example_dags/example_complex.py
[2026-08-04T19:03:05.640+0000] {processor.py:840} INFO - DAG(s) 'example_complex' retrieved from /home/airflow/.local/lib/python3.12/site-packages/airflow/example_dags/example_complex.py
[2026-08-04T19:03:05.786+0000] {logging_mixin.py:188} INFO - [2026-08-04T19:03:05.783+0000] {dag.py:3089} INFO - Sync 1 DAGs
[2026-08-04T19:03:05.863+0000] {logging_mixin.py:188} INFO - [2026-08-04T19:03:05.862+0000] {dag.py:3947} INFO - Setting next_dagrun for example_complex to None, run_after=None
[2026-08-04T19:03:05.956+0000] {processor.py:183} INFO - Processing /home/airflow/.local/lib/python3.12/site-packages/airflow/example_dags/example_complex.py took 0.410 seconds
[2026-08-04T19:03:42.744+0000] {processor.py:161} INFO - Started process (PID=888) to work on /home/airflow/.local/lib/python3.12/site-packages/airflow/example_dags/example_complex.py
[2026-08-04T19:03:42.757+0000] {processor.py:830} INFO - Processing file /home/airflow/.local/lib/python3.12/site-packages/airflow/example_dags/example_complex.py for tasks to queue
[2026-08-04T19:03:42.766+0000] {logging_mixin.py:188} INFO - [2026-08-04T19:03:42.765+0000] {dagbag.py:545} INFO - Filling up the DagBag from /home/airflow/.local/lib/python3.12/site-packages/airflow/example_dags/example_complex.py
[2026-08-04T19:03:42.813+0000] {processor.py:840} INFO - DAG(s) 'example_complex' retrieved from /home/airflow/.local/lib/python3.12/site-packages/airflow/example_dags/example_complex.py
[2026-08-04T19:03:42.940+0000] {logging_mixin.py:188} INFO - [2026-08-04T19:03:42.939+0000] {dag.py:3089} INFO - Sync 1 DAGs
[2026-08-04T19:03:43.054+0000] {logging_mixin.py:188} INFO - [2026-08-04T19:03:43.053+0000] {dag.py:3947} INFO - Setting next_dagrun for example_complex to None, run_after=None
[2026-08-04T19:03:43.168+0000] {processor.py:183} INFO - Processing /home/airflow/.local/lib/python3.12/site-packages/airflow/example_dags/example_complex.py took 0.521 seconds
[2026-08-04T19:04:18.788+0000] {processor.py:161} INFO - Started process (PID=960) to work on /home/airflow/.local/lib/python3.12/site-packages/airflow/example_dags/example_complex.py
[2026-08-04T19:04:18.807+0000] {processor.py:830} INFO - Processing file /home/airflow/.local/lib/python3.12/site-packages/airflow/example_dags/example_complex.py for tasks to queue
[2026-08-04T19:04:18.842+0000] {logging_mixin.py:188} INFO - [2026-08-04T19:04:18.829+0000] {dagbag.py:545} INFO - Filling up the DagBag from /home/airflow/.local/lib/python3.12/site-packages/airflow/example_dags/example_complex.py
[2026-08-04T19:04:18.901+0000] {processor.py:840} INFO - DAG(s) 'example_complex' retrieved from /home/airflow/.local/lib/python3.12/site-packages/airflow/example_dags/example_complex.py
[2026-08-04T19:04:19.186+0000] {logging_mixin.py:188} INFO - [2026-08-04T19:04:19.185+0000] {dag.py:3089} INFO - Sync 1 DAGs
[2026-08-04T19:04:19.302+0000] {logging_mixin.py:188} INFO - [2026-08-04T19:04:19.301+0000] {dag.py:3947} INFO - Setting next_dagrun for example_complex to None, run_after=None
[2026-08-04T19:04:19.453+0000] {processor.py:183} INFO - Processing /home/airflow/.local/lib/python3.12/site-packages/airflow/example_dags/example_complex.py took 0.862 seconds
[2026-08-04T19:04:53.126+0000] {processor.py:161} INFO - Started process (PID=1032) to work on /home/airflow/.local/lib/python3.12/site-packages/airflow/example_dags/example_complex.py
[2026-08-04T19:04:53.154+0000] {processor.py:830} INFO - Processing file /home/airflow/.local/lib/python3.12/site-packages/airflow/example_dags/example_complex.py for tasks to queue
[2026-08-04T19:04:53.195+0000] {logging_mixin.py:188} INFO - [2026-08-04T19:04:53.194+0000] {dagbag.py:545} INFO - Filling up the DagBag from /home/airflow/.local/lib/python3.12/site-packages/airflow/example_dags/example_complex.py
[2026-08-04T19:04:53.488+0000] {processor.py:840} INFO - DAG(s) 'example_complex' retrieved from /home/airflow/.local/lib/python3.12/site-packages/airflow/example_dags/example_complex.py
[2026-08-04T19:04:53.706+0000] {logging_mixin.py:188} INFO - [2026-08-04T19:04:53.705+0000] {dag.py:3089} INFO - Sync 1 DAGs
[2026-08-04T19:04:53.779+0000] {logging_mixin.py:188} INFO - [2026-08-04T19:04:53.779+0000] {dag.py:3947} INFO - Setting next_dagrun for example_complex to None, run_after=None
[2026-08-04T19:04:54.062+0000] {processor.py:183} INFO - Processing /home/airflow/.local/lib/python3.12/site-packages/airflow/example_dags/example_complex.py took 1.049 seconds
[2026-08-04T19:05:28.632+0000] {processor.py:161} INFO - Started process (PID=1098) to work on /home/airflow/.local/lib/python3.12/site-packages/airflow/example_dags/example_complex.py
[2026-08-04T19:05:28.638+0000] {processor.py:830} INFO - Processing file /home/airflow/.local/lib/python3.12/site-packages/airflow/example_dags/example_complex.py for tasks to queue
[2026-08-04T19:05:28.646+0000] {logging_mixin.py:188} INFO - [2026-08-04T19:05:28.645+0000] {dagbag.py:545} INFO - Filling up the DagBag from /home/airflow/.local/lib/python3.12/site-packages/airflow/example_dags/example_complex.py
[2026-08-04T19:05:28.676+0000] {processor.py:840} INFO - DAG(s) 'example_complex' retrieved from /home/airflow/.local/lib/python3.12/site-packages/airflow/example_dags/example_complex.py
[2026-08-04T19:05:28.849+0000] {logging_mixin.py:188} INFO - [2026-08-04T19:05:28.848+0000] {dag.py:3089} INFO - Sync 1 DAGs
[2026-08-04T19:05:28.993+0000] {logging_mixin.py:188} INFO - [2026-08-04T19:05:28.992+0000] {dag.py:3947} INFO - Setting next_dagrun for example_complex to None, run_after=None
[2026-08-04T19:05:29.142+0000] {processor.py:183} INFO - Processing /home/airflow/.local/lib/python3.12/site-packages/airflow/example_dags/example_complex.py took 0.528 seconds
[2026-08-04T19:06:09.203+0000] {processor.py:161} INFO - Started process (PID=1169) to work on /home/airflow/.local/lib/python3.12/site-packages/airflow/example_dags/example_complex.py
[2026-08-04T19:06:09.207+0000] {processor.py:830} INFO - Processing file /home/airflow/.local/lib/python3.12/site-packages/airflow/example_dags/example_complex.py for tasks to queue
[2026-08-04T19:06:09.215+0000] {logging_mixin.py:188} INFO - [2026-08-04T19:06:09.214+0000] {dagbag.py:545} INFO - Filling up the DagBag from /home/airflow/.local/lib/python3.12/site-packages/airflow/example_dags/example_complex.py
[2026-08-04T19:06:09.260+0000] {processor.py:840} INFO - DAG(s) 'example_complex' retrieved from /home/airflow/.local/lib/python3.12/site-packages/airflow/example_dags/example_complex.py
[2026-08-04T19:06:09.393+0000] {logging_mixin.py:188} INFO - [2026-08-04T19:06:09.392+0000] {dag.py:3089} INFO - Sync 1 DAGs
[2026-08-04T19:06:09.448+0000] {logging_mixin.py:188} INFO - [2026-08-04T19:06:09.448+0000] {dag.py:3947} INFO - Setting next_dagrun for example_complex to None, run_after=None
[2026-08-04T19:06:09.556+0000] {processor.py:183} INFO - Processing /home/airflow/.local/lib/python3.12/site-packages/airflow/example_dags/example_complex.py took 0.378 seconds
[2026-08-04T19:06:46.208+0000] {processor.py:161} INFO - Started process (PID=1241) to work on /home/airflow/.local/lib/python3.12/site-packages/airflow/example_dags/example_complex.py
[2026-08-04T19:06:46.214+0000] {processor.py:830} INFO - Processing file /home/airflow/.local/lib/python3.12/site-packages/airflow/example_dags/example_complex.py for tasks to queue
[2026-08-04T19:06:46.225+0000] {logging_mixin.py:188} INFO - [2026-08-04T19:06:46.224+0000] {dagbag.py:545} INFO - Filling up the DagBag from /home/airflow/.local/lib/python3.12/site-packages/airflow/example_dags/example_complex.py
[2026-08-04T19:06:46.258+0000] {processor.py:840} INFO - DAG(s) 'example_complex' retrieved from /home/airflow/.local/lib/python3.12/site-packages/airflow/example_dags/example_complex.py
[2026-08-04T19:06:46.401+0000] {logging_mixin.py:188} INFO - [2026-08-04T19:06:46.401+0000] {dag.py:3089} INFO - Sync 1 DAGs
[2026-08-04T19:06:46.470+0000] {logging_mixin.py:188} INFO - [2026-08-04T19:06:46.469+0000] {dag.py:3947} INFO - Setting next_dagrun for example_complex to None, run_after=None
[2026-08-04T19:06:46.550+0000] {processor.py:183} INFO - Processing /home/airflow/.local/lib/python3.12/site-packages/airflow/example_dags/example_complex.py took 0.365 seconds
[2026-08-04T19:07:26.349+0000] {processor.py:161} INFO - Started process (PID=1315) to work on /home/airflow/.local/lib/python3.12/site-packages/airflow/example_dags/example_complex.py
[2026-08-04T19:07:26.376+0000] {processor.py:830} INFO - Processing file /home/airflow/.local/lib/python3.12/site-packages/airflow/example_dags/example_complex.py for tasks to queue
[2026-08-04T19:07:26.426+0000] {logging_mixin.py:188} INFO - [2026-08-04T19:07:26.425+0000] {dagbag.py:545} INFO - Filling up the DagBag from /home/airflow/.local/lib/python3.12/site-packages/airflow/example_dags/example_complex.py
[2026-08-04T19:07:26.542+0000] {processor.py:840} INFO - DAG(s) 'example_complex' retrieved from /home/airflow/.local/lib/python3.12/site-packages/airflow/example_dags/example_complex.py
[2026-08-04T19:07:27.262+0000] {logging_mixin.py:188} INFO - [2026-08-04T19:07:27.255+0000] {dag.py:3089} INFO - Sync 1 DAGs
[2026-08-04T19:07:27.457+0000] {logging_mixin.py:188} INFO - [2026-08-04T19:07:27.456+0000] {dag.py:3947} INFO - Setting next_dagrun for example_complex to None, run_after=None
[2026-08-04T19:07:27.572+0000] {processor.py:183} INFO - Processing /home/airflow/.local/lib/python3.12/site-packages/airflow/example_dags/example_complex.py took 1.379 seconds
[2026-08-04T19:08:05.058+0000] {processor.py:161} INFO - Started process (PID=1390) to work on /home/airflow/.local/lib/python3.12/site-packages/airflow/example_dags/example_complex.py
[2026-08-04T19:08:05.083+0000] {processor.py:830} INFO - Processing file /home/airflow/.local/lib/python3.12/site-packages/airflow/example_dags/example_complex.py for tasks to queue
[2026-08-04T19:08:05.130+0000] {logging_mixin.py:188} INFO - [2026-08-04T19:08:05.129+0000] {dagbag.py:545} INFO - Filling up the DagBag from /home/airflow/.local/lib/python3.12/site-packages/airflow/example_dags/example_complex.py
[2026-08-04T19:08:05.244+0000] {processor.py:840} INFO - DAG(s) 'example_complex' retrieved from /home/airflow/.local/lib/python3.12/site-packages/airflow/example_dags/example_complex.py
[2026-08-04T19:08:05.572+0000] {logging_mixin.py:188} INFO - [2026-08-04T19:08:05.570+0000] {dag.py:3089} INFO - Sync 1 DAGs
[2026-08-04T19:08:05.627+0000] {logging_mixin.py:188} INFO - [2026-08-04T19:08:05.627+0000] {dag.py:3947} INFO - Setting next_dagrun for example_complex to None, run_after=None
[2026-08-04T19:08:05.753+0000] {processor.py:183} INFO - Processing /home/airflow/.local/lib/python3.12/site-packages/airflow/example_dags/example_complex.py took 0.970 seconds
[2026-08-04T19:08:43.726+0000] {processor.py:161} INFO - Started process (PID=1464) to work on /home/airflow/.local/lib/python3.12/site-packages/airflow/example_dags/example_complex.py
[2026-08-04T19:08:43.730+0000] {processor.py:830} INFO - Processing file /home/airflow/.local/lib/python3.12/site-packages/airflow/example_dags/example_complex.py for tasks to queue
[2026-08-04T19:08:43.746+0000] {logging_mixin.py:188} INFO - [2026-08-04T19:08:43.745+0000] {dagbag.py:545} INFO - Filling up the DagBag from /home/airflow/.local/lib/python3.12/site-packages/airflow/example_dags/example_complex.py
[2026-08-04T19:08:43.917+0000] {processor.py:840} INFO - DAG(s) 'example_complex' retrieved from /home/airflow/.local/lib/python3.12/site-packages/airflow/example_dags/example_complex.py
[2026-08-04T19:08:44.408+0000] {logging_mixin.py:188} INFO - [2026-08-04T19:08:44.407+0000] {dag.py:3089} INFO - Sync 1 DAGs
[2026-08-04T19:08:44.649+0000] {logging_mixin.py:188} INFO - [2026-08-04T19:08:44.648+0000] {dag.py:3947} INFO - Setting next_dagrun for example_complex to None, run_after=None
[2026-08-04T19:08:44.835+0000] {processor.py:183} INFO - Processing /home/airflow/.local/lib/python3.12/site-packages/airflow/example_dags/example_complex.py took 1.163 seconds
[2026-08-04T19:09:16.343+0000] {processor.py:161} INFO - Started process (PID=1536) to work on /home/airflow/.local/lib/python3.12/site-packages/airflow/example_dags/example_complex.py
[2026-08-04T19:09:16.358+0000] {processor.py:830} INFO - Processing file /home/airflow/.local/lib/python3.12/site-packages/airflow/example_dags/example_complex.py for tasks to queue
[2026-08-04T19:09:16.376+0000] {logging_mixin.py:188} INFO - [2026-08-04T19:09:16.375+0000] {dagbag.py:545} INFO - Filling up the DagBag from /home/airflow/.local/lib/python3.12/site-packages/airflow/example_dags/example_complex.py
[2026-08-04T19:09:16.467+0000] {processor.py:840} INFO - DAG(s) 'example_complex' retrieved from /home/airflow/.local/lib/python3.12/site-packages/airflow/example_dags/example_complex.py
[2026-08-04T19:09:16.916+0000] {logging_mixin.py:188} INFO - [2026-08-04T19:09:16.916+0000] {dag.py:3089} INFO - Sync 1 DAGs
[2026-08-04T19:09:17.210+0000] {logging_mixin.py:188} INFO - [2026-08-04T19:09:17.209+0000] {dag.py:3947} INFO - Setting next_dagrun for example_complex to None, run_after=None
[2026-08-04T19:09:17.269+0000] {processor.py:183} INFO - Processing /home/airflow/.local/lib/python3.12/site-packages/airflow/example_dags/example_complex.py took 0.978 seconds
[2026-08-04T19:09:49.334+0000] {processor.py:161} INFO - Started process (PID=1595) to work on /home/airflow/.local/lib/python3.12/site-packages/airflow/example_dags/example_complex.py
[2026-08-04T19:09:49.340+0000] {processor.py:830} INFO - Processing file /home/airflow/.local/lib/python3.12/site-packages/airflow/example_dags/example_complex.py for tasks to queue
[2026-08-04T19:09:49.359+0000] {logging_mixin.py:188} INFO - [2026-08-04T19:09:49.353+0000] {dagbag.py:545} INFO - Filling up the DagBag from /home/airflow/.local/lib/python3.12/site-packages/airflow/example_dags/example_complex.py
[2026-08-04T19:09:49.427+0000] {processor.py:840} INFO - DAG(s) 'example_complex' retrieved from /home/airflow/.local/lib/python3.12/site-packages/airflow/example_dags/example_complex.py
[2026-08-04T19:09:49.581+0000] {logging_mixin.py:188} INFO - [2026-08-04T19:09:49.581+0000] {dag.py:3089} INFO - Sync 1 DAGs
[2026-08-04T19:09:49.651+0000] {logging_mixin.py:188} INFO - [2026-08-04T19:09:49.650+0000] {dag.py:3947} INFO - Setting next_dagrun for example_complex to None, run_after=None
[2026-08-04T19:09:49.714+0000] {processor.py:183} INFO - Processing /home/airflow/.local/lib/python3.12/site-packages/airflow/example_dags/example_complex.py took 0.420 seconds
[2026-08-04T19:10:28.744+0000] {processor.py:161} INFO - Started process (PID=1673) to work on /home/airflow/.local/lib/python3.12/site-packages/airflow/example_dags/example_complex.py
[2026-08-04T19:10:28.748+0000] {processor.py:830} INFO - Processing file /home/airflow/.local/lib/python3.12/site-packages/airflow/example_dags/example_complex.py for tasks to queue
[2026-08-04T19:10:28.755+0000] {logging_mixin.py:188} INFO - [2026-08-04T19:10:28.754+0000] {dagbag.py:545} INFO - Filling up the DagBag from /home/airflow/.local/lib/python3.12/site-packages/airflow/example_dags/example_complex.py
[2026-08-04T19:10:28.778+0000] {processor.py:840} INFO - DAG(s) 'example_complex' retrieved from /home/airflow/.local/lib/python3.12/site-packages/airflow/example_dags/example_complex.py
[2026-08-04T19:10:28.859+0000] {logging_mixin.py:188} INFO - [2026-08-04T19:10:28.858+0000] {dag.py:3089} INFO - Sync 1 DAGs
[2026-08-04T19:10:28.886+0000] {logging_mixin.py:188} INFO - [2026-08-04T19:10:28.886+0000] {dag.py:3947} INFO - Setting next_dagrun for example_complex to None, run_after=None
[2026-08-04T19:10:28.936+0000] {processor.py:183} INFO - Processing /home/airflow/.local/lib/python3.12/site-packages/airflow/example_dags/example_complex.py took 0.215 seconds
[2026-08-04T19:11:04.170+0000] {processor.py:161} INFO - Started process (PID=1746) to work on /home/airflow/.local/lib/python3.12/site-packages/airflow/example_dags/example_complex.py
[2026-08-04T19:11:04.180+0000] {processor.py:830} INFO - Processing file /home/airflow/.local/lib/python3.12/site-packages/airflow/example_dags/example_complex.py for tasks to queue
[2026-08-04T19:11:04.266+0000] {logging_mixin.py:188} INFO - [2026-08-04T19:11:04.203+0000] {dagbag.py:545} INFO - Filling up the DagBag from /home/airflow/.local/lib/python3.12/site-packages/airflow/example_dags/example_complex.py
[2026-08-04T19:11:04.405+0000] {processor.py:840} INFO - DAG(s) 'example_complex' retrieved from /home/airflow/.local/lib/python3.12/site-packages/airflow/example_dags/example_complex.py
[2026-08-04T19:11:04.741+0000] {logging_mixin.py:188} INFO - [2026-08-04T19:11:04.740+0000] {dag.py:3089} INFO - Sync 1 DAGs
[2026-08-04T19:11:04.838+0000] {logging_mixin.py:188} INFO - [2026-08-04T19:11:04.837+0000] {dag.py:3947} INFO - Setting next_dagrun for example_complex to None, run_after=None
[2026-08-04T19:11:04.985+0000] {processor.py:183} INFO - Processing /home/airflow/.local/lib/python3.12/site-packages/airflow/example_dags/example_complex.py took 0.853 seconds
[2026-08-04T19:11:35.444+0000] {processor.py:161} INFO - Started process (PID=1816) to work on /home/airflow/.local/lib/python3.12/site-packages/airflow/example_dags/example_complex.py
[2026-08-04T19:11:35.456+0000] {processor.py:830} INFO - Processing file /home/airflow/.local/lib/python3.12/site-packages/airflow/example_dags/example_complex.py for tasks to queue
[2026-08-04T19:11:35.477+0000] {logging_mixin.py:188} INFO - [2026-08-04T19:11:35.476+0000] {dagbag.py:545} INFO - Filling up the DagBag from /home/airflow/.local/lib/python3.12/site-packages/airflow/example_dags/example_complex.py
[2026-08-04T19:11:35.584+0000] {processor.py:840} INFO - DAG(s) 'example_complex' retrieved from /home/airflow/.local/lib/python3.12/site-packages/airflow/example_dags/example_complex.py
[2026-08-04T19:11:35.844+0000] {logging_mixin.py:188} INFO - [2026-08-04T19:11:35.836+0000] {dag.py:3089} INFO - Sync 1 DAGs
[2026-08-04T19:11:35.907+0000] {logging_mixin.py:188} INFO - [2026-08-04T19:11:35.907+0000] {dag.py:3947} INFO - Setting next_dagrun for example_complex to None, run_after=None
[2026-08-04T19:11:36.016+0000] {processor.py:183} INFO - Processing /home/airflow/.local/lib/python3.12/site-packages/airflow/example_dags/example_complex.py took 0.630 seconds
[2026-08-04T19:12:06.963+0000] {processor.py:161} INFO - Started process (PID=1882) to work on /home/airflow/.local/lib/python3.12/site-packages/airflow/example_dags/example_complex.py
[2026-08-04T19:12:06.967+0000] {processor.py:830} INFO - Processing file /home/airflow/.local/lib/python3.12/site-packages/airflow/example_dags/example_complex.py for tasks to queue
[2026-08-04T19:12:06.976+0000] {logging_mixin.py:188} INFO - [2026-08-04T19:12:06.975+0000] {dagbag.py:545} INFO - Filling up the DagBag from /home/airflow/.local/lib/python3.12/site-packages/airflow/example_dags/example_complex.py
[2026-08-04T19:12:07.030+0000] {processor.py:840} INFO - DAG(s) 'example_complex' retrieved from /home/airflow/.local/lib/python3.12/site-packages/airflow/example_dags/example_complex.py
[2026-08-04T19:12:07.132+0000] {logging_mixin.py:188} INFO - [2026-08-04T19:12:07.132+0000] {dag.py:3089} INFO - Sync 1 DAGs
[2026-08-04T19:12:07.180+0000] {logging_mixin.py:188} INFO - [2026-08-04T19:12:07.180+0000] {dag.py:3947} INFO - Setting next_dagrun for example_complex to None, run_after=None
[2026-08-04T19:12:07.278+0000] {processor.py:183} INFO - Processing /home/airflow/.local/lib/python3.12/site-packages/airflow/example_dags/example_complex.py took 0.366 seconds
[2026-08-04T19:12:43.794+0000] {processor.py:161} INFO - Started process (PID=1957) to work on /home/airflow/.local/lib/python3.12/site-packages/airflow/example_dags/example_complex.py
[2026-08-04T19:12:43.869+0000] {processor.py:830} INFO - Processing file /home/airflow/.local/lib/python3.12/site-packages/airflow/example_dags/example_complex.py for tasks to queue
[2026-08-04T19:12:43.899+0000] {logging_mixin.py:188} INFO - [2026-08-04T19:12:43.898+0000] {dagbag.py:545} INFO - Filling up the DagBag from /home/airflow/.local/lib/python3.12/site-packages/airflow/example_dags/example_complex.py
[2026-08-04T19:12:44.081+0000] {processor.py:840} INFO - DAG(s) 'example_complex' retrieved from /home/airflow/.local/lib/python3.12/site-packages/airflow/example_dags/example_complex.py
[2026-08-04T19:12:44.387+0000] {logging_mixin.py:188} INFO - [2026-08-04T19:12:44.386+0000] {dag.py:3089} INFO - Sync 1 DAGs
[2026-08-04T19:12:44.769+0000] {logging_mixin.py:188} INFO - [2026-08-04T19:12:44.768+0000] {dag.py:3947} INFO - Setting next_dagrun for example_complex to None, run_after=None
[2026-08-04T19:12:45.001+0000] {processor.py:183} INFO - Processing /home/airflow/.local/lib/python3.12/site-packages/airflow/example_dags/example_complex.py took 1.254 seconds
[2026-08-04T19:13:15.509+0000] {processor.py:161} INFO - Started process (PID=2030) to work on /home/airflow/.local/lib/python3.12/site-packages/airflow/example_dags/example_complex.py
[2026-08-04T19:13:15.513+0000] {processor.py:830} INFO - Processing file /home/airflow/.local/lib/python3.12/site-packages/airflow/example_dags/example_complex.py for tasks to queue
[2026-08-04T19:13:15.525+0000] {logging_mixin.py:188} INFO - [2026-08-04T19:13:15.524+0000] {dagbag.py:545} INFO - Filling up the DagBag from /home/airflow/.local/lib/python3.12/site-packages/airflow/example_dags/example_complex.py
[2026-08-04T19:13:15.583+0000] {processor.py:840} INFO - DAG(s) 'example_complex' retrieved from /home/airflow/.local/lib/python3.12/site-packages/airflow/example_dags/example_complex.py
[2026-08-04T19:13:15.721+0000] {logging_mixin.py:188} INFO - [2026-08-04T19:13:15.719+0000] {dag.py:3089} INFO - Sync 1 DAGs
[2026-08-04T19:13:15.795+0000] {logging_mixin.py:188} INFO - [2026-08-04T19:13:15.794+0000] {dag.py:3947} INFO - Setting next_dagrun for example_complex to None, run_after=None
[2026-08-04T19:13:15.939+0000] {processor.py:183} INFO - Processing /home/airflow/.local/lib/python3.12/site-packages/airflow/example_dags/example_complex.py took 0.482 seconds
[2026-08-04T19:13:52.409+0000] {processor.py:161} INFO - Started process (PID=2093) to work on /home/airflow/.local/lib/python3.12/site-packages/airflow/example_dags/example_complex.py
[2026-08-04T19:13:52.412+0000] {processor.py:830} INFO - Processing file /home/airflow/.local/lib/python3.12/site-packages/airflow/example_dags/example_complex.py for tasks to queue
[2026-08-04T19:13:52.420+0000] {logging_mixin.py:188} INFO - [2026-08-04T19:13:52.419+0000] {dagbag.py:545} INFO - Filling up the DagBag from /home/airflow/.local/lib/python3.12/site-packages/airflow/example_dags/example_complex.py
[2026-08-04T19:13:52.451+0000] {processor.py:840} INFO - DAG(s) 'example_complex' retrieved from /home/airflow/.local/lib/python3.12/site-packages/airflow/example_dags/example_complex.py
[2026-08-04T19:13:52.540+0000] {logging_mixin.py:188} INFO - [2026-08-04T19:13:52.539+0000] {dag.py:3089} INFO - Sync 1 DAGs
[2026-08-04T19:13:52.578+0000] {logging_mixin.py:188} INFO - [2026-08-04T19:13:52.578+0000] {dag.py:3947} INFO - Setting next_dagrun for example_complex to None, run_after=None
[2026-08-04T19:13:52.630+0000] {processor.py:183} INFO - Processing /home/airflow/.local/lib/python3.12/site-packages/airflow/example_dags/example_complex.py took 0.243 seconds
[2026-08-04T19:14:29.710+0000] {processor.py:161} INFO - Started process (PID=2163) to work on /home/airflow/.local/lib/python3.12/site-packages/airflow/example_dags/example_complex.py
[2026-08-04T19:14:29.717+0000] {processor.py:830} INFO - Processing file /home/airflow/.local/lib/python3.12/site-packages/airflow/example_dags/example_complex.py for tasks to queue
[2026-08-04T19:14:29.733+0000] {logging_mixin.py:188} INFO - [2026-08-04T19:14:29.728+0000] {dagbag.py:545} INFO - Filling up the DagBag from /home/airflow/.local/lib/python3.12/site-packages/airflow/example_dags/example_complex.py
[2026-08-04T19:14:29.803+0000] {processor.py:840} INFO - DAG(s) 'example_complex' retrieved from /home/airflow/.local/lib/python3.12/site-packages/airflow/example_dags/example_complex.py
[2026-08-04T19:14:29.989+0000] {logging_mixin.py:188} INFO - [2026-08-04T19:14:29.987+0000] {dag.py:3089} INFO - Sync 1 DAGs
[2026-08-04T19:14:30.034+0000] {logging_mixin.py:188} INFO - [2026-08-04T19:14:30.034+0000] {dag.py:3947} INFO - Setting next_dagrun for example_complex to None, run_after=None
[2026-08-04T19:14:31.124+0000] {processor.py:183} INFO - Processing /home/airflow/.local/lib/python3.12/site-packages/airflow/example_dags/example_complex.py took 1.468 seconds
[2026-08-04T19:15:05.209+0000] {processor.py:161} INFO - Started process (PID=2236) to work on /home/airflow/.local/lib/python3.12/site-packages/airflow/example_dags/example_complex.py
[2026-08-04T19:15:05.228+0000] {processor.py:830} INFO - Processing file /home/airflow/.local/lib/python3.12/site-packages/airflow/example_dags/example_complex.py for tasks to queue
[2026-08-04T19:15:05.275+0000] {logging_mixin.py:188} INFO - [2026-08-04T19:15:05.274+0000] {dagbag.py:545} INFO - Filling up the DagBag from /home/airflow/.local/lib/python3.12/site-packages/airflow/example_dags/example_complex.py
[2026-08-04T19:15:05.476+0000] {processor.py:840} INFO - DAG(s) 'example_complex' retrieved from /home/airflow/.local/lib/python3.12/site-packages/airflow/example_dags/example_complex.py
[2026-08-04T19:15:05.778+0000] {logging_mixin.py:188} INFO - [2026-08-04T19:15:05.778+0000] {dag.py:3089} INFO - Sync 1 DAGs
[2026-08-04T19:15:05.935+0000] {logging_mixin.py:188} INFO - [2026-08-04T19:15:05.934+0000] {dag.py:3947} INFO - Setting next_dagrun for example_complex to None, run_after=None
[2026-08-04T19:15:06.273+0000] {processor.py:183} INFO - Processing /home/airflow/.local/lib/python3.12/site-packages/airflow/example_dags/example_complex.py took 1.189 seconds
[2026-08-04T19:15:45.936+0000] {processor.py:161} INFO - Started process (PID=2308) to work on /home/airflow/.local/lib/python3.12/site-packages/airflow/example_dags/example_complex.py
[2026-08-04T19:15:46.014+0000] {processor.py:830} INFO - Processing file /home/airflow/.local/lib/python3.12/site-packages/airflow/example_dags/example_complex.py for tasks to queue
[2026-08-04T19:15:46.071+0000] {logging_mixin.py:188} INFO - [2026-08-04T19:15:46.070+0000] {dagbag.py:545} INFO - Filling up the DagBag from /home/airflow/.local/lib/python3.12/site-packages/airflow/example_dags/example_complex.py
[2026-08-04T19:15:46.444+0000] {processor.py:840} INFO - DAG(s) 'example_complex' retrieved from /home/airflow/.local/lib/python3.12/site-packages/airflow/example_dags/example_complex.py
[2026-08-04T19:15:46.822+0000] {logging_mixin.py:188} INFO - [2026-08-04T19:15:46.821+0000] {dag.py:3089} INFO - Sync 1 DAGs
[2026-08-04T19:15:46.939+0000] {logging_mixin.py:188} INFO - [2026-08-04T19:15:46.938+0000] {dag.py:3947} INFO - Setting next_dagrun for example_complex to None, run_after=None
[2026-08-04T19:15:47.175+0000] {processor.py:183} INFO - Processing /home/airflow/.local/lib/python3.12/site-packages/airflow/example_dags/example_complex.py took 1.279 seconds
[2026-08-04T19:16:32.342+0000] {processor.py:161} INFO - Started process (PID=2383) to work on /home/airflow/.local/lib/python3.12/site-packages/airflow/example_dags/example_complex.py
[2026-08-04T19:16:32.346+0000] {processor.py:830} INFO - Processing file /home/airflow/.local/lib/python3.12/site-packages/airflow/example_dags/example_complex.py for tasks to queue
[2026-08-04T19:16:32.361+0000] {logging_mixin.py:188} INFO - [2026-08-04T19:16:32.360+0000] {dagbag.py:545} INFO - Filling up the DagBag from /home/airflow/.local/lib/python3.12/site-packages/airflow/example_dags/example_complex.py
[2026-08-04T19:16:32.979+0000] {processor.py:840} INFO - DAG(s) 'example_complex' retrieved from /home/airflow/.local/lib/python3.12/site-packages/airflow/example_dags/example_complex.py
[2026-08-04T19:16:33.076+0000] {logging_mixin.py:188} INFO - [2026-08-04T19:16:33.075+0000] {dag.py:3089} INFO - Sync 1 DAGs
[2026-08-04T19:16:33.111+0000] {logging_mixin.py:188} INFO - [2026-08-04T19:16:33.110+0000] {dag.py:3947} INFO - Setting next_dagrun for example_complex to None, run_after=None
[2026-08-04T19:16:33.195+0000] {processor.py:183} INFO - Processing /home/airflow/.local/lib/python3.12/site-packages/airflow/example_dags/example_complex.py took 0.879 seconds
[2026-08-04T19:17:05.534+0000] {processor.py:161} INFO - Started process (PID=2454) to work on /home/airflow/.local/lib/python3.12/site-packages/airflow/example_dags/example_complex.py
[2026-08-04T19:17:05.542+0000] {processor.py:830} INFO - Processing file /home/airflow/.local/lib/python3.12/site-packages/airflow/example_dags/example_complex.py for tasks to queue
[2026-08-04T19:17:05.551+0000] {logging_mixin.py:188} INFO - [2026-08-04T19:17:05.550+0000] {dagbag.py:545} INFO - Filling up the DagBag from /home/airflow/.local/lib/python3.12/site-packages/airflow/example_dags/example_complex.py
[2026-08-04T19:17:05.636+0000] {processor.py:840} INFO - DAG(s) 'example_complex' retrieved from /home/airflow/.local/lib/python3.12/site-packages/airflow/example_dags/example_complex.py
[2026-08-04T19:17:05.959+0000] {logging_mixin.py:188} INFO - [2026-08-04T19:17:05.958+0000] {dag.py:3089} INFO - Sync 1 DAGs
[2026-08-04T19:17:06.091+0000] {logging_mixin.py:188} INFO - [2026-08-04T19:17:06.089+0000] {dag.py:3947} INFO - Setting next_dagrun for example_complex to None, run_after=None
[2026-08-04T19:17:06.289+0000] {processor.py:183} INFO - Processing /home/airflow/.local/lib/python3.12/site-packages/airflow/example_dags/example_complex.py took 0.770 seconds
[2026-08-04T19:17:44.254+0000] {processor.py:161} INFO - Started process (PID=2526) to work on /home/airflow/.local/lib/python3.12/site-packages/airflow/example_dags/example_complex.py
[2026-08-04T19:17:44.272+0000] {processor.py:830} INFO - Processing file /home/airflow/.local/lib/python3.12/site-packages/airflow/example_dags/example_complex.py for tasks to queue
[2026-08-04T19:17:44.284+0000] {logging_mixin.py:188} INFO - [2026-08-04T19:17:44.283+0000] {dagbag.py:545} INFO - Filling up the DagBag from /home/airflow/.local/lib/python3.12/site-packages/airflow/example_dags/example_complex.py
[2026-08-04T19:17:44.397+0000] {processor.py:840} INFO - DAG(s) 'example_complex' retrieved from /home/airflow/.local/lib/python3.12/site-packages/airflow/example_dags/example_complex.py
[2026-08-04T19:17:44.623+0000] {logging_mixin.py:188} INFO - [2026-08-04T19:17:44.620+0000] {dag.py:3089} INFO - Sync 1 DAGs
[2026-08-04T19:17:44.798+0000] {logging_mixin.py:188} INFO - [2026-08-04T19:17:44.777+0000] {dag.py:3947} INFO - Setting next_dagrun for example_complex to None, run_after=None
[2026-08-04T19:17:44.875+0000] {processor.py:183} INFO - Processing /home/airflow/.local/lib/python3.12/site-packages/airflow/example_dags/example_complex.py took 0.685 seconds
[2026-08-04T19:18:16.160+0000] {processor.py:161} INFO - Started process (PID=2592) to work on /home/airflow/.local/lib/python3.12/site-packages/airflow/example_dags/example_complex.py
[2026-08-04T19:18:16.166+0000] {processor.py:830} INFO - Processing file /home/airflow/.local/lib/python3.12/site-packages/airflow/example_dags/example_complex.py for tasks to queue
[2026-08-04T19:18:16.184+0000] {logging_mixin.py:188} INFO - [2026-08-04T19:18:16.182+0000] {dagbag.py:545} INFO - Filling up the DagBag from /home/airflow/.local/lib/python3.12/site-packages/airflow/example_dags/example_complex.py
[2026-08-04T19:18:16.217+0000] {processor.py:840} INFO - DAG(s) 'example_complex' retrieved from /home/airflow/.local/lib/python3.12/site-packages/airflow/example_dags/example_complex.py
[2026-08-04T19:18:16.325+0000] {logging_mixin.py:188} INFO - [2026-08-04T19:18:16.325+0000] {dag.py:3089} INFO - Sync 1 DAGs
[2026-08-04T19:18:16.392+0000] {logging_mixin.py:188} INFO - [2026-08-04T19:18:16.391+0000] {dag.py:3947} INFO - Setting next_dagrun for example_complex to None, run_after=None
[2026-08-04T19:18:16.456+0000] {processor.py:183} INFO - Processing /home/airflow/.local/lib/python3.12/site-packages/airflow/example_dags/example_complex.py took 0.319 seconds
[2026-08-04T19:18:48.803+0000] {processor.py:161} INFO - Started process (PID=2658) to work on /home/airflow/.local/lib/python3.12/site-packages/airflow/example_dags/example_complex.py
[2026-08-04T19:18:48.807+0000] {processor.py:830} INFO - Processing file /home/airflow/.local/lib/python3.12/site-packages/airflow/example_dags/example_complex.py for tasks to queue
[2026-08-04T19:18:48.814+0000] {logging_mixin.py:188} INFO - [2026-08-04T19:18:48.813+0000] {dagbag.py:545} INFO - Filling up the DagBag from /home/airflow/.local/lib/python3.12/site-packages/airflow/example_dags/example_complex.py
[2026-08-04T19:18:48.895+0000] {processor.py:840} INFO - DAG(s) 'example_complex' retrieved from /home/airflow/.local/lib/python3.12/site-packages/airflow/example_dags/example_complex.py
[2026-08-04T19:18:49.162+0000] {logging_mixin.py:188} INFO - [2026-08-04T19:18:49.161+0000] {dag.py:3089} INFO - Sync 1 DAGs
[2026-08-04T19:18:49.201+0000] {logging_mixin.py:188} INFO - [2026-08-04T19:18:49.200+0000] {dag.py:3947} INFO - Setting next_dagrun for example_complex to None, run_after=None
[2026-08-04T19:18:49.274+0000] {processor.py:183} INFO - Processing /home/airflow/.local/lib/python3.12/site-packages/airflow/example_dags/example_complex.py took 0.492 seconds
[2026-08-04T19:19:20.171+0000] {processor.py:161} INFO - Started process (PID=2731) to work on /home/airflow/.local/lib/python3.12/site-packages/airflow/example_dags/example_complex.py
[2026-08-04T19:19:20.192+0000] {processor.py:830} INFO - Processing file /home/airflow/.local/lib/python3.12/site-packages/airflow/example_dags/example_complex.py for tasks to queue
[2026-08-04T19:19:20.215+0000] {logging_mixin.py:188} INFO - [2026-08-04T19:19:20.214+0000] {dagbag.py:545} INFO - Filling up the DagBag from /home/airflow/.local/lib/python3.12/site-packages/airflow/example_dags/example_complex.py
[2026-08-04T19:19:20.342+0000] {processor.py:840} INFO - DAG(s) 'example_complex' retrieved from /home/airflow/.local/lib/python3.12/site-packages/airflow/example_dags/example_complex.py
[2026-08-04T19:19:20.602+0000] {logging_mixin.py:188} INFO - [2026-08-04T19:19:20.600+0000] {dag.py:3089} INFO - Sync 1 DAGs
[2026-08-04T19:19:20.753+0000] {logging_mixin.py:188} INFO - [2026-08-04T19:19:20.753+0000] {dag.py:3947} INFO - Setting next_dagrun for example_complex to None, run_after=None
[2026-08-04T19:19:20.998+0000] {processor.py:183} INFO - Processing /home/airflow/.local/lib/python3.12/site-packages/airflow/example_dags/example_complex.py took 0.904 seconds
[2026-08-04T19:19:53.640+0000] {processor.py:161} INFO - Started process (PID=2797) to work on /home/airflow/.local/lib/python3.12/site-packages/airflow/example_dags/example_complex.py
[2026-08-04T19:19:53.651+0000] {processor.py:830} INFO - Processing file /home/airflow/.local/lib/python3.12/site-packages/airflow/example_dags/example_complex.py for tasks to queue
[2026-08-04T19:19:53.659+0000] {logging_mixin.py:188} INFO - [2026-08-04T19:19:53.658+0000] {dagbag.py:545} INFO - Filling up the DagBag from /home/airflow/.local/lib/python3.12/site-packages/airflow/example_dags/example_complex.py
[2026-08-04T19:19:53.685+0000] {processor.py:840} INFO - DAG(s) 'example_complex' retrieved from /home/airflow/.local/lib/python3.12/site-packages/airflow/example_dags/example_complex.py
[2026-08-04T19:19:53.948+0000] {logging_mixin.py:188} INFO - [2026-08-04T19:19:53.947+0000] {dag.py:3089} INFO - Sync 1 DAGs
[2026-08-04T19:19:53.994+0000] {logging_mixin.py:188} INFO - [2026-08-04T19:19:53.993+0000] {dag.py:3947} INFO - Setting next_dagrun for example_complex to None, run_after=None
[2026-08-04T19:19:54.139+0000] {processor.py:183} INFO - Processing /home/airflow/.local/lib/python3.12/site-packages/airflow/example_dags/example_complex.py took 0.519 seconds
[2026-08-04T19:20:26.502+0000] {processor.py:161} INFO - Started process (PID=2870) to work on /home/airflow/.local/lib/python3.12/site-packages/airflow/example_dags/example_complex.py
[2026-08-04T19:20:26.506+0000] {processor.py:830} INFO - Processing file /home/airflow/.local/lib/python3.12/site-packages/airflow/example_dags/example_complex.py for tasks to queue
[2026-08-04T19:20:26.513+0000] {logging_mixin.py:188} INFO - [2026-08-04T19:20:26.512+0000] {dagbag.py:545} INFO - Filling up the DagBag from /home/airflow/.local/lib/python3.12/site-packages/airflow/example_dags/example_complex.py
[2026-08-04T19:20:26.558+0000] {processor.py:840} INFO - DAG(s) 'example_complex' retrieved from /home/airflow/.local/lib/python3.12/site-packages/airflow/example_dags/example_complex.py
[2026-08-04T19:20:26.652+0000] {logging_mixin.py:188} INFO - [2026-08-04T19:20:26.652+0000] {dag.py:3089} INFO - Sync 1 DAGs
[2026-08-04T19:20:26.693+0000] {logging_mixin.py:188} INFO - [2026-08-04T19:20:26.692+0000] {dag.py:3947} INFO - Setting next_dagrun for example_complex to None, run_after=None
[2026-08-04T19:20:26.873+0000] {processor.py:183} INFO - Processing /home/airflow/.local/lib/python3.12/site-packages/airflow/example_dags/example_complex.py took 0.404 seconds
[2026-08-04T19:20:57.801+0000] {processor.py:161} INFO - Started process (PID=2936) to work on /home/airflow/.local/lib/python3.12/site-packages/airflow/example_dags/example_complex.py
[2026-08-04T19:20:57.812+0000] {processor.py:830} INFO - Processing file /home/airflow/.local/lib/python3.12/site-packages/airflow/example_dags/example_complex.py for tasks to queue
[2026-08-04T19:20:57.821+0000] {logging_mixin.py:188} INFO - [2026-08-04T19:20:57.821+0000] {dagbag.py:545} INFO - Filling up the DagBag from /home/airflow/.local/lib/python3.12/site-packages/airflow/example_dags/example_complex.py
[2026-08-04T19:20:57.888+0000] {processor.py:840} INFO - DAG(s) 'example_complex' retrieved from /home/airflow/.local/lib/python3.12/site-packages/airflow/example_dags/example_complex.py
[2026-08-04T19:20:58.130+0000] {logging_mixin.py:188} INFO - [2026-08-04T19:20:58.129+0000] {dag.py:3089} INFO - Sync 1 DAGs
[2026-08-04T19:20:58.202+0000] {logging_mixin.py:188} INFO - [2026-08-04T19:20:58.202+0000] {dag.py:3947} INFO - Setting next_dagrun for example_complex to None, run_after=None
[2026-08-04T19:20:58.342+0000] {processor.py:183} INFO - Processing /home/airflow/.local/lib/python3.12/site-packages/airflow/example_dags/example_complex.py took 0.582 seconds
[2026-08-04T19:21:30.711+0000] {processor.py:161} INFO - Started process (PID=3008) to work on /home/airflow/.local/lib/python3.12/site-packages/airflow/example_dags/example_complex.py
[2026-08-04T19:21:30.715+0000] {processor.py:830} INFO - Processing file /home/airflow/.local/lib/python3.12/site-packages/airflow/example_dags/example_complex.py for tasks to queue
[2026-08-04T19:21:30.728+0000] {logging_mixin.py:188} INFO - [2026-08-04T19:21:30.727+0000] {dagbag.py:545} INFO - Filling up the DagBag from /home/airflow/.local/lib/python3.12/site-packages/airflow/example_dags/example_complex.py
[2026-08-04T19:21:30.783+0000] {processor.py:840} INFO - DAG(s) 'example_complex' retrieved from /home/airflow/.local/lib/python3.12/site-packages/airflow/example_dags/example_complex.py
[2026-08-04T19:21:31.024+0000] {logging_mixin.py:188} INFO - [2026-08-04T19:21:31.023+0000] {dag.py:3089} INFO - Sync 1 DAGs
[2026-08-04T19:21:31.087+0000] {logging_mixin.py:188} INFO - [2026-08-04T19:21:31.087+0000] {dag.py:3947} INFO - Setting next_dagrun for example_complex to None, run_after=None
[2026-08-04T19:21:31.198+0000] {processor.py:183} INFO - Processing /home/airflow/.local/lib/python3.12/site-packages/airflow/example_dags/example_complex.py took 0.545 seconds
[2026-08-04T19:22:02.004+0000] {processor.py:161} INFO - Started process (PID=3076) to work on /home/airflow/.local/lib/python3.12/site-packages/airflow/example_dags/example_complex.py
[2026-08-04T19:22:02.007+0000] {processor.py:830} INFO - Processing file /home/airflow/.local/lib/python3.12/site-packages/airflow/example_dags/example_complex.py for tasks to queue
[2026-08-04T19:22:02.014+0000] {logging_mixin.py:188} INFO - [2026-08-04T19:22:02.013+0000] {dagbag.py:545} INFO - Filling up the DagBag from /home/airflow/.local/lib/python3.12/site-packages/airflow/example_dags/example_complex.py
[2026-08-04T19:22:02.043+0000] {processor.py:840} INFO - DAG(s) 'example_complex' retrieved from /home/airflow/.local/lib/python3.12/site-packages/airflow/example_dags/example_complex.py
[2026-08-04T19:22:02.143+0000] {logging_mixin.py:188} INFO - [2026-08-04T19:22:02.142+0000] {dag.py:3089} INFO - Sync 1 DAGs
[2026-08-04T19:22:02.193+0000] {logging_mixin.py:188} INFO - [2026-08-04T19:22:02.192+0000] {dag.py:3947} INFO - Setting next_dagrun for example_complex to None, run_after=None
[2026-08-04T19:22:02.273+0000] {processor.py:183} INFO - Processing /home/airflow/.local/lib/python3.12/site-packages/airflow/example_dags/example_complex.py took 0.286 seconds
[2026-08-04T19:22:35.805+0000] {processor.py:161} INFO - Started process (PID=3140) to work on /home/airflow/.local/lib/python3.12/site-packages/airflow/example_dags/example_complex.py
[2026-08-04T19:22:35.826+0000] {processor.py:830} INFO - Processing file /home/airflow/.local/lib/python3.12/site-packages/airflow/example_dags/example_complex.py for tasks to queue
[2026-08-04T19:22:35.848+0000] {logging_mixin.py:188} INFO - [2026-08-04T19:22:35.847+0000] {dagbag.py:545} INFO - Filling up the DagBag from /home/airflow/.local/lib/python3.12/site-packages/airflow/example_dags/example_complex.py
[2026-08-04T19:22:35.953+0000] {processor.py:840} INFO - DAG(s) 'example_complex' retrieved from /home/airflow/.local/lib/python3.12/site-packages/airflow/example_dags/example_complex.py
[2026-08-04T19:22:36.219+0000] {logging_mixin.py:188} INFO - [2026-08-04T19:22:36.218+0000] {dag.py:3089} INFO - Sync 1 DAGs
[2026-08-04T19:22:36.260+0000] {logging_mixin.py:188} INFO - [2026-08-04T19:22:36.260+0000] {dag.py:3947} INFO - Setting next_dagrun for example_complex to None, run_after=None
[2026-08-04T19:22:36.359+0000] {processor.py:183} INFO - Processing /home/airflow/.local/lib/python3.12/site-packages/airflow/example_dags/example_complex.py took 0.624 seconds
[2026-08-04T19:23:11.261+0000] {processor.py:161} INFO - Started process (PID=3214) to work on /home/airflow/.local/lib/python3.12/site-packages/airflow/example_dags/example_complex.py
[2026-08-04T19:23:11.272+0000] {processor.py:830} INFO - Processing file /home/airflow/.local/lib/python3.12/site-packages/airflow/example_dags/example_complex.py for tasks to queue
[2026-08-04T19:23:11.297+0000] {logging_mixin.py:188} INFO - [2026-08-04T19:23:11.296+0000] {dagbag.py:545} INFO - Filling up the DagBag from /home/airflow/.local/lib/python3.12/site-packages/airflow/example_dags/example_complex.py
[2026-08-04T19:23:11.442+0000] {processor.py:840} INFO - DAG(s) 'example_complex' retrieved from /home/airflow/.local/lib/python3.12/site-packages/airflow/example_dags/example_complex.py
[2026-08-04T19:23:11.724+0000] {logging_mixin.py:188} INFO - [2026-08-04T19:23:11.722+0000] {dag.py:3089} INFO - Sync 1 DAGs
[2026-08-04T19:23:11.893+0000] {logging_mixin.py:188} INFO - [2026-08-04T19:23:11.893+0000] {dag.py:3947} INFO - Setting next_dagrun for example_complex to None, run_after=None
[2026-08-04T19:23:12.022+0000] {processor.py:183} INFO - Processing /home/airflow/.local/lib/python3.12/site-packages/airflow/example_dags/example_complex.py took 0.827 seconds
[2026-08-04T19:23:42.931+0000] {processor.py:161} INFO - Started process (PID=3288) to work on /home/airflow/.local/lib/python3.12/site-packages/airflow/example_dags/example_complex.py
[2026-08-04T19:23:42.951+0000] {processor.py:830} INFO - Processing file /home/airflow/.local/lib/python3.12/site-packages/airflow/example_dags/example_complex.py for tasks to queue
[2026-08-04T19:23:42.999+0000] {logging_mixin.py:188} INFO - [2026-08-04T19:23:42.997+0000] {dagbag.py:545} INFO - Filling up the DagBag from /home/airflow/.local/lib/python3.12/site-packages/airflow/example_dags/example_complex.py
[2026-08-04T19:23:43.089+0000] {processor.py:840} INFO - DAG(s) 'example_complex' retrieved from /home/airflow/.local/lib/python3.12/site-packages/airflow/example_dags/example_complex.py
[2026-08-04T19:23:43.282+0000] {logging_mixin.py:188} INFO - [2026-08-04T19:23:43.282+0000] {dag.py:3089} INFO - Sync 1 DAGs
[2026-08-04T19:23:43.328+0000] {logging_mixin.py:188} INFO - [2026-08-04T19:23:43.328+0000] {dag.py:3947} INFO - Setting next_dagrun for example_complex to None, run_after=None
[2026-08-04T19:23:43.406+0000] {processor.py:183} INFO - Processing /home/airflow/.local/lib/python3.12/site-packages/airflow/example_dags/example_complex.py took 0.516 seconds
[2026-08-04T19:24:14.761+0000] {processor.py:161} INFO - Started process (PID=3353) to work on /home/airflow/.local/lib/python3.12/site-packages/airflow/example_dags/example_complex.py
[2026-08-04T19:24:14.766+0000] {processor.py:830} INFO - Processing file /home/airflow/.local/lib/python3.12/site-packages/airflow/example_dags/example_complex.py for tasks to queue
[2026-08-04T19:24:14.807+0000] {logging_mixin.py:188} INFO - [2026-08-04T19:24:14.778+0000] {dagbag.py:545} INFO - Filling up the DagBag from /home/airflow/.local/lib/python3.12/site-packages/airflow/example_dags/example_complex.py
[2026-08-04T19:24:15.047+0000] {processor.py:840} INFO - DAG(s) 'example_complex' retrieved from /home/airflow/.local/lib/python3.12/site-packages/airflow/example_dags/example_complex.py
[2026-08-04T19:24:15.164+0000] {logging_mixin.py:188} INFO - [2026-08-04T19:24:15.164+0000] {dag.py:3089} INFO - Sync 1 DAGs
[2026-08-04T19:24:15.215+0000] {logging_mixin.py:188} INFO - [2026-08-04T19:24:15.213+0000] {dag.py:3947} INFO - Setting next_dagrun for example_complex to None, run_after=None
[2026-08-04T19:24:15.292+0000] {processor.py:183} INFO - Processing /home/airflow/.local/lib/python3.12/site-packages/airflow/example_dags/example_complex.py took 0.567 seconds
[2026-08-04T19:24:45.602+0000] {processor.py:161} INFO - Started process (PID=3425) to work on /home/airflow/.local/lib/python3.12/site-packages/airflow/example_dags/example_complex.py
[2026-08-04T19:24:45.610+0000] {processor.py:830} INFO - Processing file /home/airflow/.local/lib/python3.12/site-packages/airflow/example_dags/example_complex.py for tasks to queue
[2026-08-04T19:24:45.622+0000] {logging_mixin.py:188} INFO - [2026-08-04T19:24:45.621+0000] {dagbag.py:545} INFO - Filling up the DagBag from /home/airflow/.local/lib/python3.12/site-packages/airflow/example_dags/example_complex.py
[2026-08-04T19:24:45.690+0000] {processor.py:840} INFO - DAG(s) 'example_complex' retrieved from /home/airflow/.local/lib/python3.12/site-packages/airflow/example_dags/example_complex.py
[2026-08-04T19:24:45.853+0000] {logging_mixin.py:188} INFO - [2026-08-04T19:24:45.852+0000] {dag.py:3089} INFO - Sync 1 DAGs
[2026-08-04T19:24:45.902+0000] {logging_mixin.py:188} INFO - [2026-08-04T19:24:45.902+0000] {dag.py:3947} INFO - Setting next_dagrun for example_complex to None, run_after=None
[2026-08-04T19:24:45.982+0000] {processor.py:183} INFO - Processing /home/airflow/.local/lib/python3.12/site-packages/airflow/example_dags/example_complex.py took 0.405 seconds
[2026-08-04T19:25:20.913+0000] {processor.py:161} INFO - Started process (PID=3491) to work on /home/airflow/.local/lib/python3.12/site-packages/airflow/example_dags/example_complex.py
[2026-08-04T19:25:20.932+0000] {processor.py:830} INFO - Processing file /home/airflow/.local/lib/python3.12/site-packages/airflow/example_dags/example_complex.py for tasks to queue
[2026-08-04T19:25:20.948+0000] {logging_mixin.py:188} INFO - [2026-08-04T19:25:20.947+0000] {dagbag.py:545} INFO - Filling up the DagBag from /home/airflow/.local/lib/python3.12/site-packages/airflow/example_dags/example_complex.py
[2026-08-04T19:25:21.028+0000] {processor.py:840} INFO - DAG(s) 'example_complex' retrieved from /home/airflow/.local/lib/python3.12/site-packages/airflow/example_dags/example_complex.py
[2026-08-04T19:25:21.366+0000] {logging_mixin.py:188} INFO - [2026-08-04T19:25:21.363+0000] {dag.py:3089} INFO - Sync 1 DAGs
[2026-08-04T19:25:21.412+0000] {logging_mixin.py:188} INFO - [2026-08-04T19:25:21.411+0000] {dag.py:3947} INFO - Setting next_dagrun for example_complex to None, run_after=None
[2026-08-04T19:25:21.488+0000] {processor.py:183} INFO - Processing /home/airflow/.local/lib/python3.12/site-packages/airflow/example_dags/example_complex.py took 0.641 seconds
[2026-08-04T19:25:54.692+0000] {processor.py:161} INFO - Started process (PID=3565) to work on /home/airflow/.local/lib/python3.12/site-packages/airflow/example_dags/example_complex.py
[2026-08-04T19:25:54.700+0000] {processor.py:830} INFO - Processing file /home/airflow/.local/lib/python3.12/site-packages/airflow/example_dags/example_complex.py for tasks to queue
[2026-08-04T19:25:54.709+0000] {logging_mixin.py:188} INFO - [2026-08-04T19:25:54.708+0000] {dagbag.py:545} INFO - Filling up the DagBag from /home/airflow/.local/lib/python3.12/site-packages/airflow/example_dags/example_complex.py
[2026-08-04T19:25:54.811+0000] {processor.py:840} INFO - DAG(s) 'example_complex' retrieved from /home/airflow/.local/lib/python3.12/site-packages/airflow/example_dags/example_complex.py
[2026-08-04T19:25:54.930+0000] {logging_mixin.py:188} INFO - [2026-08-04T19:25:54.927+0000] {dag.py:3089} INFO - Sync 1 DAGs
[2026-08-04T19:25:55.075+0000] {logging_mixin.py:188} INFO - [2026-08-04T19:25:55.075+0000] {dag.py:3947} INFO - Setting next_dagrun for example_complex to None, run_after=None
[2026-08-04T19:25:55.204+0000] {processor.py:183} INFO - Processing /home/airflow/.local/lib/python3.12/site-packages/airflow/example_dags/example_complex.py took 0.530 seconds
[2026-08-04T19:26:28.823+0000] {processor.py:161} INFO - Started process (PID=3639) to work on /home/airflow/.local/lib/python3.12/site-packages/airflow/example_dags/example_complex.py
[2026-08-04T19:26:28.849+0000] {processor.py:830} INFO - Processing file /home/airflow/.local/lib/python3.12/site-packages/airflow/example_dags/example_complex.py for tasks to queue
[2026-08-04T19:26:28.878+0000] {logging_mixin.py:188} INFO - [2026-08-04T19:26:28.877+0000] {dagbag.py:545} INFO - Filling up the DagBag from /home/airflow/.local/lib/python3.12/site-packages/airflow/example_dags/example_complex.py
[2026-08-04T19:26:29.004+0000] {processor.py:840} INFO - DAG(s) 'example_complex' retrieved from /home/airflow/.local/lib/python3.12/site-packages/airflow/example_dags/example_complex.py
[2026-08-04T19:26:29.255+0000] {logging_mixin.py:188} INFO - [2026-08-04T19:26:29.254+0000] {dag.py:3089} INFO - Sync 1 DAGs
[2026-08-04T19:26:29.335+0000] {logging_mixin.py:188} INFO - [2026-08-04T19:26:29.334+0000] {dag.py:3947} INFO - Setting next_dagrun for example_complex to None, run_after=None
[2026-08-04T19:26:29.468+0000] {processor.py:183} INFO - Processing /home/airflow/.local/lib/python3.12/site-packages/airflow/example_dags/example_complex.py took 0.738 seconds
[2026-08-04T19:27:05.173+0000] {processor.py:161} INFO - Started process (PID=3712) to work on /home/airflow/.local/lib/python3.12/site-packages/airflow/example_dags/example_complex.py
[2026-08-04T19:27:05.177+0000] {processor.py:830} INFO - Processing file /home/airflow/.local/lib/python3.12/site-packages/airflow/example_dags/example_complex.py for tasks to queue
[2026-08-04T19:27:05.186+0000] {logging_mixin.py:188} INFO - [2026-08-04T19:27:05.185+0000] {dagbag.py:545} INFO - Filling up the DagBag from /home/airflow/.local/lib/python3.12/site-packages/airflow/example_dags/example_complex.py
[2026-08-04T19:27:05.222+0000] {processor.py:840} INFO - DAG(s) 'example_complex' retrieved from /home/airflow/.local/lib/python3.12/site-packages/airflow/example_dags/example_complex.py
[2026-08-04T19:27:05.357+0000] {logging_mixin.py:188} INFO - [2026-08-04T19:27:05.356+0000] {dag.py:3089} INFO - Sync 1 DAGs
[2026-08-04T19:27:05.421+0000] {logging_mixin.py:188} INFO - [2026-08-04T19:27:05.421+0000] {dag.py:3947} INFO - Setting next_dagrun for example_complex to None, run_after=None
[2026-08-04T19:27:05.514+0000] {processor.py:183} INFO - Processing /home/airflow/.local/lib/python3.12/site-packages/airflow/example_dags/example_complex.py took 0.370 seconds
[2026-08-04T19:27:40.107+0000] {processor.py:161} INFO - Started process (PID=3777) to work on /home/airflow/.local/lib/python3.12/site-packages/airflow/example_dags/example_complex.py
[2026-08-04T19:27:40.122+0000] {processor.py:830} INFO - Processing file /home/airflow/.local/lib/python3.12/site-packages/airflow/example_dags/example_complex.py for tasks to queue
[2026-08-04T19:27:40.190+0000] {logging_mixin.py:188} INFO - [2026-08-04T19:27:40.189+0000] {dagbag.py:545} INFO - Filling up the DagBag from /home/airflow/.local/lib/python3.12/site-packages/airflow/example_dags/example_complex.py
[2026-08-04T19:27:40.472+0000] {processor.py:840} INFO - DAG(s) 'example_complex' retrieved from /home/airflow/.local/lib/python3.12/site-packages/airflow/example_dags/example_complex.py
[2026-08-04T19:27:40.672+0000] {logging_mixin.py:188} INFO - [2026-08-04T19:27:40.671+0000] {dag.py:3089} INFO - Sync 1 DAGs
[2026-08-04T19:27:40.848+0000] {logging_mixin.py:188} INFO - [2026-08-04T19:27:40.847+0000] {dag.py:3947} INFO - Setting next_dagrun for example_complex to None, run_after=None
[2026-08-04T19:27:40.969+0000] {processor.py:183} INFO - Processing /home/airflow/.local/lib/python3.12/site-packages/airflow/example_dags/example_complex.py took 1.027 seconds
[2026-08-04T19:28:11.661+0000] {processor.py:161} INFO - Started process (PID=3849) to work on /home/airflow/.local/lib/python3.12/site-packages/airflow/example_dags/example_complex.py
[2026-08-04T19:28:11.665+0000] {processor.py:830} INFO - Processing file /home/airflow/.local/lib/python3.12/site-packages/airflow/example_dags/example_complex.py for tasks to queue
[2026-08-04T19:28:11.676+0000] {logging_mixin.py:188} INFO - [2026-08-04T19:28:11.671+0000] {dagbag.py:545} INFO - Filling up the DagBag from /home/airflow/.local/lib/python3.12/site-packages/airflow/example_dags/example_complex.py
[2026-08-04T19:28:11.703+0000] {processor.py:840} INFO - DAG(s) 'example_complex' retrieved from /home/airflow/.local/lib/python3.12/site-packages/airflow/example_dags/example_complex.py
[2026-08-04T19:28:12.134+0000] {logging_mixin.py:188} INFO - [2026-08-04T19:28:12.132+0000] {dag.py:3089} INFO - Sync 1 DAGs
[2026-08-04T19:28:12.270+0000] {logging_mixin.py:188} INFO - [2026-08-04T19:28:12.269+0000] {dag.py:3947} INFO - Setting next_dagrun for example_complex to None, run_after=None
[2026-08-04T19:28:12.353+0000] {processor.py:183} INFO - Processing /home/airflow/.local/lib/python3.12/site-packages/airflow/example_dags/example_complex.py took 0.729 seconds
[2026-08-04T19:28:43.682+0000] {processor.py:161} INFO - Started process (PID=3915) to work on /home/airflow/.local/lib/python3.12/site-packages/airflow/example_dags/example_complex.py
[2026-08-04T19:28:43.687+0000] {processor.py:830} INFO - Processing file /home/airflow/.local/lib/python3.12/site-packages/airflow/example_dags/example_complex.py for tasks to queue
[2026-08-04T19:28:43.698+0000] {logging_mixin.py:188} INFO - [2026-08-04T19:28:43.696+0000] {dagbag.py:545} INFO - Filling up the DagBag from /home/airflow/.local/lib/python3.12/site-packages/airflow/example_dags/example_complex.py
[2026-08-04T19:28:43.763+0000] {processor.py:840} INFO - DAG(s) 'example_complex' retrieved from /home/airflow/.local/lib/python3.12/site-packages/airflow/example_dags/example_complex.py
[2026-08-04T19:28:43.901+0000] {logging_mixin.py:188} INFO - [2026-08-04T19:28:43.900+0000] {dag.py:3089} INFO - Sync 1 DAGs
[2026-08-04T19:28:43.981+0000] {logging_mixin.py:188} INFO - [2026-08-04T19:28:43.980+0000] {dag.py:3947} INFO - Setting next_dagrun for example_complex to None, run_after=None
[2026-08-04T19:28:44.070+0000] {processor.py:183} INFO - Processing /home/airflow/.local/lib/python3.12/site-packages/airflow/example_dags/example_complex.py took 0.438 seconds
[2026-08-04T19:29:17.889+0000] {processor.py:161} INFO - Started process (PID=3985) to work on /home/airflow/.local/lib/python3.12/site-packages/airflow/example_dags/example_complex.py
[2026-08-04T19:29:17.895+0000] {processor.py:830} INFO - Processing file /home/airflow/.local/lib/python3.12/site-packages/airflow/example_dags/example_complex.py for tasks to queue
[2026-08-04T19:29:17.906+0000] {logging_mixin.py:188} INFO - [2026-08-04T19:29:17.905+0000] {dagbag.py:545} INFO - Filling up the DagBag from /home/airflow/.local/lib/python3.12/site-packages/airflow/example_dags/example_complex.py
[2026-08-04T19:29:17.935+0000] {processor.py:840} INFO - DAG(s) 'example_complex' retrieved from /home/airflow/.local/lib/python3.12/site-packages/airflow/example_dags/example_complex.py
[2026-08-04T19:29:18.105+0000] {logging_mixin.py:188} INFO - [2026-08-04T19:29:18.104+0000] {dag.py:3089} INFO - Sync 1 DAGs
[2026-08-04T19:29:18.247+0000] {logging_mixin.py:188} INFO - [2026-08-04T19:29:18.247+0000] {dag.py:3947} INFO - Setting next_dagrun for example_complex to None, run_after=None
[2026-08-04T19:29:18.438+0000] {processor.py:183} INFO - Processing /home/airflow/.local/lib/python3.12/site-packages/airflow/example_dags/example_complex.py took 0.591 seconds
[2026-08-04T19:29:52.094+0000] {processor.py:161} INFO - Started process (PID=4056) to work on /home/airflow/.local/lib/python3.12/site-packages/airflow/example_dags/example_complex.py
[2026-08-04T19:29:52.110+0000] {processor.py:830} INFO - Processing file /home/airflow/.local/lib/python3.12/site-packages/airflow/example_dags/example_complex.py for tasks to queue
[2026-08-04T19:29:52.123+0000] {logging_mixin.py:188} INFO - [2026-08-04T19:29:52.123+0000] {dagbag.py:545} INFO - Filling up the DagBag from /home/airflow/.local/lib/python3.12/site-packages/airflow/example_dags/example_complex.py
[2026-08-04T19:29:52.277+0000] {processor.py:840} INFO - DAG(s) 'example_complex' retrieved from /home/airflow/.local/lib/python3.12/site-packages/airflow/example_dags/example_complex.py
[2026-08-04T19:29:52.404+0000] {logging_mixin.py:188} INFO - [2026-08-04T19:29:52.403+0000] {dag.py:3089} INFO - Sync 1 DAGs
[2026-08-04T19:29:52.479+0000] {logging_mixin.py:188} INFO - [2026-08-04T19:29:52.478+0000] {dag.py:3947} INFO - Setting next_dagrun for example_complex to None, run_after=None
[2026-08-04T19:29:52.601+0000] {processor.py:183} INFO - Processing /home/airflow/.local/lib/python3.12/site-packages/airflow/example_dags/example_complex.py took 0.552 seconds
[2026-08-04T19:30:24.393+0000] {processor.py:161} INFO - Started process (PID=4122) to work on /home/airflow/.local/lib/python3.12/site-packages/airflow/example_dags/example_complex.py
[2026-08-04T19:30:24.398+0000] {processor.py:830} INFO - Processing file /home/airflow/.local/lib/python3.12/site-packages/airflow/example_dags/example_complex.py for tasks to queue
[2026-08-04T19:30:24.407+0000] {logging_mixin.py:188} INFO - [2026-08-04T19:30:24.404+0000] {dagbag.py:545} INFO - Filling up the DagBag from /home/airflow/.local/lib/python3.12/site-packages/airflow/example_dags/example_complex.py
[2026-08-04T19:30:24.448+0000] {processor.py:840} INFO - DAG(s) 'example_complex' retrieved from /home/airflow/.local/lib/python3.12/site-packages/airflow/example_dags/example_complex.py
[2026-08-04T19:30:24.577+0000] {logging_mixin.py:188} INFO - [2026-08-04T19:30:24.576+0000] {dag.py:3089} INFO - Sync 1 DAGs
[2026-08-04T19:30:24.642+0000] {logging_mixin.py:188} INFO - [2026-08-04T19:30:24.641+0000] {dag.py:3947} INFO - Setting next_dagrun for example_complex to None, run_after=None
[2026-08-04T19:30:24.742+0000] {processor.py:183} INFO - Processing /home/airflow/.local/lib/python3.12/site-packages/airflow/example_dags/example_complex.py took 0.370 seconds
[2026-08-04T19:30:57.380+0000] {processor.py:161} INFO - Started process (PID=4194) to work on /home/airflow/.local/lib/python3.12/site-packages/airflow/example_dags/example_complex.py
[2026-08-04T19:30:57.400+0000] {processor.py:830} INFO - Processing file /home/airflow/.local/lib/python3.12/site-packages/airflow/example_dags/example_complex.py for tasks to queue
[2026-08-04T19:30:57.419+0000] {logging_mixin.py:188} INFO - [2026-08-04T19:30:57.418+0000] {dagbag.py:545} INFO - Filling up the DagBag from /home/airflow/.local/lib/python3.12/site-packages/airflow/example_dags/example_complex.py
[2026-08-04T19:30:57.544+0000] {processor.py:840} INFO - DAG(s) 'example_complex' retrieved from /home/airflow/.local/lib/python3.12/site-packages/airflow/example_dags/example_complex.py
[2026-08-04T19:30:57.936+0000] {logging_mixin.py:188} INFO - [2026-08-04T19:30:57.935+0000] {dag.py:3089} INFO - Sync 1 DAGs
[2026-08-04T19:30:58.048+0000] {logging_mixin.py:188} INFO - [2026-08-04T19:30:58.047+0000] {dag.py:3947} INFO - Setting next_dagrun for example_complex to None, run_after=None
[2026-08-04T19:30:58.220+0000] {processor.py:183} INFO - Processing /home/airflow/.local/lib/python3.12/site-packages/airflow/example_dags/example_complex.py took 0.892 seconds
[2026-08-04T19:31:29.300+0000] {processor.py:161} INFO - Started process (PID=4268) to work on /home/airflow/.local/lib/python3.12/site-packages/airflow/example_dags/example_complex.py
[2026-08-04T19:31:29.309+0000] {processor.py:830} INFO - Processing file /home/airflow/.local/lib/python3.12/site-packages/airflow/example_dags/example_complex.py for tasks to queue
[2026-08-04T19:31:29.322+0000] {logging_mixin.py:188} INFO - [2026-08-04T19:31:29.321+0000] {dagbag.py:545} INFO - Filling up the DagBag from /home/airflow/.local/lib/python3.12/site-packages/airflow/example_dags/example_complex.py
[2026-08-04T19:31:29.361+0000] {processor.py:840} INFO - DAG(s) 'example_complex' retrieved from /home/airflow/.local/lib/python3.12/site-packages/airflow/example_dags/example_complex.py
[2026-08-04T19:31:29.487+0000] {logging_mixin.py:188} INFO - [2026-08-04T19:31:29.487+0000] {dag.py:3089} INFO - Sync 1 DAGs
[2026-08-04T19:31:29.535+0000] {logging_mixin.py:188} INFO - [2026-08-04T19:31:29.534+0000] {dag.py:3947} INFO - Setting next_dagrun for example_complex to None, run_after=None
[2026-08-04T19:31:29.601+0000] {processor.py:183} INFO - Processing /home/airflow/.local/lib/python3.12/site-packages/airflow/example_dags/example_complex.py took 0.344 seconds
[2026-08-04T19:34:14.496+0000] {processor.py:161} INFO - Started process (PID=4306) to work on /home/airflow/.local/lib/python3.12/site-packages/airflow/example_dags/example_complex.py
[2026-08-04T19:34:14.512+0000] {processor.py:830} INFO - Processing file /home/airflow/.local/lib/python3.12/site-packages/airflow/example_dags/example_complex.py for tasks to queue
[2026-08-04T19:34:14.544+0000] {logging_mixin.py:188} INFO - [2026-08-04T19:34:14.543+0000] {dagbag.py:545} INFO - Filling up the DagBag from /home/airflow/.local/lib/python3.12/site-packages/airflow/example_dags/example_complex.py
[2026-08-04T19:34:14.657+0000] {processor.py:840} INFO - DAG(s) 'example_complex' retrieved from /home/airflow/.local/lib/python3.12/site-packages/airflow/example_dags/example_complex.py
[2026-08-04T19:34:15.329+0000] {logging_mixin.py:188} INFO - [2026-08-04T19:34:15.328+0000] {dag.py:3089} INFO - Sync 1 DAGs
[2026-08-04T19:34:15.532+0000] {logging_mixin.py:188} INFO - [2026-08-04T19:34:15.532+0000] {dag.py:3947} INFO - Setting next_dagrun for example_complex to None, run_after=None
[2026-08-04T19:34:15.623+0000] {processor.py:183} INFO - Processing /home/airflow/.local/lib/python3.12/site-packages/airflow/example_dags/example_complex.py took 1.206 seconds
[2026-08-04T19:34:46.122+0000] {processor.py:161} INFO - Started process (PID=4378) to work on /home/airflow/.local/lib/python3.12/site-packages/airflow/example_dags/example_complex.py
[2026-08-04T19:34:46.129+0000] {processor.py:830} INFO - Processing file /home/airflow/.local/lib/python3.12/site-packages/airflow/example_dags/example_complex.py for tasks to queue
[2026-08-04T19:34:46.142+0000] {logging_mixin.py:188} INFO - [2026-08-04T19:34:46.141+0000] {dagbag.py:545} INFO - Filling up the DagBag from /home/airflow/.local/lib/python3.12/site-packages/airflow/example_dags/example_complex.py
[2026-08-04T19:34:46.205+0000] {processor.py:840} INFO - DAG(s) 'example_complex' retrieved from /home/airflow/.local/lib/python3.12/site-packages/airflow/example_dags/example_complex.py
[2026-08-04T19:34:46.323+0000] {logging_mixin.py:188} INFO - [2026-08-04T19:34:46.323+0000] {dag.py:3089} INFO - Sync 1 DAGs
[2026-08-04T19:34:46.377+0000] {logging_mixin.py:188} INFO - [2026-08-04T19:34:46.377+0000] {dag.py:3947} INFO - Setting next_dagrun for example_complex to None, run_after=None
[2026-08-04T19:34:46.475+0000] {processor.py:183} INFO - Processing /home/airflow/.local/lib/python3.12/site-packages/airflow/example_dags/example_complex.py took 0.415 seconds
[2026-08-04T19:35:19.047+0000] {processor.py:161} INFO - Started process (PID=4444) to work on /home/airflow/.local/lib/python3.12/site-packages/airflow/example_dags/example_complex.py
[2026-08-04T19:35:19.053+0000] {processor.py:830} INFO - Processing file /home/airflow/.local/lib/python3.12/site-packages/airflow/example_dags/example_complex.py for tasks to queue
[2026-08-04T19:35:19.065+0000] {logging_mixin.py:188} INFO - [2026-08-04T19:35:19.064+0000] {dagbag.py:545} INFO - Filling up the DagBag from /home/airflow/.local/lib/python3.12/site-packages/airflow/example_dags/example_complex.py
[2026-08-04T19:35:19.137+0000] {processor.py:840} INFO - DAG(s) 'example_complex' retrieved from /home/airflow/.local/lib/python3.12/site-packages/airflow/example_dags/example_complex.py
[2026-08-04T19:35:19.235+0000] {logging_mixin.py:188} INFO - [2026-08-04T19:35:19.234+0000] {dag.py:3089} INFO - Sync 1 DAGs
[2026-08-04T19:35:19.276+0000] {logging_mixin.py:188} INFO - [2026-08-04T19:35:19.275+0000] {dag.py:3947} INFO - Setting next_dagrun for example_complex to None, run_after=None
[2026-08-04T19:35:19.340+0000] {processor.py:183} INFO - Processing /home/airflow/.local/lib/python3.12/site-packages/airflow/example_dags/example_complex.py took 0.322 seconds
[2026-08-04T19:35:53.385+0000] {processor.py:161} INFO - Started process (PID=4517) to work on /home/airflow/.local/lib/python3.12/site-packages/airflow/example_dags/example_complex.py
[2026-08-04T19:35:53.404+0000] {processor.py:830} INFO - Processing file /home/airflow/.local/lib/python3.12/site-packages/airflow/example_dags/example_complex.py for tasks to queue
[2026-08-04T19:35:53.416+0000] {logging_mixin.py:188} INFO - [2026-08-04T19:35:53.415+0000] {dagbag.py:545} INFO - Filling up the DagBag from /home/airflow/.local/lib/python3.12/site-packages/airflow/example_dags/example_complex.py
[2026-08-04T19:35:53.525+0000] {processor.py:840} INFO - DAG(s) 'example_complex' retrieved from /home/airflow/.local/lib/python3.12/site-packages/airflow/example_dags/example_complex.py
[2026-08-04T19:35:53.763+0000] {logging_mixin.py:188} INFO - [2026-08-04T19:35:53.758+0000] {dag.py:3089} INFO - Sync 1 DAGs
[2026-08-04T19:35:53.850+0000] {logging_mixin.py:188} INFO - [2026-08-04T19:35:53.849+0000] {dag.py:3947} INFO - Setting next_dagrun for example_complex to None, run_after=None
[2026-08-04T19:35:54.097+0000] {processor.py:183} INFO - Processing /home/airflow/.local/lib/python3.12/site-packages/airflow/example_dags/example_complex.py took 0.780 seconds
[2026-08-04T19:36:24.945+0000] {processor.py:161} INFO - Started process (PID=4589) to work on /home/airflow/.local/lib/python3.12/site-packages/airflow/example_dags/example_complex.py
[2026-08-04T19:36:24.949+0000] {processor.py:830} INFO - Processing file /home/airflow/.local/lib/python3.12/site-packages/airflow/example_dags/example_complex.py for tasks to queue
[2026-08-04T19:36:24.959+0000] {logging_mixin.py:188} INFO - [2026-08-04T19:36:24.957+0000] {dagbag.py:545} INFO - Filling up the DagBag from /home/airflow/.local/lib/python3.12/site-packages/airflow/example_dags/example_complex.py
[2026-08-04T19:36:25.011+0000] {processor.py:840} INFO - DAG(s) 'example_complex' retrieved from /home/airflow/.local/lib/python3.12/site-packages/airflow/example_dags/example_complex.py
[2026-08-04T19:36:25.125+0000] {logging_mixin.py:188} INFO - [2026-08-04T19:36:25.125+0000] {dag.py:3089} INFO - Sync 1 DAGs
[2026-08-04T19:36:25.171+0000] {logging_mixin.py:188} INFO - [2026-08-04T19:36:25.170+0000] {dag.py:3947} INFO - Setting next_dagrun for example_complex to None, run_after=None
[2026-08-04T19:36:25.225+0000] {processor.py:183} INFO - Processing /home/airflow/.local/lib/python3.12/site-packages/airflow/example_dags/example_complex.py took 0.379 seconds
[2026-08-04T19:37:00.263+0000] {processor.py:161} INFO - Started process (PID=4660) to work on /home/airflow/.local/lib/python3.12/site-packages/airflow/example_dags/example_complex.py
[2026-08-04T19:37:00.267+0000] {processor.py:830} INFO - Processing file /home/airflow/.local/lib/python3.12/site-packages/airflow/example_dags/example_complex.py for tasks to queue
[2026-08-04T19:37:00.276+0000] {logging_mixin.py:188} INFO - [2026-08-04T19:37:00.275+0000] {dagbag.py:545} INFO - Filling up the DagBag from /home/airflow/.local/lib/python3.12/site-packages/airflow/example_dags/example_complex.py
[2026-08-04T19:37:00.319+0000] {processor.py:840} INFO - DAG(s) 'example_complex' retrieved from /home/airflow/.local/lib/python3.12/site-packages/airflow/example_dags/example_complex.py
[2026-08-04T19:37:00.536+0000] {logging_mixin.py:188} INFO - [2026-08-04T19:37:00.535+0000] {dag.py:3089} INFO - Sync 1 DAGs
[2026-08-04T19:37:00.626+0000] {logging_mixin.py:188} INFO - [2026-08-04T19:37:00.625+0000] {dag.py:3947} INFO - Setting next_dagrun for example_complex to None, run_after=None
[2026-08-04T19:37:00.714+0000] {processor.py:183} INFO - Processing /home/airflow/.local/lib/python3.12/site-packages/airflow/example_dags/example_complex.py took 0.496 seconds
[2026-08-04T19:43:13.956+0000] {processor.py:161} INFO - Started process (PID=4745) to work on /home/airflow/.local/lib/python3.12/site-packages/airflow/example_dags/example_complex.py
[2026-08-04T19:43:13.967+0000] {processor.py:830} INFO - Processing file /home/airflow/.local/lib/python3.12/site-packages/airflow/example_dags/example_complex.py for tasks to queue
[2026-08-04T19:43:13.976+0000] {logging_mixin.py:188} INFO - [2026-08-04T19:43:13.975+0000] {dagbag.py:545} INFO - Filling up the DagBag from /home/airflow/.local/lib/python3.12/site-packages/airflow/example_dags/example_complex.py
[2026-08-04T19:43:14.090+0000] {processor.py:840} INFO - DAG(s) 'example_complex' retrieved from /home/airflow/.local/lib/python3.12/site-packages/airflow/example_dags/example_complex.py
[2026-08-04T19:43:14.355+0000] {logging_mixin.py:188} INFO - [2026-08-04T19:43:14.355+0000] {dag.py:3089} INFO - Sync 1 DAGs
[2026-08-04T19:43:14.446+0000] {logging_mixin.py:188} INFO - [2026-08-04T19:43:14.445+0000] {dag.py:3947} INFO - Setting next_dagrun for example_complex to None, run_after=None
[2026-08-04T19:43:14.523+0000] {processor.py:183} INFO - Processing /home/airflow/.local/lib/python3.12/site-packages/airflow/example_dags/example_complex.py took 0.637 seconds
[2026-08-04T19:43:47.129+0000] {processor.py:161} INFO - Started process (PID=4817) to work on /home/airflow/.local/lib/python3.12/site-packages/airflow/example_dags/example_complex.py
[2026-08-04T19:43:47.136+0000] {processor.py:830} INFO - Processing file /home/airflow/.local/lib/python3.12/site-packages/airflow/example_dags/example_complex.py for tasks to queue
[2026-08-04T19:43:47.148+0000] {logging_mixin.py:188} INFO - [2026-08-04T19:43:47.139+0000] {dagbag.py:545} INFO - Filling up the DagBag from /home/airflow/.local/lib/python3.12/site-packages/airflow/example_dags/example_complex.py
[2026-08-04T19:43:47.214+0000] {processor.py:840} INFO - DAG(s) 'example_complex' retrieved from /home/airflow/.local/lib/python3.12/site-packages/airflow/example_dags/example_complex.py
[2026-08-04T19:43:47.421+0000] {logging_mixin.py:188} INFO - [2026-08-04T19:43:47.420+0000] {dag.py:3089} INFO - Sync 1 DAGs
[2026-08-04T19:43:47.466+0000] {logging_mixin.py:188} INFO - [2026-08-04T19:43:47.465+0000] {dag.py:3947} INFO - Setting next_dagrun for example_complex to None, run_after=None
[2026-08-04T19:43:47.543+0000] {processor.py:183} INFO - Processing /home/airflow/.local/lib/python3.12/site-packages/airflow/example_dags/example_complex.py took 0.436 seconds
[2026-08-04T19:44:21.490+0000] {processor.py:161} INFO - Started process (PID=4883) to work on /home/airflow/.local/lib/python3.12/site-packages/airflow/example_dags/example_complex.py
[2026-08-04T19:44:21.493+0000] {processor.py:830} INFO - Processing file /home/airflow/.local/lib/python3.12/site-packages/airflow/example_dags/example_complex.py for tasks to queue
[2026-08-04T19:44:21.497+0000] {logging_mixin.py:188} INFO - [2026-08-04T19:44:21.497+0000] {dagbag.py:545} INFO - Filling up the DagBag from /home/airflow/.local/lib/python3.12/site-packages/airflow/example_dags/example_complex.py
[2026-08-04T19:44:21.523+0000] {processor.py:840} INFO - DAG(s) 'example_complex' retrieved from /home/airflow/.local/lib/python3.12/site-packages/airflow/example_dags/example_complex.py
[2026-08-04T19:44:21.634+0000] {logging_mixin.py:188} INFO - [2026-08-04T19:44:21.633+0000] {dag.py:3089} INFO - Sync 1 DAGs
[2026-08-04T19:44:21.714+0000] {logging_mixin.py:188} INFO - [2026-08-04T19:44:21.713+0000] {dag.py:3947} INFO - Setting next_dagrun for example_complex to None, run_after=None
[2026-08-04T19:44:21.863+0000] {processor.py:183} INFO - Processing /home/airflow/.local/lib/python3.12/site-packages/airflow/example_dags/example_complex.py took 0.398 seconds
[2026-08-04T19:44:54.838+0000] {processor.py:161} INFO - Started process (PID=4955) to work on /home/airflow/.local/lib/python3.12/site-packages/airflow/example_dags/example_complex.py
[2026-08-04T19:44:54.861+0000] {processor.py:830} INFO - Processing file /home/airflow/.local/lib/python3.12/site-packages/airflow/example_dags/example_complex.py for tasks to queue
[2026-08-04T19:44:54.884+0000] {logging_mixin.py:188} INFO - [2026-08-04T19:44:54.883+0000] {dagbag.py:545} INFO - Filling up the DagBag from /home/airflow/.local/lib/python3.12/site-packages/airflow/example_dags/example_complex.py
[2026-08-04T19:44:54.938+0000] {processor.py:840} INFO - DAG(s) 'example_complex' retrieved from /home/airflow/.local/lib/python3.12/site-packages/airflow/example_dags/example_complex.py
[2026-08-04T19:44:55.184+0000] {logging_mixin.py:188} INFO - [2026-08-04T19:44:55.183+0000] {dag.py:3089} INFO - Sync 1 DAGs
[2026-08-04T19:44:55.301+0000] {logging_mixin.py:188} INFO - [2026-08-04T19:44:55.300+0000] {dag.py:3947} INFO - Setting next_dagrun for example_complex to None, run_after=None
[2026-08-04T19:44:55.425+0000] {processor.py:183} INFO - Processing /home/airflow/.local/lib/python3.12/site-packages/airflow/example_dags/example_complex.py took 0.650 seconds
[2026-08-04T19:45:27.318+0000] {processor.py:161} INFO - Started process (PID=5028) to work on /home/airflow/.local/lib/python3.12/site-packages/airflow/example_dags/example_complex.py
[2026-08-04T19:45:27.323+0000] {processor.py:830} INFO - Processing file /home/airflow/.local/lib/python3.12/site-packages/airflow/example_dags/example_complex.py for tasks to queue
[2026-08-04T19:45:27.352+0000] {logging_mixin.py:188} INFO - [2026-08-04T19:45:27.349+0000] {dagbag.py:545} INFO - Filling up the DagBag from /home/airflow/.local/lib/python3.12/site-packages/airflow/example_dags/example_complex.py
[2026-08-04T19:45:27.450+0000] {processor.py:840} INFO - DAG(s) 'example_complex' retrieved from /home/airflow/.local/lib/python3.12/site-packages/airflow/example_dags/example_complex.py
[2026-08-04T19:45:27.581+0000] {logging_mixin.py:188} INFO - [2026-08-04T19:45:27.581+0000] {dag.py:3089} INFO - Sync 1 DAGs
[2026-08-04T19:45:27.643+0000] {logging_mixin.py:188} INFO - [2026-08-04T19:45:27.642+0000] {dag.py:3947} INFO - Setting next_dagrun for example_complex to None, run_after=None
[2026-08-04T19:45:27.715+0000] {processor.py:183} INFO - Processing /home/airflow/.local/lib/python3.12/site-packages/airflow/example_dags/example_complex.py took 0.448 seconds
[2026-08-04T19:46:10.486+0000] {processor.py:161} INFO - Started process (PID=5100) to work on /home/airflow/.local/lib/python3.12/site-packages/airflow/example_dags/example_complex.py
[2026-08-04T19:46:10.506+0000] {processor.py:830} INFO - Processing file /home/airflow/.local/lib/python3.12/site-packages/airflow/example_dags/example_complex.py for tasks to queue
[2026-08-04T19:46:10.513+0000] {logging_mixin.py:188} INFO - [2026-08-04T19:46:10.511+0000] {dagbag.py:545} INFO - Filling up the DagBag from /home/airflow/.local/lib/python3.12/site-packages/airflow/example_dags/example_complex.py
[2026-08-04T19:46:10.571+0000] {processor.py:840} INFO - DAG(s) 'example_complex' retrieved from /home/airflow/.local/lib/python3.12/site-packages/airflow/example_dags/example_complex.py
[2026-08-04T19:46:10.669+0000] {logging_mixin.py:188} INFO - [2026-08-04T19:46:10.668+0000] {dag.py:3089} INFO - Sync 1 DAGs
[2026-08-04T19:46:10.717+0000] {logging_mixin.py:188} INFO - [2026-08-04T19:46:10.717+0000] {dag.py:3947} INFO - Setting next_dagrun for example_complex to None, run_after=None
[2026-08-04T19:46:10.791+0000] {processor.py:183} INFO - Processing /home/airflow/.local/lib/python3.12/site-packages/airflow/example_dags/example_complex.py took 0.327 seconds
[2026-08-04T19:46:45.840+0000] {processor.py:161} INFO - Started process (PID=5171) to work on /home/airflow/.local/lib/python3.12/site-packages/airflow/example_dags/example_complex.py
[2026-08-04T19:46:45.848+0000] {processor.py:830} INFO - Processing file /home/airflow/.local/lib/python3.12/site-packages/airflow/example_dags/example_complex.py for tasks to queue
[2026-08-04T19:46:45.861+0000] {logging_mixin.py:188} INFO - [2026-08-04T19:46:45.860+0000] {dagbag.py:545} INFO - Filling up the DagBag from /home/airflow/.local/lib/python3.12/site-packages/airflow/example_dags/example_complex.py
[2026-08-04T19:46:45.907+0000] {processor.py:840} INFO - DAG(s) 'example_complex' retrieved from /home/airflow/.local/lib/python3.12/site-packages/airflow/example_dags/example_complex.py
[2026-08-04T19:46:45.999+0000] {logging_mixin.py:188} INFO - [2026-08-04T19:46:45.998+0000] {dag.py:3089} INFO - Sync 1 DAGs
[2026-08-04T19:46:46.036+0000] {logging_mixin.py:188} INFO - [2026-08-04T19:46:46.035+0000] {dag.py:3947} INFO - Setting next_dagrun for example_complex to None, run_after=None
[2026-08-04T19:46:46.100+0000] {processor.py:183} INFO - Processing /home/airflow/.local/lib/python3.12/site-packages/airflow/example_dags/example_complex.py took 0.276 seconds
[2026-08-04T19:47:17.771+0000] {processor.py:161} INFO - Started process (PID=5238) to work on /home/airflow/.local/lib/python3.12/site-packages/airflow/example_dags/example_complex.py
[2026-08-04T19:47:17.781+0000] {processor.py:830} INFO - Processing file /home/airflow/.local/lib/python3.12/site-packages/airflow/example_dags/example_complex.py for tasks to queue
[2026-08-04T19:47:17.788+0000] {logging_mixin.py:188} INFO - [2026-08-04T19:47:17.787+0000] {dagbag.py:545} INFO - Filling up the DagBag from /home/airflow/.local/lib/python3.12/site-packages/airflow/example_dags/example_complex.py
[2026-08-04T19:47:17.946+0000] {processor.py:840} INFO - DAG(s) 'example_complex' retrieved from /home/airflow/.local/lib/python3.12/site-packages/airflow/example_dags/example_complex.py
[2026-08-04T19:47:18.253+0000] {logging_mixin.py:188} INFO - [2026-08-04T19:47:18.252+0000] {dag.py:3089} INFO - Sync 1 DAGs
[2026-08-04T19:47:18.554+0000] {logging_mixin.py:188} INFO - [2026-08-04T19:47:18.506+0000] {dag.py:3947} INFO - Setting next_dagrun for example_complex to None, run_after=None
[2026-08-04T19:47:19.047+0000] {processor.py:183} INFO - Processing /home/airflow/.local/lib/python3.12/site-packages/airflow/example_dags/example_complex.py took 1.384 seconds
[2026-08-04T19:47:49.715+0000] {processor.py:161} INFO - Started process (PID=5309) to work on /home/airflow/.local/lib/python3.12/site-packages/airflow/example_dags/example_complex.py
[2026-08-04T19:47:49.729+0000] {processor.py:830} INFO - Processing file /home/airflow/.local/lib/python3.12/site-packages/airflow/example_dags/example_complex.py for tasks to queue
[2026-08-04T19:47:49.736+0000] {logging_mixin.py:188} INFO - [2026-08-04T19:47:49.735+0000] {dagbag.py:545} INFO - Filling up the DagBag from /home/airflow/.local/lib/python3.12/site-packages/airflow/example_dags/example_complex.py
[2026-08-04T19:47:49.794+0000] {processor.py:840} INFO - DAG(s) 'example_complex' retrieved from /home/airflow/.local/lib/python3.12/site-packages/airflow/example_dags/example_complex.py
[2026-08-04T19:47:49.972+0000] {logging_mixin.py:188} INFO - [2026-08-04T19:47:49.971+0000] {dag.py:3089} INFO - Sync 1 DAGs
[2026-08-04T19:47:50.018+0000] {logging_mixin.py:188} INFO - [2026-08-04T19:47:50.017+0000] {dag.py:3947} INFO - Setting next_dagrun for example_complex to None, run_after=None
[2026-08-04T19:47:50.098+0000] {processor.py:183} INFO - Processing /home/airflow/.local/lib/python3.12/site-packages/airflow/example_dags/example_complex.py took 0.409 seconds
[2026-08-04T19:48:20.955+0000] {processor.py:161} INFO - Started process (PID=5374) to work on /home/airflow/.local/lib/python3.12/site-packages/airflow/example_dags/example_complex.py
[2026-08-04T19:48:20.959+0000] {processor.py:830} INFO - Processing file /home/airflow/.local/lib/python3.12/site-packages/airflow/example_dags/example_complex.py for tasks to queue
[2026-08-04T19:48:20.971+0000] {logging_mixin.py:188} INFO - [2026-08-04T19:48:20.964+0000] {dagbag.py:545} INFO - Filling up the DagBag from /home/airflow/.local/lib/python3.12/site-packages/airflow/example_dags/example_complex.py
[2026-08-04T19:48:21.033+0000] {processor.py:840} INFO - DAG(s) 'example_complex' retrieved from /home/airflow/.local/lib/python3.12/site-packages/airflow/example_dags/example_complex.py
[2026-08-04T19:48:21.465+0000] {logging_mixin.py:188} INFO - [2026-08-04T19:48:21.464+0000] {dag.py:3089} INFO - Sync 1 DAGs
[2026-08-04T19:48:21.529+0000] {logging_mixin.py:188} INFO - [2026-08-04T19:48:21.529+0000] {dag.py:3947} INFO - Setting next_dagrun for example_complex to None, run_after=None
[2026-08-04T19:48:21.679+0000] {processor.py:183} INFO - Processing /home/airflow/.local/lib/python3.12/site-packages/airflow/example_dags/example_complex.py took 0.756 seconds
[2026-08-04T19:48:52.057+0000] {processor.py:161} INFO - Started process (PID=5447) to work on /home/airflow/.local/lib/python3.12/site-packages/airflow/example_dags/example_complex.py
[2026-08-04T19:48:52.061+0000] {processor.py:830} INFO - Processing file /home/airflow/.local/lib/python3.12/site-packages/airflow/example_dags/example_complex.py for tasks to queue
[2026-08-04T19:48:52.066+0000] {logging_mixin.py:188} INFO - [2026-08-04T19:48:52.065+0000] {dagbag.py:545} INFO - Filling up the DagBag from /home/airflow/.local/lib/python3.12/site-packages/airflow/example_dags/example_complex.py
[2026-08-04T19:48:52.097+0000] {processor.py:840} INFO - DAG(s) 'example_complex' retrieved from /home/airflow/.local/lib/python3.12/site-packages/airflow/example_dags/example_complex.py
[2026-08-04T19:48:52.203+0000] {logging_mixin.py:188} INFO - [2026-08-04T19:48:52.202+0000] {dag.py:3089} INFO - Sync 1 DAGs
[2026-08-04T19:48:52.238+0000] {logging_mixin.py:188} INFO - [2026-08-04T19:48:52.238+0000] {dag.py:3947} INFO - Setting next_dagrun for example_complex to None, run_after=None
[2026-08-04T19:48:52.295+0000] {processor.py:183} INFO - Processing /home/airflow/.local/lib/python3.12/site-packages/airflow/example_dags/example_complex.py took 0.270 seconds
[2026-08-04T19:49:27.825+0000] {processor.py:161} INFO - Started process (PID=5519) to work on /home/airflow/.local/lib/python3.12/site-packages/airflow/example_dags/example_complex.py
[2026-08-04T19:49:27.839+0000] {processor.py:830} INFO - Processing file /home/airflow/.local/lib/python3.12/site-packages/airflow/example_dags/example_complex.py for tasks to queue
[2026-08-04T19:49:27.858+0000] {logging_mixin.py:188} INFO - [2026-08-04T19:49:27.846+0000] {dagbag.py:545} INFO - Filling up the DagBag from /home/airflow/.local/lib/python3.12/site-packages/airflow/example_dags/example_complex.py
[2026-08-04T19:49:27.906+0000] {processor.py:840} INFO - DAG(s) 'example_complex' retrieved from /home/airflow/.local/lib/python3.12/site-packages/airflow/example_dags/example_complex.py
[2026-08-04T19:49:28.071+0000] {logging_mixin.py:188} INFO - [2026-08-04T19:49:28.070+0000] {dag.py:3089} INFO - Sync 1 DAGs
[2026-08-04T19:49:28.125+0000] {logging_mixin.py:188} INFO - [2026-08-04T19:49:28.124+0000] {dag.py:3947} INFO - Setting next_dagrun for example_complex to None, run_after=None
[2026-08-04T19:49:28.270+0000] {processor.py:183} INFO - Processing /home/airflow/.local/lib/python3.12/site-packages/airflow/example_dags/example_complex.py took 0.486 seconds
[2026-08-04T19:50:02.833+0000] {processor.py:161} INFO - Started process (PID=5585) to work on /home/airflow/.local/lib/python3.12/site-packages/airflow/example_dags/example_complex.py
[2026-08-04T19:50:02.837+0000] {processor.py:830} INFO - Processing file /home/airflow/.local/lib/python3.12/site-packages/airflow/example_dags/example_complex.py for tasks to queue
[2026-08-04T19:50:02.841+0000] {logging_mixin.py:188} INFO - [2026-08-04T19:50:02.840+0000] {dagbag.py:545} INFO - Filling up the DagBag from /home/airflow/.local/lib/python3.12/site-packages/airflow/example_dags/example_complex.py
[2026-08-04T19:50:02.908+0000] {processor.py:840} INFO - DAG(s) 'example_complex' retrieved from /home/airflow/.local/lib/python3.12/site-packages/airflow/example_dags/example_complex.py
[2026-08-04T19:50:02.993+0000] {logging_mixin.py:188} INFO - [2026-08-04T19:50:02.992+0000] {dag.py:3089} INFO - Sync 1 DAGs
[2026-08-04T19:50:03.084+0000] {logging_mixin.py:188} INFO - [2026-08-04T19:50:03.083+0000] {dag.py:3947} INFO - Setting next_dagrun for example_complex to None, run_after=None
[2026-08-04T19:50:03.187+0000] {processor.py:183} INFO - Processing /home/airflow/.local/lib/python3.12/site-packages/airflow/example_dags/example_complex.py took 0.373 seconds
[2026-08-04T19:50:35.144+0000] {processor.py:161} INFO - Started process (PID=5658) to work on /home/airflow/.local/lib/python3.12/site-packages/airflow/example_dags/example_complex.py
[2026-08-04T19:50:35.163+0000] {processor.py:830} INFO - Processing file /home/airflow/.local/lib/python3.12/site-packages/airflow/example_dags/example_complex.py for tasks to queue
[2026-08-04T19:50:35.184+0000] {logging_mixin.py:188} INFO - [2026-08-04T19:50:35.182+0000] {dagbag.py:545} INFO - Filling up the DagBag from /home/airflow/.local/lib/python3.12/site-packages/airflow/example_dags/example_complex.py
[2026-08-04T19:50:35.276+0000] {processor.py:840} INFO - DAG(s) 'example_complex' retrieved from /home/airflow/.local/lib/python3.12/site-packages/airflow/example_dags/example_complex.py
[2026-08-04T19:50:35.398+0000] {logging_mixin.py:188} INFO - [2026-08-04T19:50:35.397+0000] {dag.py:3089} INFO - Sync 1 DAGs
[2026-08-04T19:50:35.473+0000] {logging_mixin.py:188} INFO - [2026-08-04T19:50:35.472+0000] {dag.py:3947} INFO - Setting next_dagrun for example_complex to None, run_after=None
[2026-08-04T19:50:35.733+0000] {processor.py:183} INFO - Processing /home/airflow/.local/lib/python3.12/site-packages/airflow/example_dags/example_complex.py took 0.618 seconds
[2026-08-04T19:51:07.989+0000] {processor.py:161} INFO - Started process (PID=5730) to work on /home/airflow/.local/lib/python3.12/site-packages/airflow/example_dags/example_complex.py
[2026-08-04T19:51:07.994+0000] {processor.py:830} INFO - Processing file /home/airflow/.local/lib/python3.12/site-packages/airflow/example_dags/example_complex.py for tasks to queue
[2026-08-04T19:51:08.001+0000] {logging_mixin.py:188} INFO - [2026-08-04T19:51:08.000+0000] {dagbag.py:545} INFO - Filling up the DagBag from /home/airflow/.local/lib/python3.12/site-packages/airflow/example_dags/example_complex.py
[2026-08-04T19:51:08.039+0000] {processor.py:840} INFO - DAG(s) 'example_complex' retrieved from /home/airflow/.local/lib/python3.12/site-packages/airflow/example_dags/example_complex.py
[2026-08-04T19:51:08.274+0000] {logging_mixin.py:188} INFO - [2026-08-04T19:51:08.253+0000] {dag.py:3089} INFO - Sync 1 DAGs
[2026-08-04T19:51:08.554+0000] {logging_mixin.py:188} INFO - [2026-08-04T19:51:08.533+0000] {dag.py:3947} INFO - Setting next_dagrun for example_complex to None, run_after=None
[2026-08-04T19:51:08.726+0000] {processor.py:183} INFO - Processing /home/airflow/.local/lib/python3.12/site-packages/airflow/example_dags/example_complex.py took 0.759 seconds
[2026-08-04T19:51:39.652+0000] {processor.py:161} INFO - Started process (PID=5793) to work on /home/airflow/.local/lib/python3.12/site-packages/airflow/example_dags/example_complex.py
[2026-08-04T19:51:39.681+0000] {processor.py:830} INFO - Processing file /home/airflow/.local/lib/python3.12/site-packages/airflow/example_dags/example_complex.py for tasks to queue
[2026-08-04T19:51:39.686+0000] {logging_mixin.py:188} INFO - [2026-08-04T19:51:39.685+0000] {dagbag.py:545} INFO - Filling up the DagBag from /home/airflow/.local/lib/python3.12/site-packages/airflow/example_dags/example_complex.py
[2026-08-04T19:51:39.771+0000] {processor.py:840} INFO - DAG(s) 'example_complex' retrieved from /home/airflow/.local/lib/python3.12/site-packages/airflow/example_dags/example_complex.py
[2026-08-04T19:51:39.895+0000] {logging_mixin.py:188} INFO - [2026-08-04T19:51:39.894+0000] {dag.py:3089} INFO - Sync 1 DAGs
[2026-08-04T19:51:40.003+0000] {logging_mixin.py:188} INFO - [2026-08-04T19:51:40.002+0000] {dag.py:3947} INFO - Setting next_dagrun for example_complex to None, run_after=None
[2026-08-04T19:51:40.131+0000] {processor.py:183} INFO - Processing /home/airflow/.local/lib/python3.12/site-packages/airflow/example_dags/example_complex.py took 0.539 seconds
[2026-08-04T19:52:13.279+0000] {processor.py:161} INFO - Started process (PID=5864) to work on /home/airflow/.local/lib/python3.12/site-packages/airflow/example_dags/example_complex.py
[2026-08-04T19:52:13.284+0000] {processor.py:830} INFO - Processing file /home/airflow/.local/lib/python3.12/site-packages/airflow/example_dags/example_complex.py for tasks to queue
[2026-08-04T19:52:13.296+0000] {logging_mixin.py:188} INFO - [2026-08-04T19:52:13.295+0000] {dagbag.py:545} INFO - Filling up the DagBag from /home/airflow/.local/lib/python3.12/site-packages/airflow/example_dags/example_complex.py
[2026-08-04T19:52:13.371+0000] {processor.py:840} INFO - DAG(s) 'example_complex' retrieved from /home/airflow/.local/lib/python3.12/site-packages/airflow/example_dags/example_complex.py
[2026-08-04T19:52:13.481+0000] {logging_mixin.py:188} INFO - [2026-08-04T19:52:13.480+0000] {dag.py:3089} INFO - Sync 1 DAGs
[2026-08-04T19:52:13.547+0000] {logging_mixin.py:188} INFO - [2026-08-04T19:52:13.546+0000] {dag.py:3947} INFO - Setting next_dagrun for example_complex to None, run_after=None
[2026-08-04T19:52:13.651+0000] {processor.py:183} INFO - Processing /home/airflow/.local/lib/python3.12/site-packages/airflow/example_dags/example_complex.py took 0.391 seconds
[2026-08-04T19:52:48.661+0000] {processor.py:161} INFO - Started process (PID=5936) to work on /home/airflow/.local/lib/python3.12/site-packages/airflow/example_dags/example_complex.py
[2026-08-04T19:52:48.666+0000] {processor.py:830} INFO - Processing file /home/airflow/.local/lib/python3.12/site-packages/airflow/example_dags/example_complex.py for tasks to queue
[2026-08-04T19:52:48.676+0000] {logging_mixin.py:188} INFO - [2026-08-04T19:52:48.675+0000] {dagbag.py:545} INFO - Filling up the DagBag from /home/airflow/.local/lib/python3.12/site-packages/airflow/example_dags/example_complex.py
[2026-08-04T19:52:48.734+0000] {processor.py:840} INFO - DAG(s) 'example_complex' retrieved from /home/airflow/.local/lib/python3.12/site-packages/airflow/example_dags/example_complex.py
[2026-08-04T19:52:48.834+0000] {logging_mixin.py:188} INFO - [2026-08-04T19:52:48.833+0000] {dag.py:3089} INFO - Sync 1 DAGs
[2026-08-04T19:52:48.880+0000] {logging_mixin.py:188} INFO - [2026-08-04T19:52:48.879+0000] {dag.py:3947} INFO - Setting next_dagrun for example_complex to None, run_after=None
[2026-08-04T19:52:48.997+0000] {processor.py:183} INFO - Processing /home/airflow/.local/lib/python3.12/site-packages/airflow/example_dags/example_complex.py took 0.460 seconds
[2026-08-04T19:53:20.110+0000] {processor.py:161} INFO - Started process (PID=6001) to work on /home/airflow/.local/lib/python3.12/site-packages/airflow/example_dags/example_complex.py
[2026-08-04T19:53:20.115+0000] {processor.py:830} INFO - Processing file /home/airflow/.local/lib/python3.12/site-packages/airflow/example_dags/example_complex.py for tasks to queue
[2026-08-04T19:53:20.122+0000] {logging_mixin.py:188} INFO - [2026-08-04T19:53:20.121+0000] {dagbag.py:545} INFO - Filling up the DagBag from /home/airflow/.local/lib/python3.12/site-packages/airflow/example_dags/example_complex.py
[2026-08-04T19:53:20.150+0000] {processor.py:840} INFO - DAG(s) 'example_complex' retrieved from /home/airflow/.local/lib/python3.12/site-packages/airflow/example_dags/example_complex.py
[2026-08-04T19:53:20.400+0000] {logging_mixin.py:188} INFO - [2026-08-04T19:53:20.398+0000] {dag.py:3089} INFO - Sync 1 DAGs
[2026-08-04T19:53:20.481+0000] {logging_mixin.py:188} INFO - [2026-08-04T19:53:20.481+0000] {dag.py:3947} INFO - Setting next_dagrun for example_complex to None, run_after=None
[2026-08-04T19:53:20.584+0000] {processor.py:183} INFO - Processing /home/airflow/.local/lib/python3.12/site-packages/airflow/example_dags/example_complex.py took 0.510 seconds
[2026-08-04T19:53:54.175+0000] {processor.py:161} INFO - Started process (PID=6073) to work on /home/airflow/.local/lib/python3.12/site-packages/airflow/example_dags/example_complex.py
[2026-08-04T19:53:54.182+0000] {processor.py:830} INFO - Processing file /home/airflow/.local/lib/python3.12/site-packages/airflow/example_dags/example_complex.py for tasks to queue
[2026-08-04T19:53:54.189+0000] {logging_mixin.py:188} INFO - [2026-08-04T19:53:54.188+0000] {dagbag.py:545} INFO - Filling up the DagBag from /home/airflow/.local/lib/python3.12/site-packages/airflow/example_dags/example_complex.py
[2026-08-04T19:53:54.252+0000] {processor.py:840} INFO - DAG(s) 'example_complex' retrieved from /home/airflow/.local/lib/python3.12/site-packages/airflow/example_dags/example_complex.py
[2026-08-04T19:53:54.362+0000] {logging_mixin.py:188} INFO - [2026-08-04T19:53:54.361+0000] {dag.py:3089} INFO - Sync 1 DAGs
[2026-08-04T19:53:54.425+0000] {logging_mixin.py:188} INFO - [2026-08-04T19:53:54.424+0000] {dag.py:3947} INFO - Setting next_dagrun for example_complex to None, run_after=None
[2026-08-04T19:53:54.511+0000] {processor.py:183} INFO - Processing /home/airflow/.local/lib/python3.12/site-packages/airflow/example_dags/example_complex.py took 0.399 seconds
[2026-08-04T19:54:25.652+0000] {processor.py:161} INFO - Started process (PID=6143) to work on /home/airflow/.local/lib/python3.12/site-packages/airflow/example_dags/example_complex.py
[2026-08-04T19:54:25.657+0000] {processor.py:830} INFO - Processing file /home/airflow/.local/lib/python3.12/site-packages/airflow/example_dags/example_complex.py for tasks to queue
[2026-08-04T19:54:25.687+0000] {logging_mixin.py:188} INFO - [2026-08-04T19:54:25.686+0000] {dagbag.py:545} INFO - Filling up the DagBag from /home/airflow/.local/lib/python3.12/site-packages/airflow/example_dags/example_complex.py
[2026-08-04T19:54:25.747+0000] {processor.py:840} INFO - DAG(s) 'example_complex' retrieved from /home/airflow/.local/lib/python3.12/site-packages/airflow/example_dags/example_complex.py
[2026-08-04T19:54:26.276+0000] {logging_mixin.py:188} INFO - [2026-08-04T19:54:26.276+0000] {dag.py:3089} INFO - Sync 1 DAGs
[2026-08-04T19:54:26.524+0000] {logging_mixin.py:188} INFO - [2026-08-04T19:54:26.524+0000] {dag.py:3947} INFO - Setting next_dagrun for example_complex to None, run_after=None
[2026-08-04T19:54:26.650+0000] {processor.py:183} INFO - Processing /home/airflow/.local/lib/python3.12/site-packages/airflow/example_dags/example_complex.py took 1.101 seconds
[2026-08-04T19:55:08.675+0000] {processor.py:161} INFO - Started process (PID=6219) to work on /home/airflow/.local/lib/python3.12/site-packages/airflow/example_dags/example_complex.py
[2026-08-04T19:55:08.708+0000] {processor.py:830} INFO - Processing file /home/airflow/.local/lib/python3.12/site-packages/airflow/example_dags/example_complex.py for tasks to queue
[2026-08-04T19:55:08.722+0000] {logging_mixin.py:188} INFO - [2026-08-04T19:55:08.721+0000] {dagbag.py:545} INFO - Filling up the DagBag from /home/airflow/.local/lib/python3.12/site-packages/airflow/example_dags/example_complex.py
[2026-08-04T19:55:08.931+0000] {processor.py:840} INFO - DAG(s) 'example_complex' retrieved from /home/airflow/.local/lib/python3.12/site-packages/airflow/example_dags/example_complex.py
[2026-08-04T19:55:09.467+0000] {logging_mixin.py:188} INFO - [2026-08-04T19:55:09.466+0000] {dag.py:3089} INFO - Sync 1 DAGs
[2026-08-04T19:55:09.511+0000] {logging_mixin.py:188} INFO - [2026-08-04T19:55:09.510+0000] {dag.py:3947} INFO - Setting next_dagrun for example_complex to None, run_after=None
[2026-08-04T19:55:09.626+0000] {processor.py:183} INFO - Processing /home/airflow/.local/lib/python3.12/site-packages/airflow/example_dags/example_complex.py took 1.089 seconds
[2026-08-04T19:55:45.283+0000] {processor.py:161} INFO - Started process (PID=6286) to work on /home/airflow/.local/lib/python3.12/site-packages/airflow/example_dags/example_complex.py
[2026-08-04T19:55:45.287+0000] {processor.py:830} INFO - Processing file /home/airflow/.local/lib/python3.12/site-packages/airflow/example_dags/example_complex.py for tasks to queue
[2026-08-04T19:55:45.301+0000] {logging_mixin.py:188} INFO - [2026-08-04T19:55:45.300+0000] {dagbag.py:545} INFO - Filling up the DagBag from /home/airflow/.local/lib/python3.12/site-packages/airflow/example_dags/example_complex.py
[2026-08-04T19:55:45.370+0000] {processor.py:840} INFO - DAG(s) 'example_complex' retrieved from /home/airflow/.local/lib/python3.12/site-packages/airflow/example_dags/example_complex.py
[2026-08-04T19:55:45.495+0000] {logging_mixin.py:188} INFO - [2026-08-04T19:55:45.495+0000] {dag.py:3089} INFO - Sync 1 DAGs
[2026-08-04T19:55:45.649+0000] {logging_mixin.py:188} INFO - [2026-08-04T19:55:45.649+0000] {dag.py:3947} INFO - Setting next_dagrun for example_complex to None, run_after=None
[2026-08-04T19:55:45.784+0000] {processor.py:183} INFO - Processing /home/airflow/.local/lib/python3.12/site-packages/airflow/example_dags/example_complex.py took 0.520 seconds
[2026-08-04T19:56:22.459+0000] {processor.py:161} INFO - Started process (PID=6359) to work on /home/airflow/.local/lib/python3.12/site-packages/airflow/example_dags/example_complex.py
[2026-08-04T19:56:22.489+0000] {processor.py:830} INFO - Processing file /home/airflow/.local/lib/python3.12/site-packages/airflow/example_dags/example_complex.py for tasks to queue
[2026-08-04T19:56:22.527+0000] {logging_mixin.py:188} INFO - [2026-08-04T19:56:22.526+0000] {dagbag.py:545} INFO - Filling up the DagBag from /home/airflow/.local/lib/python3.12/site-packages/airflow/example_dags/example_complex.py
[2026-08-04T19:56:22.744+0000] {processor.py:840} INFO - DAG(s) 'example_complex' retrieved from /home/airflow/.local/lib/python3.12/site-packages/airflow/example_dags/example_complex.py
[2026-08-04T19:56:23.147+0000] {logging_mixin.py:188} INFO - [2026-08-04T19:56:23.147+0000] {dag.py:3089} INFO - Sync 1 DAGs
[2026-08-04T19:56:23.394+0000] {logging_mixin.py:188} INFO - [2026-08-04T19:56:23.393+0000] {dag.py:3947} INFO - Setting next_dagrun for example_complex to None, run_after=None
[2026-08-04T19:56:23.455+0000] {processor.py:183} INFO - Processing /home/airflow/.local/lib/python3.12/site-packages/airflow/example_dags/example_complex.py took 1.061 seconds
[2026-08-04T19:56:55.554+0000] {processor.py:161} INFO - Started process (PID=6431) to work on /home/airflow/.local/lib/python3.12/site-packages/airflow/example_dags/example_complex.py
[2026-08-04T19:56:55.558+0000] {processor.py:830} INFO - Processing file /home/airflow/.local/lib/python3.12/site-packages/airflow/example_dags/example_complex.py for tasks to queue
[2026-08-04T19:56:55.562+0000] {logging_mixin.py:188} INFO - [2026-08-04T19:56:55.561+0000] {dagbag.py:545} INFO - Filling up the DagBag from /home/airflow/.local/lib/python3.12/site-packages/airflow/example_dags/example_complex.py
[2026-08-04T19:56:55.594+0000] {processor.py:840} INFO - DAG(s) 'example_complex' retrieved from /home/airflow/.local/lib/python3.12/site-packages/airflow/example_dags/example_complex.py
[2026-08-04T19:56:55.680+0000] {logging_mixin.py:188} INFO - [2026-08-04T19:56:55.680+0000] {dag.py:3089} INFO - Sync 1 DAGs
[2026-08-04T19:56:55.727+0000] {logging_mixin.py:188} INFO - [2026-08-04T19:56:55.726+0000] {dag.py:3947} INFO - Setting next_dagrun for example_complex to None, run_after=None
[2026-08-04T19:56:55.809+0000] {processor.py:183} INFO - Processing /home/airflow/.local/lib/python3.12/site-packages/airflow/example_dags/example_complex.py took 0.273 seconds
[2026-08-04T19:57:32.344+0000] {processor.py:161} INFO - Started process (PID=6504) to work on /home/airflow/.local/lib/python3.12/site-packages/airflow/example_dags/example_complex.py
[2026-08-04T19:57:32.348+0000] {processor.py:830} INFO - Processing file /home/airflow/.local/lib/python3.12/site-packages/airflow/example_dags/example_complex.py for tasks to queue
[2026-08-04T19:57:32.353+0000] {logging_mixin.py:188} INFO - [2026-08-04T19:57:32.352+0000] {dagbag.py:545} INFO - Filling up the DagBag from /home/airflow/.local/lib/python3.12/site-packages/airflow/example_dags/example_complex.py
[2026-08-04T19:57:32.418+0000] {processor.py:840} INFO - DAG(s) 'example_complex' retrieved from /home/airflow/.local/lib/python3.12/site-packages/airflow/example_dags/example_complex.py
[2026-08-04T19:57:32.712+0000] {logging_mixin.py:188} INFO - [2026-08-04T19:57:32.711+0000] {dag.py:3089} INFO - Sync 1 DAGs
[2026-08-04T19:57:32.766+0000] {logging_mixin.py:188} INFO - [2026-08-04T19:57:32.765+0000] {dag.py:3947} INFO - Setting next_dagrun for example_complex to None, run_after=None
[2026-08-04T19:57:32.837+0000] {processor.py:183} INFO - Processing /home/airflow/.local/lib/python3.12/site-packages/airflow/example_dags/example_complex.py took 0.537 seconds
[2026-08-04T19:58:08.672+0000] {processor.py:161} INFO - Started process (PID=6569) to work on /home/airflow/.local/lib/python3.12/site-packages/airflow/example_dags/example_complex.py
[2026-08-04T19:58:08.680+0000] {processor.py:830} INFO - Processing file /home/airflow/.local/lib/python3.12/site-packages/airflow/example_dags/example_complex.py for tasks to queue
[2026-08-04T19:58:08.701+0000] {logging_mixin.py:188} INFO - [2026-08-04T19:58:08.697+0000] {dagbag.py:545} INFO - Filling up the DagBag from /home/airflow/.local/lib/python3.12/site-packages/airflow/example_dags/example_complex.py
[2026-08-04T19:58:08.861+0000] {processor.py:840} INFO - DAG(s) 'example_complex' retrieved from /home/airflow/.local/lib/python3.12/site-packages/airflow/example_dags/example_complex.py
[2026-08-04T19:58:09.117+0000] {logging_mixin.py:188} INFO - [2026-08-04T19:58:09.116+0000] {dag.py:3089} INFO - Sync 1 DAGs
[2026-08-04T19:58:09.241+0000] {logging_mixin.py:188} INFO - [2026-08-04T19:58:09.240+0000] {dag.py:3947} INFO - Setting next_dagrun for example_complex to None, run_after=None
[2026-08-04T19:58:09.466+0000] {processor.py:183} INFO - Processing /home/airflow/.local/lib/python3.12/site-packages/airflow/example_dags/example_complex.py took 1.139 seconds
[2026-08-04T19:58:45.447+0000] {processor.py:161} INFO - Started process (PID=6643) to work on /home/airflow/.local/lib/python3.12/site-packages/airflow/example_dags/example_complex.py
[2026-08-04T19:58:45.465+0000] {processor.py:830} INFO - Processing file /home/airflow/.local/lib/python3.12/site-packages/airflow/example_dags/example_complex.py for tasks to queue
[2026-08-04T19:58:45.486+0000] {logging_mixin.py:188} INFO - [2026-08-04T19:58:45.471+0000] {dagbag.py:545} INFO - Filling up the DagBag from /home/airflow/.local/lib/python3.12/site-packages/airflow/example_dags/example_complex.py
[2026-08-04T19:58:45.541+0000] {processor.py:840} INFO - DAG(s) 'example_complex' retrieved from /home/airflow/.local/lib/python3.12/site-packages/airflow/example_dags/example_complex.py
[2026-08-04T19:58:45.953+0000] {logging_mixin.py:188} INFO - [2026-08-04T19:58:45.952+0000] {dag.py:3089} INFO - Sync 1 DAGs
[2026-08-04T19:58:46.007+0000] {logging_mixin.py:188} INFO - [2026-08-04T19:58:46.006+0000] {dag.py:3947} INFO - Setting next_dagrun for example_complex to None, run_after=None
[2026-08-04T19:58:46.259+0000] {processor.py:183} INFO - Processing /home/airflow/.local/lib/python3.12/site-packages/airflow/example_dags/example_complex.py took 1.004 seconds
[2026-08-04T19:59:21.009+0000] {processor.py:161} INFO - Started process (PID=6716) to work on /home/airflow/.local/lib/python3.12/site-packages/airflow/example_dags/example_complex.py
[2026-08-04T19:59:21.023+0000] {processor.py:830} INFO - Processing file /home/airflow/.local/lib/python3.12/site-packages/airflow/example_dags/example_complex.py for tasks to queue
[2026-08-04T19:59:21.039+0000] {logging_mixin.py:188} INFO - [2026-08-04T19:59:21.034+0000] {dagbag.py:545} INFO - Filling up the DagBag from /home/airflow/.local/lib/python3.12/site-packages/airflow/example_dags/example_complex.py
[2026-08-04T19:59:21.156+0000] {processor.py:840} INFO - DAG(s) 'example_complex' retrieved from /home/airflow/.local/lib/python3.12/site-packages/airflow/example_dags/example_complex.py
[2026-08-04T19:59:21.314+0000] {logging_mixin.py:188} INFO - [2026-08-04T19:59:21.313+0000] {dag.py:3089} INFO - Sync 1 DAGs
[2026-08-04T19:59:21.366+0000] {logging_mixin.py:188} INFO - [2026-08-04T19:59:21.366+0000] {dag.py:3947} INFO - Setting next_dagrun for example_complex to None, run_after=None
[2026-08-04T19:59:21.446+0000] {processor.py:183} INFO - Processing /home/airflow/.local/lib/python3.12/site-packages/airflow/example_dags/example_complex.py took 0.508 seconds
[2026-08-04T19:59:54.583+0000] {processor.py:161} INFO - Started process (PID=6790) to work on /home/airflow/.local/lib/python3.12/site-packages/airflow/example_dags/example_complex.py
[2026-08-04T19:59:54.586+0000] {processor.py:830} INFO - Processing file /home/airflow/.local/lib/python3.12/site-packages/airflow/example_dags/example_complex.py for tasks to queue
[2026-08-04T19:59:54.590+0000] {logging_mixin.py:188} INFO - [2026-08-04T19:59:54.589+0000] {dagbag.py:545} INFO - Filling up the DagBag from /home/airflow/.local/lib/python3.12/site-packages/airflow/example_dags/example_complex.py
[2026-08-04T19:59:54.647+0000] {processor.py:840} INFO - DAG(s) 'example_complex' retrieved from /home/airflow/.local/lib/python3.12/site-packages/airflow/example_dags/example_complex.py
[2026-08-04T19:59:54.829+0000] {logging_mixin.py:188} INFO - [2026-08-04T19:59:54.829+0000] {dag.py:3089} INFO - Sync 1 DAGs
[2026-08-04T19:59:54.907+0000] {logging_mixin.py:188} INFO - [2026-08-04T19:59:54.907+0000] {dag.py:3947} INFO - Setting next_dagrun for example_complex to None, run_after=None
[2026-08-04T19:59:55.000+0000] {processor.py:183} INFO - Processing /home/airflow/.local/lib/python3.12/site-packages/airflow/example_dags/example_complex.py took 0.448 seconds
[2026-08-04T20:00:32.768+0000] {processor.py:161} INFO - Started process (PID=6863) to work on /home/airflow/.local/lib/python3.12/site-packages/airflow/example_dags/example_complex.py
[2026-08-04T20:00:32.772+0000] {processor.py:830} INFO - Processing file /home/airflow/.local/lib/python3.12/site-packages/airflow/example_dags/example_complex.py for tasks to queue
[2026-08-04T20:00:32.776+0000] {logging_mixin.py:188} INFO - [2026-08-04T20:00:32.775+0000] {dagbag.py:545} INFO - Filling up the DagBag from /home/airflow/.local/lib/python3.12/site-packages/airflow/example_dags/example_complex.py
[2026-08-04T20:00:32.830+0000] {processor.py:840} INFO - DAG(s) 'example_complex' retrieved from /home/airflow/.local/lib/python3.12/site-packages/airflow/example_dags/example_complex.py
[2026-08-04T20:00:32.948+0000] {logging_mixin.py:188} INFO - [2026-08-04T20:00:32.948+0000] {dag.py:3089} INFO - Sync 1 DAGs
[2026-08-04T20:00:32.995+0000] {logging_mixin.py:188} INFO - [2026-08-04T20:00:32.995+0000] {dag.py:3947} INFO - Setting next_dagrun for example_complex to None, run_after=None
[2026-08-04T20:00:33.165+0000] {processor.py:183} INFO - Processing /home/airflow/.local/lib/python3.12/site-packages/airflow/example_dags/example_complex.py took 0.439 seconds
[2026-08-04T20:01:10.204+0000] {processor.py:161} INFO - Started process (PID=6929) to work on /home/airflow/.local/lib/python3.12/site-packages/airflow/example_dags/example_complex.py
[2026-08-04T20:01:10.217+0000] {processor.py:830} INFO - Processing file /home/airflow/.local/lib/python3.12/site-packages/airflow/example_dags/example_complex.py for tasks to queue
[2026-08-04T20:01:10.238+0000] {logging_mixin.py:188} INFO - [2026-08-04T20:01:10.235+0000] {dagbag.py:545} INFO - Filling up the DagBag from /home/airflow/.local/lib/python3.12/site-packages/airflow/example_dags/example_complex.py
[2026-08-04T20:01:10.374+0000] {processor.py:840} INFO - DAG(s) 'example_complex' retrieved from /home/airflow/.local/lib/python3.12/site-packages/airflow/example_dags/example_complex.py
[2026-08-04T20:01:10.615+0000] {logging_mixin.py:188} INFO - [2026-08-04T20:01:10.614+0000] {dag.py:3089} INFO - Sync 1 DAGs
[2026-08-04T20:01:10.728+0000] {logging_mixin.py:188} INFO - [2026-08-04T20:01:10.727+0000] {dag.py:3947} INFO - Setting next_dagrun for example_complex to None, run_after=None
[2026-08-04T20:01:10.877+0000] {processor.py:183} INFO - Processing /home/airflow/.local/lib/python3.12/site-packages/airflow/example_dags/example_complex.py took 0.758 seconds
[2026-08-04T20:01:48.069+0000] {processor.py:161} INFO - Started process (PID=7000) to work on /home/airflow/.local/lib/python3.12/site-packages/airflow/example_dags/example_complex.py
[2026-08-04T20:01:48.102+0000] {processor.py:830} INFO - Processing file /home/airflow/.local/lib/python3.12/site-packages/airflow/example_dags/example_complex.py for tasks to queue
[2026-08-04T20:01:48.147+0000] {logging_mixin.py:188} INFO - [2026-08-04T20:01:48.146+0000] {dagbag.py:545} INFO - Filling up the DagBag from /home/airflow/.local/lib/python3.12/site-packages/airflow/example_dags/example_complex.py
[2026-08-04T20:01:48.397+0000] {processor.py:840} INFO - DAG(s) 'example_complex' retrieved from /home/airflow/.local/lib/python3.12/site-packages/airflow/example_dags/example_complex.py
[2026-08-04T20:01:48.913+0000] {logging_mixin.py:188} INFO - [2026-08-04T20:01:48.912+0000] {dag.py:3089} INFO - Sync 1 DAGs
[2026-08-04T20:01:49.553+0000] {logging_mixin.py:188} INFO - [2026-08-04T20:01:49.552+0000] {dag.py:3947} INFO - Setting next_dagrun for example_complex to None, run_after=None
[2026-08-04T20:01:49.995+0000] {processor.py:183} INFO - Processing /home/airflow/.local/lib/python3.12/site-packages/airflow/example_dags/example_complex.py took 1.967 seconds
[2026-08-04T20:06:16.369+0000] {processor.py:161} INFO - Started process (PID=82) to work on /home/airflow/.local/lib/python3.12/site-packages/airflow/example_dags/example_complex.py
[2026-08-04T20:06:16.378+0000] {processor.py:830} INFO - Processing file /home/airflow/.local/lib/python3.12/site-packages/airflow/example_dags/example_complex.py for tasks to queue
[2026-08-04T20:06:16.406+0000] {logging_mixin.py:188} INFO - [2026-08-04T20:06:16.402+0000] {dagbag.py:545} INFO - Filling up the DagBag from /home/airflow/.local/lib/python3.12/site-packages/airflow/example_dags/example_complex.py
[2026-08-04T20:06:16.725+0000] {processor.py:840} INFO - DAG(s) 'example_complex' retrieved from /home/airflow/.local/lib/python3.12/site-packages/airflow/example_dags/example_complex.py
[2026-08-04T20:06:18.013+0000] {logging_mixin.py:188} INFO - [2026-08-04T20:06:18.013+0000] {dag.py:3089} INFO - Sync 1 DAGs
[2026-08-04T20:06:18.100+0000] {logging_mixin.py:188} INFO - [2026-08-04T20:06:18.099+0000] {dag.py:3947} INFO - Setting next_dagrun for example_complex to None, run_after=None
[2026-08-04T20:06:18.203+0000] {processor.py:183} INFO - Processing /home/airflow/.local/lib/python3.12/site-packages/airflow/example_dags/example_complex.py took 1.866 seconds
[2026-08-04T20:06:48.919+0000] {processor.py:161} INFO - Started process (PID=155) to work on /home/airflow/.local/lib/python3.12/site-packages/airflow/example_dags/example_complex.py
[2026-08-04T20:06:48.943+0000] {processor.py:830} INFO - Processing file /home/airflow/.local/lib/python3.12/site-packages/airflow/example_dags/example_complex.py for tasks to queue
[2026-08-04T20:06:48.982+0000] {logging_mixin.py:188} INFO - [2026-08-04T20:06:48.970+0000] {dagbag.py:545} INFO - Filling up the DagBag from /home/airflow/.local/lib/python3.12/site-packages/airflow/example_dags/example_complex.py
[2026-08-04T20:06:49.083+0000] {processor.py:840} INFO - DAG(s) 'example_complex' retrieved from /home/airflow/.local/lib/python3.12/site-packages/airflow/example_dags/example_complex.py
[2026-08-04T20:06:49.457+0000] {logging_mixin.py:188} INFO - [2026-08-04T20:06:49.454+0000] {dag.py:3089} INFO - Sync 1 DAGs
[2026-08-04T20:06:49.549+0000] {logging_mixin.py:188} INFO - [2026-08-04T20:06:49.548+0000] {dag.py:3947} INFO - Setting next_dagrun for example_complex to None, run_after=None
[2026-08-04T20:06:49.665+0000] {processor.py:183} INFO - Processing /home/airflow/.local/lib/python3.12/site-packages/airflow/example_dags/example_complex.py took 0.870 seconds
[2026-08-04T20:07:20.952+0000] {processor.py:161} INFO - Started process (PID=221) to work on /home/airflow/.local/lib/python3.12/site-packages/airflow/example_dags/example_complex.py
[2026-08-04T20:07:20.955+0000] {processor.py:830} INFO - Processing file /home/airflow/.local/lib/python3.12/site-packages/airflow/example_dags/example_complex.py for tasks to queue
[2026-08-04T20:07:20.962+0000] {logging_mixin.py:188} INFO - [2026-08-04T20:07:20.961+0000] {dagbag.py:545} INFO - Filling up the DagBag from /home/airflow/.local/lib/python3.12/site-packages/airflow/example_dags/example_complex.py
[2026-08-04T20:07:21.013+0000] {processor.py:840} INFO - DAG(s) 'example_complex' retrieved from /home/airflow/.local/lib/python3.12/site-packages/airflow/example_dags/example_complex.py
[2026-08-04T20:07:21.094+0000] {logging_mixin.py:188} INFO - [2026-08-04T20:07:21.094+0000] {dag.py:3089} INFO - Sync 1 DAGs
[2026-08-04T20:07:21.129+0000] {logging_mixin.py:188} INFO - [2026-08-04T20:07:21.128+0000] {dag.py:3947} INFO - Setting next_dagrun for example_complex to None, run_after=None
[2026-08-04T20:07:21.184+0000] {processor.py:183} INFO - Processing /home/airflow/.local/lib/python3.12/site-packages/airflow/example_dags/example_complex.py took 0.260 seconds
[2026-08-04T20:07:54.578+0000] {processor.py:161} INFO - Started process (PID=294) to work on /home/airflow/.local/lib/python3.12/site-packages/airflow/example_dags/example_complex.py
[2026-08-04T20:07:54.580+0000] {processor.py:830} INFO - Processing file /home/airflow/.local/lib/python3.12/site-packages/airflow/example_dags/example_complex.py for tasks to queue
[2026-08-04T20:07:54.586+0000] {logging_mixin.py:188} INFO - [2026-08-04T20:07:54.585+0000] {dagbag.py:545} INFO - Filling up the DagBag from /home/airflow/.local/lib/python3.12/site-packages/airflow/example_dags/example_complex.py
[2026-08-04T20:07:54.617+0000] {processor.py:840} INFO - DAG(s) 'example_complex' retrieved from /home/airflow/.local/lib/python3.12/site-packages/airflow/example_dags/example_complex.py
[2026-08-04T20:07:54.714+0000] {logging_mixin.py:188} INFO - [2026-08-04T20:07:54.713+0000] {dag.py:3089} INFO - Sync 1 DAGs
[2026-08-04T20:07:54.744+0000] {logging_mixin.py:188} INFO - [2026-08-04T20:07:54.744+0000] {dag.py:3947} INFO - Setting next_dagrun for example_complex to None, run_after=None
[2026-08-04T20:07:54.794+0000] {processor.py:183} INFO - Processing /home/airflow/.local/lib/python3.12/site-packages/airflow/example_dags/example_complex.py took 0.229 seconds
[2026-08-04T20:08:29.062+0000] {processor.py:161} INFO - Started process (PID=366) to work on /home/airflow/.local/lib/python3.12/site-packages/airflow/example_dags/example_complex.py
[2026-08-04T20:08:29.068+0000] {processor.py:830} INFO - Processing file /home/airflow/.local/lib/python3.12/site-packages/airflow/example_dags/example_complex.py for tasks to queue
[2026-08-04T20:08:29.075+0000] {logging_mixin.py:188} INFO - [2026-08-04T20:08:29.074+0000] {dagbag.py:545} INFO - Filling up the DagBag from /home/airflow/.local/lib/python3.12/site-packages/airflow/example_dags/example_complex.py
[2026-08-04T20:08:29.116+0000] {processor.py:840} INFO - DAG(s) 'example_complex' retrieved from /home/airflow/.local/lib/python3.12/site-packages/airflow/example_dags/example_complex.py
[2026-08-04T20:08:29.365+0000] {logging_mixin.py:188} INFO - [2026-08-04T20:08:29.364+0000] {dag.py:3089} INFO - Sync 1 DAGs
[2026-08-04T20:08:29.451+0000] {logging_mixin.py:188} INFO - [2026-08-04T20:08:29.450+0000] {dag.py:3947} INFO - Setting next_dagrun for example_complex to None, run_after=None
[2026-08-04T20:08:29.556+0000] {processor.py:183} INFO - Processing /home/airflow/.local/lib/python3.12/site-packages/airflow/example_dags/example_complex.py took 0.542 seconds
